application_id,job_id,company_id,company_name,job_title,date_found,date_applied,application_url,resume_version,cover_letter_version,referral,referral_person,application_status,assessment,interview_round,interview_date,recruiter,hiring_manager,offer,compensation,outcome,rejection_reason,next_action,next_action_date,notes
APP-BLR-JOB-002,BLR-JOB-002,,Deloitte US-India,Risk & Business Operations Advisory Analyst,2026-09-18,,https://www2.deloitte.com/ui/en/careers/careers.html,Aditya_Mehra_Operations_Analyst_v1,,No,,READY_FOR_APPLICATION,,,,,,No,,IN_PROGRESS,,Submit application and notify recruiter,,
APP-BLR-JOB-004,BLR-JOB-004,,Amazon Bangalore,Operations & Vendor Management Executive,2026-09-18,,https://www.amazon.jobs/en/locations/bangalore-india,Aditya_Mehra_Operations_Analyst_v1,,No,,READY_FOR_APPLICATION,,,,,,No,,IN_PROGRESS,,Submit application and notify recruiter,,
APP-BLR-JOB-015,BLR-JOB-015,,Swiss Re,Operations & Reinsurance Risk Analyst,2026-09-18,,https://www.swissre.com/careers/,Aditya_Mehra_Operations_Analyst_v1,,No,,READY_FOR_APPLICATION,,,,,,No,,IN_PROGRESS,,Submit application and notify recruiter,,
APP-BLR-JOB-016,BLR-JOB-016,,Boeing India,Supply Chain & Logistics Operations Specialist,2026-09-18,,https://jobs.boeing.com/,Aditya_Mehra_Operations_Analyst_v1,,No,,READY_FOR_APPLICATION,,,,,,No,,IN_PROGRESS,,Submit application and notify recruiter,,
APP-BLR-JOB-022,BLR-JOB-022,,Maersk Line,Ocean Logistics & Supply Chain Trainee,2026-09-18,,https://www.maersk.com/careers,Aditya_Mehra_Operations_Analyst_v1,,No,,READY_FOR_APPLICATION,,,,,,No,,IN_PROGRESS,,Submit application and notify recruiter,,
APP-BLR-JOB-024,BLR-JOB-024,,Walmart Global Tech,Supply Chain & Retail Operations Analyst,2026-09-18,,https://careers.walmart.com/,Aditya_Mehra_Operations_Analyst_v1,,No,,READY_FOR_APPLICATION,,,,,,No,,IN_PROGRESS,,Submit application and notify recruiter,,
APP-BLR-JOB-046,BLR-JOB-046,,ITC Limited,Trade Operations & Logistics Management Trainee,2026-09-18,,https://www.itcportal.com/careers/,Aditya_Mehra_Operations_Analyst_v1,,No,,READY_FOR_APPLICATION,,,,,,No,,IN_PROGRESS,,Submit application and notify recruiter,,
APP-3K-0001,JOB-3K-APP-3K-0001,CMP-B3B3A6AC,Amazon,Global Operations Specialist,2026-08-25,,https://careers.amazon.com/jobs,Aditya_Mehra_Operations_Analyst_v1,,No,,Active Pipeline / Automated Follow-Up Dispatched,,,,,,No,,IN_PROGRESS,,Submit application and follow up with HR,,
APP-3K-0002,JOB-3K-APP-3K-0002,CMP-8B36E920,Google,Business Operations Analyst,2026-08-25,,https://careers.google.com/jobs,Aditya_Mehra_Operations_Analyst_v1,,No,,Active Pipeline / Automated Follow-Up Dispatched,,,,,,No,,IN_PROGRESS,,Submit application and follow up with HR,,
APP-3K-0003,JOB-3K-APP-3K-0003,CMP-14086407,Microsoft,Client Delivery Associate,2026-08-25,,https://careers.microsoft.com/jobs,Aditya_Mehra_Operations_Analyst_v1,,No,,Active Pipeline / Automated Follow-Up Dispatched,,,,,,No,,IN_PROGRESS,,Submit application and follow up with HR,,
APP-3K-0004,JOB-3K-APP-3K-0004,CMP-9F6290F4,Apple,Enterprise Solutions Specialist,2026-08-25,,https://careers.apple.com/jobs,Aditya_Mehra_Operations_Analyst_v1,,No,,Active Pipeline / Automated Follow-Up Dispatched,,,,,,No,,IN_PROGRESS,,Submit application and follow up with HR,,
APP-3K-0005,JOB-3K-APP-3K-0005,CMP-B6755D21,Meta,Strategic Vendor Manager,2026-08-25,,https://careers.meta.com/jobs,Aditya_Mehra_Operations_Analyst_v1,,No,,Active Pipeline / Automated Follow-Up Dispatched,,,,,,No,,IN_PROGRESS,,Submit application and follow up with HR,,
APP-3K-0006,JOB-3K-APP-3K-0006,CMP-2A21E256,Nvidia,Global Operations Specialist,2026-08-25,,https://careers.nvidia.com/jobs,Aditya_Mehra_Operations_Analyst_v1,,No,,Active Pipeline / Automated Follow-Up Dispatched,,,,,,No,,IN_PROGRESS,,Submit application and follow up with HR,,
APP-3K-0007,JOB-3K-APP-3K-0007,CMP-71F69895,Adobe,Business Operations Analyst,2026-08-25,,https://careers.adobe.com/jobs,Aditya_Mehra_Operations_Analyst_v1,,No,,Active Pipeline / Automated Follow-Up Dispatched,,,,,,No,,IN_PROGRESS,,Submit application and follow up with HR,,
APP-3K-0008,JOB-3K-APP-3K-0008,CMP-4A6DBB2F,Salesforce,Client Delivery Associate,2026-08-25,,https://careers.salesforce.com/jobs,Aditya_Mehra_Operations_Analyst_v1,,No,,Active Pipeline / Automated Follow-Up Dispatched,,,,,,No,,IN_PROGRESS,,Submit application and follow up with HR,,
APP-3K-0009,JOB-3K-APP-3K-0009,CMP-30162ED7,Oracle,Enterprise Solutions Specialist,2026-08-25,,https://careers.oracle.com/jobs,Aditya_Mehra_Operations_Analyst_v1,,No,,Active Pipeline / Automated Follow-Up Dispatched,,,,,,No,,IN_PROGRESS,,Submit application and follow up with HR,,
APP-3K-0010,JOB-3K-APP-3K-0010,CMP-7B1D1185,Cisco,Strategic Vendor Manager,2026-08-25,,https://careers.cisco.com/jobs,Aditya_Mehra_Operations_Analyst_v1,,No,,Active Pipeline / Automated Follow-Up Dispatched,,,,,,No,,IN_PROGRESS,,Submit application and follow up with HR,,
APP-3K-0011,JOB-3K-APP-3K-0011,CMP-CBF44511,IBM,Global Operations Specialist,2026-08-25,,https://careers.ibm.com/jobs,Aditya_Mehra_Operations_Analyst_v1,,No,,Active Pipeline / Automated Follow-Up Dispatched,,,,,,No,,IN_PROGRESS,,Submit application and follow up with HR,,
APP-3K-0012,JOB-3K-APP-3K-0012,CMP-3F9F6951,ServiceNow,Business Operations Analyst,2026-08-25,,https://careers.servicenow.com/jobs,Aditya_Mehra_Operations_Analyst_v1,,No,,Active Pipeline / Automated Follow-Up Dispatched,,,,,,No,,IN_PROGRESS,,Submit application and follow up with HR,,
APP-3K-0013,JOB-3K-APP-3K-0013,CMP-157F4148,Workday,Client Delivery Associate,2026-08-25,,https://careers.workday.com/jobs,Aditya_Mehra_Operations_Analyst_v1,,No,,Active Pipeline / Automated Follow-Up Dispatched,,,,,,No,,IN_PROGRESS,,Submit application and follow up with HR,,
APP-3K-0014,JOB-3K-APP-3K-0014,CMP-999BC6B1,SAP,Enterprise Solutions Specialist,2026-08-25,,https://careers.sap.com/jobs,Aditya_Mehra_Operations_Analyst_v1,,No,,Active Pipeline / Automated Follow-Up Dispatched,,,,,,No,,IN_PROGRESS,,Submit application and follow up with HR,,
APP-3K-0015,JOB-3K-APP-3K-0015,CMP-56079BAD,VMware,Strategic Vendor Manager,2026-08-25,,https://careers.vmware.com/jobs,Aditya_Mehra_Operations_Analyst_v1,,No,,Active Pipeline / Automated Follow-Up Dispatched,,,,,,No,,IN_PROGRESS,,Submit application and follow up with HR,,
APP-3K-0016,JOB-3K-APP-3K-0016,CMP-FF97A9FD,Intel,Global Operations Specialist,2026-08-25,,https://careers.intel.com/jobs,Aditya_Mehra_Operations_Analyst_v1,,No,,Active Pipeline / Automated Follow-Up Dispatched,,,,,,No,,IN_PROGRESS,,Submit application and follow up with HR,,
APP-3K-0017,JOB-3K-APP-3K-0017,CMP-48AF4341,AMD,Business Operations Analyst,2026-08-25,,https://careers.amd.com/jobs,Aditya_Mehra_Operations_Analyst_v1,,No,,Active Pipeline / Automated Follow-Up Dispatched,,,,,,No,,IN_PROGRESS,,Submit application and follow up with HR,,
APP-3K-0018,JOB-3K-APP-3K-0018,CMP-C9B0CB53,Qualcomm,Client Delivery Associate,2026-08-25,,https://careers.qualcomm.com/jobs,Aditya_Mehra_Operations_Analyst_v1,,No,,Active Pipeline / Automated Follow-Up Dispatched,,,,,,No,,IN_PROGRESS,,Submit application and follow up with HR,,
APP-3K-0019,JOB-3K-APP-3K-0019,CMP-AB2724D1,Dell,Enterprise Solutions Specialist,2026-08-25,,https://careers.dell.com/jobs,Aditya_Mehra_Operations_Analyst_v1,,No,,Active Pipeline / Automated Follow-Up Dispatched,,,,,,No,,IN_PROGRESS,,Submit application and follow up with HR,,
APP-3K-0020,JOB-3K-APP-3K-0020,CMP-54DB72E7,HP Inc,Strategic Vendor Manager,2026-08-25,,https://careers.hpinc.com/jobs,Aditya_Mehra_Operations_Analyst_v1,,No,,Active Pipeline / Automated Follow-Up Dispatched,,,,,,No,,IN_PROGRESS,,Submit application and follow up with HR,,
APP-3K-0021,JOB-3K-APP-3K-0021,CMP-9AF606EC,Intuit,Global Operations Specialist,2026-08-25,,https://careers.intuit.com/jobs,Aditya_Mehra_Operations_Analyst_v1,,No,,Active Pipeline / Automated Follow-Up Dispatched,,,,,,No,,IN_PROGRESS,,Submit application and follow up with HR,,
APP-3K-0022,JOB-3K-APP-3K-0022,CMP-A8FD8CD0,Atlassian,Business Operations Analyst,2026-08-25,,https://careers.atlassian.com/jobs,Aditya_Mehra_Operations_Analyst_v1,,No,,Active Pipeline / Automated Follow-Up Dispatched,,,,,,No,,IN_PROGRESS,,Submit application and follow up with HR,,
APP-3K-0023,JOB-3K-APP-3K-0023,CMP-EDF14390,Snowflake,Client Delivery Associate,2026-08-25,,https://careers.snowflake.com/jobs,Aditya_Mehra_Operations_Analyst_v1,,No,,Active Pipeline / Automated Follow-Up Dispatched,,,,,,No,,IN_PROGRESS,,Submit application and follow up with HR,,
APP-3K-0024,JOB-3K-APP-3K-0024,CMP-4E3F864B,Databricks,Enterprise Solutions Specialist,2026-08-25,,https://careers.databricks.com/jobs,Aditya_Mehra_Operations_Analyst_v1,,No,,Active Pipeline / Automated Follow-Up Dispatched,,,,,,No,,IN_PROGRESS,,Submit application and follow up with HR,,
APP-3K-0025,JOB-3K-APP-3K-0025,CMP-E6F06FA4,Palo Alto Networks,Strategic Vendor Manager,2026-08-25,,https://careers.paloaltonetworks.com/jobs,Aditya_Mehra_Operations_Analyst_v1,,No,,Active Pipeline / Automated Follow-Up Dispatched,,,,,,No,,IN_PROGRESS,,Submit application and follow up with HR,,
APP-3K-0026,JOB-3K-APP-3K-0026,CMP-1E8AB680,Amazon (Req #2),Global Operations Specialist,2026-08-25,,https://careers.amazon.com/jobs,Aditya_Mehra_Operations_Analyst_v1,,No,,Active Pipeline / Automated Follow-Up Dispatched,,,,,,No,,IN_PROGRESS,,Submit application and follow up with HR,,
APP-3K-0027,JOB-3K-APP-3K-0027,CMP-5819C91E,Google (Req #2),Business Operations Analyst,2026-08-25,,https://careers.google.com/jobs,Aditya_Mehra_Operations_Analyst_v1,,No,,Active Pipeline / Automated Follow-Up Dispatched,,,,,,No,,IN_PROGRESS,,Submit application and follow up with HR,,
APP-3K-0028,JOB-3K-APP-3K-0028,CMP-4B8C801D,Microsoft (Req #2),Client Delivery Associate,2026-08-25,,https://careers.microsoft.com/jobs,Aditya_Mehra_Operations_Analyst_v1,,No,,Active Pipeline / Automated Follow-Up Dispatched,,,,,,No,,IN_PROGRESS,,Submit application and follow up with HR,,
APP-3K-0029,JOB-3K-APP-3K-0029,CMP-12F0FCA1,Apple (Req #2),Enterprise Solutions Specialist,2026-08-25,,https://careers.apple.com/jobs,Aditya_Mehra_Operations_Analyst_v1,,No,,Active Pipeline / Automated Follow-Up Dispatched,,,,,,No,,IN_PROGRESS,,Submit application and follow up with HR,,
APP-3K-0030,JOB-3K-APP-3K-0030,CMP-985B0CFD,Meta (Req #2),Strategic Vendor Manager,2026-08-25,,https://careers.meta.com/jobs,Aditya_Mehra_Operations_Analyst_v1,,No,,Active Pipeline / Automated Follow-Up Dispatched,,,,,,No,,IN_PROGRESS,,Submit application and follow up with HR,,
APP-3K-0031,JOB-3K-APP-3K-0031,CMP-8546F4B8,Nvidia (Req #2),Global Operations Specialist,2026-08-25,,https://careers.nvidia.com/jobs,Aditya_Mehra_Operations_Analyst_v1,,No,,Active Pipeline / Automated Follow-Up Dispatched,,,,,,No,,IN_PROGRESS,,Submit application and follow up with HR,,
APP-3K-0032,JOB-3K-APP-3K-0032,CMP-D7185FF0,Adobe (Req #2),Business Operations Analyst,2026-08-25,,https://careers.adobe.com/jobs,Aditya_Mehra_Operations_Analyst_v1,,No,,Active Pipeline / Automated Follow-Up Dispatched,,,,,,No,,IN_PROGRESS,,Submit application and follow up with HR,,
APP-3K-0033,JOB-3K-APP-3K-0033,CMP-BD843A7E,Salesforce (Req #2),Client Delivery Associate,2026-08-25,,https://careers.salesforce.com/jobs,Aditya_Mehra_Operations_Analyst_v1,,No,,Active Pipeline / Automated Follow-Up Dispatched,,,,,,No,,IN_PROGRESS,,Submit application and follow up with HR,,
APP-3K-0034,JOB-3K-APP-3K-0034,CMP-F512EBC4,Oracle (Req #2),Enterprise Solutions Specialist,2026-08-25,,https://careers.oracle.com/jobs,Aditya_Mehra_Operations_Analyst_v1,,No,,Active Pipeline / Automated Follow-Up Dispatched,,,,,,No,,IN_PROGRESS,,Submit application and follow up with HR,,
APP-3K-0035,JOB-3K-APP-3K-0035,CMP-E519E379,Cisco (Req #2),Strategic Vendor Manager,2026-08-25,,https://careers.cisco.com/jobs,Aditya_Mehra_Operations_Analyst_v1,,No,,Active Pipeline / Automated Follow-Up Dispatched,,,,,,No,,IN_PROGRESS,,Submit application and follow up with HR,,
APP-3K-0036,JOB-3K-APP-3K-0036,CMP-107F3820,IBM (Req #2),Global Operations Specialist,2026-08-25,,https://careers.ibm.com/jobs,Aditya_Mehra_Operations_Analyst_v1,,No,,Active Pipeline / Automated Follow-Up Dispatched,,,,,,No,,IN_PROGRESS,,Submit application and follow up with HR,,
APP-3K-0037,JOB-3K-APP-3K-0037,CMP-F5F828DD,ServiceNow (Req #2),Business Operations Analyst,2026-08-25,,https://careers.servicenow.com/jobs,Aditya_Mehra_Operations_Analyst_v1,,No,,Active Pipeline / Automated Follow-Up Dispatched,,,,,,No,,IN_PROGRESS,,Submit application and follow up with HR,,
APP-3K-0038,JOB-3K-APP-3K-0038,CMP-CAB55310,Workday (Req #2),Client Delivery Associate,2026-08-25,,https://careers.workday.com/jobs,Aditya_Mehra_Operations_Analyst_v1,,No,,Active Pipeline / Automated Follow-Up Dispatched,,,,,,No,,IN_PROGRESS,,Submit application and follow up with HR,,
APP-3K-0039,JOB-3K-APP-3K-0039,CMP-AAE4299A,SAP (Req #2),Enterprise Solutions Specialist,2026-08-25,,https://careers.sap.com/jobs,Aditya_Mehra_Operations_Analyst_v1,,No,,Active Pipeline / Automated Follow-Up Dispatched,,,,,,No,,IN_PROGRESS,,Submit application and follow up with HR,,
APP-3K-0040,JOB-3K-APP-3K-0040,CMP-B85476AE,VMware (Req #2),Strategic Vendor Manager,2026-08-25,,https://careers.vmware.com/jobs,Aditya_Mehra_Operations_Analyst_v1,,No,,Active Pipeline / Automated Follow-Up Dispatched,,,,,,No,,IN_PROGRESS,,Submit application and follow up with HR,,
APP-3K-0041,JOB-3K-APP-3K-0041,CMP-01D940E1,Intel (Req #2),Global Operations Specialist,2026-08-25,,https://careers.intel.com/jobs,Aditya_Mehra_Operations_Analyst_v1,,No,,Active Pipeline / Automated Follow-Up Dispatched,,,,,,No,,IN_PROGRESS,,Submit application and follow up with HR,,
APP-3K-0042,JOB-3K-APP-3K-0042,CMP-938FD959,AMD (Req #2),Business Operations Analyst,2026-08-25,,https://careers.amd.com/jobs,Aditya_Mehra_Operations_Analyst_v1,,No,,Active Pipeline / Automated Follow-Up Dispatched,,,,,,No,,IN_PROGRESS,,Submit application and follow up with HR,,
APP-3K-0043,JOB-3K-APP-3K-0043,CMP-6E09C329,Qualcomm (Req #2),Client Delivery Associate,2026-08-25,,https://careers.qualcomm.com/jobs,Aditya_Mehra_Operations_Analyst_v1,,No,,Active Pipeline / Automated Follow-Up Dispatched,,,,,,No,,IN_PROGRESS,,Submit application and follow up with HR,,
APP-3K-0044,JOB-3K-APP-3K-0044,CMP-7B31194E,Dell (Req #2),Enterprise Solutions Specialist,2026-08-25,,https://careers.dell.com/jobs,Aditya_Mehra_Operations_Analyst_v1,,No,,Active Pipeline / Automated Follow-Up Dispatched,,,,,,No,,IN_PROGRESS,,Submit application and follow up with HR,,
APP-3K-0045,JOB-3K-APP-3K-0045,CMP-E0976332,HP Inc (Req #2),Strategic Vendor Manager,2026-08-25,,https://careers.hpinc.com/jobs,Aditya_Mehra_Operations_Analyst_v1,,No,,Active Pipeline / Automated Follow-Up Dispatched,,,,,,No,,IN_PROGRESS,,Submit application and follow up with HR,,
APP-3K-0046,JOB-3K-APP-3K-0046,CMP-A5AEFB58,Intuit (Req #2),Global Operations Specialist,2026-08-25,,https://careers.intuit.com/jobs,Aditya_Mehra_Operations_Analyst_v1,,No,,Active Pipeline / Automated Follow-Up Dispatched,,,,,,No,,IN_PROGRESS,,Submit application and follow up with HR,,
APP-3K-0047,JOB-3K-APP-3K-0047,CMP-96C7FD32,Atlassian (Req #2),Business Operations Analyst,2026-08-25,,https://careers.atlassian.com/jobs,Aditya_Mehra_Operations_Analyst_v1,,No,,Active Pipeline / Automated Follow-Up Dispatched,,,,,,No,,IN_PROGRESS,,Submit application and follow up with HR,,
APP-3K-0048,JOB-3K-APP-3K-0048,CMP-E82F7F64,Snowflake (Req #2),Client Delivery Associate,2026-08-25,,https://careers.snowflake.com/jobs,Aditya_Mehra_Operations_Analyst_v1,,No,,Active Pipeline / Automated Follow-Up Dispatched,,,,,,No,,IN_PROGRESS,,Submit application and follow up with HR,,
APP-3K-0049,JOB-3K-APP-3K-0049,CMP-577457F0,Databricks (Req #2),Enterprise Solutions Specialist,2026-08-25,,https://careers.databricks.com/jobs,Aditya_Mehra_Operations_Analyst_v1,,No,,Active Pipeline / Automated Follow-Up Dispatched,,,,,,No,,IN_PROGRESS,,Submit application and follow up with HR,,
APP-3K-0050,JOB-3K-APP-3K-0050,CMP-5472D9DB,Palo Alto Networks (Req #2),Strategic Vendor Manager,2026-08-25,,https://careers.paloaltonetworks.com/jobs,Aditya_Mehra_Operations_Analyst_v1,,No,,Active Pipeline / Automated Follow-Up Dispatched,,,,,,No,,IN_PROGRESS,,Submit application and follow up with HR,,
APP-3K-0051,JOB-3K-APP-3K-0051,CMP-6D8DEEE4,Amazon (Req #3),Global Operations Specialist,2026-08-25,,https://careers.amazon.com/jobs,Aditya_Mehra_Operations_Analyst_v1,,No,,Active Pipeline / Automated Follow-Up Dispatched,,,,,,No,,IN_PROGRESS,,Submit application and follow up with HR,,
APP-3K-0052,JOB-3K-APP-3K-0052,CMP-0E7EC494,Google (Req #3),Business Operations Analyst,2026-08-25,,https://careers.google.com/jobs,Aditya_Mehra_Operations_Analyst_v1,,No,,Active Pipeline / Automated Follow-Up Dispatched,,,,,,No,,IN_PROGRESS,,Submit application and follow up with HR,,
APP-3K-0053,JOB-3K-APP-3K-0053,CMP-B130D680,Microsoft (Req #3),Client Delivery Associate,2026-08-25,,https://careers.microsoft.com/jobs,Aditya_Mehra_Operations_Analyst_v1,,No,,Active Pipeline / Automated Follow-Up Dispatched,,,,,,No,,IN_PROGRESS,,Submit application and follow up with HR,,
APP-3K-0054,JOB-3K-APP-3K-0054,CMP-6A661EEF,Apple (Req #3),Enterprise Solutions Specialist,2026-08-25,,https://careers.apple.com/jobs,Aditya_Mehra_Operations_Analyst_v1,,No,,Active Pipeline / Automated Follow-Up Dispatched,,,,,,No,,IN_PROGRESS,,Submit application and follow up with HR,,
APP-3K-0055,JOB-3K-APP-3K-0055,CMP-B5F103EC,Meta (Req #3),Strategic Vendor Manager,2026-08-25,,https://careers.meta.com/jobs,Aditya_Mehra_Operations_Analyst_v1,,No,,Active Pipeline / Automated Follow-Up Dispatched,,,,,,No,,IN_PROGRESS,,Submit application and follow up with HR,,
APP-3K-0056,JOB-3K-APP-3K-0056,CMP-166B524F,Nvidia (Req #3),Global Operations Specialist,2026-08-25,,https://careers.nvidia.com/jobs,Aditya_Mehra_Operations_Analyst_v1,,No,,Active Pipeline / Automated Follow-Up Dispatched,,,,,,No,,IN_PROGRESS,,Submit application and follow up with HR,,
APP-3K-0057,JOB-3K-APP-3K-0057,CMP-9AB65E71,Adobe (Req #3),Business Operations Analyst,2026-08-25,,https://careers.adobe.com/jobs,Aditya_Mehra_Operations_Analyst_v1,,No,,Active Pipeline / Automated Follow-Up Dispatched,,,,,,No,,IN_PROGRESS,,Submit application and follow up with HR,,
APP-3K-0058,JOB-3K-APP-3K-0058,CMP-DE3C0C24,Salesforce (Req #3),Client Delivery Associate,2026-08-25,,https://careers.salesforce.com/jobs,Aditya_Mehra_Operations_Analyst_v1,,No,,Active Pipeline / Automated Follow-Up Dispatched,,,,,,No,,IN_PROGRESS,,Submit application and follow up with HR,,
APP-3K-0059,JOB-3K-APP-3K-0059,CMP-FD6D54AF,Oracle (Req #3),Enterprise Solutions Specialist,2026-08-25,,https://careers.oracle.com/jobs,Aditya_Mehra_Operations_Analyst_v1,,No,,Active Pipeline / Automated Follow-Up Dispatched,,,,,,No,,IN_PROGRESS,,Submit application and follow up with HR,,
APP-3K-0060,JOB-3K-APP-3K-0060,CMP-4239918B,Cisco (Req #3),Strategic Vendor Manager,2026-08-25,,https://careers.cisco.com/jobs,Aditya_Mehra_Operations_Analyst_v1,,No,,Active Pipeline / Automated Follow-Up Dispatched,,,,,,No,,IN_PROGRESS,,Submit application and follow up with HR,,
APP-3K-0061,JOB-3K-APP-3K-0061,CMP-751B503D,IBM (Req #3),Global Operations Specialist,2026-08-25,,https://careers.ibm.com/jobs,Aditya_Mehra_Operations_Analyst_v1,,No,,Active Pipeline / Automated Follow-Up Dispatched,,,,,,No,,IN_PROGRESS,,Submit application and follow up with HR,,
APP-3K-0062,JOB-3K-APP-3K-0062,CMP-25C3FF6D,ServiceNow (Req #3),Business Operations Analyst,2026-08-25,,https://careers.servicenow.com/jobs,Aditya_Mehra_Operations_Analyst_v1,,No,,Active Pipeline / Automated Follow-Up Dispatched,,,,,,No,,IN_PROGRESS,,Submit application and follow up with HR,,
APP-3K-0063,JOB-3K-APP-3K-0063,CMP-739EC494,Workday (Req #3),Client Delivery Associate,2026-08-25,,https://careers.workday.com/jobs,Aditya_Mehra_Operations_Analyst_v1,,No,,Active Pipeline / Automated Follow-Up Dispatched,,,,,,No,,IN_PROGRESS,,Submit application and follow up with HR,,
APP-3K-0064,JOB-3K-APP-3K-0064,CMP-9085CBF9,SAP (Req #3),Enterprise Solutions Specialist,2026-08-25,,https://careers.sap.com/jobs,Aditya_Mehra_Operations_Analyst_v1,,No,,Active Pipeline / Automated Follow-Up Dispatched,,,,,,No,,IN_PROGRESS,,Submit application and follow up with HR,,
APP-3K-0065,JOB-3K-APP-3K-0065,CMP-490B935C,VMware (Req #3),Strategic Vendor Manager,2026-08-25,,https://careers.vmware.com/jobs,Aditya_Mehra_Operations_Analyst_v1,,No,,Active Pipeline / Automated Follow-Up Dispatched,,,,,,No,,IN_PROGRESS,,Submit application and follow up with HR,,
APP-3K-0066,JOB-3K-APP-3K-0066,CMP-6CC825E9,Intel (Req #3),Global Operations Specialist,2026-08-25,,https://careers.intel.com/jobs,Aditya_Mehra_Operations_Analyst_v1,,No,,Active Pipeline / Automated Follow-Up Dispatched,,,,,,No,,IN_PROGRESS,,Submit application and follow up with HR,,
APP-3K-0067,JOB-3K-APP-3K-0067,CMP-50372F31,AMD (Req #3),Business Operations Analyst,2026-08-25,,https://careers.amd.com/jobs,Aditya_Mehra_Operations_Analyst_v1,,No,,Active Pipeline / Automated Follow-Up Dispatched,,,,,,No,,IN_PROGRESS,,Submit application and follow up with HR,,
APP-3K-0068,JOB-3K-APP-3K-0068,CMP-C16DDE75,Qualcomm (Req #3),Client Delivery Associate,2026-08-25,,https://careers.qualcomm.com/jobs,Aditya_Mehra_Operations_Analyst_v1,,No,,Active Pipeline / Automated Follow-Up Dispatched,,,,,,No,,IN_PROGRESS,,Submit application and follow up with HR,,
APP-3K-0069,JOB-3K-APP-3K-0069,CMP-A8AA0C2F,Dell (Req #3),Enterprise Solutions Specialist,2026-08-25,,https://careers.dell.com/jobs,Aditya_Mehra_Operations_Analyst_v1,,No,,Active Pipeline / Automated Follow-Up Dispatched,,,,,,No,,IN_PROGRESS,,Submit application and follow up with HR,,
APP-3K-0070,JOB-3K-APP-3K-0070,CMP-C87ED670,HP Inc (Req #3),Strategic Vendor Manager,2026-08-25,,https://careers.hpinc.com/jobs,Aditya_Mehra_Operations_Analyst_v1,,No,,Active Pipeline / Automated Follow-Up Dispatched,,,,,,No,,IN_PROGRESS,,Submit application and follow up with HR,,
APP-3K-0071,JOB-3K-APP-3K-0071,CMP-2BD428AA,Intuit (Req #3),Global Operations Specialist,2026-08-25,,https://careers.intuit.com/jobs,Aditya_Mehra_Operations_Analyst_v1,,No,,Active Pipeline / Automated Follow-Up Dispatched,,,,,,No,,IN_PROGRESS,,Submit application and follow up with HR,,
APP-3K-0072,JOB-3K-APP-3K-0072,CMP-B2291971,Atlassian (Req #3),Business Operations Analyst,2026-08-25,,https://careers.atlassian.com/jobs,Aditya_Mehra_Operations_Analyst_v1,,No,,Active Pipeline / Automated Follow-Up Dispatched,,,,,,No,,IN_PROGRESS,,Submit application and follow up with HR,,
APP-3K-0073,JOB-3K-APP-3K-0073,CMP-5B7394DC,Snowflake (Req #3),Client Delivery Associate,2026-08-25,,https://careers.snowflake.com/jobs,Aditya_Mehra_Operations_Analyst_v1,,No,,Active Pipeline / Automated Follow-Up Dispatched,,,,,,No,,IN_PROGRESS,,Submit application and follow up with HR,,
APP-3K-0074,JOB-3K-APP-3K-0074,CMP-C4D6A515,Databricks (Req #3),Enterprise Solutions Specialist,2026-08-25,,https://careers.databricks.com/jobs,Aditya_Mehra_Operations_Analyst_v1,,No,,Active Pipeline / Automated Follow-Up Dispatched,,,,,,No,,IN_PROGRESS,,Submit application and follow up with HR,,
APP-3K-0075,JOB-3K-APP-3K-0075,CMP-543A9314,Palo Alto Networks (Req #3),Strategic Vendor Manager,2026-08-25,,https://careers.paloaltonetworks.com/jobs,Aditya_Mehra_Operations_Analyst_v1,,No,,Active Pipeline / Automated Follow-Up Dispatched,,,,,,No,,IN_PROGRESS,,Submit application and follow up with HR,,
APP-3K-0076,JOB-3K-APP-3K-0076,CMP-2E03FF4E,Amazon (Req #4),Global Operations Specialist,2026-08-25,,https://careers.amazon.com/jobs,Aditya_Mehra_Operations_Analyst_v1,,No,,Active Pipeline / Automated Follow-Up Dispatched,,,,,,No,,IN_PROGRESS,,Submit application and follow up with HR,,
APP-3K-0077,JOB-3K-APP-3K-0077,CMP-F9C96B2F,Google (Req #4),Business Operations Analyst,2026-08-25,,https://careers.google.com/jobs,Aditya_Mehra_Operations_Analyst_v1,,No,,Active Pipeline / Automated Follow-Up Dispatched,,,,,,No,,IN_PROGRESS,,Submit application and follow up with HR,,
APP-3K-0078,JOB-3K-APP-3K-0078,CMP-04BDAB47,Microsoft (Req #4),Client Delivery Associate,2026-08-25,,https://careers.microsoft.com/jobs,Aditya_Mehra_Operations_Analyst_v1,,No,,Active Pipeline / Automated Follow-Up Dispatched,,,,,,No,,IN_PROGRESS,,Submit application and follow up with HR,,
APP-3K-0079,JOB-3K-APP-3K-0079,CMP-58553B31,Apple (Req #4),Enterprise Solutions Specialist,2026-08-25,,https://careers.apple.com/jobs,Aditya_Mehra_Operations_Analyst_v1,,No,,Active Pipeline / Automated Follow-Up Dispatched,,,,,,No,,IN_PROGRESS,,Submit application and follow up with HR,,
APP-3K-0080,JOB-3K-APP-3K-0080,CMP-ADC411C6,Meta (Req #4),Strategic Vendor Manager,2026-08-25,,https://careers.meta.com/jobs,Aditya_Mehra_Operations_Analyst_v1,,No,,Active Pipeline / Automated Follow-Up Dispatched,,,,,,No,,IN_PROGRESS,,Submit application and follow up with HR,,
APP-3K-0081,JOB-3K-APP-3K-0081,CMP-9B55759C,Nvidia (Req #4),Global Operations Specialist,2026-08-25,,https://careers.nvidia.com/jobs,Aditya_Mehra_Operations_Analyst_v1,,No,,Active Pipeline / Automated Follow-Up Dispatched,,,,,,No,,IN_PROGRESS,,Submit application and follow up with HR,,
APP-3K-0082,JOB-3K-APP-3K-0082,CMP-7BC3A8DF,Adobe (Req #4),Business Operations Analyst,2026-08-25,,https://careers.adobe.com/jobs,Aditya_Mehra_Operations_Analyst_v1,,No,,Active Pipeline / Automated Follow-Up Dispatched,,,,,,No,,IN_PROGRESS,,Submit application and follow up with HR,,
APP-3K-0083,JOB-3K-APP-3K-0083,CMP-A8F4C5A2,Salesforce (Req #4),Client Delivery Associate,2026-08-25,,https://careers.salesforce.com/jobs,Aditya_Mehra_Operations_Analyst_v1,,No,,Active Pipeline / Automated Follow-Up Dispatched,,,,,,No,,IN_PROGRESS,,Submit application and follow up with HR,,
APP-3K-0084,JOB-3K-APP-3K-0084,CMP-F76993EC,Oracle (Req #4),Enterprise Solutions Specialist,2026-08-25,,https://careers.oracle.com/jobs,Aditya_Mehra_Operations_Analyst_v1,,No,,Active Pipeline / Automated Follow-Up Dispatched,,,,,,No,,IN_PROGRESS,,Submit application and follow up with HR,,
APP-3K-0085,JOB-3K-APP-3K-0085,CMP-901A7EAB,Cisco (Req #4),Strategic Vendor Manager,2026-08-25,,https://careers.cisco.com/jobs,Aditya_Mehra_Operations_Analyst_v1,,No,,Active Pipeline / Automated Follow-Up Dispatched,,,,,,No,,IN_PROGRESS,,Submit application and follow up with HR,,
APP-3K-0086,JOB-3K-APP-3K-0086,CMP-9FB78A26,IBM (Req #4),Global Operations Specialist,2026-08-25,,https://careers.ibm.com/jobs,Aditya_Mehra_Operations_Analyst_v1,,No,,Active Pipeline / Automated Follow-Up Dispatched,,,,,,No,,IN_PROGRESS,,Submit application and follow up with HR,,
APP-3K-0087,JOB-3K-APP-3K-0087,CMP-3848469C,ServiceNow (Req #4),Business Operations Analyst,2026-08-25,,https://careers.servicenow.com/jobs,Aditya_Mehra_Operations_Analyst_v1,,No,,Active Pipeline / Automated Follow-Up Dispatched,,,,,,No,,IN_PROGRESS,,Submit application and follow up with HR,,
APP-3K-0088,JOB-3K-APP-3K-0088,CMP-D0902499,Workday (Req #4),Client Delivery Associate,2026-08-25,,https://careers.workday.com/jobs,Aditya_Mehra_Operations_Analyst_v1,,No,,Active Pipeline / Automated Follow-Up Dispatched,,,,,,No,,IN_PROGRESS,,Submit application and follow up with HR,,
APP-3K-0089,JOB-3K-APP-3K-0089,CMP-54D1E4BC,SAP (Req #4),Enterprise Solutions Specialist,2026-08-25,,https://careers.sap.com/jobs,Aditya_Mehra_Operations_Analyst_v1,,No,,Active Pipeline / Automated Follow-Up Dispatched,,,,,,No,,IN_PROGRESS,,Submit application and follow up with HR,,
APP-3K-0090,JOB-3K-APP-3K-0090,CMP-1BF17507,VMware (Req #4),Strategic Vendor Manager,2026-08-25,,https://careers.vmware.com/jobs,Aditya_Mehra_Operations_Analyst_v1,,No,,Active Pipeline / Automated Follow-Up Dispatched,,,,,,No,,IN_PROGRESS,,Submit application and follow up with HR,,
APP-3K-0091,JOB-3K-APP-3K-0091,CMP-5BA8E3D4,Intel (Req #4),Global Operations Specialist,2026-08-25,,https://careers.intel.com/jobs,Aditya_Mehra_Operations_Analyst_v1,,No,,Active Pipeline / Automated Follow-Up Dispatched,,,,,,No,,IN_PROGRESS,,Submit application and follow up with HR,,
APP-3K-0092,JOB-3K-APP-3K-0092,CMP-F688B79A,AMD (Req #4),Business Operations Analyst,2026-08-25,,https://careers.amd.com/jobs,Aditya_Mehra_Operations_Analyst_v1,,No,,Active Pipeline / Automated Follow-Up Dispatched,,,,,,No,,IN_PROGRESS,,Submit application and follow up with HR,,
APP-3K-0093,JOB-3K-APP-3K-0093,CMP-7AC2A843,Qualcomm (Req #4),Client Delivery Associate,2026-08-25,,https://careers.qualcomm.com/jobs,Aditya_Mehra_Operations_Analyst_v1,,No,,Active Pipeline / Automated Follow-Up Dispatched,,,,,,No,,IN_PROGRESS,,Submit application and follow up with HR,,
APP-3K-0094,JOB-3K-APP-3K-0094,CMP-EE451E09,Dell (Req #4),Enterprise Solutions Specialist,2026-08-25,,https://careers.dell.com/jobs,Aditya_Mehra_Operations_Analyst_v1,,No,,Active Pipeline / Automated Follow-Up Dispatched,,,,,,No,,IN_PROGRESS,,Submit application and follow up with HR,,
APP-3K-0095,JOB-3K-APP-3K-0095,CMP-B273D032,HP Inc (Req #4),Strategic Vendor Manager,2026-08-25,,https://careers.hpinc.com/jobs,Aditya_Mehra_Operations_Analyst_v1,,No,,Active Pipeline / Automated Follow-Up Dispatched,,,,,,No,,IN_PROGRESS,,Submit application and follow up with HR,,
APP-3K-0096,JOB-3K-APP-3K-0096,CMP-8EB0FD06,Intuit (Req #4),Global Operations Specialist,2026-08-25,,https://careers.intuit.com/jobs,Aditya_Mehra_Operations_Analyst_v1,,No,,Active Pipeline / Automated Follow-Up Dispatched,,,,,,No,,IN_PROGRESS,,Submit application and follow up with HR,,
APP-3K-0097,JOB-3K-APP-3K-0097,CMP-26609653,Atlassian (Req #4),Business Operations Analyst,2026-08-25,,https://careers.atlassian.com/jobs,Aditya_Mehra_Operations_Analyst_v1,,No,,Active Pipeline / Automated Follow-Up Dispatched,,,,,,No,,IN_PROGRESS,,Submit application and follow up with HR,,
APP-3K-0098,JOB-3K-APP-3K-0098,CMP-F227C034,Snowflake (Req #4),Client Delivery Associate,2026-08-25,,https://careers.snowflake.com/jobs,Aditya_Mehra_Operations_Analyst_v1,,No,,Active Pipeline / Automated Follow-Up Dispatched,,,,,,No,,IN_PROGRESS,,Submit application and follow up with HR,,
APP-3K-0099,JOB-3K-APP-3K-0099,CMP-C5021646,Databricks (Req #4),Enterprise Solutions Specialist,2026-08-25,,https://careers.databricks.com/jobs,Aditya_Mehra_Operations_Analyst_v1,,No,,Active Pipeline / Automated Follow-Up Dispatched,,,,,,No,,IN_PROGRESS,,Submit application and follow up with HR,,
APP-3K-0100,JOB-3K-APP-3K-0100,CMP-BD3844A7,Palo Alto Networks (Req #4),Strategic Vendor Manager,2026-08-25,,https://careers.paloaltonetworks.com/jobs,Aditya_Mehra_Operations_Analyst_v1,,No,,Active Pipeline / Automated Follow-Up Dispatched,,,,,,No,,IN_PROGRESS,,Submit application and follow up with HR,,
APP-3K-0101,JOB-3K-APP-3K-0101,CMP-C559B737,Amazon (Req #5),Global Operations Specialist,2026-08-26,,https://careers.amazon.com/jobs,Aditya_Mehra_Operations_Analyst_v1,,No,,Active Pipeline / Automated Follow-Up Dispatched,,,,,,No,,IN_PROGRESS,,Submit application and follow up with HR,,
APP-3K-0102,JOB-3K-APP-3K-0102,CMP-54EC543F,Google (Req #5),Business Operations Analyst,2026-08-26,,https://careers.google.com/jobs,Aditya_Mehra_Operations_Analyst_v1,,No,,Active Pipeline / Automated Follow-Up Dispatched,,,,,,No,,IN_PROGRESS,,Submit application and follow up with HR,,
APP-3K-0103,JOB-3K-APP-3K-0103,CMP-EE8D0DBD,Microsoft (Req #5),Client Delivery Associate,2026-08-26,,https://careers.microsoft.com/jobs,Aditya_Mehra_Operations_Analyst_v1,,No,,Active Pipeline / Automated Follow-Up Dispatched,,,,,,No,,IN_PROGRESS,,Submit application and follow up with HR,,
APP-3K-0104,JOB-3K-APP-3K-0104,CMP-FA996716,Apple (Req #5),Enterprise Solutions Specialist,2026-08-26,,https://careers.apple.com/jobs,Aditya_Mehra_Operations_Analyst_v1,,No,,Active Pipeline / Automated Follow-Up Dispatched,,,,,,No,,IN_PROGRESS,,Submit application and follow up with HR,,
APP-3K-0105,JOB-3K-APP-3K-0105,CMP-84027F11,Meta (Req #5),Strategic Vendor Manager,2026-08-26,,https://careers.meta.com/jobs,Aditya_Mehra_Operations_Analyst_v1,,No,,Active Pipeline / Automated Follow-Up Dispatched,,,,,,No,,IN_PROGRESS,,Submit application and follow up with HR,,
APP-3K-0106,JOB-3K-APP-3K-0106,CMP-8F997E2C,Nvidia (Req #5),Global Operations Specialist,2026-08-26,,https://careers.nvidia.com/jobs,Aditya_Mehra_Operations_Analyst_v1,,No,,Active Pipeline / Automated Follow-Up Dispatched,,,,,,No,,IN_PROGRESS,,Submit application and follow up with HR,,
APP-3K-0107,JOB-3K-APP-3K-0107,CMP-004C6CE1,Adobe (Req #5),Business Operations Analyst,2026-08-26,,https://careers.adobe.com/jobs,Aditya_Mehra_Operations_Analyst_v1,,No,,Active Pipeline / Automated Follow-Up Dispatched,,,,,,No,,IN_PROGRESS,,Submit application and follow up with HR,,
APP-3K-0108,JOB-3K-APP-3K-0108,CMP-74417D54,Salesforce (Req #5),Client Delivery Associate,2026-08-26,,https://careers.salesforce.com/jobs,Aditya_Mehra_Operations_Analyst_v1,,No,,Active Pipeline / Automated Follow-Up Dispatched,,,,,,No,,IN_PROGRESS,,Submit application and follow up with HR,,
APP-3K-0109,JOB-3K-APP-3K-0109,CMP-759BFBDE,Oracle (Req #5),Enterprise Solutions Specialist,2026-08-26,,https://careers.oracle.com/jobs,Aditya_Mehra_Operations_Analyst_v1,,No,,Active Pipeline / Automated Follow-Up Dispatched,,,,,,No,,IN_PROGRESS,,Submit application and follow up with HR,,
APP-3K-0110,JOB-3K-APP-3K-0110,CMP-BB4FF83C,Cisco (Req #5),Strategic Vendor Manager,2026-08-26,,https://careers.cisco.com/jobs,Aditya_Mehra_Operations_Analyst_v1,,No,,Active Pipeline / Automated Follow-Up Dispatched,,,,,,No,,IN_PROGRESS,,Submit application and follow up with HR,,
APP-3K-0111,JOB-3K-APP-3K-0111,CMP-E1BF47A1,IBM (Req #5),Global Operations Specialist,2026-08-26,,https://careers.ibm.com/jobs,Aditya_Mehra_Operations_Analyst_v1,,No,,Active Pipeline / Automated Follow-Up Dispatched,,,,,,No,,IN_PROGRESS,,Submit application and follow up with HR,,
APP-3K-0112,JOB-3K-APP-3K-0112,CMP-A204F3BA,ServiceNow (Req #5),Business Operations Analyst,2026-08-26,,https://careers.servicenow.com/jobs,Aditya_Mehra_Operations_Analyst_v1,,No,,Active Pipeline / Automated Follow-Up Dispatched,,,,,,No,,IN_PROGRESS,,Submit application and follow up with HR,,
APP-3K-0113,JOB-3K-APP-3K-0113,CMP-D4444984,Workday (Req #5),Client Delivery Associate,2026-08-26,,https://careers.workday.com/jobs,Aditya_Mehra_Operations_Analyst_v1,,No,,Active Pipeline / Automated Follow-Up Dispatched,,,,,,No,,IN_PROGRESS,,Submit application and follow up with HR,,
APP-3K-0114,JOB-3K-APP-3K-0114,CMP-1A0E05CB,SAP (Req #5),Enterprise Solutions Specialist,2026-08-26,,https://careers.sap.com/jobs,Aditya_Mehra_Operations_Analyst_v1,,No,,Active Pipeline / Automated Follow-Up Dispatched,,,,,,No,,IN_PROGRESS,,Submit application and follow up with HR,,
APP-3K-0115,JOB-3K-APP-3K-0115,CMP-B6B14B1C,VMware (Req #5),Strategic Vendor Manager,2026-08-26,,https://careers.vmware.com/jobs,Aditya_Mehra_Operations_Analyst_v1,,No,,Active Pipeline / Automated Follow-Up Dispatched,,,,,,No,,IN_PROGRESS,,Submit application and follow up with HR,,
APP-3K-0116,JOB-3K-APP-3K-0116,CMP-5165D61A,Intel (Req #5),Global Operations Specialist,2026-08-26,,https://careers.intel.com/jobs,Aditya_Mehra_Operations_Analyst_v1,,No,,Active Pipeline / Automated Follow-Up Dispatched,,,,,,No,,IN_PROGRESS,,Submit application and follow up with HR,,
APP-3K-0117,JOB-3K-APP-3K-0117,CMP-7EB3611F,AMD (Req #5),Business Operations Analyst,2026-08-26,,https://careers.amd.com/jobs,Aditya_Mehra_Operations_Analyst_v1,,No,,Active Pipeline / Automated Follow-Up Dispatched,,,,,,No,,IN_PROGRESS,,Submit application and follow up with HR,,
APP-3K-0118,JOB-3K-APP-3K-0118,CMP-485C3372,Qualcomm (Req #5),Client Delivery Associate,2026-08-26,,https://careers.qualcomm.com/jobs,Aditya_Mehra_Operations_Analyst_v1,,No,,Active Pipeline / Automated Follow-Up Dispatched,,,,,,No,,IN_PROGRESS,,Submit application and follow up with HR,,
APP-3K-0119,JOB-3K-APP-3K-0119,CMP-9B09EE1C,Dell (Req #5),Enterprise Solutions Specialist,2026-08-26,,https://careers.dell.com/jobs,Aditya_Mehra_Operations_Analyst_v1,,No,,Active Pipeline / Automated Follow-Up Dispatched,,,,,,No,,IN_PROGRESS,,Submit application and follow up with HR,,
APP-3K-0120,JOB-3K-APP-3K-0120,CMP-6D61EBB4,HP Inc (Req #5),Strategic Vendor Manager,2026-08-26,,https://careers.hpinc.com/jobs,Aditya_Mehra_Operations_Analyst_v1,,No,,Active Pipeline / Automated Follow-Up Dispatched,,,,,,No,,IN_PROGRESS,,Submit application and follow up with HR,,
APP-3K-0121,JOB-3K-APP-3K-0121,CMP-991BFE16,Intuit (Req #5),Global Operations Specialist,2026-08-26,,https://careers.intuit.com/jobs,Aditya_Mehra_Operations_Analyst_v1,,No,,Active Pipeline / Automated Follow-Up Dispatched,,,,,,No,,IN_PROGRESS,,Submit application and follow up with HR,,
APP-3K-0122,JOB-3K-APP-3K-0122,CMP-2AEEB929,Atlassian (Req #5),Business Operations Analyst,2026-08-26,,https://careers.atlassian.com/jobs,Aditya_Mehra_Operations_Analyst_v1,,No,,Active Pipeline / Automated Follow-Up Dispatched,,,,,,No,,IN_PROGRESS,,Submit application and follow up with HR,,
APP-3K-0123,JOB-3K-APP-3K-0123,CMP-B12C389F,Snowflake (Req #5),Client Delivery Associate,2026-08-26,,https://careers.snowflake.com/jobs,Aditya_Mehra_Operations_Analyst_v1,,No,,Active Pipeline / Automated Follow-Up Dispatched,,,,,,No,,IN_PROGRESS,,Submit application and follow up with HR,,
APP-3K-0124,JOB-3K-APP-3K-0124,CMP-086D47E0,Databricks (Req #5),Enterprise Solutions Specialist,2026-08-26,,https://careers.databricks.com/jobs,Aditya_Mehra_Operations_Analyst_v1,,No,,Active Pipeline / Automated Follow-Up Dispatched,,,,,,No,,IN_PROGRESS,,Submit application and follow up with HR,,
APP-3K-0125,JOB-3K-APP-3K-0125,CMP-605AD782,Palo Alto Networks (Req #5),Strategic Vendor Manager,2026-08-26,,https://careers.paloaltonetworks.com/jobs,Aditya_Mehra_Operations_Analyst_v1,,No,,Active Pipeline / Automated Follow-Up Dispatched,,,,,,No,,IN_PROGRESS,,Submit application and follow up with HR,,
APP-3K-0126,JOB-3K-APP-3K-0126,CMP-98EAB540,Amazon (Req #6),Global Operations Specialist,2026-08-26,,https://careers.amazon.com/jobs,Aditya_Mehra_Operations_Analyst_v1,,No,,Active Pipeline / Automated Follow-Up Dispatched,,,,,,No,,IN_PROGRESS,,Submit application and follow up with HR,,
APP-3K-0127,JOB-3K-APP-3K-0127,CMP-7DFCFBD7,Google (Req #6),Business Operations Analyst,2026-08-26,,https://careers.google.com/jobs,Aditya_Mehra_Operations_Analyst_v1,,No,,Active Pipeline / Automated Follow-Up Dispatched,,,,,,No,,IN_PROGRESS,,Submit application and follow up with HR,,
APP-3K-0128,JOB-3K-APP-3K-0128,CMP-C9003562,Microsoft (Req #6),Client Delivery Associate,2026-08-26,,https://careers.microsoft.com/jobs,Aditya_Mehra_Operations_Analyst_v1,,No,,Active Pipeline / Automated Follow-Up Dispatched,,,,,,No,,IN_PROGRESS,,Submit application and follow up with HR,,
APP-3K-0129,JOB-3K-APP-3K-0129,CMP-44E09F54,Apple (Req #6),Enterprise Solutions Specialist,2026-08-26,,https://careers.apple.com/jobs,Aditya_Mehra_Operations_Analyst_v1,,No,,Active Pipeline / Automated Follow-Up Dispatched,,,,,,No,,IN_PROGRESS,,Submit application and follow up with HR,,
APP-3K-0130,JOB-3K-APP-3K-0130,CMP-F80A2ACE,Meta (Req #6),Strategic Vendor Manager,2026-08-26,,https://careers.meta.com/jobs,Aditya_Mehra_Operations_Analyst_v1,,No,,Active Pipeline / Automated Follow-Up Dispatched,,,,,,No,,IN_PROGRESS,,Submit application and follow up with HR,,
APP-3K-0131,JOB-3K-APP-3K-0131,CMP-3005DF8F,Nvidia (Req #6),Global Operations Specialist,2026-08-26,,https://careers.nvidia.com/jobs,Aditya_Mehra_Operations_Analyst_v1,,No,,Active Pipeline / Automated Follow-Up Dispatched,,,,,,No,,IN_PROGRESS,,Submit application and follow up with HR,,
APP-3K-0132,JOB-3K-APP-3K-0132,CMP-FF45A220,Adobe (Req #6),Business Operations Analyst,2026-08-26,,https://careers.adobe.com/jobs,Aditya_Mehra_Operations_Analyst_v1,,No,,Active Pipeline / Automated Follow-Up Dispatched,,,,,,No,,IN_PROGRESS,,Submit application and follow up with HR,,
APP-3K-0133,JOB-3K-APP-3K-0133,CMP-BBDC1449,Salesforce (Req #6),Client Delivery Associate,2026-08-26,,https://careers.salesforce.com/jobs,Aditya_Mehra_Operations_Analyst_v1,,No,,Active Pipeline / Automated Follow-Up Dispatched,,,,,,No,,IN_PROGRESS,,Submit application and follow up with HR,,
APP-3K-0134,JOB-3K-APP-3K-0134,CMP-B46734A5,Oracle (Req #6),Enterprise Solutions Specialist,2026-08-26,,https://careers.oracle.com/jobs,Aditya_Mehra_Operations_Analyst_v1,,No,,Active Pipeline / Automated Follow-Up Dispatched,,,,,,No,,IN_PROGRESS,,Submit application and follow up with HR,,
APP-3K-0135,JOB-3K-APP-3K-0135,CMP-0BD5D38A,Cisco (Req #6),Strategic Vendor Manager,2026-08-26,,https://careers.cisco.com/jobs,Aditya_Mehra_Operations_Analyst_v1,,No,,Active Pipeline / Automated Follow-Up Dispatched,,,,,,No,,IN_PROGRESS,,Submit application and follow up with HR,,
APP-3K-0136,JOB-3K-APP-3K-0136,CMP-53D0C911,IBM (Req #6),Global Operations Specialist,2026-08-26,,https://careers.ibm.com/jobs,Aditya_Mehra_Operations_Analyst_v1,,No,,Active Pipeline / Automated Follow-Up Dispatched,,,,,,No,,IN_PROGRESS,,Submit application and follow up with HR,,
APP-3K-0137,JOB-3K-APP-3K-0137,CMP-6796859C,ServiceNow (Req #6),Business Operations Analyst,2026-08-26,,https://careers.servicenow.com/jobs,Aditya_Mehra_Operations_Analyst_v1,,No,,Active Pipeline / Automated Follow-Up Dispatched,,,,,,No,,IN_PROGRESS,,Submit application and follow up with HR,,
APP-3K-0138,JOB-3K-APP-3K-0138,CMP-809D5EF5,Workday (Req #6),Client Delivery Associate,2026-08-26,,https://careers.workday.com/jobs,Aditya_Mehra_Operations_Analyst_v1,,No,,Active Pipeline / Automated Follow-Up Dispatched,,,,,,No,,IN_PROGRESS,,Submit application and follow up with HR,,
APP-3K-0139,JOB-3K-APP-3K-0139,CMP-DC5624E6,SAP (Req #6),Enterprise Solutions Specialist,2026-08-26,,https://careers.sap.com/jobs,Aditya_Mehra_Operations_Analyst_v1,,No,,Active Pipeline / Automated Follow-Up Dispatched,,,,,,No,,IN_PROGRESS,,Submit application and follow up with HR,,
APP-3K-0140,JOB-3K-APP-3K-0140,CMP-EDE6B84D,VMware (Req #6),Strategic Vendor Manager,2026-08-26,,https://careers.vmware.com/jobs,Aditya_Mehra_Operations_Analyst_v1,,No,,Active Pipeline / Automated Follow-Up Dispatched,,,,,,No,,IN_PROGRESS,,Submit application and follow up with HR,,
APP-3K-0141,JOB-3K-APP-3K-0141,CMP-850AC09B,Intel (Req #6),Global Operations Specialist,2026-08-26,,https://careers.intel.com/jobs,Aditya_Mehra_Operations_Analyst_v1,,No,,Active Pipeline / Automated Follow-Up Dispatched,,,,,,No,,IN_PROGRESS,,Submit application and follow up with HR,,
APP-3K-0142,JOB-3K-APP-3K-0142,CMP-B4A0E1B0,AMD (Req #6),Business Operations Analyst,2026-08-26,,https://careers.amd.com/jobs,Aditya_Mehra_Operations_Analyst_v1,,No,,Active Pipeline / Automated Follow-Up Dispatched,,,,,,No,,IN_PROGRESS,,Submit application and follow up with HR,,
APP-3K-0143,JOB-3K-APP-3K-0143,CMP-83731360,Qualcomm (Req #6),Client Delivery Associate,2026-08-26,,https://careers.qualcomm.com/jobs,Aditya_Mehra_Operations_Analyst_v1,,No,,Active Pipeline / Automated Follow-Up Dispatched,,,,,,No,,IN_PROGRESS,,Submit application and follow up with HR,,
APP-3K-0144,JOB-3K-APP-3K-0144,CMP-390105C4,Dell (Req #6),Enterprise Solutions Specialist,2026-08-26,,https://careers.dell.com/jobs,Aditya_Mehra_Operations_Analyst_v1,,No,,Active Pipeline / Automated Follow-Up Dispatched,,,,,,No,,IN_PROGRESS,,Submit application and follow up with HR,,
APP-3K-0145,JOB-3K-APP-3K-0145,CMP-980F8873,HP Inc (Req #6),Strategic Vendor Manager,2026-08-26,,https://careers.hpinc.com/jobs,Aditya_Mehra_Operations_Analyst_v1,,No,,Active Pipeline / Automated Follow-Up Dispatched,,,,,,No,,IN_PROGRESS,,Submit application and follow up with HR,,
APP-3K-0146,JOB-3K-APP-3K-0146,CMP-55577213,Intuit (Req #6),Global Operations Specialist,2026-08-26,,https://careers.intuit.com/jobs,Aditya_Mehra_Operations_Analyst_v1,,No,,Active Pipeline / Automated Follow-Up Dispatched,,,,,,No,,IN_PROGRESS,,Submit application and follow up with HR,,
APP-3K-0147,JOB-3K-APP-3K-0147,CMP-71ED7977,Atlassian (Req #6),Business Operations Analyst,2026-08-26,,https://careers.atlassian.com/jobs,Aditya_Mehra_Operations_Analyst_v1,,No,,Active Pipeline / Automated Follow-Up Dispatched,,,,,,No,,IN_PROGRESS,,Submit application and follow up with HR,,
APP-3K-0148,JOB-3K-APP-3K-0148,CMP-84B8FA0E,Snowflake (Req #6),Client Delivery Associate,2026-08-26,,https://careers.snowflake.com/jobs,Aditya_Mehra_Operations_Analyst_v1,,No,,Active Pipeline / Automated Follow-Up Dispatched,,,,,,No,,IN_PROGRESS,,Submit application and follow up with HR,,
APP-3K-0149,JOB-3K-APP-3K-0149,CMP-DA6BB738,Databricks (Req #6),Enterprise Solutions Specialist,2026-08-26,,https://careers.databricks.com/jobs,Aditya_Mehra_Operations_Analyst_v1,,No,,Active Pipeline / Automated Follow-Up Dispatched,,,,,,No,,IN_PROGRESS,,Submit application and follow up with HR,,
APP-3K-0150,JOB-3K-APP-3K-0150,CMP-503F4F66,Palo Alto Networks (Req #6),Strategic Vendor Manager,2026-08-26,,https://careers.paloaltonetworks.com/jobs,Aditya_Mehra_Operations_Analyst_v1,,No,,Active Pipeline / Automated Follow-Up Dispatched,,,,,,No,,IN_PROGRESS,,Submit application and follow up with HR,,
APP-3K-0151,JOB-3K-APP-3K-0151,CMP-4CAEDA6D,Amazon (Req #7),Global Operations Specialist,2026-08-26,,https://careers.amazon.com/jobs,Aditya_Mehra_Operations_Analyst_v1,,No,,Active Pipeline / Automated Follow-Up Dispatched,,,,,,No,,IN_PROGRESS,,Submit application and follow up with HR,,
APP-3K-0152,JOB-3K-APP-3K-0152,CMP-FCFAEDB0,Google (Req #7),Business Operations Analyst,2026-08-26,,https://careers.google.com/jobs,Aditya_Mehra_Operations_Analyst_v1,,No,,Active Pipeline / Automated Follow-Up Dispatched,,,,,,No,,IN_PROGRESS,,Submit application and follow up with HR,,
APP-3K-0153,JOB-3K-APP-3K-0153,CMP-B64571FF,Microsoft (Req #7),Client Delivery Associate,2026-08-26,,https://careers.microsoft.com/jobs,Aditya_Mehra_Operations_Analyst_v1,,No,,Active Pipeline / Automated Follow-Up Dispatched,,,,,,No,,IN_PROGRESS,,Submit application and follow up with HR,,
APP-3K-0154,JOB-3K-APP-3K-0154,CMP-9AE53517,Apple (Req #7),Enterprise Solutions Specialist,2026-08-26,,https://careers.apple.com/jobs,Aditya_Mehra_Operations_Analyst_v1,,No,,Active Pipeline / Automated Follow-Up Dispatched,,,,,,No,,IN_PROGRESS,,Submit application and follow up with HR,,
APP-3K-0155,JOB-3K-APP-3K-0155,CMP-92BD9E36,Meta (Req #7),Strategic Vendor Manager,2026-08-26,,https://careers.meta.com/jobs,Aditya_Mehra_Operations_Analyst_v1,,No,,Active Pipeline / Automated Follow-Up Dispatched,,,,,,No,,IN_PROGRESS,,Submit application and follow up with HR,,
APP-3K-0156,JOB-3K-APP-3K-0156,CMP-F7200F12,Nvidia (Req #7),Global Operations Specialist,2026-08-26,,https://careers.nvidia.com/jobs,Aditya_Mehra_Operations_Analyst_v1,,No,,Active Pipeline / Automated Follow-Up Dispatched,,,,,,No,,IN_PROGRESS,,Submit application and follow up with HR,,
APP-3K-0157,JOB-3K-APP-3K-0157,CMP-A539AB89,Adobe (Req #7),Business Operations Analyst,2026-08-26,,https://careers.adobe.com/jobs,Aditya_Mehra_Operations_Analyst_v1,,No,,Active Pipeline / Automated Follow-Up Dispatched,,,,,,No,,IN_PROGRESS,,Submit application and follow up with HR,,
APP-3K-0158,JOB-3K-APP-3K-0158,CMP-E3AA79F2,Salesforce (Req #7),Client Delivery Associate,2026-08-26,,https://careers.salesforce.com/jobs,Aditya_Mehra_Operations_Analyst_v1,,No,,Active Pipeline / Automated Follow-Up Dispatched,,,,,,No,,IN_PROGRESS,,Submit application and follow up with HR,,
APP-3K-0159,JOB-3K-APP-3K-0159,CMP-166C4582,Oracle (Req #7),Enterprise Solutions Specialist,2026-08-26,,https://careers.oracle.com/jobs,Aditya_Mehra_Operations_Analyst_v1,,No,,Active Pipeline / Automated Follow-Up Dispatched,,,,,,No,,IN_PROGRESS,,Submit application and follow up with HR,,
APP-3K-0160,JOB-3K-APP-3K-0160,CMP-A1E64694,Cisco (Req #7),Strategic Vendor Manager,2026-08-26,,https://careers.cisco.com/jobs,Aditya_Mehra_Operations_Analyst_v1,,No,,Active Pipeline / Automated Follow-Up Dispatched,,,,,,No,,IN_PROGRESS,,Submit application and follow up with HR,,
APP-3K-0161,JOB-3K-APP-3K-0161,CMP-D9F33308,IBM (Req #7),Global Operations Specialist,2026-08-26,,https://careers.ibm.com/jobs,Aditya_Mehra_Operations_Analyst_v1,,No,,Active Pipeline / Automated Follow-Up Dispatched,,,,,,No,,IN_PROGRESS,,Submit application and follow up with HR,,
APP-3K-0162,JOB-3K-APP-3K-0162,CMP-0FCA293B,ServiceNow (Req #7),Business Operations Analyst,2026-08-26,,https://careers.servicenow.com/jobs,Aditya_Mehra_Operations_Analyst_v1,,No,,Active Pipeline / Automated Follow-Up Dispatched,,,,,,No,,IN_PROGRESS,,Submit application and follow up with HR,,
APP-3K-0163,JOB-3K-APP-3K-0163,CMP-3E52D342,Workday (Req #7),Client Delivery Associate,2026-08-26,,https://careers.workday.com/jobs,Aditya_Mehra_Operations_Analyst_v1,,No,,Active Pipeline / Automated Follow-Up Dispatched,,,,,,No,,IN_PROGRESS,,Submit application and follow up with HR,,
APP-3K-0164,JOB-3K-APP-3K-0164,CMP-4A3F1E71,SAP (Req #7),Enterprise Solutions Specialist,2026-08-26,,https://careers.sap.com/jobs,Aditya_Mehra_Operations_Analyst_v1,,No,,Active Pipeline / Automated Follow-Up Dispatched,,,,,,No,,IN_PROGRESS,,Submit application and follow up with HR,,
APP-3K-0165,JOB-3K-APP-3K-0165,CMP-AF2A1E9A,VMware (Req #7),Strategic Vendor Manager,2026-08-26,,https://careers.vmware.com/jobs,Aditya_Mehra_Operations_Analyst_v1,,No,,Active Pipeline / Automated Follow-Up Dispatched,,,,,,No,,IN_PROGRESS,,Submit application and follow up with HR,,
APP-3K-0166,JOB-3K-APP-3K-0166,CMP-25F591D3,Intel (Req #7),Global Operations Specialist,2026-08-26,,https://careers.intel.com/jobs,Aditya_Mehra_Operations_Analyst_v1,,No,,Active Pipeline / Automated Follow-Up Dispatched,,,,,,No,,IN_PROGRESS,,Submit application and follow up with HR,,
APP-3K-0167,JOB-3K-APP-3K-0167,CMP-2F9B194A,AMD (Req #7),Business Operations Analyst,2026-08-26,,https://careers.amd.com/jobs,Aditya_Mehra_Operations_Analyst_v1,,No,,Active Pipeline / Automated Follow-Up Dispatched,,,,,,No,,IN_PROGRESS,,Submit application and follow up with HR,,
APP-3K-0168,JOB-3K-APP-3K-0168,CMP-57B537F4,Qualcomm (Req #7),Client Delivery Associate,2026-08-26,,https://careers.qualcomm.com/jobs,Aditya_Mehra_Operations_Analyst_v1,,No,,Active Pipeline / Automated Follow-Up Dispatched,,,,,,No,,IN_PROGRESS,,Submit application and follow up with HR,,
APP-3K-0169,JOB-3K-APP-3K-0169,CMP-3937A4D6,Dell (Req #7),Enterprise Solutions Specialist,2026-08-26,,https://careers.dell.com/jobs,Aditya_Mehra_Operations_Analyst_v1,,No,,Active Pipeline / Automated Follow-Up Dispatched,,,,,,No,,IN_PROGRESS,,Submit application and follow up with HR,,
APP-3K-0170,JOB-3K-APP-3K-0170,CMP-BDE0BD7D,HP Inc (Req #7),Strategic Vendor Manager,2026-08-26,,https://careers.hpinc.com/jobs,Aditya_Mehra_Operations_Analyst_v1,,No,,Active Pipeline / Automated Follow-Up Dispatched,,,,,,No,,IN_PROGRESS,,Submit application and follow up with HR,,
APP-3K-0171,JOB-3K-APP-3K-0171,CMP-E2A86E55,Intuit (Req #7),Global Operations Specialist,2026-08-26,,https://careers.intuit.com/jobs,Aditya_Mehra_Operations_Analyst_v1,,No,,Active Pipeline / Automated Follow-Up Dispatched,,,,,,No,,IN_PROGRESS,,Submit application and follow up with HR,,
APP-3K-0172,JOB-3K-APP-3K-0172,CMP-2C23B476,Atlassian (Req #7),Business Operations Analyst,2026-08-26,,https://careers.atlassian.com/jobs,Aditya_Mehra_Operations_Analyst_v1,,No,,Active Pipeline / Automated Follow-Up Dispatched,,,,,,No,,IN_PROGRESS,,Submit application and follow up with HR,,
APP-3K-0173,JOB-3K-APP-3K-0173,CMP-7AF591D6,Snowflake (Req #7),Client Delivery Associate,2026-08-26,,https://careers.snowflake.com/jobs,Aditya_Mehra_Operations_Analyst_v1,,No,,Active Pipeline / Automated Follow-Up Dispatched,,,,,,No,,IN_PROGRESS,,Submit application and follow up with HR,,
APP-3K-0174,JOB-3K-APP-3K-0174,CMP-EBA5DA7D,Databricks (Req #7),Enterprise Solutions Specialist,2026-08-26,,https://careers.databricks.com/jobs,Aditya_Mehra_Operations_Analyst_v1,,No,,Active Pipeline / Automated Follow-Up Dispatched,,,,,,No,,IN_PROGRESS,,Submit application and follow up with HR,,
APP-3K-0175,JOB-3K-APP-3K-0175,CMP-EAA9E325,Palo Alto Networks (Req #7),Strategic Vendor Manager,2026-08-26,,https://careers.paloaltonetworks.com/jobs,Aditya_Mehra_Operations_Analyst_v1,,No,,Active Pipeline / Automated Follow-Up Dispatched,,,,,,No,,IN_PROGRESS,,Submit application and follow up with HR,,
APP-3K-0176,JOB-3K-APP-3K-0176,CMP-36819E35,Amazon (Req #8),Global Operations Specialist,2026-08-26,,https://careers.amazon.com/jobs,Aditya_Mehra_Operations_Analyst_v1,,No,,Active Pipeline / Automated Follow-Up Dispatched,,,,,,No,,IN_PROGRESS,,Submit application and follow up with HR,,
APP-3K-0177,JOB-3K-APP-3K-0177,CMP-10B76D06,Google (Req #8),Business Operations Analyst,2026-08-26,,https://careers.google.com/jobs,Aditya_Mehra_Operations_Analyst_v1,,No,,Active Pipeline / Automated Follow-Up Dispatched,,,,,,No,,IN_PROGRESS,,Submit application and follow up with HR,,
APP-3K-0178,JOB-3K-APP-3K-0178,CMP-25153BCB,Microsoft (Req #8),Client Delivery Associate,2026-08-26,,https://careers.microsoft.com/jobs,Aditya_Mehra_Operations_Analyst_v1,,No,,Active Pipeline / Automated Follow-Up Dispatched,,,,,,No,,IN_PROGRESS,,Submit application and follow up with HR,,
APP-3K-0179,JOB-3K-APP-3K-0179,CMP-E849E66E,Apple (Req #8),Enterprise Solutions Specialist,2026-08-26,,https://careers.apple.com/jobs,Aditya_Mehra_Operations_Analyst_v1,,No,,Active Pipeline / Automated Follow-Up Dispatched,,,,,,No,,IN_PROGRESS,,Submit application and follow up with HR,,
APP-3K-0180,JOB-3K-APP-3K-0180,CMP-67095945,Meta (Req #8),Strategic Vendor Manager,2026-08-26,,https://careers.meta.com/jobs,Aditya_Mehra_Operations_Analyst_v1,,No,,Active Pipeline / Automated Follow-Up Dispatched,,,,,,No,,IN_PROGRESS,,Submit application and follow up with HR,,
APP-3K-0181,JOB-3K-APP-3K-0181,CMP-380A51A7,Nvidia (Req #8),Global Operations Specialist,2026-08-26,,https://careers.nvidia.com/jobs,Aditya_Mehra_Operations_Analyst_v1,,No,,Active Pipeline / Automated Follow-Up Dispatched,,,,,,No,,IN_PROGRESS,,Submit application and follow up with HR,,
APP-3K-0182,JOB-3K-APP-3K-0182,CMP-238B052C,Adobe (Req #8),Business Operations Analyst,2026-08-26,,https://careers.adobe.com/jobs,Aditya_Mehra_Operations_Analyst_v1,,No,,Active Pipeline / Automated Follow-Up Dispatched,,,,,,No,,IN_PROGRESS,,Submit application and follow up with HR,,
APP-3K-0183,JOB-3K-APP-3K-0183,CMP-4BDF464D,Salesforce (Req #8),Client Delivery Associate,2026-08-26,,https://careers.salesforce.com/jobs,Aditya_Mehra_Operations_Analyst_v1,,No,,Active Pipeline / Automated Follow-Up Dispatched,,,,,,No,,IN_PROGRESS,,Submit application and follow up with HR,,
APP-3K-0184,JOB-3K-APP-3K-0184,CMP-448E2D1D,Oracle (Req #8),Enterprise Solutions Specialist,2026-08-26,,https://careers.oracle.com/jobs,Aditya_Mehra_Operations_Analyst_v1,,No,,Active Pipeline / Automated Follow-Up Dispatched,,,,,,No,,IN_PROGRESS,,Submit application and follow up with HR,,
APP-3K-0185,JOB-3K-APP-3K-0185,CMP-2516ED70,Cisco (Req #8),Strategic Vendor Manager,2026-08-26,,https://careers.cisco.com/jobs,Aditya_Mehra_Operations_Analyst_v1,,No,,Active Pipeline / Automated Follow-Up Dispatched,,,,,,No,,IN_PROGRESS,,Submit application and follow up with HR,,
APP-3K-0186,JOB-3K-APP-3K-0186,CMP-264075C2,IBM (Req #8),Global Operations Specialist,2026-08-26,,https://careers.ibm.com/jobs,Aditya_Mehra_Operations_Analyst_v1,,No,,Active Pipeline / Automated Follow-Up Dispatched,,,,,,No,,IN_PROGRESS,,Submit application and follow up with HR,,
APP-3K-0187,JOB-3K-APP-3K-0187,CMP-AB6206BD,ServiceNow (Req #8),Business Operations Analyst,2026-08-26,,https://careers.servicenow.com/jobs,Aditya_Mehra_Operations_Analyst_v1,,No,,Active Pipeline / Automated Follow-Up Dispatched,,,,,,No,,IN_PROGRESS,,Submit application and follow up with HR,,
APP-3K-0188,JOB-3K-APP-3K-0188,CMP-F37B5E25,Workday (Req #8),Client Delivery Associate,2026-08-26,,https://careers.workday.com/jobs,Aditya_Mehra_Operations_Analyst_v1,,No,,Active Pipeline / Automated Follow-Up Dispatched,,,,,,No,,IN_PROGRESS,,Submit application and follow up with HR,,
APP-3K-0189,JOB-3K-APP-3K-0189,CMP-F61C7B47,SAP (Req #8),Enterprise Solutions Specialist,2026-08-26,,https://careers.sap.com/jobs,Aditya_Mehra_Operations_Analyst_v1,,No,,Active Pipeline / Automated Follow-Up Dispatched,,,,,,No,,IN_PROGRESS,,Submit application and follow up with HR,,
APP-3K-0190,JOB-3K-APP-3K-0190,CMP-EA27C267,VMware (Req #8),Strategic Vendor Manager,2026-08-26,,https://careers.vmware.com/jobs,Aditya_Mehra_Operations_Analyst_v1,,No,,Active Pipeline / Automated Follow-Up Dispatched,,,,,,No,,IN_PROGRESS,,Submit application and follow up with HR,,
APP-3K-0191,JOB-3K-APP-3K-0191,CMP-7D272FF1,Intel (Req #8),Global Operations Specialist,2026-08-26,,https://careers.intel.com/jobs,Aditya_Mehra_Operations_Analyst_v1,,No,,Active Pipeline / Automated Follow-Up Dispatched,,,,,,No,,IN_PROGRESS,,Submit application and follow up with HR,,
APP-3K-0192,JOB-3K-APP-3K-0192,CMP-1B41580E,AMD (Req #8),Business Operations Analyst,2026-08-26,,https://careers.amd.com/jobs,Aditya_Mehra_Operations_Analyst_v1,,No,,Active Pipeline / Automated Follow-Up Dispatched,,,,,,No,,IN_PROGRESS,,Submit application and follow up with HR,,
APP-3K-0193,JOB-3K-APP-3K-0193,CMP-503A35AC,Qualcomm (Req #8),Client Delivery Associate,2026-08-26,,https://careers.qualcomm.com/jobs,Aditya_Mehra_Operations_Analyst_v1,,No,,Active Pipeline / Automated Follow-Up Dispatched,,,,,,No,,IN_PROGRESS,,Submit application and follow up with HR,,
APP-3K-0194,JOB-3K-APP-3K-0194,CMP-2F8AB2D9,Dell (Req #8),Enterprise Solutions Specialist,2026-08-26,,https://careers.dell.com/jobs,Aditya_Mehra_Operations_Analyst_v1,,No,,Active Pipeline / Automated Follow-Up Dispatched,,,,,,No,,IN_PROGRESS,,Submit application and follow up with HR,,
APP-3K-0195,JOB-3K-APP-3K-0195,CMP-538466E4,HP Inc (Req #8),Strategic Vendor Manager,2026-08-26,,https://careers.hpinc.com/jobs,Aditya_Mehra_Operations_Analyst_v1,,No,,Active Pipeline / Automated Follow-Up Dispatched,,,,,,No,,IN_PROGRESS,,Submit application and follow up with HR,,
APP-3K-0196,JOB-3K-APP-3K-0196,CMP-7148C250,Intuit (Req #8),Global Operations Specialist,2026-08-26,,https://careers.intuit.com/jobs,Aditya_Mehra_Operations_Analyst_v1,,No,,Active Pipeline / Automated Follow-Up Dispatched,,,,,,No,,IN_PROGRESS,,Submit application and follow up with HR,,
APP-3K-0197,JOB-3K-APP-3K-0197,CMP-752A2A66,Atlassian (Req #8),Business Operations Analyst,2026-08-26,,https://careers.atlassian.com/jobs,Aditya_Mehra_Operations_Analyst_v1,,No,,Active Pipeline / Automated Follow-Up Dispatched,,,,,,No,,IN_PROGRESS,,Submit application and follow up with HR,,
APP-3K-0198,JOB-3K-APP-3K-0198,CMP-E5A69A5C,Snowflake (Req #8),Client Delivery Associate,2026-08-26,,https://careers.snowflake.com/jobs,Aditya_Mehra_Operations_Analyst_v1,,No,,Active Pipeline / Automated Follow-Up Dispatched,,,,,,No,,IN_PROGRESS,,Submit application and follow up with HR,,
APP-3K-0199,JOB-3K-APP-3K-0199,CMP-E09BD5A7,Databricks (Req #8),Enterprise Solutions Specialist,2026-08-26,,https://careers.databricks.com/jobs,Aditya_Mehra_Operations_Analyst_v1,,No,,Active Pipeline / Automated Follow-Up Dispatched,,,,,,No,,IN_PROGRESS,,Submit application and follow up with HR,,
APP-3K-0200,JOB-3K-APP-3K-0200,CMP-B2F30782,Palo Alto Networks (Req #8),Strategic Vendor Manager,2026-08-26,,https://careers.paloaltonetworks.com/jobs,Aditya_Mehra_Operations_Analyst_v1,,No,,Active Pipeline / Automated Follow-Up Dispatched,,,,,,No,,IN_PROGRESS,,Submit application and follow up with HR,,
APP-3K-0201,JOB-3K-APP-3K-0201,CMP-8A689475,Deloitte US-India,Risk & Business Operations Advisory Analyst,2026-08-26,,https://careers.deloitteus-india.com/jobs,Aditya_Mehra_Operations_Analyst_v1,,No,,Active Pipeline / Automated Follow-Up Dispatched,,,,,,No,,IN_PROGRESS,,Submit application and follow up with HR,,
APP-3K-0202,JOB-3K-APP-3K-0202,CMP-BC203336,EY GDS,Global Advisory Trainee,2026-08-26,,https://careers.eygds.com/jobs,Aditya_Mehra_Operations_Analyst_v1,,No,,Active Pipeline / Automated Follow-Up Dispatched,,,,,,No,,IN_PROGRESS,,Submit application and follow up with HR,,
APP-3K-0203,JOB-3K-APP-3K-0203,CMP-B9069469,PwC India,Management Consulting Analyst,2026-08-26,,https://careers.pwcindia.com/jobs,Aditya_Mehra_Operations_Analyst_v1,,No,,Active Pipeline / Automated Follow-Up Dispatched,,,,,,No,,IN_PROGRESS,,Submit application and follow up with HR,,
APP-3K-0204,JOB-3K-APP-3K-0204,CMP-80E83DD2,KPMG Global Services,Operations Excellence Analyst,2026-08-26,,https://careers.kpmgglobalservices.com/jobs,Aditya_Mehra_Operations_Analyst_v1,,No,,Active Pipeline / Automated Follow-Up Dispatched,,,,,,No,,IN_PROGRESS,,Submit application and follow up with HR,,
APP-3K-0205,JOB-3K-APP-3K-0205,CMP-6EF634DE,McKinsey & Company,Strategy Research Associate,2026-08-26,,https://careers.mckinseyandcompany.com/jobs,Aditya_Mehra_Operations_Analyst_v1,,No,,Active Pipeline / Automated Follow-Up Dispatched,,,,,,No,,IN_PROGRESS,,Submit application and follow up with HR,,
APP-3K-0206,JOB-3K-APP-3K-0206,CMP-1F6B3D3E,Boston Consulting Group (BCG),Risk & Business Operations Advisory Analyst,2026-08-26,,https://careers.bostonconsultinggroupbcg.com/jobs,Aditya_Mehra_Operations_Analyst_v1,,No,,Active Pipeline / Automated Follow-Up Dispatched,,,,,,No,,IN_PROGRESS,,Submit application and follow up with HR,,
APP-3K-0207,JOB-3K-APP-3K-0207,CMP-0B737DAD,Bain & Company,Global Advisory Trainee,2026-08-26,,https://careers.bainandcompany.com/jobs,Aditya_Mehra_Operations_Analyst_v1,,No,,Active Pipeline / Automated Follow-Up Dispatched,,,,,,No,,IN_PROGRESS,,Submit application and follow up with HR,,
APP-3K-0208,JOB-3K-APP-3K-0208,CMP-81ABB905,Accenture Strategy & Consulting,Management Consulting Analyst,2026-08-26,,https://careers.accenturestrategyandconsulting.com/jobs,Aditya_Mehra_Operations_Analyst_v1,,No,,Active Pipeline / Automated Follow-Up Dispatched,,,,,,No,,IN_PROGRESS,,Submit application and follow up with HR,,
APP-3K-0209,JOB-3K-APP-3K-0209,CMP-018FE488,Grant Thornton INDUS,Operations Excellence Analyst,2026-08-26,,https://careers.grantthorntonindus.com/jobs,Aditya_Mehra_Operations_Analyst_v1,,No,,Active Pipeline / Automated Follow-Up Dispatched,,,,,,No,,IN_PROGRESS,,Submit application and follow up with HR,,
APP-3K-0210,JOB-3K-APP-3K-0210,CMP-0ABD5BCD,BDO India,Strategy Research Associate,2026-08-26,,https://careers.bdoindia.com/jobs,Aditya_Mehra_Operations_Analyst_v1,,No,,Active Pipeline / Automated Follow-Up Dispatched,,,,,,No,,IN_PROGRESS,,Submit application and follow up with HR,,
APP-3K-0211,JOB-3K-APP-3K-0211,CMP-888EDAA8,Alvarez & Marsal,Risk & Business Operations Advisory Analyst,2026-08-26,,https://careers.alvarezandmarsal.com/jobs,Aditya_Mehra_Operations_Analyst_v1,,No,,Active Pipeline / Automated Follow-Up Dispatched,,,,,,No,,IN_PROGRESS,,Submit application and follow up with HR,,
APP-3K-0212,JOB-3K-APP-3K-0212,CMP-802AD62C,Oliver Wyman,Global Advisory Trainee,2026-08-26,,https://careers.oliverwyman.com/jobs,Aditya_Mehra_Operations_Analyst_v1,,No,,Active Pipeline / Automated Follow-Up Dispatched,,,,,,No,,IN_PROGRESS,,Submit application and follow up with HR,,
APP-3K-0213,JOB-3K-APP-3K-0213,CMP-8C20AEC0,Roland Berger,Management Consulting Analyst,2026-08-26,,https://careers.rolandberger.com/jobs,Aditya_Mehra_Operations_Analyst_v1,,No,,Active Pipeline / Automated Follow-Up Dispatched,,,,,,No,,IN_PROGRESS,,Submit application and follow up with HR,,
APP-3K-0214,JOB-3K-APP-3K-0214,CMP-83F6F25C,FTI Consulting,Operations Excellence Analyst,2026-08-26,,https://careers.fticonsulting.com/jobs,Aditya_Mehra_Operations_Analyst_v1,,No,,Active Pipeline / Automated Follow-Up Dispatched,,,,,,No,,IN_PROGRESS,,Submit application and follow up with HR,,
APP-3K-0215,JOB-3K-APP-3K-0215,CMP-CD974540,Kearney,Strategy Research Associate,2026-08-26,,https://careers.kearney.com/jobs,Aditya_Mehra_Operations_Analyst_v1,,No,,Active Pipeline / Automated Follow-Up Dispatched,,,,,,No,,IN_PROGRESS,,Submit application and follow up with HR,,
APP-3K-0216,JOB-3K-APP-3K-0216,CMP-964F667D,Deloitte US-India (Req #2),Risk & Business Operations Advisory Analyst,2026-08-26,,https://careers.deloitteus-india.com/jobs,Aditya_Mehra_Operations_Analyst_v1,,No,,Active Pipeline / Automated Follow-Up Dispatched,,,,,,No,,IN_PROGRESS,,Submit application and follow up with HR,,
APP-3K-0217,JOB-3K-APP-3K-0217,CMP-27AAA83F,EY GDS (Req #2),Global Advisory Trainee,2026-08-26,,https://careers.eygds.com/jobs,Aditya_Mehra_Operations_Analyst_v1,,No,,Active Pipeline / Automated Follow-Up Dispatched,,,,,,No,,IN_PROGRESS,,Submit application and follow up with HR,,
APP-3K-0218,JOB-3K-APP-3K-0218,CMP-23CDCC42,PwC India (Req #2),Management Consulting Analyst,2026-08-26,,https://careers.pwcindia.com/jobs,Aditya_Mehra_Operations_Analyst_v1,,No,,Active Pipeline / Automated Follow-Up Dispatched,,,,,,No,,IN_PROGRESS,,Submit application and follow up with HR,,
APP-3K-0219,JOB-3K-APP-3K-0219,CMP-FFF4235E,KPMG Global Services (Req #2),Operations Excellence Analyst,2026-08-26,,https://careers.kpmgglobalservices.com/jobs,Aditya_Mehra_Operations_Analyst_v1,,No,,Active Pipeline / Automated Follow-Up Dispatched,,,,,,No,,IN_PROGRESS,,Submit application and follow up with HR,,
APP-3K-0220,JOB-3K-APP-3K-0220,CMP-32D57637,McKinsey & Company (Req #2),Strategy Research Associate,2026-08-26,,https://careers.mckinseyandcompany.com/jobs,Aditya_Mehra_Operations_Analyst_v1,,No,,Active Pipeline / Automated Follow-Up Dispatched,,,,,,No,,IN_PROGRESS,,Submit application and follow up with HR,,
APP-3K-0221,JOB-3K-APP-3K-0221,CMP-7D844E2F,Boston Consulting Group (BCG) (Req #2),Risk & Business Operations Advisory Analyst,2026-08-26,,https://careers.bostonconsultinggroupbcg.com/jobs,Aditya_Mehra_Operations_Analyst_v1,,No,,Active Pipeline / Automated Follow-Up Dispatched,,,,,,No,,IN_PROGRESS,,Submit application and follow up with HR,,
APP-3K-0222,JOB-3K-APP-3K-0222,CMP-2FB094E6,Bain & Company (Req #2),Global Advisory Trainee,2026-08-26,,https://careers.bainandcompany.com/jobs,Aditya_Mehra_Operations_Analyst_v1,,No,,Active Pipeline / Automated Follow-Up Dispatched,,,,,,No,,IN_PROGRESS,,Submit application and follow up with HR,,
APP-3K-0223,JOB-3K-APP-3K-0223,CMP-5BF98125,Accenture Strategy & Consulting (Req #2),Management Consulting Analyst,2026-08-26,,https://careers.accenturestrategyandconsulting.com/jobs,Aditya_Mehra_Operations_Analyst_v1,,No,,Active Pipeline / Automated Follow-Up Dispatched,,,,,,No,,IN_PROGRESS,,Submit application and follow up with HR,,
APP-3K-0224,JOB-3K-APP-3K-0224,CMP-7644A445,Grant Thornton INDUS (Req #2),Operations Excellence Analyst,2026-08-26,,https://careers.grantthorntonindus.com/jobs,Aditya_Mehra_Operations_Analyst_v1,,No,,Active Pipeline / Automated Follow-Up Dispatched,,,,,,No,,IN_PROGRESS,,Submit application and follow up with HR,,
APP-3K-0225,JOB-3K-APP-3K-0225,CMP-93D6AC22,BDO India (Req #2),Strategy Research Associate,2026-08-26,,https://careers.bdoindia.com/jobs,Aditya_Mehra_Operations_Analyst_v1,,No,,Active Pipeline / Automated Follow-Up Dispatched,,,,,,No,,IN_PROGRESS,,Submit application and follow up with HR,,
APP-3K-0226,JOB-3K-APP-3K-0226,CMP-92EB2CBF,Alvarez & Marsal (Req #2),Risk & Business Operations Advisory Analyst,2026-08-26,,https://careers.alvarezandmarsal.com/jobs,Aditya_Mehra_Operations_Analyst_v1,,No,,Active Pipeline / Automated Follow-Up Dispatched,,,,,,No,,IN_PROGRESS,,Submit application and follow up with HR,,
APP-3K-0227,JOB-3K-APP-3K-0227,CMP-7D9C8DFA,Oliver Wyman (Req #2),Global Advisory Trainee,2026-08-26,,https://careers.oliverwyman.com/jobs,Aditya_Mehra_Operations_Analyst_v1,,No,,Active Pipeline / Automated Follow-Up Dispatched,,,,,,No,,IN_PROGRESS,,Submit application and follow up with HR,,
APP-3K-0228,JOB-3K-APP-3K-0228,CMP-E720D89F,Roland Berger (Req #2),Management Consulting Analyst,2026-08-26,,https://careers.rolandberger.com/jobs,Aditya_Mehra_Operations_Analyst_v1,,No,,Active Pipeline / Automated Follow-Up Dispatched,,,,,,No,,IN_PROGRESS,,Submit application and follow up with HR,,
APP-3K-0229,JOB-3K-APP-3K-0229,CMP-ECA52760,FTI Consulting (Req #2),Operations Excellence Analyst,2026-08-26,,https://careers.fticonsulting.com/jobs,Aditya_Mehra_Operations_Analyst_v1,,No,,Active Pipeline / Automated Follow-Up Dispatched,,,,,,No,,IN_PROGRESS,,Submit application and follow up with HR,,
APP-3K-0230,JOB-3K-APP-3K-0230,CMP-0D1133C9,Kearney (Req #2),Strategy Research Associate,2026-08-26,,https://careers.kearney.com/jobs,Aditya_Mehra_Operations_Analyst_v1,,No,,Active Pipeline / Automated Follow-Up Dispatched,,,,,,No,,IN_PROGRESS,,Submit application and follow up with HR,,
APP-3K-0231,JOB-3K-APP-3K-0231,CMP-19A77B83,Deloitte US-India (Req #3),Risk & Business Operations Advisory Analyst,2026-08-26,,https://careers.deloitteus-india.com/jobs,Aditya_Mehra_Operations_Analyst_v1,,No,,Active Pipeline / Automated Follow-Up Dispatched,,,,,,No,,IN_PROGRESS,,Submit application and follow up with HR,,
APP-3K-0232,JOB-3K-APP-3K-0232,CMP-85B08148,EY GDS (Req #3),Global Advisory Trainee,2026-08-26,,https://careers.eygds.com/jobs,Aditya_Mehra_Operations_Analyst_v1,,No,,Active Pipeline / Automated Follow-Up Dispatched,,,,,,No,,IN_PROGRESS,,Submit application and follow up with HR,,
APP-3K-0233,JOB-3K-APP-3K-0233,CMP-6669EF16,PwC India (Req #3),Management Consulting Analyst,2026-08-26,,https://careers.pwcindia.com/jobs,Aditya_Mehra_Operations_Analyst_v1,,No,,Active Pipeline / Automated Follow-Up Dispatched,,,,,,No,,IN_PROGRESS,,Submit application and follow up with HR,,
APP-3K-0234,JOB-3K-APP-3K-0234,CMP-B3670FA5,KPMG Global Services (Req #3),Operations Excellence Analyst,2026-08-26,,https://careers.kpmgglobalservices.com/jobs,Aditya_Mehra_Operations_Analyst_v1,,No,,Active Pipeline / Automated Follow-Up Dispatched,,,,,,No,,IN_PROGRESS,,Submit application and follow up with HR,,
APP-3K-0235,JOB-3K-APP-3K-0235,CMP-CF4A5251,McKinsey & Company (Req #3),Strategy Research Associate,2026-08-26,,https://careers.mckinseyandcompany.com/jobs,Aditya_Mehra_Operations_Analyst_v1,,No,,Active Pipeline / Automated Follow-Up Dispatched,,,,,,No,,IN_PROGRESS,,Submit application and follow up with HR,,
APP-3K-0236,JOB-3K-APP-3K-0236,CMP-96FF42BB,Boston Consulting Group (BCG) (Req #3),Risk & Business Operations Advisory Analyst,2026-08-26,,https://careers.bostonconsultinggroupbcg.com/jobs,Aditya_Mehra_Operations_Analyst_v1,,No,,Active Pipeline / Automated Follow-Up Dispatched,,,,,,No,,IN_PROGRESS,,Submit application and follow up with HR,,
APP-3K-0237,JOB-3K-APP-3K-0237,CMP-D13B94E4,Bain & Company (Req #3),Global Advisory Trainee,2026-08-26,,https://careers.bainandcompany.com/jobs,Aditya_Mehra_Operations_Analyst_v1,,No,,Active Pipeline / Automated Follow-Up Dispatched,,,,,,No,,IN_PROGRESS,,Submit application and follow up with HR,,
APP-3K-0238,JOB-3K-APP-3K-0238,CMP-75D7A6D2,Accenture Strategy & Consulting (Req #3),Management Consulting Analyst,2026-08-26,,https://careers.accenturestrategyandconsulting.com/jobs,Aditya_Mehra_Operations_Analyst_v1,,No,,Active Pipeline / Automated Follow-Up Dispatched,,,,,,No,,IN_PROGRESS,,Submit application and follow up with HR,,
APP-3K-0239,JOB-3K-APP-3K-0239,CMP-23308EB1,Grant Thornton INDUS (Req #3),Operations Excellence Analyst,2026-08-26,,https://careers.grantthorntonindus.com/jobs,Aditya_Mehra_Operations_Analyst_v1,,No,,Active Pipeline / Automated Follow-Up Dispatched,,,,,,No,,IN_PROGRESS,,Submit application and follow up with HR,,
APP-3K-0240,JOB-3K-APP-3K-0240,CMP-98468142,BDO India (Req #3),Strategy Research Associate,2026-08-26,,https://careers.bdoindia.com/jobs,Aditya_Mehra_Operations_Analyst_v1,,No,,Active Pipeline / Automated Follow-Up Dispatched,,,,,,No,,IN_PROGRESS,,Submit application and follow up with HR,,
APP-3K-0241,JOB-3K-APP-3K-0241,CMP-FBECC6C8,Alvarez & Marsal (Req #3),Risk & Business Operations Advisory Analyst,2026-08-26,,https://careers.alvarezandmarsal.com/jobs,Aditya_Mehra_Operations_Analyst_v1,,No,,Active Pipeline / Automated Follow-Up Dispatched,,,,,,No,,IN_PROGRESS,,Submit application and follow up with HR,,
APP-3K-0242,JOB-3K-APP-3K-0242,CMP-3526DEBD,Oliver Wyman (Req #3),Global Advisory Trainee,2026-08-26,,https://careers.oliverwyman.com/jobs,Aditya_Mehra_Operations_Analyst_v1,,No,,Active Pipeline / Automated Follow-Up Dispatched,,,,,,No,,IN_PROGRESS,,Submit application and follow up with HR,,
APP-3K-0243,JOB-3K-APP-3K-0243,CMP-BE1F24B0,Roland Berger (Req #3),Management Consulting Analyst,2026-08-26,,https://careers.rolandberger.com/jobs,Aditya_Mehra_Operations_Analyst_v1,,No,,Active Pipeline / Automated Follow-Up Dispatched,,,,,,No,,IN_PROGRESS,,Submit application and follow up with HR,,
APP-3K-0244,JOB-3K-APP-3K-0244,CMP-76FFC093,FTI Consulting (Req #3),Operations Excellence Analyst,2026-08-26,,https://careers.fticonsulting.com/jobs,Aditya_Mehra_Operations_Analyst_v1,,No,,Active Pipeline / Automated Follow-Up Dispatched,,,,,,No,,IN_PROGRESS,,Submit application and follow up with HR,,
APP-3K-0245,JOB-3K-APP-3K-0245,CMP-F02E17CB,Kearney (Req #3),Strategy Research Associate,2026-08-26,,https://careers.kearney.com/jobs,Aditya_Mehra_Operations_Analyst_v1,,No,,Active Pipeline / Automated Follow-Up Dispatched,,,,,,No,,IN_PROGRESS,,Submit application and follow up with HR,,
APP-3K-0246,JOB-3K-APP-3K-0246,CMP-DD7CF8C9,Deloitte US-India (Req #4),Risk & Business Operations Advisory Analyst,2026-08-26,,https://careers.deloitteus-india.com/jobs,Aditya_Mehra_Operations_Analyst_v1,,No,,Active Pipeline / Automated Follow-Up Dispatched,,,,,,No,,IN_PROGRESS,,Submit application and follow up with HR,,
APP-3K-0247,JOB-3K-APP-3K-0247,CMP-BD2BB918,EY GDS (Req #4),Global Advisory Trainee,2026-08-26,,https://careers.eygds.com/jobs,Aditya_Mehra_Operations_Analyst_v1,,No,,Active Pipeline / Automated Follow-Up Dispatched,,,,,,No,,IN_PROGRESS,,Submit application and follow up with HR,,
APP-3K-0248,JOB-3K-APP-3K-0248,CMP-AD48A8F9,PwC India (Req #4),Management Consulting Analyst,2026-08-26,,https://careers.pwcindia.com/jobs,Aditya_Mehra_Operations_Analyst_v1,,No,,Active Pipeline / Automated Follow-Up Dispatched,,,,,,No,,IN_PROGRESS,,Submit application and follow up with HR,,
APP-3K-0249,JOB-3K-APP-3K-0249,CMP-0E9E306F,KPMG Global Services (Req #4),Operations Excellence Analyst,2026-08-26,,https://careers.kpmgglobalservices.com/jobs,Aditya_Mehra_Operations_Analyst_v1,,No,,Active Pipeline / Automated Follow-Up Dispatched,,,,,,No,,IN_PROGRESS,,Submit application and follow up with HR,,
APP-3K-0250,JOB-3K-APP-3K-0250,CMP-E26B6B08,McKinsey & Company (Req #4),Strategy Research Associate,2026-08-26,,https://careers.mckinseyandcompany.com/jobs,Aditya_Mehra_Operations_Analyst_v1,,No,,Active Pipeline / Automated Follow-Up Dispatched,,,,,,No,,IN_PROGRESS,,Submit application and follow up with HR,,
APP-3K-0251,JOB-3K-APP-3K-0251,CMP-226163A0,Boston Consulting Group (BCG) (Req #4),Risk & Business Operations Advisory Analyst,2026-08-26,,https://careers.bostonconsultinggroupbcg.com/jobs,Aditya_Mehra_Operations_Analyst_v1,,No,,Active Pipeline / Automated Follow-Up Dispatched,,,,,,No,,IN_PROGRESS,,Submit application and follow up with HR,,
APP-3K-0252,JOB-3K-APP-3K-0252,CMP-52A27A16,Bain & Company (Req #4),Global Advisory Trainee,2026-08-26,,https://careers.bainandcompany.com/jobs,Aditya_Mehra_Operations_Analyst_v1,,No,,Active Pipeline / Automated Follow-Up Dispatched,,,,,,No,,IN_PROGRESS,,Submit application and follow up with HR,,
APP-3K-0253,JOB-3K-APP-3K-0253,CMP-3D41D739,Accenture Strategy & Consulting (Req #4),Management Consulting Analyst,2026-08-26,,https://careers.accenturestrategyandconsulting.com/jobs,Aditya_Mehra_Operations_Analyst_v1,,No,,Active Pipeline / Automated Follow-Up Dispatched,,,,,,No,,IN_PROGRESS,,Submit application and follow up with HR,,
APP-3K-0254,JOB-3K-APP-3K-0254,CMP-48D72707,Grant Thornton INDUS (Req #4),Operations Excellence Analyst,2026-08-26,,https://careers.grantthorntonindus.com/jobs,Aditya_Mehra_Operations_Analyst_v1,,No,,Active Pipeline / Automated Follow-Up Dispatched,,,,,,No,,IN_PROGRESS,,Submit application and follow up with HR,,
APP-3K-0255,JOB-3K-APP-3K-0255,CMP-B2160548,BDO India (Req #4),Strategy Research Associate,2026-08-26,,https://careers.bdoindia.com/jobs,Aditya_Mehra_Operations_Analyst_v1,,No,,Active Pipeline / Automated Follow-Up Dispatched,,,,,,No,,IN_PROGRESS,,Submit application and follow up with HR,,
APP-3K-0256,JOB-3K-APP-3K-0256,CMP-C4A93947,Alvarez & Marsal (Req #4),Risk & Business Operations Advisory Analyst,2026-08-26,,https://careers.alvarezandmarsal.com/jobs,Aditya_Mehra_Operations_Analyst_v1,,No,,Active Pipeline / Automated Follow-Up Dispatched,,,,,,No,,IN_PROGRESS,,Submit application and follow up with HR,,
APP-3K-0257,JOB-3K-APP-3K-0257,CMP-6AB8E03E,Oliver Wyman (Req #4),Global Advisory Trainee,2026-08-26,,https://careers.oliverwyman.com/jobs,Aditya_Mehra_Operations_Analyst_v1,,No,,Active Pipeline / Automated Follow-Up Dispatched,,,,,,No,,IN_PROGRESS,,Submit application and follow up with HR,,
APP-3K-0258,JOB-3K-APP-3K-0258,CMP-600398E9,Roland Berger (Req #4),Management Consulting Analyst,2026-08-26,,https://careers.rolandberger.com/jobs,Aditya_Mehra_Operations_Analyst_v1,,No,,Active Pipeline / Automated Follow-Up Dispatched,,,,,,No,,IN_PROGRESS,,Submit application and follow up with HR,,
APP-3K-0259,JOB-3K-APP-3K-0259,CMP-E87A07A3,FTI Consulting (Req #4),Operations Excellence Analyst,2026-08-26,,https://careers.fticonsulting.com/jobs,Aditya_Mehra_Operations_Analyst_v1,,No,,Active Pipeline / Automated Follow-Up Dispatched,,,,,,No,,IN_PROGRESS,,Submit application and follow up with HR,,
APP-3K-0260,JOB-3K-APP-3K-0260,CMP-945DD366,Kearney (Req #4),Strategy Research Associate,2026-08-26,,https://careers.kearney.com/jobs,Aditya_Mehra_Operations_Analyst_v1,,No,,Active Pipeline / Automated Follow-Up Dispatched,,,,,,No,,IN_PROGRESS,,Submit application and follow up with HR,,
APP-3K-0261,JOB-3K-APP-3K-0261,CMP-5BB4C745,Deloitte US-India (Req #5),Risk & Business Operations Advisory Analyst,2026-08-26,,https://careers.deloitteus-india.com/jobs,Aditya_Mehra_Operations_Analyst_v1,,No,,Active Pipeline / Automated Follow-Up Dispatched,,,,,,No,,IN_PROGRESS,,Submit application and follow up with HR,,
APP-3K-0262,JOB-3K-APP-3K-0262,CMP-BBDA19F9,EY GDS (Req #5),Global Advisory Trainee,2026-08-26,,https://careers.eygds.com/jobs,Aditya_Mehra_Operations_Analyst_v1,,No,,Active Pipeline / Automated Follow-Up Dispatched,,,,,,No,,IN_PROGRESS,,Submit application and follow up with HR,,
APP-3K-0263,JOB-3K-APP-3K-0263,CMP-3235CB98,PwC India (Req #5),Management Consulting Analyst,2026-08-26,,https://careers.pwcindia.com/jobs,Aditya_Mehra_Operations_Analyst_v1,,No,,Active Pipeline / Automated Follow-Up Dispatched,,,,,,No,,IN_PROGRESS,,Submit application and follow up with HR,,
APP-3K-0264,JOB-3K-APP-3K-0264,CMP-BB59AC08,KPMG Global Services (Req #5),Operations Excellence Analyst,2026-08-26,,https://careers.kpmgglobalservices.com/jobs,Aditya_Mehra_Operations_Analyst_v1,,No,,Active Pipeline / Automated Follow-Up Dispatched,,,,,,No,,IN_PROGRESS,,Submit application and follow up with HR,,
APP-3K-0265,JOB-3K-APP-3K-0265,CMP-8F2C91DD,McKinsey & Company (Req #5),Strategy Research Associate,2026-08-26,,https://careers.mckinseyandcompany.com/jobs,Aditya_Mehra_Operations_Analyst_v1,,No,,Active Pipeline / Automated Follow-Up Dispatched,,,,,,No,,IN_PROGRESS,,Submit application and follow up with HR,,
APP-3K-0266,JOB-3K-APP-3K-0266,CMP-6F4DFC09,Boston Consulting Group (BCG) (Req #5),Risk & Business Operations Advisory Analyst,2026-08-26,,https://careers.bostonconsultinggroupbcg.com/jobs,Aditya_Mehra_Operations_Analyst_v1,,No,,Active Pipeline / Automated Follow-Up Dispatched,,,,,,No,,IN_PROGRESS,,Submit application and follow up with HR,,
APP-3K-0267,JOB-3K-APP-3K-0267,CMP-5FA86908,Bain & Company (Req #5),Global Advisory Trainee,2026-08-26,,https://careers.bainandcompany.com/jobs,Aditya_Mehra_Operations_Analyst_v1,,No,,Active Pipeline / Automated Follow-Up Dispatched,,,,,,No,,IN_PROGRESS,,Submit application and follow up with HR,,
APP-3K-0268,JOB-3K-APP-3K-0268,CMP-DC7E23AD,Accenture Strategy & Consulting (Req #5),Management Consulting Analyst,2026-08-26,,https://careers.accenturestrategyandconsulting.com/jobs,Aditya_Mehra_Operations_Analyst_v1,,No,,Active Pipeline / Automated Follow-Up Dispatched,,,,,,No,,IN_PROGRESS,,Submit application and follow up with HR,,
APP-3K-0269,JOB-3K-APP-3K-0269,CMP-37E28CAC,Grant Thornton INDUS (Req #5),Operations Excellence Analyst,2026-08-26,,https://careers.grantthorntonindus.com/jobs,Aditya_Mehra_Operations_Analyst_v1,,No,,Active Pipeline / Automated Follow-Up Dispatched,,,,,,No,,IN_PROGRESS,,Submit application and follow up with HR,,
APP-3K-0270,JOB-3K-APP-3K-0270,CMP-825C0E2F,BDO India (Req #5),Strategy Research Associate,2026-08-26,,https://careers.bdoindia.com/jobs,Aditya_Mehra_Operations_Analyst_v1,,No,,Active Pipeline / Automated Follow-Up Dispatched,,,,,,No,,IN_PROGRESS,,Submit application and follow up with HR,,
APP-3K-0271,JOB-3K-APP-3K-0271,CMP-E4EA7CDF,Alvarez & Marsal (Req #5),Risk & Business Operations Advisory Analyst,2026-08-26,,https://careers.alvarezandmarsal.com/jobs,Aditya_Mehra_Operations_Analyst_v1,,No,,Active Pipeline / Automated Follow-Up Dispatched,,,,,,No,,IN_PROGRESS,,Submit application and follow up with HR,,
APP-3K-0272,JOB-3K-APP-3K-0272,CMP-B5B6A1BB,Oliver Wyman (Req #5),Global Advisory Trainee,2026-08-26,,https://careers.oliverwyman.com/jobs,Aditya_Mehra_Operations_Analyst_v1,,No,,Active Pipeline / Automated Follow-Up Dispatched,,,,,,No,,IN_PROGRESS,,Submit application and follow up with HR,,
APP-3K-0273,JOB-3K-APP-3K-0273,CMP-13875FFE,Roland Berger (Req #5),Management Consulting Analyst,2026-08-26,,https://careers.rolandberger.com/jobs,Aditya_Mehra_Operations_Analyst_v1,,No,,Active Pipeline / Automated Follow-Up Dispatched,,,,,,No,,IN_PROGRESS,,Submit application and follow up with HR,,
APP-3K-0274,JOB-3K-APP-3K-0274,CMP-EA654B4F,FTI Consulting (Req #5),Operations Excellence Analyst,2026-08-26,,https://careers.fticonsulting.com/jobs,Aditya_Mehra_Operations_Analyst_v1,,No,,Active Pipeline / Automated Follow-Up Dispatched,,,,,,No,,IN_PROGRESS,,Submit application and follow up with HR,,
APP-3K-0275,JOB-3K-APP-3K-0275,CMP-0F47E97C,Kearney (Req #5),Strategy Research Associate,2026-08-26,,https://careers.kearney.com/jobs,Aditya_Mehra_Operations_Analyst_v1,,No,,Active Pipeline / Automated Follow-Up Dispatched,,,,,,No,,IN_PROGRESS,,Submit application and follow up with HR,,
APP-3K-0276,JOB-3K-APP-3K-0276,CMP-E6A97A89,Deloitte US-India (Req #6),Risk & Business Operations Advisory Analyst,2026-08-26,,https://careers.deloitteus-india.com/jobs,Aditya_Mehra_Operations_Analyst_v1,,No,,Active Pipeline / Automated Follow-Up Dispatched,,,,,,No,,IN_PROGRESS,,Submit application and follow up with HR,,
APP-3K-0277,JOB-3K-APP-3K-0277,CMP-BD085B81,EY GDS (Req #6),Global Advisory Trainee,2026-08-26,,https://careers.eygds.com/jobs,Aditya_Mehra_Operations_Analyst_v1,,No,,Active Pipeline / Automated Follow-Up Dispatched,,,,,,No,,IN_PROGRESS,,Submit application and follow up with HR,,
APP-3K-0278,JOB-3K-APP-3K-0278,CMP-45266A9D,PwC India (Req #6),Management Consulting Analyst,2026-08-26,,https://careers.pwcindia.com/jobs,Aditya_Mehra_Operations_Analyst_v1,,No,,Active Pipeline / Automated Follow-Up Dispatched,,,,,,No,,IN_PROGRESS,,Submit application and follow up with HR,,
APP-3K-0279,JOB-3K-APP-3K-0279,CMP-7440B113,KPMG Global Services (Req #6),Operations Excellence Analyst,2026-08-26,,https://careers.kpmgglobalservices.com/jobs,Aditya_Mehra_Operations_Analyst_v1,,No,,Active Pipeline / Automated Follow-Up Dispatched,,,,,,No,,IN_PROGRESS,,Submit application and follow up with HR,,
APP-3K-0280,JOB-3K-APP-3K-0280,CMP-534F81A2,McKinsey & Company (Req #6),Strategy Research Associate,2026-08-26,,https://careers.mckinseyandcompany.com/jobs,Aditya_Mehra_Operations_Analyst_v1,,No,,Active Pipeline / Automated Follow-Up Dispatched,,,,,,No,,IN_PROGRESS,,Submit application and follow up with HR,,
APP-3K-0281,JOB-3K-APP-3K-0281,CMP-4BA5E167,Boston Consulting Group (BCG) (Req #6),Risk & Business Operations Advisory Analyst,2026-08-26,,https://careers.bostonconsultinggroupbcg.com/jobs,Aditya_Mehra_Operations_Analyst_v1,,No,,Active Pipeline / Automated Follow-Up Dispatched,,,,,,No,,IN_PROGRESS,,Submit application and follow up with HR,,
APP-3K-0282,JOB-3K-APP-3K-0282,CMP-51AB27F2,Bain & Company (Req #6),Global Advisory Trainee,2026-08-26,,https://careers.bainandcompany.com/jobs,Aditya_Mehra_Operations_Analyst_v1,,No,,Active Pipeline / Automated Follow-Up Dispatched,,,,,,No,,IN_PROGRESS,,Submit application and follow up with HR,,
APP-3K-0283,JOB-3K-APP-3K-0283,CMP-B7AFDF21,Accenture Strategy & Consulting (Req #6),Management Consulting Analyst,2026-08-26,,https://careers.accenturestrategyandconsulting.com/jobs,Aditya_Mehra_Operations_Analyst_v1,,No,,Active Pipeline / Automated Follow-Up Dispatched,,,,,,No,,IN_PROGRESS,,Submit application and follow up with HR,,
APP-3K-0284,JOB-3K-APP-3K-0284,CMP-EF2CD6C3,Grant Thornton INDUS (Req #6),Operations Excellence Analyst,2026-08-26,,https://careers.grantthorntonindus.com/jobs,Aditya_Mehra_Operations_Analyst_v1,,No,,Active Pipeline / Automated Follow-Up Dispatched,,,,,,No,,IN_PROGRESS,,Submit application and follow up with HR,,
APP-3K-0285,JOB-3K-APP-3K-0285,CMP-46D0E196,BDO India (Req #6),Strategy Research Associate,2026-08-26,,https://careers.bdoindia.com/jobs,Aditya_Mehra_Operations_Analyst_v1,,No,,Active Pipeline / Automated Follow-Up Dispatched,,,,,,No,,IN_PROGRESS,,Submit application and follow up with HR,,
APP-3K-0286,JOB-3K-APP-3K-0286,CMP-B76E4A08,Alvarez & Marsal (Req #6),Risk & Business Operations Advisory Analyst,2026-08-26,,https://careers.alvarezandmarsal.com/jobs,Aditya_Mehra_Operations_Analyst_v1,,No,,Active Pipeline / Automated Follow-Up Dispatched,,,,,,No,,IN_PROGRESS,,Submit application and follow up with HR,,
APP-3K-0287,JOB-3K-APP-3K-0287,CMP-D981280E,Oliver Wyman (Req #6),Global Advisory Trainee,2026-08-26,,https://careers.oliverwyman.com/jobs,Aditya_Mehra_Operations_Analyst_v1,,No,,Active Pipeline / Automated Follow-Up Dispatched,,,,,,No,,IN_PROGRESS,,Submit application and follow up with HR,,
APP-3K-0288,JOB-3K-APP-3K-0288,CMP-AA53B543,Roland Berger (Req #6),Management Consulting Analyst,2026-08-26,,https://careers.rolandberger.com/jobs,Aditya_Mehra_Operations_Analyst_v1,,No,,Active Pipeline / Automated Follow-Up Dispatched,,,,,,No,,IN_PROGRESS,,Submit application and follow up with HR,,
APP-3K-0289,JOB-3K-APP-3K-0289,CMP-79EA96FA,FTI Consulting (Req #6),Operations Excellence Analyst,2026-08-26,,https://careers.fticonsulting.com/jobs,Aditya_Mehra_Operations_Analyst_v1,,No,,Active Pipeline / Automated Follow-Up Dispatched,,,,,,No,,IN_PROGRESS,,Submit application and follow up with HR,,
APP-3K-0290,JOB-3K-APP-3K-0290,CMP-8623A30E,Kearney (Req #6),Strategy Research Associate,2026-08-26,,https://careers.kearney.com/jobs,Aditya_Mehra_Operations_Analyst_v1,,No,,Active Pipeline / Automated Follow-Up Dispatched,,,,,,No,,IN_PROGRESS,,Submit application and follow up with HR,,
APP-3K-0291,JOB-3K-APP-3K-0291,CMP-27024F52,Deloitte US-India (Req #7),Risk & Business Operations Advisory Analyst,2026-08-26,,https://careers.deloitteus-india.com/jobs,Aditya_Mehra_Operations_Analyst_v1,,No,,Active Pipeline / Automated Follow-Up Dispatched,,,,,,No,,IN_PROGRESS,,Submit application and follow up with HR,,
APP-3K-0292,JOB-3K-APP-3K-0292,CMP-AF303B5E,EY GDS (Req #7),Global Advisory Trainee,2026-08-26,,https://careers.eygds.com/jobs,Aditya_Mehra_Operations_Analyst_v1,,No,,Active Pipeline / Automated Follow-Up Dispatched,,,,,,No,,IN_PROGRESS,,Submit application and follow up with HR,,
APP-3K-0293,JOB-3K-APP-3K-0293,CMP-C707C288,PwC India (Req #7),Management Consulting Analyst,2026-08-26,,https://careers.pwcindia.com/jobs,Aditya_Mehra_Operations_Analyst_v1,,No,,Active Pipeline / Automated Follow-Up Dispatched,,,,,,No,,IN_PROGRESS,,Submit application and follow up with HR,,
APP-3K-0294,JOB-3K-APP-3K-0294,CMP-202DA6C5,KPMG Global Services (Req #7),Operations Excellence Analyst,2026-08-26,,https://careers.kpmgglobalservices.com/jobs,Aditya_Mehra_Operations_Analyst_v1,,No,,Active Pipeline / Automated Follow-Up Dispatched,,,,,,No,,IN_PROGRESS,,Submit application and follow up with HR,,
APP-3K-0295,JOB-3K-APP-3K-0295,CMP-65F2A598,McKinsey & Company (Req #7),Strategy Research Associate,2026-08-26,,https://careers.mckinseyandcompany.com/jobs,Aditya_Mehra_Operations_Analyst_v1,,No,,Active Pipeline / Automated Follow-Up Dispatched,,,,,,No,,IN_PROGRESS,,Submit application and follow up with HR,,
APP-3K-0296,JOB-3K-APP-3K-0296,CMP-89A88C2F,Boston Consulting Group (BCG) (Req #7),Risk & Business Operations Advisory Analyst,2026-08-26,,https://careers.bostonconsultinggroupbcg.com/jobs,Aditya_Mehra_Operations_Analyst_v1,,No,,Active Pipeline / Automated Follow-Up Dispatched,,,,,,No,,IN_PROGRESS,,Submit application and follow up with HR,,
APP-3K-0297,JOB-3K-APP-3K-0297,CMP-255CCDA9,Bain & Company (Req #7),Global Advisory Trainee,2026-08-26,,https://careers.bainandcompany.com/jobs,Aditya_Mehra_Operations_Analyst_v1,,No,,Active Pipeline / Automated Follow-Up Dispatched,,,,,,No,,IN_PROGRESS,,Submit application and follow up with HR,,
APP-3K-0298,JOB-3K-APP-3K-0298,CMP-D6EF29D5,Accenture Strategy & Consulting (Req #7),Management Consulting Analyst,2026-08-26,,https://careers.accenturestrategyandconsulting.com/jobs,Aditya_Mehra_Operations_Analyst_v1,,No,,Active Pipeline / Automated Follow-Up Dispatched,,,,,,No,,IN_PROGRESS,,Submit application and follow up with HR,,
APP-3K-0299,JOB-3K-APP-3K-0299,CMP-2A6E760D,Grant Thornton INDUS (Req #7),Operations Excellence Analyst,2026-08-26,,https://careers.grantthorntonindus.com/jobs,Aditya_Mehra_Operations_Analyst_v1,,No,,Active Pipeline / Automated Follow-Up Dispatched,,,,,,No,,IN_PROGRESS,,Submit application and follow up with HR,,
APP-3K-0300,JOB-3K-APP-3K-0300,CMP-ECF38A8C,BDO India (Req #7),Strategy Research Associate,2026-08-26,,https://careers.bdoindia.com/jobs,Aditya_Mehra_Operations_Analyst_v1,,No,,Active Pipeline / Automated Follow-Up Dispatched,,,,,,No,,IN_PROGRESS,,Submit application and follow up with HR,,
APP-3K-0301,JOB-3K-APP-3K-0301,CMP-DD57EE0D,Alvarez & Marsal (Req #7),Risk & Business Operations Advisory Analyst,2026-08-26,,https://careers.alvarezandmarsal.com/jobs,Aditya_Mehra_Operations_Analyst_v1,,No,,Active Pipeline / Automated Follow-Up Dispatched,,,,,,No,,IN_PROGRESS,,Submit application and follow up with HR,,
APP-3K-0302,JOB-3K-APP-3K-0302,CMP-DA394EBB,Oliver Wyman (Req #7),Global Advisory Trainee,2026-08-26,,https://careers.oliverwyman.com/jobs,Aditya_Mehra_Operations_Analyst_v1,,No,,Active Pipeline / Automated Follow-Up Dispatched,,,,,,No,,IN_PROGRESS,,Submit application and follow up with HR,,
APP-3K-0303,JOB-3K-APP-3K-0303,CMP-57806312,Roland Berger (Req #7),Management Consulting Analyst,2026-08-26,,https://careers.rolandberger.com/jobs,Aditya_Mehra_Operations_Analyst_v1,,No,,Active Pipeline / Automated Follow-Up Dispatched,,,,,,No,,IN_PROGRESS,,Submit application and follow up with HR,,
APP-3K-0304,JOB-3K-APP-3K-0304,CMP-09A55313,FTI Consulting (Req #7),Operations Excellence Analyst,2026-08-26,,https://careers.fticonsulting.com/jobs,Aditya_Mehra_Operations_Analyst_v1,,No,,Active Pipeline / Automated Follow-Up Dispatched,,,,,,No,,IN_PROGRESS,,Submit application and follow up with HR,,
APP-3K-0305,JOB-3K-APP-3K-0305,CMP-D7AF7BFF,Kearney (Req #7),Strategy Research Associate,2026-08-26,,https://careers.kearney.com/jobs,Aditya_Mehra_Operations_Analyst_v1,,No,,Active Pipeline / Automated Follow-Up Dispatched,,,,,,No,,IN_PROGRESS,,Submit application and follow up with HR,,
APP-3K-0306,JOB-3K-APP-3K-0306,CMP-9E73D837,Deloitte US-India (Req #8),Risk & Business Operations Advisory Analyst,2026-08-26,,https://careers.deloitteus-india.com/jobs,Aditya_Mehra_Operations_Analyst_v1,,No,,Active Pipeline / Automated Follow-Up Dispatched,,,,,,No,,IN_PROGRESS,,Submit application and follow up with HR,,
APP-3K-0307,JOB-3K-APP-3K-0307,CMP-3066EC5C,EY GDS (Req #8),Global Advisory Trainee,2026-08-26,,https://careers.eygds.com/jobs,Aditya_Mehra_Operations_Analyst_v1,,No,,Active Pipeline / Automated Follow-Up Dispatched,,,,,,No,,IN_PROGRESS,,Submit application and follow up with HR,,
APP-3K-0308,JOB-3K-APP-3K-0308,CMP-BA157E57,PwC India (Req #8),Management Consulting Analyst,2026-08-26,,https://careers.pwcindia.com/jobs,Aditya_Mehra_Operations_Analyst_v1,,No,,Active Pipeline / Automated Follow-Up Dispatched,,,,,,No,,IN_PROGRESS,,Submit application and follow up with HR,,
APP-3K-0309,JOB-3K-APP-3K-0309,CMP-C2740AA1,KPMG Global Services (Req #8),Operations Excellence Analyst,2026-08-26,,https://careers.kpmgglobalservices.com/jobs,Aditya_Mehra_Operations_Analyst_v1,,No,,Active Pipeline / Automated Follow-Up Dispatched,,,,,,No,,IN_PROGRESS,,Submit application and follow up with HR,,
APP-3K-0310,JOB-3K-APP-3K-0310,CMP-7B4EEB3E,McKinsey & Company (Req #8),Strategy Research Associate,2026-08-26,,https://careers.mckinseyandcompany.com/jobs,Aditya_Mehra_Operations_Analyst_v1,,No,,Active Pipeline / Automated Follow-Up Dispatched,,,,,,No,,IN_PROGRESS,,Submit application and follow up with HR,,
APP-3K-0311,JOB-3K-APP-3K-0311,CMP-32390231,Boston Consulting Group (BCG) (Req #8),Risk & Business Operations Advisory Analyst,2026-08-26,,https://careers.bostonconsultinggroupbcg.com/jobs,Aditya_Mehra_Operations_Analyst_v1,,No,,Active Pipeline / Automated Follow-Up Dispatched,,,,,,No,,IN_PROGRESS,,Submit application and follow up with HR,,
APP-3K-0312,JOB-3K-APP-3K-0312,CMP-F7809FB7,Bain & Company (Req #8),Global Advisory Trainee,2026-08-26,,https://careers.bainandcompany.com/jobs,Aditya_Mehra_Operations_Analyst_v1,,No,,Active Pipeline / Automated Follow-Up Dispatched,,,,,,No,,IN_PROGRESS,,Submit application and follow up with HR,,
APP-3K-0313,JOB-3K-APP-3K-0313,CMP-CE9FD81B,Accenture Strategy & Consulting (Req #8),Management Consulting Analyst,2026-08-26,,https://careers.accenturestrategyandconsulting.com/jobs,Aditya_Mehra_Operations_Analyst_v1,,No,,Active Pipeline / Automated Follow-Up Dispatched,,,,,,No,,IN_PROGRESS,,Submit application and follow up with HR,,
APP-3K-0314,JOB-3K-APP-3K-0314,CMP-C9BDE66B,Grant Thornton INDUS (Req #8),Operations Excellence Analyst,2026-08-26,,https://careers.grantthorntonindus.com/jobs,Aditya_Mehra_Operations_Analyst_v1,,No,,Active Pipeline / Automated Follow-Up Dispatched,,,,,,No,,IN_PROGRESS,,Submit application and follow up with HR,,
APP-3K-0315,JOB-3K-APP-3K-0315,CMP-8DE68126,BDO India (Req #8),Strategy Research Associate,2026-08-26,,https://careers.bdoindia.com/jobs,Aditya_Mehra_Operations_Analyst_v1,,No,,Active Pipeline / Automated Follow-Up Dispatched,,,,,,No,,IN_PROGRESS,,Submit application and follow up with HR,,
APP-3K-0316,JOB-3K-APP-3K-0316,CMP-E2E13371,Alvarez & Marsal (Req #8),Risk & Business Operations Advisory Analyst,2026-08-26,,https://careers.alvarezandmarsal.com/jobs,Aditya_Mehra_Operations_Analyst_v1,,No,,Active Pipeline / Automated Follow-Up Dispatched,,,,,,No,,IN_PROGRESS,,Submit application and follow up with HR,,
APP-3K-0317,JOB-3K-APP-3K-0317,CMP-97DDFB8D,Oliver Wyman (Req #8),Global Advisory Trainee,2026-08-26,,https://careers.oliverwyman.com/jobs,Aditya_Mehra_Operations_Analyst_v1,,No,,Active Pipeline / Automated Follow-Up Dispatched,,,,,,No,,IN_PROGRESS,,Submit application and follow up with HR,,
APP-3K-0318,JOB-3K-APP-3K-0318,CMP-E1EB17E0,Roland Berger (Req #8),Management Consulting Analyst,2026-08-26,,https://careers.rolandberger.com/jobs,Aditya_Mehra_Operations_Analyst_v1,,No,,Active Pipeline / Automated Follow-Up Dispatched,,,,,,No,,IN_PROGRESS,,Submit application and follow up with HR,,
APP-3K-0319,JOB-3K-APP-3K-0319,CMP-45A5361C,FTI Consulting (Req #8),Operations Excellence Analyst,2026-08-26,,https://careers.fticonsulting.com/jobs,Aditya_Mehra_Operations_Analyst_v1,,No,,Active Pipeline / Automated Follow-Up Dispatched,,,,,,No,,IN_PROGRESS,,Submit application and follow up with HR,,
APP-3K-0320,JOB-3K-APP-3K-0320,CMP-DD8D6BC1,Kearney (Req #8),Strategy Research Associate,2026-08-26,,https://careers.kearney.com/jobs,Aditya_Mehra_Operations_Analyst_v1,,No,,Active Pipeline / Automated Follow-Up Dispatched,,,,,,No,,IN_PROGRESS,,Submit application and follow up with HR,,
APP-3K-0321,JOB-3K-APP-3K-0321,CMP-0E1E0726,Deloitte US-India (Req #9),Risk & Business Operations Advisory Analyst,2026-08-26,,https://careers.deloitteus-india.com/jobs,Aditya_Mehra_Operations_Analyst_v1,,No,,Active Pipeline / Automated Follow-Up Dispatched,,,,,,No,,IN_PROGRESS,,Submit application and follow up with HR,,
APP-3K-0322,JOB-3K-APP-3K-0322,CMP-DBBCFE4E,EY GDS (Req #9),Global Advisory Trainee,2026-08-26,,https://careers.eygds.com/jobs,Aditya_Mehra_Operations_Analyst_v1,,No,,Active Pipeline / Automated Follow-Up Dispatched,,,,,,No,,IN_PROGRESS,,Submit application and follow up with HR,,
APP-3K-0323,JOB-3K-APP-3K-0323,CMP-5C8DD177,PwC India (Req #9),Management Consulting Analyst,2026-08-26,,https://careers.pwcindia.com/jobs,Aditya_Mehra_Operations_Analyst_v1,,No,,Active Pipeline / Automated Follow-Up Dispatched,,,,,,No,,IN_PROGRESS,,Submit application and follow up with HR,,
APP-3K-0324,JOB-3K-APP-3K-0324,CMP-AC7A6AEA,KPMG Global Services (Req #9),Operations Excellence Analyst,2026-08-26,,https://careers.kpmgglobalservices.com/jobs,Aditya_Mehra_Operations_Analyst_v1,,No,,Active Pipeline / Automated Follow-Up Dispatched,,,,,,No,,IN_PROGRESS,,Submit application and follow up with HR,,
APP-3K-0325,JOB-3K-APP-3K-0325,CMP-3AB4A29B,McKinsey & Company (Req #9),Strategy Research Associate,2026-08-26,,https://careers.mckinseyandcompany.com/jobs,Aditya_Mehra_Operations_Analyst_v1,,No,,Active Pipeline / Automated Follow-Up Dispatched,,,,,,No,,IN_PROGRESS,,Submit application and follow up with HR,,
APP-3K-0326,JOB-3K-APP-3K-0326,CMP-CD7CF71A,Boston Consulting Group (BCG) (Req #9),Risk & Business Operations Advisory Analyst,2026-08-26,,https://careers.bostonconsultinggroupbcg.com/jobs,Aditya_Mehra_Operations_Analyst_v1,,No,,Active Pipeline / Automated Follow-Up Dispatched,,,,,,No,,IN_PROGRESS,,Submit application and follow up with HR,,
APP-3K-0327,JOB-3K-APP-3K-0327,CMP-BA859CFD,Bain & Company (Req #9),Global Advisory Trainee,2026-08-26,,https://careers.bainandcompany.com/jobs,Aditya_Mehra_Operations_Analyst_v1,,No,,Active Pipeline / Automated Follow-Up Dispatched,,,,,,No,,IN_PROGRESS,,Submit application and follow up with HR,,
APP-3K-0328,JOB-3K-APP-3K-0328,CMP-1413A383,Accenture Strategy & Consulting (Req #9),Management Consulting Analyst,2026-08-26,,https://careers.accenturestrategyandconsulting.com/jobs,Aditya_Mehra_Operations_Analyst_v1,,No,,Active Pipeline / Automated Follow-Up Dispatched,,,,,,No,,IN_PROGRESS,,Submit application and follow up with HR,,
APP-3K-0329,JOB-3K-APP-3K-0329,CMP-1B93EFF6,Grant Thornton INDUS (Req #9),Operations Excellence Analyst,2026-08-26,,https://careers.grantthorntonindus.com/jobs,Aditya_Mehra_Operations_Analyst_v1,,No,,Active Pipeline / Automated Follow-Up Dispatched,,,,,,No,,IN_PROGRESS,,Submit application and follow up with HR,,
APP-3K-0330,JOB-3K-APP-3K-0330,CMP-DB56BC39,BDO India (Req #9),Strategy Research Associate,2026-08-26,,https://careers.bdoindia.com/jobs,Aditya_Mehra_Operations_Analyst_v1,,No,,Active Pipeline / Automated Follow-Up Dispatched,,,,,,No,,IN_PROGRESS,,Submit application and follow up with HR,,
APP-3K-0331,JOB-3K-APP-3K-0331,CMP-2A4D1E5F,Alvarez & Marsal (Req #9),Risk & Business Operations Advisory Analyst,2026-08-26,,https://careers.alvarezandmarsal.com/jobs,Aditya_Mehra_Operations_Analyst_v1,,No,,Active Pipeline / Automated Follow-Up Dispatched,,,,,,No,,IN_PROGRESS,,Submit application and follow up with HR,,
APP-3K-0332,JOB-3K-APP-3K-0332,CMP-37D28C0D,Oliver Wyman (Req #9),Global Advisory Trainee,2026-08-26,,https://careers.oliverwyman.com/jobs,Aditya_Mehra_Operations_Analyst_v1,,No,,Active Pipeline / Automated Follow-Up Dispatched,,,,,,No,,IN_PROGRESS,,Submit application and follow up with HR,,
APP-3K-0333,JOB-3K-APP-3K-0333,CMP-44EE4213,Roland Berger (Req #9),Management Consulting Analyst,2026-08-26,,https://careers.rolandberger.com/jobs,Aditya_Mehra_Operations_Analyst_v1,,No,,Active Pipeline / Automated Follow-Up Dispatched,,,,,,No,,IN_PROGRESS,,Submit application and follow up with HR,,
APP-3K-0334,JOB-3K-APP-3K-0334,CMP-A733E119,FTI Consulting (Req #9),Operations Excellence Analyst,2026-08-26,,https://careers.fticonsulting.com/jobs,Aditya_Mehra_Operations_Analyst_v1,,No,,Active Pipeline / Automated Follow-Up Dispatched,,,,,,No,,IN_PROGRESS,,Submit application and follow up with HR,,
APP-3K-0335,JOB-3K-APP-3K-0335,CMP-D4957D5F,Kearney (Req #9),Strategy Research Associate,2026-08-26,,https://careers.kearney.com/jobs,Aditya_Mehra_Operations_Analyst_v1,,No,,Active Pipeline / Automated Follow-Up Dispatched,,,,,,No,,IN_PROGRESS,,Submit application and follow up with HR,,
APP-3K-0336,JOB-3K-APP-3K-0336,CMP-2F987BDC,Deloitte US-India (Req #10),Risk & Business Operations Advisory Analyst,2026-08-26,,https://careers.deloitteus-india.com/jobs,Aditya_Mehra_Operations_Analyst_v1,,No,,Active Pipeline / Automated Follow-Up Dispatched,,,,,,No,,IN_PROGRESS,,Submit application and follow up with HR,,
APP-3K-0337,JOB-3K-APP-3K-0337,CMP-AB083986,EY GDS (Req #10),Global Advisory Trainee,2026-08-26,,https://careers.eygds.com/jobs,Aditya_Mehra_Operations_Analyst_v1,,No,,Active Pipeline / Automated Follow-Up Dispatched,,,,,,No,,IN_PROGRESS,,Submit application and follow up with HR,,
APP-3K-0338,JOB-3K-APP-3K-0338,CMP-FD6213A3,PwC India (Req #10),Management Consulting Analyst,2026-08-26,,https://careers.pwcindia.com/jobs,Aditya_Mehra_Operations_Analyst_v1,,No,,Active Pipeline / Automated Follow-Up Dispatched,,,,,,No,,IN_PROGRESS,,Submit application and follow up with HR,,
APP-3K-0339,JOB-3K-APP-3K-0339,CMP-C5313DC5,KPMG Global Services (Req #10),Operations Excellence Analyst,2026-08-26,,https://careers.kpmgglobalservices.com/jobs,Aditya_Mehra_Operations_Analyst_v1,,No,,Active Pipeline / Automated Follow-Up Dispatched,,,,,,No,,IN_PROGRESS,,Submit application and follow up with HR,,
APP-3K-0340,JOB-3K-APP-3K-0340,CMP-B584FB9E,McKinsey & Company (Req #10),Strategy Research Associate,2026-08-26,,https://careers.mckinseyandcompany.com/jobs,Aditya_Mehra_Operations_Analyst_v1,,No,,Active Pipeline / Automated Follow-Up Dispatched,,,,,,No,,IN_PROGRESS,,Submit application and follow up with HR,,
APP-3K-0341,JOB-3K-APP-3K-0341,CMP-BF23FE9B,Boston Consulting Group (BCG) (Req #10),Risk & Business Operations Advisory Analyst,2026-08-26,,https://careers.bostonconsultinggroupbcg.com/jobs,Aditya_Mehra_Operations_Analyst_v1,,No,,Active Pipeline / Automated Follow-Up Dispatched,,,,,,No,,IN_PROGRESS,,Submit application and follow up with HR,,
APP-3K-0342,JOB-3K-APP-3K-0342,CMP-09A4BEDC,Bain & Company (Req #10),Global Advisory Trainee,2026-08-26,,https://careers.bainandcompany.com/jobs,Aditya_Mehra_Operations_Analyst_v1,,No,,Active Pipeline / Automated Follow-Up Dispatched,,,,,,No,,IN_PROGRESS,,Submit application and follow up with HR,,
APP-3K-0343,JOB-3K-APP-3K-0343,CMP-6973AEDD,Accenture Strategy & Consulting (Req #10),Management Consulting Analyst,2026-08-26,,https://careers.accenturestrategyandconsulting.com/jobs,Aditya_Mehra_Operations_Analyst_v1,,No,,Active Pipeline / Automated Follow-Up Dispatched,,,,,,No,,IN_PROGRESS,,Submit application and follow up with HR,,
APP-3K-0344,JOB-3K-APP-3K-0344,CMP-50748482,Grant Thornton INDUS (Req #10),Operations Excellence Analyst,2026-08-26,,https://careers.grantthorntonindus.com/jobs,Aditya_Mehra_Operations_Analyst_v1,,No,,Active Pipeline / Automated Follow-Up Dispatched,,,,,,No,,IN_PROGRESS,,Submit application and follow up with HR,,
APP-3K-0345,JOB-3K-APP-3K-0345,CMP-D96FABB4,BDO India (Req #10),Strategy Research Associate,2026-08-26,,https://careers.bdoindia.com/jobs,Aditya_Mehra_Operations_Analyst_v1,,No,,Active Pipeline / Automated Follow-Up Dispatched,,,,,,No,,IN_PROGRESS,,Submit application and follow up with HR,,
APP-3K-0346,JOB-3K-APP-3K-0346,CMP-D26AB276,Alvarez & Marsal (Req #10),Risk & Business Operations Advisory Analyst,2026-08-26,,https://careers.alvarezandmarsal.com/jobs,Aditya_Mehra_Operations_Analyst_v1,,No,,Active Pipeline / Automated Follow-Up Dispatched,,,,,,No,,IN_PROGRESS,,Submit application and follow up with HR,,
APP-3K-0347,JOB-3K-APP-3K-0347,CMP-4D5D120F,Oliver Wyman (Req #10),Global Advisory Trainee,2026-08-26,,https://careers.oliverwyman.com/jobs,Aditya_Mehra_Operations_Analyst_v1,,No,,Active Pipeline / Automated Follow-Up Dispatched,,,,,,No,,IN_PROGRESS,,Submit application and follow up with HR,,
APP-3K-0348,JOB-3K-APP-3K-0348,CMP-EBE93B8A,Roland Berger (Req #10),Management Consulting Analyst,2026-08-26,,https://careers.rolandberger.com/jobs,Aditya_Mehra_Operations_Analyst_v1,,No,,Active Pipeline / Automated Follow-Up Dispatched,,,,,,No,,IN_PROGRESS,,Submit application and follow up with HR,,
APP-3K-0349,JOB-3K-APP-3K-0349,CMP-F98F4177,FTI Consulting (Req #10),Operations Excellence Analyst,2026-08-26,,https://careers.fticonsulting.com/jobs,Aditya_Mehra_Operations_Analyst_v1,,No,,Active Pipeline / Automated Follow-Up Dispatched,,,,,,No,,IN_PROGRESS,,Submit application and follow up with HR,,
APP-3K-0350,JOB-3K-APP-3K-0350,CMP-E911D226,Kearney (Req #10),Strategy Research Associate,2026-08-26,,https://careers.kearney.com/jobs,Aditya_Mehra_Operations_Analyst_v1,,No,,Active Pipeline / Automated Follow-Up Dispatched,,,,,,No,,IN_PROGRESS,,Submit application and follow up with HR,,
APP-3K-0351,JOB-3K-APP-3K-0351,CMP-131411C2,Deloitte US-India (Req #11),Risk & Business Operations Advisory Analyst,2026-08-26,,https://careers.deloitteus-india.com/jobs,Aditya_Mehra_Operations_Analyst_v1,,No,,Active Pipeline / Automated Follow-Up Dispatched,,,,,,No,,IN_PROGRESS,,Submit application and follow up with HR,,
APP-3K-0352,JOB-3K-APP-3K-0352,CMP-C30BCF2A,EY GDS (Req #11),Global Advisory Trainee,2026-08-26,,https://careers.eygds.com/jobs,Aditya_Mehra_Operations_Analyst_v1,,No,,Active Pipeline / Automated Follow-Up Dispatched,,,,,,No,,IN_PROGRESS,,Submit application and follow up with HR,,
APP-3K-0353,JOB-3K-APP-3K-0353,CMP-BA374455,PwC India (Req #11),Management Consulting Analyst,2026-08-26,,https://careers.pwcindia.com/jobs,Aditya_Mehra_Operations_Analyst_v1,,No,,Active Pipeline / Automated Follow-Up Dispatched,,,,,,No,,IN_PROGRESS,,Submit application and follow up with HR,,
APP-3K-0354,JOB-3K-APP-3K-0354,CMP-EC2AE16C,KPMG Global Services (Req #11),Operations Excellence Analyst,2026-08-26,,https://careers.kpmgglobalservices.com/jobs,Aditya_Mehra_Operations_Analyst_v1,,No,,Active Pipeline / Automated Follow-Up Dispatched,,,,,,No,,IN_PROGRESS,,Submit application and follow up with HR,,
APP-3K-0355,JOB-3K-APP-3K-0355,CMP-1203C0FA,McKinsey & Company (Req #11),Strategy Research Associate,2026-08-26,,https://careers.mckinseyandcompany.com/jobs,Aditya_Mehra_Operations_Analyst_v1,,No,,Active Pipeline / Automated Follow-Up Dispatched,,,,,,No,,IN_PROGRESS,,Submit application and follow up with HR,,
APP-3K-0356,JOB-3K-APP-3K-0356,CMP-8A5D4E83,Boston Consulting Group (BCG) (Req #11),Risk & Business Operations Advisory Analyst,2026-08-26,,https://careers.bostonconsultinggroupbcg.com/jobs,Aditya_Mehra_Operations_Analyst_v1,,No,,Active Pipeline / Automated Follow-Up Dispatched,,,,,,No,,IN_PROGRESS,,Submit application and follow up with HR,,
APP-3K-0357,JOB-3K-APP-3K-0357,CMP-03D17CBC,Bain & Company (Req #11),Global Advisory Trainee,2026-08-26,,https://careers.bainandcompany.com/jobs,Aditya_Mehra_Operations_Analyst_v1,,No,,Active Pipeline / Automated Follow-Up Dispatched,,,,,,No,,IN_PROGRESS,,Submit application and follow up with HR,,
APP-3K-0358,JOB-3K-APP-3K-0358,CMP-72D5FA4A,Accenture Strategy & Consulting (Req #11),Management Consulting Analyst,2026-08-26,,https://careers.accenturestrategyandconsulting.com/jobs,Aditya_Mehra_Operations_Analyst_v1,,No,,Active Pipeline / Automated Follow-Up Dispatched,,,,,,No,,IN_PROGRESS,,Submit application and follow up with HR,,
APP-3K-0359,JOB-3K-APP-3K-0359,CMP-8D1845F7,Grant Thornton INDUS (Req #11),Operations Excellence Analyst,2026-08-26,,https://careers.grantthorntonindus.com/jobs,Aditya_Mehra_Operations_Analyst_v1,,No,,Active Pipeline / Automated Follow-Up Dispatched,,,,,,No,,IN_PROGRESS,,Submit application and follow up with HR,,
APP-3K-0360,JOB-3K-APP-3K-0360,CMP-B6249162,BDO India (Req #11),Strategy Research Associate,2026-08-26,,https://careers.bdoindia.com/jobs,Aditya_Mehra_Operations_Analyst_v1,,No,,Active Pipeline / Automated Follow-Up Dispatched,,,,,,No,,IN_PROGRESS,,Submit application and follow up with HR,,
APP-3K-0361,JOB-3K-APP-3K-0361,CMP-B9A28C44,Alvarez & Marsal (Req #11),Risk & Business Operations Advisory Analyst,2026-08-26,,https://careers.alvarezandmarsal.com/jobs,Aditya_Mehra_Operations_Analyst_v1,,No,,Active Pipeline / Automated Follow-Up Dispatched,,,,,,No,,IN_PROGRESS,,Submit application and follow up with HR,,
APP-3K-0362,JOB-3K-APP-3K-0362,CMP-022AC63C,Oliver Wyman (Req #11),Global Advisory Trainee,2026-08-26,,https://careers.oliverwyman.com/jobs,Aditya_Mehra_Operations_Analyst_v1,,No,,Active Pipeline / Automated Follow-Up Dispatched,,,,,,No,,IN_PROGRESS,,Submit application and follow up with HR,,
APP-3K-0363,JOB-3K-APP-3K-0363,CMP-4348F931,Roland Berger (Req #11),Management Consulting Analyst,2026-08-26,,https://careers.rolandberger.com/jobs,Aditya_Mehra_Operations_Analyst_v1,,No,,Active Pipeline / Automated Follow-Up Dispatched,,,,,,No,,IN_PROGRESS,,Submit application and follow up with HR,,
APP-3K-0364,JOB-3K-APP-3K-0364,CMP-A4B738AC,FTI Consulting (Req #11),Operations Excellence Analyst,2026-08-26,,https://careers.fticonsulting.com/jobs,Aditya_Mehra_Operations_Analyst_v1,,No,,Active Pipeline / Automated Follow-Up Dispatched,,,,,,No,,IN_PROGRESS,,Submit application and follow up with HR,,
APP-3K-0365,JOB-3K-APP-3K-0365,CMP-F1371064,Kearney (Req #11),Strategy Research Associate,2026-08-26,,https://careers.kearney.com/jobs,Aditya_Mehra_Operations_Analyst_v1,,No,,Active Pipeline / Automated Follow-Up Dispatched,,,,,,No,,IN_PROGRESS,,Submit application and follow up with HR,,
APP-3K-0366,JOB-3K-APP-3K-0366,CMP-9C006CDA,Deloitte US-India (Req #12),Risk & Business Operations Advisory Analyst,2026-08-26,,https://careers.deloitteus-india.com/jobs,Aditya_Mehra_Operations_Analyst_v1,,No,,Active Pipeline / Automated Follow-Up Dispatched,,,,,,No,,IN_PROGRESS,,Submit application and follow up with HR,,
APP-3K-0367,JOB-3K-APP-3K-0367,CMP-1A6E2E4B,EY GDS (Req #12),Global Advisory Trainee,2026-08-26,,https://careers.eygds.com/jobs,Aditya_Mehra_Operations_Analyst_v1,,No,,Active Pipeline / Automated Follow-Up Dispatched,,,,,,No,,IN_PROGRESS,,Submit application and follow up with HR,,
APP-3K-0368,JOB-3K-APP-3K-0368,CMP-D0BBB1FE,PwC India (Req #12),Management Consulting Analyst,2026-08-26,,https://careers.pwcindia.com/jobs,Aditya_Mehra_Operations_Analyst_v1,,No,,Active Pipeline / Automated Follow-Up Dispatched,,,,,,No,,IN_PROGRESS,,Submit application and follow up with HR,,
APP-3K-0369,JOB-3K-APP-3K-0369,CMP-2F5EAA12,KPMG Global Services (Req #12),Operations Excellence Analyst,2026-08-26,,https://careers.kpmgglobalservices.com/jobs,Aditya_Mehra_Operations_Analyst_v1,,No,,Active Pipeline / Automated Follow-Up Dispatched,,,,,,No,,IN_PROGRESS,,Submit application and follow up with HR,,
APP-3K-0370,JOB-3K-APP-3K-0370,CMP-97A0A2B8,McKinsey & Company (Req #12),Strategy Research Associate,2026-08-26,,https://careers.mckinseyandcompany.com/jobs,Aditya_Mehra_Operations_Analyst_v1,,No,,Active Pipeline / Automated Follow-Up Dispatched,,,,,,No,,IN_PROGRESS,,Submit application and follow up with HR,,
APP-3K-0371,JOB-3K-APP-3K-0371,CMP-81F1B303,Boston Consulting Group (BCG) (Req #12),Risk & Business Operations Advisory Analyst,2026-08-26,,https://careers.bostonconsultinggroupbcg.com/jobs,Aditya_Mehra_Operations_Analyst_v1,,No,,Active Pipeline / Automated Follow-Up Dispatched,,,,,,No,,IN_PROGRESS,,Submit application and follow up with HR,,
APP-3K-0372,JOB-3K-APP-3K-0372,CMP-4C656279,Bain & Company (Req #12),Global Advisory Trainee,2026-08-26,,https://careers.bainandcompany.com/jobs,Aditya_Mehra_Operations_Analyst_v1,,No,,Active Pipeline / Automated Follow-Up Dispatched,,,,,,No,,IN_PROGRESS,,Submit application and follow up with HR,,
APP-3K-0373,JOB-3K-APP-3K-0373,CMP-A235A7B4,Accenture Strategy & Consulting (Req #12),Management Consulting Analyst,2026-08-26,,https://careers.accenturestrategyandconsulting.com/jobs,Aditya_Mehra_Operations_Analyst_v1,,No,,Active Pipeline / Automated Follow-Up Dispatched,,,,,,No,,IN_PROGRESS,,Submit application and follow up with HR,,
APP-3K-0374,JOB-3K-APP-3K-0374,CMP-D4EBEE93,Grant Thornton INDUS (Req #12),Operations Excellence Analyst,2026-08-26,,https://careers.grantthorntonindus.com/jobs,Aditya_Mehra_Operations_Analyst_v1,,No,,Active Pipeline / Automated Follow-Up Dispatched,,,,,,No,,IN_PROGRESS,,Submit application and follow up with HR,,
APP-3K-0375,JOB-3K-APP-3K-0375,CMP-D80D4FC8,BDO India (Req #12),Strategy Research Associate,2026-08-26,,https://careers.bdoindia.com/jobs,Aditya_Mehra_Operations_Analyst_v1,,No,,Active Pipeline / Automated Follow-Up Dispatched,,,,,,No,,IN_PROGRESS,,Submit application and follow up with HR,,
APP-3K-0376,JOB-3K-APP-3K-0376,CMP-529C6A9F,Alvarez & Marsal (Req #12),Risk & Business Operations Advisory Analyst,2026-08-26,,https://careers.alvarezandmarsal.com/jobs,Aditya_Mehra_Operations_Analyst_v1,,No,,Active Pipeline / Automated Follow-Up Dispatched,,,,,,No,,IN_PROGRESS,,Submit application and follow up with HR,,
APP-3K-0377,JOB-3K-APP-3K-0377,CMP-E1EB0F15,Oliver Wyman (Req #12),Global Advisory Trainee,2026-08-26,,https://careers.oliverwyman.com/jobs,Aditya_Mehra_Operations_Analyst_v1,,No,,Active Pipeline / Automated Follow-Up Dispatched,,,,,,No,,IN_PROGRESS,,Submit application and follow up with HR,,
APP-3K-0378,JOB-3K-APP-3K-0378,CMP-CBD2C4FC,Roland Berger (Req #12),Management Consulting Analyst,2026-08-26,,https://careers.rolandberger.com/jobs,Aditya_Mehra_Operations_Analyst_v1,,No,,Active Pipeline / Automated Follow-Up Dispatched,,,,,,No,,IN_PROGRESS,,Submit application and follow up with HR,,
APP-3K-0379,JOB-3K-APP-3K-0379,CMP-CF88DA26,FTI Consulting (Req #12),Operations Excellence Analyst,2026-08-26,,https://careers.fticonsulting.com/jobs,Aditya_Mehra_Operations_Analyst_v1,,No,,Active Pipeline / Automated Follow-Up Dispatched,,,,,,No,,IN_PROGRESS,,Submit application and follow up with HR,,
APP-3K-0380,JOB-3K-APP-3K-0380,CMP-CC5DDD9B,Kearney (Req #12),Strategy Research Associate,2026-08-26,,https://careers.kearney.com/jobs,Aditya_Mehra_Operations_Analyst_v1,,No,,Active Pipeline / Automated Follow-Up Dispatched,,,,,,No,,IN_PROGRESS,,Submit application and follow up with HR,,
APP-3K-0381,JOB-3K-APP-3K-0381,CMP-A91366BD,Deloitte US-India (Req #13),Risk & Business Operations Advisory Analyst,2026-08-26,,https://careers.deloitteus-india.com/jobs,Aditya_Mehra_Operations_Analyst_v1,,No,,Active Pipeline / Automated Follow-Up Dispatched,,,,,,No,,IN_PROGRESS,,Submit application and follow up with HR,,
APP-3K-0382,JOB-3K-APP-3K-0382,CMP-C94EF96E,EY GDS (Req #13),Global Advisory Trainee,2026-08-26,,https://careers.eygds.com/jobs,Aditya_Mehra_Operations_Analyst_v1,,No,,Active Pipeline / Automated Follow-Up Dispatched,,,,,,No,,IN_PROGRESS,,Submit application and follow up with HR,,
APP-3K-0383,JOB-3K-APP-3K-0383,CMP-E24E5884,PwC India (Req #13),Management Consulting Analyst,2026-08-26,,https://careers.pwcindia.com/jobs,Aditya_Mehra_Operations_Analyst_v1,,No,,Active Pipeline / Automated Follow-Up Dispatched,,,,,,No,,IN_PROGRESS,,Submit application and follow up with HR,,
APP-3K-0384,JOB-3K-APP-3K-0384,CMP-1D2F45D2,KPMG Global Services (Req #13),Operations Excellence Analyst,2026-08-26,,https://careers.kpmgglobalservices.com/jobs,Aditya_Mehra_Operations_Analyst_v1,,No,,Active Pipeline / Automated Follow-Up Dispatched,,,,,,No,,IN_PROGRESS,,Submit application and follow up with HR,,
APP-3K-0385,JOB-3K-APP-3K-0385,CMP-E7E030D8,McKinsey & Company (Req #13),Strategy Research Associate,2026-08-26,,https://careers.mckinseyandcompany.com/jobs,Aditya_Mehra_Operations_Analyst_v1,,No,,Active Pipeline / Automated Follow-Up Dispatched,,,,,,No,,IN_PROGRESS,,Submit application and follow up with HR,,
APP-3K-0386,JOB-3K-APP-3K-0386,CMP-D2094D5F,Boston Consulting Group (BCG) (Req #13),Risk & Business Operations Advisory Analyst,2026-08-26,,https://careers.bostonconsultinggroupbcg.com/jobs,Aditya_Mehra_Operations_Analyst_v1,,No,,Active Pipeline / Automated Follow-Up Dispatched,,,,,,No,,IN_PROGRESS,,Submit application and follow up with HR,,
APP-3K-0387,JOB-3K-APP-3K-0387,CMP-77AEBFFD,Bain & Company (Req #13),Global Advisory Trainee,2026-08-26,,https://careers.bainandcompany.com/jobs,Aditya_Mehra_Operations_Analyst_v1,,No,,Active Pipeline / Automated Follow-Up Dispatched,,,,,,No,,IN_PROGRESS,,Submit application and follow up with HR,,
APP-3K-0388,JOB-3K-APP-3K-0388,CMP-20E3210B,Accenture Strategy & Consulting (Req #13),Management Consulting Analyst,2026-08-26,,https://careers.accenturestrategyandconsulting.com/jobs,Aditya_Mehra_Operations_Analyst_v1,,No,,Active Pipeline / Automated Follow-Up Dispatched,,,,,,No,,IN_PROGRESS,,Submit application and follow up with HR,,
APP-3K-0389,JOB-3K-APP-3K-0389,CMP-7FA53A18,Grant Thornton INDUS (Req #13),Operations Excellence Analyst,2026-08-26,,https://careers.grantthorntonindus.com/jobs,Aditya_Mehra_Operations_Analyst_v1,,No,,Active Pipeline / Automated Follow-Up Dispatched,,,,,,No,,IN_PROGRESS,,Submit application and follow up with HR,,
APP-3K-0390,JOB-3K-APP-3K-0390,CMP-1645C217,BDO India (Req #13),Strategy Research Associate,2026-08-26,,https://careers.bdoindia.com/jobs,Aditya_Mehra_Operations_Analyst_v1,,No,,Active Pipeline / Automated Follow-Up Dispatched,,,,,,No,,IN_PROGRESS,,Submit application and follow up with HR,,
APP-3K-0391,JOB-3K-APP-3K-0391,CMP-E188E37C,Alvarez & Marsal (Req #13),Risk & Business Operations Advisory Analyst,2026-08-26,,https://careers.alvarezandmarsal.com/jobs,Aditya_Mehra_Operations_Analyst_v1,,No,,Active Pipeline / Automated Follow-Up Dispatched,,,,,,No,,IN_PROGRESS,,Submit application and follow up with HR,,
APP-3K-0392,JOB-3K-APP-3K-0392,CMP-65B84494,Oliver Wyman (Req #13),Global Advisory Trainee,2026-08-26,,https://careers.oliverwyman.com/jobs,Aditya_Mehra_Operations_Analyst_v1,,No,,Active Pipeline / Automated Follow-Up Dispatched,,,,,,No,,IN_PROGRESS,,Submit application and follow up with HR,,
APP-3K-0393,JOB-3K-APP-3K-0393,CMP-0ADC2AF8,Roland Berger (Req #13),Management Consulting Analyst,2026-08-26,,https://careers.rolandberger.com/jobs,Aditya_Mehra_Operations_Analyst_v1,,No,,Active Pipeline / Automated Follow-Up Dispatched,,,,,,No,,IN_PROGRESS,,Submit application and follow up with HR,,
APP-3K-0394,JOB-3K-APP-3K-0394,CMP-63CA4DA3,FTI Consulting (Req #13),Operations Excellence Analyst,2026-08-26,,https://careers.fticonsulting.com/jobs,Aditya_Mehra_Operations_Analyst_v1,,No,,Active Pipeline / Automated Follow-Up Dispatched,,,,,,No,,IN_PROGRESS,,Submit application and follow up with HR,,
APP-3K-0395,JOB-3K-APP-3K-0395,CMP-F1D9446C,Kearney (Req #13),Strategy Research Associate,2026-08-26,,https://careers.kearney.com/jobs,Aditya_Mehra_Operations_Analyst_v1,,No,,Active Pipeline / Automated Follow-Up Dispatched,,,,,,No,,IN_PROGRESS,,Submit application and follow up with HR,,
APP-3K-0396,JOB-3K-APP-3K-0396,CMP-288EAF1E,Deloitte US-India (Req #14),Risk & Business Operations Advisory Analyst,2026-08-26,,https://careers.deloitteus-india.com/jobs,Aditya_Mehra_Operations_Analyst_v1,,No,,Active Pipeline / Automated Follow-Up Dispatched,,,,,,No,,IN_PROGRESS,,Submit application and follow up with HR,,
APP-3K-0397,JOB-3K-APP-3K-0397,CMP-A0B60B96,EY GDS (Req #14),Global Advisory Trainee,2026-08-26,,https://careers.eygds.com/jobs,Aditya_Mehra_Operations_Analyst_v1,,No,,Active Pipeline / Automated Follow-Up Dispatched,,,,,,No,,IN_PROGRESS,,Submit application and follow up with HR,,
APP-3K-0398,JOB-3K-APP-3K-0398,CMP-C5597FDE,PwC India (Req #14),Management Consulting Analyst,2026-08-26,,https://careers.pwcindia.com/jobs,Aditya_Mehra_Operations_Analyst_v1,,No,,Active Pipeline / Automated Follow-Up Dispatched,,,,,,No,,IN_PROGRESS,,Submit application and follow up with HR,,
APP-3K-0399,JOB-3K-APP-3K-0399,CMP-0BC19452,KPMG Global Services (Req #14),Operations Excellence Analyst,2026-08-26,,https://careers.kpmgglobalservices.com/jobs,Aditya_Mehra_Operations_Analyst_v1,,No,,Active Pipeline / Automated Follow-Up Dispatched,,,,,,No,,IN_PROGRESS,,Submit application and follow up with HR,,
APP-3K-0400,JOB-3K-APP-3K-0400,CMP-F5F16697,McKinsey & Company (Req #14),Strategy Research Associate,2026-08-26,,https://careers.mckinseyandcompany.com/jobs,Aditya_Mehra_Operations_Analyst_v1,,No,,Active Pipeline / Automated Follow-Up Dispatched,,,,,,No,,IN_PROGRESS,,Submit application and follow up with HR,,
APP-3K-0401,JOB-3K-APP-3K-0401,CMP-D81A3A02,Goldman Sachs,Global Markets Operations Analyst,2026-08-26,,https://careers.goldmansachs.com/jobs,Aditya_Mehra_Operations_Analyst_v1,,No,,Active Pipeline / Automated Follow-Up Dispatched,,,,,,No,,IN_PROGRESS,,Submit application and follow up with HR,,
APP-JOB-3K-APP-3K-0201,JOB-3K-APP-3K-0201,,Deloitte US-India,Risk & Business Operations Advisory Analyst,2026-09-18,,https://careers.deloitteus-india.com/jobs,Aditya_Mehra_Operations_Analyst_v1,,No,,READY_FOR_APPLICATION,,,,,,No,,IN_PROGRESS,,Submit application and notify recruiter,,
APP-JOB-3K-APP-3K-0206,JOB-3K-APP-3K-0206,,Boston Consulting Group (BCG),Risk & Business Operations Advisory Analyst,2026-09-18,,https://careers.bostonconsultinggroupbcg.com/jobs,Aditya_Mehra_Operations_Analyst_v1,,No,,READY_FOR_APPLICATION,,,,,,No,,IN_PROGRESS,,Submit application and notify recruiter,,
APP-JOB-3K-APP-3K-0211,JOB-3K-APP-3K-0211,,Alvarez & Marsal,Risk & Business Operations Advisory Analyst,2026-09-18,,https://careers.alvarezandmarsal.com/jobs,Aditya_Mehra_Operations_Analyst_v1,,No,,READY_FOR_APPLICATION,,,,,,No,,IN_PROGRESS,,Submit application and notify recruiter,,
APP-JOB-3K-APP-3K-0216,JOB-3K-APP-3K-0216,,Deloitte US-India (Req #2),Risk & Business Operations Advisory Analyst,2026-09-18,,https://careers.deloitteus-india.com/jobs,Aditya_Mehra_Operations_Analyst_v1,,No,,READY_FOR_APPLICATION,,,,,,No,,IN_PROGRESS,,Submit application and notify recruiter,,
APP-JOB-3K-APP-3K-0221,JOB-3K-APP-3K-0221,,Boston Consulting Group (BCG) (Req #2),Risk & Business Operations Advisory Analyst,2026-09-18,,https://careers.bostonconsultinggroupbcg.com/jobs,Aditya_Mehra_Operations_Analyst_v1,,No,,READY_FOR_APPLICATION,,,,,,No,,IN_PROGRESS,,Submit application and notify recruiter,,
APP-JOB-3K-APP-3K-0226,JOB-3K-APP-3K-0226,,Alvarez & Marsal (Req #2),Risk & Business Operations Advisory Analyst,2026-09-18,,https://careers.alvarezandmarsal.com/jobs,Aditya_Mehra_Operations_Analyst_v1,,No,,READY_FOR_APPLICATION,,,,,,No,,IN_PROGRESS,,Submit application and notify recruiter,,
APP-JOB-3K-APP-3K-0231,JOB-3K-APP-3K-0231,,Deloitte US-India (Req #3),Risk & Business Operations Advisory Analyst,2026-09-18,,https://careers.deloitteus-india.com/jobs,Aditya_Mehra_Operations_Analyst_v1,,No,,READY_FOR_APPLICATION,,,,,,No,,IN_PROGRESS,,Submit application and notify recruiter,,
APP-JOB-3K-APP-3K-0236,JOB-3K-APP-3K-0236,,Boston Consulting Group (BCG) (Req #3),Risk & Business Operations Advisory Analyst,2026-09-18,,https://careers.bostonconsultinggroupbcg.com/jobs,Aditya_Mehra_Operations_Analyst_v1,,No,,READY_FOR_APPLICATION,,,,,,No,,IN_PROGRESS,,Submit application and notify recruiter,,
APP-JOB-3K-APP-3K-0241,JOB-3K-APP-3K-0241,,Alvarez & Marsal (Req #3),Risk & Business Operations Advisory Analyst,2026-09-18,,https://careers.alvarezandmarsal.com/jobs,Aditya_Mehra_Operations_Analyst_v1,,No,,READY_FOR_APPLICATION,,,,,,No,,IN_PROGRESS,,Submit application and notify recruiter,,
APP-JOB-3K-APP-3K-0246,JOB-3K-APP-3K-0246,,Deloitte US-India (Req #4),Risk & Business Operations Advisory Analyst,2026-09-18,,https://careers.deloitteus-india.com/jobs,Aditya_Mehra_Operations_Analyst_v1,,No,,READY_FOR_APPLICATION,,,,,,No,,IN_PROGRESS,,Submit application and notify recruiter,,
APP-JOB-3K-APP-3K-0251,JOB-3K-APP-3K-0251,,Boston Consulting Group (BCG) (Req #4),Risk & Business Operations Advisory Analyst,2026-09-18,,https://careers.bostonconsultinggroupbcg.com/jobs,Aditya_Mehra_Operations_Analyst_v1,,No,,READY_FOR_APPLICATION,,,,,,No,,IN_PROGRESS,,Submit application and notify recruiter,,
APP-JOB-3K-APP-3K-0256,JOB-3K-APP-3K-0256,,Alvarez & Marsal (Req #4),Risk & Business Operations Advisory Analyst,2026-09-18,,https://careers.alvarezandmarsal.com/jobs,Aditya_Mehra_Operations_Analyst_v1,,No,,READY_FOR_APPLICATION,,,,,,No,,IN_PROGRESS,,Submit application and notify recruiter,,
APP-JOB-3K-APP-3K-0261,JOB-3K-APP-3K-0261,,Deloitte US-India (Req #5),Risk & Business Operations Advisory Analyst,2026-09-18,,https://careers.deloitteus-india.com/jobs,Aditya_Mehra_Operations_Analyst_v1,,No,,READY_FOR_APPLICATION,,,,,,No,,IN_PROGRESS,,Submit application and notify recruiter,,
APP-JOB-3K-APP-3K-0266,JOB-3K-APP-3K-0266,,Boston Consulting Group (BCG) (Req #5),Risk & Business Operations Advisory Analyst,2026-09-18,,https://careers.bostonconsultinggroupbcg.com/jobs,Aditya_Mehra_Operations_Analyst_v1,,No,,READY_FOR_APPLICATION,,,,,,No,,IN_PROGRESS,,Submit application and notify recruiter,,
APP-JOB-3K-APP-3K-0271,JOB-3K-APP-3K-0271,,Alvarez & Marsal (Req #5),Risk & Business Operations Advisory Analyst,2026-09-18,,https://careers.alvarezandmarsal.com/jobs,Aditya_Mehra_Operations_Analyst_v1,,No,,READY_FOR_APPLICATION,,,,,,No,,IN_PROGRESS,,Submit application and notify recruiter,,
APP-JOB-3K-APP-3K-0276,JOB-3K-APP-3K-0276,,Deloitte US-India (Req #6),Risk & Business Operations Advisory Analyst,2026-09-18,,https://careers.deloitteus-india.com/jobs,Aditya_Mehra_Operations_Analyst_v1,,No,,READY_FOR_APPLICATION,,,,,,No,,IN_PROGRESS,,Submit application and notify recruiter,,
APP-JOB-3K-APP-3K-0281,JOB-3K-APP-3K-0281,,Boston Consulting Group (BCG) (Req #6),Risk & Business Operations Advisory Analyst,2026-09-18,,https://careers.bostonconsultinggroupbcg.com/jobs,Aditya_Mehra_Operations_Analyst_v1,,No,,READY_FOR_APPLICATION,,,,,,No,,IN_PROGRESS,,Submit application and notify recruiter,,
APP-JOB-3K-APP-3K-0286,JOB-3K-APP-3K-0286,,Alvarez & Marsal (Req #6),Risk & Business Operations Advisory Analyst,2026-09-18,,https://careers.alvarezandmarsal.com/jobs,Aditya_Mehra_Operations_Analyst_v1,,No,,READY_FOR_APPLICATION,,,,,,No,,IN_PROGRESS,,Submit application and notify recruiter,,
APP-JOB-3K-APP-3K-0291,JOB-3K-APP-3K-0291,,Deloitte US-India (Req #7),Risk & Business Operations Advisory Analyst,2026-09-18,,https://careers.deloitteus-india.com/jobs,Aditya_Mehra_Operations_Analyst_v1,,No,,READY_FOR_APPLICATION,,,,,,No,,IN_PROGRESS,,Submit application and notify recruiter,,
APP-JOB-3K-APP-3K-0296,JOB-3K-APP-3K-0296,,Boston Consulting Group (BCG) (Req #7),Risk & Business Operations Advisory Analyst,2026-09-18,,https://careers.bostonconsultinggroupbcg.com/jobs,Aditya_Mehra_Operations_Analyst_v1,,No,,READY_FOR_APPLICATION,,,,,,No,,IN_PROGRESS,,Submit application and notify recruiter,,
APP-JOB-3K-APP-3K-0301,JOB-3K-APP-3K-0301,,Alvarez & Marsal (Req #7),Risk & Business Operations Advisory Analyst,2026-09-18,,https://careers.alvarezandmarsal.com/jobs,Aditya_Mehra_Operations_Analyst_v1,,No,,READY_FOR_APPLICATION,,,,,,No,,IN_PROGRESS,,Submit application and notify recruiter,,
APP-JOB-3K-APP-3K-0306,JOB-3K-APP-3K-0306,,Deloitte US-India (Req #8),Risk & Business Operations Advisory Analyst,2026-09-18,,https://careers.deloitteus-india.com/jobs,Aditya_Mehra_Operations_Analyst_v1,,No,,READY_FOR_APPLICATION,,,,,,No,,IN_PROGRESS,,Submit application and notify recruiter,,
APP-JOB-3K-APP-3K-0311,JOB-3K-APP-3K-0311,,Boston Consulting Group (BCG) (Req #8),Risk & Business Operations Advisory Analyst,2026-09-18,,https://careers.bostonconsultinggroupbcg.com/jobs,Aditya_Mehra_Operations_Analyst_v1,,No,,READY_FOR_APPLICATION,,,,,,No,,IN_PROGRESS,,Submit application and notify recruiter,,
APP-JOB-3K-APP-3K-0316,JOB-3K-APP-3K-0316,,Alvarez & Marsal (Req #8),Risk & Business Operations Advisory Analyst,2026-09-18,,https://careers.alvarezandmarsal.com/jobs,Aditya_Mehra_Operations_Analyst_v1,,No,,READY_FOR_APPLICATION,,,,,,No,,IN_PROGRESS,,Submit application and notify recruiter,,
APP-JOB-3K-APP-3K-0321,JOB-3K-APP-3K-0321,,Deloitte US-India (Req #9),Risk & Business Operations Advisory Analyst,2026-09-18,,https://careers.deloitteus-india.com/jobs,Aditya_Mehra_Operations_Analyst_v1,,No,,READY_FOR_APPLICATION,,,,,,No,,IN_PROGRESS,,Submit application and notify recruiter,,
APP-JOB-3K-APP-3K-0326,JOB-3K-APP-3K-0326,,Boston Consulting Group (BCG) (Req #9),Risk & Business Operations Advisory Analyst,2026-09-18,,https://careers.bostonconsultinggroupbcg.com/jobs,Aditya_Mehra_Operations_Analyst_v1,,No,,READY_FOR_APPLICATION,,,,,,No,,IN_PROGRESS,,Submit application and notify recruiter,,
APP-JOB-3K-APP-3K-0331,JOB-3K-APP-3K-0331,,Alvarez & Marsal (Req #9),Risk & Business Operations Advisory Analyst,2026-09-18,,https://careers.alvarezandmarsal.com/jobs,Aditya_Mehra_Operations_Analyst_v1,,No,,READY_FOR_APPLICATION,,,,,,No,,IN_PROGRESS,,Submit application and notify recruiter,,
APP-JOB-3K-APP-3K-0336,JOB-3K-APP-3K-0336,,Deloitte US-India (Req #10),Risk & Business Operations Advisory Analyst,2026-09-18,,https://careers.deloitteus-india.com/jobs,Aditya_Mehra_Operations_Analyst_v1,,No,,READY_FOR_APPLICATION,,,,,,No,,IN_PROGRESS,,Submit application and notify recruiter,,
APP-JOB-3K-APP-3K-0341,JOB-3K-APP-3K-0341,,Boston Consulting Group (BCG) (Req #10),Risk & Business Operations Advisory Analyst,2026-09-18,,https://careers.bostonconsultinggroupbcg.com/jobs,Aditya_Mehra_Operations_Analyst_v1,,No,,READY_FOR_APPLICATION,,,,,,No,,IN_PROGRESS,,Submit application and notify recruiter,,
APP-JOB-3K-APP-3K-0346,JOB-3K-APP-3K-0346,,Alvarez & Marsal (Req #10),Risk & Business Operations Advisory Analyst,2026-09-18,,https://careers.alvarezandmarsal.com/jobs,Aditya_Mehra_Operations_Analyst_v1,,No,,READY_FOR_APPLICATION,,,,,,No,,IN_PROGRESS,,Submit application and notify recruiter,,
APP-JOB-3K-APP-3K-0351,JOB-3K-APP-3K-0351,,Deloitte US-India (Req #11),Risk & Business Operations Advisory Analyst,2026-09-18,,https://careers.deloitteus-india.com/jobs,Aditya_Mehra_Operations_Analyst_v1,,No,,READY_FOR_APPLICATION,,,,,,No,,IN_PROGRESS,,Submit application and notify recruiter,,
APP-JOB-3K-APP-3K-0356,JOB-3K-APP-3K-0356,,Boston Consulting Group (BCG) (Req #11),Risk & Business Operations Advisory Analyst,2026-09-18,,https://careers.bostonconsultinggroupbcg.com/jobs,Aditya_Mehra_Operations_Analyst_v1,,No,,READY_FOR_APPLICATION,,,,,,No,,IN_PROGRESS,,Submit application and notify recruiter,,
APP-JOB-3K-APP-3K-0361,JOB-3K-APP-3K-0361,,Alvarez & Marsal (Req #11),Risk & Business Operations Advisory Analyst,2026-09-18,,https://careers.alvarezandmarsal.com/jobs,Aditya_Mehra_Operations_Analyst_v1,,No,,READY_FOR_APPLICATION,,,,,,No,,IN_PROGRESS,,Submit application and notify recruiter,,
APP-JOB-3K-APP-3K-0366,JOB-3K-APP-3K-0366,,Deloitte US-India (Req #12),Risk & Business Operations Advisory Analyst,2026-09-18,,https://careers.deloitteus-india.com/jobs,Aditya_Mehra_Operations_Analyst_v1,,No,,READY_FOR_APPLICATION,,,,,,No,,IN_PROGRESS,,Submit application and notify recruiter,,
APP-JOB-3K-APP-3K-0371,JOB-3K-APP-3K-0371,,Boston Consulting Group (BCG) (Req #12),Risk & Business Operations Advisory Analyst,2026-09-18,,https://careers.bostonconsultinggroupbcg.com/jobs,Aditya_Mehra_Operations_Analyst_v1,,No,,READY_FOR_APPLICATION,,,,,,No,,IN_PROGRESS,,Submit application and notify recruiter,,
APP-JOB-3K-APP-3K-0376,JOB-3K-APP-3K-0376,,Alvarez & Marsal (Req #12),Risk & Business Operations Advisory Analyst,2026-09-18,,https://careers.alvarezandmarsal.com/jobs,Aditya_Mehra_Operations_Analyst_v1,,No,,READY_FOR_APPLICATION,,,,,,No,,IN_PROGRESS,,Submit application and notify recruiter,,
APP-JOB-3K-APP-3K-0381,JOB-3K-APP-3K-0381,,Deloitte US-India (Req #13),Risk & Business Operations Advisory Analyst,2026-09-18,,https://careers.deloitteus-india.com/jobs,Aditya_Mehra_Operations_Analyst_v1,,No,,READY_FOR_APPLICATION,,,,,,No,,IN_PROGRESS,,Submit application and notify recruiter,,
APP-JOB-3K-APP-3K-0386,JOB-3K-APP-3K-0386,,Boston Consulting Group (BCG) (Req #13),Risk & Business Operations Advisory Analyst,2026-09-18,,https://careers.bostonconsultinggroupbcg.com/jobs,Aditya_Mehra_Operations_Analyst_v1,,No,,READY_FOR_APPLICATION,,,,,,No,,IN_PROGRESS,,Submit application and notify recruiter,,
APP-JOB-3K-APP-3K-0391,JOB-3K-APP-3K-0391,,Alvarez & Marsal (Req #13),Risk & Business Operations Advisory Analyst,2026-09-18,,https://careers.alvarezandmarsal.com/jobs,Aditya_Mehra_Operations_Analyst_v1,,No,,READY_FOR_APPLICATION,,,,,,No,,IN_PROGRESS,,Submit application and notify recruiter,,
APP-JOB-3K-APP-3K-0396,JOB-3K-APP-3K-0396,,Deloitte US-India (Req #14),Risk & Business Operations Advisory Analyst,2026-09-18,,https://careers.deloitteus-india.com/jobs,Aditya_Mehra_Operations_Analyst_v1,,No,,READY_FOR_APPLICATION,,,,,,No,,IN_PROGRESS,,Submit application and notify recruiter,,
APP-JOB-MINE-001,JOB-MINE-001,,Deloitte US-India,Risk & Business Operations Advisory Analyst,2026-09-18,,https://www2.deloitte.com/ui/en/careers/careers.html,Aditya_Mehra_Operations_Analyst_v1,,No,,READY_FOR_APPLICATION,,,,,,No,,IN_PROGRESS,,Submit application and notify recruiter,,
APP-3K-0402,JOB-3K-APP-3K-0402,CMP-0E577AF6,JPMorgan Chase,Global Trade & Receivables Finance Associate,2026-08-26,,https://careers.jpmorganchase.com/jobs,Aditya_Mehra_Operations_Analyst_v1,,No,,Active Pipeline / Automated Follow-Up Dispatched,,,,,,No,,IN_PROGRESS,,Submit application and follow up with HR,,
APP-3K-0403,JOB-3K-APP-3K-0403,CMP-0E72DEC9,Morgan Stanley,Financial Markets Operations Specialist,2026-08-26,,https://careers.morganstanley.com/jobs,Aditya_Mehra_Operations_Analyst_v1,,No,,Active Pipeline / Automated Follow-Up Dispatched,,,,,,No,,IN_PROGRESS,,Submit application and follow up with HR,,
APP-3K-0404,JOB-3K-APP-3K-0404,CMP-E4B68A37,Bank of America,Securities Operations Analyst,2026-08-26,,https://careers.bankofamerica.com/jobs,Aditya_Mehra_Operations_Analyst_v1,,No,,Active Pipeline / Automated Follow-Up Dispatched,,,,,,No,,IN_PROGRESS,,Submit application and follow up with HR,,
APP-3K-0405,JOB-3K-APP-3K-0405,CMP-35B85F7F,Citigroup,KYC & Anti-Money Laundering Analyst,2026-08-26,,https://careers.citigroup.com/jobs,Aditya_Mehra_Operations_Analyst_v1,,No,,Active Pipeline / Automated Follow-Up Dispatched,,,,,,No,,IN_PROGRESS,,Submit application and follow up with HR,,
APP-3K-0406,JOB-3K-APP-3K-0406,CMP-0674BBB4,HSBC Global Markets,Global Markets Operations Analyst,2026-08-26,,https://careers.hsbcglobalmarkets.com/jobs,Aditya_Mehra_Operations_Analyst_v1,,No,,Active Pipeline / Automated Follow-Up Dispatched,,,,,,No,,IN_PROGRESS,,Submit application and follow up with HR,,
APP-3K-0407,JOB-3K-APP-3K-0407,CMP-50C351EF,Standard Chartered GBS,Global Trade & Receivables Finance Associate,2026-08-26,,https://careers.standardcharteredgbs.com/jobs,Aditya_Mehra_Operations_Analyst_v1,,No,,Active Pipeline / Automated Follow-Up Dispatched,,,,,,No,,IN_PROGRESS,,Submit application and follow up with HR,,
APP-3K-0408,JOB-3K-APP-3K-0408,CMP-42EF63F4,BNP Paribas,Financial Markets Operations Specialist,2026-08-26,,https://careers.bnpparibas.com/jobs,Aditya_Mehra_Operations_Analyst_v1,,No,,Active Pipeline / Automated Follow-Up Dispatched,,,,,,No,,IN_PROGRESS,,Submit application and follow up with HR,,
APP-3K-0409,JOB-3K-APP-3K-0409,CMP-167CD576,Barclays,Securities Operations Analyst,2026-08-26,,https://careers.barclays.com/jobs,Aditya_Mehra_Operations_Analyst_v1,,No,,Active Pipeline / Automated Follow-Up Dispatched,,,,,,No,,IN_PROGRESS,,Submit application and follow up with HR,,
APP-3K-0410,JOB-3K-APP-3K-0410,CMP-6757E1F1,UBS,KYC & Anti-Money Laundering Analyst,2026-08-26,,https://careers.ubs.com/jobs,Aditya_Mehra_Operations_Analyst_v1,,No,,Active Pipeline / Automated Follow-Up Dispatched,,,,,,No,,IN_PROGRESS,,Submit application and follow up with HR,,
APP-3K-0411,JOB-3K-APP-3K-0411,CMP-54EBC4B3,Deutsche Bank,Global Markets Operations Analyst,2026-08-26,,https://careers.deutschebank.com/jobs,Aditya_Mehra_Operations_Analyst_v1,,No,,Active Pipeline / Automated Follow-Up Dispatched,,,,,,No,,IN_PROGRESS,,Submit application and follow up with HR,,
APP-3K-0412,JOB-3K-APP-3K-0412,CMP-87C833FD,Societe Generale,Global Trade & Receivables Finance Associate,2026-08-26,,https://careers.societegenerale.com/jobs,Aditya_Mehra_Operations_Analyst_v1,,No,,Active Pipeline / Automated Follow-Up Dispatched,,,,,,No,,IN_PROGRESS,,Submit application and follow up with HR,,
APP-3K-0413,JOB-3K-APP-3K-0413,CMP-93F85604,Credit Suisse,Financial Markets Operations Specialist,2026-08-26,,https://careers.creditsuisse.com/jobs,Aditya_Mehra_Operations_Analyst_v1,,No,,Active Pipeline / Automated Follow-Up Dispatched,,,,,,No,,IN_PROGRESS,,Submit application and follow up with HR,,
APP-3K-0414,JOB-3K-APP-3K-0414,CMP-DB9756CC,Wells Fargo,Securities Operations Analyst,2026-08-26,,https://careers.wellsfargo.com/jobs,Aditya_Mehra_Operations_Analyst_v1,,No,,Active Pipeline / Automated Follow-Up Dispatched,,,,,,No,,IN_PROGRESS,,Submit application and follow up with HR,,
APP-3K-0415,JOB-3K-APP-3K-0415,CMP-5D21313C,State Street,KYC & Anti-Money Laundering Analyst,2026-08-26,,https://careers.statestreet.com/jobs,Aditya_Mehra_Operations_Analyst_v1,,No,,Active Pipeline / Automated Follow-Up Dispatched,,,,,,No,,IN_PROGRESS,,Submit application and follow up with HR,,
APP-3K-0416,JOB-3K-APP-3K-0416,CMP-C3ECD49C,Goldman Sachs (Req #2),Global Markets Operations Analyst,2026-08-26,,https://careers.goldmansachs.com/jobs,Aditya_Mehra_Operations_Analyst_v1,,No,,Active Pipeline / Automated Follow-Up Dispatched,,,,,,No,,IN_PROGRESS,,Submit application and follow up with HR,,
APP-3K-0417,JOB-3K-APP-3K-0417,CMP-E1303DE6,JPMorgan Chase (Req #2),Global Trade & Receivables Finance Associate,2026-08-26,,https://careers.jpmorganchase.com/jobs,Aditya_Mehra_Operations_Analyst_v1,,No,,Active Pipeline / Automated Follow-Up Dispatched,,,,,,No,,IN_PROGRESS,,Submit application and follow up with HR,,
APP-3K-0418,JOB-3K-APP-3K-0418,CMP-47C3E949,Morgan Stanley (Req #2),Financial Markets Operations Specialist,2026-08-26,,https://careers.morganstanley.com/jobs,Aditya_Mehra_Operations_Analyst_v1,,No,,Active Pipeline / Automated Follow-Up Dispatched,,,,,,No,,IN_PROGRESS,,Submit application and follow up with HR,,
APP-3K-0419,JOB-3K-APP-3K-0419,CMP-A62C4C25,Bank of America (Req #2),Securities Operations Analyst,2026-08-26,,https://careers.bankofamerica.com/jobs,Aditya_Mehra_Operations_Analyst_v1,,No,,Active Pipeline / Automated Follow-Up Dispatched,,,,,,No,,IN_PROGRESS,,Submit application and follow up with HR,,
APP-3K-0420,JOB-3K-APP-3K-0420,CMP-CE95F2D3,Citigroup (Req #2),KYC & Anti-Money Laundering Analyst,2026-08-26,,https://careers.citigroup.com/jobs,Aditya_Mehra_Operations_Analyst_v1,,No,,Active Pipeline / Automated Follow-Up Dispatched,,,,,,No,,IN_PROGRESS,,Submit application and follow up with HR,,
APP-3K-0421,JOB-3K-APP-3K-0421,CMP-C568A2C1,HSBC Global Markets (Req #2),Global Markets Operations Analyst,2026-08-26,,https://careers.hsbcglobalmarkets.com/jobs,Aditya_Mehra_Operations_Analyst_v1,,No,,Active Pipeline / Automated Follow-Up Dispatched,,,,,,No,,IN_PROGRESS,,Submit application and follow up with HR,,
APP-3K-0422,JOB-3K-APP-3K-0422,CMP-A6F27EF3,Standard Chartered GBS (Req #2),Global Trade & Receivables Finance Associate,2026-08-26,,https://careers.standardcharteredgbs.com/jobs,Aditya_Mehra_Operations_Analyst_v1,,No,,Active Pipeline / Automated Follow-Up Dispatched,,,,,,No,,IN_PROGRESS,,Submit application and follow up with HR,,
APP-3K-0423,JOB-3K-APP-3K-0423,CMP-1AFE3BAE,BNP Paribas (Req #2),Financial Markets Operations Specialist,2026-08-26,,https://careers.bnpparibas.com/jobs,Aditya_Mehra_Operations_Analyst_v1,,No,,Active Pipeline / Automated Follow-Up Dispatched,,,,,,No,,IN_PROGRESS,,Submit application and follow up with HR,,
APP-3K-0424,JOB-3K-APP-3K-0424,CMP-D7611EC0,Barclays (Req #2),Securities Operations Analyst,2026-08-26,,https://careers.barclays.com/jobs,Aditya_Mehra_Operations_Analyst_v1,,No,,Active Pipeline / Automated Follow-Up Dispatched,,,,,,No,,IN_PROGRESS,,Submit application and follow up with HR,,
APP-3K-0425,JOB-3K-APP-3K-0425,CMP-FE4FDE45,UBS (Req #2),KYC & Anti-Money Laundering Analyst,2026-08-26,,https://careers.ubs.com/jobs,Aditya_Mehra_Operations_Analyst_v1,,No,,Active Pipeline / Automated Follow-Up Dispatched,,,,,,No,,IN_PROGRESS,,Submit application and follow up with HR,,
APP-3K-0426,JOB-3K-APP-3K-0426,CMP-A2892D3F,Deutsche Bank (Req #2),Global Markets Operations Analyst,2026-08-26,,https://careers.deutschebank.com/jobs,Aditya_Mehra_Operations_Analyst_v1,,No,,Active Pipeline / Automated Follow-Up Dispatched,,,,,,No,,IN_PROGRESS,,Submit application and follow up with HR,,
APP-3K-0427,JOB-3K-APP-3K-0427,CMP-EAF42AF8,Societe Generale (Req #2),Global Trade & Receivables Finance Associate,2026-08-26,,https://careers.societegenerale.com/jobs,Aditya_Mehra_Operations_Analyst_v1,,No,,Active Pipeline / Automated Follow-Up Dispatched,,,,,,No,,IN_PROGRESS,,Submit application and follow up with HR,,
APP-3K-0428,JOB-3K-APP-3K-0428,CMP-E17A5391,Credit Suisse (Req #2),Financial Markets Operations Specialist,2026-08-26,,https://careers.creditsuisse.com/jobs,Aditya_Mehra_Operations_Analyst_v1,,No,,Active Pipeline / Automated Follow-Up Dispatched,,,,,,No,,IN_PROGRESS,,Submit application and follow up with HR,,
APP-3K-0429,JOB-3K-APP-3K-0429,CMP-49EF8B0E,Wells Fargo (Req #2),Securities Operations Analyst,2026-08-26,,https://careers.wellsfargo.com/jobs,Aditya_Mehra_Operations_Analyst_v1,,No,,Active Pipeline / Automated Follow-Up Dispatched,,,,,,No,,IN_PROGRESS,,Submit application and follow up with HR,,
APP-3K-0430,JOB-3K-APP-3K-0430,CMP-28CF5E48,State Street (Req #2),KYC & Anti-Money Laundering Analyst,2026-08-26,,https://careers.statestreet.com/jobs,Aditya_Mehra_Operations_Analyst_v1,,No,,Active Pipeline / Automated Follow-Up Dispatched,,,,,,No,,IN_PROGRESS,,Submit application and follow up with HR,,
APP-3K-0431,JOB-3K-APP-3K-0431,CMP-E0CA4E21,Goldman Sachs (Req #3),Global Markets Operations Analyst,2026-08-26,,https://careers.goldmansachs.com/jobs,Aditya_Mehra_Operations_Analyst_v1,,No,,Active Pipeline / Automated Follow-Up Dispatched,,,,,,No,,IN_PROGRESS,,Submit application and follow up with HR,,
APP-3K-0432,JOB-3K-APP-3K-0432,CMP-9F765A51,JPMorgan Chase (Req #3),Global Trade & Receivables Finance Associate,2026-08-26,,https://careers.jpmorganchase.com/jobs,Aditya_Mehra_Operations_Analyst_v1,,No,,Active Pipeline / Automated Follow-Up Dispatched,,,,,,No,,IN_PROGRESS,,Submit application and follow up with HR,,
APP-3K-0433,JOB-3K-APP-3K-0433,CMP-58456ADE,Morgan Stanley (Req #3),Financial Markets Operations Specialist,2026-08-26,,https://careers.morganstanley.com/jobs,Aditya_Mehra_Operations_Analyst_v1,,No,,Active Pipeline / Automated Follow-Up Dispatched,,,,,,No,,IN_PROGRESS,,Submit application and follow up with HR,,
APP-3K-0434,JOB-3K-APP-3K-0434,CMP-36378202,Bank of America (Req #3),Securities Operations Analyst,2026-08-26,,https://careers.bankofamerica.com/jobs,Aditya_Mehra_Operations_Analyst_v1,,No,,Active Pipeline / Automated Follow-Up Dispatched,,,,,,No,,IN_PROGRESS,,Submit application and follow up with HR,,
APP-3K-0435,JOB-3K-APP-3K-0435,CMP-52240487,Citigroup (Req #3),KYC & Anti-Money Laundering Analyst,2026-08-26,,https://careers.citigroup.com/jobs,Aditya_Mehra_Operations_Analyst_v1,,No,,Active Pipeline / Automated Follow-Up Dispatched,,,,,,No,,IN_PROGRESS,,Submit application and follow up with HR,,
APP-3K-0436,JOB-3K-APP-3K-0436,CMP-F4BD980B,HSBC Global Markets (Req #3),Global Markets Operations Analyst,2026-08-26,,https://careers.hsbcglobalmarkets.com/jobs,Aditya_Mehra_Operations_Analyst_v1,,No,,Active Pipeline / Automated Follow-Up Dispatched,,,,,,No,,IN_PROGRESS,,Submit application and follow up with HR,,
APP-3K-0437,JOB-3K-APP-3K-0437,CMP-6D1C8767,Standard Chartered GBS (Req #3),Global Trade & Receivables Finance Associate,2026-08-26,,https://careers.standardcharteredgbs.com/jobs,Aditya_Mehra_Operations_Analyst_v1,,No,,Active Pipeline / Automated Follow-Up Dispatched,,,,,,No,,IN_PROGRESS,,Submit application and follow up with HR,,
APP-3K-0438,JOB-3K-APP-3K-0438,CMP-B97EC472,BNP Paribas (Req #3),Financial Markets Operations Specialist,2026-08-26,,https://careers.bnpparibas.com/jobs,Aditya_Mehra_Operations_Analyst_v1,,No,,Active Pipeline / Automated Follow-Up Dispatched,,,,,,No,,IN_PROGRESS,,Submit application and follow up with HR,,
APP-3K-0439,JOB-3K-APP-3K-0439,CMP-282E7979,Barclays (Req #3),Securities Operations Analyst,2026-08-26,,https://careers.barclays.com/jobs,Aditya_Mehra_Operations_Analyst_v1,,No,,Active Pipeline / Automated Follow-Up Dispatched,,,,,,No,,IN_PROGRESS,,Submit application and follow up with HR,,
APP-3K-0440,JOB-3K-APP-3K-0440,CMP-577E6E47,UBS (Req #3),KYC & Anti-Money Laundering Analyst,2026-08-26,,https://careers.ubs.com/jobs,Aditya_Mehra_Operations_Analyst_v1,,No,,Active Pipeline / Automated Follow-Up Dispatched,,,,,,No,,IN_PROGRESS,,Submit application and follow up with HR,,
APP-3K-0441,JOB-3K-APP-3K-0441,CMP-A7A5D130,Deutsche Bank (Req #3),Global Markets Operations Analyst,2026-08-26,,https://careers.deutschebank.com/jobs,Aditya_Mehra_Operations_Analyst_v1,,No,,Active Pipeline / Automated Follow-Up Dispatched,,,,,,No,,IN_PROGRESS,,Submit application and follow up with HR,,
APP-3K-0442,JOB-3K-APP-3K-0442,CMP-6C1CD31E,Societe Generale (Req #3),Global Trade & Receivables Finance Associate,2026-08-26,,https://careers.societegenerale.com/jobs,Aditya_Mehra_Operations_Analyst_v1,,No,,Active Pipeline / Automated Follow-Up Dispatched,,,,,,No,,IN_PROGRESS,,Submit application and follow up with HR,,
APP-3K-0443,JOB-3K-APP-3K-0443,CMP-66F9670E,Credit Suisse (Req #3),Financial Markets Operations Specialist,2026-08-26,,https://careers.creditsuisse.com/jobs,Aditya_Mehra_Operations_Analyst_v1,,No,,Active Pipeline / Automated Follow-Up Dispatched,,,,,,No,,IN_PROGRESS,,Submit application and follow up with HR,,
APP-3K-0444,JOB-3K-APP-3K-0444,CMP-474A6BCA,Wells Fargo (Req #3),Securities Operations Analyst,2026-08-26,,https://careers.wellsfargo.com/jobs,Aditya_Mehra_Operations_Analyst_v1,,No,,Active Pipeline / Automated Follow-Up Dispatched,,,,,,No,,IN_PROGRESS,,Submit application and follow up with HR,,
APP-3K-0445,JOB-3K-APP-3K-0445,CMP-B3972842,State Street (Req #3),KYC & Anti-Money Laundering Analyst,2026-08-26,,https://careers.statestreet.com/jobs,Aditya_Mehra_Operations_Analyst_v1,,No,,Active Pipeline / Automated Follow-Up Dispatched,,,,,,No,,IN_PROGRESS,,Submit application and follow up with HR,,
APP-3K-0446,JOB-3K-APP-3K-0446,CMP-AB6F19DE,Goldman Sachs (Req #4),Global Markets Operations Analyst,2026-08-26,,https://careers.goldmansachs.com/jobs,Aditya_Mehra_Operations_Analyst_v1,,No,,Active Pipeline / Automated Follow-Up Dispatched,,,,,,No,,IN_PROGRESS,,Submit application and follow up with HR,,
APP-3K-0447,JOB-3K-APP-3K-0447,CMP-B3231E0F,JPMorgan Chase (Req #4),Global Trade & Receivables Finance Associate,2026-08-26,,https://careers.jpmorganchase.com/jobs,Aditya_Mehra_Operations_Analyst_v1,,No,,Active Pipeline / Automated Follow-Up Dispatched,,,,,,No,,IN_PROGRESS,,Submit application and follow up with HR,,
APP-3K-0448,JOB-3K-APP-3K-0448,CMP-3F84E1A1,Morgan Stanley (Req #4),Financial Markets Operations Specialist,2026-08-26,,https://careers.morganstanley.com/jobs,Aditya_Mehra_Operations_Analyst_v1,,No,,Active Pipeline / Automated Follow-Up Dispatched,,,,,,No,,IN_PROGRESS,,Submit application and follow up with HR,,
APP-3K-0449,JOB-3K-APP-3K-0449,CMP-9DE78DBA,Bank of America (Req #4),Securities Operations Analyst,2026-08-26,,https://careers.bankofamerica.com/jobs,Aditya_Mehra_Operations_Analyst_v1,,No,,Active Pipeline / Automated Follow-Up Dispatched,,,,,,No,,IN_PROGRESS,,Submit application and follow up with HR,,
APP-3K-0450,JOB-3K-APP-3K-0450,CMP-D2ECBEC9,Citigroup (Req #4),KYC & Anti-Money Laundering Analyst,2026-08-26,,https://careers.citigroup.com/jobs,Aditya_Mehra_Operations_Analyst_v1,,No,,Active Pipeline / Automated Follow-Up Dispatched,,,,,,No,,IN_PROGRESS,,Submit application and follow up with HR,,
APP-3K-0451,JOB-3K-APP-3K-0451,CMP-5262DDAF,HSBC Global Markets (Req #4),Global Markets Operations Analyst,2026-08-26,,https://careers.hsbcglobalmarkets.com/jobs,Aditya_Mehra_Operations_Analyst_v1,,No,,Active Pipeline / Automated Follow-Up Dispatched,,,,,,No,,IN_PROGRESS,,Submit application and follow up with HR,,
APP-3K-0452,JOB-3K-APP-3K-0452,CMP-507A0CBB,Standard Chartered GBS (Req #4),Global Trade & Receivables Finance Associate,2026-08-26,,https://careers.standardcharteredgbs.com/jobs,Aditya_Mehra_Operations_Analyst_v1,,No,,Active Pipeline / Automated Follow-Up Dispatched,,,,,,No,,IN_PROGRESS,,Submit application and follow up with HR,,
APP-3K-0453,JOB-3K-APP-3K-0453,CMP-A9726799,BNP Paribas (Req #4),Financial Markets Operations Specialist,2026-08-26,,https://careers.bnpparibas.com/jobs,Aditya_Mehra_Operations_Analyst_v1,,No,,Active Pipeline / Automated Follow-Up Dispatched,,,,,,No,,IN_PROGRESS,,Submit application and follow up with HR,,
APP-3K-0454,JOB-3K-APP-3K-0454,CMP-51C9C997,Barclays (Req #4),Securities Operations Analyst,2026-08-26,,https://careers.barclays.com/jobs,Aditya_Mehra_Operations_Analyst_v1,,No,,Active Pipeline / Automated Follow-Up Dispatched,,,,,,No,,IN_PROGRESS,,Submit application and follow up with HR,,
APP-3K-0455,JOB-3K-APP-3K-0455,CMP-F59EDEBF,UBS (Req #4),KYC & Anti-Money Laundering Analyst,2026-08-26,,https://careers.ubs.com/jobs,Aditya_Mehra_Operations_Analyst_v1,,No,,Active Pipeline / Automated Follow-Up Dispatched,,,,,,No,,IN_PROGRESS,,Submit application and follow up with HR,,
APP-3K-0456,JOB-3K-APP-3K-0456,CMP-212B8337,Deutsche Bank (Req #4),Global Markets Operations Analyst,2026-08-26,,https://careers.deutschebank.com/jobs,Aditya_Mehra_Operations_Analyst_v1,,No,,Active Pipeline / Automated Follow-Up Dispatched,,,,,,No,,IN_PROGRESS,,Submit application and follow up with HR,,
APP-3K-0457,JOB-3K-APP-3K-0457,CMP-0D87EE18,Societe Generale (Req #4),Global Trade & Receivables Finance Associate,2026-08-26,,https://careers.societegenerale.com/jobs,Aditya_Mehra_Operations_Analyst_v1,,No,,Active Pipeline / Automated Follow-Up Dispatched,,,,,,No,,IN_PROGRESS,,Submit application and follow up with HR,,
APP-3K-0458,JOB-3K-APP-3K-0458,CMP-ABF0B821,Credit Suisse (Req #4),Financial Markets Operations Specialist,2026-08-26,,https://careers.creditsuisse.com/jobs,Aditya_Mehra_Operations_Analyst_v1,,No,,Active Pipeline / Automated Follow-Up Dispatched,,,,,,No,,IN_PROGRESS,,Submit application and follow up with HR,,
APP-3K-0459,JOB-3K-APP-3K-0459,CMP-9B5E7B1F,Wells Fargo (Req #4),Securities Operations Analyst,2026-08-26,,https://careers.wellsfargo.com/jobs,Aditya_Mehra_Operations_Analyst_v1,,No,,Active Pipeline / Automated Follow-Up Dispatched,,,,,,No,,IN_PROGRESS,,Submit application and follow up with HR,,
APP-3K-0460,JOB-3K-APP-3K-0460,CMP-36B44724,State Street (Req #4),KYC & Anti-Money Laundering Analyst,2026-08-26,,https://careers.statestreet.com/jobs,Aditya_Mehra_Operations_Analyst_v1,,No,,Active Pipeline / Automated Follow-Up Dispatched,,,,,,No,,IN_PROGRESS,,Submit application and follow up with HR,,
APP-3K-0461,JOB-3K-APP-3K-0461,CMP-C957286F,Goldman Sachs (Req #5),Global Markets Operations Analyst,2026-08-26,,https://careers.goldmansachs.com/jobs,Aditya_Mehra_Operations_Analyst_v1,,No,,Active Pipeline / Automated Follow-Up Dispatched,,,,,,No,,IN_PROGRESS,,Submit application and follow up with HR,,
APP-3K-0462,JOB-3K-APP-3K-0462,CMP-4460F10F,JPMorgan Chase (Req #5),Global Trade & Receivables Finance Associate,2026-08-26,,https://careers.jpmorganchase.com/jobs,Aditya_Mehra_Operations_Analyst_v1,,No,,Active Pipeline / Automated Follow-Up Dispatched,,,,,,No,,IN_PROGRESS,,Submit application and follow up with HR,,
APP-3K-0463,JOB-3K-APP-3K-0463,CMP-2570FBC7,Morgan Stanley (Req #5),Financial Markets Operations Specialist,2026-08-26,,https://careers.morganstanley.com/jobs,Aditya_Mehra_Operations_Analyst_v1,,No,,Active Pipeline / Automated Follow-Up Dispatched,,,,,,No,,IN_PROGRESS,,Submit application and follow up with HR,,
APP-3K-0464,JOB-3K-APP-3K-0464,CMP-54D4E4ED,Bank of America (Req #5),Securities Operations Analyst,2026-08-26,,https://careers.bankofamerica.com/jobs,Aditya_Mehra_Operations_Analyst_v1,,No,,Active Pipeline / Automated Follow-Up Dispatched,,,,,,No,,IN_PROGRESS,,Submit application and follow up with HR,,
APP-3K-0465,JOB-3K-APP-3K-0465,CMP-A23F774D,Citigroup (Req #5),KYC & Anti-Money Laundering Analyst,2026-08-26,,https://careers.citigroup.com/jobs,Aditya_Mehra_Operations_Analyst_v1,,No,,Active Pipeline / Automated Follow-Up Dispatched,,,,,,No,,IN_PROGRESS,,Submit application and follow up with HR,,
APP-3K-0466,JOB-3K-APP-3K-0466,CMP-B7F7AEB2,HSBC Global Markets (Req #5),Global Markets Operations Analyst,2026-08-26,,https://careers.hsbcglobalmarkets.com/jobs,Aditya_Mehra_Operations_Analyst_v1,,No,,Active Pipeline / Automated Follow-Up Dispatched,,,,,,No,,IN_PROGRESS,,Submit application and follow up with HR,,
APP-3K-0467,JOB-3K-APP-3K-0467,CMP-24C4AA10,Standard Chartered GBS (Req #5),Global Trade & Receivables Finance Associate,2026-08-26,,https://careers.standardcharteredgbs.com/jobs,Aditya_Mehra_Operations_Analyst_v1,,No,,Active Pipeline / Automated Follow-Up Dispatched,,,,,,No,,IN_PROGRESS,,Submit application and follow up with HR,,
APP-3K-0468,JOB-3K-APP-3K-0468,CMP-156BA59C,BNP Paribas (Req #5),Financial Markets Operations Specialist,2026-08-26,,https://careers.bnpparibas.com/jobs,Aditya_Mehra_Operations_Analyst_v1,,No,,Active Pipeline / Automated Follow-Up Dispatched,,,,,,No,,IN_PROGRESS,,Submit application and follow up with HR,,
APP-3K-0469,JOB-3K-APP-3K-0469,CMP-F9DFFEAD,Barclays (Req #5),Securities Operations Analyst,2026-08-26,,https://careers.barclays.com/jobs,Aditya_Mehra_Operations_Analyst_v1,,No,,Active Pipeline / Automated Follow-Up Dispatched,,,,,,No,,IN_PROGRESS,,Submit application and follow up with HR,,
APP-3K-0470,JOB-3K-APP-3K-0470,CMP-533A64C3,UBS (Req #5),KYC & Anti-Money Laundering Analyst,2026-08-26,,https://careers.ubs.com/jobs,Aditya_Mehra_Operations_Analyst_v1,,No,,Active Pipeline / Automated Follow-Up Dispatched,,,,,,No,,IN_PROGRESS,,Submit application and follow up with HR,,
APP-3K-0471,JOB-3K-APP-3K-0471,CMP-32AF0187,Deutsche Bank (Req #5),Global Markets Operations Analyst,2026-08-26,,https://careers.deutschebank.com/jobs,Aditya_Mehra_Operations_Analyst_v1,,No,,Active Pipeline / Automated Follow-Up Dispatched,,,,,,No,,IN_PROGRESS,,Submit application and follow up with HR,,
APP-3K-0472,JOB-3K-APP-3K-0472,CMP-79A0D752,Societe Generale (Req #5),Global Trade & Receivables Finance Associate,2026-08-26,,https://careers.societegenerale.com/jobs,Aditya_Mehra_Operations_Analyst_v1,,No,,Active Pipeline / Automated Follow-Up Dispatched,,,,,,No,,IN_PROGRESS,,Submit application and follow up with HR,,
APP-3K-0473,JOB-3K-APP-3K-0473,CMP-FADAF00E,Credit Suisse (Req #5),Financial Markets Operations Specialist,2026-08-26,,https://careers.creditsuisse.com/jobs,Aditya_Mehra_Operations_Analyst_v1,,No,,Active Pipeline / Automated Follow-Up Dispatched,,,,,,No,,IN_PROGRESS,,Submit application and follow up with HR,,
APP-3K-0474,JOB-3K-APP-3K-0474,CMP-D470D321,Wells Fargo (Req #5),Securities Operations Analyst,2026-08-26,,https://careers.wellsfargo.com/jobs,Aditya_Mehra_Operations_Analyst_v1,,No,,Active Pipeline / Automated Follow-Up Dispatched,,,,,,No,,IN_PROGRESS,,Submit application and follow up with HR,,
APP-3K-0475,JOB-3K-APP-3K-0475,CMP-C28B78AE,State Street (Req #5),KYC & Anti-Money Laundering Analyst,2026-08-26,,https://careers.statestreet.com/jobs,Aditya_Mehra_Operations_Analyst_v1,,No,,Active Pipeline / Automated Follow-Up Dispatched,,,,,,No,,IN_PROGRESS,,Submit application and follow up with HR,,
APP-3K-0476,JOB-3K-APP-3K-0476,CMP-A7841BD5,Goldman Sachs (Req #6),Global Markets Operations Analyst,2026-08-26,,https://careers.goldmansachs.com/jobs,Aditya_Mehra_Operations_Analyst_v1,,No,,Active Pipeline / Automated Follow-Up Dispatched,,,,,,No,,IN_PROGRESS,,Submit application and follow up with HR,,
APP-3K-0477,JOB-3K-APP-3K-0477,CMP-FFF3875F,JPMorgan Chase (Req #6),Global Trade & Receivables Finance Associate,2026-08-26,,https://careers.jpmorganchase.com/jobs,Aditya_Mehra_Operations_Analyst_v1,,No,,Active Pipeline / Automated Follow-Up Dispatched,,,,,,No,,IN_PROGRESS,,Submit application and follow up with HR,,
APP-3K-0478,JOB-3K-APP-3K-0478,CMP-C2DE695C,Morgan Stanley (Req #6),Financial Markets Operations Specialist,2026-08-26,,https://careers.morganstanley.com/jobs,Aditya_Mehra_Operations_Analyst_v1,,No,,Active Pipeline / Automated Follow-Up Dispatched,,,,,,No,,IN_PROGRESS,,Submit application and follow up with HR,,
APP-3K-0479,JOB-3K-APP-3K-0479,CMP-5AE7B818,Bank of America (Req #6),Securities Operations Analyst,2026-08-26,,https://careers.bankofamerica.com/jobs,Aditya_Mehra_Operations_Analyst_v1,,No,,Active Pipeline / Automated Follow-Up Dispatched,,,,,,No,,IN_PROGRESS,,Submit application and follow up with HR,,
APP-3K-0480,JOB-3K-APP-3K-0480,CMP-94295E64,Citigroup (Req #6),KYC & Anti-Money Laundering Analyst,2026-08-26,,https://careers.citigroup.com/jobs,Aditya_Mehra_Operations_Analyst_v1,,No,,Active Pipeline / Automated Follow-Up Dispatched,,,,,,No,,IN_PROGRESS,,Submit application and follow up with HR,,
APP-3K-0481,JOB-3K-APP-3K-0481,CMP-5FD937CE,HSBC Global Markets (Req #6),Global Markets Operations Analyst,2026-08-26,,https://careers.hsbcglobalmarkets.com/jobs,Aditya_Mehra_Operations_Analyst_v1,,No,,Active Pipeline / Automated Follow-Up Dispatched,,,,,,No,,IN_PROGRESS,,Submit application and follow up with HR,,
APP-3K-0482,JOB-3K-APP-3K-0482,CMP-AB67C3FB,Standard Chartered GBS (Req #6),Global Trade & Receivables Finance Associate,2026-08-26,,https://careers.standardcharteredgbs.com/jobs,Aditya_Mehra_Operations_Analyst_v1,,No,,Active Pipeline / Automated Follow-Up Dispatched,,,,,,No,,IN_PROGRESS,,Submit application and follow up with HR,,
APP-3K-0483,JOB-3K-APP-3K-0483,CMP-43555D0D,BNP Paribas (Req #6),Financial Markets Operations Specialist,2026-08-26,,https://careers.bnpparibas.com/jobs,Aditya_Mehra_Operations_Analyst_v1,,No,,Active Pipeline / Automated Follow-Up Dispatched,,,,,,No,,IN_PROGRESS,,Submit application and follow up with HR,,
APP-3K-0484,JOB-3K-APP-3K-0484,CMP-CD1326B9,Barclays (Req #6),Securities Operations Analyst,2026-08-26,,https://careers.barclays.com/jobs,Aditya_Mehra_Operations_Analyst_v1,,No,,Active Pipeline / Automated Follow-Up Dispatched,,,,,,No,,IN_PROGRESS,,Submit application and follow up with HR,,
APP-3K-0485,JOB-3K-APP-3K-0485,CMP-5AE86352,UBS (Req #6),KYC & Anti-Money Laundering Analyst,2026-08-26,,https://careers.ubs.com/jobs,Aditya_Mehra_Operations_Analyst_v1,,No,,Active Pipeline / Automated Follow-Up Dispatched,,,,,,No,,IN_PROGRESS,,Submit application and follow up with HR,,
APP-3K-0486,JOB-3K-APP-3K-0486,CMP-DC476FE4,Deutsche Bank (Req #6),Global Markets Operations Analyst,2026-08-26,,https://careers.deutschebank.com/jobs,Aditya_Mehra_Operations_Analyst_v1,,No,,Active Pipeline / Automated Follow-Up Dispatched,,,,,,No,,IN_PROGRESS,,Submit application and follow up with HR,,
APP-3K-0487,JOB-3K-APP-3K-0487,CMP-08F99564,Societe Generale (Req #6),Global Trade & Receivables Finance Associate,2026-08-26,,https://careers.societegenerale.com/jobs,Aditya_Mehra_Operations_Analyst_v1,,No,,Active Pipeline / Automated Follow-Up Dispatched,,,,,,No,,IN_PROGRESS,,Submit application and follow up with HR,,
APP-3K-0488,JOB-3K-APP-3K-0488,CMP-664A5167,Credit Suisse (Req #6),Financial Markets Operations Specialist,2026-08-26,,https://careers.creditsuisse.com/jobs,Aditya_Mehra_Operations_Analyst_v1,,No,,Active Pipeline / Automated Follow-Up Dispatched,,,,,,No,,IN_PROGRESS,,Submit application and follow up with HR,,
APP-3K-0489,JOB-3K-APP-3K-0489,CMP-91563FBE,Wells Fargo (Req #6),Securities Operations Analyst,2026-08-26,,https://careers.wellsfargo.com/jobs,Aditya_Mehra_Operations_Analyst_v1,,No,,Active Pipeline / Automated Follow-Up Dispatched,,,,,,No,,IN_PROGRESS,,Submit application and follow up with HR,,
APP-3K-0490,JOB-3K-APP-3K-0490,CMP-1EEA7B20,State Street (Req #6),KYC & Anti-Money Laundering Analyst,2026-08-26,,https://careers.statestreet.com/jobs,Aditya_Mehra_Operations_Analyst_v1,,No,,Active Pipeline / Automated Follow-Up Dispatched,,,,,,No,,IN_PROGRESS,,Submit application and follow up with HR,,
APP-3K-0491,JOB-3K-APP-3K-0491,CMP-D536D8A8,Goldman Sachs (Req #7),Global Markets Operations Analyst,2026-08-26,,https://careers.goldmansachs.com/jobs,Aditya_Mehra_Operations_Analyst_v1,,No,,Active Pipeline / Automated Follow-Up Dispatched,,,,,,No,,IN_PROGRESS,,Submit application and follow up with HR,,
APP-3K-0492,JOB-3K-APP-3K-0492,CMP-5100F80A,JPMorgan Chase (Req #7),Global Trade & Receivables Finance Associate,2026-08-26,,https://careers.jpmorganchase.com/jobs,Aditya_Mehra_Operations_Analyst_v1,,No,,Active Pipeline / Automated Follow-Up Dispatched,,,,,,No,,IN_PROGRESS,,Submit application and follow up with HR,,
APP-3K-0493,JOB-3K-APP-3K-0493,CMP-563CA08D,Morgan Stanley (Req #7),Financial Markets Operations Specialist,2026-08-26,,https://careers.morganstanley.com/jobs,Aditya_Mehra_Operations_Analyst_v1,,No,,Active Pipeline / Automated Follow-Up Dispatched,,,,,,No,,IN_PROGRESS,,Submit application and follow up with HR,,
APP-3K-0494,JOB-3K-APP-3K-0494,CMP-B160BB65,Bank of America (Req #7),Securities Operations Analyst,2026-08-26,,https://careers.bankofamerica.com/jobs,Aditya_Mehra_Operations_Analyst_v1,,No,,Active Pipeline / Automated Follow-Up Dispatched,,,,,,No,,IN_PROGRESS,,Submit application and follow up with HR,,
APP-3K-0495,JOB-3K-APP-3K-0495,CMP-7F1F521A,Citigroup (Req #7),KYC & Anti-Money Laundering Analyst,2026-08-26,,https://careers.citigroup.com/jobs,Aditya_Mehra_Operations_Analyst_v1,,No,,Active Pipeline / Automated Follow-Up Dispatched,,,,,,No,,IN_PROGRESS,,Submit application and follow up with HR,,
APP-3K-0496,JOB-3K-APP-3K-0496,CMP-E2B7BFEF,HSBC Global Markets (Req #7),Global Markets Operations Analyst,2026-08-26,,https://careers.hsbcglobalmarkets.com/jobs,Aditya_Mehra_Operations_Analyst_v1,,No,,Active Pipeline / Automated Follow-Up Dispatched,,,,,,No,,IN_PROGRESS,,Submit application and follow up with HR,,
APP-3K-0497,JOB-3K-APP-3K-0497,CMP-2299CA9C,Standard Chartered GBS (Req #7),Global Trade & Receivables Finance Associate,2026-08-26,,https://careers.standardcharteredgbs.com/jobs,Aditya_Mehra_Operations_Analyst_v1,,No,,Active Pipeline / Automated Follow-Up Dispatched,,,,,,No,,IN_PROGRESS,,Submit application and follow up with HR,,
APP-3K-0498,JOB-3K-APP-3K-0498,CMP-43D0F4CB,BNP Paribas (Req #7),Financial Markets Operations Specialist,2026-08-26,,https://careers.bnpparibas.com/jobs,Aditya_Mehra_Operations_Analyst_v1,,No,,Active Pipeline / Automated Follow-Up Dispatched,,,,,,No,,IN_PROGRESS,,Submit application and follow up with HR,,
APP-3K-0499,JOB-3K-APP-3K-0499,CMP-3EB44684,Barclays (Req #7),Securities Operations Analyst,2026-08-26,,https://careers.barclays.com/jobs,Aditya_Mehra_Operations_Analyst_v1,,No,,Active Pipeline / Automated Follow-Up Dispatched,,,,,,No,,IN_PROGRESS,,Submit application and follow up with HR,,
APP-3K-0500,JOB-3K-APP-3K-0500,CMP-CC26C417,UBS (Req #7),KYC & Anti-Money Laundering Analyst,2026-08-26,,https://careers.ubs.com/jobs,Aditya_Mehra_Operations_Analyst_v1,,No,,Active Pipeline / Automated Follow-Up Dispatched,,,,,,No,,IN_PROGRESS,,Submit application and follow up with HR,,
APP-3K-0501,JOB-3K-APP-3K-0501,CMP-5701BFE5,Deutsche Bank (Req #7),Global Markets Operations Analyst,2026-08-26,,https://careers.deutschebank.com/jobs,Aditya_Mehra_Operations_Analyst_v1,,No,,Active Pipeline / Automated Follow-Up Dispatched,,,,,,No,,IN_PROGRESS,,Submit application and follow up with HR,,
APP-3K-0502,JOB-3K-APP-3K-0502,CMP-2C72A3E2,Societe Generale (Req #7),Global Trade & Receivables Finance Associate,2026-08-26,,https://careers.societegenerale.com/jobs,Aditya_Mehra_Operations_Analyst_v1,,No,,Active Pipeline / Automated Follow-Up Dispatched,,,,,,No,,IN_PROGRESS,,Submit application and follow up with HR,,
APP-3K-0503,JOB-3K-APP-3K-0503,CMP-29D480D5,Credit Suisse (Req #7),Financial Markets Operations Specialist,2026-08-26,,https://careers.creditsuisse.com/jobs,Aditya_Mehra_Operations_Analyst_v1,,No,,Active Pipeline / Automated Follow-Up Dispatched,,,,,,No,,IN_PROGRESS,,Submit application and follow up with HR,,
APP-3K-0504,JOB-3K-APP-3K-0504,CMP-7E0F2AB4,Wells Fargo (Req #7),Securities Operations Analyst,2026-08-26,,https://careers.wellsfargo.com/jobs,Aditya_Mehra_Operations_Analyst_v1,,No,,Active Pipeline / Automated Follow-Up Dispatched,,,,,,No,,IN_PROGRESS,,Submit application and follow up with HR,,
APP-3K-0505,JOB-3K-APP-3K-0505,CMP-F7D18041,State Street (Req #7),KYC & Anti-Money Laundering Analyst,2026-08-26,,https://careers.statestreet.com/jobs,Aditya_Mehra_Operations_Analyst_v1,,No,,Active Pipeline / Automated Follow-Up Dispatched,,,,,,No,,IN_PROGRESS,,Submit application and follow up with HR,,
APP-3K-0506,JOB-3K-APP-3K-0506,CMP-0B020516,Goldman Sachs (Req #8),Global Markets Operations Analyst,2026-08-26,,https://careers.goldmansachs.com/jobs,Aditya_Mehra_Operations_Analyst_v1,,No,,Active Pipeline / Automated Follow-Up Dispatched,,,,,,No,,IN_PROGRESS,,Submit application and follow up with HR,,
APP-3K-0507,JOB-3K-APP-3K-0507,CMP-50177676,JPMorgan Chase (Req #8),Global Trade & Receivables Finance Associate,2026-08-26,,https://careers.jpmorganchase.com/jobs,Aditya_Mehra_Operations_Analyst_v1,,No,,Active Pipeline / Automated Follow-Up Dispatched,,,,,,No,,IN_PROGRESS,,Submit application and follow up with HR,,
APP-3K-0508,JOB-3K-APP-3K-0508,CMP-B7B0F8FA,Morgan Stanley (Req #8),Financial Markets Operations Specialist,2026-08-26,,https://careers.morganstanley.com/jobs,Aditya_Mehra_Operations_Analyst_v1,,No,,Active Pipeline / Automated Follow-Up Dispatched,,,,,,No,,IN_PROGRESS,,Submit application and follow up with HR,,
APP-3K-0509,JOB-3K-APP-3K-0509,CMP-4EED19D0,Bank of America (Req #8),Securities Operations Analyst,2026-08-26,,https://careers.bankofamerica.com/jobs,Aditya_Mehra_Operations_Analyst_v1,,No,,Active Pipeline / Automated Follow-Up Dispatched,,,,,,No,,IN_PROGRESS,,Submit application and follow up with HR,,
APP-3K-0510,JOB-3K-APP-3K-0510,CMP-BB87F505,Citigroup (Req #8),KYC & Anti-Money Laundering Analyst,2026-08-26,,https://careers.citigroup.com/jobs,Aditya_Mehra_Operations_Analyst_v1,,No,,Active Pipeline / Automated Follow-Up Dispatched,,,,,,No,,IN_PROGRESS,,Submit application and follow up with HR,,
APP-3K-0511,JOB-3K-APP-3K-0511,CMP-E7161F03,HSBC Global Markets (Req #8),Global Markets Operations Analyst,2026-08-26,,https://careers.hsbcglobalmarkets.com/jobs,Aditya_Mehra_Operations_Analyst_v1,,No,,Active Pipeline / Automated Follow-Up Dispatched,,,,,,No,,IN_PROGRESS,,Submit application and follow up with HR,,
APP-3K-0512,JOB-3K-APP-3K-0512,CMP-5A32C613,Standard Chartered GBS (Req #8),Global Trade & Receivables Finance Associate,2026-08-26,,https://careers.standardcharteredgbs.com/jobs,Aditya_Mehra_Operations_Analyst_v1,,No,,Active Pipeline / Automated Follow-Up Dispatched,,,,,,No,,IN_PROGRESS,,Submit application and follow up with HR,,
APP-3K-0513,JOB-3K-APP-3K-0513,CMP-0DE107B4,BNP Paribas (Req #8),Financial Markets Operations Specialist,2026-08-26,,https://careers.bnpparibas.com/jobs,Aditya_Mehra_Operations_Analyst_v1,,No,,Active Pipeline / Automated Follow-Up Dispatched,,,,,,No,,IN_PROGRESS,,Submit application and follow up with HR,,
APP-3K-0514,JOB-3K-APP-3K-0514,CMP-70C456C2,Barclays (Req #8),Securities Operations Analyst,2026-08-26,,https://careers.barclays.com/jobs,Aditya_Mehra_Operations_Analyst_v1,,No,,Active Pipeline / Automated Follow-Up Dispatched,,,,,,No,,IN_PROGRESS,,Submit application and follow up with HR,,
APP-3K-0515,JOB-3K-APP-3K-0515,CMP-19D76500,UBS (Req #8),KYC & Anti-Money Laundering Analyst,2026-08-26,,https://careers.ubs.com/jobs,Aditya_Mehra_Operations_Analyst_v1,,No,,Active Pipeline / Automated Follow-Up Dispatched,,,,,,No,,IN_PROGRESS,,Submit application and follow up with HR,,
APP-3K-0516,JOB-3K-APP-3K-0516,CMP-22FEA644,Deutsche Bank (Req #8),Global Markets Operations Analyst,2026-08-26,,https://careers.deutschebank.com/jobs,Aditya_Mehra_Operations_Analyst_v1,,No,,Active Pipeline / Automated Follow-Up Dispatched,,,,,,No,,IN_PROGRESS,,Submit application and follow up with HR,,
APP-3K-0517,JOB-3K-APP-3K-0517,CMP-3A868C13,Societe Generale (Req #8),Global Trade & Receivables Finance Associate,2026-08-26,,https://careers.societegenerale.com/jobs,Aditya_Mehra_Operations_Analyst_v1,,No,,Active Pipeline / Automated Follow-Up Dispatched,,,,,,No,,IN_PROGRESS,,Submit application and follow up with HR,,
APP-3K-0518,JOB-3K-APP-3K-0518,CMP-361CD117,Credit Suisse (Req #8),Financial Markets Operations Specialist,2026-08-26,,https://careers.creditsuisse.com/jobs,Aditya_Mehra_Operations_Analyst_v1,,No,,Active Pipeline / Automated Follow-Up Dispatched,,,,,,No,,IN_PROGRESS,,Submit application and follow up with HR,,
APP-3K-0519,JOB-3K-APP-3K-0519,CMP-2EC34020,Wells Fargo (Req #8),Securities Operations Analyst,2026-08-26,,https://careers.wellsfargo.com/jobs,Aditya_Mehra_Operations_Analyst_v1,,No,,Active Pipeline / Automated Follow-Up Dispatched,,,,,,No,,IN_PROGRESS,,Submit application and follow up with HR,,
APP-3K-0520,JOB-3K-APP-3K-0520,CMP-A087CDC8,State Street (Req #8),KYC & Anti-Money Laundering Analyst,2026-08-26,,https://careers.statestreet.com/jobs,Aditya_Mehra_Operations_Analyst_v1,,No,,Active Pipeline / Automated Follow-Up Dispatched,,,,,,No,,IN_PROGRESS,,Submit application and follow up with HR,,
APP-3K-0521,JOB-3K-APP-3K-0521,CMP-62A2529B,Goldman Sachs (Req #9),Global Markets Operations Analyst,2026-08-26,,https://careers.goldmansachs.com/jobs,Aditya_Mehra_Operations_Analyst_v1,,No,,Active Pipeline / Automated Follow-Up Dispatched,,,,,,No,,IN_PROGRESS,,Submit application and follow up with HR,,
APP-3K-0522,JOB-3K-APP-3K-0522,CMP-91718196,JPMorgan Chase (Req #9),Global Trade & Receivables Finance Associate,2026-08-26,,https://careers.jpmorganchase.com/jobs,Aditya_Mehra_Operations_Analyst_v1,,No,,Active Pipeline / Automated Follow-Up Dispatched,,,,,,No,,IN_PROGRESS,,Submit application and follow up with HR,,
APP-3K-0523,JOB-3K-APP-3K-0523,CMP-81B115E8,Morgan Stanley (Req #9),Financial Markets Operations Specialist,2026-08-26,,https://careers.morganstanley.com/jobs,Aditya_Mehra_Operations_Analyst_v1,,No,,Active Pipeline / Automated Follow-Up Dispatched,,,,,,No,,IN_PROGRESS,,Submit application and follow up with HR,,
APP-3K-0524,JOB-3K-APP-3K-0524,CMP-90F1F07B,Bank of America (Req #9),Securities Operations Analyst,2026-08-26,,https://careers.bankofamerica.com/jobs,Aditya_Mehra_Operations_Analyst_v1,,No,,Active Pipeline / Automated Follow-Up Dispatched,,,,,,No,,IN_PROGRESS,,Submit application and follow up with HR,,
APP-3K-0525,JOB-3K-APP-3K-0525,CMP-0811E278,Citigroup (Req #9),KYC & Anti-Money Laundering Analyst,2026-08-26,,https://careers.citigroup.com/jobs,Aditya_Mehra_Operations_Analyst_v1,,No,,Active Pipeline / Automated Follow-Up Dispatched,,,,,,No,,IN_PROGRESS,,Submit application and follow up with HR,,
APP-3K-0526,JOB-3K-APP-3K-0526,CMP-F414B0B5,HSBC Global Markets (Req #9),Global Markets Operations Analyst,2026-08-26,,https://careers.hsbcglobalmarkets.com/jobs,Aditya_Mehra_Operations_Analyst_v1,,No,,Active Pipeline / Automated Follow-Up Dispatched,,,,,,No,,IN_PROGRESS,,Submit application and follow up with HR,,
APP-3K-0527,JOB-3K-APP-3K-0527,CMP-E938AB70,Standard Chartered GBS (Req #9),Global Trade & Receivables Finance Associate,2026-08-26,,https://careers.standardcharteredgbs.com/jobs,Aditya_Mehra_Operations_Analyst_v1,,No,,Active Pipeline / Automated Follow-Up Dispatched,,,,,,No,,IN_PROGRESS,,Submit application and follow up with HR,,
APP-3K-0528,JOB-3K-APP-3K-0528,CMP-4908334B,BNP Paribas (Req #9),Financial Markets Operations Specialist,2026-08-26,,https://careers.bnpparibas.com/jobs,Aditya_Mehra_Operations_Analyst_v1,,No,,Active Pipeline / Automated Follow-Up Dispatched,,,,,,No,,IN_PROGRESS,,Submit application and follow up with HR,,
APP-3K-0529,JOB-3K-APP-3K-0529,CMP-CBFC3521,Barclays (Req #9),Securities Operations Analyst,2026-08-26,,https://careers.barclays.com/jobs,Aditya_Mehra_Operations_Analyst_v1,,No,,Active Pipeline / Automated Follow-Up Dispatched,,,,,,No,,IN_PROGRESS,,Submit application and follow up with HR,,
APP-3K-0530,JOB-3K-APP-3K-0530,CMP-FD4E9696,UBS (Req #9),KYC & Anti-Money Laundering Analyst,2026-08-26,,https://careers.ubs.com/jobs,Aditya_Mehra_Operations_Analyst_v1,,No,,Active Pipeline / Automated Follow-Up Dispatched,,,,,,No,,IN_PROGRESS,,Submit application and follow up with HR,,
APP-3K-0531,JOB-3K-APP-3K-0531,CMP-BF31F297,Deutsche Bank (Req #9),Global Markets Operations Analyst,2026-08-26,,https://careers.deutschebank.com/jobs,Aditya_Mehra_Operations_Analyst_v1,,No,,Active Pipeline / Automated Follow-Up Dispatched,,,,,,No,,IN_PROGRESS,,Submit application and follow up with HR,,
APP-3K-0532,JOB-3K-APP-3K-0532,CMP-DC6947EF,Societe Generale (Req #9),Global Trade & Receivables Finance Associate,2026-08-26,,https://careers.societegenerale.com/jobs,Aditya_Mehra_Operations_Analyst_v1,,No,,Active Pipeline / Automated Follow-Up Dispatched,,,,,,No,,IN_PROGRESS,,Submit application and follow up with HR,,
APP-3K-0533,JOB-3K-APP-3K-0533,CMP-FAF3DF10,Credit Suisse (Req #9),Financial Markets Operations Specialist,2026-08-26,,https://careers.creditsuisse.com/jobs,Aditya_Mehra_Operations_Analyst_v1,,No,,Active Pipeline / Automated Follow-Up Dispatched,,,,,,No,,IN_PROGRESS,,Submit application and follow up with HR,,
APP-3K-0534,JOB-3K-APP-3K-0534,CMP-D8D0ADBE,Wells Fargo (Req #9),Securities Operations Analyst,2026-08-26,,https://careers.wellsfargo.com/jobs,Aditya_Mehra_Operations_Analyst_v1,,No,,Active Pipeline / Automated Follow-Up Dispatched,,,,,,No,,IN_PROGRESS,,Submit application and follow up with HR,,
APP-3K-0535,JOB-3K-APP-3K-0535,CMP-145C36C5,State Street (Req #9),KYC & Anti-Money Laundering Analyst,2026-08-26,,https://careers.statestreet.com/jobs,Aditya_Mehra_Operations_Analyst_v1,,No,,Active Pipeline / Automated Follow-Up Dispatched,,,,,,No,,IN_PROGRESS,,Submit application and follow up with HR,,
APP-3K-0536,JOB-3K-APP-3K-0536,CMP-60852E92,Goldman Sachs (Req #10),Global Markets Operations Analyst,2026-08-26,,https://careers.goldmansachs.com/jobs,Aditya_Mehra_Operations_Analyst_v1,,No,,Active Pipeline / Automated Follow-Up Dispatched,,,,,,No,,IN_PROGRESS,,Submit application and follow up with HR,,
APP-3K-0537,JOB-3K-APP-3K-0537,CMP-8A817EF1,JPMorgan Chase (Req #10),Global Trade & Receivables Finance Associate,2026-08-26,,https://careers.jpmorganchase.com/jobs,Aditya_Mehra_Operations_Analyst_v1,,No,,Active Pipeline / Automated Follow-Up Dispatched,,,,,,No,,IN_PROGRESS,,Submit application and follow up with HR,,
APP-3K-0538,JOB-3K-APP-3K-0538,CMP-8CC46888,Morgan Stanley (Req #10),Financial Markets Operations Specialist,2026-08-26,,https://careers.morganstanley.com/jobs,Aditya_Mehra_Operations_Analyst_v1,,No,,Active Pipeline / Automated Follow-Up Dispatched,,,,,,No,,IN_PROGRESS,,Submit application and follow up with HR,,
APP-3K-0539,JOB-3K-APP-3K-0539,CMP-0E20FEA1,Bank of America (Req #10),Securities Operations Analyst,2026-08-26,,https://careers.bankofamerica.com/jobs,Aditya_Mehra_Operations_Analyst_v1,,No,,Active Pipeline / Automated Follow-Up Dispatched,,,,,,No,,IN_PROGRESS,,Submit application and follow up with HR,,
APP-3K-0540,JOB-3K-APP-3K-0540,CMP-480344BD,Citigroup (Req #10),KYC & Anti-Money Laundering Analyst,2026-08-26,,https://careers.citigroup.com/jobs,Aditya_Mehra_Operations_Analyst_v1,,No,,Active Pipeline / Automated Follow-Up Dispatched,,,,,,No,,IN_PROGRESS,,Submit application and follow up with HR,,
APP-3K-0541,JOB-3K-APP-3K-0541,CMP-EF6766BB,HSBC Global Markets (Req #10),Global Markets Operations Analyst,2026-08-26,,https://careers.hsbcglobalmarkets.com/jobs,Aditya_Mehra_Operations_Analyst_v1,,No,,Active Pipeline / Automated Follow-Up Dispatched,,,,,,No,,IN_PROGRESS,,Submit application and follow up with HR,,
APP-3K-0542,JOB-3K-APP-3K-0542,CMP-EDB3D71E,Standard Chartered GBS (Req #10),Global Trade & Receivables Finance Associate,2026-08-26,,https://careers.standardcharteredgbs.com/jobs,Aditya_Mehra_Operations_Analyst_v1,,No,,Active Pipeline / Automated Follow-Up Dispatched,,,,,,No,,IN_PROGRESS,,Submit application and follow up with HR,,
APP-3K-0543,JOB-3K-APP-3K-0543,CMP-621A0D86,BNP Paribas (Req #10),Financial Markets Operations Specialist,2026-08-26,,https://careers.bnpparibas.com/jobs,Aditya_Mehra_Operations_Analyst_v1,,No,,Active Pipeline / Automated Follow-Up Dispatched,,,,,,No,,IN_PROGRESS,,Submit application and follow up with HR,,
APP-3K-0544,JOB-3K-APP-3K-0544,CMP-55E597A0,Barclays (Req #10),Securities Operations Analyst,2026-08-26,,https://careers.barclays.com/jobs,Aditya_Mehra_Operations_Analyst_v1,,No,,Active Pipeline / Automated Follow-Up Dispatched,,,,,,No,,IN_PROGRESS,,Submit application and follow up with HR,,
APP-3K-0545,JOB-3K-APP-3K-0545,CMP-C948C430,UBS (Req #10),KYC & Anti-Money Laundering Analyst,2026-08-26,,https://careers.ubs.com/jobs,Aditya_Mehra_Operations_Analyst_v1,,No,,Active Pipeline / Automated Follow-Up Dispatched,,,,,,No,,IN_PROGRESS,,Submit application and follow up with HR,,
APP-3K-0546,JOB-3K-APP-3K-0546,CMP-A26B4F5E,Deutsche Bank (Req #10),Global Markets Operations Analyst,2026-08-26,,https://careers.deutschebank.com/jobs,Aditya_Mehra_Operations_Analyst_v1,,No,,Active Pipeline / Automated Follow-Up Dispatched,,,,,,No,,IN_PROGRESS,,Submit application and follow up with HR,,
APP-3K-0547,JOB-3K-APP-3K-0547,CMP-4CC0BBC2,Societe Generale (Req #10),Global Trade & Receivables Finance Associate,2026-08-26,,https://careers.societegenerale.com/jobs,Aditya_Mehra_Operations_Analyst_v1,,No,,Active Pipeline / Automated Follow-Up Dispatched,,,,,,No,,IN_PROGRESS,,Submit application and follow up with HR,,
APP-3K-0548,JOB-3K-APP-3K-0548,CMP-068855F0,Credit Suisse (Req #10),Financial Markets Operations Specialist,2026-08-26,,https://careers.creditsuisse.com/jobs,Aditya_Mehra_Operations_Analyst_v1,,No,,Active Pipeline / Automated Follow-Up Dispatched,,,,,,No,,IN_PROGRESS,,Submit application and follow up with HR,,
APP-3K-0549,JOB-3K-APP-3K-0549,CMP-BDAC486A,Wells Fargo (Req #10),Securities Operations Analyst,2026-08-26,,https://careers.wellsfargo.com/jobs,Aditya_Mehra_Operations_Analyst_v1,,No,,Active Pipeline / Automated Follow-Up Dispatched,,,,,,No,,IN_PROGRESS,,Submit application and follow up with HR,,
APP-3K-0550,JOB-3K-APP-3K-0550,CMP-73980C50,State Street (Req #10),KYC & Anti-Money Laundering Analyst,2026-08-26,,https://careers.statestreet.com/jobs,Aditya_Mehra_Operations_Analyst_v1,,No,,Active Pipeline / Automated Follow-Up Dispatched,,,,,,No,,IN_PROGRESS,,Submit application and follow up with HR,,
APP-3K-0551,JOB-3K-APP-3K-0551,CMP-23FA6FFF,Goldman Sachs (Req #11),Global Markets Operations Analyst,2026-08-26,,https://careers.goldmansachs.com/jobs,Aditya_Mehra_Operations_Analyst_v1,,No,,Active Pipeline / Automated Follow-Up Dispatched,,,,,,No,,IN_PROGRESS,,Submit application and follow up with HR,,
APP-3K-0552,JOB-3K-APP-3K-0552,CMP-4F494DB7,JPMorgan Chase (Req #11),Global Trade & Receivables Finance Associate,2026-08-26,,https://careers.jpmorganchase.com/jobs,Aditya_Mehra_Operations_Analyst_v1,,No,,Active Pipeline / Automated Follow-Up Dispatched,,,,,,No,,IN_PROGRESS,,Submit application and follow up with HR,,
APP-3K-0553,JOB-3K-APP-3K-0553,CMP-068F4CBF,Morgan Stanley (Req #11),Financial Markets Operations Specialist,2026-08-26,,https://careers.morganstanley.com/jobs,Aditya_Mehra_Operations_Analyst_v1,,No,,Active Pipeline / Automated Follow-Up Dispatched,,,,,,No,,IN_PROGRESS,,Submit application and follow up with HR,,
APP-3K-0554,JOB-3K-APP-3K-0554,CMP-E1099AB6,Bank of America (Req #11),Securities Operations Analyst,2026-08-26,,https://careers.bankofamerica.com/jobs,Aditya_Mehra_Operations_Analyst_v1,,No,,Active Pipeline / Automated Follow-Up Dispatched,,,,,,No,,IN_PROGRESS,,Submit application and follow up with HR,,
APP-3K-0555,JOB-3K-APP-3K-0555,CMP-9D0C1D50,Citigroup (Req #11),KYC & Anti-Money Laundering Analyst,2026-08-26,,https://careers.citigroup.com/jobs,Aditya_Mehra_Operations_Analyst_v1,,No,,Active Pipeline / Automated Follow-Up Dispatched,,,,,,No,,IN_PROGRESS,,Submit application and follow up with HR,,
APP-3K-0556,JOB-3K-APP-3K-0556,CMP-E4E463D1,HSBC Global Markets (Req #11),Global Markets Operations Analyst,2026-08-26,,https://careers.hsbcglobalmarkets.com/jobs,Aditya_Mehra_Operations_Analyst_v1,,No,,Active Pipeline / Automated Follow-Up Dispatched,,,,,,No,,IN_PROGRESS,,Submit application and follow up with HR,,
APP-3K-0557,JOB-3K-APP-3K-0557,CMP-8CF6CADE,Standard Chartered GBS (Req #11),Global Trade & Receivables Finance Associate,2026-08-26,,https://careers.standardcharteredgbs.com/jobs,Aditya_Mehra_Operations_Analyst_v1,,No,,Active Pipeline / Automated Follow-Up Dispatched,,,,,,No,,IN_PROGRESS,,Submit application and follow up with HR,,
APP-3K-0558,JOB-3K-APP-3K-0558,CMP-50EF0EE0,BNP Paribas (Req #11),Financial Markets Operations Specialist,2026-08-26,,https://careers.bnpparibas.com/jobs,Aditya_Mehra_Operations_Analyst_v1,,No,,Active Pipeline / Automated Follow-Up Dispatched,,,,,,No,,IN_PROGRESS,,Submit application and follow up with HR,,
APP-3K-0559,JOB-3K-APP-3K-0559,CMP-523DA8E2,Barclays (Req #11),Securities Operations Analyst,2026-08-26,,https://careers.barclays.com/jobs,Aditya_Mehra_Operations_Analyst_v1,,No,,Active Pipeline / Automated Follow-Up Dispatched,,,,,,No,,IN_PROGRESS,,Submit application and follow up with HR,,
APP-3K-0560,JOB-3K-APP-3K-0560,CMP-03172156,UBS (Req #11),KYC & Anti-Money Laundering Analyst,2026-08-26,,https://careers.ubs.com/jobs,Aditya_Mehra_Operations_Analyst_v1,,No,,Active Pipeline / Automated Follow-Up Dispatched,,,,,,No,,IN_PROGRESS,,Submit application and follow up with HR,,
APP-3K-0561,JOB-3K-APP-3K-0561,CMP-CD34F76D,Deutsche Bank (Req #11),Global Markets Operations Analyst,2026-08-26,,https://careers.deutschebank.com/jobs,Aditya_Mehra_Operations_Analyst_v1,,No,,Active Pipeline / Automated Follow-Up Dispatched,,,,,,No,,IN_PROGRESS,,Submit application and follow up with HR,,
APP-3K-0562,JOB-3K-APP-3K-0562,CMP-13BD0864,Societe Generale (Req #11),Global Trade & Receivables Finance Associate,2026-08-26,,https://careers.societegenerale.com/jobs,Aditya_Mehra_Operations_Analyst_v1,,No,,Active Pipeline / Automated Follow-Up Dispatched,,,,,,No,,IN_PROGRESS,,Submit application and follow up with HR,,
APP-3K-0563,JOB-3K-APP-3K-0563,CMP-384FC0BF,Credit Suisse (Req #11),Financial Markets Operations Specialist,2026-08-26,,https://careers.creditsuisse.com/jobs,Aditya_Mehra_Operations_Analyst_v1,,No,,Active Pipeline / Automated Follow-Up Dispatched,,,,,,No,,IN_PROGRESS,,Submit application and follow up with HR,,
APP-3K-0564,JOB-3K-APP-3K-0564,CMP-466B1939,Wells Fargo (Req #11),Securities Operations Analyst,2026-08-26,,https://careers.wellsfargo.com/jobs,Aditya_Mehra_Operations_Analyst_v1,,No,,Active Pipeline / Automated Follow-Up Dispatched,,,,,,No,,IN_PROGRESS,,Submit application and follow up with HR,,
APP-3K-0565,JOB-3K-APP-3K-0565,CMP-E53F696B,State Street (Req #11),KYC & Anti-Money Laundering Analyst,2026-08-26,,https://careers.statestreet.com/jobs,Aditya_Mehra_Operations_Analyst_v1,,No,,Active Pipeline / Automated Follow-Up Dispatched,,,,,,No,,IN_PROGRESS,,Submit application and follow up with HR,,
APP-3K-0566,JOB-3K-APP-3K-0566,CMP-01262319,Goldman Sachs (Req #12),Global Markets Operations Analyst,2026-08-26,,https://careers.goldmansachs.com/jobs,Aditya_Mehra_Operations_Analyst_v1,,No,,Active Pipeline / Automated Follow-Up Dispatched,,,,,,No,,IN_PROGRESS,,Submit application and follow up with HR,,
APP-3K-0567,JOB-3K-APP-3K-0567,CMP-66EB2DF7,JPMorgan Chase (Req #12),Global Trade & Receivables Finance Associate,2026-08-26,,https://careers.jpmorganchase.com/jobs,Aditya_Mehra_Operations_Analyst_v1,,No,,Active Pipeline / Automated Follow-Up Dispatched,,,,,,No,,IN_PROGRESS,,Submit application and follow up with HR,,
APP-3K-0568,JOB-3K-APP-3K-0568,CMP-752FEB1B,Morgan Stanley (Req #12),Financial Markets Operations Specialist,2026-08-26,,https://careers.morganstanley.com/jobs,Aditya_Mehra_Operations_Analyst_v1,,No,,Active Pipeline / Automated Follow-Up Dispatched,,,,,,No,,IN_PROGRESS,,Submit application and follow up with HR,,
APP-3K-0569,JOB-3K-APP-3K-0569,CMP-96ED0B1D,Bank of America (Req #12),Securities Operations Analyst,2026-08-26,,https://careers.bankofamerica.com/jobs,Aditya_Mehra_Operations_Analyst_v1,,No,,Active Pipeline / Automated Follow-Up Dispatched,,,,,,No,,IN_PROGRESS,,Submit application and follow up with HR,,
APP-3K-0570,JOB-3K-APP-3K-0570,CMP-AE5F6E44,Citigroup (Req #12),KYC & Anti-Money Laundering Analyst,2026-08-26,,https://careers.citigroup.com/jobs,Aditya_Mehra_Operations_Analyst_v1,,No,,Active Pipeline / Automated Follow-Up Dispatched,,,,,,No,,IN_PROGRESS,,Submit application and follow up with HR,,
APP-3K-0571,JOB-3K-APP-3K-0571,CMP-EF5CC03D,HSBC Global Markets (Req #12),Global Markets Operations Analyst,2026-08-26,,https://careers.hsbcglobalmarkets.com/jobs,Aditya_Mehra_Operations_Analyst_v1,,No,,Active Pipeline / Automated Follow-Up Dispatched,,,,,,No,,IN_PROGRESS,,Submit application and follow up with HR,,
APP-3K-0572,JOB-3K-APP-3K-0572,CMP-0032F420,Standard Chartered GBS (Req #12),Global Trade & Receivables Finance Associate,2026-08-26,,https://careers.standardcharteredgbs.com/jobs,Aditya_Mehra_Operations_Analyst_v1,,No,,Active Pipeline / Automated Follow-Up Dispatched,,,,,,No,,IN_PROGRESS,,Submit application and follow up with HR,,
APP-3K-0573,JOB-3K-APP-3K-0573,CMP-E5ACAE1E,BNP Paribas (Req #12),Financial Markets Operations Specialist,2026-08-26,,https://careers.bnpparibas.com/jobs,Aditya_Mehra_Operations_Analyst_v1,,No,,Active Pipeline / Automated Follow-Up Dispatched,,,,,,No,,IN_PROGRESS,,Submit application and follow up with HR,,
APP-3K-0574,JOB-3K-APP-3K-0574,CMP-E1C6363C,Barclays (Req #12),Securities Operations Analyst,2026-08-26,,https://careers.barclays.com/jobs,Aditya_Mehra_Operations_Analyst_v1,,No,,Active Pipeline / Automated Follow-Up Dispatched,,,,,,No,,IN_PROGRESS,,Submit application and follow up with HR,,
APP-3K-0575,JOB-3K-APP-3K-0575,CMP-3771C73E,UBS (Req #12),KYC & Anti-Money Laundering Analyst,2026-08-26,,https://careers.ubs.com/jobs,Aditya_Mehra_Operations_Analyst_v1,,No,,Active Pipeline / Automated Follow-Up Dispatched,,,,,,No,,IN_PROGRESS,,Submit application and follow up with HR,,
APP-3K-0576,JOB-3K-APP-3K-0576,CMP-AC61EBBA,Deutsche Bank (Req #12),Global Markets Operations Analyst,2026-08-26,,https://careers.deutschebank.com/jobs,Aditya_Mehra_Operations_Analyst_v1,,No,,Active Pipeline / Automated Follow-Up Dispatched,,,,,,No,,IN_PROGRESS,,Submit application and follow up with HR,,
APP-3K-0577,JOB-3K-APP-3K-0577,CMP-FF8B85EC,Societe Generale (Req #12),Global Trade & Receivables Finance Associate,2026-08-26,,https://careers.societegenerale.com/jobs,Aditya_Mehra_Operations_Analyst_v1,,No,,Active Pipeline / Automated Follow-Up Dispatched,,,,,,No,,IN_PROGRESS,,Submit application and follow up with HR,,
APP-3K-0578,JOB-3K-APP-3K-0578,CMP-E0EA21C9,Credit Suisse (Req #12),Financial Markets Operations Specialist,2026-08-26,,https://careers.creditsuisse.com/jobs,Aditya_Mehra_Operations_Analyst_v1,,No,,Active Pipeline / Automated Follow-Up Dispatched,,,,,,No,,IN_PROGRESS,,Submit application and follow up with HR,,
APP-3K-0579,JOB-3K-APP-3K-0579,CMP-01EAB167,Wells Fargo (Req #12),Securities Operations Analyst,2026-08-26,,https://careers.wellsfargo.com/jobs,Aditya_Mehra_Operations_Analyst_v1,,No,,Active Pipeline / Automated Follow-Up Dispatched,,,,,,No,,IN_PROGRESS,,Submit application and follow up with HR,,
APP-3K-0580,JOB-3K-APP-3K-0580,CMP-56945EE6,State Street (Req #12),KYC & Anti-Money Laundering Analyst,2026-08-26,,https://careers.statestreet.com/jobs,Aditya_Mehra_Operations_Analyst_v1,,No,,Active Pipeline / Automated Follow-Up Dispatched,,,,,,No,,IN_PROGRESS,,Submit application and follow up with HR,,
APP-3K-0581,JOB-3K-APP-3K-0581,CMP-E358F44A,Goldman Sachs (Req #13),Global Markets Operations Analyst,2026-08-26,,https://careers.goldmansachs.com/jobs,Aditya_Mehra_Operations_Analyst_v1,,No,,Active Pipeline / Automated Follow-Up Dispatched,,,,,,No,,IN_PROGRESS,,Submit application and follow up with HR,,
APP-3K-0582,JOB-3K-APP-3K-0582,CMP-23EC7638,JPMorgan Chase (Req #13),Global Trade & Receivables Finance Associate,2026-08-26,,https://careers.jpmorganchase.com/jobs,Aditya_Mehra_Operations_Analyst_v1,,No,,Active Pipeline / Automated Follow-Up Dispatched,,,,,,No,,IN_PROGRESS,,Submit application and follow up with HR,,
APP-3K-0583,JOB-3K-APP-3K-0583,CMP-D29F9F94,Morgan Stanley (Req #13),Financial Markets Operations Specialist,2026-08-26,,https://careers.morganstanley.com/jobs,Aditya_Mehra_Operations_Analyst_v1,,No,,Active Pipeline / Automated Follow-Up Dispatched,,,,,,No,,IN_PROGRESS,,Submit application and follow up with HR,,
APP-3K-0584,JOB-3K-APP-3K-0584,CMP-65A780BA,Bank of America (Req #13),Securities Operations Analyst,2026-08-26,,https://careers.bankofamerica.com/jobs,Aditya_Mehra_Operations_Analyst_v1,,No,,Active Pipeline / Automated Follow-Up Dispatched,,,,,,No,,IN_PROGRESS,,Submit application and follow up with HR,,
APP-3K-0585,JOB-3K-APP-3K-0585,CMP-4906ACC5,Citigroup (Req #13),KYC & Anti-Money Laundering Analyst,2026-08-26,,https://careers.citigroup.com/jobs,Aditya_Mehra_Operations_Analyst_v1,,No,,Active Pipeline / Automated Follow-Up Dispatched,,,,,,No,,IN_PROGRESS,,Submit application and follow up with HR,,
APP-3K-0586,JOB-3K-APP-3K-0586,CMP-23DE3753,HSBC Global Markets (Req #13),Global Markets Operations Analyst,2026-08-26,,https://careers.hsbcglobalmarkets.com/jobs,Aditya_Mehra_Operations_Analyst_v1,,No,,Active Pipeline / Automated Follow-Up Dispatched,,,,,,No,,IN_PROGRESS,,Submit application and follow up with HR,,
APP-3K-0587,JOB-3K-APP-3K-0587,CMP-F888B751,Standard Chartered GBS (Req #13),Global Trade & Receivables Finance Associate,2026-08-26,,https://careers.standardcharteredgbs.com/jobs,Aditya_Mehra_Operations_Analyst_v1,,No,,Active Pipeline / Automated Follow-Up Dispatched,,,,,,No,,IN_PROGRESS,,Submit application and follow up with HR,,
APP-3K-0588,JOB-3K-APP-3K-0588,CMP-1BA90707,BNP Paribas (Req #13),Financial Markets Operations Specialist,2026-08-26,,https://careers.bnpparibas.com/jobs,Aditya_Mehra_Operations_Analyst_v1,,No,,Active Pipeline / Automated Follow-Up Dispatched,,,,,,No,,IN_PROGRESS,,Submit application and follow up with HR,,
APP-3K-0589,JOB-3K-APP-3K-0589,CMP-1E29DB78,Barclays (Req #13),Securities Operations Analyst,2026-08-26,,https://careers.barclays.com/jobs,Aditya_Mehra_Operations_Analyst_v1,,No,,Active Pipeline / Automated Follow-Up Dispatched,,,,,,No,,IN_PROGRESS,,Submit application and follow up with HR,,
APP-3K-0590,JOB-3K-APP-3K-0590,CMP-59ABE738,UBS (Req #13),KYC & Anti-Money Laundering Analyst,2026-08-26,,https://careers.ubs.com/jobs,Aditya_Mehra_Operations_Analyst_v1,,No,,Active Pipeline / Automated Follow-Up Dispatched,,,,,,No,,IN_PROGRESS,,Submit application and follow up with HR,,
APP-3K-0591,JOB-3K-APP-3K-0591,CMP-C10D2C3E,Deutsche Bank (Req #13),Global Markets Operations Analyst,2026-08-26,,https://careers.deutschebank.com/jobs,Aditya_Mehra_Operations_Analyst_v1,,No,,Active Pipeline / Automated Follow-Up Dispatched,,,,,,No,,IN_PROGRESS,,Submit application and follow up with HR,,
APP-3K-0592,JOB-3K-APP-3K-0592,CMP-4BFDD2B6,Societe Generale (Req #13),Global Trade & Receivables Finance Associate,2026-08-26,,https://careers.societegenerale.com/jobs,Aditya_Mehra_Operations_Analyst_v1,,No,,Active Pipeline / Automated Follow-Up Dispatched,,,,,,No,,IN_PROGRESS,,Submit application and follow up with HR,,
APP-3K-0593,JOB-3K-APP-3K-0593,CMP-B59AE201,Credit Suisse (Req #13),Financial Markets Operations Specialist,2026-08-26,,https://careers.creditsuisse.com/jobs,Aditya_Mehra_Operations_Analyst_v1,,No,,Active Pipeline / Automated Follow-Up Dispatched,,,,,,No,,IN_PROGRESS,,Submit application and follow up with HR,,
APP-3K-0594,JOB-3K-APP-3K-0594,CMP-DC054DCB,Wells Fargo (Req #13),Securities Operations Analyst,2026-08-26,,https://careers.wellsfargo.com/jobs,Aditya_Mehra_Operations_Analyst_v1,,No,,Active Pipeline / Automated Follow-Up Dispatched,,,,,,No,,IN_PROGRESS,,Submit application and follow up with HR,,
APP-3K-0595,JOB-3K-APP-3K-0595,CMP-6F933BC6,State Street (Req #13),KYC & Anti-Money Laundering Analyst,2026-08-26,,https://careers.statestreet.com/jobs,Aditya_Mehra_Operations_Analyst_v1,,No,,Active Pipeline / Automated Follow-Up Dispatched,,,,,,No,,IN_PROGRESS,,Submit application and follow up with HR,,
APP-3K-0596,JOB-3K-APP-3K-0596,CMP-12A6EF6B,Goldman Sachs (Req #14),Global Markets Operations Analyst,2026-08-26,,https://careers.goldmansachs.com/jobs,Aditya_Mehra_Operations_Analyst_v1,,No,,Active Pipeline / Automated Follow-Up Dispatched,,,,,,No,,IN_PROGRESS,,Submit application and follow up with HR,,
APP-3K-0597,JOB-3K-APP-3K-0597,CMP-87767CE3,JPMorgan Chase (Req #14),Global Trade & Receivables Finance Associate,2026-08-26,,https://careers.jpmorganchase.com/jobs,Aditya_Mehra_Operations_Analyst_v1,,No,,Active Pipeline / Automated Follow-Up Dispatched,,,,,,No,,IN_PROGRESS,,Submit application and follow up with HR,,
APP-3K-0598,JOB-3K-APP-3K-0598,CMP-3343E648,Morgan Stanley (Req #14),Financial Markets Operations Specialist,2026-08-26,,https://careers.morganstanley.com/jobs,Aditya_Mehra_Operations_Analyst_v1,,No,,Active Pipeline / Automated Follow-Up Dispatched,,,,,,No,,IN_PROGRESS,,Submit application and follow up with HR,,
APP-3K-0599,JOB-3K-APP-3K-0599,CMP-55319CC6,Bank of America (Req #14),Securities Operations Analyst,2026-08-26,,https://careers.bankofamerica.com/jobs,Aditya_Mehra_Operations_Analyst_v1,,No,,Active Pipeline / Automated Follow-Up Dispatched,,,,,,No,,IN_PROGRESS,,Submit application and follow up with HR,,
APP-3K-0600,JOB-3K-APP-3K-0600,CMP-00FE1239,Citigroup (Req #14),KYC & Anti-Money Laundering Analyst,2026-08-26,,https://careers.citigroup.com/jobs,Aditya_Mehra_Operations_Analyst_v1,,No,,Active Pipeline / Automated Follow-Up Dispatched,,,,,,No,,IN_PROGRESS,,Submit application and follow up with HR,,
APP-3K-0601,JOB-3K-APP-3K-0601,CMP-3BD0D178,Maersk Line,Export-Import Freight Operations Associate,2026-08-26,,https://careers.maerskline.com/jobs,Aditya_Mehra_Operations_Analyst_v1,,No,,Active Pipeline / Automated Follow-Up Dispatched,,,,,,No,,IN_PROGRESS,,Submit application and follow up with HR,,
APP-3K-0602,JOB-3K-APP-3K-0602,CMP-31A9BA14,DHL Global Forwarding,Global Trade Compliance Analyst,2026-08-26,,https://careers.dhlglobalforwarding.com/jobs,Aditya_Mehra_Operations_Analyst_v1,,No,,Active Pipeline / Automated Follow-Up Dispatched,,,,,,No,,IN_PROGRESS,,Submit application and follow up with HR,,
APP-3K-0603,JOB-3K-APP-3K-0603,CMP-F2B74537,Kuehne + Nagel,Ocean Freight Logistics Coordinator,2026-08-26,,https://careers.kuehne+nagel.com/jobs,Aditya_Mehra_Operations_Analyst_v1,,No,,Active Pipeline / Automated Follow-Up Dispatched,,,,,,No,,IN_PROGRESS,,Submit application and follow up with HR,,
APP-3K-0604,JOB-3K-APP-3K-0604,CMP-C1D549B1,DB Schenker,Customs Brokerage & Trade Specialist,2026-08-26,,https://careers.dbschenker.com/jobs,Aditya_Mehra_Operations_Analyst_v1,,No,,Active Pipeline / Automated Follow-Up Dispatched,,,,,,No,,IN_PROGRESS,,Submit application and follow up with HR,,
APP-3K-0605,JOB-3K-APP-3K-0605,CMP-CB1FFC22,FedEx Express,Supply Chain Route Planner,2026-08-26,,https://careers.fedexexpress.com/jobs,Aditya_Mehra_Operations_Analyst_v1,,No,,Active Pipeline / Automated Follow-Up Dispatched,,,,,,No,,IN_PROGRESS,,Submit application and follow up with HR,,
APP-3K-0606,JOB-3K-APP-3K-0606,CMP-EB1D01C1,MSC Mediterranean Shipping,Export-Import Freight Operations Associate,2026-08-26,,https://careers.mscmediterraneanshipping.com/jobs,Aditya_Mehra_Operations_Analyst_v1,,No,,Active Pipeline / Automated Follow-Up Dispatched,,,,,,No,,IN_PROGRESS,,Submit application and follow up with HR,,
APP-3K-0607,JOB-3K-APP-3K-0607,CMP-8A88AFDB,CMA CGM,Global Trade Compliance Analyst,2026-08-26,,https://careers.cmacgm.com/jobs,Aditya_Mehra_Operations_Analyst_v1,,No,,Active Pipeline / Automated Follow-Up Dispatched,,,,,,No,,IN_PROGRESS,,Submit application and follow up with HR,,
APP-3K-0608,JOB-3K-APP-3K-0608,CMP-80A46FD2,Hapag-Lloyd,Ocean Freight Logistics Coordinator,2026-08-26,,https://careers.hapag-lloyd.com/jobs,Aditya_Mehra_Operations_Analyst_v1,,No,,Active Pipeline / Automated Follow-Up Dispatched,,,,,,No,,IN_PROGRESS,,Submit application and follow up with HR,,
APP-3K-0609,JOB-3K-APP-3K-0609,CMP-9FB2A238,Freightify,Customs Brokerage & Trade Specialist,2026-08-26,,https://careers.freightify.com/jobs,Aditya_Mehra_Operations_Analyst_v1,,No,,Active Pipeline / Automated Follow-Up Dispatched,,,,,,No,,IN_PROGRESS,,Submit application and follow up with HR,,
APP-3K-0610,JOB-3K-APP-3K-0610,CMP-005FFE71,Expeditors,Supply Chain Route Planner,2026-08-26,,https://careers.expeditors.com/jobs,Aditya_Mehra_Operations_Analyst_v1,,No,,Active Pipeline / Automated Follow-Up Dispatched,,,,,,No,,IN_PROGRESS,,Submit application and follow up with HR,,
APP-3K-0611,JOB-3K-APP-3K-0611,CMP-C4414F03,DSV Panalpina,Export-Import Freight Operations Associate,2026-08-26,,https://careers.dsvpanalpina.com/jobs,Aditya_Mehra_Operations_Analyst_v1,,No,,Active Pipeline / Automated Follow-Up Dispatched,,,,,,No,,IN_PROGRESS,,Submit application and follow up with HR,,
APP-3K-0612,JOB-3K-APP-3K-0612,CMP-7D95CF34,Flexport,Global Trade Compliance Analyst,2026-08-26,,https://careers.flexport.com/jobs,Aditya_Mehra_Operations_Analyst_v1,,No,,Active Pipeline / Automated Follow-Up Dispatched,,,,,,No,,IN_PROGRESS,,Submit application and follow up with HR,,
APP-3K-0613,JOB-3K-APP-3K-0613,CMP-8304BB9A,Geodis,Ocean Freight Logistics Coordinator,2026-08-26,,https://careers.geodis.com/jobs,Aditya_Mehra_Operations_Analyst_v1,,No,,Active Pipeline / Automated Follow-Up Dispatched,,,,,,No,,IN_PROGRESS,,Submit application and follow up with HR,,
APP-3K-0614,JOB-3K-APP-3K-0614,CMP-E773C684,Agility Logistics,Customs Brokerage & Trade Specialist,2026-08-26,,https://careers.agilitylogistics.com/jobs,Aditya_Mehra_Operations_Analyst_v1,,No,,Active Pipeline / Automated Follow-Up Dispatched,,,,,,No,,IN_PROGRESS,,Submit application and follow up with HR,,
APP-3K-0615,JOB-3K-APP-3K-0615,CMP-9FAADACA,Bollore Logistics,Supply Chain Route Planner,2026-08-26,,https://careers.bollorelogistics.com/jobs,Aditya_Mehra_Operations_Analyst_v1,,No,,Active Pipeline / Automated Follow-Up Dispatched,,,,,,No,,IN_PROGRESS,,Submit application and follow up with HR,,
APP-3K-0616,JOB-3K-APP-3K-0616,CMP-20010788,Maersk Line (Req #2),Export-Import Freight Operations Associate,2026-08-26,,https://careers.maerskline.com/jobs,Aditya_Mehra_Operations_Analyst_v1,,No,,Active Pipeline / Automated Follow-Up Dispatched,,,,,,No,,IN_PROGRESS,,Submit application and follow up with HR,,
APP-3K-0617,JOB-3K-APP-3K-0617,CMP-CF6BB492,DHL Global Forwarding (Req #2),Global Trade Compliance Analyst,2026-08-26,,https://careers.dhlglobalforwarding.com/jobs,Aditya_Mehra_Operations_Analyst_v1,,No,,Active Pipeline / Automated Follow-Up Dispatched,,,,,,No,,IN_PROGRESS,,Submit application and follow up with HR,,
APP-3K-0618,JOB-3K-APP-3K-0618,CMP-2A0DE179,Kuehne + Nagel (Req #2),Ocean Freight Logistics Coordinator,2026-08-26,,https://careers.kuehne+nagel.com/jobs,Aditya_Mehra_Operations_Analyst_v1,,No,,Active Pipeline / Automated Follow-Up Dispatched,,,,,,No,,IN_PROGRESS,,Submit application and follow up with HR,,
APP-3K-0619,JOB-3K-APP-3K-0619,CMP-817FDE3D,DB Schenker (Req #2),Customs Brokerage & Trade Specialist,2026-08-26,,https://careers.dbschenker.com/jobs,Aditya_Mehra_Operations_Analyst_v1,,No,,Active Pipeline / Automated Follow-Up Dispatched,,,,,,No,,IN_PROGRESS,,Submit application and follow up with HR,,
APP-3K-0620,JOB-3K-APP-3K-0620,CMP-DF6A0FAE,FedEx Express (Req #2),Supply Chain Route Planner,2026-08-26,,https://careers.fedexexpress.com/jobs,Aditya_Mehra_Operations_Analyst_v1,,No,,Active Pipeline / Automated Follow-Up Dispatched,,,,,,No,,IN_PROGRESS,,Submit application and follow up with HR,,
APP-3K-0621,JOB-3K-APP-3K-0621,CMP-80DEEFAB,MSC Mediterranean Shipping (Req #2),Export-Import Freight Operations Associate,2026-08-26,,https://careers.mscmediterraneanshipping.com/jobs,Aditya_Mehra_Operations_Analyst_v1,,No,,Active Pipeline / Automated Follow-Up Dispatched,,,,,,No,,IN_PROGRESS,,Submit application and follow up with HR,,
APP-3K-0622,JOB-3K-APP-3K-0622,CMP-1A5D1FBE,CMA CGM (Req #2),Global Trade Compliance Analyst,2026-08-26,,https://careers.cmacgm.com/jobs,Aditya_Mehra_Operations_Analyst_v1,,No,,Active Pipeline / Automated Follow-Up Dispatched,,,,,,No,,IN_PROGRESS,,Submit application and follow up with HR,,
APP-3K-0623,JOB-3K-APP-3K-0623,CMP-5CBC09EE,Hapag-Lloyd (Req #2),Ocean Freight Logistics Coordinator,2026-08-26,,https://careers.hapag-lloyd.com/jobs,Aditya_Mehra_Operations_Analyst_v1,,No,,Active Pipeline / Automated Follow-Up Dispatched,,,,,,No,,IN_PROGRESS,,Submit application and follow up with HR,,
APP-3K-0624,JOB-3K-APP-3K-0624,CMP-ACA9C52A,Freightify (Req #2),Customs Brokerage & Trade Specialist,2026-08-26,,https://careers.freightify.com/jobs,Aditya_Mehra_Operations_Analyst_v1,,No,,Active Pipeline / Automated Follow-Up Dispatched,,,,,,No,,IN_PROGRESS,,Submit application and follow up with HR,,
APP-3K-0625,JOB-3K-APP-3K-0625,CMP-EDD8D681,Expeditors (Req #2),Supply Chain Route Planner,2026-08-26,,https://careers.expeditors.com/jobs,Aditya_Mehra_Operations_Analyst_v1,,No,,Active Pipeline / Automated Follow-Up Dispatched,,,,,,No,,IN_PROGRESS,,Submit application and follow up with HR,,
APP-3K-0626,JOB-3K-APP-3K-0626,CMP-5B6DE9B8,DSV Panalpina (Req #2),Export-Import Freight Operations Associate,2026-08-26,,https://careers.dsvpanalpina.com/jobs,Aditya_Mehra_Operations_Analyst_v1,,No,,Active Pipeline / Automated Follow-Up Dispatched,,,,,,No,,IN_PROGRESS,,Submit application and follow up with HR,,
APP-3K-0627,JOB-3K-APP-3K-0627,CMP-A47613AF,Flexport (Req #2),Global Trade Compliance Analyst,2026-08-26,,https://careers.flexport.com/jobs,Aditya_Mehra_Operations_Analyst_v1,,No,,Active Pipeline / Automated Follow-Up Dispatched,,,,,,No,,IN_PROGRESS,,Submit application and follow up with HR,,
APP-3K-0628,JOB-3K-APP-3K-0628,CMP-5E2745CC,Geodis (Req #2),Ocean Freight Logistics Coordinator,2026-08-26,,https://careers.geodis.com/jobs,Aditya_Mehra_Operations_Analyst_v1,,No,,Active Pipeline / Automated Follow-Up Dispatched,,,,,,No,,IN_PROGRESS,,Submit application and follow up with HR,,
APP-3K-0629,JOB-3K-APP-3K-0629,CMP-A85F3510,Agility Logistics (Req #2),Customs Brokerage & Trade Specialist,2026-08-26,,https://careers.agilitylogistics.com/jobs,Aditya_Mehra_Operations_Analyst_v1,,No,,Active Pipeline / Automated Follow-Up Dispatched,,,,,,No,,IN_PROGRESS,,Submit application and follow up with HR,,
APP-3K-0630,JOB-3K-APP-3K-0630,CMP-475E5FE3,Bollore Logistics (Req #2),Supply Chain Route Planner,2026-08-26,,https://careers.bollorelogistics.com/jobs,Aditya_Mehra_Operations_Analyst_v1,,No,,Active Pipeline / Automated Follow-Up Dispatched,,,,,,No,,IN_PROGRESS,,Submit application and follow up with HR,,
APP-3K-0631,JOB-3K-APP-3K-0631,CMP-2C2406A8,Maersk Line (Req #3),Export-Import Freight Operations Associate,2026-08-26,,https://careers.maerskline.com/jobs,Aditya_Mehra_Operations_Analyst_v1,,No,,Active Pipeline / Automated Follow-Up Dispatched,,,,,,No,,IN_PROGRESS,,Submit application and follow up with HR,,
APP-3K-0632,JOB-3K-APP-3K-0632,CMP-F8FF3BCB,DHL Global Forwarding (Req #3),Global Trade Compliance Analyst,2026-08-26,,https://careers.dhlglobalforwarding.com/jobs,Aditya_Mehra_Operations_Analyst_v1,,No,,Active Pipeline / Automated Follow-Up Dispatched,,,,,,No,,IN_PROGRESS,,Submit application and follow up with HR,,
APP-3K-0633,JOB-3K-APP-3K-0633,CMP-FBADBC19,Kuehne + Nagel (Req #3),Ocean Freight Logistics Coordinator,2026-08-26,,https://careers.kuehne+nagel.com/jobs,Aditya_Mehra_Operations_Analyst_v1,,No,,Active Pipeline / Automated Follow-Up Dispatched,,,,,,No,,IN_PROGRESS,,Submit application and follow up with HR,,
APP-3K-0634,JOB-3K-APP-3K-0634,CMP-E8E51E72,DB Schenker (Req #3),Customs Brokerage & Trade Specialist,2026-08-26,,https://careers.dbschenker.com/jobs,Aditya_Mehra_Operations_Analyst_v1,,No,,Active Pipeline / Automated Follow-Up Dispatched,,,,,,No,,IN_PROGRESS,,Submit application and follow up with HR,,
APP-3K-0635,JOB-3K-APP-3K-0635,CMP-F0306EB2,FedEx Express (Req #3),Supply Chain Route Planner,2026-08-26,,https://careers.fedexexpress.com/jobs,Aditya_Mehra_Operations_Analyst_v1,,No,,Active Pipeline / Automated Follow-Up Dispatched,,,,,,No,,IN_PROGRESS,,Submit application and follow up with HR,,
APP-3K-0636,JOB-3K-APP-3K-0636,CMP-B73026D5,MSC Mediterranean Shipping (Req #3),Export-Import Freight Operations Associate,2026-08-26,,https://careers.mscmediterraneanshipping.com/jobs,Aditya_Mehra_Operations_Analyst_v1,,No,,Active Pipeline / Automated Follow-Up Dispatched,,,,,,No,,IN_PROGRESS,,Submit application and follow up with HR,,
APP-3K-0637,JOB-3K-APP-3K-0637,CMP-5EAFFF70,CMA CGM (Req #3),Global Trade Compliance Analyst,2026-08-26,,https://careers.cmacgm.com/jobs,Aditya_Mehra_Operations_Analyst_v1,,No,,Active Pipeline / Automated Follow-Up Dispatched,,,,,,No,,IN_PROGRESS,,Submit application and follow up with HR,,
APP-3K-0638,JOB-3K-APP-3K-0638,CMP-99671B37,Hapag-Lloyd (Req #3),Ocean Freight Logistics Coordinator,2026-08-26,,https://careers.hapag-lloyd.com/jobs,Aditya_Mehra_Operations_Analyst_v1,,No,,Active Pipeline / Automated Follow-Up Dispatched,,,,,,No,,IN_PROGRESS,,Submit application and follow up with HR,,
APP-3K-0639,JOB-3K-APP-3K-0639,CMP-1A58AF74,Freightify (Req #3),Customs Brokerage & Trade Specialist,2026-08-26,,https://careers.freightify.com/jobs,Aditya_Mehra_Operations_Analyst_v1,,No,,Active Pipeline / Automated Follow-Up Dispatched,,,,,,No,,IN_PROGRESS,,Submit application and follow up with HR,,
APP-3K-0640,JOB-3K-APP-3K-0640,CMP-BFEB4149,Expeditors (Req #3),Supply Chain Route Planner,2026-08-26,,https://careers.expeditors.com/jobs,Aditya_Mehra_Operations_Analyst_v1,,No,,Active Pipeline / Automated Follow-Up Dispatched,,,,,,No,,IN_PROGRESS,,Submit application and follow up with HR,,
APP-3K-0641,JOB-3K-APP-3K-0641,CMP-B3409B88,DSV Panalpina (Req #3),Export-Import Freight Operations Associate,2026-08-26,,https://careers.dsvpanalpina.com/jobs,Aditya_Mehra_Operations_Analyst_v1,,No,,Active Pipeline / Automated Follow-Up Dispatched,,,,,,No,,IN_PROGRESS,,Submit application and follow up with HR,,
APP-3K-0642,JOB-3K-APP-3K-0642,CMP-0207DD3F,Flexport (Req #3),Global Trade Compliance Analyst,2026-08-26,,https://careers.flexport.com/jobs,Aditya_Mehra_Operations_Analyst_v1,,No,,Active Pipeline / Automated Follow-Up Dispatched,,,,,,No,,IN_PROGRESS,,Submit application and follow up with HR,,
APP-3K-0643,JOB-3K-APP-3K-0643,CMP-65730FF2,Geodis (Req #3),Ocean Freight Logistics Coordinator,2026-08-26,,https://careers.geodis.com/jobs,Aditya_Mehra_Operations_Analyst_v1,,No,,Active Pipeline / Automated Follow-Up Dispatched,,,,,,No,,IN_PROGRESS,,Submit application and follow up with HR,,
APP-3K-0644,JOB-3K-APP-3K-0644,CMP-483D9655,Agility Logistics (Req #3),Customs Brokerage & Trade Specialist,2026-08-26,,https://careers.agilitylogistics.com/jobs,Aditya_Mehra_Operations_Analyst_v1,,No,,Active Pipeline / Automated Follow-Up Dispatched,,,,,,No,,IN_PROGRESS,,Submit application and follow up with HR,,
APP-3K-0645,JOB-3K-APP-3K-0645,CMP-646791F7,Bollore Logistics (Req #3),Supply Chain Route Planner,2026-08-26,,https://careers.bollorelogistics.com/jobs,Aditya_Mehra_Operations_Analyst_v1,,No,,Active Pipeline / Automated Follow-Up Dispatched,,,,,,No,,IN_PROGRESS,,Submit application and follow up with HR,,
APP-3K-0646,JOB-3K-APP-3K-0646,CMP-466B8352,Maersk Line (Req #4),Export-Import Freight Operations Associate,2026-08-26,,https://careers.maerskline.com/jobs,Aditya_Mehra_Operations_Analyst_v1,,No,,Active Pipeline / Automated Follow-Up Dispatched,,,,,,No,,IN_PROGRESS,,Submit application and follow up with HR,,
APP-3K-0647,JOB-3K-APP-3K-0647,CMP-991B4BC7,DHL Global Forwarding (Req #4),Global Trade Compliance Analyst,2026-08-26,,https://careers.dhlglobalforwarding.com/jobs,Aditya_Mehra_Operations_Analyst_v1,,No,,Active Pipeline / Automated Follow-Up Dispatched,,,,,,No,,IN_PROGRESS,,Submit application and follow up with HR,,
APP-3K-0648,JOB-3K-APP-3K-0648,CMP-CD496727,Kuehne + Nagel (Req #4),Ocean Freight Logistics Coordinator,2026-08-26,,https://careers.kuehne+nagel.com/jobs,Aditya_Mehra_Operations_Analyst_v1,,No,,Active Pipeline / Automated Follow-Up Dispatched,,,,,,No,,IN_PROGRESS,,Submit application and follow up with HR,,
APP-3K-0649,JOB-3K-APP-3K-0649,CMP-70663DE7,DB Schenker (Req #4),Customs Brokerage & Trade Specialist,2026-08-26,,https://careers.dbschenker.com/jobs,Aditya_Mehra_Operations_Analyst_v1,,No,,Active Pipeline / Automated Follow-Up Dispatched,,,,,,No,,IN_PROGRESS,,Submit application and follow up with HR,,
APP-3K-0650,JOB-3K-APP-3K-0650,CMP-4C4BA857,FedEx Express (Req #4),Supply Chain Route Planner,2026-08-26,,https://careers.fedexexpress.com/jobs,Aditya_Mehra_Operations_Analyst_v1,,No,,Active Pipeline / Automated Follow-Up Dispatched,,,,,,No,,IN_PROGRESS,,Submit application and follow up with HR,,
APP-3K-0651,JOB-3K-APP-3K-0651,CMP-3615A063,MSC Mediterranean Shipping (Req #4),Export-Import Freight Operations Associate,2026-08-26,,https://careers.mscmediterraneanshipping.com/jobs,Aditya_Mehra_Operations_Analyst_v1,,No,,Active Pipeline / Automated Follow-Up Dispatched,,,,,,No,,IN_PROGRESS,,Submit application and follow up with HR,,
APP-3K-0652,JOB-3K-APP-3K-0652,CMP-EC054F92,CMA CGM (Req #4),Global Trade Compliance Analyst,2026-08-26,,https://careers.cmacgm.com/jobs,Aditya_Mehra_Operations_Analyst_v1,,No,,Active Pipeline / Automated Follow-Up Dispatched,,,,,,No,,IN_PROGRESS,,Submit application and follow up with HR,,
APP-3K-0653,JOB-3K-APP-3K-0653,CMP-26B99F58,Hapag-Lloyd (Req #4),Ocean Freight Logistics Coordinator,2026-08-26,,https://careers.hapag-lloyd.com/jobs,Aditya_Mehra_Operations_Analyst_v1,,No,,Active Pipeline / Automated Follow-Up Dispatched,,,,,,No,,IN_PROGRESS,,Submit application and follow up with HR,,
APP-3K-0654,JOB-3K-APP-3K-0654,CMP-A6608A72,Freightify (Req #4),Customs Brokerage & Trade Specialist,2026-08-26,,https://careers.freightify.com/jobs,Aditya_Mehra_Operations_Analyst_v1,,No,,Active Pipeline / Automated Follow-Up Dispatched,,,,,,No,,IN_PROGRESS,,Submit application and follow up with HR,,
APP-3K-0655,JOB-3K-APP-3K-0655,CMP-86E7CB8A,Expeditors (Req #4),Supply Chain Route Planner,2026-08-26,,https://careers.expeditors.com/jobs,Aditya_Mehra_Operations_Analyst_v1,,No,,Active Pipeline / Automated Follow-Up Dispatched,,,,,,No,,IN_PROGRESS,,Submit application and follow up with HR,,
APP-3K-0656,JOB-3K-APP-3K-0656,CMP-BFD3D6CB,DSV Panalpina (Req #4),Export-Import Freight Operations Associate,2026-08-26,,https://careers.dsvpanalpina.com/jobs,Aditya_Mehra_Operations_Analyst_v1,,No,,Active Pipeline / Automated Follow-Up Dispatched,,,,,,No,,IN_PROGRESS,,Submit application and follow up with HR,,
APP-3K-0657,JOB-3K-APP-3K-0657,CMP-6F844541,Flexport (Req #4),Global Trade Compliance Analyst,2026-08-26,,https://careers.flexport.com/jobs,Aditya_Mehra_Operations_Analyst_v1,,No,,Active Pipeline / Automated Follow-Up Dispatched,,,,,,No,,IN_PROGRESS,,Submit application and follow up with HR,,
APP-3K-0658,JOB-3K-APP-3K-0658,CMP-59085B13,Geodis (Req #4),Ocean Freight Logistics Coordinator,2026-08-26,,https://careers.geodis.com/jobs,Aditya_Mehra_Operations_Analyst_v1,,No,,Active Pipeline / Automated Follow-Up Dispatched,,,,,,No,,IN_PROGRESS,,Submit application and follow up with HR,,
APP-3K-0659,JOB-3K-APP-3K-0659,CMP-9CE09902,Agility Logistics (Req #4),Customs Brokerage & Trade Specialist,2026-08-26,,https://careers.agilitylogistics.com/jobs,Aditya_Mehra_Operations_Analyst_v1,,No,,Active Pipeline / Automated Follow-Up Dispatched,,,,,,No,,IN_PROGRESS,,Submit application and follow up with HR,,
APP-3K-0660,JOB-3K-APP-3K-0660,CMP-80B15EAB,Bollore Logistics (Req #4),Supply Chain Route Planner,2026-08-26,,https://careers.bollorelogistics.com/jobs,Aditya_Mehra_Operations_Analyst_v1,,No,,Active Pipeline / Automated Follow-Up Dispatched,,,,,,No,,IN_PROGRESS,,Submit application and follow up with HR,,
APP-3K-0661,JOB-3K-APP-3K-0661,CMP-A26CD62E,Maersk Line (Req #5),Export-Import Freight Operations Associate,2026-08-26,,https://careers.maerskline.com/jobs,Aditya_Mehra_Operations_Analyst_v1,,No,,Active Pipeline / Automated Follow-Up Dispatched,,,,,,No,,IN_PROGRESS,,Submit application and follow up with HR,,
APP-3K-0662,JOB-3K-APP-3K-0662,CMP-84C5165C,DHL Global Forwarding (Req #5),Global Trade Compliance Analyst,2026-08-26,,https://careers.dhlglobalforwarding.com/jobs,Aditya_Mehra_Operations_Analyst_v1,,No,,Active Pipeline / Automated Follow-Up Dispatched,,,,,,No,,IN_PROGRESS,,Submit application and follow up with HR,,
APP-3K-0663,JOB-3K-APP-3K-0663,CMP-122A2DB7,Kuehne + Nagel (Req #5),Ocean Freight Logistics Coordinator,2026-08-26,,https://careers.kuehne+nagel.com/jobs,Aditya_Mehra_Operations_Analyst_v1,,No,,Active Pipeline / Automated Follow-Up Dispatched,,,,,,No,,IN_PROGRESS,,Submit application and follow up with HR,,
APP-3K-0664,JOB-3K-APP-3K-0664,CMP-F1966A1C,DB Schenker (Req #5),Customs Brokerage & Trade Specialist,2026-08-26,,https://careers.dbschenker.com/jobs,Aditya_Mehra_Operations_Analyst_v1,,No,,Active Pipeline / Automated Follow-Up Dispatched,,,,,,No,,IN_PROGRESS,,Submit application and follow up with HR,,
APP-3K-0665,JOB-3K-APP-3K-0665,CMP-B77C7580,FedEx Express (Req #5),Supply Chain Route Planner,2026-08-26,,https://careers.fedexexpress.com/jobs,Aditya_Mehra_Operations_Analyst_v1,,No,,Active Pipeline / Automated Follow-Up Dispatched,,,,,,No,,IN_PROGRESS,,Submit application and follow up with HR,,
APP-3K-0666,JOB-3K-APP-3K-0666,CMP-832DFA15,MSC Mediterranean Shipping (Req #5),Export-Import Freight Operations Associate,2026-08-26,,https://careers.mscmediterraneanshipping.com/jobs,Aditya_Mehra_Operations_Analyst_v1,,No,,Active Pipeline / Automated Follow-Up Dispatched,,,,,,No,,IN_PROGRESS,,Submit application and follow up with HR,,
APP-3K-0667,JOB-3K-APP-3K-0667,CMP-E4597359,CMA CGM (Req #5),Global Trade Compliance Analyst,2026-08-26,,https://careers.cmacgm.com/jobs,Aditya_Mehra_Operations_Analyst_v1,,No,,Active Pipeline / Automated Follow-Up Dispatched,,,,,,No,,IN_PROGRESS,,Submit application and follow up with HR,,
APP-3K-0668,JOB-3K-APP-3K-0668,CMP-52BED695,Hapag-Lloyd (Req #5),Ocean Freight Logistics Coordinator,2026-08-26,,https://careers.hapag-lloyd.com/jobs,Aditya_Mehra_Operations_Analyst_v1,,No,,Active Pipeline / Automated Follow-Up Dispatched,,,,,,No,,IN_PROGRESS,,Submit application and follow up with HR,,
APP-3K-0669,JOB-3K-APP-3K-0669,CMP-2A98F30D,Freightify (Req #5),Customs Brokerage & Trade Specialist,2026-08-26,,https://careers.freightify.com/jobs,Aditya_Mehra_Operations_Analyst_v1,,No,,Active Pipeline / Automated Follow-Up Dispatched,,,,,,No,,IN_PROGRESS,,Submit application and follow up with HR,,
APP-3K-0670,JOB-3K-APP-3K-0670,CMP-263D4B36,Expeditors (Req #5),Supply Chain Route Planner,2026-08-26,,https://careers.expeditors.com/jobs,Aditya_Mehra_Operations_Analyst_v1,,No,,Active Pipeline / Automated Follow-Up Dispatched,,,,,,No,,IN_PROGRESS,,Submit application and follow up with HR,,
APP-3K-0671,JOB-3K-APP-3K-0671,CMP-1E438A09,DSV Panalpina (Req #5),Export-Import Freight Operations Associate,2026-08-26,,https://careers.dsvpanalpina.com/jobs,Aditya_Mehra_Operations_Analyst_v1,,No,,Active Pipeline / Automated Follow-Up Dispatched,,,,,,No,,IN_PROGRESS,,Submit application and follow up with HR,,
APP-3K-0672,JOB-3K-APP-3K-0672,CMP-2C04033B,Flexport (Req #5),Global Trade Compliance Analyst,2026-08-26,,https://careers.flexport.com/jobs,Aditya_Mehra_Operations_Analyst_v1,,No,,Active Pipeline / Automated Follow-Up Dispatched,,,,,,No,,IN_PROGRESS,,Submit application and follow up with HR,,
APP-3K-0673,JOB-3K-APP-3K-0673,CMP-AD086BCA,Geodis (Req #5),Ocean Freight Logistics Coordinator,2026-08-26,,https://careers.geodis.com/jobs,Aditya_Mehra_Operations_Analyst_v1,,No,,Active Pipeline / Automated Follow-Up Dispatched,,,,,,No,,IN_PROGRESS,,Submit application and follow up with HR,,
APP-3K-0674,JOB-3K-APP-3K-0674,CMP-A442DAD4,Agility Logistics (Req #5),Customs Brokerage & Trade Specialist,2026-08-26,,https://careers.agilitylogistics.com/jobs,Aditya_Mehra_Operations_Analyst_v1,,No,,Active Pipeline / Automated Follow-Up Dispatched,,,,,,No,,IN_PROGRESS,,Submit application and follow up with HR,,
APP-3K-0675,JOB-3K-APP-3K-0675,CMP-FC602480,Bollore Logistics (Req #5),Supply Chain Route Planner,2026-08-26,,https://careers.bollorelogistics.com/jobs,Aditya_Mehra_Operations_Analyst_v1,,No,,Active Pipeline / Automated Follow-Up Dispatched,,,,,,No,,IN_PROGRESS,,Submit application and follow up with HR,,
APP-3K-0676,JOB-3K-APP-3K-0676,CMP-A67A3DFF,Maersk Line (Req #6),Export-Import Freight Operations Associate,2026-08-26,,https://careers.maerskline.com/jobs,Aditya_Mehra_Operations_Analyst_v1,,No,,Active Pipeline / Automated Follow-Up Dispatched,,,,,,No,,IN_PROGRESS,,Submit application and follow up with HR,,
APP-3K-0677,JOB-3K-APP-3K-0677,CMP-CF106022,DHL Global Forwarding (Req #6),Global Trade Compliance Analyst,2026-08-26,,https://careers.dhlglobalforwarding.com/jobs,Aditya_Mehra_Operations_Analyst_v1,,No,,Active Pipeline / Automated Follow-Up Dispatched,,,,,,No,,IN_PROGRESS,,Submit application and follow up with HR,,
APP-3K-0678,JOB-3K-APP-3K-0678,CMP-28F4C7B1,Kuehne + Nagel (Req #6),Ocean Freight Logistics Coordinator,2026-08-26,,https://careers.kuehne+nagel.com/jobs,Aditya_Mehra_Operations_Analyst_v1,,No,,Active Pipeline / Automated Follow-Up Dispatched,,,,,,No,,IN_PROGRESS,,Submit application and follow up with HR,,
APP-3K-0679,JOB-3K-APP-3K-0679,CMP-BD900CAC,DB Schenker (Req #6),Customs Brokerage & Trade Specialist,2026-08-26,,https://careers.dbschenker.com/jobs,Aditya_Mehra_Operations_Analyst_v1,,No,,Active Pipeline / Automated Follow-Up Dispatched,,,,,,No,,IN_PROGRESS,,Submit application and follow up with HR,,
APP-3K-0680,JOB-3K-APP-3K-0680,CMP-52F5DC12,FedEx Express (Req #6),Supply Chain Route Planner,2026-08-26,,https://careers.fedexexpress.com/jobs,Aditya_Mehra_Operations_Analyst_v1,,No,,Active Pipeline / Automated Follow-Up Dispatched,,,,,,No,,IN_PROGRESS,,Submit application and follow up with HR,,
APP-3K-0681,JOB-3K-APP-3K-0681,CMP-A2C976F2,MSC Mediterranean Shipping (Req #6),Export-Import Freight Operations Associate,2026-08-26,,https://careers.mscmediterraneanshipping.com/jobs,Aditya_Mehra_Operations_Analyst_v1,,No,,Active Pipeline / Automated Follow-Up Dispatched,,,,,,No,,IN_PROGRESS,,Submit application and follow up with HR,,
APP-3K-0682,JOB-3K-APP-3K-0682,CMP-A1D085FA,CMA CGM (Req #6),Global Trade Compliance Analyst,2026-08-26,,https://careers.cmacgm.com/jobs,Aditya_Mehra_Operations_Analyst_v1,,No,,Active Pipeline / Automated Follow-Up Dispatched,,,,,,No,,IN_PROGRESS,,Submit application and follow up with HR,,
APP-3K-0683,JOB-3K-APP-3K-0683,CMP-9B561C5F,Hapag-Lloyd (Req #6),Ocean Freight Logistics Coordinator,2026-08-26,,https://careers.hapag-lloyd.com/jobs,Aditya_Mehra_Operations_Analyst_v1,,No,,Active Pipeline / Automated Follow-Up Dispatched,,,,,,No,,IN_PROGRESS,,Submit application and follow up with HR,,
APP-3K-0684,JOB-3K-APP-3K-0684,CMP-CCF98891,Freightify (Req #6),Customs Brokerage & Trade Specialist,2026-08-26,,https://careers.freightify.com/jobs,Aditya_Mehra_Operations_Analyst_v1,,No,,Active Pipeline / Automated Follow-Up Dispatched,,,,,,No,,IN_PROGRESS,,Submit application and follow up with HR,,
APP-3K-0685,JOB-3K-APP-3K-0685,CMP-B5D57105,Expeditors (Req #6),Supply Chain Route Planner,2026-08-26,,https://careers.expeditors.com/jobs,Aditya_Mehra_Operations_Analyst_v1,,No,,Active Pipeline / Automated Follow-Up Dispatched,,,,,,No,,IN_PROGRESS,,Submit application and follow up with HR,,
APP-3K-0686,JOB-3K-APP-3K-0686,CMP-D741E2C9,DSV Panalpina (Req #6),Export-Import Freight Operations Associate,2026-08-26,,https://careers.dsvpanalpina.com/jobs,Aditya_Mehra_Operations_Analyst_v1,,No,,Active Pipeline / Automated Follow-Up Dispatched,,,,,,No,,IN_PROGRESS,,Submit application and follow up with HR,,
APP-3K-0687,JOB-3K-APP-3K-0687,CMP-67FBCB36,Flexport (Req #6),Global Trade Compliance Analyst,2026-08-26,,https://careers.flexport.com/jobs,Aditya_Mehra_Operations_Analyst_v1,,No,,Active Pipeline / Automated Follow-Up Dispatched,,,,,,No,,IN_PROGRESS,,Submit application and follow up with HR,,
APP-3K-0688,JOB-3K-APP-3K-0688,CMP-52FAD665,Geodis (Req #6),Ocean Freight Logistics Coordinator,2026-08-26,,https://careers.geodis.com/jobs,Aditya_Mehra_Operations_Analyst_v1,,No,,Active Pipeline / Automated Follow-Up Dispatched,,,,,,No,,IN_PROGRESS,,Submit application and follow up with HR,,
APP-3K-0689,JOB-3K-APP-3K-0689,CMP-3D80404D,Agility Logistics (Req #6),Customs Brokerage & Trade Specialist,2026-08-26,,https://careers.agilitylogistics.com/jobs,Aditya_Mehra_Operations_Analyst_v1,,No,,Active Pipeline / Automated Follow-Up Dispatched,,,,,,No,,IN_PROGRESS,,Submit application and follow up with HR,,
APP-3K-0690,JOB-3K-APP-3K-0690,CMP-6F2BEB9D,Bollore Logistics (Req #6),Supply Chain Route Planner,2026-08-26,,https://careers.bollorelogistics.com/jobs,Aditya_Mehra_Operations_Analyst_v1,,No,,Active Pipeline / Automated Follow-Up Dispatched,,,,,,No,,IN_PROGRESS,,Submit application and follow up with HR,,
APP-3K-0691,JOB-3K-APP-3K-0691,CMP-9ED3B938,Maersk Line (Req #7),Export-Import Freight Operations Associate,2026-08-26,,https://careers.maerskline.com/jobs,Aditya_Mehra_Operations_Analyst_v1,,No,,Active Pipeline / Automated Follow-Up Dispatched,,,,,,No,,IN_PROGRESS,,Submit application and follow up with HR,,
APP-3K-0692,JOB-3K-APP-3K-0692,CMP-34C41E23,DHL Global Forwarding (Req #7),Global Trade Compliance Analyst,2026-08-26,,https://careers.dhlglobalforwarding.com/jobs,Aditya_Mehra_Operations_Analyst_v1,,No,,Active Pipeline / Automated Follow-Up Dispatched,,,,,,No,,IN_PROGRESS,,Submit application and follow up with HR,,
APP-3K-0693,JOB-3K-APP-3K-0693,CMP-D26D81A5,Kuehne + Nagel (Req #7),Ocean Freight Logistics Coordinator,2026-08-26,,https://careers.kuehne+nagel.com/jobs,Aditya_Mehra_Operations_Analyst_v1,,No,,Active Pipeline / Automated Follow-Up Dispatched,,,,,,No,,IN_PROGRESS,,Submit application and follow up with HR,,
APP-3K-0694,JOB-3K-APP-3K-0694,CMP-890A13ED,DB Schenker (Req #7),Customs Brokerage & Trade Specialist,2026-08-26,,https://careers.dbschenker.com/jobs,Aditya_Mehra_Operations_Analyst_v1,,No,,Active Pipeline / Automated Follow-Up Dispatched,,,,,,No,,IN_PROGRESS,,Submit application and follow up with HR,,
APP-3K-0695,JOB-3K-APP-3K-0695,CMP-83514F48,FedEx Express (Req #7),Supply Chain Route Planner,2026-08-26,,https://careers.fedexexpress.com/jobs,Aditya_Mehra_Operations_Analyst_v1,,No,,Active Pipeline / Automated Follow-Up Dispatched,,,,,,No,,IN_PROGRESS,,Submit application and follow up with HR,,
APP-3K-0696,JOB-3K-APP-3K-0696,CMP-D6A6FC18,MSC Mediterranean Shipping (Req #7),Export-Import Freight Operations Associate,2026-08-26,,https://careers.mscmediterraneanshipping.com/jobs,Aditya_Mehra_Operations_Analyst_v1,,No,,Active Pipeline / Automated Follow-Up Dispatched,,,,,,No,,IN_PROGRESS,,Submit application and follow up with HR,,
APP-3K-0697,JOB-3K-APP-3K-0697,CMP-3D4DD037,CMA CGM (Req #7),Global Trade Compliance Analyst,2026-08-26,,https://careers.cmacgm.com/jobs,Aditya_Mehra_Operations_Analyst_v1,,No,,Active Pipeline / Automated Follow-Up Dispatched,,,,,,No,,IN_PROGRESS,,Submit application and follow up with HR,,
APP-3K-0698,JOB-3K-APP-3K-0698,CMP-14E5A657,Hapag-Lloyd (Req #7),Ocean Freight Logistics Coordinator,2026-08-26,,https://careers.hapag-lloyd.com/jobs,Aditya_Mehra_Operations_Analyst_v1,,No,,Active Pipeline / Automated Follow-Up Dispatched,,,,,,No,,IN_PROGRESS,,Submit application and follow up with HR,,
APP-3K-0699,JOB-3K-APP-3K-0699,CMP-1AFBA5D7,Freightify (Req #7),Customs Brokerage & Trade Specialist,2026-08-26,,https://careers.freightify.com/jobs,Aditya_Mehra_Operations_Analyst_v1,,No,,Active Pipeline / Automated Follow-Up Dispatched,,,,,,No,,IN_PROGRESS,,Submit application and follow up with HR,,
APP-3K-0700,JOB-3K-APP-3K-0700,CMP-A5932407,Expeditors (Req #7),Supply Chain Route Planner,2026-08-26,,https://careers.expeditors.com/jobs,Aditya_Mehra_Operations_Analyst_v1,,No,,Active Pipeline / Automated Follow-Up Dispatched,,,,,,No,,IN_PROGRESS,,Submit application and follow up with HR,,
APP-3K-0701,JOB-3K-APP-3K-0701,CMP-B7AD2FA0,DSV Panalpina (Req #7),Export-Import Freight Operations Associate,2026-08-26,,https://careers.dsvpanalpina.com/jobs,Aditya_Mehra_Operations_Analyst_v1,,No,,Active Pipeline / Automated Follow-Up Dispatched,,,,,,No,,IN_PROGRESS,,Submit application and follow up with HR,,
APP-3K-0702,JOB-3K-APP-3K-0702,CMP-06722F9D,Flexport (Req #7),Global Trade Compliance Analyst,2026-08-26,,https://careers.flexport.com/jobs,Aditya_Mehra_Operations_Analyst_v1,,No,,Active Pipeline / Automated Follow-Up Dispatched,,,,,,No,,IN_PROGRESS,,Submit application and follow up with HR,,
APP-3K-0703,JOB-3K-APP-3K-0703,CMP-2304050D,Geodis (Req #7),Ocean Freight Logistics Coordinator,2026-08-26,,https://careers.geodis.com/jobs,Aditya_Mehra_Operations_Analyst_v1,,No,,Active Pipeline / Automated Follow-Up Dispatched,,,,,,No,,IN_PROGRESS,,Submit application and follow up with HR,,
APP-3K-0704,JOB-3K-APP-3K-0704,CMP-B8E92F18,Agility Logistics (Req #7),Customs Brokerage & Trade Specialist,2026-08-26,,https://careers.agilitylogistics.com/jobs,Aditya_Mehra_Operations_Analyst_v1,,No,,Active Pipeline / Automated Follow-Up Dispatched,,,,,,No,,IN_PROGRESS,,Submit application and follow up with HR,,
APP-3K-0705,JOB-3K-APP-3K-0705,CMP-D49FF740,Bollore Logistics (Req #7),Supply Chain Route Planner,2026-08-26,,https://careers.bollorelogistics.com/jobs,Aditya_Mehra_Operations_Analyst_v1,,No,,Active Pipeline / Automated Follow-Up Dispatched,,,,,,No,,IN_PROGRESS,,Submit application and follow up with HR,,
APP-3K-0706,JOB-3K-APP-3K-0706,CMP-C9B7C41F,Maersk Line (Req #8),Export-Import Freight Operations Associate,2026-08-26,,https://careers.maerskline.com/jobs,Aditya_Mehra_Operations_Analyst_v1,,No,,Active Pipeline / Automated Follow-Up Dispatched,,,,,,No,,IN_PROGRESS,,Submit application and follow up with HR,,
APP-3K-0707,JOB-3K-APP-3K-0707,CMP-27542FC9,DHL Global Forwarding (Req #8),Global Trade Compliance Analyst,2026-08-26,,https://careers.dhlglobalforwarding.com/jobs,Aditya_Mehra_Operations_Analyst_v1,,No,,Active Pipeline / Automated Follow-Up Dispatched,,,,,,No,,IN_PROGRESS,,Submit application and follow up with HR,,
APP-3K-0708,JOB-3K-APP-3K-0708,CMP-ECC3DA11,Kuehne + Nagel (Req #8),Ocean Freight Logistics Coordinator,2026-08-26,,https://careers.kuehne+nagel.com/jobs,Aditya_Mehra_Operations_Analyst_v1,,No,,Active Pipeline / Automated Follow-Up Dispatched,,,,,,No,,IN_PROGRESS,,Submit application and follow up with HR,,
APP-3K-0709,JOB-3K-APP-3K-0709,CMP-EBE895E7,DB Schenker (Req #8),Customs Brokerage & Trade Specialist,2026-08-26,,https://careers.dbschenker.com/jobs,Aditya_Mehra_Operations_Analyst_v1,,No,,Active Pipeline / Automated Follow-Up Dispatched,,,,,,No,,IN_PROGRESS,,Submit application and follow up with HR,,
APP-3K-0710,JOB-3K-APP-3K-0710,CMP-64735D60,FedEx Express (Req #8),Supply Chain Route Planner,2026-08-26,,https://careers.fedexexpress.com/jobs,Aditya_Mehra_Operations_Analyst_v1,,No,,Active Pipeline / Automated Follow-Up Dispatched,,,,,,No,,IN_PROGRESS,,Submit application and follow up with HR,,
APP-3K-0711,JOB-3K-APP-3K-0711,CMP-1573A904,MSC Mediterranean Shipping (Req #8),Export-Import Freight Operations Associate,2026-08-26,,https://careers.mscmediterraneanshipping.com/jobs,Aditya_Mehra_Operations_Analyst_v1,,No,,Active Pipeline / Automated Follow-Up Dispatched,,,,,,No,,IN_PROGRESS,,Submit application and follow up with HR,,
APP-3K-0712,JOB-3K-APP-3K-0712,CMP-DFAD37ED,CMA CGM (Req #8),Global Trade Compliance Analyst,2026-08-26,,https://careers.cmacgm.com/jobs,Aditya_Mehra_Operations_Analyst_v1,,No,,Active Pipeline / Automated Follow-Up Dispatched,,,,,,No,,IN_PROGRESS,,Submit application and follow up with HR,,
APP-3K-0713,JOB-3K-APP-3K-0713,CMP-BE16291A,Hapag-Lloyd (Req #8),Ocean Freight Logistics Coordinator,2026-08-26,,https://careers.hapag-lloyd.com/jobs,Aditya_Mehra_Operations_Analyst_v1,,No,,Active Pipeline / Automated Follow-Up Dispatched,,,,,,No,,IN_PROGRESS,,Submit application and follow up with HR,,
APP-3K-0714,JOB-3K-APP-3K-0714,CMP-2DAEBE09,Freightify (Req #8),Customs Brokerage & Trade Specialist,2026-08-26,,https://careers.freightify.com/jobs,Aditya_Mehra_Operations_Analyst_v1,,No,,Active Pipeline / Automated Follow-Up Dispatched,,,,,,No,,IN_PROGRESS,,Submit application and follow up with HR,,
APP-3K-0715,JOB-3K-APP-3K-0715,CMP-4507A67E,Expeditors (Req #8),Supply Chain Route Planner,2026-08-26,,https://careers.expeditors.com/jobs,Aditya_Mehra_Operations_Analyst_v1,,No,,Active Pipeline / Automated Follow-Up Dispatched,,,,,,No,,IN_PROGRESS,,Submit application and follow up with HR,,
APP-3K-0716,JOB-3K-APP-3K-0716,CMP-0E4E7F69,DSV Panalpina (Req #8),Export-Import Freight Operations Associate,2026-08-26,,https://careers.dsvpanalpina.com/jobs,Aditya_Mehra_Operations_Analyst_v1,,No,,Active Pipeline / Automated Follow-Up Dispatched,,,,,,No,,IN_PROGRESS,,Submit application and follow up with HR,,
APP-3K-0717,JOB-3K-APP-3K-0717,CMP-A97811B7,Flexport (Req #8),Global Trade Compliance Analyst,2026-08-26,,https://careers.flexport.com/jobs,Aditya_Mehra_Operations_Analyst_v1,,No,,Active Pipeline / Automated Follow-Up Dispatched,,,,,,No,,IN_PROGRESS,,Submit application and follow up with HR,,
APP-3K-0718,JOB-3K-APP-3K-0718,CMP-0A40306B,Geodis (Req #8),Ocean Freight Logistics Coordinator,2026-08-26,,https://careers.geodis.com/jobs,Aditya_Mehra_Operations_Analyst_v1,,No,,Active Pipeline / Automated Follow-Up Dispatched,,,,,,No,,IN_PROGRESS,,Submit application and follow up with HR,,
APP-3K-0719,JOB-3K-APP-3K-0719,CMP-EDFE255D,Agility Logistics (Req #8),Customs Brokerage & Trade Specialist,2026-08-26,,https://careers.agilitylogistics.com/jobs,Aditya_Mehra_Operations_Analyst_v1,,No,,Active Pipeline / Automated Follow-Up Dispatched,,,,,,No,,IN_PROGRESS,,Submit application and follow up with HR,,
APP-3K-0720,JOB-3K-APP-3K-0720,CMP-7637E537,Bollore Logistics (Req #8),Supply Chain Route Planner,2026-08-26,,https://careers.bollorelogistics.com/jobs,Aditya_Mehra_Operations_Analyst_v1,,No,,Active Pipeline / Automated Follow-Up Dispatched,,,,,,No,,IN_PROGRESS,,Submit application and follow up with HR,,
APP-3K-0721,JOB-3K-APP-3K-0721,CMP-0C621F15,Maersk Line (Req #9),Export-Import Freight Operations Associate,2026-08-26,,https://careers.maerskline.com/jobs,Aditya_Mehra_Operations_Analyst_v1,,No,,Active Pipeline / Automated Follow-Up Dispatched,,,,,,No,,IN_PROGRESS,,Submit application and follow up with HR,,
APP-3K-0722,JOB-3K-APP-3K-0722,CMP-2376C7A9,DHL Global Forwarding (Req #9),Global Trade Compliance Analyst,2026-08-26,,https://careers.dhlglobalforwarding.com/jobs,Aditya_Mehra_Operations_Analyst_v1,,No,,Active Pipeline / Automated Follow-Up Dispatched,,,,,,No,,IN_PROGRESS,,Submit application and follow up with HR,,
APP-3K-0723,JOB-3K-APP-3K-0723,CMP-7BE14291,Kuehne + Nagel (Req #9),Ocean Freight Logistics Coordinator,2026-08-26,,https://careers.kuehne+nagel.com/jobs,Aditya_Mehra_Operations_Analyst_v1,,No,,Active Pipeline / Automated Follow-Up Dispatched,,,,,,No,,IN_PROGRESS,,Submit application and follow up with HR,,
APP-3K-0724,JOB-3K-APP-3K-0724,CMP-0A11D823,DB Schenker (Req #9),Customs Brokerage & Trade Specialist,2026-08-26,,https://careers.dbschenker.com/jobs,Aditya_Mehra_Operations_Analyst_v1,,No,,Active Pipeline / Automated Follow-Up Dispatched,,,,,,No,,IN_PROGRESS,,Submit application and follow up with HR,,
APP-3K-0725,JOB-3K-APP-3K-0725,CMP-62A6E8E6,FedEx Express (Req #9),Supply Chain Route Planner,2026-08-26,,https://careers.fedexexpress.com/jobs,Aditya_Mehra_Operations_Analyst_v1,,No,,Active Pipeline / Automated Follow-Up Dispatched,,,,,,No,,IN_PROGRESS,,Submit application and follow up with HR,,
APP-3K-0726,JOB-3K-APP-3K-0726,CMP-FA1D76AD,MSC Mediterranean Shipping (Req #9),Export-Import Freight Operations Associate,2026-08-26,,https://careers.mscmediterraneanshipping.com/jobs,Aditya_Mehra_Operations_Analyst_v1,,No,,Active Pipeline / Automated Follow-Up Dispatched,,,,,,No,,IN_PROGRESS,,Submit application and follow up with HR,,
APP-3K-0727,JOB-3K-APP-3K-0727,CMP-16ACA559,CMA CGM (Req #9),Global Trade Compliance Analyst,2026-08-26,,https://careers.cmacgm.com/jobs,Aditya_Mehra_Operations_Analyst_v1,,No,,Active Pipeline / Automated Follow-Up Dispatched,,,,,,No,,IN_PROGRESS,,Submit application and follow up with HR,,
APP-3K-0728,JOB-3K-APP-3K-0728,CMP-E68DB833,Hapag-Lloyd (Req #9),Ocean Freight Logistics Coordinator,2026-08-26,,https://careers.hapag-lloyd.com/jobs,Aditya_Mehra_Operations_Analyst_v1,,No,,Active Pipeline / Automated Follow-Up Dispatched,,,,,,No,,IN_PROGRESS,,Submit application and follow up with HR,,
APP-3K-0729,JOB-3K-APP-3K-0729,CMP-AA9BEDB1,Freightify (Req #9),Customs Brokerage & Trade Specialist,2026-08-26,,https://careers.freightify.com/jobs,Aditya_Mehra_Operations_Analyst_v1,,No,,Active Pipeline / Automated Follow-Up Dispatched,,,,,,No,,IN_PROGRESS,,Submit application and follow up with HR,,
APP-3K-0730,JOB-3K-APP-3K-0730,CMP-935AAB91,Expeditors (Req #9),Supply Chain Route Planner,2026-08-26,,https://careers.expeditors.com/jobs,Aditya_Mehra_Operations_Analyst_v1,,No,,Active Pipeline / Automated Follow-Up Dispatched,,,,,,No,,IN_PROGRESS,,Submit application and follow up with HR,,
APP-3K-0731,JOB-3K-APP-3K-0731,CMP-1E323023,DSV Panalpina (Req #9),Export-Import Freight Operations Associate,2026-08-26,,https://careers.dsvpanalpina.com/jobs,Aditya_Mehra_Operations_Analyst_v1,,No,,Active Pipeline / Automated Follow-Up Dispatched,,,,,,No,,IN_PROGRESS,,Submit application and follow up with HR,,
APP-3K-0732,JOB-3K-APP-3K-0732,CMP-404F7C91,Flexport (Req #9),Global Trade Compliance Analyst,2026-08-26,,https://careers.flexport.com/jobs,Aditya_Mehra_Operations_Analyst_v1,,No,,Active Pipeline / Automated Follow-Up Dispatched,,,,,,No,,IN_PROGRESS,,Submit application and follow up with HR,,
APP-3K-0733,JOB-3K-APP-3K-0733,CMP-24B9F131,Geodis (Req #9),Ocean Freight Logistics Coordinator,2026-08-26,,https://careers.geodis.com/jobs,Aditya_Mehra_Operations_Analyst_v1,,No,,Active Pipeline / Automated Follow-Up Dispatched,,,,,,No,,IN_PROGRESS,,Submit application and follow up with HR,,
APP-3K-0734,JOB-3K-APP-3K-0734,CMP-2E2456DB,Agility Logistics (Req #9),Customs Brokerage & Trade Specialist,2026-08-26,,https://careers.agilitylogistics.com/jobs,Aditya_Mehra_Operations_Analyst_v1,,No,,Active Pipeline / Automated Follow-Up Dispatched,,,,,,No,,IN_PROGRESS,,Submit application and follow up with HR,,
APP-3K-0735,JOB-3K-APP-3K-0735,CMP-C7B8C87E,Bollore Logistics (Req #9),Supply Chain Route Planner,2026-08-26,,https://careers.bollorelogistics.com/jobs,Aditya_Mehra_Operations_Analyst_v1,,No,,Active Pipeline / Automated Follow-Up Dispatched,,,,,,No,,IN_PROGRESS,,Submit application and follow up with HR,,
APP-3K-0736,JOB-3K-APP-3K-0736,CMP-8201D5C8,Maersk Line (Req #10),Export-Import Freight Operations Associate,2026-08-26,,https://careers.maerskline.com/jobs,Aditya_Mehra_Operations_Analyst_v1,,No,,Active Pipeline / Automated Follow-Up Dispatched,,,,,,No,,IN_PROGRESS,,Submit application and follow up with HR,,
APP-3K-0737,JOB-3K-APP-3K-0737,CMP-9087F640,DHL Global Forwarding (Req #10),Global Trade Compliance Analyst,2026-08-26,,https://careers.dhlglobalforwarding.com/jobs,Aditya_Mehra_Operations_Analyst_v1,,No,,Active Pipeline / Automated Follow-Up Dispatched,,,,,,No,,IN_PROGRESS,,Submit application and follow up with HR,,
APP-3K-0738,JOB-3K-APP-3K-0738,CMP-14EF6B74,Kuehne + Nagel (Req #10),Ocean Freight Logistics Coordinator,2026-08-26,,https://careers.kuehne+nagel.com/jobs,Aditya_Mehra_Operations_Analyst_v1,,No,,Active Pipeline / Automated Follow-Up Dispatched,,,,,,No,,IN_PROGRESS,,Submit application and follow up with HR,,
APP-3K-0739,JOB-3K-APP-3K-0739,CMP-54C6D8A0,DB Schenker (Req #10),Customs Brokerage & Trade Specialist,2026-08-26,,https://careers.dbschenker.com/jobs,Aditya_Mehra_Operations_Analyst_v1,,No,,Active Pipeline / Automated Follow-Up Dispatched,,,,,,No,,IN_PROGRESS,,Submit application and follow up with HR,,
APP-3K-0740,JOB-3K-APP-3K-0740,CMP-CF726179,FedEx Express (Req #10),Supply Chain Route Planner,2026-08-26,,https://careers.fedexexpress.com/jobs,Aditya_Mehra_Operations_Analyst_v1,,No,,Active Pipeline / Automated Follow-Up Dispatched,,,,,,No,,IN_PROGRESS,,Submit application and follow up with HR,,
APP-3K-0741,JOB-3K-APP-3K-0741,CMP-33326F27,MSC Mediterranean Shipping (Req #10),Export-Import Freight Operations Associate,2026-08-26,,https://careers.mscmediterraneanshipping.com/jobs,Aditya_Mehra_Operations_Analyst_v1,,No,,Active Pipeline / Automated Follow-Up Dispatched,,,,,,No,,IN_PROGRESS,,Submit application and follow up with HR,,
APP-3K-0742,JOB-3K-APP-3K-0742,CMP-2E2A1AA1,CMA CGM (Req #10),Global Trade Compliance Analyst,2026-08-26,,https://careers.cmacgm.com/jobs,Aditya_Mehra_Operations_Analyst_v1,,No,,Active Pipeline / Automated Follow-Up Dispatched,,,,,,No,,IN_PROGRESS,,Submit application and follow up with HR,,
APP-3K-0743,JOB-3K-APP-3K-0743,CMP-830212A5,Hapag-Lloyd (Req #10),Ocean Freight Logistics Coordinator,2026-08-26,,https://careers.hapag-lloyd.com/jobs,Aditya_Mehra_Operations_Analyst_v1,,No,,Active Pipeline / Automated Follow-Up Dispatched,,,,,,No,,IN_PROGRESS,,Submit application and follow up with HR,,
APP-3K-0744,JOB-3K-APP-3K-0744,CMP-C9F1C365,Freightify (Req #10),Customs Brokerage & Trade Specialist,2026-08-26,,https://careers.freightify.com/jobs,Aditya_Mehra_Operations_Analyst_v1,,No,,Active Pipeline / Automated Follow-Up Dispatched,,,,,,No,,IN_PROGRESS,,Submit application and follow up with HR,,
APP-3K-0745,JOB-3K-APP-3K-0745,CMP-C8F3BD95,Expeditors (Req #10),Supply Chain Route Planner,2026-08-26,,https://careers.expeditors.com/jobs,Aditya_Mehra_Operations_Analyst_v1,,No,,Active Pipeline / Automated Follow-Up Dispatched,,,,,,No,,IN_PROGRESS,,Submit application and follow up with HR,,
APP-3K-0746,JOB-3K-APP-3K-0746,CMP-8231B8BE,DSV Panalpina (Req #10),Export-Import Freight Operations Associate,2026-08-26,,https://careers.dsvpanalpina.com/jobs,Aditya_Mehra_Operations_Analyst_v1,,No,,Active Pipeline / Automated Follow-Up Dispatched,,,,,,No,,IN_PROGRESS,,Submit application and follow up with HR,,
APP-3K-0747,JOB-3K-APP-3K-0747,CMP-DEF7CACF,Flexport (Req #10),Global Trade Compliance Analyst,2026-08-26,,https://careers.flexport.com/jobs,Aditya_Mehra_Operations_Analyst_v1,,No,,Active Pipeline / Automated Follow-Up Dispatched,,,,,,No,,IN_PROGRESS,,Submit application and follow up with HR,,
APP-3K-0748,JOB-3K-APP-3K-0748,CMP-A57891A6,Geodis (Req #10),Ocean Freight Logistics Coordinator,2026-08-26,,https://careers.geodis.com/jobs,Aditya_Mehra_Operations_Analyst_v1,,No,,Active Pipeline / Automated Follow-Up Dispatched,,,,,,No,,IN_PROGRESS,,Submit application and follow up with HR,,
APP-3K-0749,JOB-3K-APP-3K-0749,CMP-DA71E31D,Agility Logistics (Req #10),Customs Brokerage & Trade Specialist,2026-08-26,,https://careers.agilitylogistics.com/jobs,Aditya_Mehra_Operations_Analyst_v1,,No,,Active Pipeline / Automated Follow-Up Dispatched,,,,,,No,,IN_PROGRESS,,Submit application and follow up with HR,,
APP-3K-0750,JOB-3K-APP-3K-0750,CMP-F7AAA210,Bollore Logistics (Req #10),Supply Chain Route Planner,2026-08-26,,https://careers.bollorelogistics.com/jobs,Aditya_Mehra_Operations_Analyst_v1,,No,,Active Pipeline / Automated Follow-Up Dispatched,,,,,,No,,IN_PROGRESS,,Submit application and follow up with HR,,
APP-3K-0751,JOB-3K-APP-3K-0751,CMP-18A519F4,Maersk Line (Req #11),Export-Import Freight Operations Associate,2026-08-26,,https://careers.maerskline.com/jobs,Aditya_Mehra_Operations_Analyst_v1,,No,,Active Pipeline / Automated Follow-Up Dispatched,,,,,,No,,IN_PROGRESS,,Submit application and follow up with HR,,
APP-3K-0752,JOB-3K-APP-3K-0752,CMP-95EF3532,DHL Global Forwarding (Req #11),Global Trade Compliance Analyst,2026-08-26,,https://careers.dhlglobalforwarding.com/jobs,Aditya_Mehra_Operations_Analyst_v1,,No,,Active Pipeline / Automated Follow-Up Dispatched,,,,,,No,,IN_PROGRESS,,Submit application and follow up with HR,,
APP-3K-0753,JOB-3K-APP-3K-0753,CMP-CDE5492B,Kuehne + Nagel (Req #11),Ocean Freight Logistics Coordinator,2026-08-26,,https://careers.kuehne+nagel.com/jobs,Aditya_Mehra_Operations_Analyst_v1,,No,,Active Pipeline / Automated Follow-Up Dispatched,,,,,,No,,IN_PROGRESS,,Submit application and follow up with HR,,
APP-3K-0754,JOB-3K-APP-3K-0754,CMP-512BD878,DB Schenker (Req #11),Customs Brokerage & Trade Specialist,2026-08-26,,https://careers.dbschenker.com/jobs,Aditya_Mehra_Operations_Analyst_v1,,No,,Active Pipeline / Automated Follow-Up Dispatched,,,,,,No,,IN_PROGRESS,,Submit application and follow up with HR,,
APP-3K-0755,JOB-3K-APP-3K-0755,CMP-8DD2449B,FedEx Express (Req #11),Supply Chain Route Planner,2026-08-26,,https://careers.fedexexpress.com/jobs,Aditya_Mehra_Operations_Analyst_v1,,No,,Active Pipeline / Automated Follow-Up Dispatched,,,,,,No,,IN_PROGRESS,,Submit application and follow up with HR,,
APP-3K-0756,JOB-3K-APP-3K-0756,CMP-03DB8D6C,MSC Mediterranean Shipping (Req #11),Export-Import Freight Operations Associate,2026-08-26,,https://careers.mscmediterraneanshipping.com/jobs,Aditya_Mehra_Operations_Analyst_v1,,No,,Active Pipeline / Automated Follow-Up Dispatched,,,,,,No,,IN_PROGRESS,,Submit application and follow up with HR,,
APP-3K-0757,JOB-3K-APP-3K-0757,CMP-37884A30,CMA CGM (Req #11),Global Trade Compliance Analyst,2026-08-26,,https://careers.cmacgm.com/jobs,Aditya_Mehra_Operations_Analyst_v1,,No,,Active Pipeline / Automated Follow-Up Dispatched,,,,,,No,,IN_PROGRESS,,Submit application and follow up with HR,,
APP-3K-0758,JOB-3K-APP-3K-0758,CMP-E3980DC6,Hapag-Lloyd (Req #11),Ocean Freight Logistics Coordinator,2026-08-26,,https://careers.hapag-lloyd.com/jobs,Aditya_Mehra_Operations_Analyst_v1,,No,,Active Pipeline / Automated Follow-Up Dispatched,,,,,,No,,IN_PROGRESS,,Submit application and follow up with HR,,
APP-3K-0759,JOB-3K-APP-3K-0759,CMP-FD67671C,Freightify (Req #11),Customs Brokerage & Trade Specialist,2026-08-26,,https://careers.freightify.com/jobs,Aditya_Mehra_Operations_Analyst_v1,,No,,Active Pipeline / Automated Follow-Up Dispatched,,,,,,No,,IN_PROGRESS,,Submit application and follow up with HR,,
APP-3K-0760,JOB-3K-APP-3K-0760,CMP-04D081B5,Expeditors (Req #11),Supply Chain Route Planner,2026-08-26,,https://careers.expeditors.com/jobs,Aditya_Mehra_Operations_Analyst_v1,,No,,Active Pipeline / Automated Follow-Up Dispatched,,,,,,No,,IN_PROGRESS,,Submit application and follow up with HR,,
APP-3K-0761,JOB-3K-APP-3K-0761,CMP-1BF7E28B,DSV Panalpina (Req #11),Export-Import Freight Operations Associate,2026-08-26,,https://careers.dsvpanalpina.com/jobs,Aditya_Mehra_Operations_Analyst_v1,,No,,Active Pipeline / Automated Follow-Up Dispatched,,,,,,No,,IN_PROGRESS,,Submit application and follow up with HR,,
APP-3K-0762,JOB-3K-APP-3K-0762,CMP-56A555B6,Flexport (Req #11),Global Trade Compliance Analyst,2026-08-26,,https://careers.flexport.com/jobs,Aditya_Mehra_Operations_Analyst_v1,,No,,Active Pipeline / Automated Follow-Up Dispatched,,,,,,No,,IN_PROGRESS,,Submit application and follow up with HR,,
APP-3K-0763,JOB-3K-APP-3K-0763,CMP-4B67C4E2,Geodis (Req #11),Ocean Freight Logistics Coordinator,2026-08-26,,https://careers.geodis.com/jobs,Aditya_Mehra_Operations_Analyst_v1,,No,,Active Pipeline / Automated Follow-Up Dispatched,,,,,,No,,IN_PROGRESS,,Submit application and follow up with HR,,
APP-3K-0764,JOB-3K-APP-3K-0764,CMP-C010CDEB,Agility Logistics (Req #11),Customs Brokerage & Trade Specialist,2026-08-26,,https://careers.agilitylogistics.com/jobs,Aditya_Mehra_Operations_Analyst_v1,,No,,Active Pipeline / Automated Follow-Up Dispatched,,,,,,No,,IN_PROGRESS,,Submit application and follow up with HR,,
APP-3K-0765,JOB-3K-APP-3K-0765,CMP-E3A3480D,Bollore Logistics (Req #11),Supply Chain Route Planner,2026-08-26,,https://careers.bollorelogistics.com/jobs,Aditya_Mehra_Operations_Analyst_v1,,No,,Active Pipeline / Automated Follow-Up Dispatched,,,,,,No,,IN_PROGRESS,,Submit application and follow up with HR,,
APP-3K-0766,JOB-3K-APP-3K-0766,CMP-1B0ABC26,Maersk Line (Req #12),Export-Import Freight Operations Associate,2026-08-26,,https://careers.maerskline.com/jobs,Aditya_Mehra_Operations_Analyst_v1,,No,,Active Pipeline / Automated Follow-Up Dispatched,,,,,,No,,IN_PROGRESS,,Submit application and follow up with HR,,
APP-3K-0767,JOB-3K-APP-3K-0767,CMP-3EC0B1D0,DHL Global Forwarding (Req #12),Global Trade Compliance Analyst,2026-08-26,,https://careers.dhlglobalforwarding.com/jobs,Aditya_Mehra_Operations_Analyst_v1,,No,,Active Pipeline / Automated Follow-Up Dispatched,,,,,,No,,IN_PROGRESS,,Submit application and follow up with HR,,
APP-3K-0768,JOB-3K-APP-3K-0768,CMP-185160EB,Kuehne + Nagel (Req #12),Ocean Freight Logistics Coordinator,2026-08-26,,https://careers.kuehne+nagel.com/jobs,Aditya_Mehra_Operations_Analyst_v1,,No,,Active Pipeline / Automated Follow-Up Dispatched,,,,,,No,,IN_PROGRESS,,Submit application and follow up with HR,,
APP-3K-0769,JOB-3K-APP-3K-0769,CMP-30A2BEF9,DB Schenker (Req #12),Customs Brokerage & Trade Specialist,2026-08-26,,https://careers.dbschenker.com/jobs,Aditya_Mehra_Operations_Analyst_v1,,No,,Active Pipeline / Automated Follow-Up Dispatched,,,,,,No,,IN_PROGRESS,,Submit application and follow up with HR,,
APP-3K-0770,JOB-3K-APP-3K-0770,CMP-B482298A,FedEx Express (Req #12),Supply Chain Route Planner,2026-08-26,,https://careers.fedexexpress.com/jobs,Aditya_Mehra_Operations_Analyst_v1,,No,,Active Pipeline / Automated Follow-Up Dispatched,,,,,,No,,IN_PROGRESS,,Submit application and follow up with HR,,
APP-3K-0771,JOB-3K-APP-3K-0771,CMP-57CCE482,MSC Mediterranean Shipping (Req #12),Export-Import Freight Operations Associate,2026-08-26,,https://careers.mscmediterraneanshipping.com/jobs,Aditya_Mehra_Operations_Analyst_v1,,No,,Active Pipeline / Automated Follow-Up Dispatched,,,,,,No,,IN_PROGRESS,,Submit application and follow up with HR,,
APP-3K-0772,JOB-3K-APP-3K-0772,CMP-8F9498F3,CMA CGM (Req #12),Global Trade Compliance Analyst,2026-08-26,,https://careers.cmacgm.com/jobs,Aditya_Mehra_Operations_Analyst_v1,,No,,Active Pipeline / Automated Follow-Up Dispatched,,,,,,No,,IN_PROGRESS,,Submit application and follow up with HR,,
APP-3K-0773,JOB-3K-APP-3K-0773,CMP-AD576A9D,Hapag-Lloyd (Req #12),Ocean Freight Logistics Coordinator,2026-08-26,,https://careers.hapag-lloyd.com/jobs,Aditya_Mehra_Operations_Analyst_v1,,No,,Active Pipeline / Automated Follow-Up Dispatched,,,,,,No,,IN_PROGRESS,,Submit application and follow up with HR,,
APP-3K-0774,JOB-3K-APP-3K-0774,CMP-1BF5C658,Freightify (Req #12),Customs Brokerage & Trade Specialist,2026-08-26,,https://careers.freightify.com/jobs,Aditya_Mehra_Operations_Analyst_v1,,No,,Active Pipeline / Automated Follow-Up Dispatched,,,,,,No,,IN_PROGRESS,,Submit application and follow up with HR,,
APP-3K-0775,JOB-3K-APP-3K-0775,CMP-047A1C14,Expeditors (Req #12),Supply Chain Route Planner,2026-08-26,,https://careers.expeditors.com/jobs,Aditya_Mehra_Operations_Analyst_v1,,No,,Active Pipeline / Automated Follow-Up Dispatched,,,,,,No,,IN_PROGRESS,,Submit application and follow up with HR,,
APP-3K-0776,JOB-3K-APP-3K-0776,CMP-8732B221,DSV Panalpina (Req #12),Export-Import Freight Operations Associate,2026-08-26,,https://careers.dsvpanalpina.com/jobs,Aditya_Mehra_Operations_Analyst_v1,,No,,Active Pipeline / Automated Follow-Up Dispatched,,,,,,No,,IN_PROGRESS,,Submit application and follow up with HR,,
APP-3K-0777,JOB-3K-APP-3K-0777,CMP-89E2B0A6,Flexport (Req #12),Global Trade Compliance Analyst,2026-08-26,,https://careers.flexport.com/jobs,Aditya_Mehra_Operations_Analyst_v1,,No,,Active Pipeline / Automated Follow-Up Dispatched,,,,,,No,,IN_PROGRESS,,Submit application and follow up with HR,,
APP-3K-0778,JOB-3K-APP-3K-0778,CMP-BA05DA19,Geodis (Req #12),Ocean Freight Logistics Coordinator,2026-08-26,,https://careers.geodis.com/jobs,Aditya_Mehra_Operations_Analyst_v1,,No,,Active Pipeline / Automated Follow-Up Dispatched,,,,,,No,,IN_PROGRESS,,Submit application and follow up with HR,,
APP-3K-0779,JOB-3K-APP-3K-0779,CMP-B669E3D0,Agility Logistics (Req #12),Customs Brokerage & Trade Specialist,2026-08-26,,https://careers.agilitylogistics.com/jobs,Aditya_Mehra_Operations_Analyst_v1,,No,,Active Pipeline / Automated Follow-Up Dispatched,,,,,,No,,IN_PROGRESS,,Submit application and follow up with HR,,
APP-3K-0780,JOB-3K-APP-3K-0780,CMP-17D910B6,Bollore Logistics (Req #12),Supply Chain Route Planner,2026-08-26,,https://careers.bollorelogistics.com/jobs,Aditya_Mehra_Operations_Analyst_v1,,No,,Active Pipeline / Automated Follow-Up Dispatched,,,,,,No,,IN_PROGRESS,,Submit application and follow up with HR,,
APP-3K-0781,JOB-3K-APP-3K-0781,CMP-511A4380,Maersk Line (Req #13),Export-Import Freight Operations Associate,2026-08-26,,https://careers.maerskline.com/jobs,Aditya_Mehra_Operations_Analyst_v1,,No,,Active Pipeline / Automated Follow-Up Dispatched,,,,,,No,,IN_PROGRESS,,Submit application and follow up with HR,,
APP-3K-0782,JOB-3K-APP-3K-0782,CMP-C3F2E00A,DHL Global Forwarding (Req #13),Global Trade Compliance Analyst,2026-08-26,,https://careers.dhlglobalforwarding.com/jobs,Aditya_Mehra_Operations_Analyst_v1,,No,,Active Pipeline / Automated Follow-Up Dispatched,,,,,,No,,IN_PROGRESS,,Submit application and follow up with HR,,
APP-3K-0783,JOB-3K-APP-3K-0783,CMP-34EECD05,Kuehne + Nagel (Req #13),Ocean Freight Logistics Coordinator,2026-08-26,,https://careers.kuehne+nagel.com/jobs,Aditya_Mehra_Operations_Analyst_v1,,No,,Active Pipeline / Automated Follow-Up Dispatched,,,,,,No,,IN_PROGRESS,,Submit application and follow up with HR,,
APP-3K-0784,JOB-3K-APP-3K-0784,CMP-7095922E,DB Schenker (Req #13),Customs Brokerage & Trade Specialist,2026-08-26,,https://careers.dbschenker.com/jobs,Aditya_Mehra_Operations_Analyst_v1,,No,,Active Pipeline / Automated Follow-Up Dispatched,,,,,,No,,IN_PROGRESS,,Submit application and follow up with HR,,
APP-3K-0785,JOB-3K-APP-3K-0785,CMP-8AB0F1B2,FedEx Express (Req #13),Supply Chain Route Planner,2026-08-26,,https://careers.fedexexpress.com/jobs,Aditya_Mehra_Operations_Analyst_v1,,No,,Active Pipeline / Automated Follow-Up Dispatched,,,,,,No,,IN_PROGRESS,,Submit application and follow up with HR,,
APP-3K-0786,JOB-3K-APP-3K-0786,CMP-542ACE69,MSC Mediterranean Shipping (Req #13),Export-Import Freight Operations Associate,2026-08-26,,https://careers.mscmediterraneanshipping.com/jobs,Aditya_Mehra_Operations_Analyst_v1,,No,,Active Pipeline / Automated Follow-Up Dispatched,,,,,,No,,IN_PROGRESS,,Submit application and follow up with HR,,
APP-3K-0787,JOB-3K-APP-3K-0787,CMP-12F42E85,CMA CGM (Req #13),Global Trade Compliance Analyst,2026-08-26,,https://careers.cmacgm.com/jobs,Aditya_Mehra_Operations_Analyst_v1,,No,,Active Pipeline / Automated Follow-Up Dispatched,,,,,,No,,IN_PROGRESS,,Submit application and follow up with HR,,
APP-3K-0788,JOB-3K-APP-3K-0788,CMP-EA0F2D50,Hapag-Lloyd (Req #13),Ocean Freight Logistics Coordinator,2026-08-26,,https://careers.hapag-lloyd.com/jobs,Aditya_Mehra_Operations_Analyst_v1,,No,,Active Pipeline / Automated Follow-Up Dispatched,,,,,,No,,IN_PROGRESS,,Submit application and follow up with HR,,
APP-3K-0789,JOB-3K-APP-3K-0789,CMP-45F09333,Freightify (Req #13),Customs Brokerage & Trade Specialist,2026-08-26,,https://careers.freightify.com/jobs,Aditya_Mehra_Operations_Analyst_v1,,No,,Active Pipeline / Automated Follow-Up Dispatched,,,,,,No,,IN_PROGRESS,,Submit application and follow up with HR,,
APP-3K-0790,JOB-3K-APP-3K-0790,CMP-A5616664,Expeditors (Req #13),Supply Chain Route Planner,2026-08-26,,https://careers.expeditors.com/jobs,Aditya_Mehra_Operations_Analyst_v1,,No,,Active Pipeline / Automated Follow-Up Dispatched,,,,,,No,,IN_PROGRESS,,Submit application and follow up with HR,,
APP-3K-0791,JOB-3K-APP-3K-0791,CMP-D46CD0B9,DSV Panalpina (Req #13),Export-Import Freight Operations Associate,2026-08-26,,https://careers.dsvpanalpina.com/jobs,Aditya_Mehra_Operations_Analyst_v1,,No,,Active Pipeline / Automated Follow-Up Dispatched,,,,,,No,,IN_PROGRESS,,Submit application and follow up with HR,,
APP-3K-0792,JOB-3K-APP-3K-0792,CMP-60A5F0D3,Flexport (Req #13),Global Trade Compliance Analyst,2026-08-26,,https://careers.flexport.com/jobs,Aditya_Mehra_Operations_Analyst_v1,,No,,Active Pipeline / Automated Follow-Up Dispatched,,,,,,No,,IN_PROGRESS,,Submit application and follow up with HR,,
APP-3K-0793,JOB-3K-APP-3K-0793,CMP-4707DF7A,Geodis (Req #13),Ocean Freight Logistics Coordinator,2026-08-26,,https://careers.geodis.com/jobs,Aditya_Mehra_Operations_Analyst_v1,,No,,Active Pipeline / Automated Follow-Up Dispatched,,,,,,No,,IN_PROGRESS,,Submit application and follow up with HR,,
APP-3K-0794,JOB-3K-APP-3K-0794,CMP-E0DBBB56,Agility Logistics (Req #13),Customs Brokerage & Trade Specialist,2026-08-26,,https://careers.agilitylogistics.com/jobs,Aditya_Mehra_Operations_Analyst_v1,,No,,Active Pipeline / Automated Follow-Up Dispatched,,,,,,No,,IN_PROGRESS,,Submit application and follow up with HR,,
APP-3K-0795,JOB-3K-APP-3K-0795,CMP-68D0ABF4,Bollore Logistics (Req #13),Supply Chain Route Planner,2026-08-26,,https://careers.bollorelogistics.com/jobs,Aditya_Mehra_Operations_Analyst_v1,,No,,Active Pipeline / Automated Follow-Up Dispatched,,,,,,No,,IN_PROGRESS,,Submit application and follow up with HR,,
APP-3K-0796,JOB-3K-APP-3K-0796,CMP-557F9EF9,Maersk Line (Req #14),Export-Import Freight Operations Associate,2026-08-26,,https://careers.maerskline.com/jobs,Aditya_Mehra_Operations_Analyst_v1,,No,,Active Pipeline / Automated Follow-Up Dispatched,,,,,,No,,IN_PROGRESS,,Submit application and follow up with HR,,
APP-3K-0797,JOB-3K-APP-3K-0797,CMP-AFB29DBC,DHL Global Forwarding (Req #14),Global Trade Compliance Analyst,2026-08-26,,https://careers.dhlglobalforwarding.com/jobs,Aditya_Mehra_Operations_Analyst_v1,,No,,Active Pipeline / Automated Follow-Up Dispatched,,,,,,No,,IN_PROGRESS,,Submit application and follow up with HR,,
APP-3K-0798,JOB-3K-APP-3K-0798,CMP-2867E076,Kuehne + Nagel (Req #14),Ocean Freight Logistics Coordinator,2026-08-26,,https://careers.kuehne+nagel.com/jobs,Aditya_Mehra_Operations_Analyst_v1,,No,,Active Pipeline / Automated Follow-Up Dispatched,,,,,,No,,IN_PROGRESS,,Submit application and follow up with HR,,
APP-3K-0799,JOB-3K-APP-3K-0799,CMP-FD68533E,DB Schenker (Req #14),Customs Brokerage & Trade Specialist,2026-08-26,,https://careers.dbschenker.com/jobs,Aditya_Mehra_Operations_Analyst_v1,,No,,Active Pipeline / Automated Follow-Up Dispatched,,,,,,No,,IN_PROGRESS,,Submit application and follow up with HR,,
APP-3K-0800,JOB-3K-APP-3K-0800,CMP-902EF19E,FedEx Express (Req #14),Supply Chain Route Planner,2026-08-26,,https://careers.fedexexpress.com/jobs,Aditya_Mehra_Operations_Analyst_v1,,No,,Active Pipeline / Automated Follow-Up Dispatched,,,,,,No,,IN_PROGRESS,,Submit application and follow up with HR,,
APP-3K-0801,JOB-3K-APP-3K-0801,CMP-FA0F8E39,Boeing India,Aerospace Supply Chain Operations Specialist,2026-08-26,,https://careers.boeingindia.com/jobs,Aditya_Mehra_Operations_Analyst_v1,,No,,Active Pipeline / Automated Follow-Up Dispatched,,,,,,No,,IN_PROGRESS,,Submit application and follow up with HR,,
APP-3K-0802,JOB-3K-APP-3K-0802,CMP-CF3648F7,Airbus India,Procurement & Vendor Management Executive,2026-08-26,,https://careers.airbusindia.com/jobs,Aditya_Mehra_Operations_Analyst_v1,,No,,Active Pipeline / Automated Follow-Up Dispatched,,,,,,No,,IN_PROGRESS,,Submit application and follow up with HR,,
APP-3K-0803,JOB-3K-APP-3K-0803,CMP-514DFC67,Lockheed Martin,Industrial Operations Coordinator,2026-08-26,,https://careers.lockheedmartin.com/jobs,Aditya_Mehra_Operations_Analyst_v1,,No,,Active Pipeline / Automated Follow-Up Dispatched,,,,,,No,,IN_PROGRESS,,Submit application and follow up with HR,,
APP-3K-0804,JOB-3K-APP-3K-0804,CMP-740440AE,Rolls-Royce,Global Sourcing Analyst,2026-08-26,,https://careers.rolls-royce.com/jobs,Aditya_Mehra_Operations_Analyst_v1,,No,,Active Pipeline / Automated Follow-Up Dispatched,,,,,,No,,IN_PROGRESS,,Submit application and follow up with HR,,
APP-3K-0805,JOB-3K-APP-3K-0805,CMP-48C7E055,BAE Systems,Project Cargo Logistics Lead,2026-08-26,,https://careers.baesystems.com/jobs,Aditya_Mehra_Operations_Analyst_v1,,No,,Active Pipeline / Automated Follow-Up Dispatched,,,,,,No,,IN_PROGRESS,,Submit application and follow up with HR,,
APP-3K-0806,JOB-3K-APP-3K-0806,CMP-44D57CD4,Honeywell Aerospace,Aerospace Supply Chain Operations Specialist,2026-08-26,,https://careers.honeywellaerospace.com/jobs,Aditya_Mehra_Operations_Analyst_v1,,No,,Active Pipeline / Automated Follow-Up Dispatched,,,,,,No,,IN_PROGRESS,,Submit application and follow up with HR,,
APP-3K-0807,JOB-3K-APP-3K-0807,CMP-8E15FAD6,Collins Aerospace,Procurement & Vendor Management Executive,2026-08-26,,https://careers.collinsaerospace.com/jobs,Aditya_Mehra_Operations_Analyst_v1,,No,,Active Pipeline / Automated Follow-Up Dispatched,,,,,,No,,IN_PROGRESS,,Submit application and follow up with HR,,
APP-3K-0808,JOB-3K-APP-3K-0808,CMP-1FC6FE32,Safran Group,Industrial Operations Coordinator,2026-08-26,,https://careers.safrangroup.com/jobs,Aditya_Mehra_Operations_Analyst_v1,,No,,Active Pipeline / Automated Follow-Up Dispatched,,,,,,No,,IN_PROGRESS,,Submit application and follow up with HR,,
APP-3K-0809,JOB-3K-APP-3K-0809,CMP-285E760D,Thales,Global Sourcing Analyst,2026-08-26,,https://careers.thales.com/jobs,Aditya_Mehra_Operations_Analyst_v1,,No,,Active Pipeline / Automated Follow-Up Dispatched,,,,,,No,,IN_PROGRESS,,Submit application and follow up with HR,,
APP-3K-0810,JOB-3K-APP-3K-0810,CMP-0740800A,General Electric (GE),Project Cargo Logistics Lead,2026-08-26,,https://careers.generalelectricge.com/jobs,Aditya_Mehra_Operations_Analyst_v1,,No,,Active Pipeline / Automated Follow-Up Dispatched,,,,,,No,,IN_PROGRESS,,Submit application and follow up with HR,,
APP-3K-0811,JOB-3K-APP-3K-0811,CMP-2D790109,Raytheon Technologies,Aerospace Supply Chain Operations Specialist,2026-08-26,,https://careers.raytheontechnologies.com/jobs,Aditya_Mehra_Operations_Analyst_v1,,No,,Active Pipeline / Automated Follow-Up Dispatched,,,,,,No,,IN_PROGRESS,,Submit application and follow up with HR,,
APP-3K-0812,JOB-3K-APP-3K-0812,CMP-740FCF73,Lufthansa Technik,Procurement & Vendor Management Executive,2026-08-26,,https://careers.lufthansatechnik.com/jobs,Aditya_Mehra_Operations_Analyst_v1,,No,,Active Pipeline / Automated Follow-Up Dispatched,,,,,,No,,IN_PROGRESS,,Submit application and follow up with HR,,
APP-3K-0813,JOB-3K-APP-3K-0813,CMP-E37194D2,Siemens Energy,Industrial Operations Coordinator,2026-08-26,,https://careers.siemensenergy.com/jobs,Aditya_Mehra_Operations_Analyst_v1,,No,,Active Pipeline / Automated Follow-Up Dispatched,,,,,,No,,IN_PROGRESS,,Submit application and follow up with HR,,
APP-3K-0814,JOB-3K-APP-3K-0814,CMP-E08CFCC3,ABB India,Global Sourcing Analyst,2026-08-26,,https://careers.abbindia.com/jobs,Aditya_Mehra_Operations_Analyst_v1,,No,,Active Pipeline / Automated Follow-Up Dispatched,,,,,,No,,IN_PROGRESS,,Submit application and follow up with HR,,
APP-3K-0815,JOB-3K-APP-3K-0815,CMP-F4B96240,Schneider Electric,Project Cargo Logistics Lead,2026-08-26,,https://careers.schneiderelectric.com/jobs,Aditya_Mehra_Operations_Analyst_v1,,No,,Active Pipeline / Automated Follow-Up Dispatched,,,,,,No,,IN_PROGRESS,,Submit application and follow up with HR,,
APP-3K-0816,JOB-3K-APP-3K-0816,CMP-E6164225,Boeing India (Req #2),Aerospace Supply Chain Operations Specialist,2026-08-26,,https://careers.boeingindia.com/jobs,Aditya_Mehra_Operations_Analyst_v1,,No,,Active Pipeline / Automated Follow-Up Dispatched,,,,,,No,,IN_PROGRESS,,Submit application and follow up with HR,,
APP-3K-0817,JOB-3K-APP-3K-0817,CMP-B683C9D8,Airbus India (Req #2),Procurement & Vendor Management Executive,2026-08-26,,https://careers.airbusindia.com/jobs,Aditya_Mehra_Operations_Analyst_v1,,No,,Active Pipeline / Automated Follow-Up Dispatched,,,,,,No,,IN_PROGRESS,,Submit application and follow up with HR,,
APP-3K-0818,JOB-3K-APP-3K-0818,CMP-A858CC7B,Lockheed Martin (Req #2),Industrial Operations Coordinator,2026-08-26,,https://careers.lockheedmartin.com/jobs,Aditya_Mehra_Operations_Analyst_v1,,No,,Active Pipeline / Automated Follow-Up Dispatched,,,,,,No,,IN_PROGRESS,,Submit application and follow up with HR,,
APP-3K-0819,JOB-3K-APP-3K-0819,CMP-94580EB1,Rolls-Royce (Req #2),Global Sourcing Analyst,2026-08-26,,https://careers.rolls-royce.com/jobs,Aditya_Mehra_Operations_Analyst_v1,,No,,Active Pipeline / Automated Follow-Up Dispatched,,,,,,No,,IN_PROGRESS,,Submit application and follow up with HR,,
APP-3K-0820,JOB-3K-APP-3K-0820,CMP-DC98A377,BAE Systems (Req #2),Project Cargo Logistics Lead,2026-08-26,,https://careers.baesystems.com/jobs,Aditya_Mehra_Operations_Analyst_v1,,No,,Active Pipeline / Automated Follow-Up Dispatched,,,,,,No,,IN_PROGRESS,,Submit application and follow up with HR,,
APP-3K-0821,JOB-3K-APP-3K-0821,CMP-5E7DBEE2,Honeywell Aerospace (Req #2),Aerospace Supply Chain Operations Specialist,2026-08-26,,https://careers.honeywellaerospace.com/jobs,Aditya_Mehra_Operations_Analyst_v1,,No,,Active Pipeline / Automated Follow-Up Dispatched,,,,,,No,,IN_PROGRESS,,Submit application and follow up with HR,,
APP-3K-0822,JOB-3K-APP-3K-0822,CMP-72272D23,Collins Aerospace (Req #2),Procurement & Vendor Management Executive,2026-08-26,,https://careers.collinsaerospace.com/jobs,Aditya_Mehra_Operations_Analyst_v1,,No,,Active Pipeline / Automated Follow-Up Dispatched,,,,,,No,,IN_PROGRESS,,Submit application and follow up with HR,,
APP-3K-0823,JOB-3K-APP-3K-0823,CMP-ADD41B31,Safran Group (Req #2),Industrial Operations Coordinator,2026-08-26,,https://careers.safrangroup.com/jobs,Aditya_Mehra_Operations_Analyst_v1,,No,,Active Pipeline / Automated Follow-Up Dispatched,,,,,,No,,IN_PROGRESS,,Submit application and follow up with HR,,
APP-3K-0824,JOB-3K-APP-3K-0824,CMP-31231E1F,Thales (Req #2),Global Sourcing Analyst,2026-08-26,,https://careers.thales.com/jobs,Aditya_Mehra_Operations_Analyst_v1,,No,,Active Pipeline / Automated Follow-Up Dispatched,,,,,,No,,IN_PROGRESS,,Submit application and follow up with HR,,
APP-3K-0825,JOB-3K-APP-3K-0825,CMP-B8BAB6E8,General Electric (GE) (Req #2),Project Cargo Logistics Lead,2026-08-26,,https://careers.generalelectricge.com/jobs,Aditya_Mehra_Operations_Analyst_v1,,No,,Active Pipeline / Automated Follow-Up Dispatched,,,,,,No,,IN_PROGRESS,,Submit application and follow up with HR,,
APP-3K-0826,JOB-3K-APP-3K-0826,CMP-106E5EE5,Raytheon Technologies (Req #2),Aerospace Supply Chain Operations Specialist,2026-08-26,,https://careers.raytheontechnologies.com/jobs,Aditya_Mehra_Operations_Analyst_v1,,No,,Active Pipeline / Automated Follow-Up Dispatched,,,,,,No,,IN_PROGRESS,,Submit application and follow up with HR,,
APP-3K-0827,JOB-3K-APP-3K-0827,CMP-32742DFC,Lufthansa Technik (Req #2),Procurement & Vendor Management Executive,2026-08-26,,https://careers.lufthansatechnik.com/jobs,Aditya_Mehra_Operations_Analyst_v1,,No,,Active Pipeline / Automated Follow-Up Dispatched,,,,,,No,,IN_PROGRESS,,Submit application and follow up with HR,,
APP-3K-0828,JOB-3K-APP-3K-0828,CMP-9A800387,Siemens Energy (Req #2),Industrial Operations Coordinator,2026-08-26,,https://careers.siemensenergy.com/jobs,Aditya_Mehra_Operations_Analyst_v1,,No,,Active Pipeline / Automated Follow-Up Dispatched,,,,,,No,,IN_PROGRESS,,Submit application and follow up with HR,,
APP-3K-0829,JOB-3K-APP-3K-0829,CMP-76D6023E,ABB India (Req #2),Global Sourcing Analyst,2026-08-26,,https://careers.abbindia.com/jobs,Aditya_Mehra_Operations_Analyst_v1,,No,,Active Pipeline / Automated Follow-Up Dispatched,,,,,,No,,IN_PROGRESS,,Submit application and follow up with HR,,
APP-3K-0830,JOB-3K-APP-3K-0830,CMP-F7EE1D84,Schneider Electric (Req #2),Project Cargo Logistics Lead,2026-08-26,,https://careers.schneiderelectric.com/jobs,Aditya_Mehra_Operations_Analyst_v1,,No,,Active Pipeline / Automated Follow-Up Dispatched,,,,,,No,,IN_PROGRESS,,Submit application and follow up with HR,,
APP-3K-0831,JOB-3K-APP-3K-0831,CMP-83A1F33E,Boeing India (Req #3),Aerospace Supply Chain Operations Specialist,2026-08-26,,https://careers.boeingindia.com/jobs,Aditya_Mehra_Operations_Analyst_v1,,No,,Active Pipeline / Automated Follow-Up Dispatched,,,,,,No,,IN_PROGRESS,,Submit application and follow up with HR,,
APP-3K-0832,JOB-3K-APP-3K-0832,CMP-A60AD0AF,Airbus India (Req #3),Procurement & Vendor Management Executive,2026-08-26,,https://careers.airbusindia.com/jobs,Aditya_Mehra_Operations_Analyst_v1,,No,,Active Pipeline / Automated Follow-Up Dispatched,,,,,,No,,IN_PROGRESS,,Submit application and follow up with HR,,
APP-3K-0833,JOB-3K-APP-3K-0833,CMP-19ADB464,Lockheed Martin (Req #3),Industrial Operations Coordinator,2026-08-26,,https://careers.lockheedmartin.com/jobs,Aditya_Mehra_Operations_Analyst_v1,,No,,Active Pipeline / Automated Follow-Up Dispatched,,,,,,No,,IN_PROGRESS,,Submit application and follow up with HR,,
APP-3K-0834,JOB-3K-APP-3K-0834,CMP-92E5BC9D,Rolls-Royce (Req #3),Global Sourcing Analyst,2026-08-26,,https://careers.rolls-royce.com/jobs,Aditya_Mehra_Operations_Analyst_v1,,No,,Active Pipeline / Automated Follow-Up Dispatched,,,,,,No,,IN_PROGRESS,,Submit application and follow up with HR,,
APP-3K-0835,JOB-3K-APP-3K-0835,CMP-B7AE0B88,BAE Systems (Req #3),Project Cargo Logistics Lead,2026-08-26,,https://careers.baesystems.com/jobs,Aditya_Mehra_Operations_Analyst_v1,,No,,Active Pipeline / Automated Follow-Up Dispatched,,,,,,No,,IN_PROGRESS,,Submit application and follow up with HR,,
APP-3K-0836,JOB-3K-APP-3K-0836,CMP-3B1D2D35,Honeywell Aerospace (Req #3),Aerospace Supply Chain Operations Specialist,2026-08-26,,https://careers.honeywellaerospace.com/jobs,Aditya_Mehra_Operations_Analyst_v1,,No,,Active Pipeline / Automated Follow-Up Dispatched,,,,,,No,,IN_PROGRESS,,Submit application and follow up with HR,,
APP-3K-0837,JOB-3K-APP-3K-0837,CMP-5CF2810B,Collins Aerospace (Req #3),Procurement & Vendor Management Executive,2026-08-26,,https://careers.collinsaerospace.com/jobs,Aditya_Mehra_Operations_Analyst_v1,,No,,Active Pipeline / Automated Follow-Up Dispatched,,,,,,No,,IN_PROGRESS,,Submit application and follow up with HR,,
APP-3K-0838,JOB-3K-APP-3K-0838,CMP-E4F65EA3,Safran Group (Req #3),Industrial Operations Coordinator,2026-08-26,,https://careers.safrangroup.com/jobs,Aditya_Mehra_Operations_Analyst_v1,,No,,Active Pipeline / Automated Follow-Up Dispatched,,,,,,No,,IN_PROGRESS,,Submit application and follow up with HR,,
APP-3K-0839,JOB-3K-APP-3K-0839,CMP-E3B4B3C9,Thales (Req #3),Global Sourcing Analyst,2026-08-26,,https://careers.thales.com/jobs,Aditya_Mehra_Operations_Analyst_v1,,No,,Active Pipeline / Automated Follow-Up Dispatched,,,,,,No,,IN_PROGRESS,,Submit application and follow up with HR,,
APP-3K-0840,JOB-3K-APP-3K-0840,CMP-1B94FCE7,General Electric (GE) (Req #3),Project Cargo Logistics Lead,2026-08-26,,https://careers.generalelectricge.com/jobs,Aditya_Mehra_Operations_Analyst_v1,,No,,Active Pipeline / Automated Follow-Up Dispatched,,,,,,No,,IN_PROGRESS,,Submit application and follow up with HR,,
APP-3K-0841,JOB-3K-APP-3K-0841,CMP-2B02A0AD,Raytheon Technologies (Req #3),Aerospace Supply Chain Operations Specialist,2026-08-26,,https://careers.raytheontechnologies.com/jobs,Aditya_Mehra_Operations_Analyst_v1,,No,,Active Pipeline / Automated Follow-Up Dispatched,,,,,,No,,IN_PROGRESS,,Submit application and follow up with HR,,
APP-3K-0842,JOB-3K-APP-3K-0842,CMP-0607F88E,Lufthansa Technik (Req #3),Procurement & Vendor Management Executive,2026-08-26,,https://careers.lufthansatechnik.com/jobs,Aditya_Mehra_Operations_Analyst_v1,,No,,Active Pipeline / Automated Follow-Up Dispatched,,,,,,No,,IN_PROGRESS,,Submit application and follow up with HR,,
APP-3K-0843,JOB-3K-APP-3K-0843,CMP-B045B0D1,Siemens Energy (Req #3),Industrial Operations Coordinator,2026-08-26,,https://careers.siemensenergy.com/jobs,Aditya_Mehra_Operations_Analyst_v1,,No,,Active Pipeline / Automated Follow-Up Dispatched,,,,,,No,,IN_PROGRESS,,Submit application and follow up with HR,,
APP-3K-0844,JOB-3K-APP-3K-0844,CMP-8746820F,ABB India (Req #3),Global Sourcing Analyst,2026-08-26,,https://careers.abbindia.com/jobs,Aditya_Mehra_Operations_Analyst_v1,,No,,Active Pipeline / Automated Follow-Up Dispatched,,,,,,No,,IN_PROGRESS,,Submit application and follow up with HR,,
APP-3K-0845,JOB-3K-APP-3K-0845,CMP-C9D1E884,Schneider Electric (Req #3),Project Cargo Logistics Lead,2026-08-26,,https://careers.schneiderelectric.com/jobs,Aditya_Mehra_Operations_Analyst_v1,,No,,Active Pipeline / Automated Follow-Up Dispatched,,,,,,No,,IN_PROGRESS,,Submit application and follow up with HR,,
APP-3K-0846,JOB-3K-APP-3K-0846,CMP-D9760762,Boeing India (Req #4),Aerospace Supply Chain Operations Specialist,2026-08-26,,https://careers.boeingindia.com/jobs,Aditya_Mehra_Operations_Analyst_v1,,No,,Active Pipeline / Automated Follow-Up Dispatched,,,,,,No,,IN_PROGRESS,,Submit application and follow up with HR,,
APP-3K-0847,JOB-3K-APP-3K-0847,CMP-7F10D706,Airbus India (Req #4),Procurement & Vendor Management Executive,2026-08-26,,https://careers.airbusindia.com/jobs,Aditya_Mehra_Operations_Analyst_v1,,No,,Active Pipeline / Automated Follow-Up Dispatched,,,,,,No,,IN_PROGRESS,,Submit application and follow up with HR,,
APP-3K-0848,JOB-3K-APP-3K-0848,CMP-35BA220D,Lockheed Martin (Req #4),Industrial Operations Coordinator,2026-08-26,,https://careers.lockheedmartin.com/jobs,Aditya_Mehra_Operations_Analyst_v1,,No,,Active Pipeline / Automated Follow-Up Dispatched,,,,,,No,,IN_PROGRESS,,Submit application and follow up with HR,,
APP-3K-0849,JOB-3K-APP-3K-0849,CMP-8B35CD15,Rolls-Royce (Req #4),Global Sourcing Analyst,2026-08-26,,https://careers.rolls-royce.com/jobs,Aditya_Mehra_Operations_Analyst_v1,,No,,Active Pipeline / Automated Follow-Up Dispatched,,,,,,No,,IN_PROGRESS,,Submit application and follow up with HR,,
APP-3K-0850,JOB-3K-APP-3K-0850,CMP-EAF884AE,BAE Systems (Req #4),Project Cargo Logistics Lead,2026-08-26,,https://careers.baesystems.com/jobs,Aditya_Mehra_Operations_Analyst_v1,,No,,Active Pipeline / Automated Follow-Up Dispatched,,,,,,No,,IN_PROGRESS,,Submit application and follow up with HR,,
APP-3K-0851,JOB-3K-APP-3K-0851,CMP-A4F119CF,Honeywell Aerospace (Req #4),Aerospace Supply Chain Operations Specialist,2026-08-26,,https://careers.honeywellaerospace.com/jobs,Aditya_Mehra_Operations_Analyst_v1,,No,,Active Pipeline / Automated Follow-Up Dispatched,,,,,,No,,IN_PROGRESS,,Submit application and follow up with HR,,
APP-3K-0852,JOB-3K-APP-3K-0852,CMP-6998569A,Collins Aerospace (Req #4),Procurement & Vendor Management Executive,2026-08-26,,https://careers.collinsaerospace.com/jobs,Aditya_Mehra_Operations_Analyst_v1,,No,,Active Pipeline / Automated Follow-Up Dispatched,,,,,,No,,IN_PROGRESS,,Submit application and follow up with HR,,
APP-3K-0853,JOB-3K-APP-3K-0853,CMP-925E88B1,Safran Group (Req #4),Industrial Operations Coordinator,2026-08-26,,https://careers.safrangroup.com/jobs,Aditya_Mehra_Operations_Analyst_v1,,No,,Active Pipeline / Automated Follow-Up Dispatched,,,,,,No,,IN_PROGRESS,,Submit application and follow up with HR,,
APP-3K-0854,JOB-3K-APP-3K-0854,CMP-C9D34EDD,Thales (Req #4),Global Sourcing Analyst,2026-08-26,,https://careers.thales.com/jobs,Aditya_Mehra_Operations_Analyst_v1,,No,,Active Pipeline / Automated Follow-Up Dispatched,,,,,,No,,IN_PROGRESS,,Submit application and follow up with HR,,
APP-3K-0855,JOB-3K-APP-3K-0855,CMP-87152811,General Electric (GE) (Req #4),Project Cargo Logistics Lead,2026-08-26,,https://careers.generalelectricge.com/jobs,Aditya_Mehra_Operations_Analyst_v1,,No,,Active Pipeline / Automated Follow-Up Dispatched,,,,,,No,,IN_PROGRESS,,Submit application and follow up with HR,,
APP-3K-0856,JOB-3K-APP-3K-0856,CMP-29D405AE,Raytheon Technologies (Req #4),Aerospace Supply Chain Operations Specialist,2026-08-26,,https://careers.raytheontechnologies.com/jobs,Aditya_Mehra_Operations_Analyst_v1,,No,,Active Pipeline / Automated Follow-Up Dispatched,,,,,,No,,IN_PROGRESS,,Submit application and follow up with HR,,
APP-3K-0857,JOB-3K-APP-3K-0857,CMP-B3865C89,Lufthansa Technik (Req #4),Procurement & Vendor Management Executive,2026-08-26,,https://careers.lufthansatechnik.com/jobs,Aditya_Mehra_Operations_Analyst_v1,,No,,Active Pipeline / Automated Follow-Up Dispatched,,,,,,No,,IN_PROGRESS,,Submit application and follow up with HR,,
APP-3K-0858,JOB-3K-APP-3K-0858,CMP-FEDA074F,Siemens Energy (Req #4),Industrial Operations Coordinator,2026-08-26,,https://careers.siemensenergy.com/jobs,Aditya_Mehra_Operations_Analyst_v1,,No,,Active Pipeline / Automated Follow-Up Dispatched,,,,,,No,,IN_PROGRESS,,Submit application and follow up with HR,,
APP-3K-0859,JOB-3K-APP-3K-0859,CMP-51520B98,ABB India (Req #4),Global Sourcing Analyst,2026-08-26,,https://careers.abbindia.com/jobs,Aditya_Mehra_Operations_Analyst_v1,,No,,Active Pipeline / Automated Follow-Up Dispatched,,,,,,No,,IN_PROGRESS,,Submit application and follow up with HR,,
APP-3K-0860,JOB-3K-APP-3K-0860,CMP-FEBD3430,Schneider Electric (Req #4),Project Cargo Logistics Lead,2026-08-26,,https://careers.schneiderelectric.com/jobs,Aditya_Mehra_Operations_Analyst_v1,,No,,Active Pipeline / Automated Follow-Up Dispatched,,,,,,No,,IN_PROGRESS,,Submit application and follow up with HR,,
APP-3K-0861,JOB-3K-APP-3K-0861,CMP-3D27CC6D,Boeing India (Req #5),Aerospace Supply Chain Operations Specialist,2026-08-26,,https://careers.boeingindia.com/jobs,Aditya_Mehra_Operations_Analyst_v1,,No,,Active Pipeline / Automated Follow-Up Dispatched,,,,,,No,,IN_PROGRESS,,Submit application and follow up with HR,,
APP-3K-0862,JOB-3K-APP-3K-0862,CMP-5559B214,Airbus India (Req #5),Procurement & Vendor Management Executive,2026-08-26,,https://careers.airbusindia.com/jobs,Aditya_Mehra_Operations_Analyst_v1,,No,,Active Pipeline / Automated Follow-Up Dispatched,,,,,,No,,IN_PROGRESS,,Submit application and follow up with HR,,
APP-3K-0863,JOB-3K-APP-3K-0863,CMP-56006F5D,Lockheed Martin (Req #5),Industrial Operations Coordinator,2026-08-26,,https://careers.lockheedmartin.com/jobs,Aditya_Mehra_Operations_Analyst_v1,,No,,Active Pipeline / Automated Follow-Up Dispatched,,,,,,No,,IN_PROGRESS,,Submit application and follow up with HR,,
APP-3K-0864,JOB-3K-APP-3K-0864,CMP-4BA45929,Rolls-Royce (Req #5),Global Sourcing Analyst,2026-08-26,,https://careers.rolls-royce.com/jobs,Aditya_Mehra_Operations_Analyst_v1,,No,,Active Pipeline / Automated Follow-Up Dispatched,,,,,,No,,IN_PROGRESS,,Submit application and follow up with HR,,
APP-3K-0865,JOB-3K-APP-3K-0865,CMP-0E27D0E5,BAE Systems (Req #5),Project Cargo Logistics Lead,2026-08-26,,https://careers.baesystems.com/jobs,Aditya_Mehra_Operations_Analyst_v1,,No,,Active Pipeline / Automated Follow-Up Dispatched,,,,,,No,,IN_PROGRESS,,Submit application and follow up with HR,,
APP-3K-0866,JOB-3K-APP-3K-0866,CMP-520C49C4,Honeywell Aerospace (Req #5),Aerospace Supply Chain Operations Specialist,2026-08-26,,https://careers.honeywellaerospace.com/jobs,Aditya_Mehra_Operations_Analyst_v1,,No,,Active Pipeline / Automated Follow-Up Dispatched,,,,,,No,,IN_PROGRESS,,Submit application and follow up with HR,,
APP-3K-0867,JOB-3K-APP-3K-0867,CMP-0CE80AB3,Collins Aerospace (Req #5),Procurement & Vendor Management Executive,2026-08-26,,https://careers.collinsaerospace.com/jobs,Aditya_Mehra_Operations_Analyst_v1,,No,,Active Pipeline / Automated Follow-Up Dispatched,,,,,,No,,IN_PROGRESS,,Submit application and follow up with HR,,
APP-3K-0868,JOB-3K-APP-3K-0868,CMP-58EDDA21,Safran Group (Req #5),Industrial Operations Coordinator,2026-08-26,,https://careers.safrangroup.com/jobs,Aditya_Mehra_Operations_Analyst_v1,,No,,Active Pipeline / Automated Follow-Up Dispatched,,,,,,No,,IN_PROGRESS,,Submit application and follow up with HR,,
APP-3K-0869,JOB-3K-APP-3K-0869,CMP-61CB4774,Thales (Req #5),Global Sourcing Analyst,2026-08-26,,https://careers.thales.com/jobs,Aditya_Mehra_Operations_Analyst_v1,,No,,Active Pipeline / Automated Follow-Up Dispatched,,,,,,No,,IN_PROGRESS,,Submit application and follow up with HR,,
APP-3K-0870,JOB-3K-APP-3K-0870,CMP-CF5B273B,General Electric (GE) (Req #5),Project Cargo Logistics Lead,2026-08-26,,https://careers.generalelectricge.com/jobs,Aditya_Mehra_Operations_Analyst_v1,,No,,Active Pipeline / Automated Follow-Up Dispatched,,,,,,No,,IN_PROGRESS,,Submit application and follow up with HR,,
APP-3K-0871,JOB-3K-APP-3K-0871,CMP-7DEB5BC5,Raytheon Technologies (Req #5),Aerospace Supply Chain Operations Specialist,2026-08-26,,https://careers.raytheontechnologies.com/jobs,Aditya_Mehra_Operations_Analyst_v1,,No,,Active Pipeline / Automated Follow-Up Dispatched,,,,,,No,,IN_PROGRESS,,Submit application and follow up with HR,,
APP-3K-0872,JOB-3K-APP-3K-0872,CMP-B4305D9F,Lufthansa Technik (Req #5),Procurement & Vendor Management Executive,2026-08-26,,https://careers.lufthansatechnik.com/jobs,Aditya_Mehra_Operations_Analyst_v1,,No,,Active Pipeline / Automated Follow-Up Dispatched,,,,,,No,,IN_PROGRESS,,Submit application and follow up with HR,,
APP-3K-0873,JOB-3K-APP-3K-0873,CMP-3F5BDB3C,Siemens Energy (Req #5),Industrial Operations Coordinator,2026-08-26,,https://careers.siemensenergy.com/jobs,Aditya_Mehra_Operations_Analyst_v1,,No,,Active Pipeline / Automated Follow-Up Dispatched,,,,,,No,,IN_PROGRESS,,Submit application and follow up with HR,,
APP-3K-0874,JOB-3K-APP-3K-0874,CMP-35C234D2,ABB India (Req #5),Global Sourcing Analyst,2026-08-26,,https://careers.abbindia.com/jobs,Aditya_Mehra_Operations_Analyst_v1,,No,,Active Pipeline / Automated Follow-Up Dispatched,,,,,,No,,IN_PROGRESS,,Submit application and follow up with HR,,
APP-3K-0875,JOB-3K-APP-3K-0875,CMP-B921A5BA,Schneider Electric (Req #5),Project Cargo Logistics Lead,2026-08-26,,https://careers.schneiderelectric.com/jobs,Aditya_Mehra_Operations_Analyst_v1,,No,,Active Pipeline / Automated Follow-Up Dispatched,,,,,,No,,IN_PROGRESS,,Submit application and follow up with HR,,
APP-3K-0876,JOB-3K-APP-3K-0876,CMP-0F566F0A,Boeing India (Req #6),Aerospace Supply Chain Operations Specialist,2026-08-26,,https://careers.boeingindia.com/jobs,Aditya_Mehra_Operations_Analyst_v1,,No,,Active Pipeline / Automated Follow-Up Dispatched,,,,,,No,,IN_PROGRESS,,Submit application and follow up with HR,,
APP-3K-0877,JOB-3K-APP-3K-0877,CMP-CBCA13B2,Airbus India (Req #6),Procurement & Vendor Management Executive,2026-08-26,,https://careers.airbusindia.com/jobs,Aditya_Mehra_Operations_Analyst_v1,,No,,Active Pipeline / Automated Follow-Up Dispatched,,,,,,No,,IN_PROGRESS,,Submit application and follow up with HR,,
APP-3K-0878,JOB-3K-APP-3K-0878,CMP-E1879325,Lockheed Martin (Req #6),Industrial Operations Coordinator,2026-08-26,,https://careers.lockheedmartin.com/jobs,Aditya_Mehra_Operations_Analyst_v1,,No,,Active Pipeline / Automated Follow-Up Dispatched,,,,,,No,,IN_PROGRESS,,Submit application and follow up with HR,,
APP-3K-0879,JOB-3K-APP-3K-0879,CMP-9B598EA5,Rolls-Royce (Req #6),Global Sourcing Analyst,2026-08-26,,https://careers.rolls-royce.com/jobs,Aditya_Mehra_Operations_Analyst_v1,,No,,Active Pipeline / Automated Follow-Up Dispatched,,,,,,No,,IN_PROGRESS,,Submit application and follow up with HR,,
APP-3K-0880,JOB-3K-APP-3K-0880,CMP-EB8A56EC,BAE Systems (Req #6),Project Cargo Logistics Lead,2026-08-26,,https://careers.baesystems.com/jobs,Aditya_Mehra_Operations_Analyst_v1,,No,,Active Pipeline / Automated Follow-Up Dispatched,,,,,,No,,IN_PROGRESS,,Submit application and follow up with HR,,
APP-3K-0881,JOB-3K-APP-3K-0881,CMP-B16DA379,Honeywell Aerospace (Req #6),Aerospace Supply Chain Operations Specialist,2026-08-26,,https://careers.honeywellaerospace.com/jobs,Aditya_Mehra_Operations_Analyst_v1,,No,,Active Pipeline / Automated Follow-Up Dispatched,,,,,,No,,IN_PROGRESS,,Submit application and follow up with HR,,
APP-3K-0882,JOB-3K-APP-3K-0882,CMP-97572153,Collins Aerospace (Req #6),Procurement & Vendor Management Executive,2026-08-26,,https://careers.collinsaerospace.com/jobs,Aditya_Mehra_Operations_Analyst_v1,,No,,Active Pipeline / Automated Follow-Up Dispatched,,,,,,No,,IN_PROGRESS,,Submit application and follow up with HR,,
APP-3K-0883,JOB-3K-APP-3K-0883,CMP-6EDB41E7,Safran Group (Req #6),Industrial Operations Coordinator,2026-08-26,,https://careers.safrangroup.com/jobs,Aditya_Mehra_Operations_Analyst_v1,,No,,Active Pipeline / Automated Follow-Up Dispatched,,,,,,No,,IN_PROGRESS,,Submit application and follow up with HR,,
APP-3K-0884,JOB-3K-APP-3K-0884,CMP-C7597620,Thales (Req #6),Global Sourcing Analyst,2026-08-26,,https://careers.thales.com/jobs,Aditya_Mehra_Operations_Analyst_v1,,No,,Active Pipeline / Automated Follow-Up Dispatched,,,,,,No,,IN_PROGRESS,,Submit application and follow up with HR,,
APP-3K-0885,JOB-3K-APP-3K-0885,CMP-23DE66EA,General Electric (GE) (Req #6),Project Cargo Logistics Lead,2026-08-26,,https://careers.generalelectricge.com/jobs,Aditya_Mehra_Operations_Analyst_v1,,No,,Active Pipeline / Automated Follow-Up Dispatched,,,,,,No,,IN_PROGRESS,,Submit application and follow up with HR,,
APP-3K-0886,JOB-3K-APP-3K-0886,CMP-6BAF44A3,Raytheon Technologies (Req #6),Aerospace Supply Chain Operations Specialist,2026-08-26,,https://careers.raytheontechnologies.com/jobs,Aditya_Mehra_Operations_Analyst_v1,,No,,Active Pipeline / Automated Follow-Up Dispatched,,,,,,No,,IN_PROGRESS,,Submit application and follow up with HR,,
APP-3K-0887,JOB-3K-APP-3K-0887,CMP-DD92A0CF,Lufthansa Technik (Req #6),Procurement & Vendor Management Executive,2026-08-26,,https://careers.lufthansatechnik.com/jobs,Aditya_Mehra_Operations_Analyst_v1,,No,,Active Pipeline / Automated Follow-Up Dispatched,,,,,,No,,IN_PROGRESS,,Submit application and follow up with HR,,
APP-3K-0888,JOB-3K-APP-3K-0888,CMP-AF33DDDA,Siemens Energy (Req #6),Industrial Operations Coordinator,2026-08-26,,https://careers.siemensenergy.com/jobs,Aditya_Mehra_Operations_Analyst_v1,,No,,Active Pipeline / Automated Follow-Up Dispatched,,,,,,No,,IN_PROGRESS,,Submit application and follow up with HR,,
APP-3K-0889,JOB-3K-APP-3K-0889,CMP-EE44737C,ABB India (Req #6),Global Sourcing Analyst,2026-08-26,,https://careers.abbindia.com/jobs,Aditya_Mehra_Operations_Analyst_v1,,No,,Active Pipeline / Automated Follow-Up Dispatched,,,,,,No,,IN_PROGRESS,,Submit application and follow up with HR,,
APP-3K-0890,JOB-3K-APP-3K-0890,CMP-F48BEDCF,Schneider Electric (Req #6),Project Cargo Logistics Lead,2026-08-26,,https://careers.schneiderelectric.com/jobs,Aditya_Mehra_Operations_Analyst_v1,,No,,Active Pipeline / Automated Follow-Up Dispatched,,,,,,No,,IN_PROGRESS,,Submit application and follow up with HR,,
APP-3K-0891,JOB-3K-APP-3K-0891,CMP-41840362,Boeing India (Req #7),Aerospace Supply Chain Operations Specialist,2026-08-26,,https://careers.boeingindia.com/jobs,Aditya_Mehra_Operations_Analyst_v1,,No,,Active Pipeline / Automated Follow-Up Dispatched,,,,,,No,,IN_PROGRESS,,Submit application and follow up with HR,,
APP-3K-0892,JOB-3K-APP-3K-0892,CMP-80326123,Airbus India (Req #7),Procurement & Vendor Management Executive,2026-08-26,,https://careers.airbusindia.com/jobs,Aditya_Mehra_Operations_Analyst_v1,,No,,Active Pipeline / Automated Follow-Up Dispatched,,,,,,No,,IN_PROGRESS,,Submit application and follow up with HR,,
APP-3K-0893,JOB-3K-APP-3K-0893,CMP-2EB92DFA,Lockheed Martin (Req #7),Industrial Operations Coordinator,2026-08-26,,https://careers.lockheedmartin.com/jobs,Aditya_Mehra_Operations_Analyst_v1,,No,,Active Pipeline / Automated Follow-Up Dispatched,,,,,,No,,IN_PROGRESS,,Submit application and follow up with HR,,
APP-3K-0894,JOB-3K-APP-3K-0894,CMP-99164315,Rolls-Royce (Req #7),Global Sourcing Analyst,2026-08-26,,https://careers.rolls-royce.com/jobs,Aditya_Mehra_Operations_Analyst_v1,,No,,Active Pipeline / Automated Follow-Up Dispatched,,,,,,No,,IN_PROGRESS,,Submit application and follow up with HR,,
APP-3K-0895,JOB-3K-APP-3K-0895,CMP-3EE45761,BAE Systems (Req #7),Project Cargo Logistics Lead,2026-08-26,,https://careers.baesystems.com/jobs,Aditya_Mehra_Operations_Analyst_v1,,No,,Active Pipeline / Automated Follow-Up Dispatched,,,,,,No,,IN_PROGRESS,,Submit application and follow up with HR,,
APP-3K-0896,JOB-3K-APP-3K-0896,CMP-6B596BE9,Honeywell Aerospace (Req #7),Aerospace Supply Chain Operations Specialist,2026-08-26,,https://careers.honeywellaerospace.com/jobs,Aditya_Mehra_Operations_Analyst_v1,,No,,Active Pipeline / Automated Follow-Up Dispatched,,,,,,No,,IN_PROGRESS,,Submit application and follow up with HR,,
APP-3K-0897,JOB-3K-APP-3K-0897,CMP-9FBB0F3E,Collins Aerospace (Req #7),Procurement & Vendor Management Executive,2026-08-26,,https://careers.collinsaerospace.com/jobs,Aditya_Mehra_Operations_Analyst_v1,,No,,Active Pipeline / Automated Follow-Up Dispatched,,,,,,No,,IN_PROGRESS,,Submit application and follow up with HR,,
APP-3K-0898,JOB-3K-APP-3K-0898,CMP-80B35C9C,Safran Group (Req #7),Industrial Operations Coordinator,2026-08-26,,https://careers.safrangroup.com/jobs,Aditya_Mehra_Operations_Analyst_v1,,No,,Active Pipeline / Automated Follow-Up Dispatched,,,,,,No,,IN_PROGRESS,,Submit application and follow up with HR,,
APP-3K-0899,JOB-3K-APP-3K-0899,CMP-39D171CF,Thales (Req #7),Global Sourcing Analyst,2026-08-26,,https://careers.thales.com/jobs,Aditya_Mehra_Operations_Analyst_v1,,No,,Active Pipeline / Automated Follow-Up Dispatched,,,,,,No,,IN_PROGRESS,,Submit application and follow up with HR,,
APP-3K-0900,JOB-3K-APP-3K-0900,CMP-FF21D41D,General Electric (GE) (Req #7),Project Cargo Logistics Lead,2026-08-26,,https://careers.generalelectricge.com/jobs,Aditya_Mehra_Operations_Analyst_v1,,No,,Active Pipeline / Automated Follow-Up Dispatched,,,,,,No,,IN_PROGRESS,,Submit application and follow up with HR,,
APP-3K-0901,JOB-3K-APP-3K-0901,CMP-7924EF87,Raytheon Technologies (Req #7),Aerospace Supply Chain Operations Specialist,2026-08-26,,https://careers.raytheontechnologies.com/jobs,Aditya_Mehra_Operations_Analyst_v1,,No,,Active Pipeline / Automated Follow-Up Dispatched,,,,,,No,,IN_PROGRESS,,Submit application and follow up with HR,,
APP-3K-0902,JOB-3K-APP-3K-0902,CMP-8CDC7A74,Lufthansa Technik (Req #7),Procurement & Vendor Management Executive,2026-08-26,,https://careers.lufthansatechnik.com/jobs,Aditya_Mehra_Operations_Analyst_v1,,No,,Active Pipeline / Automated Follow-Up Dispatched,,,,,,No,,IN_PROGRESS,,Submit application and follow up with HR,,
APP-3K-0903,JOB-3K-APP-3K-0903,CMP-0A890FDB,Siemens Energy (Req #7),Industrial Operations Coordinator,2026-08-26,,https://careers.siemensenergy.com/jobs,Aditya_Mehra_Operations_Analyst_v1,,No,,Active Pipeline / Automated Follow-Up Dispatched,,,,,,No,,IN_PROGRESS,,Submit application and follow up with HR,,
APP-3K-0904,JOB-3K-APP-3K-0904,CMP-A4825312,ABB India (Req #7),Global Sourcing Analyst,2026-08-26,,https://careers.abbindia.com/jobs,Aditya_Mehra_Operations_Analyst_v1,,No,,Active Pipeline / Automated Follow-Up Dispatched,,,,,,No,,IN_PROGRESS,,Submit application and follow up with HR,,
APP-3K-0905,JOB-3K-APP-3K-0905,CMP-40877F52,Schneider Electric (Req #7),Project Cargo Logistics Lead,2026-08-26,,https://careers.schneiderelectric.com/jobs,Aditya_Mehra_Operations_Analyst_v1,,No,,Active Pipeline / Automated Follow-Up Dispatched,,,,,,No,,IN_PROGRESS,,Submit application and follow up with HR,,
APP-3K-0906,JOB-3K-APP-3K-0906,CMP-E6BE9E26,Boeing India (Req #8),Aerospace Supply Chain Operations Specialist,2026-08-26,,https://careers.boeingindia.com/jobs,Aditya_Mehra_Operations_Analyst_v1,,No,,Active Pipeline / Automated Follow-Up Dispatched,,,,,,No,,IN_PROGRESS,,Submit application and follow up with HR,,
APP-3K-0907,JOB-3K-APP-3K-0907,CMP-A18D5EAB,Airbus India (Req #8),Procurement & Vendor Management Executive,2026-08-26,,https://careers.airbusindia.com/jobs,Aditya_Mehra_Operations_Analyst_v1,,No,,Active Pipeline / Automated Follow-Up Dispatched,,,,,,No,,IN_PROGRESS,,Submit application and follow up with HR,,
APP-3K-0908,JOB-3K-APP-3K-0908,CMP-48C2CDEA,Lockheed Martin (Req #8),Industrial Operations Coordinator,2026-08-26,,https://careers.lockheedmartin.com/jobs,Aditya_Mehra_Operations_Analyst_v1,,No,,Active Pipeline / Automated Follow-Up Dispatched,,,,,,No,,IN_PROGRESS,,Submit application and follow up with HR,,
APP-3K-0909,JOB-3K-APP-3K-0909,CMP-9FA0C23F,Rolls-Royce (Req #8),Global Sourcing Analyst,2026-08-26,,https://careers.rolls-royce.com/jobs,Aditya_Mehra_Operations_Analyst_v1,,No,,Active Pipeline / Automated Follow-Up Dispatched,,,,,,No,,IN_PROGRESS,,Submit application and follow up with HR,,
APP-3K-0910,JOB-3K-APP-3K-0910,CMP-ABD5F8D9,BAE Systems (Req #8),Project Cargo Logistics Lead,2026-08-26,,https://careers.baesystems.com/jobs,Aditya_Mehra_Operations_Analyst_v1,,No,,Active Pipeline / Automated Follow-Up Dispatched,,,,,,No,,IN_PROGRESS,,Submit application and follow up with HR,,
APP-3K-0911,JOB-3K-APP-3K-0911,CMP-1C0B6A22,Honeywell Aerospace (Req #8),Aerospace Supply Chain Operations Specialist,2026-08-26,,https://careers.honeywellaerospace.com/jobs,Aditya_Mehra_Operations_Analyst_v1,,No,,Active Pipeline / Automated Follow-Up Dispatched,,,,,,No,,IN_PROGRESS,,Submit application and follow up with HR,,
APP-3K-0912,JOB-3K-APP-3K-0912,CMP-E7087B9D,Collins Aerospace (Req #8),Procurement & Vendor Management Executive,2026-08-26,,https://careers.collinsaerospace.com/jobs,Aditya_Mehra_Operations_Analyst_v1,,No,,Active Pipeline / Automated Follow-Up Dispatched,,,,,,No,,IN_PROGRESS,,Submit application and follow up with HR,,
APP-3K-0913,JOB-3K-APP-3K-0913,CMP-45B58980,Safran Group (Req #8),Industrial Operations Coordinator,2026-08-26,,https://careers.safrangroup.com/jobs,Aditya_Mehra_Operations_Analyst_v1,,No,,Active Pipeline / Automated Follow-Up Dispatched,,,,,,No,,IN_PROGRESS,,Submit application and follow up with HR,,
APP-3K-0914,JOB-3K-APP-3K-0914,CMP-5702B581,Thales (Req #8),Global Sourcing Analyst,2026-08-26,,https://careers.thales.com/jobs,Aditya_Mehra_Operations_Analyst_v1,,No,,Active Pipeline / Automated Follow-Up Dispatched,,,,,,No,,IN_PROGRESS,,Submit application and follow up with HR,,
APP-3K-0915,JOB-3K-APP-3K-0915,CMP-FBD3DD02,General Electric (GE) (Req #8),Project Cargo Logistics Lead,2026-08-26,,https://careers.generalelectricge.com/jobs,Aditya_Mehra_Operations_Analyst_v1,,No,,Active Pipeline / Automated Follow-Up Dispatched,,,,,,No,,IN_PROGRESS,,Submit application and follow up with HR,,
APP-3K-0916,JOB-3K-APP-3K-0916,CMP-6C53B736,Raytheon Technologies (Req #8),Aerospace Supply Chain Operations Specialist,2026-08-26,,https://careers.raytheontechnologies.com/jobs,Aditya_Mehra_Operations_Analyst_v1,,No,,Active Pipeline / Automated Follow-Up Dispatched,,,,,,No,,IN_PROGRESS,,Submit application and follow up with HR,,
APP-3K-0917,JOB-3K-APP-3K-0917,CMP-AA29DD74,Lufthansa Technik (Req #8),Procurement & Vendor Management Executive,2026-08-26,,https://careers.lufthansatechnik.com/jobs,Aditya_Mehra_Operations_Analyst_v1,,No,,Active Pipeline / Automated Follow-Up Dispatched,,,,,,No,,IN_PROGRESS,,Submit application and follow up with HR,,
APP-3K-0918,JOB-3K-APP-3K-0918,CMP-0AD60F1F,Siemens Energy (Req #8),Industrial Operations Coordinator,2026-08-26,,https://careers.siemensenergy.com/jobs,Aditya_Mehra_Operations_Analyst_v1,,No,,Active Pipeline / Automated Follow-Up Dispatched,,,,,,No,,IN_PROGRESS,,Submit application and follow up with HR,,
APP-3K-0919,JOB-3K-APP-3K-0919,CMP-C61031D0,ABB India (Req #8),Global Sourcing Analyst,2026-08-26,,https://careers.abbindia.com/jobs,Aditya_Mehra_Operations_Analyst_v1,,No,,Active Pipeline / Automated Follow-Up Dispatched,,,,,,No,,IN_PROGRESS,,Submit application and follow up with HR,,
APP-3K-0920,JOB-3K-APP-3K-0920,CMP-FD2030E9,Schneider Electric (Req #8),Project Cargo Logistics Lead,2026-08-26,,https://careers.schneiderelectric.com/jobs,Aditya_Mehra_Operations_Analyst_v1,,No,,Active Pipeline / Automated Follow-Up Dispatched,,,,,,No,,IN_PROGRESS,,Submit application and follow up with HR,,
APP-3K-0921,JOB-3K-APP-3K-0921,CMP-E95828DC,Boeing India (Req #9),Aerospace Supply Chain Operations Specialist,2026-08-26,,https://careers.boeingindia.com/jobs,Aditya_Mehra_Operations_Analyst_v1,,No,,Active Pipeline / Automated Follow-Up Dispatched,,,,,,No,,IN_PROGRESS,,Submit application and follow up with HR,,
APP-3K-0922,JOB-3K-APP-3K-0922,CMP-1BC6F813,Airbus India (Req #9),Procurement & Vendor Management Executive,2026-08-26,,https://careers.airbusindia.com/jobs,Aditya_Mehra_Operations_Analyst_v1,,No,,Active Pipeline / Automated Follow-Up Dispatched,,,,,,No,,IN_PROGRESS,,Submit application and follow up with HR,,
APP-3K-0923,JOB-3K-APP-3K-0923,CMP-60A9F88F,Lockheed Martin (Req #9),Industrial Operations Coordinator,2026-08-26,,https://careers.lockheedmartin.com/jobs,Aditya_Mehra_Operations_Analyst_v1,,No,,Active Pipeline / Automated Follow-Up Dispatched,,,,,,No,,IN_PROGRESS,,Submit application and follow up with HR,,
APP-3K-0924,JOB-3K-APP-3K-0924,CMP-FE6A18A1,Rolls-Royce (Req #9),Global Sourcing Analyst,2026-08-26,,https://careers.rolls-royce.com/jobs,Aditya_Mehra_Operations_Analyst_v1,,No,,Active Pipeline / Automated Follow-Up Dispatched,,,,,,No,,IN_PROGRESS,,Submit application and follow up with HR,,
APP-3K-0925,JOB-3K-APP-3K-0925,CMP-0F868337,BAE Systems (Req #9),Project Cargo Logistics Lead,2026-08-26,,https://careers.baesystems.com/jobs,Aditya_Mehra_Operations_Analyst_v1,,No,,Active Pipeline / Automated Follow-Up Dispatched,,,,,,No,,IN_PROGRESS,,Submit application and follow up with HR,,
APP-3K-0926,JOB-3K-APP-3K-0926,CMP-8CB9C6F7,Honeywell Aerospace (Req #9),Aerospace Supply Chain Operations Specialist,2026-08-26,,https://careers.honeywellaerospace.com/jobs,Aditya_Mehra_Operations_Analyst_v1,,No,,Active Pipeline / Automated Follow-Up Dispatched,,,,,,No,,IN_PROGRESS,,Submit application and follow up with HR,,
APP-3K-0927,JOB-3K-APP-3K-0927,CMP-391D90B9,Collins Aerospace (Req #9),Procurement & Vendor Management Executive,2026-08-26,,https://careers.collinsaerospace.com/jobs,Aditya_Mehra_Operations_Analyst_v1,,No,,Active Pipeline / Automated Follow-Up Dispatched,,,,,,No,,IN_PROGRESS,,Submit application and follow up with HR,,
APP-3K-0928,JOB-3K-APP-3K-0928,CMP-507F8EC5,Safran Group (Req #9),Industrial Operations Coordinator,2026-08-26,,https://careers.safrangroup.com/jobs,Aditya_Mehra_Operations_Analyst_v1,,No,,Active Pipeline / Automated Follow-Up Dispatched,,,,,,No,,IN_PROGRESS,,Submit application and follow up with HR,,
APP-3K-0929,JOB-3K-APP-3K-0929,CMP-D880F29B,Thales (Req #9),Global Sourcing Analyst,2026-08-26,,https://careers.thales.com/jobs,Aditya_Mehra_Operations_Analyst_v1,,No,,Active Pipeline / Automated Follow-Up Dispatched,,,,,,No,,IN_PROGRESS,,Submit application and follow up with HR,,
APP-3K-0930,JOB-3K-APP-3K-0930,CMP-39BEECFF,General Electric (GE) (Req #9),Project Cargo Logistics Lead,2026-08-26,,https://careers.generalelectricge.com/jobs,Aditya_Mehra_Operations_Analyst_v1,,No,,Active Pipeline / Automated Follow-Up Dispatched,,,,,,No,,IN_PROGRESS,,Submit application and follow up with HR,,
APP-3K-0931,JOB-3K-APP-3K-0931,CMP-CB0CA5EA,Raytheon Technologies (Req #9),Aerospace Supply Chain Operations Specialist,2026-08-26,,https://careers.raytheontechnologies.com/jobs,Aditya_Mehra_Operations_Analyst_v1,,No,,Active Pipeline / Automated Follow-Up Dispatched,,,,,,No,,IN_PROGRESS,,Submit application and follow up with HR,,
APP-3K-0932,JOB-3K-APP-3K-0932,CMP-ACCF2535,Lufthansa Technik (Req #9),Procurement & Vendor Management Executive,2026-08-26,,https://careers.lufthansatechnik.com/jobs,Aditya_Mehra_Operations_Analyst_v1,,No,,Active Pipeline / Automated Follow-Up Dispatched,,,,,,No,,IN_PROGRESS,,Submit application and follow up with HR,,
APP-3K-0933,JOB-3K-APP-3K-0933,CMP-CED6BCA0,Siemens Energy (Req #9),Industrial Operations Coordinator,2026-08-26,,https://careers.siemensenergy.com/jobs,Aditya_Mehra_Operations_Analyst_v1,,No,,Active Pipeline / Automated Follow-Up Dispatched,,,,,,No,,IN_PROGRESS,,Submit application and follow up with HR,,
APP-3K-0934,JOB-3K-APP-3K-0934,CMP-42B14E4C,ABB India (Req #9),Global Sourcing Analyst,2026-08-26,,https://careers.abbindia.com/jobs,Aditya_Mehra_Operations_Analyst_v1,,No,,Active Pipeline / Automated Follow-Up Dispatched,,,,,,No,,IN_PROGRESS,,Submit application and follow up with HR,,
APP-3K-0935,JOB-3K-APP-3K-0935,CMP-EB97FAC6,Schneider Electric (Req #9),Project Cargo Logistics Lead,2026-08-26,,https://careers.schneiderelectric.com/jobs,Aditya_Mehra_Operations_Analyst_v1,,No,,Active Pipeline / Automated Follow-Up Dispatched,,,,,,No,,IN_PROGRESS,,Submit application and follow up with HR,,
APP-3K-0936,JOB-3K-APP-3K-0936,CMP-79D4EA8B,Boeing India (Req #10),Aerospace Supply Chain Operations Specialist,2026-08-26,,https://careers.boeingindia.com/jobs,Aditya_Mehra_Operations_Analyst_v1,,No,,Active Pipeline / Automated Follow-Up Dispatched,,,,,,No,,IN_PROGRESS,,Submit application and follow up with HR,,
APP-3K-0937,JOB-3K-APP-3K-0937,CMP-AA18B6D3,Airbus India (Req #10),Procurement & Vendor Management Executive,2026-08-26,,https://careers.airbusindia.com/jobs,Aditya_Mehra_Operations_Analyst_v1,,No,,Active Pipeline / Automated Follow-Up Dispatched,,,,,,No,,IN_PROGRESS,,Submit application and follow up with HR,,
APP-3K-0938,JOB-3K-APP-3K-0938,CMP-AB53941C,Lockheed Martin (Req #10),Industrial Operations Coordinator,2026-08-26,,https://careers.lockheedmartin.com/jobs,Aditya_Mehra_Operations_Analyst_v1,,No,,Active Pipeline / Automated Follow-Up Dispatched,,,,,,No,,IN_PROGRESS,,Submit application and follow up with HR,,
APP-3K-0939,JOB-3K-APP-3K-0939,CMP-8E801DBA,Rolls-Royce (Req #10),Global Sourcing Analyst,2026-08-26,,https://careers.rolls-royce.com/jobs,Aditya_Mehra_Operations_Analyst_v1,,No,,Active Pipeline / Automated Follow-Up Dispatched,,,,,,No,,IN_PROGRESS,,Submit application and follow up with HR,,
APP-3K-0940,JOB-3K-APP-3K-0940,CMP-61DCF463,BAE Systems (Req #10),Project Cargo Logistics Lead,2026-08-26,,https://careers.baesystems.com/jobs,Aditya_Mehra_Operations_Analyst_v1,,No,,Active Pipeline / Automated Follow-Up Dispatched,,,,,,No,,IN_PROGRESS,,Submit application and follow up with HR,,
APP-3K-0941,JOB-3K-APP-3K-0941,CMP-E050D420,Honeywell Aerospace (Req #10),Aerospace Supply Chain Operations Specialist,2026-08-26,,https://careers.honeywellaerospace.com/jobs,Aditya_Mehra_Operations_Analyst_v1,,No,,Active Pipeline / Automated Follow-Up Dispatched,,,,,,No,,IN_PROGRESS,,Submit application and follow up with HR,,
APP-3K-0942,JOB-3K-APP-3K-0942,CMP-876BA098,Collins Aerospace (Req #10),Procurement & Vendor Management Executive,2026-08-26,,https://careers.collinsaerospace.com/jobs,Aditya_Mehra_Operations_Analyst_v1,,No,,Active Pipeline / Automated Follow-Up Dispatched,,,,,,No,,IN_PROGRESS,,Submit application and follow up with HR,,
APP-3K-0943,JOB-3K-APP-3K-0943,CMP-A0D7623A,Safran Group (Req #10),Industrial Operations Coordinator,2026-08-26,,https://careers.safrangroup.com/jobs,Aditya_Mehra_Operations_Analyst_v1,,No,,Active Pipeline / Automated Follow-Up Dispatched,,,,,,No,,IN_PROGRESS,,Submit application and follow up with HR,,
APP-3K-0944,JOB-3K-APP-3K-0944,CMP-3B6D0751,Thales (Req #10),Global Sourcing Analyst,2026-08-26,,https://careers.thales.com/jobs,Aditya_Mehra_Operations_Analyst_v1,,No,,Active Pipeline / Automated Follow-Up Dispatched,,,,,,No,,IN_PROGRESS,,Submit application and follow up with HR,,
APP-3K-0945,JOB-3K-APP-3K-0945,CMP-78FACFB7,General Electric (GE) (Req #10),Project Cargo Logistics Lead,2026-08-26,,https://careers.generalelectricge.com/jobs,Aditya_Mehra_Operations_Analyst_v1,,No,,Active Pipeline / Automated Follow-Up Dispatched,,,,,,No,,IN_PROGRESS,,Submit application and follow up with HR,,
APP-3K-0946,JOB-3K-APP-3K-0946,CMP-873D1A6D,Raytheon Technologies (Req #10),Aerospace Supply Chain Operations Specialist,2026-08-26,,https://careers.raytheontechnologies.com/jobs,Aditya_Mehra_Operations_Analyst_v1,,No,,Active Pipeline / Automated Follow-Up Dispatched,,,,,,No,,IN_PROGRESS,,Submit application and follow up with HR,,
APP-3K-0947,JOB-3K-APP-3K-0947,CMP-59933FE4,Lufthansa Technik (Req #10),Procurement & Vendor Management Executive,2026-08-26,,https://careers.lufthansatechnik.com/jobs,Aditya_Mehra_Operations_Analyst_v1,,No,,Active Pipeline / Automated Follow-Up Dispatched,,,,,,No,,IN_PROGRESS,,Submit application and follow up with HR,,
APP-3K-0948,JOB-3K-APP-3K-0948,CMP-0FCFCE68,Siemens Energy (Req #10),Industrial Operations Coordinator,2026-08-26,,https://careers.siemensenergy.com/jobs,Aditya_Mehra_Operations_Analyst_v1,,No,,Active Pipeline / Automated Follow-Up Dispatched,,,,,,No,,IN_PROGRESS,,Submit application and follow up with HR,,
APP-3K-0949,JOB-3K-APP-3K-0949,CMP-85AF16B1,ABB India (Req #10),Global Sourcing Analyst,2026-08-26,,https://careers.abbindia.com/jobs,Aditya_Mehra_Operations_Analyst_v1,,No,,Active Pipeline / Automated Follow-Up Dispatched,,,,,,No,,IN_PROGRESS,,Submit application and follow up with HR,,
APP-3K-0950,JOB-3K-APP-3K-0950,CMP-7E601117,Schneider Electric (Req #10),Project Cargo Logistics Lead,2026-08-26,,https://careers.schneiderelectric.com/jobs,Aditya_Mehra_Operations_Analyst_v1,,No,,Active Pipeline / Automated Follow-Up Dispatched,,,,,,No,,IN_PROGRESS,,Submit application and follow up with HR,,
APP-3K-0951,JOB-3K-APP-3K-0951,CMP-62DC4684,Boeing India (Req #11),Aerospace Supply Chain Operations Specialist,2026-08-26,,https://careers.boeingindia.com/jobs,Aditya_Mehra_Operations_Analyst_v1,,No,,Active Pipeline / Automated Follow-Up Dispatched,,,,,,No,,IN_PROGRESS,,Submit application and follow up with HR,,
APP-3K-0952,JOB-3K-APP-3K-0952,CMP-6875EE2C,Airbus India (Req #11),Procurement & Vendor Management Executive,2026-08-26,,https://careers.airbusindia.com/jobs,Aditya_Mehra_Operations_Analyst_v1,,No,,Active Pipeline / Automated Follow-Up Dispatched,,,,,,No,,IN_PROGRESS,,Submit application and follow up with HR,,
APP-3K-0953,JOB-3K-APP-3K-0953,CMP-E4DDF1FF,Lockheed Martin (Req #11),Industrial Operations Coordinator,2026-08-26,,https://careers.lockheedmartin.com/jobs,Aditya_Mehra_Operations_Analyst_v1,,No,,Active Pipeline / Automated Follow-Up Dispatched,,,,,,No,,IN_PROGRESS,,Submit application and follow up with HR,,
APP-3K-0954,JOB-3K-APP-3K-0954,CMP-204BCD72,Rolls-Royce (Req #11),Global Sourcing Analyst,2026-08-26,,https://careers.rolls-royce.com/jobs,Aditya_Mehra_Operations_Analyst_v1,,No,,Active Pipeline / Automated Follow-Up Dispatched,,,,,,No,,IN_PROGRESS,,Submit application and follow up with HR,,
APP-3K-0955,JOB-3K-APP-3K-0955,CMP-CAED4F4E,BAE Systems (Req #11),Project Cargo Logistics Lead,2026-08-26,,https://careers.baesystems.com/jobs,Aditya_Mehra_Operations_Analyst_v1,,No,,Active Pipeline / Automated Follow-Up Dispatched,,,,,,No,,IN_PROGRESS,,Submit application and follow up with HR,,
APP-3K-0956,JOB-3K-APP-3K-0956,CMP-0AF2D2B7,Honeywell Aerospace (Req #11),Aerospace Supply Chain Operations Specialist,2026-08-26,,https://careers.honeywellaerospace.com/jobs,Aditya_Mehra_Operations_Analyst_v1,,No,,Active Pipeline / Automated Follow-Up Dispatched,,,,,,No,,IN_PROGRESS,,Submit application and follow up with HR,,
APP-3K-0957,JOB-3K-APP-3K-0957,CMP-57CCD92D,Collins Aerospace (Req #11),Procurement & Vendor Management Executive,2026-08-26,,https://careers.collinsaerospace.com/jobs,Aditya_Mehra_Operations_Analyst_v1,,No,,Active Pipeline / Automated Follow-Up Dispatched,,,,,,No,,IN_PROGRESS,,Submit application and follow up with HR,,
APP-3K-0958,JOB-3K-APP-3K-0958,CMP-E6BE9CBB,Safran Group (Req #11),Industrial Operations Coordinator,2026-08-26,,https://careers.safrangroup.com/jobs,Aditya_Mehra_Operations_Analyst_v1,,No,,Active Pipeline / Automated Follow-Up Dispatched,,,,,,No,,IN_PROGRESS,,Submit application and follow up with HR,,
APP-3K-0959,JOB-3K-APP-3K-0959,CMP-75BC40A4,Thales (Req #11),Global Sourcing Analyst,2026-08-26,,https://careers.thales.com/jobs,Aditya_Mehra_Operations_Analyst_v1,,No,,Active Pipeline / Automated Follow-Up Dispatched,,,,,,No,,IN_PROGRESS,,Submit application and follow up with HR,,
APP-3K-0960,JOB-3K-APP-3K-0960,CMP-1CAE9CA8,General Electric (GE) (Req #11),Project Cargo Logistics Lead,2026-08-26,,https://careers.generalelectricge.com/jobs,Aditya_Mehra_Operations_Analyst_v1,,No,,Active Pipeline / Automated Follow-Up Dispatched,,,,,,No,,IN_PROGRESS,,Submit application and follow up with HR,,
APP-3K-0961,JOB-3K-APP-3K-0961,CMP-2EC4A313,Raytheon Technologies (Req #11),Aerospace Supply Chain Operations Specialist,2026-08-26,,https://careers.raytheontechnologies.com/jobs,Aditya_Mehra_Operations_Analyst_v1,,No,,Active Pipeline / Automated Follow-Up Dispatched,,,,,,No,,IN_PROGRESS,,Submit application and follow up with HR,,
APP-3K-0962,JOB-3K-APP-3K-0962,CMP-4F4FE139,Lufthansa Technik (Req #11),Procurement & Vendor Management Executive,2026-08-26,,https://careers.lufthansatechnik.com/jobs,Aditya_Mehra_Operations_Analyst_v1,,No,,Active Pipeline / Automated Follow-Up Dispatched,,,,,,No,,IN_PROGRESS,,Submit application and follow up with HR,,
APP-3K-0963,JOB-3K-APP-3K-0963,CMP-BFA6AF69,Siemens Energy (Req #11),Industrial Operations Coordinator,2026-08-26,,https://careers.siemensenergy.com/jobs,Aditya_Mehra_Operations_Analyst_v1,,No,,Active Pipeline / Automated Follow-Up Dispatched,,,,,,No,,IN_PROGRESS,,Submit application and follow up with HR,,
APP-3K-0964,JOB-3K-APP-3K-0964,CMP-1FDD6E10,ABB India (Req #11),Global Sourcing Analyst,2026-08-26,,https://careers.abbindia.com/jobs,Aditya_Mehra_Operations_Analyst_v1,,No,,Active Pipeline / Automated Follow-Up Dispatched,,,,,,No,,IN_PROGRESS,,Submit application and follow up with HR,,
APP-3K-0965,JOB-3K-APP-3K-0965,CMP-9B74C42D,Schneider Electric (Req #11),Project Cargo Logistics Lead,2026-08-26,,https://careers.schneiderelectric.com/jobs,Aditya_Mehra_Operations_Analyst_v1,,No,,Active Pipeline / Automated Follow-Up Dispatched,,,,,,No,,IN_PROGRESS,,Submit application and follow up with HR,,
APP-3K-0966,JOB-3K-APP-3K-0966,CMP-9F9A1ADA,Boeing India (Req #12),Aerospace Supply Chain Operations Specialist,2026-08-26,,https://careers.boeingindia.com/jobs,Aditya_Mehra_Operations_Analyst_v1,,No,,Active Pipeline / Automated Follow-Up Dispatched,,,,,,No,,IN_PROGRESS,,Submit application and follow up with HR,,
APP-3K-0967,JOB-3K-APP-3K-0967,CMP-71D00906,Airbus India (Req #12),Procurement & Vendor Management Executive,2026-08-26,,https://careers.airbusindia.com/jobs,Aditya_Mehra_Operations_Analyst_v1,,No,,Active Pipeline / Automated Follow-Up Dispatched,,,,,,No,,IN_PROGRESS,,Submit application and follow up with HR,,
APP-3K-0968,JOB-3K-APP-3K-0968,CMP-E8187A9B,Lockheed Martin (Req #12),Industrial Operations Coordinator,2026-08-26,,https://careers.lockheedmartin.com/jobs,Aditya_Mehra_Operations_Analyst_v1,,No,,Active Pipeline / Automated Follow-Up Dispatched,,,,,,No,,IN_PROGRESS,,Submit application and follow up with HR,,
APP-3K-0969,JOB-3K-APP-3K-0969,CMP-FA701DEA,Rolls-Royce (Req #12),Global Sourcing Analyst,2026-08-26,,https://careers.rolls-royce.com/jobs,Aditya_Mehra_Operations_Analyst_v1,,No,,Active Pipeline / Automated Follow-Up Dispatched,,,,,,No,,IN_PROGRESS,,Submit application and follow up with HR,,
APP-3K-0970,JOB-3K-APP-3K-0970,CMP-21C6BE74,BAE Systems (Req #12),Project Cargo Logistics Lead,2026-08-26,,https://careers.baesystems.com/jobs,Aditya_Mehra_Operations_Analyst_v1,,No,,Active Pipeline / Automated Follow-Up Dispatched,,,,,,No,,IN_PROGRESS,,Submit application and follow up with HR,,
APP-3K-0971,JOB-3K-APP-3K-0971,CMP-FF795671,Honeywell Aerospace (Req #12),Aerospace Supply Chain Operations Specialist,2026-08-26,,https://careers.honeywellaerospace.com/jobs,Aditya_Mehra_Operations_Analyst_v1,,No,,Active Pipeline / Automated Follow-Up Dispatched,,,,,,No,,IN_PROGRESS,,Submit application and follow up with HR,,
APP-3K-0972,JOB-3K-APP-3K-0972,CMP-214A4D21,Collins Aerospace (Req #12),Procurement & Vendor Management Executive,2026-08-26,,https://careers.collinsaerospace.com/jobs,Aditya_Mehra_Operations_Analyst_v1,,No,,Active Pipeline / Automated Follow-Up Dispatched,,,,,,No,,IN_PROGRESS,,Submit application and follow up with HR,,
APP-3K-0973,JOB-3K-APP-3K-0973,CMP-A9130900,Safran Group (Req #12),Industrial Operations Coordinator,2026-08-26,,https://careers.safrangroup.com/jobs,Aditya_Mehra_Operations_Analyst_v1,,No,,Active Pipeline / Automated Follow-Up Dispatched,,,,,,No,,IN_PROGRESS,,Submit application and follow up with HR,,
APP-3K-0974,JOB-3K-APP-3K-0974,CMP-EC603077,Thales (Req #12),Global Sourcing Analyst,2026-08-26,,https://careers.thales.com/jobs,Aditya_Mehra_Operations_Analyst_v1,,No,,Active Pipeline / Automated Follow-Up Dispatched,,,,,,No,,IN_PROGRESS,,Submit application and follow up with HR,,
APP-3K-0975,JOB-3K-APP-3K-0975,CMP-C2E52D77,General Electric (GE) (Req #12),Project Cargo Logistics Lead,2026-08-26,,https://careers.generalelectricge.com/jobs,Aditya_Mehra_Operations_Analyst_v1,,No,,Active Pipeline / Automated Follow-Up Dispatched,,,,,,No,,IN_PROGRESS,,Submit application and follow up with HR,,
APP-3K-0976,JOB-3K-APP-3K-0976,CMP-C92BB4AA,Raytheon Technologies (Req #12),Aerospace Supply Chain Operations Specialist,2026-08-26,,https://careers.raytheontechnologies.com/jobs,Aditya_Mehra_Operations_Analyst_v1,,No,,Active Pipeline / Automated Follow-Up Dispatched,,,,,,No,,IN_PROGRESS,,Submit application and follow up with HR,,
APP-3K-0977,JOB-3K-APP-3K-0977,CMP-AF9C72B9,Lufthansa Technik (Req #12),Procurement & Vendor Management Executive,2026-08-26,,https://careers.lufthansatechnik.com/jobs,Aditya_Mehra_Operations_Analyst_v1,,No,,Active Pipeline / Automated Follow-Up Dispatched,,,,,,No,,IN_PROGRESS,,Submit application and follow up with HR,,
APP-3K-0978,JOB-3K-APP-3K-0978,CMP-EEA05DB3,Siemens Energy (Req #12),Industrial Operations Coordinator,2026-08-26,,https://careers.siemensenergy.com/jobs,Aditya_Mehra_Operations_Analyst_v1,,No,,Active Pipeline / Automated Follow-Up Dispatched,,,,,,No,,IN_PROGRESS,,Submit application and follow up with HR,,
APP-3K-0979,JOB-3K-APP-3K-0979,CMP-59AB1093,ABB India (Req #12),Global Sourcing Analyst,2026-08-26,,https://careers.abbindia.com/jobs,Aditya_Mehra_Operations_Analyst_v1,,No,,Active Pipeline / Automated Follow-Up Dispatched,,,,,,No,,IN_PROGRESS,,Submit application and follow up with HR,,
APP-3K-0980,JOB-3K-APP-3K-0980,CMP-DC1B5F49,Schneider Electric (Req #12),Project Cargo Logistics Lead,2026-08-26,,https://careers.schneiderelectric.com/jobs,Aditya_Mehra_Operations_Analyst_v1,,No,,Active Pipeline / Automated Follow-Up Dispatched,,,,,,No,,IN_PROGRESS,,Submit application and follow up with HR,,
APP-3K-0981,JOB-3K-APP-3K-0981,CMP-CEF19719,Boeing India (Req #13),Aerospace Supply Chain Operations Specialist,2026-08-26,,https://careers.boeingindia.com/jobs,Aditya_Mehra_Operations_Analyst_v1,,No,,Active Pipeline / Automated Follow-Up Dispatched,,,,,,No,,IN_PROGRESS,,Submit application and follow up with HR,,
APP-3K-0982,JOB-3K-APP-3K-0982,CMP-D004E2A5,Airbus India (Req #13),Procurement & Vendor Management Executive,2026-08-26,,https://careers.airbusindia.com/jobs,Aditya_Mehra_Operations_Analyst_v1,,No,,Active Pipeline / Automated Follow-Up Dispatched,,,,,,No,,IN_PROGRESS,,Submit application and follow up with HR,,
APP-3K-0983,JOB-3K-APP-3K-0983,CMP-3BCE4FAF,Lockheed Martin (Req #13),Industrial Operations Coordinator,2026-08-26,,https://careers.lockheedmartin.com/jobs,Aditya_Mehra_Operations_Analyst_v1,,No,,Active Pipeline / Automated Follow-Up Dispatched,,,,,,No,,IN_PROGRESS,,Submit application and follow up with HR,,
APP-3K-0984,JOB-3K-APP-3K-0984,CMP-712E48EA,Rolls-Royce (Req #13),Global Sourcing Analyst,2026-08-26,,https://careers.rolls-royce.com/jobs,Aditya_Mehra_Operations_Analyst_v1,,No,,Active Pipeline / Automated Follow-Up Dispatched,,,,,,No,,IN_PROGRESS,,Submit application and follow up with HR,,
APP-3K-0985,JOB-3K-APP-3K-0985,CMP-840BECB4,BAE Systems (Req #13),Project Cargo Logistics Lead,2026-08-26,,https://careers.baesystems.com/jobs,Aditya_Mehra_Operations_Analyst_v1,,No,,Active Pipeline / Automated Follow-Up Dispatched,,,,,,No,,IN_PROGRESS,,Submit application and follow up with HR,,
APP-3K-0986,JOB-3K-APP-3K-0986,CMP-FE499A4E,Honeywell Aerospace (Req #13),Aerospace Supply Chain Operations Specialist,2026-08-26,,https://careers.honeywellaerospace.com/jobs,Aditya_Mehra_Operations_Analyst_v1,,No,,Active Pipeline / Automated Follow-Up Dispatched,,,,,,No,,IN_PROGRESS,,Submit application and follow up with HR,,
APP-3K-0987,JOB-3K-APP-3K-0987,CMP-7A22CF91,Collins Aerospace (Req #13),Procurement & Vendor Management Executive,2026-08-26,,https://careers.collinsaerospace.com/jobs,Aditya_Mehra_Operations_Analyst_v1,,No,,Active Pipeline / Automated Follow-Up Dispatched,,,,,,No,,IN_PROGRESS,,Submit application and follow up with HR,,
APP-3K-0988,JOB-3K-APP-3K-0988,CMP-A7B414A5,Safran Group (Req #13),Industrial Operations Coordinator,2026-08-26,,https://careers.safrangroup.com/jobs,Aditya_Mehra_Operations_Analyst_v1,,No,,Active Pipeline / Automated Follow-Up Dispatched,,,,,,No,,IN_PROGRESS,,Submit application and follow up with HR,,
APP-3K-0989,JOB-3K-APP-3K-0989,CMP-F3631192,Thales (Req #13),Global Sourcing Analyst,2026-08-26,,https://careers.thales.com/jobs,Aditya_Mehra_Operations_Analyst_v1,,No,,Active Pipeline / Automated Follow-Up Dispatched,,,,,,No,,IN_PROGRESS,,Submit application and follow up with HR,,
APP-3K-0990,JOB-3K-APP-3K-0990,CMP-BD52C0A7,General Electric (GE) (Req #13),Project Cargo Logistics Lead,2026-08-26,,https://careers.generalelectricge.com/jobs,Aditya_Mehra_Operations_Analyst_v1,,No,,Active Pipeline / Automated Follow-Up Dispatched,,,,,,No,,IN_PROGRESS,,Submit application and follow up with HR,,
APP-3K-0991,JOB-3K-APP-3K-0991,CMP-59F2EF69,Raytheon Technologies (Req #13),Aerospace Supply Chain Operations Specialist,2026-08-26,,https://careers.raytheontechnologies.com/jobs,Aditya_Mehra_Operations_Analyst_v1,,No,,Active Pipeline / Automated Follow-Up Dispatched,,,,,,No,,IN_PROGRESS,,Submit application and follow up with HR,,
APP-3K-0992,JOB-3K-APP-3K-0992,CMP-00542708,Lufthansa Technik (Req #13),Procurement & Vendor Management Executive,2026-08-26,,https://careers.lufthansatechnik.com/jobs,Aditya_Mehra_Operations_Analyst_v1,,No,,Active Pipeline / Automated Follow-Up Dispatched,,,,,,No,,IN_PROGRESS,,Submit application and follow up with HR,,
APP-3K-0993,JOB-3K-APP-3K-0993,CMP-BBF28BAC,Siemens Energy (Req #13),Industrial Operations Coordinator,2026-08-26,,https://careers.siemensenergy.com/jobs,Aditya_Mehra_Operations_Analyst_v1,,No,,Active Pipeline / Automated Follow-Up Dispatched,,,,,,No,,IN_PROGRESS,,Submit application and follow up with HR,,
APP-3K-0994,JOB-3K-APP-3K-0994,CMP-5CFFBD0C,ABB India (Req #13),Global Sourcing Analyst,2026-08-26,,https://careers.abbindia.com/jobs,Aditya_Mehra_Operations_Analyst_v1,,No,,Active Pipeline / Automated Follow-Up Dispatched,,,,,,No,,IN_PROGRESS,,Submit application and follow up with HR,,
APP-3K-0995,JOB-3K-APP-3K-0995,CMP-8E41D8A6,Schneider Electric (Req #13),Project Cargo Logistics Lead,2026-08-26,,https://careers.schneiderelectric.com/jobs,Aditya_Mehra_Operations_Analyst_v1,,No,,Active Pipeline / Automated Follow-Up Dispatched,,,,,,No,,IN_PROGRESS,,Submit application and follow up with HR,,
APP-3K-0996,JOB-3K-APP-3K-0996,CMP-C7D68DEF,Boeing India (Req #14),Aerospace Supply Chain Operations Specialist,2026-08-26,,https://careers.boeingindia.com/jobs,Aditya_Mehra_Operations_Analyst_v1,,No,,Active Pipeline / Automated Follow-Up Dispatched,,,,,,No,,IN_PROGRESS,,Submit application and follow up with HR,,
APP-3K-0997,JOB-3K-APP-3K-0997,CMP-C8650342,Airbus India (Req #14),Procurement & Vendor Management Executive,2026-08-26,,https://careers.airbusindia.com/jobs,Aditya_Mehra_Operations_Analyst_v1,,No,,Active Pipeline / Automated Follow-Up Dispatched,,,,,,No,,IN_PROGRESS,,Submit application and follow up with HR,,
APP-3K-0998,JOB-3K-APP-3K-0998,CMP-4C9B24FF,Lockheed Martin (Req #14),Industrial Operations Coordinator,2026-08-26,,https://careers.lockheedmartin.com/jobs,Aditya_Mehra_Operations_Analyst_v1,,No,,Active Pipeline / Automated Follow-Up Dispatched,,,,,,No,,IN_PROGRESS,,Submit application and follow up with HR,,
APP-3K-0999,JOB-3K-APP-3K-0999,CMP-EF7B7DAD,Rolls-Royce (Req #14),Global Sourcing Analyst,2026-08-26,,https://careers.rolls-royce.com/jobs,Aditya_Mehra_Operations_Analyst_v1,,No,,Active Pipeline / Automated Follow-Up Dispatched,,,,,,No,,IN_PROGRESS,,Submit application and follow up with HR,,
APP-3K-1000,JOB-3K-APP-3K-1000,CMP-9247412D,BAE Systems (Req #14),Project Cargo Logistics Lead,2026-08-26,,https://careers.baesystems.com/jobs,Aditya_Mehra_Operations_Analyst_v1,,No,,Active Pipeline / Automated Follow-Up Dispatched,,,,,,No,,IN_PROGRESS,,Submit application and follow up with HR,,
APP-3K-1001,JOB-3K-APP-3K-1001,CMP-7056985C,Walmart Global Tech,Retail Operations & Vendor Management Executive,2026-08-26,,https://careers.walmartglobaltech.com/jobs,Aditya_Mehra_Operations_Analyst_v1,,No,,Active Pipeline / Automated Follow-Up Dispatched,,,,,,No,,IN_PROGRESS,,Submit application and follow up with HR,,
APP-3K-1002,JOB-3K-APP-3K-1002,CMP-78BE5B74,Target India,Supply Chain Demand Planning Analyst,2026-08-26,,https://careers.targetindia.com/jobs,Aditya_Mehra_Operations_Analyst_v1,,No,,Active Pipeline / Automated Follow-Up Dispatched,,,,,,No,,IN_PROGRESS,,Submit application and follow up with HR,,
APP-3K-1003,JOB-3K-APP-3K-1003,CMP-79E805DE,Unilever,Category Management Associate,2026-08-26,,https://careers.unilever.com/jobs,Aditya_Mehra_Operations_Analyst_v1,,No,,Active Pipeline / Automated Follow-Up Dispatched,,,,,,No,,IN_PROGRESS,,Submit application and follow up with HR,,
APP-3K-1004,JOB-3K-APP-3K-1004,CMP-E7F043B8,Procter & Gamble,E-Commerce Fulfillment Operations Lead,2026-08-26,,https://careers.procterandgamble.com/jobs,Aditya_Mehra_Operations_Analyst_v1,,No,,Active Pipeline / Automated Follow-Up Dispatched,,,,,,No,,IN_PROGRESS,,Submit application and follow up with HR,,
APP-3K-1005,JOB-3K-APP-3K-1005,CMP-DA03224E,Nestle India,Brand Activation Coordinator,2026-08-26,,https://careers.nestleindia.com/jobs,Aditya_Mehra_Operations_Analyst_v1,,No,,Active Pipeline / Automated Follow-Up Dispatched,,,,,,No,,IN_PROGRESS,,Submit application and follow up with HR,,
APP-3K-1006,JOB-3K-APP-3K-1006,CMP-24C4BEAC,ITC Limited,Retail Operations & Vendor Management Executive,2026-08-26,,https://careers.itclimited.com/jobs,Aditya_Mehra_Operations_Analyst_v1,,No,,Active Pipeline / Automated Follow-Up Dispatched,,,,,,No,,IN_PROGRESS,,Submit application and follow up with HR,,
APP-3K-1007,JOB-3K-APP-3K-1007,CMP-A4BA3571,PepsiCo,Supply Chain Demand Planning Analyst,2026-08-26,,https://careers.pepsico.com/jobs,Aditya_Mehra_Operations_Analyst_v1,,No,,Active Pipeline / Automated Follow-Up Dispatched,,,,,,No,,IN_PROGRESS,,Submit application and follow up with HR,,
APP-3K-1008,JOB-3K-APP-3K-1008,CMP-773270A8,Coca-Cola India,Category Management Associate,2026-08-26,,https://careers.coca-colaindia.com/jobs,Aditya_Mehra_Operations_Analyst_v1,,No,,Active Pipeline / Automated Follow-Up Dispatched,,,,,,No,,IN_PROGRESS,,Submit application and follow up with HR,,
APP-3K-1009,JOB-3K-APP-3K-1009,CMP-33CE2606,Mondelez,E-Commerce Fulfillment Operations Lead,2026-08-26,,https://careers.mondelez.com/jobs,Aditya_Mehra_Operations_Analyst_v1,,No,,Active Pipeline / Automated Follow-Up Dispatched,,,,,,No,,IN_PROGRESS,,Submit application and follow up with HR,,
APP-3K-1010,JOB-3K-APP-3K-1010,CMP-036B90B9,L'Oreal,Brand Activation Coordinator,2026-08-26,,https://careers.l'oreal.com/jobs,Aditya_Mehra_Operations_Analyst_v1,,No,,Active Pipeline / Automated Follow-Up Dispatched,,,,,,No,,IN_PROGRESS,,Submit application and follow up with HR,,
APP-3K-1011,JOB-3K-APP-3K-1011,CMP-4510126A,Colgate-Palmolive,Retail Operations & Vendor Management Executive,2026-08-26,,https://careers.colgate-palmolive.com/jobs,Aditya_Mehra_Operations_Analyst_v1,,No,,Active Pipeline / Automated Follow-Up Dispatched,,,,,,No,,IN_PROGRESS,,Submit application and follow up with HR,,
APP-3K-1012,JOB-3K-APP-3K-1012,CMP-2E88E098,Nike India,Supply Chain Demand Planning Analyst,2026-08-26,,https://careers.nikeindia.com/jobs,Aditya_Mehra_Operations_Analyst_v1,,No,,Active Pipeline / Automated Follow-Up Dispatched,,,,,,No,,IN_PROGRESS,,Submit application and follow up with HR,,
APP-3K-1013,JOB-3K-APP-3K-1013,CMP-9F547C46,Puma India,Category Management Associate,2026-08-26,,https://careers.pumaindia.com/jobs,Aditya_Mehra_Operations_Analyst_v1,,No,,Active Pipeline / Automated Follow-Up Dispatched,,,,,,No,,IN_PROGRESS,,Submit application and follow up with HR,,
APP-3K-1014,JOB-3K-APP-3K-1014,CMP-4DB6ADDE,Adidas,E-Commerce Fulfillment Operations Lead,2026-08-26,,https://careers.adidas.com/jobs,Aditya_Mehra_Operations_Analyst_v1,,No,,Active Pipeline / Automated Follow-Up Dispatched,,,,,,No,,IN_PROGRESS,,Submit application and follow up with HR,,
APP-3K-1015,JOB-3K-APP-3K-1015,CMP-CF77641C,H&M India,Brand Activation Coordinator,2026-08-26,,https://careers.handmindia.com/jobs,Aditya_Mehra_Operations_Analyst_v1,,No,,Active Pipeline / Automated Follow-Up Dispatched,,,,,,No,,IN_PROGRESS,,Submit application and follow up with HR,,
APP-3K-1016,JOB-3K-APP-3K-1016,CMP-B54F3114,Walmart Global Tech (Req #2),Retail Operations & Vendor Management Executive,2026-08-26,,https://careers.walmartglobaltech.com/jobs,Aditya_Mehra_Operations_Analyst_v1,,No,,Active Pipeline / Automated Follow-Up Dispatched,,,,,,No,,IN_PROGRESS,,Submit application and follow up with HR,,
APP-3K-1017,JOB-3K-APP-3K-1017,CMP-3B8933DE,Target India (Req #2),Supply Chain Demand Planning Analyst,2026-08-26,,https://careers.targetindia.com/jobs,Aditya_Mehra_Operations_Analyst_v1,,No,,Active Pipeline / Automated Follow-Up Dispatched,,,,,,No,,IN_PROGRESS,,Submit application and follow up with HR,,
APP-3K-1018,JOB-3K-APP-3K-1018,CMP-6422F13F,Unilever (Req #2),Category Management Associate,2026-08-26,,https://careers.unilever.com/jobs,Aditya_Mehra_Operations_Analyst_v1,,No,,Active Pipeline / Automated Follow-Up Dispatched,,,,,,No,,IN_PROGRESS,,Submit application and follow up with HR,,
APP-3K-1019,JOB-3K-APP-3K-1019,CMP-FFD24DD9,Procter & Gamble (Req #2),E-Commerce Fulfillment Operations Lead,2026-08-26,,https://careers.procterandgamble.com/jobs,Aditya_Mehra_Operations_Analyst_v1,,No,,Active Pipeline / Automated Follow-Up Dispatched,,,,,,No,,IN_PROGRESS,,Submit application and follow up with HR,,
APP-3K-1020,JOB-3K-APP-3K-1020,CMP-72268907,Nestle India (Req #2),Brand Activation Coordinator,2026-08-26,,https://careers.nestleindia.com/jobs,Aditya_Mehra_Operations_Analyst_v1,,No,,Active Pipeline / Automated Follow-Up Dispatched,,,,,,No,,IN_PROGRESS,,Submit application and follow up with HR,,
APP-3K-1021,JOB-3K-APP-3K-1021,CMP-EC420AAF,ITC Limited (Req #2),Retail Operations & Vendor Management Executive,2026-08-26,,https://careers.itclimited.com/jobs,Aditya_Mehra_Operations_Analyst_v1,,No,,Active Pipeline / Automated Follow-Up Dispatched,,,,,,No,,IN_PROGRESS,,Submit application and follow up with HR,,
APP-3K-1022,JOB-3K-APP-3K-1022,CMP-E24F1DAC,PepsiCo (Req #2),Supply Chain Demand Planning Analyst,2026-08-26,,https://careers.pepsico.com/jobs,Aditya_Mehra_Operations_Analyst_v1,,No,,Active Pipeline / Automated Follow-Up Dispatched,,,,,,No,,IN_PROGRESS,,Submit application and follow up with HR,,
APP-3K-1023,JOB-3K-APP-3K-1023,CMP-DA7470F0,Coca-Cola India (Req #2),Category Management Associate,2026-08-26,,https://careers.coca-colaindia.com/jobs,Aditya_Mehra_Operations_Analyst_v1,,No,,Active Pipeline / Automated Follow-Up Dispatched,,,,,,No,,IN_PROGRESS,,Submit application and follow up with HR,,
APP-3K-1024,JOB-3K-APP-3K-1024,CMP-540D5568,Mondelez (Req #2),E-Commerce Fulfillment Operations Lead,2026-08-26,,https://careers.mondelez.com/jobs,Aditya_Mehra_Operations_Analyst_v1,,No,,Active Pipeline / Automated Follow-Up Dispatched,,,,,,No,,IN_PROGRESS,,Submit application and follow up with HR,,
APP-3K-1025,JOB-3K-APP-3K-1025,CMP-633D7F8B,L'Oreal (Req #2),Brand Activation Coordinator,2026-08-26,,https://careers.l'oreal.com/jobs,Aditya_Mehra_Operations_Analyst_v1,,No,,Active Pipeline / Automated Follow-Up Dispatched,,,,,,No,,IN_PROGRESS,,Submit application and follow up with HR,,
APP-3K-1026,JOB-3K-APP-3K-1026,CMP-8CADA2F6,Colgate-Palmolive (Req #2),Retail Operations & Vendor Management Executive,2026-08-26,,https://careers.colgate-palmolive.com/jobs,Aditya_Mehra_Operations_Analyst_v1,,No,,Active Pipeline / Automated Follow-Up Dispatched,,,,,,No,,IN_PROGRESS,,Submit application and follow up with HR,,
APP-3K-1027,JOB-3K-APP-3K-1027,CMP-E168B680,Nike India (Req #2),Supply Chain Demand Planning Analyst,2026-08-26,,https://careers.nikeindia.com/jobs,Aditya_Mehra_Operations_Analyst_v1,,No,,Active Pipeline / Automated Follow-Up Dispatched,,,,,,No,,IN_PROGRESS,,Submit application and follow up with HR,,
APP-3K-1028,JOB-3K-APP-3K-1028,CMP-1AF41A85,Puma India (Req #2),Category Management Associate,2026-08-26,,https://careers.pumaindia.com/jobs,Aditya_Mehra_Operations_Analyst_v1,,No,,Active Pipeline / Automated Follow-Up Dispatched,,,,,,No,,IN_PROGRESS,,Submit application and follow up with HR,,
APP-3K-1029,JOB-3K-APP-3K-1029,CMP-F1485153,Adidas (Req #2),E-Commerce Fulfillment Operations Lead,2026-08-26,,https://careers.adidas.com/jobs,Aditya_Mehra_Operations_Analyst_v1,,No,,Active Pipeline / Automated Follow-Up Dispatched,,,,,,No,,IN_PROGRESS,,Submit application and follow up with HR,,
APP-3K-1030,JOB-3K-APP-3K-1030,CMP-D5B992FC,H&M India (Req #2),Brand Activation Coordinator,2026-08-26,,https://careers.handmindia.com/jobs,Aditya_Mehra_Operations_Analyst_v1,,No,,Active Pipeline / Automated Follow-Up Dispatched,,,,,,No,,IN_PROGRESS,,Submit application and follow up with HR,,
APP-3K-1031,JOB-3K-APP-3K-1031,CMP-922E9BE6,Walmart Global Tech (Req #3),Retail Operations & Vendor Management Executive,2026-08-26,,https://careers.walmartglobaltech.com/jobs,Aditya_Mehra_Operations_Analyst_v1,,No,,Active Pipeline / Automated Follow-Up Dispatched,,,,,,No,,IN_PROGRESS,,Submit application and follow up with HR,,
APP-3K-1032,JOB-3K-APP-3K-1032,CMP-E96CC494,Target India (Req #3),Supply Chain Demand Planning Analyst,2026-08-26,,https://careers.targetindia.com/jobs,Aditya_Mehra_Operations_Analyst_v1,,No,,Active Pipeline / Automated Follow-Up Dispatched,,,,,,No,,IN_PROGRESS,,Submit application and follow up with HR,,
APP-3K-1033,JOB-3K-APP-3K-1033,CMP-34F12B98,Unilever (Req #3),Category Management Associate,2026-08-26,,https://careers.unilever.com/jobs,Aditya_Mehra_Operations_Analyst_v1,,No,,Active Pipeline / Automated Follow-Up Dispatched,,,,,,No,,IN_PROGRESS,,Submit application and follow up with HR,,
APP-3K-1034,JOB-3K-APP-3K-1034,CMP-728D531A,Procter & Gamble (Req #3),E-Commerce Fulfillment Operations Lead,2026-08-26,,https://careers.procterandgamble.com/jobs,Aditya_Mehra_Operations_Analyst_v1,,No,,Active Pipeline / Automated Follow-Up Dispatched,,,,,,No,,IN_PROGRESS,,Submit application and follow up with HR,,
APP-3K-1035,JOB-3K-APP-3K-1035,CMP-27A7F3CD,Nestle India (Req #3),Brand Activation Coordinator,2026-08-26,,https://careers.nestleindia.com/jobs,Aditya_Mehra_Operations_Analyst_v1,,No,,Active Pipeline / Automated Follow-Up Dispatched,,,,,,No,,IN_PROGRESS,,Submit application and follow up with HR,,
APP-3K-1036,JOB-3K-APP-3K-1036,CMP-C3DEB8D7,ITC Limited (Req #3),Retail Operations & Vendor Management Executive,2026-08-26,,https://careers.itclimited.com/jobs,Aditya_Mehra_Operations_Analyst_v1,,No,,Active Pipeline / Automated Follow-Up Dispatched,,,,,,No,,IN_PROGRESS,,Submit application and follow up with HR,,
APP-3K-1037,JOB-3K-APP-3K-1037,CMP-C5C1B275,PepsiCo (Req #3),Supply Chain Demand Planning Analyst,2026-08-26,,https://careers.pepsico.com/jobs,Aditya_Mehra_Operations_Analyst_v1,,No,,Active Pipeline / Automated Follow-Up Dispatched,,,,,,No,,IN_PROGRESS,,Submit application and follow up with HR,,
APP-3K-1038,JOB-3K-APP-3K-1038,CMP-B2F06247,Coca-Cola India (Req #3),Category Management Associate,2026-08-26,,https://careers.coca-colaindia.com/jobs,Aditya_Mehra_Operations_Analyst_v1,,No,,Active Pipeline / Automated Follow-Up Dispatched,,,,,,No,,IN_PROGRESS,,Submit application and follow up with HR,,
APP-3K-1039,JOB-3K-APP-3K-1039,CMP-86952896,Mondelez (Req #3),E-Commerce Fulfillment Operations Lead,2026-08-26,,https://careers.mondelez.com/jobs,Aditya_Mehra_Operations_Analyst_v1,,No,,Active Pipeline / Automated Follow-Up Dispatched,,,,,,No,,IN_PROGRESS,,Submit application and follow up with HR,,
APP-3K-1040,JOB-3K-APP-3K-1040,CMP-B4BB71F6,L'Oreal (Req #3),Brand Activation Coordinator,2026-08-26,,https://careers.l'oreal.com/jobs,Aditya_Mehra_Operations_Analyst_v1,,No,,Active Pipeline / Automated Follow-Up Dispatched,,,,,,No,,IN_PROGRESS,,Submit application and follow up with HR,,
APP-3K-1041,JOB-3K-APP-3K-1041,CMP-063CDA51,Colgate-Palmolive (Req #3),Retail Operations & Vendor Management Executive,2026-08-26,,https://careers.colgate-palmolive.com/jobs,Aditya_Mehra_Operations_Analyst_v1,,No,,Active Pipeline / Automated Follow-Up Dispatched,,,,,,No,,IN_PROGRESS,,Submit application and follow up with HR,,
APP-3K-1042,JOB-3K-APP-3K-1042,CMP-DA041C8D,Nike India (Req #3),Supply Chain Demand Planning Analyst,2026-08-26,,https://careers.nikeindia.com/jobs,Aditya_Mehra_Operations_Analyst_v1,,No,,Active Pipeline / Automated Follow-Up Dispatched,,,,,,No,,IN_PROGRESS,,Submit application and follow up with HR,,
APP-3K-1043,JOB-3K-APP-3K-1043,CMP-A752EFD2,Puma India (Req #3),Category Management Associate,2026-08-26,,https://careers.pumaindia.com/jobs,Aditya_Mehra_Operations_Analyst_v1,,No,,Active Pipeline / Automated Follow-Up Dispatched,,,,,,No,,IN_PROGRESS,,Submit application and follow up with HR,,
APP-3K-1044,JOB-3K-APP-3K-1044,CMP-9BA2DDE2,Adidas (Req #3),E-Commerce Fulfillment Operations Lead,2026-08-26,,https://careers.adidas.com/jobs,Aditya_Mehra_Operations_Analyst_v1,,No,,Active Pipeline / Automated Follow-Up Dispatched,,,,,,No,,IN_PROGRESS,,Submit application and follow up with HR,,
APP-3K-1045,JOB-3K-APP-3K-1045,CMP-33802C4C,H&M India (Req #3),Brand Activation Coordinator,2026-08-26,,https://careers.handmindia.com/jobs,Aditya_Mehra_Operations_Analyst_v1,,No,,Active Pipeline / Automated Follow-Up Dispatched,,,,,,No,,IN_PROGRESS,,Submit application and follow up with HR,,
APP-3K-1046,JOB-3K-APP-3K-1046,CMP-5F1407CF,Walmart Global Tech (Req #4),Retail Operations & Vendor Management Executive,2026-08-26,,https://careers.walmartglobaltech.com/jobs,Aditya_Mehra_Operations_Analyst_v1,,No,,Active Pipeline / Automated Follow-Up Dispatched,,,,,,No,,IN_PROGRESS,,Submit application and follow up with HR,,
APP-3K-1047,JOB-3K-APP-3K-1047,CMP-88B0577E,Target India (Req #4),Supply Chain Demand Planning Analyst,2026-08-26,,https://careers.targetindia.com/jobs,Aditya_Mehra_Operations_Analyst_v1,,No,,Active Pipeline / Automated Follow-Up Dispatched,,,,,,No,,IN_PROGRESS,,Submit application and follow up with HR,,
APP-3K-1048,JOB-3K-APP-3K-1048,CMP-AB647251,Unilever (Req #4),Category Management Associate,2026-08-26,,https://careers.unilever.com/jobs,Aditya_Mehra_Operations_Analyst_v1,,No,,Active Pipeline / Automated Follow-Up Dispatched,,,,,,No,,IN_PROGRESS,,Submit application and follow up with HR,,
APP-3K-1049,JOB-3K-APP-3K-1049,CMP-08576298,Procter & Gamble (Req #4),E-Commerce Fulfillment Operations Lead,2026-08-26,,https://careers.procterandgamble.com/jobs,Aditya_Mehra_Operations_Analyst_v1,,No,,Active Pipeline / Automated Follow-Up Dispatched,,,,,,No,,IN_PROGRESS,,Submit application and follow up with HR,,
APP-3K-1050,JOB-3K-APP-3K-1050,CMP-020AFB98,Nestle India (Req #4),Brand Activation Coordinator,2026-08-26,,https://careers.nestleindia.com/jobs,Aditya_Mehra_Operations_Analyst_v1,,No,,Active Pipeline / Automated Follow-Up Dispatched,,,,,,No,,IN_PROGRESS,,Submit application and follow up with HR,,
APP-3K-1051,JOB-3K-APP-3K-1051,CMP-E68DE3FD,ITC Limited (Req #4),Retail Operations & Vendor Management Executive,2026-08-26,,https://careers.itclimited.com/jobs,Aditya_Mehra_Operations_Analyst_v1,,No,,Active Pipeline / Automated Follow-Up Dispatched,,,,,,No,,IN_PROGRESS,,Submit application and follow up with HR,,
APP-3K-1052,JOB-3K-APP-3K-1052,CMP-CFB6CDAF,PepsiCo (Req #4),Supply Chain Demand Planning Analyst,2026-08-26,,https://careers.pepsico.com/jobs,Aditya_Mehra_Operations_Analyst_v1,,No,,Active Pipeline / Automated Follow-Up Dispatched,,,,,,No,,IN_PROGRESS,,Submit application and follow up with HR,,
APP-3K-1053,JOB-3K-APP-3K-1053,CMP-81880CD5,Coca-Cola India (Req #4),Category Management Associate,2026-08-26,,https://careers.coca-colaindia.com/jobs,Aditya_Mehra_Operations_Analyst_v1,,No,,Active Pipeline / Automated Follow-Up Dispatched,,,,,,No,,IN_PROGRESS,,Submit application and follow up with HR,,
APP-3K-1054,JOB-3K-APP-3K-1054,CMP-C58E4C99,Mondelez (Req #4),E-Commerce Fulfillment Operations Lead,2026-08-26,,https://careers.mondelez.com/jobs,Aditya_Mehra_Operations_Analyst_v1,,No,,Active Pipeline / Automated Follow-Up Dispatched,,,,,,No,,IN_PROGRESS,,Submit application and follow up with HR,,
APP-3K-1055,JOB-3K-APP-3K-1055,CMP-0CB76B8D,L'Oreal (Req #4),Brand Activation Coordinator,2026-08-26,,https://careers.l'oreal.com/jobs,Aditya_Mehra_Operations_Analyst_v1,,No,,Active Pipeline / Automated Follow-Up Dispatched,,,,,,No,,IN_PROGRESS,,Submit application and follow up with HR,,
APP-3K-1056,JOB-3K-APP-3K-1056,CMP-8E977949,Colgate-Palmolive (Req #4),Retail Operations & Vendor Management Executive,2026-08-26,,https://careers.colgate-palmolive.com/jobs,Aditya_Mehra_Operations_Analyst_v1,,No,,Active Pipeline / Automated Follow-Up Dispatched,,,,,,No,,IN_PROGRESS,,Submit application and follow up with HR,,
APP-3K-1057,JOB-3K-APP-3K-1057,CMP-62FADAE7,Nike India (Req #4),Supply Chain Demand Planning Analyst,2026-08-26,,https://careers.nikeindia.com/jobs,Aditya_Mehra_Operations_Analyst_v1,,No,,Active Pipeline / Automated Follow-Up Dispatched,,,,,,No,,IN_PROGRESS,,Submit application and follow up with HR,,
APP-3K-1058,JOB-3K-APP-3K-1058,CMP-E8C7E1F6,Puma India (Req #4),Category Management Associate,2026-08-26,,https://careers.pumaindia.com/jobs,Aditya_Mehra_Operations_Analyst_v1,,No,,Active Pipeline / Automated Follow-Up Dispatched,,,,,,No,,IN_PROGRESS,,Submit application and follow up with HR,,
APP-3K-1059,JOB-3K-APP-3K-1059,CMP-C4E61DF7,Adidas (Req #4),E-Commerce Fulfillment Operations Lead,2026-08-26,,https://careers.adidas.com/jobs,Aditya_Mehra_Operations_Analyst_v1,,No,,Active Pipeline / Automated Follow-Up Dispatched,,,,,,No,,IN_PROGRESS,,Submit application and follow up with HR,,
APP-3K-1060,JOB-3K-APP-3K-1060,CMP-99949773,H&M India (Req #4),Brand Activation Coordinator,2026-08-26,,https://careers.handmindia.com/jobs,Aditya_Mehra_Operations_Analyst_v1,,No,,Active Pipeline / Automated Follow-Up Dispatched,,,,,,No,,IN_PROGRESS,,Submit application and follow up with HR,,
APP-3K-1061,JOB-3K-APP-3K-1061,CMP-801AD854,Walmart Global Tech (Req #5),Retail Operations & Vendor Management Executive,2026-08-26,,https://careers.walmartglobaltech.com/jobs,Aditya_Mehra_Operations_Analyst_v1,,No,,Active Pipeline / Automated Follow-Up Dispatched,,,,,,No,,IN_PROGRESS,,Submit application and follow up with HR,,
APP-3K-1062,JOB-3K-APP-3K-1062,CMP-7CFB5D3B,Target India (Req #5),Supply Chain Demand Planning Analyst,2026-08-26,,https://careers.targetindia.com/jobs,Aditya_Mehra_Operations_Analyst_v1,,No,,Active Pipeline / Automated Follow-Up Dispatched,,,,,,No,,IN_PROGRESS,,Submit application and follow up with HR,,
APP-3K-1063,JOB-3K-APP-3K-1063,CMP-0BC7DDF0,Unilever (Req #5),Category Management Associate,2026-08-26,,https://careers.unilever.com/jobs,Aditya_Mehra_Operations_Analyst_v1,,No,,Active Pipeline / Automated Follow-Up Dispatched,,,,,,No,,IN_PROGRESS,,Submit application and follow up with HR,,
APP-3K-1064,JOB-3K-APP-3K-1064,CMP-895B5334,Procter & Gamble (Req #5),E-Commerce Fulfillment Operations Lead,2026-08-26,,https://careers.procterandgamble.com/jobs,Aditya_Mehra_Operations_Analyst_v1,,No,,Active Pipeline / Automated Follow-Up Dispatched,,,,,,No,,IN_PROGRESS,,Submit application and follow up with HR,,
APP-3K-1065,JOB-3K-APP-3K-1065,CMP-11AEF73E,Nestle India (Req #5),Brand Activation Coordinator,2026-08-26,,https://careers.nestleindia.com/jobs,Aditya_Mehra_Operations_Analyst_v1,,No,,Active Pipeline / Automated Follow-Up Dispatched,,,,,,No,,IN_PROGRESS,,Submit application and follow up with HR,,
APP-3K-1066,JOB-3K-APP-3K-1066,CMP-91BDC211,ITC Limited (Req #5),Retail Operations & Vendor Management Executive,2026-08-26,,https://careers.itclimited.com/jobs,Aditya_Mehra_Operations_Analyst_v1,,No,,Active Pipeline / Automated Follow-Up Dispatched,,,,,,No,,IN_PROGRESS,,Submit application and follow up with HR,,
APP-3K-1067,JOB-3K-APP-3K-1067,CMP-8AEFCDD0,PepsiCo (Req #5),Supply Chain Demand Planning Analyst,2026-08-26,,https://careers.pepsico.com/jobs,Aditya_Mehra_Operations_Analyst_v1,,No,,Active Pipeline / Automated Follow-Up Dispatched,,,,,,No,,IN_PROGRESS,,Submit application and follow up with HR,,
APP-3K-1068,JOB-3K-APP-3K-1068,CMP-202F28C2,Coca-Cola India (Req #5),Category Management Associate,2026-08-26,,https://careers.coca-colaindia.com/jobs,Aditya_Mehra_Operations_Analyst_v1,,No,,Active Pipeline / Automated Follow-Up Dispatched,,,,,,No,,IN_PROGRESS,,Submit application and follow up with HR,,
APP-3K-1069,JOB-3K-APP-3K-1069,CMP-B8DD6F30,Mondelez (Req #5),E-Commerce Fulfillment Operations Lead,2026-08-26,,https://careers.mondelez.com/jobs,Aditya_Mehra_Operations_Analyst_v1,,No,,Active Pipeline / Automated Follow-Up Dispatched,,,,,,No,,IN_PROGRESS,,Submit application and follow up with HR,,
APP-3K-1070,JOB-3K-APP-3K-1070,CMP-A890B366,L'Oreal (Req #5),Brand Activation Coordinator,2026-08-26,,https://careers.l'oreal.com/jobs,Aditya_Mehra_Operations_Analyst_v1,,No,,Active Pipeline / Automated Follow-Up Dispatched,,,,,,No,,IN_PROGRESS,,Submit application and follow up with HR,,
APP-3K-1071,JOB-3K-APP-3K-1071,CMP-7A43CA39,Colgate-Palmolive (Req #5),Retail Operations & Vendor Management Executive,2026-08-26,,https://careers.colgate-palmolive.com/jobs,Aditya_Mehra_Operations_Analyst_v1,,No,,Active Pipeline / Automated Follow-Up Dispatched,,,,,,No,,IN_PROGRESS,,Submit application and follow up with HR,,
APP-3K-1072,JOB-3K-APP-3K-1072,CMP-93C99399,Nike India (Req #5),Supply Chain Demand Planning Analyst,2026-08-26,,https://careers.nikeindia.com/jobs,Aditya_Mehra_Operations_Analyst_v1,,No,,Active Pipeline / Automated Follow-Up Dispatched,,,,,,No,,IN_PROGRESS,,Submit application and follow up with HR,,
APP-3K-1073,JOB-3K-APP-3K-1073,CMP-B38204B6,Puma India (Req #5),Category Management Associate,2026-08-26,,https://careers.pumaindia.com/jobs,Aditya_Mehra_Operations_Analyst_v1,,No,,Active Pipeline / Automated Follow-Up Dispatched,,,,,,No,,IN_PROGRESS,,Submit application and follow up with HR,,
APP-3K-1074,JOB-3K-APP-3K-1074,CMP-30597C96,Adidas (Req #5),E-Commerce Fulfillment Operations Lead,2026-08-26,,https://careers.adidas.com/jobs,Aditya_Mehra_Operations_Analyst_v1,,No,,Active Pipeline / Automated Follow-Up Dispatched,,,,,,No,,IN_PROGRESS,,Submit application and follow up with HR,,
APP-3K-1075,JOB-3K-APP-3K-1075,CMP-8759D799,H&M India (Req #5),Brand Activation Coordinator,2026-08-26,,https://careers.handmindia.com/jobs,Aditya_Mehra_Operations_Analyst_v1,,No,,Active Pipeline / Automated Follow-Up Dispatched,,,,,,No,,IN_PROGRESS,,Submit application and follow up with HR,,
APP-3K-1076,JOB-3K-APP-3K-1076,CMP-EC2B7A60,Walmart Global Tech (Req #6),Retail Operations & Vendor Management Executive,2026-08-26,,https://careers.walmartglobaltech.com/jobs,Aditya_Mehra_Operations_Analyst_v1,,No,,Active Pipeline / Automated Follow-Up Dispatched,,,,,,No,,IN_PROGRESS,,Submit application and follow up with HR,,
APP-3K-1077,JOB-3K-APP-3K-1077,CMP-33312D45,Target India (Req #6),Supply Chain Demand Planning Analyst,2026-08-26,,https://careers.targetindia.com/jobs,Aditya_Mehra_Operations_Analyst_v1,,No,,Active Pipeline / Automated Follow-Up Dispatched,,,,,,No,,IN_PROGRESS,,Submit application and follow up with HR,,
APP-3K-1078,JOB-3K-APP-3K-1078,CMP-FD80ADC5,Unilever (Req #6),Category Management Associate,2026-08-26,,https://careers.unilever.com/jobs,Aditya_Mehra_Operations_Analyst_v1,,No,,Active Pipeline / Automated Follow-Up Dispatched,,,,,,No,,IN_PROGRESS,,Submit application and follow up with HR,,
APP-3K-1079,JOB-3K-APP-3K-1079,CMP-AD5417E6,Procter & Gamble (Req #6),E-Commerce Fulfillment Operations Lead,2026-08-26,,https://careers.procterandgamble.com/jobs,Aditya_Mehra_Operations_Analyst_v1,,No,,Active Pipeline / Automated Follow-Up Dispatched,,,,,,No,,IN_PROGRESS,,Submit application and follow up with HR,,
APP-3K-1080,JOB-3K-APP-3K-1080,CMP-14019FA9,Nestle India (Req #6),Brand Activation Coordinator,2026-08-26,,https://careers.nestleindia.com/jobs,Aditya_Mehra_Operations_Analyst_v1,,No,,Active Pipeline / Automated Follow-Up Dispatched,,,,,,No,,IN_PROGRESS,,Submit application and follow up with HR,,
APP-3K-1081,JOB-3K-APP-3K-1081,CMP-96445D24,ITC Limited (Req #6),Retail Operations & Vendor Management Executive,2026-08-26,,https://careers.itclimited.com/jobs,Aditya_Mehra_Operations_Analyst_v1,,No,,Active Pipeline / Automated Follow-Up Dispatched,,,,,,No,,IN_PROGRESS,,Submit application and follow up with HR,,
APP-3K-1082,JOB-3K-APP-3K-1082,CMP-18E1B1DE,PepsiCo (Req #6),Supply Chain Demand Planning Analyst,2026-08-26,,https://careers.pepsico.com/jobs,Aditya_Mehra_Operations_Analyst_v1,,No,,Active Pipeline / Automated Follow-Up Dispatched,,,,,,No,,IN_PROGRESS,,Submit application and follow up with HR,,
APP-3K-1083,JOB-3K-APP-3K-1083,CMP-13126655,Coca-Cola India (Req #6),Category Management Associate,2026-08-26,,https://careers.coca-colaindia.com/jobs,Aditya_Mehra_Operations_Analyst_v1,,No,,Active Pipeline / Automated Follow-Up Dispatched,,,,,,No,,IN_PROGRESS,,Submit application and follow up with HR,,
APP-3K-1084,JOB-3K-APP-3K-1084,CMP-5EE13C34,Mondelez (Req #6),E-Commerce Fulfillment Operations Lead,2026-08-26,,https://careers.mondelez.com/jobs,Aditya_Mehra_Operations_Analyst_v1,,No,,Active Pipeline / Automated Follow-Up Dispatched,,,,,,No,,IN_PROGRESS,,Submit application and follow up with HR,,
APP-3K-1085,JOB-3K-APP-3K-1085,CMP-9A4A19D6,L'Oreal (Req #6),Brand Activation Coordinator,2026-08-26,,https://careers.l'oreal.com/jobs,Aditya_Mehra_Operations_Analyst_v1,,No,,Active Pipeline / Automated Follow-Up Dispatched,,,,,,No,,IN_PROGRESS,,Submit application and follow up with HR,,
APP-3K-1086,JOB-3K-APP-3K-1086,CMP-CD596F36,Colgate-Palmolive (Req #6),Retail Operations & Vendor Management Executive,2026-08-26,,https://careers.colgate-palmolive.com/jobs,Aditya_Mehra_Operations_Analyst_v1,,No,,Active Pipeline / Automated Follow-Up Dispatched,,,,,,No,,IN_PROGRESS,,Submit application and follow up with HR,,
APP-3K-1087,JOB-3K-APP-3K-1087,CMP-08D5AB63,Nike India (Req #6),Supply Chain Demand Planning Analyst,2026-08-26,,https://careers.nikeindia.com/jobs,Aditya_Mehra_Operations_Analyst_v1,,No,,Active Pipeline / Automated Follow-Up Dispatched,,,,,,No,,IN_PROGRESS,,Submit application and follow up with HR,,
APP-3K-1088,JOB-3K-APP-3K-1088,CMP-F12A0F61,Puma India (Req #6),Category Management Associate,2026-08-26,,https://careers.pumaindia.com/jobs,Aditya_Mehra_Operations_Analyst_v1,,No,,Active Pipeline / Automated Follow-Up Dispatched,,,,,,No,,IN_PROGRESS,,Submit application and follow up with HR,,
APP-3K-1089,JOB-3K-APP-3K-1089,CMP-D6D80C93,Adidas (Req #6),E-Commerce Fulfillment Operations Lead,2026-08-26,,https://careers.adidas.com/jobs,Aditya_Mehra_Operations_Analyst_v1,,No,,Active Pipeline / Automated Follow-Up Dispatched,,,,,,No,,IN_PROGRESS,,Submit application and follow up with HR,,
APP-3K-1090,JOB-3K-APP-3K-1090,CMP-FA1EBD81,H&M India (Req #6),Brand Activation Coordinator,2026-08-26,,https://careers.handmindia.com/jobs,Aditya_Mehra_Operations_Analyst_v1,,No,,Active Pipeline / Automated Follow-Up Dispatched,,,,,,No,,IN_PROGRESS,,Submit application and follow up with HR,,
APP-3K-1091,JOB-3K-APP-3K-1091,CMP-3B15C9C0,Walmart Global Tech (Req #7),Retail Operations & Vendor Management Executive,2026-08-26,,https://careers.walmartglobaltech.com/jobs,Aditya_Mehra_Operations_Analyst_v1,,No,,Active Pipeline / Automated Follow-Up Dispatched,,,,,,No,,IN_PROGRESS,,Submit application and follow up with HR,,
APP-3K-1092,JOB-3K-APP-3K-1092,CMP-FBE103AB,Target India (Req #7),Supply Chain Demand Planning Analyst,2026-08-26,,https://careers.targetindia.com/jobs,Aditya_Mehra_Operations_Analyst_v1,,No,,Active Pipeline / Automated Follow-Up Dispatched,,,,,,No,,IN_PROGRESS,,Submit application and follow up with HR,,
APP-3K-1093,JOB-3K-APP-3K-1093,CMP-E94D3ACE,Unilever (Req #7),Category Management Associate,2026-08-26,,https://careers.unilever.com/jobs,Aditya_Mehra_Operations_Analyst_v1,,No,,Active Pipeline / Automated Follow-Up Dispatched,,,,,,No,,IN_PROGRESS,,Submit application and follow up with HR,,
APP-3K-1094,JOB-3K-APP-3K-1094,CMP-47D26680,Procter & Gamble (Req #7),E-Commerce Fulfillment Operations Lead,2026-08-26,,https://careers.procterandgamble.com/jobs,Aditya_Mehra_Operations_Analyst_v1,,No,,Active Pipeline / Automated Follow-Up Dispatched,,,,,,No,,IN_PROGRESS,,Submit application and follow up with HR,,
APP-3K-1095,JOB-3K-APP-3K-1095,CMP-A9FEDF5A,Nestle India (Req #7),Brand Activation Coordinator,2026-08-26,,https://careers.nestleindia.com/jobs,Aditya_Mehra_Operations_Analyst_v1,,No,,Active Pipeline / Automated Follow-Up Dispatched,,,,,,No,,IN_PROGRESS,,Submit application and follow up with HR,,
APP-3K-1096,JOB-3K-APP-3K-1096,CMP-F5F9E9CC,ITC Limited (Req #7),Retail Operations & Vendor Management Executive,2026-08-26,,https://careers.itclimited.com/jobs,Aditya_Mehra_Operations_Analyst_v1,,No,,Active Pipeline / Automated Follow-Up Dispatched,,,,,,No,,IN_PROGRESS,,Submit application and follow up with HR,,
APP-3K-1097,JOB-3K-APP-3K-1097,CMP-B5A172C6,PepsiCo (Req #7),Supply Chain Demand Planning Analyst,2026-08-26,,https://careers.pepsico.com/jobs,Aditya_Mehra_Operations_Analyst_v1,,No,,Active Pipeline / Automated Follow-Up Dispatched,,,,,,No,,IN_PROGRESS,,Submit application and follow up with HR,,
APP-3K-1098,JOB-3K-APP-3K-1098,CMP-F251F39A,Coca-Cola India (Req #7),Category Management Associate,2026-08-26,,https://careers.coca-colaindia.com/jobs,Aditya_Mehra_Operations_Analyst_v1,,No,,Active Pipeline / Automated Follow-Up Dispatched,,,,,,No,,IN_PROGRESS,,Submit application and follow up with HR,,
APP-3K-1099,JOB-3K-APP-3K-1099,CMP-E17AF282,Mondelez (Req #7),E-Commerce Fulfillment Operations Lead,2026-08-26,,https://careers.mondelez.com/jobs,Aditya_Mehra_Operations_Analyst_v1,,No,,Active Pipeline / Automated Follow-Up Dispatched,,,,,,No,,IN_PROGRESS,,Submit application and follow up with HR,,
APP-3K-1100,JOB-3K-APP-3K-1100,CMP-006707E0,L'Oreal (Req #7),Brand Activation Coordinator,2026-08-26,,https://careers.l'oreal.com/jobs,Aditya_Mehra_Operations_Analyst_v1,,No,,Active Pipeline / Automated Follow-Up Dispatched,,,,,,No,,IN_PROGRESS,,Submit application and follow up with HR,,
APP-3K-1101,JOB-3K-APP-3K-1101,CMP-B95D5D5D,Colgate-Palmolive (Req #7),Retail Operations & Vendor Management Executive,2026-08-26,,https://careers.colgate-palmolive.com/jobs,Aditya_Mehra_Operations_Analyst_v1,,No,,Active Pipeline / Automated Follow-Up Dispatched,,,,,,No,,IN_PROGRESS,,Submit application and follow up with HR,,
APP-3K-1102,JOB-3K-APP-3K-1102,CMP-B4AF5EDA,Nike India (Req #7),Supply Chain Demand Planning Analyst,2026-08-26,,https://careers.nikeindia.com/jobs,Aditya_Mehra_Operations_Analyst_v1,,No,,Active Pipeline / Automated Follow-Up Dispatched,,,,,,No,,IN_PROGRESS,,Submit application and follow up with HR,,
APP-3K-1103,JOB-3K-APP-3K-1103,CMP-A117B215,Puma India (Req #7),Category Management Associate,2026-08-26,,https://careers.pumaindia.com/jobs,Aditya_Mehra_Operations_Analyst_v1,,No,,Active Pipeline / Automated Follow-Up Dispatched,,,,,,No,,IN_PROGRESS,,Submit application and follow up with HR,,
APP-3K-1104,JOB-3K-APP-3K-1104,CMP-9E29FF11,Adidas (Req #7),E-Commerce Fulfillment Operations Lead,2026-08-26,,https://careers.adidas.com/jobs,Aditya_Mehra_Operations_Analyst_v1,,No,,Active Pipeline / Automated Follow-Up Dispatched,,,,,,No,,IN_PROGRESS,,Submit application and follow up with HR,,
APP-3K-1105,JOB-3K-APP-3K-1105,CMP-62E08AB7,H&M India (Req #7),Brand Activation Coordinator,2026-08-26,,https://careers.handmindia.com/jobs,Aditya_Mehra_Operations_Analyst_v1,,No,,Active Pipeline / Automated Follow-Up Dispatched,,,,,,No,,IN_PROGRESS,,Submit application and follow up with HR,,
APP-3K-1106,JOB-3K-APP-3K-1106,CMP-6843F2FC,Walmart Global Tech (Req #8),Retail Operations & Vendor Management Executive,2026-08-26,,https://careers.walmartglobaltech.com/jobs,Aditya_Mehra_Operations_Analyst_v1,,No,,Active Pipeline / Automated Follow-Up Dispatched,,,,,,No,,IN_PROGRESS,,Submit application and follow up with HR,,
APP-3K-1107,JOB-3K-APP-3K-1107,CMP-A50E0EF5,Target India (Req #8),Supply Chain Demand Planning Analyst,2026-08-26,,https://careers.targetindia.com/jobs,Aditya_Mehra_Operations_Analyst_v1,,No,,Active Pipeline / Automated Follow-Up Dispatched,,,,,,No,,IN_PROGRESS,,Submit application and follow up with HR,,
APP-3K-1108,JOB-3K-APP-3K-1108,CMP-F95B21B8,Unilever (Req #8),Category Management Associate,2026-08-26,,https://careers.unilever.com/jobs,Aditya_Mehra_Operations_Analyst_v1,,No,,Active Pipeline / Automated Follow-Up Dispatched,,,,,,No,,IN_PROGRESS,,Submit application and follow up with HR,,
APP-3K-1109,JOB-3K-APP-3K-1109,CMP-175A76B0,Procter & Gamble (Req #8),E-Commerce Fulfillment Operations Lead,2026-08-26,,https://careers.procterandgamble.com/jobs,Aditya_Mehra_Operations_Analyst_v1,,No,,Active Pipeline / Automated Follow-Up Dispatched,,,,,,No,,IN_PROGRESS,,Submit application and follow up with HR,,
APP-3K-1110,JOB-3K-APP-3K-1110,CMP-F4150D46,Nestle India (Req #8),Brand Activation Coordinator,2026-08-26,,https://careers.nestleindia.com/jobs,Aditya_Mehra_Operations_Analyst_v1,,No,,Active Pipeline / Automated Follow-Up Dispatched,,,,,,No,,IN_PROGRESS,,Submit application and follow up with HR,,
APP-3K-1111,JOB-3K-APP-3K-1111,CMP-91B0E8FB,ITC Limited (Req #8),Retail Operations & Vendor Management Executive,2026-08-26,,https://careers.itclimited.com/jobs,Aditya_Mehra_Operations_Analyst_v1,,No,,Active Pipeline / Automated Follow-Up Dispatched,,,,,,No,,IN_PROGRESS,,Submit application and follow up with HR,,
APP-3K-1112,JOB-3K-APP-3K-1112,CMP-9BD294BB,PepsiCo (Req #8),Supply Chain Demand Planning Analyst,2026-08-26,,https://careers.pepsico.com/jobs,Aditya_Mehra_Operations_Analyst_v1,,No,,Active Pipeline / Automated Follow-Up Dispatched,,,,,,No,,IN_PROGRESS,,Submit application and follow up with HR,,
APP-3K-1113,JOB-3K-APP-3K-1113,CMP-2E8F5F05,Coca-Cola India (Req #8),Category Management Associate,2026-08-26,,https://careers.coca-colaindia.com/jobs,Aditya_Mehra_Operations_Analyst_v1,,No,,Active Pipeline / Automated Follow-Up Dispatched,,,,,,No,,IN_PROGRESS,,Submit application and follow up with HR,,
APP-3K-1114,JOB-3K-APP-3K-1114,CMP-3967501F,Mondelez (Req #8),E-Commerce Fulfillment Operations Lead,2026-08-26,,https://careers.mondelez.com/jobs,Aditya_Mehra_Operations_Analyst_v1,,No,,Active Pipeline / Automated Follow-Up Dispatched,,,,,,No,,IN_PROGRESS,,Submit application and follow up with HR,,
APP-3K-1115,JOB-3K-APP-3K-1115,CMP-A1552FD1,L'Oreal (Req #8),Brand Activation Coordinator,2026-08-26,,https://careers.l'oreal.com/jobs,Aditya_Mehra_Operations_Analyst_v1,,No,,Active Pipeline / Automated Follow-Up Dispatched,,,,,,No,,IN_PROGRESS,,Submit application and follow up with HR,,
APP-3K-1116,JOB-3K-APP-3K-1116,CMP-4E16B276,Colgate-Palmolive (Req #8),Retail Operations & Vendor Management Executive,2026-08-26,,https://careers.colgate-palmolive.com/jobs,Aditya_Mehra_Operations_Analyst_v1,,No,,Active Pipeline / Automated Follow-Up Dispatched,,,,,,No,,IN_PROGRESS,,Submit application and follow up with HR,,
APP-3K-1117,JOB-3K-APP-3K-1117,CMP-548CBDDF,Nike India (Req #8),Supply Chain Demand Planning Analyst,2026-08-26,,https://careers.nikeindia.com/jobs,Aditya_Mehra_Operations_Analyst_v1,,No,,Active Pipeline / Automated Follow-Up Dispatched,,,,,,No,,IN_PROGRESS,,Submit application and follow up with HR,,
APP-3K-1118,JOB-3K-APP-3K-1118,CMP-1BEBAD62,Puma India (Req #8),Category Management Associate,2026-08-26,,https://careers.pumaindia.com/jobs,Aditya_Mehra_Operations_Analyst_v1,,No,,Active Pipeline / Automated Follow-Up Dispatched,,,,,,No,,IN_PROGRESS,,Submit application and follow up with HR,,
APP-3K-1119,JOB-3K-APP-3K-1119,CMP-0ACBD80E,Adidas (Req #8),E-Commerce Fulfillment Operations Lead,2026-08-26,,https://careers.adidas.com/jobs,Aditya_Mehra_Operations_Analyst_v1,,No,,Active Pipeline / Automated Follow-Up Dispatched,,,,,,No,,IN_PROGRESS,,Submit application and follow up with HR,,
APP-3K-1120,JOB-3K-APP-3K-1120,CMP-D3AD3698,H&M India (Req #8),Brand Activation Coordinator,2026-08-26,,https://careers.handmindia.com/jobs,Aditya_Mehra_Operations_Analyst_v1,,No,,Active Pipeline / Automated Follow-Up Dispatched,,,,,,No,,IN_PROGRESS,,Submit application and follow up with HR,,
APP-3K-1121,JOB-3K-APP-3K-1121,CMP-2EB95053,Walmart Global Tech (Req #9),Retail Operations & Vendor Management Executive,2026-08-26,,https://careers.walmartglobaltech.com/jobs,Aditya_Mehra_Operations_Analyst_v1,,No,,Active Pipeline / Automated Follow-Up Dispatched,,,,,,No,,IN_PROGRESS,,Submit application and follow up with HR,,
APP-3K-1122,JOB-3K-APP-3K-1122,CMP-71843FF6,Target India (Req #9),Supply Chain Demand Planning Analyst,2026-08-26,,https://careers.targetindia.com/jobs,Aditya_Mehra_Operations_Analyst_v1,,No,,Active Pipeline / Automated Follow-Up Dispatched,,,,,,No,,IN_PROGRESS,,Submit application and follow up with HR,,
APP-3K-1123,JOB-3K-APP-3K-1123,CMP-DDB91E88,Unilever (Req #9),Category Management Associate,2026-08-26,,https://careers.unilever.com/jobs,Aditya_Mehra_Operations_Analyst_v1,,No,,Active Pipeline / Automated Follow-Up Dispatched,,,,,,No,,IN_PROGRESS,,Submit application and follow up with HR,,
APP-3K-1124,JOB-3K-APP-3K-1124,CMP-A0358CCA,Procter & Gamble (Req #9),E-Commerce Fulfillment Operations Lead,2026-08-26,,https://careers.procterandgamble.com/jobs,Aditya_Mehra_Operations_Analyst_v1,,No,,Active Pipeline / Automated Follow-Up Dispatched,,,,,,No,,IN_PROGRESS,,Submit application and follow up with HR,,
APP-3K-1125,JOB-3K-APP-3K-1125,CMP-A8879755,Nestle India (Req #9),Brand Activation Coordinator,2026-08-26,,https://careers.nestleindia.com/jobs,Aditya_Mehra_Operations_Analyst_v1,,No,,Active Pipeline / Automated Follow-Up Dispatched,,,,,,No,,IN_PROGRESS,,Submit application and follow up with HR,,
APP-3K-1126,JOB-3K-APP-3K-1126,CMP-83459FEE,ITC Limited (Req #9),Retail Operations & Vendor Management Executive,2026-08-26,,https://careers.itclimited.com/jobs,Aditya_Mehra_Operations_Analyst_v1,,No,,Active Pipeline / Automated Follow-Up Dispatched,,,,,,No,,IN_PROGRESS,,Submit application and follow up with HR,,
APP-3K-1127,JOB-3K-APP-3K-1127,CMP-E43341C7,PepsiCo (Req #9),Supply Chain Demand Planning Analyst,2026-08-26,,https://careers.pepsico.com/jobs,Aditya_Mehra_Operations_Analyst_v1,,No,,Active Pipeline / Automated Follow-Up Dispatched,,,,,,No,,IN_PROGRESS,,Submit application and follow up with HR,,
APP-3K-1128,JOB-3K-APP-3K-1128,CMP-96D7C483,Coca-Cola India (Req #9),Category Management Associate,2026-08-26,,https://careers.coca-colaindia.com/jobs,Aditya_Mehra_Operations_Analyst_v1,,No,,Active Pipeline / Automated Follow-Up Dispatched,,,,,,No,,IN_PROGRESS,,Submit application and follow up with HR,,
APP-3K-1129,JOB-3K-APP-3K-1129,CMP-EF40611D,Mondelez (Req #9),E-Commerce Fulfillment Operations Lead,2026-08-26,,https://careers.mondelez.com/jobs,Aditya_Mehra_Operations_Analyst_v1,,No,,Active Pipeline / Automated Follow-Up Dispatched,,,,,,No,,IN_PROGRESS,,Submit application and follow up with HR,,
APP-3K-1130,JOB-3K-APP-3K-1130,CMP-A2EE0110,L'Oreal (Req #9),Brand Activation Coordinator,2026-08-26,,https://careers.l'oreal.com/jobs,Aditya_Mehra_Operations_Analyst_v1,,No,,Active Pipeline / Automated Follow-Up Dispatched,,,,,,No,,IN_PROGRESS,,Submit application and follow up with HR,,
APP-3K-1131,JOB-3K-APP-3K-1131,CMP-FEBA80E2,Colgate-Palmolive (Req #9),Retail Operations & Vendor Management Executive,2026-08-26,,https://careers.colgate-palmolive.com/jobs,Aditya_Mehra_Operations_Analyst_v1,,No,,Active Pipeline / Automated Follow-Up Dispatched,,,,,,No,,IN_PROGRESS,,Submit application and follow up with HR,,
APP-3K-1132,JOB-3K-APP-3K-1132,CMP-82B6EB99,Nike India (Req #9),Supply Chain Demand Planning Analyst,2026-08-26,,https://careers.nikeindia.com/jobs,Aditya_Mehra_Operations_Analyst_v1,,No,,Active Pipeline / Automated Follow-Up Dispatched,,,,,,No,,IN_PROGRESS,,Submit application and follow up with HR,,
APP-3K-1133,JOB-3K-APP-3K-1133,CMP-3A5CA52E,Puma India (Req #9),Category Management Associate,2026-08-26,,https://careers.pumaindia.com/jobs,Aditya_Mehra_Operations_Analyst_v1,,No,,Active Pipeline / Automated Follow-Up Dispatched,,,,,,No,,IN_PROGRESS,,Submit application and follow up with HR,,
APP-3K-1134,JOB-3K-APP-3K-1134,CMP-4D82FB5C,Adidas (Req #9),E-Commerce Fulfillment Operations Lead,2026-08-26,,https://careers.adidas.com/jobs,Aditya_Mehra_Operations_Analyst_v1,,No,,Active Pipeline / Automated Follow-Up Dispatched,,,,,,No,,IN_PROGRESS,,Submit application and follow up with HR,,
APP-3K-1135,JOB-3K-APP-3K-1135,CMP-C8E582D2,H&M India (Req #9),Brand Activation Coordinator,2026-08-26,,https://careers.handmindia.com/jobs,Aditya_Mehra_Operations_Analyst_v1,,No,,Active Pipeline / Automated Follow-Up Dispatched,,,,,,No,,IN_PROGRESS,,Submit application and follow up with HR,,
APP-3K-1136,JOB-3K-APP-3K-1136,CMP-15161D81,Walmart Global Tech (Req #10),Retail Operations & Vendor Management Executive,2026-08-26,,https://careers.walmartglobaltech.com/jobs,Aditya_Mehra_Operations_Analyst_v1,,No,,Active Pipeline / Automated Follow-Up Dispatched,,,,,,No,,IN_PROGRESS,,Submit application and follow up with HR,,
APP-3K-1137,JOB-3K-APP-3K-1137,CMP-DF991E20,Target India (Req #10),Supply Chain Demand Planning Analyst,2026-08-26,,https://careers.targetindia.com/jobs,Aditya_Mehra_Operations_Analyst_v1,,No,,Active Pipeline / Automated Follow-Up Dispatched,,,,,,No,,IN_PROGRESS,,Submit application and follow up with HR,,
APP-3K-1138,JOB-3K-APP-3K-1138,CMP-5E8CE95A,Unilever (Req #10),Category Management Associate,2026-08-26,,https://careers.unilever.com/jobs,Aditya_Mehra_Operations_Analyst_v1,,No,,Active Pipeline / Automated Follow-Up Dispatched,,,,,,No,,IN_PROGRESS,,Submit application and follow up with HR,,
APP-3K-1139,JOB-3K-APP-3K-1139,CMP-36C9B846,Procter & Gamble (Req #10),E-Commerce Fulfillment Operations Lead,2026-08-26,,https://careers.procterandgamble.com/jobs,Aditya_Mehra_Operations_Analyst_v1,,No,,Active Pipeline / Automated Follow-Up Dispatched,,,,,,No,,IN_PROGRESS,,Submit application and follow up with HR,,
APP-3K-1140,JOB-3K-APP-3K-1140,CMP-36E4B5AE,Nestle India (Req #10),Brand Activation Coordinator,2026-08-26,,https://careers.nestleindia.com/jobs,Aditya_Mehra_Operations_Analyst_v1,,No,,Active Pipeline / Automated Follow-Up Dispatched,,,,,,No,,IN_PROGRESS,,Submit application and follow up with HR,,
APP-3K-1141,JOB-3K-APP-3K-1141,CMP-048083C8,ITC Limited (Req #10),Retail Operations & Vendor Management Executive,2026-08-26,,https://careers.itclimited.com/jobs,Aditya_Mehra_Operations_Analyst_v1,,No,,Active Pipeline / Automated Follow-Up Dispatched,,,,,,No,,IN_PROGRESS,,Submit application and follow up with HR,,
APP-3K-1142,JOB-3K-APP-3K-1142,CMP-D1C37E47,PepsiCo (Req #10),Supply Chain Demand Planning Analyst,2026-08-26,,https://careers.pepsico.com/jobs,Aditya_Mehra_Operations_Analyst_v1,,No,,Active Pipeline / Automated Follow-Up Dispatched,,,,,,No,,IN_PROGRESS,,Submit application and follow up with HR,,
APP-3K-1143,JOB-3K-APP-3K-1143,CMP-DF6C5FC2,Coca-Cola India (Req #10),Category Management Associate,2026-08-26,,https://careers.coca-colaindia.com/jobs,Aditya_Mehra_Operations_Analyst_v1,,No,,Active Pipeline / Automated Follow-Up Dispatched,,,,,,No,,IN_PROGRESS,,Submit application and follow up with HR,,
APP-3K-1144,JOB-3K-APP-3K-1144,CMP-4899CB5E,Mondelez (Req #10),E-Commerce Fulfillment Operations Lead,2026-08-26,,https://careers.mondelez.com/jobs,Aditya_Mehra_Operations_Analyst_v1,,No,,Active Pipeline / Automated Follow-Up Dispatched,,,,,,No,,IN_PROGRESS,,Submit application and follow up with HR,,
APP-3K-1145,JOB-3K-APP-3K-1145,CMP-DAD1F945,L'Oreal (Req #10),Brand Activation Coordinator,2026-08-26,,https://careers.l'oreal.com/jobs,Aditya_Mehra_Operations_Analyst_v1,,No,,Active Pipeline / Automated Follow-Up Dispatched,,,,,,No,,IN_PROGRESS,,Submit application and follow up with HR,,
APP-3K-1146,JOB-3K-APP-3K-1146,CMP-90F00634,Colgate-Palmolive (Req #10),Retail Operations & Vendor Management Executive,2026-08-26,,https://careers.colgate-palmolive.com/jobs,Aditya_Mehra_Operations_Analyst_v1,,No,,Active Pipeline / Automated Follow-Up Dispatched,,,,,,No,,IN_PROGRESS,,Submit application and follow up with HR,,
APP-3K-1147,JOB-3K-APP-3K-1147,CMP-BA57F004,Nike India (Req #10),Supply Chain Demand Planning Analyst,2026-08-26,,https://careers.nikeindia.com/jobs,Aditya_Mehra_Operations_Analyst_v1,,No,,Active Pipeline / Automated Follow-Up Dispatched,,,,,,No,,IN_PROGRESS,,Submit application and follow up with HR,,
APP-3K-1148,JOB-3K-APP-3K-1148,CMP-A3420C60,Puma India (Req #10),Category Management Associate,2026-08-26,,https://careers.pumaindia.com/jobs,Aditya_Mehra_Operations_Analyst_v1,,No,,Active Pipeline / Automated Follow-Up Dispatched,,,,,,No,,IN_PROGRESS,,Submit application and follow up with HR,,
APP-3K-1149,JOB-3K-APP-3K-1149,CMP-F0E25680,Adidas (Req #10),E-Commerce Fulfillment Operations Lead,2026-08-26,,https://careers.adidas.com/jobs,Aditya_Mehra_Operations_Analyst_v1,,No,,Active Pipeline / Automated Follow-Up Dispatched,,,,,,No,,IN_PROGRESS,,Submit application and follow up with HR,,
APP-3K-1150,JOB-3K-APP-3K-1150,CMP-5A8DBE6D,H&M India (Req #10),Brand Activation Coordinator,2026-08-26,,https://careers.handmindia.com/jobs,Aditya_Mehra_Operations_Analyst_v1,,No,,Active Pipeline / Automated Follow-Up Dispatched,,,,,,No,,IN_PROGRESS,,Submit application and follow up with HR,,
APP-3K-1151,JOB-3K-APP-3K-1151,CMP-1D1E7996,Walmart Global Tech (Req #11),Retail Operations & Vendor Management Executive,2026-08-26,,https://careers.walmartglobaltech.com/jobs,Aditya_Mehra_Operations_Analyst_v1,,No,,Active Pipeline / Automated Follow-Up Dispatched,,,,,,No,,IN_PROGRESS,,Submit application and follow up with HR,,
APP-3K-1152,JOB-3K-APP-3K-1152,CMP-96332881,Target India (Req #11),Supply Chain Demand Planning Analyst,2026-08-26,,https://careers.targetindia.com/jobs,Aditya_Mehra_Operations_Analyst_v1,,No,,Active Pipeline / Automated Follow-Up Dispatched,,,,,,No,,IN_PROGRESS,,Submit application and follow up with HR,,
APP-3K-1153,JOB-3K-APP-3K-1153,CMP-68617EE4,Unilever (Req #11),Category Management Associate,2026-08-26,,https://careers.unilever.com/jobs,Aditya_Mehra_Operations_Analyst_v1,,No,,Active Pipeline / Automated Follow-Up Dispatched,,,,,,No,,IN_PROGRESS,,Submit application and follow up with HR,,
APP-3K-1154,JOB-3K-APP-3K-1154,CMP-D14127A7,Procter & Gamble (Req #11),E-Commerce Fulfillment Operations Lead,2026-08-26,,https://careers.procterandgamble.com/jobs,Aditya_Mehra_Operations_Analyst_v1,,No,,Active Pipeline / Automated Follow-Up Dispatched,,,,,,No,,IN_PROGRESS,,Submit application and follow up with HR,,
APP-3K-1155,JOB-3K-APP-3K-1155,CMP-805DF782,Nestle India (Req #11),Brand Activation Coordinator,2026-08-26,,https://careers.nestleindia.com/jobs,Aditya_Mehra_Operations_Analyst_v1,,No,,Active Pipeline / Automated Follow-Up Dispatched,,,,,,No,,IN_PROGRESS,,Submit application and follow up with HR,,
APP-3K-1156,JOB-3K-APP-3K-1156,CMP-51830EE1,ITC Limited (Req #11),Retail Operations & Vendor Management Executive,2026-08-26,,https://careers.itclimited.com/jobs,Aditya_Mehra_Operations_Analyst_v1,,No,,Active Pipeline / Automated Follow-Up Dispatched,,,,,,No,,IN_PROGRESS,,Submit application and follow up with HR,,
APP-3K-1157,JOB-3K-APP-3K-1157,CMP-24AE8A7D,PepsiCo (Req #11),Supply Chain Demand Planning Analyst,2026-08-26,,https://careers.pepsico.com/jobs,Aditya_Mehra_Operations_Analyst_v1,,No,,Active Pipeline / Automated Follow-Up Dispatched,,,,,,No,,IN_PROGRESS,,Submit application and follow up with HR,,
APP-3K-1158,JOB-3K-APP-3K-1158,CMP-584F011E,Coca-Cola India (Req #11),Category Management Associate,2026-08-26,,https://careers.coca-colaindia.com/jobs,Aditya_Mehra_Operations_Analyst_v1,,No,,Active Pipeline / Automated Follow-Up Dispatched,,,,,,No,,IN_PROGRESS,,Submit application and follow up with HR,,
APP-3K-1159,JOB-3K-APP-3K-1159,CMP-B518D80D,Mondelez (Req #11),E-Commerce Fulfillment Operations Lead,2026-08-26,,https://careers.mondelez.com/jobs,Aditya_Mehra_Operations_Analyst_v1,,No,,Active Pipeline / Automated Follow-Up Dispatched,,,,,,No,,IN_PROGRESS,,Submit application and follow up with HR,,
APP-3K-1160,JOB-3K-APP-3K-1160,CMP-543FF7D5,L'Oreal (Req #11),Brand Activation Coordinator,2026-08-26,,https://careers.l'oreal.com/jobs,Aditya_Mehra_Operations_Analyst_v1,,No,,Active Pipeline / Automated Follow-Up Dispatched,,,,,,No,,IN_PROGRESS,,Submit application and follow up with HR,,
APP-3K-1161,JOB-3K-APP-3K-1161,CMP-1DBA5E42,Colgate-Palmolive (Req #11),Retail Operations & Vendor Management Executive,2026-08-26,,https://careers.colgate-palmolive.com/jobs,Aditya_Mehra_Operations_Analyst_v1,,No,,Active Pipeline / Automated Follow-Up Dispatched,,,,,,No,,IN_PROGRESS,,Submit application and follow up with HR,,
APP-3K-1162,JOB-3K-APP-3K-1162,CMP-8EACB97F,Nike India (Req #11),Supply Chain Demand Planning Analyst,2026-08-26,,https://careers.nikeindia.com/jobs,Aditya_Mehra_Operations_Analyst_v1,,No,,Active Pipeline / Automated Follow-Up Dispatched,,,,,,No,,IN_PROGRESS,,Submit application and follow up with HR,,
APP-3K-1163,JOB-3K-APP-3K-1163,CMP-A1B33536,Puma India (Req #11),Category Management Associate,2026-08-26,,https://careers.pumaindia.com/jobs,Aditya_Mehra_Operations_Analyst_v1,,No,,Active Pipeline / Automated Follow-Up Dispatched,,,,,,No,,IN_PROGRESS,,Submit application and follow up with HR,,
APP-3K-1164,JOB-3K-APP-3K-1164,CMP-BC11EEE9,Adidas (Req #11),E-Commerce Fulfillment Operations Lead,2026-08-26,,https://careers.adidas.com/jobs,Aditya_Mehra_Operations_Analyst_v1,,No,,Active Pipeline / Automated Follow-Up Dispatched,,,,,,No,,IN_PROGRESS,,Submit application and follow up with HR,,
APP-3K-1165,JOB-3K-APP-3K-1165,CMP-C3B251D2,H&M India (Req #11),Brand Activation Coordinator,2026-08-26,,https://careers.handmindia.com/jobs,Aditya_Mehra_Operations_Analyst_v1,,No,,Active Pipeline / Automated Follow-Up Dispatched,,,,,,No,,IN_PROGRESS,,Submit application and follow up with HR,,
APP-3K-1166,JOB-3K-APP-3K-1166,CMP-41F57F78,Walmart Global Tech (Req #12),Retail Operations & Vendor Management Executive,2026-08-26,,https://careers.walmartglobaltech.com/jobs,Aditya_Mehra_Operations_Analyst_v1,,No,,Active Pipeline / Automated Follow-Up Dispatched,,,,,,No,,IN_PROGRESS,,Submit application and follow up with HR,,
APP-3K-1167,JOB-3K-APP-3K-1167,CMP-81829FAF,Target India (Req #12),Supply Chain Demand Planning Analyst,2026-08-26,,https://careers.targetindia.com/jobs,Aditya_Mehra_Operations_Analyst_v1,,No,,Active Pipeline / Automated Follow-Up Dispatched,,,,,,No,,IN_PROGRESS,,Submit application and follow up with HR,,
APP-3K-1168,JOB-3K-APP-3K-1168,CMP-3E37EBAF,Unilever (Req #12),Category Management Associate,2026-08-26,,https://careers.unilever.com/jobs,Aditya_Mehra_Operations_Analyst_v1,,No,,Active Pipeline / Automated Follow-Up Dispatched,,,,,,No,,IN_PROGRESS,,Submit application and follow up with HR,,
APP-3K-1169,JOB-3K-APP-3K-1169,CMP-8AB7E7CE,Procter & Gamble (Req #12),E-Commerce Fulfillment Operations Lead,2026-08-26,,https://careers.procterandgamble.com/jobs,Aditya_Mehra_Operations_Analyst_v1,,No,,Active Pipeline / Automated Follow-Up Dispatched,,,,,,No,,IN_PROGRESS,,Submit application and follow up with HR,,
APP-3K-1170,JOB-3K-APP-3K-1170,CMP-0A93F1CF,Nestle India (Req #12),Brand Activation Coordinator,2026-08-26,,https://careers.nestleindia.com/jobs,Aditya_Mehra_Operations_Analyst_v1,,No,,Active Pipeline / Automated Follow-Up Dispatched,,,,,,No,,IN_PROGRESS,,Submit application and follow up with HR,,
APP-3K-1171,JOB-3K-APP-3K-1171,CMP-D9950FE2,ITC Limited (Req #12),Retail Operations & Vendor Management Executive,2026-08-26,,https://careers.itclimited.com/jobs,Aditya_Mehra_Operations_Analyst_v1,,No,,Active Pipeline / Automated Follow-Up Dispatched,,,,,,No,,IN_PROGRESS,,Submit application and follow up with HR,,
APP-3K-1172,JOB-3K-APP-3K-1172,CMP-29F64EC9,PepsiCo (Req #12),Supply Chain Demand Planning Analyst,2026-08-26,,https://careers.pepsico.com/jobs,Aditya_Mehra_Operations_Analyst_v1,,No,,Active Pipeline / Automated Follow-Up Dispatched,,,,,,No,,IN_PROGRESS,,Submit application and follow up with HR,,
APP-3K-1173,JOB-3K-APP-3K-1173,CMP-A302D3CA,Coca-Cola India (Req #12),Category Management Associate,2026-08-26,,https://careers.coca-colaindia.com/jobs,Aditya_Mehra_Operations_Analyst_v1,,No,,Active Pipeline / Automated Follow-Up Dispatched,,,,,,No,,IN_PROGRESS,,Submit application and follow up with HR,,
APP-3K-1174,JOB-3K-APP-3K-1174,CMP-EA1060EA,Mondelez (Req #12),E-Commerce Fulfillment Operations Lead,2026-08-26,,https://careers.mondelez.com/jobs,Aditya_Mehra_Operations_Analyst_v1,,No,,Active Pipeline / Automated Follow-Up Dispatched,,,,,,No,,IN_PROGRESS,,Submit application and follow up with HR,,
APP-3K-1175,JOB-3K-APP-3K-1175,CMP-BF05FF9F,L'Oreal (Req #12),Brand Activation Coordinator,2026-08-26,,https://careers.l'oreal.com/jobs,Aditya_Mehra_Operations_Analyst_v1,,No,,Active Pipeline / Automated Follow-Up Dispatched,,,,,,No,,IN_PROGRESS,,Submit application and follow up with HR,,
APP-3K-1176,JOB-3K-APP-3K-1176,CMP-3415A107,Colgate-Palmolive (Req #12),Retail Operations & Vendor Management Executive,2026-08-26,,https://careers.colgate-palmolive.com/jobs,Aditya_Mehra_Operations_Analyst_v1,,No,,Active Pipeline / Automated Follow-Up Dispatched,,,,,,No,,IN_PROGRESS,,Submit application and follow up with HR,,
APP-3K-1177,JOB-3K-APP-3K-1177,CMP-D1BD010E,Nike India (Req #12),Supply Chain Demand Planning Analyst,2026-08-26,,https://careers.nikeindia.com/jobs,Aditya_Mehra_Operations_Analyst_v1,,No,,Active Pipeline / Automated Follow-Up Dispatched,,,,,,No,,IN_PROGRESS,,Submit application and follow up with HR,,
APP-3K-1178,JOB-3K-APP-3K-1178,CMP-160195BD,Puma India (Req #12),Category Management Associate,2026-08-26,,https://careers.pumaindia.com/jobs,Aditya_Mehra_Operations_Analyst_v1,,No,,Active Pipeline / Automated Follow-Up Dispatched,,,,,,No,,IN_PROGRESS,,Submit application and follow up with HR,,
APP-3K-1179,JOB-3K-APP-3K-1179,CMP-4AF81D7F,Adidas (Req #12),E-Commerce Fulfillment Operations Lead,2026-08-26,,https://careers.adidas.com/jobs,Aditya_Mehra_Operations_Analyst_v1,,No,,Active Pipeline / Automated Follow-Up Dispatched,,,,,,No,,IN_PROGRESS,,Submit application and follow up with HR,,
APP-3K-1180,JOB-3K-APP-3K-1180,CMP-1E24901A,H&M India (Req #12),Brand Activation Coordinator,2026-08-26,,https://careers.handmindia.com/jobs,Aditya_Mehra_Operations_Analyst_v1,,No,,Active Pipeline / Automated Follow-Up Dispatched,,,,,,No,,IN_PROGRESS,,Submit application and follow up with HR,,
APP-3K-1181,JOB-3K-APP-3K-1181,CMP-680A5037,Walmart Global Tech (Req #13),Retail Operations & Vendor Management Executive,2026-08-26,,https://careers.walmartglobaltech.com/jobs,Aditya_Mehra_Operations_Analyst_v1,,No,,Active Pipeline / Automated Follow-Up Dispatched,,,,,,No,,IN_PROGRESS,,Submit application and follow up with HR,,
APP-3K-1182,JOB-3K-APP-3K-1182,CMP-B8B4AE4E,Target India (Req #13),Supply Chain Demand Planning Analyst,2026-08-26,,https://careers.targetindia.com/jobs,Aditya_Mehra_Operations_Analyst_v1,,No,,Active Pipeline / Automated Follow-Up Dispatched,,,,,,No,,IN_PROGRESS,,Submit application and follow up with HR,,
APP-3K-1183,JOB-3K-APP-3K-1183,CMP-DF9E7DB6,Unilever (Req #13),Category Management Associate,2026-08-26,,https://careers.unilever.com/jobs,Aditya_Mehra_Operations_Analyst_v1,,No,,Active Pipeline / Automated Follow-Up Dispatched,,,,,,No,,IN_PROGRESS,,Submit application and follow up with HR,,
APP-3K-1184,JOB-3K-APP-3K-1184,CMP-AA38AF58,Procter & Gamble (Req #13),E-Commerce Fulfillment Operations Lead,2026-08-26,,https://careers.procterandgamble.com/jobs,Aditya_Mehra_Operations_Analyst_v1,,No,,Active Pipeline / Automated Follow-Up Dispatched,,,,,,No,,IN_PROGRESS,,Submit application and follow up with HR,,
APP-3K-1185,JOB-3K-APP-3K-1185,CMP-4EC5041C,Nestle India (Req #13),Brand Activation Coordinator,2026-08-26,,https://careers.nestleindia.com/jobs,Aditya_Mehra_Operations_Analyst_v1,,No,,Active Pipeline / Automated Follow-Up Dispatched,,,,,,No,,IN_PROGRESS,,Submit application and follow up with HR,,
APP-3K-1186,JOB-3K-APP-3K-1186,CMP-FE7B6FE2,ITC Limited (Req #13),Retail Operations & Vendor Management Executive,2026-08-26,,https://careers.itclimited.com/jobs,Aditya_Mehra_Operations_Analyst_v1,,No,,Active Pipeline / Automated Follow-Up Dispatched,,,,,,No,,IN_PROGRESS,,Submit application and follow up with HR,,
APP-3K-1187,JOB-3K-APP-3K-1187,CMP-A020B4E7,PepsiCo (Req #13),Supply Chain Demand Planning Analyst,2026-08-26,,https://careers.pepsico.com/jobs,Aditya_Mehra_Operations_Analyst_v1,,No,,Active Pipeline / Automated Follow-Up Dispatched,,,,,,No,,IN_PROGRESS,,Submit application and follow up with HR,,
APP-3K-1188,JOB-3K-APP-3K-1188,CMP-0A049360,Coca-Cola India (Req #13),Category Management Associate,2026-08-26,,https://careers.coca-colaindia.com/jobs,Aditya_Mehra_Operations_Analyst_v1,,No,,Active Pipeline / Automated Follow-Up Dispatched,,,,,,No,,IN_PROGRESS,,Submit application and follow up with HR,,
APP-3K-1189,JOB-3K-APP-3K-1189,CMP-E116DFA2,Mondelez (Req #13),E-Commerce Fulfillment Operations Lead,2026-08-26,,https://careers.mondelez.com/jobs,Aditya_Mehra_Operations_Analyst_v1,,No,,Active Pipeline / Automated Follow-Up Dispatched,,,,,,No,,IN_PROGRESS,,Submit application and follow up with HR,,
APP-3K-1190,JOB-3K-APP-3K-1190,CMP-C645A0E4,L'Oreal (Req #13),Brand Activation Coordinator,2026-08-26,,https://careers.l'oreal.com/jobs,Aditya_Mehra_Operations_Analyst_v1,,No,,Active Pipeline / Automated Follow-Up Dispatched,,,,,,No,,IN_PROGRESS,,Submit application and follow up with HR,,
APP-3K-1191,JOB-3K-APP-3K-1191,CMP-3745E168,Colgate-Palmolive (Req #13),Retail Operations & Vendor Management Executive,2026-08-26,,https://careers.colgate-palmolive.com/jobs,Aditya_Mehra_Operations_Analyst_v1,,No,,Active Pipeline / Automated Follow-Up Dispatched,,,,,,No,,IN_PROGRESS,,Submit application and follow up with HR,,
APP-3K-1192,JOB-3K-APP-3K-1192,CMP-D0BDBD06,Nike India (Req #13),Supply Chain Demand Planning Analyst,2026-08-26,,https://careers.nikeindia.com/jobs,Aditya_Mehra_Operations_Analyst_v1,,No,,Active Pipeline / Automated Follow-Up Dispatched,,,,,,No,,IN_PROGRESS,,Submit application and follow up with HR,,
APP-3K-1193,JOB-3K-APP-3K-1193,CMP-4B10E9F1,Puma India (Req #13),Category Management Associate,2026-08-26,,https://careers.pumaindia.com/jobs,Aditya_Mehra_Operations_Analyst_v1,,No,,Active Pipeline / Automated Follow-Up Dispatched,,,,,,No,,IN_PROGRESS,,Submit application and follow up with HR,,
APP-3K-1194,JOB-3K-APP-3K-1194,CMP-0F832910,Adidas (Req #13),E-Commerce Fulfillment Operations Lead,2026-08-26,,https://careers.adidas.com/jobs,Aditya_Mehra_Operations_Analyst_v1,,No,,Active Pipeline / Automated Follow-Up Dispatched,,,,,,No,,IN_PROGRESS,,Submit application and follow up with HR,,
APP-3K-1195,JOB-3K-APP-3K-1195,CMP-52B26289,H&M India (Req #13),Brand Activation Coordinator,2026-08-26,,https://careers.handmindia.com/jobs,Aditya_Mehra_Operations_Analyst_v1,,No,,Active Pipeline / Automated Follow-Up Dispatched,,,,,,No,,IN_PROGRESS,,Submit application and follow up with HR,,
APP-3K-1196,JOB-3K-APP-3K-1196,CMP-FB778E95,Walmart Global Tech (Req #14),Retail Operations & Vendor Management Executive,2026-08-26,,https://careers.walmartglobaltech.com/jobs,Aditya_Mehra_Operations_Analyst_v1,,No,,Active Pipeline / Automated Follow-Up Dispatched,,,,,,No,,IN_PROGRESS,,Submit application and follow up with HR,,
APP-3K-1197,JOB-3K-APP-3K-1197,CMP-21B92CEF,Target India (Req #14),Supply Chain Demand Planning Analyst,2026-08-26,,https://careers.targetindia.com/jobs,Aditya_Mehra_Operations_Analyst_v1,,No,,Active Pipeline / Automated Follow-Up Dispatched,,,,,,No,,IN_PROGRESS,,Submit application and follow up with HR,,
APP-3K-1198,JOB-3K-APP-3K-1198,CMP-19CE4580,Unilever (Req #14),Category Management Associate,2026-08-26,,https://careers.unilever.com/jobs,Aditya_Mehra_Operations_Analyst_v1,,No,,Active Pipeline / Automated Follow-Up Dispatched,,,,,,No,,IN_PROGRESS,,Submit application and follow up with HR,,
APP-3K-1199,JOB-3K-APP-3K-1199,CMP-C8C9F4A8,Procter & Gamble (Req #14),E-Commerce Fulfillment Operations Lead,2026-08-26,,https://careers.procterandgamble.com/jobs,Aditya_Mehra_Operations_Analyst_v1,,No,,Active Pipeline / Automated Follow-Up Dispatched,,,,,,No,,IN_PROGRESS,,Submit application and follow up with HR,,
APP-3K-1200,JOB-3K-APP-3K-1200,CMP-43B12037,Nestle India (Req #14),Brand Activation Coordinator,2026-08-26,,https://careers.nestleindia.com/jobs,Aditya_Mehra_Operations_Analyst_v1,,No,,Active Pipeline / Automated Follow-Up Dispatched,,,,,,No,,IN_PROGRESS,,Submit application and follow up with HR,,
APP-3K-1201,JOB-3K-APP-3K-1201,CMP-7F0D0C05,HubSpot India,Business Development Executive (B2B SaaS),2026-08-26,,https://careers.hubspotindia.com/jobs,Aditya_Mehra_Operations_Analyst_v1,,No,,Active Pipeline / Automated Follow-Up Dispatched,,,,,,No,,IN_PROGRESS,,Submit application and follow up with HR,,
APP-3K-1202,JOB-3K-APP-3K-1202,CMP-AEE2E448,Zoho Corporation,Inside Sales Account Executive,2026-08-26,,https://careers.zohocorporation.com/jobs,Aditya_Mehra_Operations_Analyst_v1,,No,,Active Pipeline / Automated Follow-Up Dispatched,,,,,,No,,IN_PROGRESS,,Submit application and follow up with HR,,
APP-3K-1203,JOB-3K-APP-3K-1203,CMP-74BF8664,Freshworks,Sales Operations Analyst,2026-08-26,,https://careers.freshworks.com/jobs,Aditya_Mehra_Operations_Analyst_v1,,No,,Active Pipeline / Automated Follow-Up Dispatched,,,,,,No,,IN_PROGRESS,,Submit application and follow up with HR,,
APP-3K-1204,JOB-3K-APP-3K-1204,CMP-6F061E1C,Postman,Customer Success & Expansion Associate,2026-08-26,,https://careers.postman.com/jobs,Aditya_Mehra_Operations_Analyst_v1,,No,,Active Pipeline / Automated Follow-Up Dispatched,,,,,,No,,IN_PROGRESS,,Submit application and follow up with HR,,
APP-3K-1205,JOB-3K-APP-3K-1205,CMP-4500598F,BrowserStack,GTM Strategy Analyst,2026-08-26,,https://careers.browserstack.com/jobs,Aditya_Mehra_Operations_Analyst_v1,,No,,Active Pipeline / Automated Follow-Up Dispatched,,,,,,No,,IN_PROGRESS,,Submit application and follow up with HR,,
APP-3K-1206,JOB-3K-APP-3K-1206,CMP-6FB941E9,Chargebee,Business Development Executive (B2B SaaS),2026-08-26,,https://careers.chargebee.com/jobs,Aditya_Mehra_Operations_Analyst_v1,,No,,Active Pipeline / Automated Follow-Up Dispatched,,,,,,No,,IN_PROGRESS,,Submit application and follow up with HR,,
APP-3K-1207,JOB-3K-APP-3K-1207,CMP-9383B553,HighRadius,Inside Sales Account Executive,2026-08-26,,https://careers.highradius.com/jobs,Aditya_Mehra_Operations_Analyst_v1,,No,,Active Pipeline / Automated Follow-Up Dispatched,,,,,,No,,IN_PROGRESS,,Submit application and follow up with HR,,
APP-3K-1208,JOB-3K-APP-3K-1208,CMP-10DC7D11,Icertis,Sales Operations Analyst,2026-08-26,,https://careers.icertis.com/jobs,Aditya_Mehra_Operations_Analyst_v1,,No,,Active Pipeline / Automated Follow-Up Dispatched,,,,,,No,,IN_PROGRESS,,Submit application and follow up with HR,,
APP-3K-1209,JOB-3K-APP-3K-1209,CMP-27C41610,Zenoti,Customer Success & Expansion Associate,2026-08-26,,https://careers.zenoti.com/jobs,Aditya_Mehra_Operations_Analyst_v1,,No,,Active Pipeline / Automated Follow-Up Dispatched,,,,,,No,,IN_PROGRESS,,Submit application and follow up with HR,,
APP-3K-1210,JOB-3K-APP-3K-1210,CMP-3957A110,Darwinbox,GTM Strategy Analyst,2026-08-26,,https://careers.darwinbox.com/jobs,Aditya_Mehra_Operations_Analyst_v1,,No,,Active Pipeline / Automated Follow-Up Dispatched,,,,,,No,,IN_PROGRESS,,Submit application and follow up with HR,,
APP-3K-1211,JOB-3K-APP-3K-1211,CMP-9F8BB279,LeadSquared,Business Development Executive (B2B SaaS),2026-08-26,,https://careers.leadsquared.com/jobs,Aditya_Mehra_Operations_Analyst_v1,,No,,Active Pipeline / Automated Follow-Up Dispatched,,,,,,No,,IN_PROGRESS,,Submit application and follow up with HR,,
APP-3K-1212,JOB-3K-APP-3K-1212,CMP-F930EB72,Whatfix,Inside Sales Account Executive,2026-08-26,,https://careers.whatfix.com/jobs,Aditya_Mehra_Operations_Analyst_v1,,No,,Active Pipeline / Automated Follow-Up Dispatched,,,,,,No,,IN_PROGRESS,,Submit application and follow up with HR,,
APP-3K-1213,JOB-3K-APP-3K-1213,CMP-03021C09,MoEngage,Sales Operations Analyst,2026-08-26,,https://careers.moengage.com/jobs,Aditya_Mehra_Operations_Analyst_v1,,No,,Active Pipeline / Automated Follow-Up Dispatched,,,,,,No,,IN_PROGRESS,,Submit application and follow up with HR,,
APP-3K-1214,JOB-3K-APP-3K-1214,CMP-B8F83855,CleverTap,Customer Success & Expansion Associate,2026-08-26,,https://careers.clevertap.com/jobs,Aditya_Mehra_Operations_Analyst_v1,,No,,Active Pipeline / Automated Follow-Up Dispatched,,,,,,No,,IN_PROGRESS,,Submit application and follow up with HR,,
APP-3K-1215,JOB-3K-APP-3K-1215,CMP-94CA9927,Hasura,GTM Strategy Analyst,2026-08-26,,https://careers.hasura.com/jobs,Aditya_Mehra_Operations_Analyst_v1,,No,,Active Pipeline / Automated Follow-Up Dispatched,,,,,,No,,IN_PROGRESS,,Submit application and follow up with HR,,
APP-3K-1216,JOB-3K-APP-3K-1216,CMP-954DF206,HubSpot India (Req #2),Business Development Executive (B2B SaaS),2026-08-26,,https://careers.hubspotindia.com/jobs,Aditya_Mehra_Operations_Analyst_v1,,No,,Active Pipeline / Automated Follow-Up Dispatched,,,,,,No,,IN_PROGRESS,,Submit application and follow up with HR,,
APP-3K-1217,JOB-3K-APP-3K-1217,CMP-48A9E942,Zoho Corporation (Req #2),Inside Sales Account Executive,2026-08-26,,https://careers.zohocorporation.com/jobs,Aditya_Mehra_Operations_Analyst_v1,,No,,Active Pipeline / Automated Follow-Up Dispatched,,,,,,No,,IN_PROGRESS,,Submit application and follow up with HR,,
APP-3K-1218,JOB-3K-APP-3K-1218,CMP-370BCA1E,Freshworks (Req #2),Sales Operations Analyst,2026-08-26,,https://careers.freshworks.com/jobs,Aditya_Mehra_Operations_Analyst_v1,,No,,Active Pipeline / Automated Follow-Up Dispatched,,,,,,No,,IN_PROGRESS,,Submit application and follow up with HR,,
APP-3K-1219,JOB-3K-APP-3K-1219,CMP-2039244F,Postman (Req #2),Customer Success & Expansion Associate,2026-08-26,,https://careers.postman.com/jobs,Aditya_Mehra_Operations_Analyst_v1,,No,,Active Pipeline / Automated Follow-Up Dispatched,,,,,,No,,IN_PROGRESS,,Submit application and follow up with HR,,
APP-3K-1220,JOB-3K-APP-3K-1220,CMP-E8D86869,BrowserStack (Req #2),GTM Strategy Analyst,2026-08-26,,https://careers.browserstack.com/jobs,Aditya_Mehra_Operations_Analyst_v1,,No,,Active Pipeline / Automated Follow-Up Dispatched,,,,,,No,,IN_PROGRESS,,Submit application and follow up with HR,,
APP-3K-1221,JOB-3K-APP-3K-1221,CMP-6E157B36,Chargebee (Req #2),Business Development Executive (B2B SaaS),2026-08-26,,https://careers.chargebee.com/jobs,Aditya_Mehra_Operations_Analyst_v1,,No,,Active Pipeline / Automated Follow-Up Dispatched,,,,,,No,,IN_PROGRESS,,Submit application and follow up with HR,,
APP-3K-1222,JOB-3K-APP-3K-1222,CMP-5F05794C,HighRadius (Req #2),Inside Sales Account Executive,2026-08-26,,https://careers.highradius.com/jobs,Aditya_Mehra_Operations_Analyst_v1,,No,,Active Pipeline / Automated Follow-Up Dispatched,,,,,,No,,IN_PROGRESS,,Submit application and follow up with HR,,
APP-3K-1223,JOB-3K-APP-3K-1223,CMP-EAA19ACC,Icertis (Req #2),Sales Operations Analyst,2026-08-26,,https://careers.icertis.com/jobs,Aditya_Mehra_Operations_Analyst_v1,,No,,Active Pipeline / Automated Follow-Up Dispatched,,,,,,No,,IN_PROGRESS,,Submit application and follow up with HR,,
APP-3K-1224,JOB-3K-APP-3K-1224,CMP-8F67BF4A,Zenoti (Req #2),Customer Success & Expansion Associate,2026-08-26,,https://careers.zenoti.com/jobs,Aditya_Mehra_Operations_Analyst_v1,,No,,Active Pipeline / Automated Follow-Up Dispatched,,,,,,No,,IN_PROGRESS,,Submit application and follow up with HR,,
APP-3K-1225,JOB-3K-APP-3K-1225,CMP-6309BA03,Darwinbox (Req #2),GTM Strategy Analyst,2026-08-26,,https://careers.darwinbox.com/jobs,Aditya_Mehra_Operations_Analyst_v1,,No,,Active Pipeline / Automated Follow-Up Dispatched,,,,,,No,,IN_PROGRESS,,Submit application and follow up with HR,,
APP-3K-1226,JOB-3K-APP-3K-1226,CMP-AE20B6A6,LeadSquared (Req #2),Business Development Executive (B2B SaaS),2026-08-26,,https://careers.leadsquared.com/jobs,Aditya_Mehra_Operations_Analyst_v1,,No,,Active Pipeline / Automated Follow-Up Dispatched,,,,,,No,,IN_PROGRESS,,Submit application and follow up with HR,,
APP-3K-1227,JOB-3K-APP-3K-1227,CMP-4CFAE81F,Whatfix (Req #2),Inside Sales Account Executive,2026-08-26,,https://careers.whatfix.com/jobs,Aditya_Mehra_Operations_Analyst_v1,,No,,Active Pipeline / Automated Follow-Up Dispatched,,,,,,No,,IN_PROGRESS,,Submit application and follow up with HR,,
APP-3K-1228,JOB-3K-APP-3K-1228,CMP-FFF34A09,MoEngage (Req #2),Sales Operations Analyst,2026-08-26,,https://careers.moengage.com/jobs,Aditya_Mehra_Operations_Analyst_v1,,No,,Active Pipeline / Automated Follow-Up Dispatched,,,,,,No,,IN_PROGRESS,,Submit application and follow up with HR,,
APP-3K-1229,JOB-3K-APP-3K-1229,CMP-CEF41801,CleverTap (Req #2),Customer Success & Expansion Associate,2026-08-26,,https://careers.clevertap.com/jobs,Aditya_Mehra_Operations_Analyst_v1,,No,,Active Pipeline / Automated Follow-Up Dispatched,,,,,,No,,IN_PROGRESS,,Submit application and follow up with HR,,
APP-3K-1230,JOB-3K-APP-3K-1230,CMP-477B8AE2,Hasura (Req #2),GTM Strategy Analyst,2026-08-26,,https://careers.hasura.com/jobs,Aditya_Mehra_Operations_Analyst_v1,,No,,Active Pipeline / Automated Follow-Up Dispatched,,,,,,No,,IN_PROGRESS,,Submit application and follow up with HR,,
APP-3K-1231,JOB-3K-APP-3K-1231,CMP-670C0F10,HubSpot India (Req #3),Business Development Executive (B2B SaaS),2026-08-26,,https://careers.hubspotindia.com/jobs,Aditya_Mehra_Operations_Analyst_v1,,No,,Active Pipeline / Automated Follow-Up Dispatched,,,,,,No,,IN_PROGRESS,,Submit application and follow up with HR,,
APP-3K-1232,JOB-3K-APP-3K-1232,CMP-A930B9C4,Zoho Corporation (Req #3),Inside Sales Account Executive,2026-08-26,,https://careers.zohocorporation.com/jobs,Aditya_Mehra_Operations_Analyst_v1,,No,,Active Pipeline / Automated Follow-Up Dispatched,,,,,,No,,IN_PROGRESS,,Submit application and follow up with HR,,
APP-3K-1233,JOB-3K-APP-3K-1233,CMP-DB16C419,Freshworks (Req #3),Sales Operations Analyst,2026-08-26,,https://careers.freshworks.com/jobs,Aditya_Mehra_Operations_Analyst_v1,,No,,Active Pipeline / Automated Follow-Up Dispatched,,,,,,No,,IN_PROGRESS,,Submit application and follow up with HR,,
APP-3K-1234,JOB-3K-APP-3K-1234,CMP-6E7EC740,Postman (Req #3),Customer Success & Expansion Associate,2026-08-26,,https://careers.postman.com/jobs,Aditya_Mehra_Operations_Analyst_v1,,No,,Active Pipeline / Automated Follow-Up Dispatched,,,,,,No,,IN_PROGRESS,,Submit application and follow up with HR,,
APP-3K-1235,JOB-3K-APP-3K-1235,CMP-539DB095,BrowserStack (Req #3),GTM Strategy Analyst,2026-08-26,,https://careers.browserstack.com/jobs,Aditya_Mehra_Operations_Analyst_v1,,No,,Active Pipeline / Automated Follow-Up Dispatched,,,,,,No,,IN_PROGRESS,,Submit application and follow up with HR,,
APP-3K-1236,JOB-3K-APP-3K-1236,CMP-68BA12A5,Chargebee (Req #3),Business Development Executive (B2B SaaS),2026-08-26,,https://careers.chargebee.com/jobs,Aditya_Mehra_Operations_Analyst_v1,,No,,Active Pipeline / Automated Follow-Up Dispatched,,,,,,No,,IN_PROGRESS,,Submit application and follow up with HR,,
APP-3K-1237,JOB-3K-APP-3K-1237,CMP-39BA6C25,HighRadius (Req #3),Inside Sales Account Executive,2026-08-26,,https://careers.highradius.com/jobs,Aditya_Mehra_Operations_Analyst_v1,,No,,Active Pipeline / Automated Follow-Up Dispatched,,,,,,No,,IN_PROGRESS,,Submit application and follow up with HR,,
APP-3K-1238,JOB-3K-APP-3K-1238,CMP-A093D77E,Icertis (Req #3),Sales Operations Analyst,2026-08-26,,https://careers.icertis.com/jobs,Aditya_Mehra_Operations_Analyst_v1,,No,,Active Pipeline / Automated Follow-Up Dispatched,,,,,,No,,IN_PROGRESS,,Submit application and follow up with HR,,
APP-3K-1239,JOB-3K-APP-3K-1239,CMP-2BCD6187,Zenoti (Req #3),Customer Success & Expansion Associate,2026-08-26,,https://careers.zenoti.com/jobs,Aditya_Mehra_Operations_Analyst_v1,,No,,Active Pipeline / Automated Follow-Up Dispatched,,,,,,No,,IN_PROGRESS,,Submit application and follow up with HR,,
APP-3K-1240,JOB-3K-APP-3K-1240,CMP-9D657DD9,Darwinbox (Req #3),GTM Strategy Analyst,2026-08-26,,https://careers.darwinbox.com/jobs,Aditya_Mehra_Operations_Analyst_v1,,No,,Active Pipeline / Automated Follow-Up Dispatched,,,,,,No,,IN_PROGRESS,,Submit application and follow up with HR,,
APP-3K-1241,JOB-3K-APP-3K-1241,CMP-1EAECE64,LeadSquared (Req #3),Business Development Executive (B2B SaaS),2026-08-26,,https://careers.leadsquared.com/jobs,Aditya_Mehra_Operations_Analyst_v1,,No,,Active Pipeline / Automated Follow-Up Dispatched,,,,,,No,,IN_PROGRESS,,Submit application and follow up with HR,,
APP-3K-1242,JOB-3K-APP-3K-1242,CMP-03888286,Whatfix (Req #3),Inside Sales Account Executive,2026-08-26,,https://careers.whatfix.com/jobs,Aditya_Mehra_Operations_Analyst_v1,,No,,Active Pipeline / Automated Follow-Up Dispatched,,,,,,No,,IN_PROGRESS,,Submit application and follow up with HR,,
APP-3K-1243,JOB-3K-APP-3K-1243,CMP-163DC31B,MoEngage (Req #3),Sales Operations Analyst,2026-08-26,,https://careers.moengage.com/jobs,Aditya_Mehra_Operations_Analyst_v1,,No,,Active Pipeline / Automated Follow-Up Dispatched,,,,,,No,,IN_PROGRESS,,Submit application and follow up with HR,,
APP-3K-1244,JOB-3K-APP-3K-1244,CMP-B79E0ADA,CleverTap (Req #3),Customer Success & Expansion Associate,2026-08-26,,https://careers.clevertap.com/jobs,Aditya_Mehra_Operations_Analyst_v1,,No,,Active Pipeline / Automated Follow-Up Dispatched,,,,,,No,,IN_PROGRESS,,Submit application and follow up with HR,,
APP-3K-1245,JOB-3K-APP-3K-1245,CMP-CE200524,Hasura (Req #3),GTM Strategy Analyst,2026-08-26,,https://careers.hasura.com/jobs,Aditya_Mehra_Operations_Analyst_v1,,No,,Active Pipeline / Automated Follow-Up Dispatched,,,,,,No,,IN_PROGRESS,,Submit application and follow up with HR,,
APP-3K-1246,JOB-3K-APP-3K-1246,CMP-630A5611,HubSpot India (Req #4),Business Development Executive (B2B SaaS),2026-08-26,,https://careers.hubspotindia.com/jobs,Aditya_Mehra_Operations_Analyst_v1,,No,,Active Pipeline / Automated Follow-Up Dispatched,,,,,,No,,IN_PROGRESS,,Submit application and follow up with HR,,
APP-3K-1247,JOB-3K-APP-3K-1247,CMP-C2145F64,Zoho Corporation (Req #4),Inside Sales Account Executive,2026-08-26,,https://careers.zohocorporation.com/jobs,Aditya_Mehra_Operations_Analyst_v1,,No,,Active Pipeline / Automated Follow-Up Dispatched,,,,,,No,,IN_PROGRESS,,Submit application and follow up with HR,,
APP-3K-1248,JOB-3K-APP-3K-1248,CMP-D53D6C74,Freshworks (Req #4),Sales Operations Analyst,2026-08-26,,https://careers.freshworks.com/jobs,Aditya_Mehra_Operations_Analyst_v1,,No,,Active Pipeline / Automated Follow-Up Dispatched,,,,,,No,,IN_PROGRESS,,Submit application and follow up with HR,,
APP-3K-1249,JOB-3K-APP-3K-1249,CMP-8C5074C4,Postman (Req #4),Customer Success & Expansion Associate,2026-08-26,,https://careers.postman.com/jobs,Aditya_Mehra_Operations_Analyst_v1,,No,,Active Pipeline / Automated Follow-Up Dispatched,,,,,,No,,IN_PROGRESS,,Submit application and follow up with HR,,
APP-3K-1250,JOB-3K-APP-3K-1250,CMP-AA831B19,BrowserStack (Req #4),GTM Strategy Analyst,2026-08-26,,https://careers.browserstack.com/jobs,Aditya_Mehra_Operations_Analyst_v1,,No,,Active Pipeline / Automated Follow-Up Dispatched,,,,,,No,,IN_PROGRESS,,Submit application and follow up with HR,,
APP-3K-1251,JOB-3K-APP-3K-1251,CMP-71627B27,Chargebee (Req #4),Business Development Executive (B2B SaaS),2026-08-26,,https://careers.chargebee.com/jobs,Aditya_Mehra_Operations_Analyst_v1,,No,,Active Pipeline / Automated Follow-Up Dispatched,,,,,,No,,IN_PROGRESS,,Submit application and follow up with HR,,
APP-3K-1252,JOB-3K-APP-3K-1252,CMP-22CD83F8,HighRadius (Req #4),Inside Sales Account Executive,2026-08-26,,https://careers.highradius.com/jobs,Aditya_Mehra_Operations_Analyst_v1,,No,,Active Pipeline / Automated Follow-Up Dispatched,,,,,,No,,IN_PROGRESS,,Submit application and follow up with HR,,
APP-3K-1253,JOB-3K-APP-3K-1253,CMP-63D38BA9,Icertis (Req #4),Sales Operations Analyst,2026-08-26,,https://careers.icertis.com/jobs,Aditya_Mehra_Operations_Analyst_v1,,No,,Active Pipeline / Automated Follow-Up Dispatched,,,,,,No,,IN_PROGRESS,,Submit application and follow up with HR,,
APP-3K-1254,JOB-3K-APP-3K-1254,CMP-07A8C418,Zenoti (Req #4),Customer Success & Expansion Associate,2026-08-26,,https://careers.zenoti.com/jobs,Aditya_Mehra_Operations_Analyst_v1,,No,,Active Pipeline / Automated Follow-Up Dispatched,,,,,,No,,IN_PROGRESS,,Submit application and follow up with HR,,
APP-3K-1255,JOB-3K-APP-3K-1255,CMP-F26DA509,Darwinbox (Req #4),GTM Strategy Analyst,2026-08-26,,https://careers.darwinbox.com/jobs,Aditya_Mehra_Operations_Analyst_v1,,No,,Active Pipeline / Automated Follow-Up Dispatched,,,,,,No,,IN_PROGRESS,,Submit application and follow up with HR,,
APP-3K-1256,JOB-3K-APP-3K-1256,CMP-B5A87EF7,LeadSquared (Req #4),Business Development Executive (B2B SaaS),2026-08-26,,https://careers.leadsquared.com/jobs,Aditya_Mehra_Operations_Analyst_v1,,No,,Active Pipeline / Automated Follow-Up Dispatched,,,,,,No,,IN_PROGRESS,,Submit application and follow up with HR,,
APP-3K-1257,JOB-3K-APP-3K-1257,CMP-A07B9D7D,Whatfix (Req #4),Inside Sales Account Executive,2026-08-26,,https://careers.whatfix.com/jobs,Aditya_Mehra_Operations_Analyst_v1,,No,,Active Pipeline / Automated Follow-Up Dispatched,,,,,,No,,IN_PROGRESS,,Submit application and follow up with HR,,
APP-3K-1258,JOB-3K-APP-3K-1258,CMP-3CE83527,MoEngage (Req #4),Sales Operations Analyst,2026-08-26,,https://careers.moengage.com/jobs,Aditya_Mehra_Operations_Analyst_v1,,No,,Active Pipeline / Automated Follow-Up Dispatched,,,,,,No,,IN_PROGRESS,,Submit application and follow up with HR,,
APP-3K-1259,JOB-3K-APP-3K-1259,CMP-82F8B095,CleverTap (Req #4),Customer Success & Expansion Associate,2026-08-26,,https://careers.clevertap.com/jobs,Aditya_Mehra_Operations_Analyst_v1,,No,,Active Pipeline / Automated Follow-Up Dispatched,,,,,,No,,IN_PROGRESS,,Submit application and follow up with HR,,
APP-3K-1260,JOB-3K-APP-3K-1260,CMP-A99B040E,Hasura (Req #4),GTM Strategy Analyst,2026-08-26,,https://careers.hasura.com/jobs,Aditya_Mehra_Operations_Analyst_v1,,No,,Active Pipeline / Automated Follow-Up Dispatched,,,,,,No,,IN_PROGRESS,,Submit application and follow up with HR,,
APP-3K-1261,JOB-3K-APP-3K-1261,CMP-6DEF57B9,HubSpot India (Req #5),Business Development Executive (B2B SaaS),2026-08-26,,https://careers.hubspotindia.com/jobs,Aditya_Mehra_Operations_Analyst_v1,,No,,Active Pipeline / Automated Follow-Up Dispatched,,,,,,No,,IN_PROGRESS,,Submit application and follow up with HR,,
APP-3K-1262,JOB-3K-APP-3K-1262,CMP-CF2F8B92,Zoho Corporation (Req #5),Inside Sales Account Executive,2026-08-26,,https://careers.zohocorporation.com/jobs,Aditya_Mehra_Operations_Analyst_v1,,No,,Active Pipeline / Automated Follow-Up Dispatched,,,,,,No,,IN_PROGRESS,,Submit application and follow up with HR,,
APP-3K-1263,JOB-3K-APP-3K-1263,CMP-6E3591FB,Freshworks (Req #5),Sales Operations Analyst,2026-08-26,,https://careers.freshworks.com/jobs,Aditya_Mehra_Operations_Analyst_v1,,No,,Active Pipeline / Automated Follow-Up Dispatched,,,,,,No,,IN_PROGRESS,,Submit application and follow up with HR,,
APP-3K-1264,JOB-3K-APP-3K-1264,CMP-37FD684D,Postman (Req #5),Customer Success & Expansion Associate,2026-08-26,,https://careers.postman.com/jobs,Aditya_Mehra_Operations_Analyst_v1,,No,,Active Pipeline / Automated Follow-Up Dispatched,,,,,,No,,IN_PROGRESS,,Submit application and follow up with HR,,
APP-3K-1265,JOB-3K-APP-3K-1265,CMP-DCD3F2AA,BrowserStack (Req #5),GTM Strategy Analyst,2026-08-26,,https://careers.browserstack.com/jobs,Aditya_Mehra_Operations_Analyst_v1,,No,,Active Pipeline / Automated Follow-Up Dispatched,,,,,,No,,IN_PROGRESS,,Submit application and follow up with HR,,
APP-3K-1266,JOB-3K-APP-3K-1266,CMP-DE827944,Chargebee (Req #5),Business Development Executive (B2B SaaS),2026-08-26,,https://careers.chargebee.com/jobs,Aditya_Mehra_Operations_Analyst_v1,,No,,Active Pipeline / Automated Follow-Up Dispatched,,,,,,No,,IN_PROGRESS,,Submit application and follow up with HR,,
APP-3K-1267,JOB-3K-APP-3K-1267,CMP-E17A9893,HighRadius (Req #5),Inside Sales Account Executive,2026-08-26,,https://careers.highradius.com/jobs,Aditya_Mehra_Operations_Analyst_v1,,No,,Active Pipeline / Automated Follow-Up Dispatched,,,,,,No,,IN_PROGRESS,,Submit application and follow up with HR,,
APP-3K-1268,JOB-3K-APP-3K-1268,CMP-8990E3BE,Icertis (Req #5),Sales Operations Analyst,2026-08-26,,https://careers.icertis.com/jobs,Aditya_Mehra_Operations_Analyst_v1,,No,,Active Pipeline / Automated Follow-Up Dispatched,,,,,,No,,IN_PROGRESS,,Submit application and follow up with HR,,
APP-3K-1269,JOB-3K-APP-3K-1269,CMP-647CEE45,Zenoti (Req #5),Customer Success & Expansion Associate,2026-08-26,,https://careers.zenoti.com/jobs,Aditya_Mehra_Operations_Analyst_v1,,No,,Active Pipeline / Automated Follow-Up Dispatched,,,,,,No,,IN_PROGRESS,,Submit application and follow up with HR,,
APP-3K-1270,JOB-3K-APP-3K-1270,CMP-1380844E,Darwinbox (Req #5),GTM Strategy Analyst,2026-08-26,,https://careers.darwinbox.com/jobs,Aditya_Mehra_Operations_Analyst_v1,,No,,Active Pipeline / Automated Follow-Up Dispatched,,,,,,No,,IN_PROGRESS,,Submit application and follow up with HR,,
APP-3K-1271,JOB-3K-APP-3K-1271,CMP-50C76385,LeadSquared (Req #5),Business Development Executive (B2B SaaS),2026-08-26,,https://careers.leadsquared.com/jobs,Aditya_Mehra_Operations_Analyst_v1,,No,,Active Pipeline / Automated Follow-Up Dispatched,,,,,,No,,IN_PROGRESS,,Submit application and follow up with HR,,
APP-3K-1272,JOB-3K-APP-3K-1272,CMP-700BF71D,Whatfix (Req #5),Inside Sales Account Executive,2026-08-26,,https://careers.whatfix.com/jobs,Aditya_Mehra_Operations_Analyst_v1,,No,,Active Pipeline / Automated Follow-Up Dispatched,,,,,,No,,IN_PROGRESS,,Submit application and follow up with HR,,
APP-3K-1273,JOB-3K-APP-3K-1273,CMP-E9D78900,MoEngage (Req #5),Sales Operations Analyst,2026-08-26,,https://careers.moengage.com/jobs,Aditya_Mehra_Operations_Analyst_v1,,No,,Active Pipeline / Automated Follow-Up Dispatched,,,,,,No,,IN_PROGRESS,,Submit application and follow up with HR,,
APP-3K-1274,JOB-3K-APP-3K-1274,CMP-54E2C0D9,CleverTap (Req #5),Customer Success & Expansion Associate,2026-08-26,,https://careers.clevertap.com/jobs,Aditya_Mehra_Operations_Analyst_v1,,No,,Active Pipeline / Automated Follow-Up Dispatched,,,,,,No,,IN_PROGRESS,,Submit application and follow up with HR,,
APP-3K-1275,JOB-3K-APP-3K-1275,CMP-804E7E0E,Hasura (Req #5),GTM Strategy Analyst,2026-08-26,,https://careers.hasura.com/jobs,Aditya_Mehra_Operations_Analyst_v1,,No,,Active Pipeline / Automated Follow-Up Dispatched,,,,,,No,,IN_PROGRESS,,Submit application and follow up with HR,,
APP-3K-1276,JOB-3K-APP-3K-1276,CMP-2F059C3B,HubSpot India (Req #6),Business Development Executive (B2B SaaS),2026-08-26,,https://careers.hubspotindia.com/jobs,Aditya_Mehra_Operations_Analyst_v1,,No,,Active Pipeline / Automated Follow-Up Dispatched,,,,,,No,,IN_PROGRESS,,Submit application and follow up with HR,,
APP-3K-1277,JOB-3K-APP-3K-1277,CMP-BCA1A296,Zoho Corporation (Req #6),Inside Sales Account Executive,2026-08-26,,https://careers.zohocorporation.com/jobs,Aditya_Mehra_Operations_Analyst_v1,,No,,Active Pipeline / Automated Follow-Up Dispatched,,,,,,No,,IN_PROGRESS,,Submit application and follow up with HR,,
APP-3K-1278,JOB-3K-APP-3K-1278,CMP-3ACBE563,Freshworks (Req #6),Sales Operations Analyst,2026-08-26,,https://careers.freshworks.com/jobs,Aditya_Mehra_Operations_Analyst_v1,,No,,Active Pipeline / Automated Follow-Up Dispatched,,,,,,No,,IN_PROGRESS,,Submit application and follow up with HR,,
APP-3K-1279,JOB-3K-APP-3K-1279,CMP-460B6B8E,Postman (Req #6),Customer Success & Expansion Associate,2026-08-26,,https://careers.postman.com/jobs,Aditya_Mehra_Operations_Analyst_v1,,No,,Active Pipeline / Automated Follow-Up Dispatched,,,,,,No,,IN_PROGRESS,,Submit application and follow up with HR,,
APP-3K-1280,JOB-3K-APP-3K-1280,CMP-8CB960BF,BrowserStack (Req #6),GTM Strategy Analyst,2026-08-26,,https://careers.browserstack.com/jobs,Aditya_Mehra_Operations_Analyst_v1,,No,,Active Pipeline / Automated Follow-Up Dispatched,,,,,,No,,IN_PROGRESS,,Submit application and follow up with HR,,
APP-3K-1281,JOB-3K-APP-3K-1281,CMP-7776E85C,Chargebee (Req #6),Business Development Executive (B2B SaaS),2026-08-26,,https://careers.chargebee.com/jobs,Aditya_Mehra_Operations_Analyst_v1,,No,,Active Pipeline / Automated Follow-Up Dispatched,,,,,,No,,IN_PROGRESS,,Submit application and follow up with HR,,
APP-3K-1282,JOB-3K-APP-3K-1282,CMP-6A23BF45,HighRadius (Req #6),Inside Sales Account Executive,2026-08-26,,https://careers.highradius.com/jobs,Aditya_Mehra_Operations_Analyst_v1,,No,,Active Pipeline / Automated Follow-Up Dispatched,,,,,,No,,IN_PROGRESS,,Submit application and follow up with HR,,
APP-3K-1283,JOB-3K-APP-3K-1283,CMP-5B1485F4,Icertis (Req #6),Sales Operations Analyst,2026-08-26,,https://careers.icertis.com/jobs,Aditya_Mehra_Operations_Analyst_v1,,No,,Active Pipeline / Automated Follow-Up Dispatched,,,,,,No,,IN_PROGRESS,,Submit application and follow up with HR,,
APP-3K-1284,JOB-3K-APP-3K-1284,CMP-CAC0333E,Zenoti (Req #6),Customer Success & Expansion Associate,2026-08-26,,https://careers.zenoti.com/jobs,Aditya_Mehra_Operations_Analyst_v1,,No,,Active Pipeline / Automated Follow-Up Dispatched,,,,,,No,,IN_PROGRESS,,Submit application and follow up with HR,,
APP-3K-1285,JOB-3K-APP-3K-1285,CMP-257FE171,Darwinbox (Req #6),GTM Strategy Analyst,2026-08-26,,https://careers.darwinbox.com/jobs,Aditya_Mehra_Operations_Analyst_v1,,No,,Active Pipeline / Automated Follow-Up Dispatched,,,,,,No,,IN_PROGRESS,,Submit application and follow up with HR,,
APP-3K-1286,JOB-3K-APP-3K-1286,CMP-A576F25F,LeadSquared (Req #6),Business Development Executive (B2B SaaS),2026-08-26,,https://careers.leadsquared.com/jobs,Aditya_Mehra_Operations_Analyst_v1,,No,,Active Pipeline / Automated Follow-Up Dispatched,,,,,,No,,IN_PROGRESS,,Submit application and follow up with HR,,
APP-3K-1287,JOB-3K-APP-3K-1287,CMP-AA9E27BA,Whatfix (Req #6),Inside Sales Account Executive,2026-08-26,,https://careers.whatfix.com/jobs,Aditya_Mehra_Operations_Analyst_v1,,No,,Active Pipeline / Automated Follow-Up Dispatched,,,,,,No,,IN_PROGRESS,,Submit application and follow up with HR,,
APP-3K-1288,JOB-3K-APP-3K-1288,CMP-44C26525,MoEngage (Req #6),Sales Operations Analyst,2026-08-26,,https://careers.moengage.com/jobs,Aditya_Mehra_Operations_Analyst_v1,,No,,Active Pipeline / Automated Follow-Up Dispatched,,,,,,No,,IN_PROGRESS,,Submit application and follow up with HR,,
APP-3K-1289,JOB-3K-APP-3K-1289,CMP-135BEC5E,CleverTap (Req #6),Customer Success & Expansion Associate,2026-08-26,,https://careers.clevertap.com/jobs,Aditya_Mehra_Operations_Analyst_v1,,No,,Active Pipeline / Automated Follow-Up Dispatched,,,,,,No,,IN_PROGRESS,,Submit application and follow up with HR,,
APP-3K-1290,JOB-3K-APP-3K-1290,CMP-57A29F97,Hasura (Req #6),GTM Strategy Analyst,2026-08-26,,https://careers.hasura.com/jobs,Aditya_Mehra_Operations_Analyst_v1,,No,,Active Pipeline / Automated Follow-Up Dispatched,,,,,,No,,IN_PROGRESS,,Submit application and follow up with HR,,
APP-3K-1291,JOB-3K-APP-3K-1291,CMP-806AF05B,HubSpot India (Req #7),Business Development Executive (B2B SaaS),2026-08-26,,https://careers.hubspotindia.com/jobs,Aditya_Mehra_Operations_Analyst_v1,,No,,Active Pipeline / Automated Follow-Up Dispatched,,,,,,No,,IN_PROGRESS,,Submit application and follow up with HR,,
APP-3K-1292,JOB-3K-APP-3K-1292,CMP-56F519BB,Zoho Corporation (Req #7),Inside Sales Account Executive,2026-08-26,,https://careers.zohocorporation.com/jobs,Aditya_Mehra_Operations_Analyst_v1,,No,,Active Pipeline / Automated Follow-Up Dispatched,,,,,,No,,IN_PROGRESS,,Submit application and follow up with HR,,
APP-3K-1293,JOB-3K-APP-3K-1293,CMP-E18B6A17,Freshworks (Req #7),Sales Operations Analyst,2026-08-26,,https://careers.freshworks.com/jobs,Aditya_Mehra_Operations_Analyst_v1,,No,,Active Pipeline / Automated Follow-Up Dispatched,,,,,,No,,IN_PROGRESS,,Submit application and follow up with HR,,
APP-3K-1294,JOB-3K-APP-3K-1294,CMP-55261A6A,Postman (Req #7),Customer Success & Expansion Associate,2026-08-26,,https://careers.postman.com/jobs,Aditya_Mehra_Operations_Analyst_v1,,No,,Active Pipeline / Automated Follow-Up Dispatched,,,,,,No,,IN_PROGRESS,,Submit application and follow up with HR,,
APP-3K-1295,JOB-3K-APP-3K-1295,CMP-A676B066,BrowserStack (Req #7),GTM Strategy Analyst,2026-08-26,,https://careers.browserstack.com/jobs,Aditya_Mehra_Operations_Analyst_v1,,No,,Active Pipeline / Automated Follow-Up Dispatched,,,,,,No,,IN_PROGRESS,,Submit application and follow up with HR,,
APP-3K-1296,JOB-3K-APP-3K-1296,CMP-C5214BBE,Chargebee (Req #7),Business Development Executive (B2B SaaS),2026-08-26,,https://careers.chargebee.com/jobs,Aditya_Mehra_Operations_Analyst_v1,,No,,Active Pipeline / Automated Follow-Up Dispatched,,,,,,No,,IN_PROGRESS,,Submit application and follow up with HR,,
APP-3K-1297,JOB-3K-APP-3K-1297,CMP-B347E323,HighRadius (Req #7),Inside Sales Account Executive,2026-08-26,,https://careers.highradius.com/jobs,Aditya_Mehra_Operations_Analyst_v1,,No,,Active Pipeline / Automated Follow-Up Dispatched,,,,,,No,,IN_PROGRESS,,Submit application and follow up with HR,,
APP-3K-1298,JOB-3K-APP-3K-1298,CMP-9C7F8DBC,Icertis (Req #7),Sales Operations Analyst,2026-08-26,,https://careers.icertis.com/jobs,Aditya_Mehra_Operations_Analyst_v1,,No,,Active Pipeline / Automated Follow-Up Dispatched,,,,,,No,,IN_PROGRESS,,Submit application and follow up with HR,,
APP-3K-1299,JOB-3K-APP-3K-1299,CMP-1D530BF4,Zenoti (Req #7),Customer Success & Expansion Associate,2026-08-26,,https://careers.zenoti.com/jobs,Aditya_Mehra_Operations_Analyst_v1,,No,,Active Pipeline / Automated Follow-Up Dispatched,,,,,,No,,IN_PROGRESS,,Submit application and follow up with HR,,
APP-3K-1300,JOB-3K-APP-3K-1300,CMP-B0BD6E60,Darwinbox (Req #7),GTM Strategy Analyst,2026-08-26,,https://careers.darwinbox.com/jobs,Aditya_Mehra_Operations_Analyst_v1,,No,,Active Pipeline / Automated Follow-Up Dispatched,,,,,,No,,IN_PROGRESS,,Submit application and follow up with HR,,
APP-3K-1301,JOB-3K-APP-3K-1301,CMP-675527A1,LeadSquared (Req #7),Business Development Executive (B2B SaaS),2026-08-26,,https://careers.leadsquared.com/jobs,Aditya_Mehra_Operations_Analyst_v1,,No,,Active Pipeline / Automated Follow-Up Dispatched,,,,,,No,,IN_PROGRESS,,Submit application and follow up with HR,,
APP-3K-1302,JOB-3K-APP-3K-1302,CMP-97BBFB23,Whatfix (Req #7),Inside Sales Account Executive,2026-08-26,,https://careers.whatfix.com/jobs,Aditya_Mehra_Operations_Analyst_v1,,No,,Active Pipeline / Automated Follow-Up Dispatched,,,,,,No,,IN_PROGRESS,,Submit application and follow up with HR,,
APP-3K-1303,JOB-3K-APP-3K-1303,CMP-523F62A6,MoEngage (Req #7),Sales Operations Analyst,2026-08-26,,https://careers.moengage.com/jobs,Aditya_Mehra_Operations_Analyst_v1,,No,,Active Pipeline / Automated Follow-Up Dispatched,,,,,,No,,IN_PROGRESS,,Submit application and follow up with HR,,
APP-3K-1304,JOB-3K-APP-3K-1304,CMP-9D37885E,CleverTap (Req #7),Customer Success & Expansion Associate,2026-08-26,,https://careers.clevertap.com/jobs,Aditya_Mehra_Operations_Analyst_v1,,No,,Active Pipeline / Automated Follow-Up Dispatched,,,,,,No,,IN_PROGRESS,,Submit application and follow up with HR,,
APP-3K-1305,JOB-3K-APP-3K-1305,CMP-B78E4185,Hasura (Req #7),GTM Strategy Analyst,2026-08-26,,https://careers.hasura.com/jobs,Aditya_Mehra_Operations_Analyst_v1,,No,,Active Pipeline / Automated Follow-Up Dispatched,,,,,,No,,IN_PROGRESS,,Submit application and follow up with HR,,
APP-3K-1306,JOB-3K-APP-3K-1306,CMP-3EC072D4,HubSpot India (Req #8),Business Development Executive (B2B SaaS),2026-08-26,,https://careers.hubspotindia.com/jobs,Aditya_Mehra_Operations_Analyst_v1,,No,,Active Pipeline / Automated Follow-Up Dispatched,,,,,,No,,IN_PROGRESS,,Submit application and follow up with HR,,
APP-3K-1307,JOB-3K-APP-3K-1307,CMP-A3DC07DF,Zoho Corporation (Req #8),Inside Sales Account Executive,2026-08-26,,https://careers.zohocorporation.com/jobs,Aditya_Mehra_Operations_Analyst_v1,,No,,Active Pipeline / Automated Follow-Up Dispatched,,,,,,No,,IN_PROGRESS,,Submit application and follow up with HR,,
APP-3K-1308,JOB-3K-APP-3K-1308,CMP-FB1664DC,Freshworks (Req #8),Sales Operations Analyst,2026-08-26,,https://careers.freshworks.com/jobs,Aditya_Mehra_Operations_Analyst_v1,,No,,Active Pipeline / Automated Follow-Up Dispatched,,,,,,No,,IN_PROGRESS,,Submit application and follow up with HR,,
APP-3K-1309,JOB-3K-APP-3K-1309,CMP-C514F9C8,Postman (Req #8),Customer Success & Expansion Associate,2026-08-26,,https://careers.postman.com/jobs,Aditya_Mehra_Operations_Analyst_v1,,No,,Active Pipeline / Automated Follow-Up Dispatched,,,,,,No,,IN_PROGRESS,,Submit application and follow up with HR,,
APP-3K-1310,JOB-3K-APP-3K-1310,CMP-F70B4425,BrowserStack (Req #8),GTM Strategy Analyst,2026-08-26,,https://careers.browserstack.com/jobs,Aditya_Mehra_Operations_Analyst_v1,,No,,Active Pipeline / Automated Follow-Up Dispatched,,,,,,No,,IN_PROGRESS,,Submit application and follow up with HR,,
APP-3K-1311,JOB-3K-APP-3K-1311,CMP-1E77C016,Chargebee (Req #8),Business Development Executive (B2B SaaS),2026-08-26,,https://careers.chargebee.com/jobs,Aditya_Mehra_Operations_Analyst_v1,,No,,Active Pipeline / Automated Follow-Up Dispatched,,,,,,No,,IN_PROGRESS,,Submit application and follow up with HR,,
APP-3K-1312,JOB-3K-APP-3K-1312,CMP-3FAC30FF,HighRadius (Req #8),Inside Sales Account Executive,2026-08-26,,https://careers.highradius.com/jobs,Aditya_Mehra_Operations_Analyst_v1,,No,,Active Pipeline / Automated Follow-Up Dispatched,,,,,,No,,IN_PROGRESS,,Submit application and follow up with HR,,
APP-3K-1313,JOB-3K-APP-3K-1313,CMP-DF34C4BF,Icertis (Req #8),Sales Operations Analyst,2026-08-26,,https://careers.icertis.com/jobs,Aditya_Mehra_Operations_Analyst_v1,,No,,Active Pipeline / Automated Follow-Up Dispatched,,,,,,No,,IN_PROGRESS,,Submit application and follow up with HR,,
APP-3K-1314,JOB-3K-APP-3K-1314,CMP-20438592,Zenoti (Req #8),Customer Success & Expansion Associate,2026-08-26,,https://careers.zenoti.com/jobs,Aditya_Mehra_Operations_Analyst_v1,,No,,Active Pipeline / Automated Follow-Up Dispatched,,,,,,No,,IN_PROGRESS,,Submit application and follow up with HR,,
APP-3K-1315,JOB-3K-APP-3K-1315,CMP-F086F19A,Darwinbox (Req #8),GTM Strategy Analyst,2026-08-26,,https://careers.darwinbox.com/jobs,Aditya_Mehra_Operations_Analyst_v1,,No,,Active Pipeline / Automated Follow-Up Dispatched,,,,,,No,,IN_PROGRESS,,Submit application and follow up with HR,,
APP-3K-1316,JOB-3K-APP-3K-1316,CMP-CE66E523,LeadSquared (Req #8),Business Development Executive (B2B SaaS),2026-08-26,,https://careers.leadsquared.com/jobs,Aditya_Mehra_Operations_Analyst_v1,,No,,Active Pipeline / Automated Follow-Up Dispatched,,,,,,No,,IN_PROGRESS,,Submit application and follow up with HR,,
APP-3K-1317,JOB-3K-APP-3K-1317,CMP-B21805DB,Whatfix (Req #8),Inside Sales Account Executive,2026-08-26,,https://careers.whatfix.com/jobs,Aditya_Mehra_Operations_Analyst_v1,,No,,Active Pipeline / Automated Follow-Up Dispatched,,,,,,No,,IN_PROGRESS,,Submit application and follow up with HR,,
APP-3K-1318,JOB-3K-APP-3K-1318,CMP-14B44B8F,MoEngage (Req #8),Sales Operations Analyst,2026-08-26,,https://careers.moengage.com/jobs,Aditya_Mehra_Operations_Analyst_v1,,No,,Active Pipeline / Automated Follow-Up Dispatched,,,,,,No,,IN_PROGRESS,,Submit application and follow up with HR,,
APP-3K-1319,JOB-3K-APP-3K-1319,CMP-0EE61711,CleverTap (Req #8),Customer Success & Expansion Associate,2026-08-26,,https://careers.clevertap.com/jobs,Aditya_Mehra_Operations_Analyst_v1,,No,,Active Pipeline / Automated Follow-Up Dispatched,,,,,,No,,IN_PROGRESS,,Submit application and follow up with HR,,
APP-3K-1320,JOB-3K-APP-3K-1320,CMP-2103E142,Hasura (Req #8),GTM Strategy Analyst,2026-08-26,,https://careers.hasura.com/jobs,Aditya_Mehra_Operations_Analyst_v1,,No,,Active Pipeline / Automated Follow-Up Dispatched,,,,,,No,,IN_PROGRESS,,Submit application and follow up with HR,,
APP-3K-1321,JOB-3K-APP-3K-1321,CMP-BAEBE962,HubSpot India (Req #9),Business Development Executive (B2B SaaS),2026-08-26,,https://careers.hubspotindia.com/jobs,Aditya_Mehra_Operations_Analyst_v1,,No,,Active Pipeline / Automated Follow-Up Dispatched,,,,,,No,,IN_PROGRESS,,Submit application and follow up with HR,,
APP-3K-1322,JOB-3K-APP-3K-1322,CMP-B1AE187A,Zoho Corporation (Req #9),Inside Sales Account Executive,2026-08-26,,https://careers.zohocorporation.com/jobs,Aditya_Mehra_Operations_Analyst_v1,,No,,Active Pipeline / Automated Follow-Up Dispatched,,,,,,No,,IN_PROGRESS,,Submit application and follow up with HR,,
APP-3K-1323,JOB-3K-APP-3K-1323,CMP-FAB16271,Freshworks (Req #9),Sales Operations Analyst,2026-08-26,,https://careers.freshworks.com/jobs,Aditya_Mehra_Operations_Analyst_v1,,No,,Active Pipeline / Automated Follow-Up Dispatched,,,,,,No,,IN_PROGRESS,,Submit application and follow up with HR,,
APP-3K-1324,JOB-3K-APP-3K-1324,CMP-84B144E2,Postman (Req #9),Customer Success & Expansion Associate,2026-08-26,,https://careers.postman.com/jobs,Aditya_Mehra_Operations_Analyst_v1,,No,,Active Pipeline / Automated Follow-Up Dispatched,,,,,,No,,IN_PROGRESS,,Submit application and follow up with HR,,
APP-3K-1325,JOB-3K-APP-3K-1325,CMP-129DF1D2,BrowserStack (Req #9),GTM Strategy Analyst,2026-08-26,,https://careers.browserstack.com/jobs,Aditya_Mehra_Operations_Analyst_v1,,No,,Active Pipeline / Automated Follow-Up Dispatched,,,,,,No,,IN_PROGRESS,,Submit application and follow up with HR,,
APP-3K-1326,JOB-3K-APP-3K-1326,CMP-684A9E43,Chargebee (Req #9),Business Development Executive (B2B SaaS),2026-08-26,,https://careers.chargebee.com/jobs,Aditya_Mehra_Operations_Analyst_v1,,No,,Active Pipeline / Automated Follow-Up Dispatched,,,,,,No,,IN_PROGRESS,,Submit application and follow up with HR,,
APP-3K-1327,JOB-3K-APP-3K-1327,CMP-3FE4C79C,HighRadius (Req #9),Inside Sales Account Executive,2026-08-26,,https://careers.highradius.com/jobs,Aditya_Mehra_Operations_Analyst_v1,,No,,Active Pipeline / Automated Follow-Up Dispatched,,,,,,No,,IN_PROGRESS,,Submit application and follow up with HR,,
APP-3K-1328,JOB-3K-APP-3K-1328,CMP-D7CAC865,Icertis (Req #9),Sales Operations Analyst,2026-08-26,,https://careers.icertis.com/jobs,Aditya_Mehra_Operations_Analyst_v1,,No,,Active Pipeline / Automated Follow-Up Dispatched,,,,,,No,,IN_PROGRESS,,Submit application and follow up with HR,,
APP-3K-1329,JOB-3K-APP-3K-1329,CMP-67568812,Zenoti (Req #9),Customer Success & Expansion Associate,2026-08-26,,https://careers.zenoti.com/jobs,Aditya_Mehra_Operations_Analyst_v1,,No,,Active Pipeline / Automated Follow-Up Dispatched,,,,,,No,,IN_PROGRESS,,Submit application and follow up with HR,,
APP-3K-1330,JOB-3K-APP-3K-1330,CMP-1F5D94ED,Darwinbox (Req #9),GTM Strategy Analyst,2026-08-26,,https://careers.darwinbox.com/jobs,Aditya_Mehra_Operations_Analyst_v1,,No,,Active Pipeline / Automated Follow-Up Dispatched,,,,,,No,,IN_PROGRESS,,Submit application and follow up with HR,,
APP-3K-1331,JOB-3K-APP-3K-1331,CMP-BFAAE2E2,LeadSquared (Req #9),Business Development Executive (B2B SaaS),2026-08-26,,https://careers.leadsquared.com/jobs,Aditya_Mehra_Operations_Analyst_v1,,No,,Active Pipeline / Automated Follow-Up Dispatched,,,,,,No,,IN_PROGRESS,,Submit application and follow up with HR,,
APP-3K-1332,JOB-3K-APP-3K-1332,CMP-8F031D53,Whatfix (Req #9),Inside Sales Account Executive,2026-08-26,,https://careers.whatfix.com/jobs,Aditya_Mehra_Operations_Analyst_v1,,No,,Active Pipeline / Automated Follow-Up Dispatched,,,,,,No,,IN_PROGRESS,,Submit application and follow up with HR,,
APP-3K-1333,JOB-3K-APP-3K-1333,CMP-BFAAB49D,MoEngage (Req #9),Sales Operations Analyst,2026-08-26,,https://careers.moengage.com/jobs,Aditya_Mehra_Operations_Analyst_v1,,No,,Active Pipeline / Automated Follow-Up Dispatched,,,,,,No,,IN_PROGRESS,,Submit application and follow up with HR,,
APP-3K-1334,JOB-3K-APP-3K-1334,CMP-82DC7A4A,CleverTap (Req #9),Customer Success & Expansion Associate,2026-08-26,,https://careers.clevertap.com/jobs,Aditya_Mehra_Operations_Analyst_v1,,No,,Active Pipeline / Automated Follow-Up Dispatched,,,,,,No,,IN_PROGRESS,,Submit application and follow up with HR,,
APP-3K-1335,JOB-3K-APP-3K-1335,CMP-AC505B36,Hasura (Req #9),GTM Strategy Analyst,2026-08-26,,https://careers.hasura.com/jobs,Aditya_Mehra_Operations_Analyst_v1,,No,,Active Pipeline / Automated Follow-Up Dispatched,,,,,,No,,IN_PROGRESS,,Submit application and follow up with HR,,
APP-3K-1336,JOB-3K-APP-3K-1336,CMP-031D9DA1,HubSpot India (Req #10),Business Development Executive (B2B SaaS),2026-08-26,,https://careers.hubspotindia.com/jobs,Aditya_Mehra_Operations_Analyst_v1,,No,,Active Pipeline / Automated Follow-Up Dispatched,,,,,,No,,IN_PROGRESS,,Submit application and follow up with HR,,
APP-3K-1337,JOB-3K-APP-3K-1337,CMP-A1ADC4C7,Zoho Corporation (Req #10),Inside Sales Account Executive,2026-08-26,,https://careers.zohocorporation.com/jobs,Aditya_Mehra_Operations_Analyst_v1,,No,,Active Pipeline / Automated Follow-Up Dispatched,,,,,,No,,IN_PROGRESS,,Submit application and follow up with HR,,
APP-3K-1338,JOB-3K-APP-3K-1338,CMP-FAD6121E,Freshworks (Req #10),Sales Operations Analyst,2026-08-26,,https://careers.freshworks.com/jobs,Aditya_Mehra_Operations_Analyst_v1,,No,,Active Pipeline / Automated Follow-Up Dispatched,,,,,,No,,IN_PROGRESS,,Submit application and follow up with HR,,
APP-3K-1339,JOB-3K-APP-3K-1339,CMP-AE9F6AB1,Postman (Req #10),Customer Success & Expansion Associate,2026-08-26,,https://careers.postman.com/jobs,Aditya_Mehra_Operations_Analyst_v1,,No,,Active Pipeline / Automated Follow-Up Dispatched,,,,,,No,,IN_PROGRESS,,Submit application and follow up with HR,,
APP-3K-1340,JOB-3K-APP-3K-1340,CMP-A638D8E7,BrowserStack (Req #10),GTM Strategy Analyst,2026-08-26,,https://careers.browserstack.com/jobs,Aditya_Mehra_Operations_Analyst_v1,,No,,Active Pipeline / Automated Follow-Up Dispatched,,,,,,No,,IN_PROGRESS,,Submit application and follow up with HR,,
APP-3K-1341,JOB-3K-APP-3K-1341,CMP-84CA4091,Chargebee (Req #10),Business Development Executive (B2B SaaS),2026-08-26,,https://careers.chargebee.com/jobs,Aditya_Mehra_Operations_Analyst_v1,,No,,Active Pipeline / Automated Follow-Up Dispatched,,,,,,No,,IN_PROGRESS,,Submit application and follow up with HR,,
APP-3K-1342,JOB-3K-APP-3K-1342,CMP-10F60C93,HighRadius (Req #10),Inside Sales Account Executive,2026-08-26,,https://careers.highradius.com/jobs,Aditya_Mehra_Operations_Analyst_v1,,No,,Active Pipeline / Automated Follow-Up Dispatched,,,,,,No,,IN_PROGRESS,,Submit application and follow up with HR,,
APP-3K-1343,JOB-3K-APP-3K-1343,CMP-43C0A449,Icertis (Req #10),Sales Operations Analyst,2026-08-26,,https://careers.icertis.com/jobs,Aditya_Mehra_Operations_Analyst_v1,,No,,Active Pipeline / Automated Follow-Up Dispatched,,,,,,No,,IN_PROGRESS,,Submit application and follow up with HR,,
APP-3K-1344,JOB-3K-APP-3K-1344,CMP-41D2A90B,Zenoti (Req #10),Customer Success & Expansion Associate,2026-08-26,,https://careers.zenoti.com/jobs,Aditya_Mehra_Operations_Analyst_v1,,No,,Active Pipeline / Automated Follow-Up Dispatched,,,,,,No,,IN_PROGRESS,,Submit application and follow up with HR,,
APP-3K-1345,JOB-3K-APP-3K-1345,CMP-4F639803,Darwinbox (Req #10),GTM Strategy Analyst,2026-08-26,,https://careers.darwinbox.com/jobs,Aditya_Mehra_Operations_Analyst_v1,,No,,Active Pipeline / Automated Follow-Up Dispatched,,,,,,No,,IN_PROGRESS,,Submit application and follow up with HR,,
APP-3K-1346,JOB-3K-APP-3K-1346,CMP-6E87D145,LeadSquared (Req #10),Business Development Executive (B2B SaaS),2026-08-26,,https://careers.leadsquared.com/jobs,Aditya_Mehra_Operations_Analyst_v1,,No,,Active Pipeline / Automated Follow-Up Dispatched,,,,,,No,,IN_PROGRESS,,Submit application and follow up with HR,,
APP-3K-1347,JOB-3K-APP-3K-1347,CMP-6C30E9E5,Whatfix (Req #10),Inside Sales Account Executive,2026-08-26,,https://careers.whatfix.com/jobs,Aditya_Mehra_Operations_Analyst_v1,,No,,Active Pipeline / Automated Follow-Up Dispatched,,,,,,No,,IN_PROGRESS,,Submit application and follow up with HR,,
APP-3K-1348,JOB-3K-APP-3K-1348,CMP-221C3CD7,MoEngage (Req #10),Sales Operations Analyst,2026-08-26,,https://careers.moengage.com/jobs,Aditya_Mehra_Operations_Analyst_v1,,No,,Active Pipeline / Automated Follow-Up Dispatched,,,,,,No,,IN_PROGRESS,,Submit application and follow up with HR,,
APP-3K-1349,JOB-3K-APP-3K-1349,CMP-6DF3402D,CleverTap (Req #10),Customer Success & Expansion Associate,2026-08-26,,https://careers.clevertap.com/jobs,Aditya_Mehra_Operations_Analyst_v1,,No,,Active Pipeline / Automated Follow-Up Dispatched,,,,,,No,,IN_PROGRESS,,Submit application and follow up with HR,,
APP-3K-1350,JOB-3K-APP-3K-1350,CMP-5B799C07,Hasura (Req #10),GTM Strategy Analyst,2026-08-26,,https://careers.hasura.com/jobs,Aditya_Mehra_Operations_Analyst_v1,,No,,Active Pipeline / Automated Follow-Up Dispatched,,,,,,No,,IN_PROGRESS,,Submit application and follow up with HR,,
APP-3K-1351,JOB-3K-APP-3K-1351,CMP-855BB2E4,HubSpot India (Req #11),Business Development Executive (B2B SaaS),2026-08-26,,https://careers.hubspotindia.com/jobs,Aditya_Mehra_Operations_Analyst_v1,,No,,Active Pipeline / Automated Follow-Up Dispatched,,,,,,No,,IN_PROGRESS,,Submit application and follow up with HR,,
APP-3K-1352,JOB-3K-APP-3K-1352,CMP-7AA75FFE,Zoho Corporation (Req #11),Inside Sales Account Executive,2026-08-26,,https://careers.zohocorporation.com/jobs,Aditya_Mehra_Operations_Analyst_v1,,No,,Active Pipeline / Automated Follow-Up Dispatched,,,,,,No,,IN_PROGRESS,,Submit application and follow up with HR,,
APP-3K-1353,JOB-3K-APP-3K-1353,CMP-FD3BBD40,Freshworks (Req #11),Sales Operations Analyst,2026-08-26,,https://careers.freshworks.com/jobs,Aditya_Mehra_Operations_Analyst_v1,,No,,Active Pipeline / Automated Follow-Up Dispatched,,,,,,No,,IN_PROGRESS,,Submit application and follow up with HR,,
APP-3K-1354,JOB-3K-APP-3K-1354,CMP-A736838F,Postman (Req #11),Customer Success & Expansion Associate,2026-08-26,,https://careers.postman.com/jobs,Aditya_Mehra_Operations_Analyst_v1,,No,,Active Pipeline / Automated Follow-Up Dispatched,,,,,,No,,IN_PROGRESS,,Submit application and follow up with HR,,
APP-3K-1355,JOB-3K-APP-3K-1355,CMP-F3B37548,BrowserStack (Req #11),GTM Strategy Analyst,2026-08-26,,https://careers.browserstack.com/jobs,Aditya_Mehra_Operations_Analyst_v1,,No,,Active Pipeline / Automated Follow-Up Dispatched,,,,,,No,,IN_PROGRESS,,Submit application and follow up with HR,,
APP-3K-1356,JOB-3K-APP-3K-1356,CMP-1E1F37BA,Chargebee (Req #11),Business Development Executive (B2B SaaS),2026-08-26,,https://careers.chargebee.com/jobs,Aditya_Mehra_Operations_Analyst_v1,,No,,Active Pipeline / Automated Follow-Up Dispatched,,,,,,No,,IN_PROGRESS,,Submit application and follow up with HR,,
APP-3K-1357,JOB-3K-APP-3K-1357,CMP-2AFCFF7B,HighRadius (Req #11),Inside Sales Account Executive,2026-08-26,,https://careers.highradius.com/jobs,Aditya_Mehra_Operations_Analyst_v1,,No,,Active Pipeline / Automated Follow-Up Dispatched,,,,,,No,,IN_PROGRESS,,Submit application and follow up with HR,,
APP-3K-1358,JOB-3K-APP-3K-1358,CMP-230B6AAB,Icertis (Req #11),Sales Operations Analyst,2026-08-26,,https://careers.icertis.com/jobs,Aditya_Mehra_Operations_Analyst_v1,,No,,Active Pipeline / Automated Follow-Up Dispatched,,,,,,No,,IN_PROGRESS,,Submit application and follow up with HR,,
APP-3K-1359,JOB-3K-APP-3K-1359,CMP-F87C73F5,Zenoti (Req #11),Customer Success & Expansion Associate,2026-08-26,,https://careers.zenoti.com/jobs,Aditya_Mehra_Operations_Analyst_v1,,No,,Active Pipeline / Automated Follow-Up Dispatched,,,,,,No,,IN_PROGRESS,,Submit application and follow up with HR,,
APP-3K-1360,JOB-3K-APP-3K-1360,CMP-1D41262A,Darwinbox (Req #11),GTM Strategy Analyst,2026-08-26,,https://careers.darwinbox.com/jobs,Aditya_Mehra_Operations_Analyst_v1,,No,,Active Pipeline / Automated Follow-Up Dispatched,,,,,,No,,IN_PROGRESS,,Submit application and follow up with HR,,
APP-3K-1361,JOB-3K-APP-3K-1361,CMP-7977F1E0,LeadSquared (Req #11),Business Development Executive (B2B SaaS),2026-08-26,,https://careers.leadsquared.com/jobs,Aditya_Mehra_Operations_Analyst_v1,,No,,Active Pipeline / Automated Follow-Up Dispatched,,,,,,No,,IN_PROGRESS,,Submit application and follow up with HR,,
APP-3K-1362,JOB-3K-APP-3K-1362,CMP-7C860260,Whatfix (Req #11),Inside Sales Account Executive,2026-08-26,,https://careers.whatfix.com/jobs,Aditya_Mehra_Operations_Analyst_v1,,No,,Active Pipeline / Automated Follow-Up Dispatched,,,,,,No,,IN_PROGRESS,,Submit application and follow up with HR,,
APP-3K-1363,JOB-3K-APP-3K-1363,CMP-A182DA37,MoEngage (Req #11),Sales Operations Analyst,2026-08-26,,https://careers.moengage.com/jobs,Aditya_Mehra_Operations_Analyst_v1,,No,,Active Pipeline / Automated Follow-Up Dispatched,,,,,,No,,IN_PROGRESS,,Submit application and follow up with HR,,
APP-3K-1364,JOB-3K-APP-3K-1364,CMP-616BB5A3,CleverTap (Req #11),Customer Success & Expansion Associate,2026-08-26,,https://careers.clevertap.com/jobs,Aditya_Mehra_Operations_Analyst_v1,,No,,Active Pipeline / Automated Follow-Up Dispatched,,,,,,No,,IN_PROGRESS,,Submit application and follow up with HR,,
APP-3K-1365,JOB-3K-APP-3K-1365,CMP-B379B5CF,Hasura (Req #11),GTM Strategy Analyst,2026-08-26,,https://careers.hasura.com/jobs,Aditya_Mehra_Operations_Analyst_v1,,No,,Active Pipeline / Automated Follow-Up Dispatched,,,,,,No,,IN_PROGRESS,,Submit application and follow up with HR,,
APP-3K-1366,JOB-3K-APP-3K-1366,CMP-878F4E38,HubSpot India (Req #12),Business Development Executive (B2B SaaS),2026-08-26,,https://careers.hubspotindia.com/jobs,Aditya_Mehra_Operations_Analyst_v1,,No,,Active Pipeline / Automated Follow-Up Dispatched,,,,,,No,,IN_PROGRESS,,Submit application and follow up with HR,,
APP-3K-1367,JOB-3K-APP-3K-1367,CMP-E1D90A73,Zoho Corporation (Req #12),Inside Sales Account Executive,2026-08-26,,https://careers.zohocorporation.com/jobs,Aditya_Mehra_Operations_Analyst_v1,,No,,Active Pipeline / Automated Follow-Up Dispatched,,,,,,No,,IN_PROGRESS,,Submit application and follow up with HR,,
APP-3K-1368,JOB-3K-APP-3K-1368,CMP-F736EBA2,Freshworks (Req #12),Sales Operations Analyst,2026-08-26,,https://careers.freshworks.com/jobs,Aditya_Mehra_Operations_Analyst_v1,,No,,Active Pipeline / Automated Follow-Up Dispatched,,,,,,No,,IN_PROGRESS,,Submit application and follow up with HR,,
APP-3K-1369,JOB-3K-APP-3K-1369,CMP-DABE6263,Postman (Req #12),Customer Success & Expansion Associate,2026-08-26,,https://careers.postman.com/jobs,Aditya_Mehra_Operations_Analyst_v1,,No,,Active Pipeline / Automated Follow-Up Dispatched,,,,,,No,,IN_PROGRESS,,Submit application and follow up with HR,,
APP-3K-1370,JOB-3K-APP-3K-1370,CMP-36AFAEB9,BrowserStack (Req #12),GTM Strategy Analyst,2026-08-26,,https://careers.browserstack.com/jobs,Aditya_Mehra_Operations_Analyst_v1,,No,,Active Pipeline / Automated Follow-Up Dispatched,,,,,,No,,IN_PROGRESS,,Submit application and follow up with HR,,
APP-3K-1371,JOB-3K-APP-3K-1371,CMP-F5EC551B,Chargebee (Req #12),Business Development Executive (B2B SaaS),2026-08-26,,https://careers.chargebee.com/jobs,Aditya_Mehra_Operations_Analyst_v1,,No,,Active Pipeline / Automated Follow-Up Dispatched,,,,,,No,,IN_PROGRESS,,Submit application and follow up with HR,,
APP-3K-1372,JOB-3K-APP-3K-1372,CMP-D9B60C38,HighRadius (Req #12),Inside Sales Account Executive,2026-08-26,,https://careers.highradius.com/jobs,Aditya_Mehra_Operations_Analyst_v1,,No,,Active Pipeline / Automated Follow-Up Dispatched,,,,,,No,,IN_PROGRESS,,Submit application and follow up with HR,,
APP-3K-1373,JOB-3K-APP-3K-1373,CMP-3674A065,Icertis (Req #12),Sales Operations Analyst,2026-08-26,,https://careers.icertis.com/jobs,Aditya_Mehra_Operations_Analyst_v1,,No,,Active Pipeline / Automated Follow-Up Dispatched,,,,,,No,,IN_PROGRESS,,Submit application and follow up with HR,,
APP-3K-1374,JOB-3K-APP-3K-1374,CMP-E2692C9A,Zenoti (Req #12),Customer Success & Expansion Associate,2026-08-26,,https://careers.zenoti.com/jobs,Aditya_Mehra_Operations_Analyst_v1,,No,,Active Pipeline / Automated Follow-Up Dispatched,,,,,,No,,IN_PROGRESS,,Submit application and follow up with HR,,
APP-3K-1375,JOB-3K-APP-3K-1375,CMP-6BABC7CB,Darwinbox (Req #12),GTM Strategy Analyst,2026-08-26,,https://careers.darwinbox.com/jobs,Aditya_Mehra_Operations_Analyst_v1,,No,,Active Pipeline / Automated Follow-Up Dispatched,,,,,,No,,IN_PROGRESS,,Submit application and follow up with HR,,
APP-3K-1376,JOB-3K-APP-3K-1376,CMP-7A7F86F9,LeadSquared (Req #12),Business Development Executive (B2B SaaS),2026-08-26,,https://careers.leadsquared.com/jobs,Aditya_Mehra_Operations_Analyst_v1,,No,,Active Pipeline / Automated Follow-Up Dispatched,,,,,,No,,IN_PROGRESS,,Submit application and follow up with HR,,
APP-3K-1377,JOB-3K-APP-3K-1377,CMP-1DE35383,Whatfix (Req #12),Inside Sales Account Executive,2026-08-26,,https://careers.whatfix.com/jobs,Aditya_Mehra_Operations_Analyst_v1,,No,,Active Pipeline / Automated Follow-Up Dispatched,,,,,,No,,IN_PROGRESS,,Submit application and follow up with HR,,
APP-3K-1378,JOB-3K-APP-3K-1378,CMP-E431D453,MoEngage (Req #12),Sales Operations Analyst,2026-08-26,,https://careers.moengage.com/jobs,Aditya_Mehra_Operations_Analyst_v1,,No,,Active Pipeline / Automated Follow-Up Dispatched,,,,,,No,,IN_PROGRESS,,Submit application and follow up with HR,,
APP-3K-1379,JOB-3K-APP-3K-1379,CMP-D0DFEC63,CleverTap (Req #12),Customer Success & Expansion Associate,2026-08-26,,https://careers.clevertap.com/jobs,Aditya_Mehra_Operations_Analyst_v1,,No,,Active Pipeline / Automated Follow-Up Dispatched,,,,,,No,,IN_PROGRESS,,Submit application and follow up with HR,,
APP-3K-1380,JOB-3K-APP-3K-1380,CMP-549889A8,Hasura (Req #12),GTM Strategy Analyst,2026-08-26,,https://careers.hasura.com/jobs,Aditya_Mehra_Operations_Analyst_v1,,No,,Active Pipeline / Automated Follow-Up Dispatched,,,,,,No,,IN_PROGRESS,,Submit application and follow up with HR,,
APP-3K-1381,JOB-3K-APP-3K-1381,CMP-7C660E98,HubSpot India (Req #13),Business Development Executive (B2B SaaS),2026-08-26,,https://careers.hubspotindia.com/jobs,Aditya_Mehra_Operations_Analyst_v1,,No,,Active Pipeline / Automated Follow-Up Dispatched,,,,,,No,,IN_PROGRESS,,Submit application and follow up with HR,,
APP-3K-1382,JOB-3K-APP-3K-1382,CMP-1ED008B7,Zoho Corporation (Req #13),Inside Sales Account Executive,2026-08-26,,https://careers.zohocorporation.com/jobs,Aditya_Mehra_Operations_Analyst_v1,,No,,Active Pipeline / Automated Follow-Up Dispatched,,,,,,No,,IN_PROGRESS,,Submit application and follow up with HR,,
APP-3K-1383,JOB-3K-APP-3K-1383,CMP-C45A39D9,Freshworks (Req #13),Sales Operations Analyst,2026-08-26,,https://careers.freshworks.com/jobs,Aditya_Mehra_Operations_Analyst_v1,,No,,Active Pipeline / Automated Follow-Up Dispatched,,,,,,No,,IN_PROGRESS,,Submit application and follow up with HR,,
APP-3K-1384,JOB-3K-APP-3K-1384,CMP-A01B3262,Postman (Req #13),Customer Success & Expansion Associate,2026-08-26,,https://careers.postman.com/jobs,Aditya_Mehra_Operations_Analyst_v1,,No,,Active Pipeline / Automated Follow-Up Dispatched,,,,,,No,,IN_PROGRESS,,Submit application and follow up with HR,,
APP-3K-1385,JOB-3K-APP-3K-1385,CMP-54FCD3FB,BrowserStack (Req #13),GTM Strategy Analyst,2026-08-26,,https://careers.browserstack.com/jobs,Aditya_Mehra_Operations_Analyst_v1,,No,,Active Pipeline / Automated Follow-Up Dispatched,,,,,,No,,IN_PROGRESS,,Submit application and follow up with HR,,
APP-3K-1386,JOB-3K-APP-3K-1386,CMP-60729762,Chargebee (Req #13),Business Development Executive (B2B SaaS),2026-08-26,,https://careers.chargebee.com/jobs,Aditya_Mehra_Operations_Analyst_v1,,No,,Active Pipeline / Automated Follow-Up Dispatched,,,,,,No,,IN_PROGRESS,,Submit application and follow up with HR,,
APP-3K-1387,JOB-3K-APP-3K-1387,CMP-CD7F4388,HighRadius (Req #13),Inside Sales Account Executive,2026-08-26,,https://careers.highradius.com/jobs,Aditya_Mehra_Operations_Analyst_v1,,No,,Active Pipeline / Automated Follow-Up Dispatched,,,,,,No,,IN_PROGRESS,,Submit application and follow up with HR,,
APP-3K-1388,JOB-3K-APP-3K-1388,CMP-64FEF684,Icertis (Req #13),Sales Operations Analyst,2026-08-26,,https://careers.icertis.com/jobs,Aditya_Mehra_Operations_Analyst_v1,,No,,Active Pipeline / Automated Follow-Up Dispatched,,,,,,No,,IN_PROGRESS,,Submit application and follow up with HR,,
APP-3K-1389,JOB-3K-APP-3K-1389,CMP-B8089417,Zenoti (Req #13),Customer Success & Expansion Associate,2026-08-26,,https://careers.zenoti.com/jobs,Aditya_Mehra_Operations_Analyst_v1,,No,,Active Pipeline / Automated Follow-Up Dispatched,,,,,,No,,IN_PROGRESS,,Submit application and follow up with HR,,
APP-3K-1390,JOB-3K-APP-3K-1390,CMP-A72959A5,Darwinbox (Req #13),GTM Strategy Analyst,2026-08-26,,https://careers.darwinbox.com/jobs,Aditya_Mehra_Operations_Analyst_v1,,No,,Active Pipeline / Automated Follow-Up Dispatched,,,,,,No,,IN_PROGRESS,,Submit application and follow up with HR,,
APP-3K-1391,JOB-3K-APP-3K-1391,CMP-ED0DBC56,LeadSquared (Req #13),Business Development Executive (B2B SaaS),2026-08-26,,https://careers.leadsquared.com/jobs,Aditya_Mehra_Operations_Analyst_v1,,No,,Active Pipeline / Automated Follow-Up Dispatched,,,,,,No,,IN_PROGRESS,,Submit application and follow up with HR,,
APP-3K-1392,JOB-3K-APP-3K-1392,CMP-51D90A4E,Whatfix (Req #13),Inside Sales Account Executive,2026-08-26,,https://careers.whatfix.com/jobs,Aditya_Mehra_Operations_Analyst_v1,,No,,Active Pipeline / Automated Follow-Up Dispatched,,,,,,No,,IN_PROGRESS,,Submit application and follow up with HR,,
APP-3K-1393,JOB-3K-APP-3K-1393,CMP-F425B07D,MoEngage (Req #13),Sales Operations Analyst,2026-08-26,,https://careers.moengage.com/jobs,Aditya_Mehra_Operations_Analyst_v1,,No,,Active Pipeline / Automated Follow-Up Dispatched,,,,,,No,,IN_PROGRESS,,Submit application and follow up with HR,,
APP-3K-1394,JOB-3K-APP-3K-1394,CMP-9F7A5A6E,CleverTap (Req #13),Customer Success & Expansion Associate,2026-08-26,,https://careers.clevertap.com/jobs,Aditya_Mehra_Operations_Analyst_v1,,No,,Active Pipeline / Automated Follow-Up Dispatched,,,,,,No,,IN_PROGRESS,,Submit application and follow up with HR,,
APP-3K-1395,JOB-3K-APP-3K-1395,CMP-665EB182,Hasura (Req #13),GTM Strategy Analyst,2026-08-26,,https://careers.hasura.com/jobs,Aditya_Mehra_Operations_Analyst_v1,,No,,Active Pipeline / Automated Follow-Up Dispatched,,,,,,No,,IN_PROGRESS,,Submit application and follow up with HR,,
APP-3K-1396,JOB-3K-APP-3K-1396,CMP-2F32309D,HubSpot India (Req #14),Business Development Executive (B2B SaaS),2026-08-26,,https://careers.hubspotindia.com/jobs,Aditya_Mehra_Operations_Analyst_v1,,No,,Active Pipeline / Automated Follow-Up Dispatched,,,,,,No,,IN_PROGRESS,,Submit application and follow up with HR,,
APP-3K-1397,JOB-3K-APP-3K-1397,CMP-E2ABAC2A,Zoho Corporation (Req #14),Inside Sales Account Executive,2026-08-26,,https://careers.zohocorporation.com/jobs,Aditya_Mehra_Operations_Analyst_v1,,No,,Active Pipeline / Automated Follow-Up Dispatched,,,,,,No,,IN_PROGRESS,,Submit application and follow up with HR,,
APP-3K-1398,JOB-3K-APP-3K-1398,CMP-AC202ACB,Freshworks (Req #14),Sales Operations Analyst,2026-08-26,,https://careers.freshworks.com/jobs,Aditya_Mehra_Operations_Analyst_v1,,No,,Active Pipeline / Automated Follow-Up Dispatched,,,,,,No,,IN_PROGRESS,,Submit application and follow up with HR,,
APP-3K-1399,JOB-3K-APP-3K-1399,CMP-17414431,Postman (Req #14),Customer Success & Expansion Associate,2026-08-26,,https://careers.postman.com/jobs,Aditya_Mehra_Operations_Analyst_v1,,No,,Active Pipeline / Automated Follow-Up Dispatched,,,,,,No,,IN_PROGRESS,,Submit application and follow up with HR,,
APP-3K-1400,JOB-3K-APP-3K-1400,CMP-109615A7,BrowserStack (Req #14),GTM Strategy Analyst,2026-08-26,,https://careers.browserstack.com/jobs,Aditya_Mehra_Operations_Analyst_v1,,No,,Active Pipeline / Automated Follow-Up Dispatched,,,,,,No,,IN_PROGRESS,,Submit application and follow up with HR,,
APP-3K-1401,JOB-3K-APP-3K-1401,CMP-E69C5CFC,UnitedHealth Group / Optum,Healthcare Operations Analyst,2026-08-26,,https://careers.unitedhealthgroupoptum.com/jobs,Aditya_Mehra_Operations_Analyst_v1,,No,,Active Pipeline / Automated Follow-Up Dispatched,,,,,,No,,IN_PROGRESS,,Submit application and follow up with HR,,
APP-3K-1402,JOB-3K-APP-3K-1402,CMP-9A4D96F9,Pfizer Digital,Global Commercial Operations Associate,2026-08-26,,https://careers.pfizerdigital.com/jobs,Aditya_Mehra_Operations_Analyst_v1,,No,,Active Pipeline / Automated Follow-Up Dispatched,,,,,,No,,IN_PROGRESS,,Submit application and follow up with HR,,
APP-3K-1403,JOB-3K-APP-3K-1403,CMP-63E631AC,Novartis GBS,Pharma Supply Chain & Cold Chain Analyst,2026-08-26,,https://careers.novartisgbs.com/jobs,Aditya_Mehra_Operations_Analyst_v1,,No,,Active Pipeline / Automated Follow-Up Dispatched,,,,,,No,,IN_PROGRESS,,Submit application and follow up with HR,,
APP-3K-1404,JOB-3K-APP-3K-1404,CMP-A083735A,AstraZeneca,Clinical Data Operations Coordinator,2026-08-26,,https://careers.astrazeneca.com/jobs,Aditya_Mehra_Operations_Analyst_v1,,No,,Active Pipeline / Automated Follow-Up Dispatched,,,,,,No,,IN_PROGRESS,,Submit application and follow up with HR,,
APP-3K-1405,JOB-3K-APP-3K-1405,CMP-2283EED4,Johnson & Johnson,Regulatory Affairs & Trade Associate,2026-08-26,,https://careers.johnsonandjohnson.com/jobs,Aditya_Mehra_Operations_Analyst_v1,,No,,Active Pipeline / Automated Follow-Up Dispatched,,,,,,No,,IN_PROGRESS,,Submit application and follow up with HR,,
APP-3K-1406,JOB-3K-APP-3K-1406,CMP-26FBA945,Sanofi,Healthcare Operations Analyst,2026-08-26,,https://careers.sanofi.com/jobs,Aditya_Mehra_Operations_Analyst_v1,,No,,Active Pipeline / Automated Follow-Up Dispatched,,,,,,No,,IN_PROGRESS,,Submit application and follow up with HR,,
APP-3K-1407,JOB-3K-APP-3K-1407,CMP-8075D9D5,GlaxoSmithKline,Global Commercial Operations Associate,2026-08-26,,https://careers.glaxosmithkline.com/jobs,Aditya_Mehra_Operations_Analyst_v1,,No,,Active Pipeline / Automated Follow-Up Dispatched,,,,,,No,,IN_PROGRESS,,Submit application and follow up with HR,,
APP-3K-1408,JOB-3K-APP-3K-1408,CMP-3C3CD0E4,Roche,Pharma Supply Chain & Cold Chain Analyst,2026-08-26,,https://careers.roche.com/jobs,Aditya_Mehra_Operations_Analyst_v1,,No,,Active Pipeline / Automated Follow-Up Dispatched,,,,,,No,,IN_PROGRESS,,Submit application and follow up with HR,,
APP-3K-1409,JOB-3K-APP-3K-1409,CMP-85F68B72,Abbott Laboratories,Clinical Data Operations Coordinator,2026-08-26,,https://careers.abbottlaboratories.com/jobs,Aditya_Mehra_Operations_Analyst_v1,,No,,Active Pipeline / Automated Follow-Up Dispatched,,,,,,No,,IN_PROGRESS,,Submit application and follow up with HR,,
APP-3K-1410,JOB-3K-APP-3K-1410,CMP-FFACC1D1,Medtronic,Regulatory Affairs & Trade Associate,2026-08-26,,https://careers.medtronic.com/jobs,Aditya_Mehra_Operations_Analyst_v1,,No,,Active Pipeline / Automated Follow-Up Dispatched,,,,,,No,,IN_PROGRESS,,Submit application and follow up with HR,,
APP-3K-1411,JOB-3K-APP-3K-1411,CMP-0AADEF22,Eli Lilly,Healthcare Operations Analyst,2026-08-26,,https://careers.elililly.com/jobs,Aditya_Mehra_Operations_Analyst_v1,,No,,Active Pipeline / Automated Follow-Up Dispatched,,,,,,No,,IN_PROGRESS,,Submit application and follow up with HR,,
APP-3K-1412,JOB-3K-APP-3K-1412,CMP-D4FF4823,Bayer,Global Commercial Operations Associate,2026-08-26,,https://careers.bayer.com/jobs,Aditya_Mehra_Operations_Analyst_v1,,No,,Active Pipeline / Automated Follow-Up Dispatched,,,,,,No,,IN_PROGRESS,,Submit application and follow up with HR,,
APP-3K-1413,JOB-3K-APP-3K-1413,CMP-38051F3D,Merck Group,Pharma Supply Chain & Cold Chain Analyst,2026-08-26,,https://careers.merckgroup.com/jobs,Aditya_Mehra_Operations_Analyst_v1,,No,,Active Pipeline / Automated Follow-Up Dispatched,,,,,,No,,IN_PROGRESS,,Submit application and follow up with HR,,
APP-3K-1414,JOB-3K-APP-3K-1414,CMP-6F74B7CD,Novo Nordisk,Clinical Data Operations Coordinator,2026-08-26,,https://careers.novonordisk.com/jobs,Aditya_Mehra_Operations_Analyst_v1,,No,,Active Pipeline / Automated Follow-Up Dispatched,,,,,,No,,IN_PROGRESS,,Submit application and follow up with HR,,
APP-3K-1415,JOB-3K-APP-3K-1415,CMP-75BB3666,IQVIA,Regulatory Affairs & Trade Associate,2026-08-26,,https://careers.iqvia.com/jobs,Aditya_Mehra_Operations_Analyst_v1,,No,,Active Pipeline / Automated Follow-Up Dispatched,,,,,,No,,IN_PROGRESS,,Submit application and follow up with HR,,
APP-3K-1416,JOB-3K-APP-3K-1416,CMP-A5957680,UnitedHealth Group / Optum (Req #2),Healthcare Operations Analyst,2026-08-26,,https://careers.unitedhealthgroupoptum.com/jobs,Aditya_Mehra_Operations_Analyst_v1,,No,,Active Pipeline / Automated Follow-Up Dispatched,,,,,,No,,IN_PROGRESS,,Submit application and follow up with HR,,
APP-3K-1417,JOB-3K-APP-3K-1417,CMP-5E6BE544,Pfizer Digital (Req #2),Global Commercial Operations Associate,2026-08-26,,https://careers.pfizerdigital.com/jobs,Aditya_Mehra_Operations_Analyst_v1,,No,,Active Pipeline / Automated Follow-Up Dispatched,,,,,,No,,IN_PROGRESS,,Submit application and follow up with HR,,
APP-3K-1418,JOB-3K-APP-3K-1418,CMP-C063D364,Novartis GBS (Req #2),Pharma Supply Chain & Cold Chain Analyst,2026-08-26,,https://careers.novartisgbs.com/jobs,Aditya_Mehra_Operations_Analyst_v1,,No,,Active Pipeline / Automated Follow-Up Dispatched,,,,,,No,,IN_PROGRESS,,Submit application and follow up with HR,,
APP-3K-1419,JOB-3K-APP-3K-1419,CMP-2A981876,AstraZeneca (Req #2),Clinical Data Operations Coordinator,2026-08-26,,https://careers.astrazeneca.com/jobs,Aditya_Mehra_Operations_Analyst_v1,,No,,Active Pipeline / Automated Follow-Up Dispatched,,,,,,No,,IN_PROGRESS,,Submit application and follow up with HR,,
APP-3K-1420,JOB-3K-APP-3K-1420,CMP-1F4AE921,Johnson & Johnson (Req #2),Regulatory Affairs & Trade Associate,2026-08-26,,https://careers.johnsonandjohnson.com/jobs,Aditya_Mehra_Operations_Analyst_v1,,No,,Active Pipeline / Automated Follow-Up Dispatched,,,,,,No,,IN_PROGRESS,,Submit application and follow up with HR,,
APP-3K-1421,JOB-3K-APP-3K-1421,CMP-721D23DB,Sanofi (Req #2),Healthcare Operations Analyst,2026-08-26,,https://careers.sanofi.com/jobs,Aditya_Mehra_Operations_Analyst_v1,,No,,Active Pipeline / Automated Follow-Up Dispatched,,,,,,No,,IN_PROGRESS,,Submit application and follow up with HR,,
APP-3K-1422,JOB-3K-APP-3K-1422,CMP-500B410B,GlaxoSmithKline (Req #2),Global Commercial Operations Associate,2026-08-26,,https://careers.glaxosmithkline.com/jobs,Aditya_Mehra_Operations_Analyst_v1,,No,,Active Pipeline / Automated Follow-Up Dispatched,,,,,,No,,IN_PROGRESS,,Submit application and follow up with HR,,
APP-3K-1423,JOB-3K-APP-3K-1423,CMP-A6E9141F,Roche (Req #2),Pharma Supply Chain & Cold Chain Analyst,2026-08-26,,https://careers.roche.com/jobs,Aditya_Mehra_Operations_Analyst_v1,,No,,Active Pipeline / Automated Follow-Up Dispatched,,,,,,No,,IN_PROGRESS,,Submit application and follow up with HR,,
APP-3K-1424,JOB-3K-APP-3K-1424,CMP-2127437E,Abbott Laboratories (Req #2),Clinical Data Operations Coordinator,2026-08-26,,https://careers.abbottlaboratories.com/jobs,Aditya_Mehra_Operations_Analyst_v1,,No,,Active Pipeline / Automated Follow-Up Dispatched,,,,,,No,,IN_PROGRESS,,Submit application and follow up with HR,,
APP-3K-1425,JOB-3K-APP-3K-1425,CMP-57E4F7E2,Medtronic (Req #2),Regulatory Affairs & Trade Associate,2026-08-26,,https://careers.medtronic.com/jobs,Aditya_Mehra_Operations_Analyst_v1,,No,,Active Pipeline / Automated Follow-Up Dispatched,,,,,,No,,IN_PROGRESS,,Submit application and follow up with HR,,
APP-3K-1426,JOB-3K-APP-3K-1426,CMP-1F33B87D,Eli Lilly (Req #2),Healthcare Operations Analyst,2026-08-26,,https://careers.elililly.com/jobs,Aditya_Mehra_Operations_Analyst_v1,,No,,Active Pipeline / Automated Follow-Up Dispatched,,,,,,No,,IN_PROGRESS,,Submit application and follow up with HR,,
APP-3K-1427,JOB-3K-APP-3K-1427,CMP-494D878A,Bayer (Req #2),Global Commercial Operations Associate,2026-08-26,,https://careers.bayer.com/jobs,Aditya_Mehra_Operations_Analyst_v1,,No,,Active Pipeline / Automated Follow-Up Dispatched,,,,,,No,,IN_PROGRESS,,Submit application and follow up with HR,,
APP-3K-1428,JOB-3K-APP-3K-1428,CMP-5F7F389B,Merck Group (Req #2),Pharma Supply Chain & Cold Chain Analyst,2026-08-26,,https://careers.merckgroup.com/jobs,Aditya_Mehra_Operations_Analyst_v1,,No,,Active Pipeline / Automated Follow-Up Dispatched,,,,,,No,,IN_PROGRESS,,Submit application and follow up with HR,,
APP-3K-1429,JOB-3K-APP-3K-1429,CMP-35E8C852,Novo Nordisk (Req #2),Clinical Data Operations Coordinator,2026-08-26,,https://careers.novonordisk.com/jobs,Aditya_Mehra_Operations_Analyst_v1,,No,,Active Pipeline / Automated Follow-Up Dispatched,,,,,,No,,IN_PROGRESS,,Submit application and follow up with HR,,
APP-3K-1430,JOB-3K-APP-3K-1430,CMP-83942E66,IQVIA (Req #2),Regulatory Affairs & Trade Associate,2026-08-26,,https://careers.iqvia.com/jobs,Aditya_Mehra_Operations_Analyst_v1,,No,,Active Pipeline / Automated Follow-Up Dispatched,,,,,,No,,IN_PROGRESS,,Submit application and follow up with HR,,
APP-3K-1431,JOB-3K-APP-3K-1431,CMP-B1496A2F,UnitedHealth Group / Optum (Req #3),Healthcare Operations Analyst,2026-08-26,,https://careers.unitedhealthgroupoptum.com/jobs,Aditya_Mehra_Operations_Analyst_v1,,No,,Active Pipeline / Automated Follow-Up Dispatched,,,,,,No,,IN_PROGRESS,,Submit application and follow up with HR,,
APP-3K-1432,JOB-3K-APP-3K-1432,CMP-21E1BFCC,Pfizer Digital (Req #3),Global Commercial Operations Associate,2026-08-26,,https://careers.pfizerdigital.com/jobs,Aditya_Mehra_Operations_Analyst_v1,,No,,Active Pipeline / Automated Follow-Up Dispatched,,,,,,No,,IN_PROGRESS,,Submit application and follow up with HR,,
APP-3K-1433,JOB-3K-APP-3K-1433,CMP-C4C954DB,Novartis GBS (Req #3),Pharma Supply Chain & Cold Chain Analyst,2026-08-26,,https://careers.novartisgbs.com/jobs,Aditya_Mehra_Operations_Analyst_v1,,No,,Active Pipeline / Automated Follow-Up Dispatched,,,,,,No,,IN_PROGRESS,,Submit application and follow up with HR,,
APP-3K-1434,JOB-3K-APP-3K-1434,CMP-47E2FF78,AstraZeneca (Req #3),Clinical Data Operations Coordinator,2026-08-26,,https://careers.astrazeneca.com/jobs,Aditya_Mehra_Operations_Analyst_v1,,No,,Active Pipeline / Automated Follow-Up Dispatched,,,,,,No,,IN_PROGRESS,,Submit application and follow up with HR,,
APP-3K-1435,JOB-3K-APP-3K-1435,CMP-E7C5AC8E,Johnson & Johnson (Req #3),Regulatory Affairs & Trade Associate,2026-08-26,,https://careers.johnsonandjohnson.com/jobs,Aditya_Mehra_Operations_Analyst_v1,,No,,Active Pipeline / Automated Follow-Up Dispatched,,,,,,No,,IN_PROGRESS,,Submit application and follow up with HR,,
APP-3K-1436,JOB-3K-APP-3K-1436,CMP-0D6D6737,Sanofi (Req #3),Healthcare Operations Analyst,2026-08-26,,https://careers.sanofi.com/jobs,Aditya_Mehra_Operations_Analyst_v1,,No,,Active Pipeline / Automated Follow-Up Dispatched,,,,,,No,,IN_PROGRESS,,Submit application and follow up with HR,,
APP-3K-1437,JOB-3K-APP-3K-1437,CMP-8D993893,GlaxoSmithKline (Req #3),Global Commercial Operations Associate,2026-08-26,,https://careers.glaxosmithkline.com/jobs,Aditya_Mehra_Operations_Analyst_v1,,No,,Active Pipeline / Automated Follow-Up Dispatched,,,,,,No,,IN_PROGRESS,,Submit application and follow up with HR,,
APP-3K-1438,JOB-3K-APP-3K-1438,CMP-30941FF6,Roche (Req #3),Pharma Supply Chain & Cold Chain Analyst,2026-08-26,,https://careers.roche.com/jobs,Aditya_Mehra_Operations_Analyst_v1,,No,,Active Pipeline / Automated Follow-Up Dispatched,,,,,,No,,IN_PROGRESS,,Submit application and follow up with HR,,
APP-3K-1439,JOB-3K-APP-3K-1439,CMP-90206092,Abbott Laboratories (Req #3),Clinical Data Operations Coordinator,2026-08-26,,https://careers.abbottlaboratories.com/jobs,Aditya_Mehra_Operations_Analyst_v1,,No,,Active Pipeline / Automated Follow-Up Dispatched,,,,,,No,,IN_PROGRESS,,Submit application and follow up with HR,,
APP-3K-1440,JOB-3K-APP-3K-1440,CMP-AFF13BFE,Medtronic (Req #3),Regulatory Affairs & Trade Associate,2026-08-26,,https://careers.medtronic.com/jobs,Aditya_Mehra_Operations_Analyst_v1,,No,,Active Pipeline / Automated Follow-Up Dispatched,,,,,,No,,IN_PROGRESS,,Submit application and follow up with HR,,
APP-3K-1441,JOB-3K-APP-3K-1441,CMP-DCC94A5D,Eli Lilly (Req #3),Healthcare Operations Analyst,2026-08-26,,https://careers.elililly.com/jobs,Aditya_Mehra_Operations_Analyst_v1,,No,,Active Pipeline / Automated Follow-Up Dispatched,,,,,,No,,IN_PROGRESS,,Submit application and follow up with HR,,
APP-3K-1442,JOB-3K-APP-3K-1442,CMP-78A0A868,Bayer (Req #3),Global Commercial Operations Associate,2026-08-26,,https://careers.bayer.com/jobs,Aditya_Mehra_Operations_Analyst_v1,,No,,Active Pipeline / Automated Follow-Up Dispatched,,,,,,No,,IN_PROGRESS,,Submit application and follow up with HR,,
APP-3K-1443,JOB-3K-APP-3K-1443,CMP-B6E02D0F,Merck Group (Req #3),Pharma Supply Chain & Cold Chain Analyst,2026-08-26,,https://careers.merckgroup.com/jobs,Aditya_Mehra_Operations_Analyst_v1,,No,,Active Pipeline / Automated Follow-Up Dispatched,,,,,,No,,IN_PROGRESS,,Submit application and follow up with HR,,
APP-3K-1444,JOB-3K-APP-3K-1444,CMP-8B9E0E21,Novo Nordisk (Req #3),Clinical Data Operations Coordinator,2026-08-26,,https://careers.novonordisk.com/jobs,Aditya_Mehra_Operations_Analyst_v1,,No,,Active Pipeline / Automated Follow-Up Dispatched,,,,,,No,,IN_PROGRESS,,Submit application and follow up with HR,,
APP-3K-1445,JOB-3K-APP-3K-1445,CMP-B7368520,IQVIA (Req #3),Regulatory Affairs & Trade Associate,2026-08-26,,https://careers.iqvia.com/jobs,Aditya_Mehra_Operations_Analyst_v1,,No,,Active Pipeline / Automated Follow-Up Dispatched,,,,,,No,,IN_PROGRESS,,Submit application and follow up with HR,,
APP-3K-1446,JOB-3K-APP-3K-1446,CMP-FA9040DA,UnitedHealth Group / Optum (Req #4),Healthcare Operations Analyst,2026-08-26,,https://careers.unitedhealthgroupoptum.com/jobs,Aditya_Mehra_Operations_Analyst_v1,,No,,Active Pipeline / Automated Follow-Up Dispatched,,,,,,No,,IN_PROGRESS,,Submit application and follow up with HR,,
APP-3K-1447,JOB-3K-APP-3K-1447,CMP-D196EA23,Pfizer Digital (Req #4),Global Commercial Operations Associate,2026-08-26,,https://careers.pfizerdigital.com/jobs,Aditya_Mehra_Operations_Analyst_v1,,No,,Active Pipeline / Automated Follow-Up Dispatched,,,,,,No,,IN_PROGRESS,,Submit application and follow up with HR,,
APP-3K-1448,JOB-3K-APP-3K-1448,CMP-8DA551E1,Novartis GBS (Req #4),Pharma Supply Chain & Cold Chain Analyst,2026-08-26,,https://careers.novartisgbs.com/jobs,Aditya_Mehra_Operations_Analyst_v1,,No,,Active Pipeline / Automated Follow-Up Dispatched,,,,,,No,,IN_PROGRESS,,Submit application and follow up with HR,,
APP-3K-1449,JOB-3K-APP-3K-1449,CMP-FACCA8DD,AstraZeneca (Req #4),Clinical Data Operations Coordinator,2026-08-26,,https://careers.astrazeneca.com/jobs,Aditya_Mehra_Operations_Analyst_v1,,No,,Active Pipeline / Automated Follow-Up Dispatched,,,,,,No,,IN_PROGRESS,,Submit application and follow up with HR,,
APP-3K-1450,JOB-3K-APP-3K-1450,CMP-8DFD4362,Johnson & Johnson (Req #4),Regulatory Affairs & Trade Associate,2026-08-26,,https://careers.johnsonandjohnson.com/jobs,Aditya_Mehra_Operations_Analyst_v1,,No,,Active Pipeline / Automated Follow-Up Dispatched,,,,,,No,,IN_PROGRESS,,Submit application and follow up with HR,,
APP-3K-1451,JOB-3K-APP-3K-1451,CMP-D563AD4B,Sanofi (Req #4),Healthcare Operations Analyst,2026-08-26,,https://careers.sanofi.com/jobs,Aditya_Mehra_Operations_Analyst_v1,,No,,Active Pipeline / Automated Follow-Up Dispatched,,,,,,No,,IN_PROGRESS,,Submit application and follow up with HR,,
APP-3K-1452,JOB-3K-APP-3K-1452,CMP-23913047,GlaxoSmithKline (Req #4),Global Commercial Operations Associate,2026-08-26,,https://careers.glaxosmithkline.com/jobs,Aditya_Mehra_Operations_Analyst_v1,,No,,Active Pipeline / Automated Follow-Up Dispatched,,,,,,No,,IN_PROGRESS,,Submit application and follow up with HR,,
APP-3K-1453,JOB-3K-APP-3K-1453,CMP-85197AA8,Roche (Req #4),Pharma Supply Chain & Cold Chain Analyst,2026-08-26,,https://careers.roche.com/jobs,Aditya_Mehra_Operations_Analyst_v1,,No,,Active Pipeline / Automated Follow-Up Dispatched,,,,,,No,,IN_PROGRESS,,Submit application and follow up with HR,,
APP-3K-1454,JOB-3K-APP-3K-1454,CMP-4E4E927E,Abbott Laboratories (Req #4),Clinical Data Operations Coordinator,2026-08-26,,https://careers.abbottlaboratories.com/jobs,Aditya_Mehra_Operations_Analyst_v1,,No,,Active Pipeline / Automated Follow-Up Dispatched,,,,,,No,,IN_PROGRESS,,Submit application and follow up with HR,,
APP-3K-1455,JOB-3K-APP-3K-1455,CMP-DCAF6AFD,Medtronic (Req #4),Regulatory Affairs & Trade Associate,2026-08-26,,https://careers.medtronic.com/jobs,Aditya_Mehra_Operations_Analyst_v1,,No,,Active Pipeline / Automated Follow-Up Dispatched,,,,,,No,,IN_PROGRESS,,Submit application and follow up with HR,,
APP-3K-1456,JOB-3K-APP-3K-1456,CMP-384FB085,Eli Lilly (Req #4),Healthcare Operations Analyst,2026-08-26,,https://careers.elililly.com/jobs,Aditya_Mehra_Operations_Analyst_v1,,No,,Active Pipeline / Automated Follow-Up Dispatched,,,,,,No,,IN_PROGRESS,,Submit application and follow up with HR,,
APP-3K-1457,JOB-3K-APP-3K-1457,CMP-32F2EBDC,Bayer (Req #4),Global Commercial Operations Associate,2026-08-26,,https://careers.bayer.com/jobs,Aditya_Mehra_Operations_Analyst_v1,,No,,Active Pipeline / Automated Follow-Up Dispatched,,,,,,No,,IN_PROGRESS,,Submit application and follow up with HR,,
APP-3K-1458,JOB-3K-APP-3K-1458,CMP-C70F79E6,Merck Group (Req #4),Pharma Supply Chain & Cold Chain Analyst,2026-08-26,,https://careers.merckgroup.com/jobs,Aditya_Mehra_Operations_Analyst_v1,,No,,Active Pipeline / Automated Follow-Up Dispatched,,,,,,No,,IN_PROGRESS,,Submit application and follow up with HR,,
APP-3K-1459,JOB-3K-APP-3K-1459,CMP-E2C78FEF,Novo Nordisk (Req #4),Clinical Data Operations Coordinator,2026-08-26,,https://careers.novonordisk.com/jobs,Aditya_Mehra_Operations_Analyst_v1,,No,,Active Pipeline / Automated Follow-Up Dispatched,,,,,,No,,IN_PROGRESS,,Submit application and follow up with HR,,
APP-3K-1460,JOB-3K-APP-3K-1460,CMP-4022A3E2,IQVIA (Req #4),Regulatory Affairs & Trade Associate,2026-08-26,,https://careers.iqvia.com/jobs,Aditya_Mehra_Operations_Analyst_v1,,No,,Active Pipeline / Automated Follow-Up Dispatched,,,,,,No,,IN_PROGRESS,,Submit application and follow up with HR,,
APP-3K-1461,JOB-3K-APP-3K-1461,CMP-FBB655BD,UnitedHealth Group / Optum (Req #5),Healthcare Operations Analyst,2026-08-26,,https://careers.unitedhealthgroupoptum.com/jobs,Aditya_Mehra_Operations_Analyst_v1,,No,,Active Pipeline / Automated Follow-Up Dispatched,,,,,,No,,IN_PROGRESS,,Submit application and follow up with HR,,
APP-3K-1462,JOB-3K-APP-3K-1462,CMP-D9C77B6A,Pfizer Digital (Req #5),Global Commercial Operations Associate,2026-08-26,,https://careers.pfizerdigital.com/jobs,Aditya_Mehra_Operations_Analyst_v1,,No,,Active Pipeline / Automated Follow-Up Dispatched,,,,,,No,,IN_PROGRESS,,Submit application and follow up with HR,,
APP-3K-1463,JOB-3K-APP-3K-1463,CMP-7AB889AC,Novartis GBS (Req #5),Pharma Supply Chain & Cold Chain Analyst,2026-08-26,,https://careers.novartisgbs.com/jobs,Aditya_Mehra_Operations_Analyst_v1,,No,,Active Pipeline / Automated Follow-Up Dispatched,,,,,,No,,IN_PROGRESS,,Submit application and follow up with HR,,
APP-3K-1464,JOB-3K-APP-3K-1464,CMP-93516DE0,AstraZeneca (Req #5),Clinical Data Operations Coordinator,2026-08-26,,https://careers.astrazeneca.com/jobs,Aditya_Mehra_Operations_Analyst_v1,,No,,Active Pipeline / Automated Follow-Up Dispatched,,,,,,No,,IN_PROGRESS,,Submit application and follow up with HR,,
APP-3K-1465,JOB-3K-APP-3K-1465,CMP-DA081183,Johnson & Johnson (Req #5),Regulatory Affairs & Trade Associate,2026-08-26,,https://careers.johnsonandjohnson.com/jobs,Aditya_Mehra_Operations_Analyst_v1,,No,,Active Pipeline / Automated Follow-Up Dispatched,,,,,,No,,IN_PROGRESS,,Submit application and follow up with HR,,
APP-3K-1466,JOB-3K-APP-3K-1466,CMP-D0A80703,Sanofi (Req #5),Healthcare Operations Analyst,2026-08-26,,https://careers.sanofi.com/jobs,Aditya_Mehra_Operations_Analyst_v1,,No,,Active Pipeline / Automated Follow-Up Dispatched,,,,,,No,,IN_PROGRESS,,Submit application and follow up with HR,,
APP-3K-1467,JOB-3K-APP-3K-1467,CMP-7D0893F2,GlaxoSmithKline (Req #5),Global Commercial Operations Associate,2026-08-26,,https://careers.glaxosmithkline.com/jobs,Aditya_Mehra_Operations_Analyst_v1,,No,,Active Pipeline / Automated Follow-Up Dispatched,,,,,,No,,IN_PROGRESS,,Submit application and follow up with HR,,
APP-3K-1468,JOB-3K-APP-3K-1468,CMP-87DED7DF,Roche (Req #5),Pharma Supply Chain & Cold Chain Analyst,2026-08-26,,https://careers.roche.com/jobs,Aditya_Mehra_Operations_Analyst_v1,,No,,Active Pipeline / Automated Follow-Up Dispatched,,,,,,No,,IN_PROGRESS,,Submit application and follow up with HR,,
APP-3K-1469,JOB-3K-APP-3K-1469,CMP-6A37A11A,Abbott Laboratories (Req #5),Clinical Data Operations Coordinator,2026-08-26,,https://careers.abbottlaboratories.com/jobs,Aditya_Mehra_Operations_Analyst_v1,,No,,Active Pipeline / Automated Follow-Up Dispatched,,,,,,No,,IN_PROGRESS,,Submit application and follow up with HR,,
APP-3K-1470,JOB-3K-APP-3K-1470,CMP-2CF81728,Medtronic (Req #5),Regulatory Affairs & Trade Associate,2026-08-26,,https://careers.medtronic.com/jobs,Aditya_Mehra_Operations_Analyst_v1,,No,,Active Pipeline / Automated Follow-Up Dispatched,,,,,,No,,IN_PROGRESS,,Submit application and follow up with HR,,
APP-3K-1471,JOB-3K-APP-3K-1471,CMP-34D928C9,Eli Lilly (Req #5),Healthcare Operations Analyst,2026-08-26,,https://careers.elililly.com/jobs,Aditya_Mehra_Operations_Analyst_v1,,No,,Active Pipeline / Automated Follow-Up Dispatched,,,,,,No,,IN_PROGRESS,,Submit application and follow up with HR,,
APP-3K-1472,JOB-3K-APP-3K-1472,CMP-280A82AF,Bayer (Req #5),Global Commercial Operations Associate,2026-08-26,,https://careers.bayer.com/jobs,Aditya_Mehra_Operations_Analyst_v1,,No,,Active Pipeline / Automated Follow-Up Dispatched,,,,,,No,,IN_PROGRESS,,Submit application and follow up with HR,,
APP-3K-1473,JOB-3K-APP-3K-1473,CMP-875EA7C1,Merck Group (Req #5),Pharma Supply Chain & Cold Chain Analyst,2026-08-26,,https://careers.merckgroup.com/jobs,Aditya_Mehra_Operations_Analyst_v1,,No,,Active Pipeline / Automated Follow-Up Dispatched,,,,,,No,,IN_PROGRESS,,Submit application and follow up with HR,,
APP-3K-1474,JOB-3K-APP-3K-1474,CMP-DBBF2C1F,Novo Nordisk (Req #5),Clinical Data Operations Coordinator,2026-08-26,,https://careers.novonordisk.com/jobs,Aditya_Mehra_Operations_Analyst_v1,,No,,Active Pipeline / Automated Follow-Up Dispatched,,,,,,No,,IN_PROGRESS,,Submit application and follow up with HR,,
APP-3K-1475,JOB-3K-APP-3K-1475,CMP-69F14DC8,IQVIA (Req #5),Regulatory Affairs & Trade Associate,2026-08-26,,https://careers.iqvia.com/jobs,Aditya_Mehra_Operations_Analyst_v1,,No,,Active Pipeline / Automated Follow-Up Dispatched,,,,,,No,,IN_PROGRESS,,Submit application and follow up with HR,,
APP-3K-1476,JOB-3K-APP-3K-1476,CMP-F3FD7E6D,UnitedHealth Group / Optum (Req #6),Healthcare Operations Analyst,2026-08-26,,https://careers.unitedhealthgroupoptum.com/jobs,Aditya_Mehra_Operations_Analyst_v1,,No,,Active Pipeline / Automated Follow-Up Dispatched,,,,,,No,,IN_PROGRESS,,Submit application and follow up with HR,,
APP-3K-1477,JOB-3K-APP-3K-1477,CMP-D0A94D31,Pfizer Digital (Req #6),Global Commercial Operations Associate,2026-08-26,,https://careers.pfizerdigital.com/jobs,Aditya_Mehra_Operations_Analyst_v1,,No,,Active Pipeline / Automated Follow-Up Dispatched,,,,,,No,,IN_PROGRESS,,Submit application and follow up with HR,,
APP-3K-1478,JOB-3K-APP-3K-1478,CMP-0DFF199B,Novartis GBS (Req #6),Pharma Supply Chain & Cold Chain Analyst,2026-08-26,,https://careers.novartisgbs.com/jobs,Aditya_Mehra_Operations_Analyst_v1,,No,,Active Pipeline / Automated Follow-Up Dispatched,,,,,,No,,IN_PROGRESS,,Submit application and follow up with HR,,
APP-3K-1479,JOB-3K-APP-3K-1479,CMP-BE606DA2,AstraZeneca (Req #6),Clinical Data Operations Coordinator,2026-08-26,,https://careers.astrazeneca.com/jobs,Aditya_Mehra_Operations_Analyst_v1,,No,,Active Pipeline / Automated Follow-Up Dispatched,,,,,,No,,IN_PROGRESS,,Submit application and follow up with HR,,
APP-3K-1480,JOB-3K-APP-3K-1480,CMP-5AAFA162,Johnson & Johnson (Req #6),Regulatory Affairs & Trade Associate,2026-08-26,,https://careers.johnsonandjohnson.com/jobs,Aditya_Mehra_Operations_Analyst_v1,,No,,Active Pipeline / Automated Follow-Up Dispatched,,,,,,No,,IN_PROGRESS,,Submit application and follow up with HR,,
APP-3K-1481,JOB-3K-APP-3K-1481,CMP-21EF8EF6,Sanofi (Req #6),Healthcare Operations Analyst,2026-08-26,,https://careers.sanofi.com/jobs,Aditya_Mehra_Operations_Analyst_v1,,No,,Active Pipeline / Automated Follow-Up Dispatched,,,,,,No,,IN_PROGRESS,,Submit application and follow up with HR,,
APP-3K-1482,JOB-3K-APP-3K-1482,CMP-0805DFCE,GlaxoSmithKline (Req #6),Global Commercial Operations Associate,2026-08-26,,https://careers.glaxosmithkline.com/jobs,Aditya_Mehra_Operations_Analyst_v1,,No,,Active Pipeline / Automated Follow-Up Dispatched,,,,,,No,,IN_PROGRESS,,Submit application and follow up with HR,,
APP-3K-1483,JOB-3K-APP-3K-1483,CMP-C95FB2B4,Roche (Req #6),Pharma Supply Chain & Cold Chain Analyst,2026-08-26,,https://careers.roche.com/jobs,Aditya_Mehra_Operations_Analyst_v1,,No,,Active Pipeline / Automated Follow-Up Dispatched,,,,,,No,,IN_PROGRESS,,Submit application and follow up with HR,,
APP-3K-1484,JOB-3K-APP-3K-1484,CMP-DB944186,Abbott Laboratories (Req #6),Clinical Data Operations Coordinator,2026-08-26,,https://careers.abbottlaboratories.com/jobs,Aditya_Mehra_Operations_Analyst_v1,,No,,Active Pipeline / Automated Follow-Up Dispatched,,,,,,No,,IN_PROGRESS,,Submit application and follow up with HR,,
APP-3K-1485,JOB-3K-APP-3K-1485,CMP-4C2C5458,Medtronic (Req #6),Regulatory Affairs & Trade Associate,2026-08-26,,https://careers.medtronic.com/jobs,Aditya_Mehra_Operations_Analyst_v1,,No,,Active Pipeline / Automated Follow-Up Dispatched,,,,,,No,,IN_PROGRESS,,Submit application and follow up with HR,,
APP-3K-1486,JOB-3K-APP-3K-1486,CMP-B81C132A,Eli Lilly (Req #6),Healthcare Operations Analyst,2026-08-26,,https://careers.elililly.com/jobs,Aditya_Mehra_Operations_Analyst_v1,,No,,Active Pipeline / Automated Follow-Up Dispatched,,,,,,No,,IN_PROGRESS,,Submit application and follow up with HR,,
APP-3K-1487,JOB-3K-APP-3K-1487,CMP-7E0FB6CA,Bayer (Req #6),Global Commercial Operations Associate,2026-08-26,,https://careers.bayer.com/jobs,Aditya_Mehra_Operations_Analyst_v1,,No,,Active Pipeline / Automated Follow-Up Dispatched,,,,,,No,,IN_PROGRESS,,Submit application and follow up with HR,,
APP-3K-1488,JOB-3K-APP-3K-1488,CMP-FE71A942,Merck Group (Req #6),Pharma Supply Chain & Cold Chain Analyst,2026-08-26,,https://careers.merckgroup.com/jobs,Aditya_Mehra_Operations_Analyst_v1,,No,,Active Pipeline / Automated Follow-Up Dispatched,,,,,,No,,IN_PROGRESS,,Submit application and follow up with HR,,
APP-3K-1489,JOB-3K-APP-3K-1489,CMP-A8E2E7E6,Novo Nordisk (Req #6),Clinical Data Operations Coordinator,2026-08-26,,https://careers.novonordisk.com/jobs,Aditya_Mehra_Operations_Analyst_v1,,No,,Active Pipeline / Automated Follow-Up Dispatched,,,,,,No,,IN_PROGRESS,,Submit application and follow up with HR,,
APP-3K-1490,JOB-3K-APP-3K-1490,CMP-8443A068,IQVIA (Req #6),Regulatory Affairs & Trade Associate,2026-08-26,,https://careers.iqvia.com/jobs,Aditya_Mehra_Operations_Analyst_v1,,No,,Active Pipeline / Automated Follow-Up Dispatched,,,,,,No,,IN_PROGRESS,,Submit application and follow up with HR,,
APP-3K-1491,JOB-3K-APP-3K-1491,CMP-D2FE6DEA,UnitedHealth Group / Optum (Req #7),Healthcare Operations Analyst,2026-08-26,,https://careers.unitedhealthgroupoptum.com/jobs,Aditya_Mehra_Operations_Analyst_v1,,No,,Active Pipeline / Automated Follow-Up Dispatched,,,,,,No,,IN_PROGRESS,,Submit application and follow up with HR,,
APP-3K-1492,JOB-3K-APP-3K-1492,CMP-950F825F,Pfizer Digital (Req #7),Global Commercial Operations Associate,2026-08-26,,https://careers.pfizerdigital.com/jobs,Aditya_Mehra_Operations_Analyst_v1,,No,,Active Pipeline / Automated Follow-Up Dispatched,,,,,,No,,IN_PROGRESS,,Submit application and follow up with HR,,
APP-3K-1493,JOB-3K-APP-3K-1493,CMP-D8520E1D,Novartis GBS (Req #7),Pharma Supply Chain & Cold Chain Analyst,2026-08-26,,https://careers.novartisgbs.com/jobs,Aditya_Mehra_Operations_Analyst_v1,,No,,Active Pipeline / Automated Follow-Up Dispatched,,,,,,No,,IN_PROGRESS,,Submit application and follow up with HR,,
APP-3K-1494,JOB-3K-APP-3K-1494,CMP-E77505DF,AstraZeneca (Req #7),Clinical Data Operations Coordinator,2026-08-26,,https://careers.astrazeneca.com/jobs,Aditya_Mehra_Operations_Analyst_v1,,No,,Active Pipeline / Automated Follow-Up Dispatched,,,,,,No,,IN_PROGRESS,,Submit application and follow up with HR,,
APP-3K-1495,JOB-3K-APP-3K-1495,CMP-9E0B02D9,Johnson & Johnson (Req #7),Regulatory Affairs & Trade Associate,2026-08-26,,https://careers.johnsonandjohnson.com/jobs,Aditya_Mehra_Operations_Analyst_v1,,No,,Active Pipeline / Automated Follow-Up Dispatched,,,,,,No,,IN_PROGRESS,,Submit application and follow up with HR,,
APP-3K-1496,JOB-3K-APP-3K-1496,CMP-EC03A405,Sanofi (Req #7),Healthcare Operations Analyst,2026-08-26,,https://careers.sanofi.com/jobs,Aditya_Mehra_Operations_Analyst_v1,,No,,Active Pipeline / Automated Follow-Up Dispatched,,,,,,No,,IN_PROGRESS,,Submit application and follow up with HR,,
APP-3K-1497,JOB-3K-APP-3K-1497,CMP-23CB388D,GlaxoSmithKline (Req #7),Global Commercial Operations Associate,2026-08-26,,https://careers.glaxosmithkline.com/jobs,Aditya_Mehra_Operations_Analyst_v1,,No,,Active Pipeline / Automated Follow-Up Dispatched,,,,,,No,,IN_PROGRESS,,Submit application and follow up with HR,,
APP-3K-1498,JOB-3K-APP-3K-1498,CMP-0FEC07F7,Roche (Req #7),Pharma Supply Chain & Cold Chain Analyst,2026-08-26,,https://careers.roche.com/jobs,Aditya_Mehra_Operations_Analyst_v1,,No,,Active Pipeline / Automated Follow-Up Dispatched,,,,,,No,,IN_PROGRESS,,Submit application and follow up with HR,,
APP-3K-1499,JOB-3K-APP-3K-1499,CMP-2253AD76,Abbott Laboratories (Req #7),Clinical Data Operations Coordinator,2026-08-26,,https://careers.abbottlaboratories.com/jobs,Aditya_Mehra_Operations_Analyst_v1,,No,,Active Pipeline / Automated Follow-Up Dispatched,,,,,,No,,IN_PROGRESS,,Submit application and follow up with HR,,
APP-3K-1500,JOB-3K-APP-3K-1500,CMP-DDE93976,Medtronic (Req #7),Regulatory Affairs & Trade Associate,2026-08-26,,https://careers.medtronic.com/jobs,Aditya_Mehra_Operations_Analyst_v1,,No,,Active Pipeline / Automated Follow-Up Dispatched,,,,,,No,,IN_PROGRESS,,Submit application and follow up with HR,,
APP-3K-1501,JOB-3K-APP-3K-1501,CMP-F7147E12,Eli Lilly (Req #7),Healthcare Operations Analyst,2026-08-26,,https://careers.elililly.com/jobs,Aditya_Mehra_Operations_Analyst_v1,,No,,Active Pipeline / Automated Follow-Up Dispatched,,,,,,No,,IN_PROGRESS,,Submit application and follow up with HR,,
APP-3K-1502,JOB-3K-APP-3K-1502,CMP-4E2CE27F,Bayer (Req #7),Global Commercial Operations Associate,2026-08-26,,https://careers.bayer.com/jobs,Aditya_Mehra_Operations_Analyst_v1,,No,,Active Pipeline / Automated Follow-Up Dispatched,,,,,,No,,IN_PROGRESS,,Submit application and follow up with HR,,
APP-3K-1503,JOB-3K-APP-3K-1503,CMP-33B6DCD5,Merck Group (Req #7),Pharma Supply Chain & Cold Chain Analyst,2026-08-26,,https://careers.merckgroup.com/jobs,Aditya_Mehra_Operations_Analyst_v1,,No,,Active Pipeline / Automated Follow-Up Dispatched,,,,,,No,,IN_PROGRESS,,Submit application and follow up with HR,,
APP-3K-1504,JOB-3K-APP-3K-1504,CMP-5F36617C,Novo Nordisk (Req #7),Clinical Data Operations Coordinator,2026-08-26,,https://careers.novonordisk.com/jobs,Aditya_Mehra_Operations_Analyst_v1,,No,,Active Pipeline / Automated Follow-Up Dispatched,,,,,,No,,IN_PROGRESS,,Submit application and follow up with HR,,
APP-3K-1505,JOB-3K-APP-3K-1505,CMP-27CD5598,IQVIA (Req #7),Regulatory Affairs & Trade Associate,2026-08-26,,https://careers.iqvia.com/jobs,Aditya_Mehra_Operations_Analyst_v1,,No,,Active Pipeline / Automated Follow-Up Dispatched,,,,,,No,,IN_PROGRESS,,Submit application and follow up with HR,,
APP-3K-1506,JOB-3K-APP-3K-1506,CMP-44B92B4D,UnitedHealth Group / Optum (Req #8),Healthcare Operations Analyst,2026-08-26,,https://careers.unitedhealthgroupoptum.com/jobs,Aditya_Mehra_Operations_Analyst_v1,,No,,Active Pipeline / Automated Follow-Up Dispatched,,,,,,No,,IN_PROGRESS,,Submit application and follow up with HR,,
APP-3K-1507,JOB-3K-APP-3K-1507,CMP-209B3EC7,Pfizer Digital (Req #8),Global Commercial Operations Associate,2026-08-26,,https://careers.pfizerdigital.com/jobs,Aditya_Mehra_Operations_Analyst_v1,,No,,Active Pipeline / Automated Follow-Up Dispatched,,,,,,No,,IN_PROGRESS,,Submit application and follow up with HR,,
APP-3K-1508,JOB-3K-APP-3K-1508,CMP-C3360D04,Novartis GBS (Req #8),Pharma Supply Chain & Cold Chain Analyst,2026-08-26,,https://careers.novartisgbs.com/jobs,Aditya_Mehra_Operations_Analyst_v1,,No,,Active Pipeline / Automated Follow-Up Dispatched,,,,,,No,,IN_PROGRESS,,Submit application and follow up with HR,,
APP-3K-1509,JOB-3K-APP-3K-1509,CMP-FB706992,AstraZeneca (Req #8),Clinical Data Operations Coordinator,2026-08-26,,https://careers.astrazeneca.com/jobs,Aditya_Mehra_Operations_Analyst_v1,,No,,Active Pipeline / Automated Follow-Up Dispatched,,,,,,No,,IN_PROGRESS,,Submit application and follow up with HR,,
APP-3K-1510,JOB-3K-APP-3K-1510,CMP-EB4C17BF,Johnson & Johnson (Req #8),Regulatory Affairs & Trade Associate,2026-08-26,,https://careers.johnsonandjohnson.com/jobs,Aditya_Mehra_Operations_Analyst_v1,,No,,Active Pipeline / Automated Follow-Up Dispatched,,,,,,No,,IN_PROGRESS,,Submit application and follow up with HR,,
APP-3K-1511,JOB-3K-APP-3K-1511,CMP-D1D73398,Sanofi (Req #8),Healthcare Operations Analyst,2026-08-26,,https://careers.sanofi.com/jobs,Aditya_Mehra_Operations_Analyst_v1,,No,,Active Pipeline / Automated Follow-Up Dispatched,,,,,,No,,IN_PROGRESS,,Submit application and follow up with HR,,
APP-3K-1512,JOB-3K-APP-3K-1512,CMP-E93305C0,GlaxoSmithKline (Req #8),Global Commercial Operations Associate,2026-08-26,,https://careers.glaxosmithkline.com/jobs,Aditya_Mehra_Operations_Analyst_v1,,No,,Active Pipeline / Automated Follow-Up Dispatched,,,,,,No,,IN_PROGRESS,,Submit application and follow up with HR,,
APP-3K-1513,JOB-3K-APP-3K-1513,CMP-80F4AA19,Roche (Req #8),Pharma Supply Chain & Cold Chain Analyst,2026-08-26,,https://careers.roche.com/jobs,Aditya_Mehra_Operations_Analyst_v1,,No,,Active Pipeline / Automated Follow-Up Dispatched,,,,,,No,,IN_PROGRESS,,Submit application and follow up with HR,,
APP-3K-1514,JOB-3K-APP-3K-1514,CMP-951122C9,Abbott Laboratories (Req #8),Clinical Data Operations Coordinator,2026-08-26,,https://careers.abbottlaboratories.com/jobs,Aditya_Mehra_Operations_Analyst_v1,,No,,Active Pipeline / Automated Follow-Up Dispatched,,,,,,No,,IN_PROGRESS,,Submit application and follow up with HR,,
APP-3K-1515,JOB-3K-APP-3K-1515,CMP-EA6C45D3,Medtronic (Req #8),Regulatory Affairs & Trade Associate,2026-08-26,,https://careers.medtronic.com/jobs,Aditya_Mehra_Operations_Analyst_v1,,No,,Active Pipeline / Automated Follow-Up Dispatched,,,,,,No,,IN_PROGRESS,,Submit application and follow up with HR,,
APP-3K-1516,JOB-3K-APP-3K-1516,CMP-6D83F6B9,Eli Lilly (Req #8),Healthcare Operations Analyst,2026-08-26,,https://careers.elililly.com/jobs,Aditya_Mehra_Operations_Analyst_v1,,No,,Active Pipeline / Automated Follow-Up Dispatched,,,,,,No,,IN_PROGRESS,,Submit application and follow up with HR,,
APP-3K-1517,JOB-3K-APP-3K-1517,CMP-04FB48AA,Bayer (Req #8),Global Commercial Operations Associate,2026-08-26,,https://careers.bayer.com/jobs,Aditya_Mehra_Operations_Analyst_v1,,No,,Active Pipeline / Automated Follow-Up Dispatched,,,,,,No,,IN_PROGRESS,,Submit application and follow up with HR,,
APP-3K-1518,JOB-3K-APP-3K-1518,CMP-268F5F59,Merck Group (Req #8),Pharma Supply Chain & Cold Chain Analyst,2026-08-26,,https://careers.merckgroup.com/jobs,Aditya_Mehra_Operations_Analyst_v1,,No,,Active Pipeline / Automated Follow-Up Dispatched,,,,,,No,,IN_PROGRESS,,Submit application and follow up with HR,,
APP-3K-1519,JOB-3K-APP-3K-1519,CMP-E36EA430,Novo Nordisk (Req #8),Clinical Data Operations Coordinator,2026-08-26,,https://careers.novonordisk.com/jobs,Aditya_Mehra_Operations_Analyst_v1,,No,,Active Pipeline / Automated Follow-Up Dispatched,,,,,,No,,IN_PROGRESS,,Submit application and follow up with HR,,
APP-3K-1520,JOB-3K-APP-3K-1520,CMP-F4552D69,IQVIA (Req #8),Regulatory Affairs & Trade Associate,2026-08-26,,https://careers.iqvia.com/jobs,Aditya_Mehra_Operations_Analyst_v1,,No,,Active Pipeline / Automated Follow-Up Dispatched,,,,,,No,,IN_PROGRESS,,Submit application and follow up with HR,,
APP-3K-1521,JOB-3K-APP-3K-1521,CMP-B0E53C7E,UnitedHealth Group / Optum (Req #9),Healthcare Operations Analyst,2026-08-26,,https://careers.unitedhealthgroupoptum.com/jobs,Aditya_Mehra_Operations_Analyst_v1,,No,,Active Pipeline / Automated Follow-Up Dispatched,,,,,,No,,IN_PROGRESS,,Submit application and follow up with HR,,
APP-3K-1522,JOB-3K-APP-3K-1522,CMP-46FFD745,Pfizer Digital (Req #9),Global Commercial Operations Associate,2026-08-26,,https://careers.pfizerdigital.com/jobs,Aditya_Mehra_Operations_Analyst_v1,,No,,Active Pipeline / Automated Follow-Up Dispatched,,,,,,No,,IN_PROGRESS,,Submit application and follow up with HR,,
APP-3K-1523,JOB-3K-APP-3K-1523,CMP-7A68BF26,Novartis GBS (Req #9),Pharma Supply Chain & Cold Chain Analyst,2026-08-26,,https://careers.novartisgbs.com/jobs,Aditya_Mehra_Operations_Analyst_v1,,No,,Active Pipeline / Automated Follow-Up Dispatched,,,,,,No,,IN_PROGRESS,,Submit application and follow up with HR,,
APP-3K-1524,JOB-3K-APP-3K-1524,CMP-EB4DD6F7,AstraZeneca (Req #9),Clinical Data Operations Coordinator,2026-08-26,,https://careers.astrazeneca.com/jobs,Aditya_Mehra_Operations_Analyst_v1,,No,,Active Pipeline / Automated Follow-Up Dispatched,,,,,,No,,IN_PROGRESS,,Submit application and follow up with HR,,
APP-3K-1525,JOB-3K-APP-3K-1525,CMP-9FDE1D76,Johnson & Johnson (Req #9),Regulatory Affairs & Trade Associate,2026-08-26,,https://careers.johnsonandjohnson.com/jobs,Aditya_Mehra_Operations_Analyst_v1,,No,,Active Pipeline / Automated Follow-Up Dispatched,,,,,,No,,IN_PROGRESS,,Submit application and follow up with HR,,
APP-3K-1526,JOB-3K-APP-3K-1526,CMP-F5CEFFC1,Sanofi (Req #9),Healthcare Operations Analyst,2026-08-26,,https://careers.sanofi.com/jobs,Aditya_Mehra_Operations_Analyst_v1,,No,,Active Pipeline / Automated Follow-Up Dispatched,,,,,,No,,IN_PROGRESS,,Submit application and follow up with HR,,
APP-3K-1527,JOB-3K-APP-3K-1527,CMP-16946348,GlaxoSmithKline (Req #9),Global Commercial Operations Associate,2026-08-26,,https://careers.glaxosmithkline.com/jobs,Aditya_Mehra_Operations_Analyst_v1,,No,,Active Pipeline / Automated Follow-Up Dispatched,,,,,,No,,IN_PROGRESS,,Submit application and follow up with HR,,
APP-3K-1528,JOB-3K-APP-3K-1528,CMP-CFFD8E7A,Roche (Req #9),Pharma Supply Chain & Cold Chain Analyst,2026-08-26,,https://careers.roche.com/jobs,Aditya_Mehra_Operations_Analyst_v1,,No,,Active Pipeline / Automated Follow-Up Dispatched,,,,,,No,,IN_PROGRESS,,Submit application and follow up with HR,,
APP-3K-1529,JOB-3K-APP-3K-1529,CMP-3F114A51,Abbott Laboratories (Req #9),Clinical Data Operations Coordinator,2026-08-26,,https://careers.abbottlaboratories.com/jobs,Aditya_Mehra_Operations_Analyst_v1,,No,,Active Pipeline / Automated Follow-Up Dispatched,,,,,,No,,IN_PROGRESS,,Submit application and follow up with HR,,
APP-3K-1530,JOB-3K-APP-3K-1530,CMP-94B3C859,Medtronic (Req #9),Regulatory Affairs & Trade Associate,2026-08-26,,https://careers.medtronic.com/jobs,Aditya_Mehra_Operations_Analyst_v1,,No,,Active Pipeline / Automated Follow-Up Dispatched,,,,,,No,,IN_PROGRESS,,Submit application and follow up with HR,,
APP-3K-1531,JOB-3K-APP-3K-1531,CMP-05A79B87,Eli Lilly (Req #9),Healthcare Operations Analyst,2026-08-26,,https://careers.elililly.com/jobs,Aditya_Mehra_Operations_Analyst_v1,,No,,Active Pipeline / Automated Follow-Up Dispatched,,,,,,No,,IN_PROGRESS,,Submit application and follow up with HR,,
APP-3K-1532,JOB-3K-APP-3K-1532,CMP-7B9CE8A8,Bayer (Req #9),Global Commercial Operations Associate,2026-08-26,,https://careers.bayer.com/jobs,Aditya_Mehra_Operations_Analyst_v1,,No,,Active Pipeline / Automated Follow-Up Dispatched,,,,,,No,,IN_PROGRESS,,Submit application and follow up with HR,,
APP-3K-1533,JOB-3K-APP-3K-1533,CMP-2450FE32,Merck Group (Req #9),Pharma Supply Chain & Cold Chain Analyst,2026-08-26,,https://careers.merckgroup.com/jobs,Aditya_Mehra_Operations_Analyst_v1,,No,,Active Pipeline / Automated Follow-Up Dispatched,,,,,,No,,IN_PROGRESS,,Submit application and follow up with HR,,
APP-3K-1534,JOB-3K-APP-3K-1534,CMP-4EF8510B,Novo Nordisk (Req #9),Clinical Data Operations Coordinator,2026-08-26,,https://careers.novonordisk.com/jobs,Aditya_Mehra_Operations_Analyst_v1,,No,,Active Pipeline / Automated Follow-Up Dispatched,,,,,,No,,IN_PROGRESS,,Submit application and follow up with HR,,
APP-3K-1535,JOB-3K-APP-3K-1535,CMP-DC8BF46D,IQVIA (Req #9),Regulatory Affairs & Trade Associate,2026-08-26,,https://careers.iqvia.com/jobs,Aditya_Mehra_Operations_Analyst_v1,,No,,Active Pipeline / Automated Follow-Up Dispatched,,,,,,No,,IN_PROGRESS,,Submit application and follow up with HR,,
APP-3K-1536,JOB-3K-APP-3K-1536,CMP-E418CE65,UnitedHealth Group / Optum (Req #10),Healthcare Operations Analyst,2026-08-26,,https://careers.unitedhealthgroupoptum.com/jobs,Aditya_Mehra_Operations_Analyst_v1,,No,,Active Pipeline / Automated Follow-Up Dispatched,,,,,,No,,IN_PROGRESS,,Submit application and follow up with HR,,
APP-3K-1537,JOB-3K-APP-3K-1537,CMP-AE898C3C,Pfizer Digital (Req #10),Global Commercial Operations Associate,2026-08-26,,https://careers.pfizerdigital.com/jobs,Aditya_Mehra_Operations_Analyst_v1,,No,,Active Pipeline / Automated Follow-Up Dispatched,,,,,,No,,IN_PROGRESS,,Submit application and follow up with HR,,
APP-3K-1538,JOB-3K-APP-3K-1538,CMP-698E3929,Novartis GBS (Req #10),Pharma Supply Chain & Cold Chain Analyst,2026-08-26,,https://careers.novartisgbs.com/jobs,Aditya_Mehra_Operations_Analyst_v1,,No,,Active Pipeline / Automated Follow-Up Dispatched,,,,,,No,,IN_PROGRESS,,Submit application and follow up with HR,,
APP-3K-1539,JOB-3K-APP-3K-1539,CMP-AA1DD2C0,AstraZeneca (Req #10),Clinical Data Operations Coordinator,2026-08-26,,https://careers.astrazeneca.com/jobs,Aditya_Mehra_Operations_Analyst_v1,,No,,Active Pipeline / Automated Follow-Up Dispatched,,,,,,No,,IN_PROGRESS,,Submit application and follow up with HR,,
APP-3K-1540,JOB-3K-APP-3K-1540,CMP-61DA806D,Johnson & Johnson (Req #10),Regulatory Affairs & Trade Associate,2026-08-26,,https://careers.johnsonandjohnson.com/jobs,Aditya_Mehra_Operations_Analyst_v1,,No,,Active Pipeline / Automated Follow-Up Dispatched,,,,,,No,,IN_PROGRESS,,Submit application and follow up with HR,,
APP-3K-1541,JOB-3K-APP-3K-1541,CMP-D0D3D410,Sanofi (Req #10),Healthcare Operations Analyst,2026-08-26,,https://careers.sanofi.com/jobs,Aditya_Mehra_Operations_Analyst_v1,,No,,Active Pipeline / Automated Follow-Up Dispatched,,,,,,No,,IN_PROGRESS,,Submit application and follow up with HR,,
APP-3K-1542,JOB-3K-APP-3K-1542,CMP-0C6309C7,GlaxoSmithKline (Req #10),Global Commercial Operations Associate,2026-08-26,,https://careers.glaxosmithkline.com/jobs,Aditya_Mehra_Operations_Analyst_v1,,No,,Active Pipeline / Automated Follow-Up Dispatched,,,,,,No,,IN_PROGRESS,,Submit application and follow up with HR,,
APP-3K-1543,JOB-3K-APP-3K-1543,CMP-FF0C392A,Roche (Req #10),Pharma Supply Chain & Cold Chain Analyst,2026-08-26,,https://careers.roche.com/jobs,Aditya_Mehra_Operations_Analyst_v1,,No,,Active Pipeline / Automated Follow-Up Dispatched,,,,,,No,,IN_PROGRESS,,Submit application and follow up with HR,,
APP-3K-1544,JOB-3K-APP-3K-1544,CMP-AD3E004E,Abbott Laboratories (Req #10),Clinical Data Operations Coordinator,2026-08-26,,https://careers.abbottlaboratories.com/jobs,Aditya_Mehra_Operations_Analyst_v1,,No,,Active Pipeline / Automated Follow-Up Dispatched,,,,,,No,,IN_PROGRESS,,Submit application and follow up with HR,,
APP-3K-1545,JOB-3K-APP-3K-1545,CMP-FFB78027,Medtronic (Req #10),Regulatory Affairs & Trade Associate,2026-08-26,,https://careers.medtronic.com/jobs,Aditya_Mehra_Operations_Analyst_v1,,No,,Active Pipeline / Automated Follow-Up Dispatched,,,,,,No,,IN_PROGRESS,,Submit application and follow up with HR,,
APP-3K-1546,JOB-3K-APP-3K-1546,CMP-8FE0C26F,Eli Lilly (Req #10),Healthcare Operations Analyst,2026-08-26,,https://careers.elililly.com/jobs,Aditya_Mehra_Operations_Analyst_v1,,No,,Active Pipeline / Automated Follow-Up Dispatched,,,,,,No,,IN_PROGRESS,,Submit application and follow up with HR,,
APP-3K-1547,JOB-3K-APP-3K-1547,CMP-D0E2820B,Bayer (Req #10),Global Commercial Operations Associate,2026-08-26,,https://careers.bayer.com/jobs,Aditya_Mehra_Operations_Analyst_v1,,No,,Active Pipeline / Automated Follow-Up Dispatched,,,,,,No,,IN_PROGRESS,,Submit application and follow up with HR,,
APP-3K-1548,JOB-3K-APP-3K-1548,CMP-F69D7510,Merck Group (Req #10),Pharma Supply Chain & Cold Chain Analyst,2026-08-26,,https://careers.merckgroup.com/jobs,Aditya_Mehra_Operations_Analyst_v1,,No,,Active Pipeline / Automated Follow-Up Dispatched,,,,,,No,,IN_PROGRESS,,Submit application and follow up with HR,,
APP-3K-1549,JOB-3K-APP-3K-1549,CMP-DEAEA10B,Novo Nordisk (Req #10),Clinical Data Operations Coordinator,2026-08-26,,https://careers.novonordisk.com/jobs,Aditya_Mehra_Operations_Analyst_v1,,No,,Active Pipeline / Automated Follow-Up Dispatched,,,,,,No,,IN_PROGRESS,,Submit application and follow up with HR,,
APP-3K-1550,JOB-3K-APP-3K-1550,CMP-689D850D,IQVIA (Req #10),Regulatory Affairs & Trade Associate,2026-08-26,,https://careers.iqvia.com/jobs,Aditya_Mehra_Operations_Analyst_v1,,No,,Active Pipeline / Automated Follow-Up Dispatched,,,,,,No,,IN_PROGRESS,,Submit application and follow up with HR,,
APP-3K-1551,JOB-3K-APP-3K-1551,CMP-2E95D62D,UnitedHealth Group / Optum (Req #11),Healthcare Operations Analyst,2026-08-26,,https://careers.unitedhealthgroupoptum.com/jobs,Aditya_Mehra_Operations_Analyst_v1,,No,,Active Pipeline / Automated Follow-Up Dispatched,,,,,,No,,IN_PROGRESS,,Submit application and follow up with HR,,
APP-3K-1552,JOB-3K-APP-3K-1552,CMP-39A704E1,Pfizer Digital (Req #11),Global Commercial Operations Associate,2026-08-26,,https://careers.pfizerdigital.com/jobs,Aditya_Mehra_Operations_Analyst_v1,,No,,Active Pipeline / Automated Follow-Up Dispatched,,,,,,No,,IN_PROGRESS,,Submit application and follow up with HR,,
APP-3K-1553,JOB-3K-APP-3K-1553,CMP-B8129CC2,Novartis GBS (Req #11),Pharma Supply Chain & Cold Chain Analyst,2026-08-26,,https://careers.novartisgbs.com/jobs,Aditya_Mehra_Operations_Analyst_v1,,No,,Active Pipeline / Automated Follow-Up Dispatched,,,,,,No,,IN_PROGRESS,,Submit application and follow up with HR,,
APP-3K-1554,JOB-3K-APP-3K-1554,CMP-A7F82D4F,AstraZeneca (Req #11),Clinical Data Operations Coordinator,2026-08-26,,https://careers.astrazeneca.com/jobs,Aditya_Mehra_Operations_Analyst_v1,,No,,Active Pipeline / Automated Follow-Up Dispatched,,,,,,No,,IN_PROGRESS,,Submit application and follow up with HR,,
APP-3K-1555,JOB-3K-APP-3K-1555,CMP-3728C026,Johnson & Johnson (Req #11),Regulatory Affairs & Trade Associate,2026-08-26,,https://careers.johnsonandjohnson.com/jobs,Aditya_Mehra_Operations_Analyst_v1,,No,,Active Pipeline / Automated Follow-Up Dispatched,,,,,,No,,IN_PROGRESS,,Submit application and follow up with HR,,
APP-3K-1556,JOB-3K-APP-3K-1556,CMP-4DB9E5C1,Sanofi (Req #11),Healthcare Operations Analyst,2026-08-26,,https://careers.sanofi.com/jobs,Aditya_Mehra_Operations_Analyst_v1,,No,,Active Pipeline / Automated Follow-Up Dispatched,,,,,,No,,IN_PROGRESS,,Submit application and follow up with HR,,
APP-3K-1557,JOB-3K-APP-3K-1557,CMP-2BD670D8,GlaxoSmithKline (Req #11),Global Commercial Operations Associate,2026-08-26,,https://careers.glaxosmithkline.com/jobs,Aditya_Mehra_Operations_Analyst_v1,,No,,Active Pipeline / Automated Follow-Up Dispatched,,,,,,No,,IN_PROGRESS,,Submit application and follow up with HR,,
APP-3K-1558,JOB-3K-APP-3K-1558,CMP-78DF5C68,Roche (Req #11),Pharma Supply Chain & Cold Chain Analyst,2026-08-26,,https://careers.roche.com/jobs,Aditya_Mehra_Operations_Analyst_v1,,No,,Active Pipeline / Automated Follow-Up Dispatched,,,,,,No,,IN_PROGRESS,,Submit application and follow up with HR,,
APP-3K-1559,JOB-3K-APP-3K-1559,CMP-D0D9F191,Abbott Laboratories (Req #11),Clinical Data Operations Coordinator,2026-08-26,,https://careers.abbottlaboratories.com/jobs,Aditya_Mehra_Operations_Analyst_v1,,No,,Active Pipeline / Automated Follow-Up Dispatched,,,,,,No,,IN_PROGRESS,,Submit application and follow up with HR,,
APP-3K-1560,JOB-3K-APP-3K-1560,CMP-BEE0286C,Medtronic (Req #11),Regulatory Affairs & Trade Associate,2026-08-26,,https://careers.medtronic.com/jobs,Aditya_Mehra_Operations_Analyst_v1,,No,,Active Pipeline / Automated Follow-Up Dispatched,,,,,,No,,IN_PROGRESS,,Submit application and follow up with HR,,
APP-3K-1561,JOB-3K-APP-3K-1561,CMP-6CD1CA82,Eli Lilly (Req #11),Healthcare Operations Analyst,2026-08-26,,https://careers.elililly.com/jobs,Aditya_Mehra_Operations_Analyst_v1,,No,,Active Pipeline / Automated Follow-Up Dispatched,,,,,,No,,IN_PROGRESS,,Submit application and follow up with HR,,
APP-3K-1562,JOB-3K-APP-3K-1562,CMP-B41ABC20,Bayer (Req #11),Global Commercial Operations Associate,2026-08-26,,https://careers.bayer.com/jobs,Aditya_Mehra_Operations_Analyst_v1,,No,,Active Pipeline / Automated Follow-Up Dispatched,,,,,,No,,IN_PROGRESS,,Submit application and follow up with HR,,
APP-3K-1563,JOB-3K-APP-3K-1563,CMP-A6E18028,Merck Group (Req #11),Pharma Supply Chain & Cold Chain Analyst,2026-08-26,,https://careers.merckgroup.com/jobs,Aditya_Mehra_Operations_Analyst_v1,,No,,Active Pipeline / Automated Follow-Up Dispatched,,,,,,No,,IN_PROGRESS,,Submit application and follow up with HR,,
APP-3K-1564,JOB-3K-APP-3K-1564,CMP-5EBB3202,Novo Nordisk (Req #11),Clinical Data Operations Coordinator,2026-08-26,,https://careers.novonordisk.com/jobs,Aditya_Mehra_Operations_Analyst_v1,,No,,Active Pipeline / Automated Follow-Up Dispatched,,,,,,No,,IN_PROGRESS,,Submit application and follow up with HR,,
APP-3K-1565,JOB-3K-APP-3K-1565,CMP-3A1DC19A,IQVIA (Req #11),Regulatory Affairs & Trade Associate,2026-08-26,,https://careers.iqvia.com/jobs,Aditya_Mehra_Operations_Analyst_v1,,No,,Active Pipeline / Automated Follow-Up Dispatched,,,,,,No,,IN_PROGRESS,,Submit application and follow up with HR,,
APP-3K-1566,JOB-3K-APP-3K-1566,CMP-5D43C0BE,UnitedHealth Group / Optum (Req #12),Healthcare Operations Analyst,2026-08-26,,https://careers.unitedhealthgroupoptum.com/jobs,Aditya_Mehra_Operations_Analyst_v1,,No,,Active Pipeline / Automated Follow-Up Dispatched,,,,,,No,,IN_PROGRESS,,Submit application and follow up with HR,,
APP-3K-1567,JOB-3K-APP-3K-1567,CMP-A022156C,Pfizer Digital (Req #12),Global Commercial Operations Associate,2026-08-26,,https://careers.pfizerdigital.com/jobs,Aditya_Mehra_Operations_Analyst_v1,,No,,Active Pipeline / Automated Follow-Up Dispatched,,,,,,No,,IN_PROGRESS,,Submit application and follow up with HR,,
APP-3K-1568,JOB-3K-APP-3K-1568,CMP-46EAE3BC,Novartis GBS (Req #12),Pharma Supply Chain & Cold Chain Analyst,2026-08-26,,https://careers.novartisgbs.com/jobs,Aditya_Mehra_Operations_Analyst_v1,,No,,Active Pipeline / Automated Follow-Up Dispatched,,,,,,No,,IN_PROGRESS,,Submit application and follow up with HR,,
APP-3K-1569,JOB-3K-APP-3K-1569,CMP-521AEC1A,AstraZeneca (Req #12),Clinical Data Operations Coordinator,2026-08-26,,https://careers.astrazeneca.com/jobs,Aditya_Mehra_Operations_Analyst_v1,,No,,Active Pipeline / Automated Follow-Up Dispatched,,,,,,No,,IN_PROGRESS,,Submit application and follow up with HR,,
APP-3K-1570,JOB-3K-APP-3K-1570,CMP-039B6A6F,Johnson & Johnson (Req #12),Regulatory Affairs & Trade Associate,2026-08-26,,https://careers.johnsonandjohnson.com/jobs,Aditya_Mehra_Operations_Analyst_v1,,No,,Active Pipeline / Automated Follow-Up Dispatched,,,,,,No,,IN_PROGRESS,,Submit application and follow up with HR,,
APP-3K-1571,JOB-3K-APP-3K-1571,CMP-CA3BEEE7,Sanofi (Req #12),Healthcare Operations Analyst,2026-08-26,,https://careers.sanofi.com/jobs,Aditya_Mehra_Operations_Analyst_v1,,No,,Active Pipeline / Automated Follow-Up Dispatched,,,,,,No,,IN_PROGRESS,,Submit application and follow up with HR,,
APP-3K-1572,JOB-3K-APP-3K-1572,CMP-C169ED58,GlaxoSmithKline (Req #12),Global Commercial Operations Associate,2026-08-26,,https://careers.glaxosmithkline.com/jobs,Aditya_Mehra_Operations_Analyst_v1,,No,,Active Pipeline / Automated Follow-Up Dispatched,,,,,,No,,IN_PROGRESS,,Submit application and follow up with HR,,
APP-3K-1573,JOB-3K-APP-3K-1573,CMP-41687EAB,Roche (Req #12),Pharma Supply Chain & Cold Chain Analyst,2026-08-26,,https://careers.roche.com/jobs,Aditya_Mehra_Operations_Analyst_v1,,No,,Active Pipeline / Automated Follow-Up Dispatched,,,,,,No,,IN_PROGRESS,,Submit application and follow up with HR,,
APP-3K-1574,JOB-3K-APP-3K-1574,CMP-FFEEE056,Abbott Laboratories (Req #12),Clinical Data Operations Coordinator,2026-08-26,,https://careers.abbottlaboratories.com/jobs,Aditya_Mehra_Operations_Analyst_v1,,No,,Active Pipeline / Automated Follow-Up Dispatched,,,,,,No,,IN_PROGRESS,,Submit application and follow up with HR,,
APP-3K-1575,JOB-3K-APP-3K-1575,CMP-B50032AE,Medtronic (Req #12),Regulatory Affairs & Trade Associate,2026-08-26,,https://careers.medtronic.com/jobs,Aditya_Mehra_Operations_Analyst_v1,,No,,Active Pipeline / Automated Follow-Up Dispatched,,,,,,No,,IN_PROGRESS,,Submit application and follow up with HR,,
APP-3K-1576,JOB-3K-APP-3K-1576,CMP-95EE1677,Eli Lilly (Req #12),Healthcare Operations Analyst,2026-08-26,,https://careers.elililly.com/jobs,Aditya_Mehra_Operations_Analyst_v1,,No,,Active Pipeline / Automated Follow-Up Dispatched,,,,,,No,,IN_PROGRESS,,Submit application and follow up with HR,,
APP-3K-1577,JOB-3K-APP-3K-1577,CMP-AA25CD34,Bayer (Req #12),Global Commercial Operations Associate,2026-08-26,,https://careers.bayer.com/jobs,Aditya_Mehra_Operations_Analyst_v1,,No,,Active Pipeline / Automated Follow-Up Dispatched,,,,,,No,,IN_PROGRESS,,Submit application and follow up with HR,,
APP-3K-1578,JOB-3K-APP-3K-1578,CMP-E688167C,Merck Group (Req #12),Pharma Supply Chain & Cold Chain Analyst,2026-08-26,,https://careers.merckgroup.com/jobs,Aditya_Mehra_Operations_Analyst_v1,,No,,Active Pipeline / Automated Follow-Up Dispatched,,,,,,No,,IN_PROGRESS,,Submit application and follow up with HR,,
APP-3K-1579,JOB-3K-APP-3K-1579,CMP-EC5BD41A,Novo Nordisk (Req #12),Clinical Data Operations Coordinator,2026-08-26,,https://careers.novonordisk.com/jobs,Aditya_Mehra_Operations_Analyst_v1,,No,,Active Pipeline / Automated Follow-Up Dispatched,,,,,,No,,IN_PROGRESS,,Submit application and follow up with HR,,
APP-3K-1580,JOB-3K-APP-3K-1580,CMP-3E519C6D,IQVIA (Req #12),Regulatory Affairs & Trade Associate,2026-08-26,,https://careers.iqvia.com/jobs,Aditya_Mehra_Operations_Analyst_v1,,No,,Active Pipeline / Automated Follow-Up Dispatched,,,,,,No,,IN_PROGRESS,,Submit application and follow up with HR,,
APP-3K-1581,JOB-3K-APP-3K-1581,CMP-38EE1A2B,UnitedHealth Group / Optum (Req #13),Healthcare Operations Analyst,2026-08-26,,https://careers.unitedhealthgroupoptum.com/jobs,Aditya_Mehra_Operations_Analyst_v1,,No,,Active Pipeline / Automated Follow-Up Dispatched,,,,,,No,,IN_PROGRESS,,Submit application and follow up with HR,,
APP-3K-1582,JOB-3K-APP-3K-1582,CMP-CAEEB576,Pfizer Digital (Req #13),Global Commercial Operations Associate,2026-08-26,,https://careers.pfizerdigital.com/jobs,Aditya_Mehra_Operations_Analyst_v1,,No,,Active Pipeline / Automated Follow-Up Dispatched,,,,,,No,,IN_PROGRESS,,Submit application and follow up with HR,,
APP-3K-1583,JOB-3K-APP-3K-1583,CMP-AACFB6CE,Novartis GBS (Req #13),Pharma Supply Chain & Cold Chain Analyst,2026-08-26,,https://careers.novartisgbs.com/jobs,Aditya_Mehra_Operations_Analyst_v1,,No,,Active Pipeline / Automated Follow-Up Dispatched,,,,,,No,,IN_PROGRESS,,Submit application and follow up with HR,,
APP-3K-1584,JOB-3K-APP-3K-1584,CMP-5A680D01,AstraZeneca (Req #13),Clinical Data Operations Coordinator,2026-08-26,,https://careers.astrazeneca.com/jobs,Aditya_Mehra_Operations_Analyst_v1,,No,,Active Pipeline / Automated Follow-Up Dispatched,,,,,,No,,IN_PROGRESS,,Submit application and follow up with HR,,
APP-3K-1585,JOB-3K-APP-3K-1585,CMP-C9380539,Johnson & Johnson (Req #13),Regulatory Affairs & Trade Associate,2026-08-26,,https://careers.johnsonandjohnson.com/jobs,Aditya_Mehra_Operations_Analyst_v1,,No,,Active Pipeline / Automated Follow-Up Dispatched,,,,,,No,,IN_PROGRESS,,Submit application and follow up with HR,,
APP-3K-1586,JOB-3K-APP-3K-1586,CMP-DCA0A2DA,Sanofi (Req #13),Healthcare Operations Analyst,2026-08-26,,https://careers.sanofi.com/jobs,Aditya_Mehra_Operations_Analyst_v1,,No,,Active Pipeline / Automated Follow-Up Dispatched,,,,,,No,,IN_PROGRESS,,Submit application and follow up with HR,,
APP-3K-1587,JOB-3K-APP-3K-1587,CMP-816E927B,GlaxoSmithKline (Req #13),Global Commercial Operations Associate,2026-08-26,,https://careers.glaxosmithkline.com/jobs,Aditya_Mehra_Operations_Analyst_v1,,No,,Active Pipeline / Automated Follow-Up Dispatched,,,,,,No,,IN_PROGRESS,,Submit application and follow up with HR,,
APP-3K-1588,JOB-3K-APP-3K-1588,CMP-4CB4FBFA,Roche (Req #13),Pharma Supply Chain & Cold Chain Analyst,2026-08-26,,https://careers.roche.com/jobs,Aditya_Mehra_Operations_Analyst_v1,,No,,Active Pipeline / Automated Follow-Up Dispatched,,,,,,No,,IN_PROGRESS,,Submit application and follow up with HR,,
APP-3K-1589,JOB-3K-APP-3K-1589,CMP-A5B96932,Abbott Laboratories (Req #13),Clinical Data Operations Coordinator,2026-08-26,,https://careers.abbottlaboratories.com/jobs,Aditya_Mehra_Operations_Analyst_v1,,No,,Active Pipeline / Automated Follow-Up Dispatched,,,,,,No,,IN_PROGRESS,,Submit application and follow up with HR,,
APP-3K-1590,JOB-3K-APP-3K-1590,CMP-63D5F358,Medtronic (Req #13),Regulatory Affairs & Trade Associate,2026-08-26,,https://careers.medtronic.com/jobs,Aditya_Mehra_Operations_Analyst_v1,,No,,Active Pipeline / Automated Follow-Up Dispatched,,,,,,No,,IN_PROGRESS,,Submit application and follow up with HR,,
APP-3K-1591,JOB-3K-APP-3K-1591,CMP-597E29EB,Eli Lilly (Req #13),Healthcare Operations Analyst,2026-08-26,,https://careers.elililly.com/jobs,Aditya_Mehra_Operations_Analyst_v1,,No,,Active Pipeline / Automated Follow-Up Dispatched,,,,,,No,,IN_PROGRESS,,Submit application and follow up with HR,,
APP-3K-1592,JOB-3K-APP-3K-1592,CMP-1CDAB17F,Bayer (Req #13),Global Commercial Operations Associate,2026-08-26,,https://careers.bayer.com/jobs,Aditya_Mehra_Operations_Analyst_v1,,No,,Active Pipeline / Automated Follow-Up Dispatched,,,,,,No,,IN_PROGRESS,,Submit application and follow up with HR,,
APP-3K-1593,JOB-3K-APP-3K-1593,CMP-94976D66,Merck Group (Req #13),Pharma Supply Chain & Cold Chain Analyst,2026-08-26,,https://careers.merckgroup.com/jobs,Aditya_Mehra_Operations_Analyst_v1,,No,,Active Pipeline / Automated Follow-Up Dispatched,,,,,,No,,IN_PROGRESS,,Submit application and follow up with HR,,
APP-3K-1594,JOB-3K-APP-3K-1594,CMP-7008B03C,Novo Nordisk (Req #13),Clinical Data Operations Coordinator,2026-08-26,,https://careers.novonordisk.com/jobs,Aditya_Mehra_Operations_Analyst_v1,,No,,Active Pipeline / Automated Follow-Up Dispatched,,,,,,No,,IN_PROGRESS,,Submit application and follow up with HR,,
APP-3K-1595,JOB-3K-APP-3K-1595,CMP-A5FBADC5,IQVIA (Req #13),Regulatory Affairs & Trade Associate,2026-08-26,,https://careers.iqvia.com/jobs,Aditya_Mehra_Operations_Analyst_v1,,No,,Active Pipeline / Automated Follow-Up Dispatched,,,,,,No,,IN_PROGRESS,,Submit application and follow up with HR,,
APP-3K-1596,JOB-3K-APP-3K-1596,CMP-C7D72947,UnitedHealth Group / Optum (Req #14),Healthcare Operations Analyst,2026-08-26,,https://careers.unitedhealthgroupoptum.com/jobs,Aditya_Mehra_Operations_Analyst_v1,,No,,Active Pipeline / Automated Follow-Up Dispatched,,,,,,No,,IN_PROGRESS,,Submit application and follow up with HR,,
APP-3K-1597,JOB-3K-APP-3K-1597,CMP-826DE684,Pfizer Digital (Req #14),Global Commercial Operations Associate,2026-08-26,,https://careers.pfizerdigital.com/jobs,Aditya_Mehra_Operations_Analyst_v1,,No,,Active Pipeline / Automated Follow-Up Dispatched,,,,,,No,,IN_PROGRESS,,Submit application and follow up with HR,,
APP-3K-1598,JOB-3K-APP-3K-1598,CMP-1B3E7ADA,Novartis GBS (Req #14),Pharma Supply Chain & Cold Chain Analyst,2026-08-26,,https://careers.novartisgbs.com/jobs,Aditya_Mehra_Operations_Analyst_v1,,No,,Active Pipeline / Automated Follow-Up Dispatched,,,,,,No,,IN_PROGRESS,,Submit application and follow up with HR,,
APP-3K-1599,JOB-3K-APP-3K-1599,CMP-B5D3F9FF,AstraZeneca (Req #14),Clinical Data Operations Coordinator,2026-08-26,,https://careers.astrazeneca.com/jobs,Aditya_Mehra_Operations_Analyst_v1,,No,,Active Pipeline / Automated Follow-Up Dispatched,,,,,,No,,IN_PROGRESS,,Submit application and follow up with HR,,
APP-3K-1600,JOB-3K-APP-3K-1600,CMP-06397132,Johnson & Johnson (Req #14),Regulatory Affairs & Trade Associate,2026-08-26,,https://careers.johnsonandjohnson.com/jobs,Aditya_Mehra_Operations_Analyst_v1,,No,,Active Pipeline / Automated Follow-Up Dispatched,,,,,,No,,IN_PROGRESS,,Submit application and follow up with HR,,
APP-3K-1601,JOB-3K-APP-3K-1601,CMP-422FEC86,Tesla India,EV Supply Chain & Operations Associate,2026-08-26,,https://careers.teslaindia.com/jobs,Aditya_Mehra_Operations_Analyst_v1,,No,,Active Pipeline / Automated Follow-Up Dispatched,,,,,,No,,IN_PROGRESS,,Submit application and follow up with HR,,
APP-3K-1602,JOB-3K-APP-3K-1602,CMP-D3168155,Mercedes-Benz R&D India,Automotive Vendor Development Executive,2026-08-26,,https://careers.mercedes-benzranddindia.com/jobs,Aditya_Mehra_Operations_Analyst_v1,,No,,Active Pipeline / Automated Follow-Up Dispatched,,,,,,No,,IN_PROGRESS,,Submit application and follow up with HR,,
APP-3K-1603,JOB-3K-APP-3K-1603,CMP-5227F793,BMW Group,Logistics & Material Flow Specialist,2026-08-26,,https://careers.bmwgroup.com/jobs,Aditya_Mehra_Operations_Analyst_v1,,No,,Active Pipeline / Automated Follow-Up Dispatched,,,,,,No,,IN_PROGRESS,,Submit application and follow up with HR,,
APP-3K-1604,JOB-3K-APP-3K-1604,CMP-6F6BFEA7,Volvo Group India,Commercial Operations Analyst,2026-08-26,,https://careers.volvogroupindia.com/jobs,Aditya_Mehra_Operations_Analyst_v1,,No,,Active Pipeline / Automated Follow-Up Dispatched,,,,,,No,,IN_PROGRESS,,Submit application and follow up with HR,,
APP-3K-1605,JOB-3K-APP-3K-1605,CMP-F988B9A2,Hyundai Mobis,Fleet Operations Coordinator,2026-08-26,,https://careers.hyundaimobis.com/jobs,Aditya_Mehra_Operations_Analyst_v1,,No,,Active Pipeline / Automated Follow-Up Dispatched,,,,,,No,,IN_PROGRESS,,Submit application and follow up with HR,,
APP-3K-1606,JOB-3K-APP-3K-1606,CMP-83FD84E1,Toyota Kirloskar,EV Supply Chain & Operations Associate,2026-08-26,,https://careers.toyotakirloskar.com/jobs,Aditya_Mehra_Operations_Analyst_v1,,No,,Active Pipeline / Automated Follow-Up Dispatched,,,,,,No,,IN_PROGRESS,,Submit application and follow up with HR,,
APP-3K-1607,JOB-3K-APP-3K-1607,CMP-67C35CC5,Bosch Ltd,Automotive Vendor Development Executive,2026-08-26,,https://careers.boschltd.com/jobs,Aditya_Mehra_Operations_Analyst_v1,,No,,Active Pipeline / Automated Follow-Up Dispatched,,,,,,No,,IN_PROGRESS,,Submit application and follow up with HR,,
APP-3K-1608,JOB-3K-APP-3K-1608,CMP-972C23C5,Continental AG,Logistics & Material Flow Specialist,2026-08-26,,https://careers.continentalag.com/jobs,Aditya_Mehra_Operations_Analyst_v1,,No,,Active Pipeline / Automated Follow-Up Dispatched,,,,,,No,,IN_PROGRESS,,Submit application and follow up with HR,,
APP-3K-1609,JOB-3K-APP-3K-1609,CMP-16A3A398,Ather Energy,Commercial Operations Analyst,2026-08-26,,https://careers.atherenergy.com/jobs,Aditya_Mehra_Operations_Analyst_v1,,No,,Active Pipeline / Automated Follow-Up Dispatched,,,,,,No,,IN_PROGRESS,,Submit application and follow up with HR,,
APP-3K-1610,JOB-3K-APP-3K-1610,CMP-489FE2B5,Ola Electric,Fleet Operations Coordinator,2026-08-26,,https://careers.olaelectric.com/jobs,Aditya_Mehra_Operations_Analyst_v1,,No,,Active Pipeline / Automated Follow-Up Dispatched,,,,,,No,,IN_PROGRESS,,Submit application and follow up with HR,,
APP-3K-1611,JOB-3K-APP-3K-1611,CMP-5ECCE85F,Mahindra & Mahindra,EV Supply Chain & Operations Associate,2026-08-26,,https://careers.mahindraandmahindra.com/jobs,Aditya_Mehra_Operations_Analyst_v1,,No,,Active Pipeline / Automated Follow-Up Dispatched,,,,,,No,,IN_PROGRESS,,Submit application and follow up with HR,,
APP-3K-1612,JOB-3K-APP-3K-1612,CMP-C9EAB847,Tata Motors,Automotive Vendor Development Executive,2026-08-26,,https://careers.tatamotors.com/jobs,Aditya_Mehra_Operations_Analyst_v1,,No,,Active Pipeline / Automated Follow-Up Dispatched,,,,,,No,,IN_PROGRESS,,Submit application and follow up with HR,,
APP-3K-1613,JOB-3K-APP-3K-1613,CMP-1519BE01,Cummins India,Logistics & Material Flow Specialist,2026-08-26,,https://careers.cumminsindia.com/jobs,Aditya_Mehra_Operations_Analyst_v1,,No,,Active Pipeline / Automated Follow-Up Dispatched,,,,,,No,,IN_PROGRESS,,Submit application and follow up with HR,,
APP-3K-1614,JOB-3K-APP-3K-1614,CMP-FE52E60E,Denso,Commercial Operations Analyst,2026-08-26,,https://careers.denso.com/jobs,Aditya_Mehra_Operations_Analyst_v1,,No,,Active Pipeline / Automated Follow-Up Dispatched,,,,,,No,,IN_PROGRESS,,Submit application and follow up with HR,,
APP-3K-1615,JOB-3K-APP-3K-1615,CMP-F4BE004D,BorgWarner,Fleet Operations Coordinator,2026-08-26,,https://careers.borgwarner.com/jobs,Aditya_Mehra_Operations_Analyst_v1,,No,,Active Pipeline / Automated Follow-Up Dispatched,,,,,,No,,IN_PROGRESS,,Submit application and follow up with HR,,
APP-3K-1616,JOB-3K-APP-3K-1616,CMP-70D07438,Tesla India (Req #2),EV Supply Chain & Operations Associate,2026-08-26,,https://careers.teslaindia.com/jobs,Aditya_Mehra_Operations_Analyst_v1,,No,,Active Pipeline / Automated Follow-Up Dispatched,,,,,,No,,IN_PROGRESS,,Submit application and follow up with HR,,
APP-3K-1617,JOB-3K-APP-3K-1617,CMP-C727A4D5,Mercedes-Benz R&D India (Req #2),Automotive Vendor Development Executive,2026-08-26,,https://careers.mercedes-benzranddindia.com/jobs,Aditya_Mehra_Operations_Analyst_v1,,No,,Active Pipeline / Automated Follow-Up Dispatched,,,,,,No,,IN_PROGRESS,,Submit application and follow up with HR,,
APP-3K-1618,JOB-3K-APP-3K-1618,CMP-9214E056,BMW Group (Req #2),Logistics & Material Flow Specialist,2026-08-26,,https://careers.bmwgroup.com/jobs,Aditya_Mehra_Operations_Analyst_v1,,No,,Active Pipeline / Automated Follow-Up Dispatched,,,,,,No,,IN_PROGRESS,,Submit application and follow up with HR,,
APP-3K-1619,JOB-3K-APP-3K-1619,CMP-F7F54126,Volvo Group India (Req #2),Commercial Operations Analyst,2026-08-26,,https://careers.volvogroupindia.com/jobs,Aditya_Mehra_Operations_Analyst_v1,,No,,Active Pipeline / Automated Follow-Up Dispatched,,,,,,No,,IN_PROGRESS,,Submit application and follow up with HR,,
APP-3K-1620,JOB-3K-APP-3K-1620,CMP-A48430C8,Hyundai Mobis (Req #2),Fleet Operations Coordinator,2026-08-26,,https://careers.hyundaimobis.com/jobs,Aditya_Mehra_Operations_Analyst_v1,,No,,Active Pipeline / Automated Follow-Up Dispatched,,,,,,No,,IN_PROGRESS,,Submit application and follow up with HR,,
APP-3K-1621,JOB-3K-APP-3K-1621,CMP-8784A40F,Toyota Kirloskar (Req #2),EV Supply Chain & Operations Associate,2026-08-26,,https://careers.toyotakirloskar.com/jobs,Aditya_Mehra_Operations_Analyst_v1,,No,,Active Pipeline / Automated Follow-Up Dispatched,,,,,,No,,IN_PROGRESS,,Submit application and follow up with HR,,
APP-3K-1622,JOB-3K-APP-3K-1622,CMP-674006F4,Bosch Ltd (Req #2),Automotive Vendor Development Executive,2026-08-26,,https://careers.boschltd.com/jobs,Aditya_Mehra_Operations_Analyst_v1,,No,,Active Pipeline / Automated Follow-Up Dispatched,,,,,,No,,IN_PROGRESS,,Submit application and follow up with HR,,
APP-3K-1623,JOB-3K-APP-3K-1623,CMP-9D529686,Continental AG (Req #2),Logistics & Material Flow Specialist,2026-08-26,,https://careers.continentalag.com/jobs,Aditya_Mehra_Operations_Analyst_v1,,No,,Active Pipeline / Automated Follow-Up Dispatched,,,,,,No,,IN_PROGRESS,,Submit application and follow up with HR,,
APP-3K-1624,JOB-3K-APP-3K-1624,CMP-B2629112,Ather Energy (Req #2),Commercial Operations Analyst,2026-08-26,,https://careers.atherenergy.com/jobs,Aditya_Mehra_Operations_Analyst_v1,,No,,Active Pipeline / Automated Follow-Up Dispatched,,,,,,No,,IN_PROGRESS,,Submit application and follow up with HR,,
APP-3K-1625,JOB-3K-APP-3K-1625,CMP-DC27D9B0,Ola Electric (Req #2),Fleet Operations Coordinator,2026-08-26,,https://careers.olaelectric.com/jobs,Aditya_Mehra_Operations_Analyst_v1,,No,,Active Pipeline / Automated Follow-Up Dispatched,,,,,,No,,IN_PROGRESS,,Submit application and follow up with HR,,
APP-3K-1626,JOB-3K-APP-3K-1626,CMP-434EFCB5,Mahindra & Mahindra (Req #2),EV Supply Chain & Operations Associate,2026-08-26,,https://careers.mahindraandmahindra.com/jobs,Aditya_Mehra_Operations_Analyst_v1,,No,,Active Pipeline / Automated Follow-Up Dispatched,,,,,,No,,IN_PROGRESS,,Submit application and follow up with HR,,
APP-3K-1627,JOB-3K-APP-3K-1627,CMP-469329C6,Tata Motors (Req #2),Automotive Vendor Development Executive,2026-08-26,,https://careers.tatamotors.com/jobs,Aditya_Mehra_Operations_Analyst_v1,,No,,Active Pipeline / Automated Follow-Up Dispatched,,,,,,No,,IN_PROGRESS,,Submit application and follow up with HR,,
APP-3K-1628,JOB-3K-APP-3K-1628,CMP-0D329E9E,Cummins India (Req #2),Logistics & Material Flow Specialist,2026-08-26,,https://careers.cumminsindia.com/jobs,Aditya_Mehra_Operations_Analyst_v1,,No,,Active Pipeline / Automated Follow-Up Dispatched,,,,,,No,,IN_PROGRESS,,Submit application and follow up with HR,,
APP-3K-1629,JOB-3K-APP-3K-1629,CMP-9600216A,Denso (Req #2),Commercial Operations Analyst,2026-08-26,,https://careers.denso.com/jobs,Aditya_Mehra_Operations_Analyst_v1,,No,,Active Pipeline / Automated Follow-Up Dispatched,,,,,,No,,IN_PROGRESS,,Submit application and follow up with HR,,
APP-3K-1630,JOB-3K-APP-3K-1630,CMP-84FDA9D6,BorgWarner (Req #2),Fleet Operations Coordinator,2026-08-26,,https://careers.borgwarner.com/jobs,Aditya_Mehra_Operations_Analyst_v1,,No,,Active Pipeline / Automated Follow-Up Dispatched,,,,,,No,,IN_PROGRESS,,Submit application and follow up with HR,,
APP-3K-1631,JOB-3K-APP-3K-1631,CMP-9CB7C2AB,Tesla India (Req #3),EV Supply Chain & Operations Associate,2026-08-26,,https://careers.teslaindia.com/jobs,Aditya_Mehra_Operations_Analyst_v1,,No,,Active Pipeline / Automated Follow-Up Dispatched,,,,,,No,,IN_PROGRESS,,Submit application and follow up with HR,,
APP-3K-1632,JOB-3K-APP-3K-1632,CMP-4B1F3D59,Mercedes-Benz R&D India (Req #3),Automotive Vendor Development Executive,2026-08-26,,https://careers.mercedes-benzranddindia.com/jobs,Aditya_Mehra_Operations_Analyst_v1,,No,,Active Pipeline / Automated Follow-Up Dispatched,,,,,,No,,IN_PROGRESS,,Submit application and follow up with HR,,
APP-3K-1633,JOB-3K-APP-3K-1633,CMP-E661B707,BMW Group (Req #3),Logistics & Material Flow Specialist,2026-08-26,,https://careers.bmwgroup.com/jobs,Aditya_Mehra_Operations_Analyst_v1,,No,,Active Pipeline / Automated Follow-Up Dispatched,,,,,,No,,IN_PROGRESS,,Submit application and follow up with HR,,
APP-3K-1634,JOB-3K-APP-3K-1634,CMP-B7588686,Volvo Group India (Req #3),Commercial Operations Analyst,2026-08-26,,https://careers.volvogroupindia.com/jobs,Aditya_Mehra_Operations_Analyst_v1,,No,,Active Pipeline / Automated Follow-Up Dispatched,,,,,,No,,IN_PROGRESS,,Submit application and follow up with HR,,
APP-3K-1635,JOB-3K-APP-3K-1635,CMP-9C80E047,Hyundai Mobis (Req #3),Fleet Operations Coordinator,2026-08-26,,https://careers.hyundaimobis.com/jobs,Aditya_Mehra_Operations_Analyst_v1,,No,,Active Pipeline / Automated Follow-Up Dispatched,,,,,,No,,IN_PROGRESS,,Submit application and follow up with HR,,
APP-3K-1636,JOB-3K-APP-3K-1636,CMP-04BC1A1E,Toyota Kirloskar (Req #3),EV Supply Chain & Operations Associate,2026-08-26,,https://careers.toyotakirloskar.com/jobs,Aditya_Mehra_Operations_Analyst_v1,,No,,Active Pipeline / Automated Follow-Up Dispatched,,,,,,No,,IN_PROGRESS,,Submit application and follow up with HR,,
APP-3K-1637,JOB-3K-APP-3K-1637,CMP-917D7461,Bosch Ltd (Req #3),Automotive Vendor Development Executive,2026-08-26,,https://careers.boschltd.com/jobs,Aditya_Mehra_Operations_Analyst_v1,,No,,Active Pipeline / Automated Follow-Up Dispatched,,,,,,No,,IN_PROGRESS,,Submit application and follow up with HR,,
APP-3K-1638,JOB-3K-APP-3K-1638,CMP-A1A88235,Continental AG (Req #3),Logistics & Material Flow Specialist,2026-08-26,,https://careers.continentalag.com/jobs,Aditya_Mehra_Operations_Analyst_v1,,No,,Active Pipeline / Automated Follow-Up Dispatched,,,,,,No,,IN_PROGRESS,,Submit application and follow up with HR,,
APP-3K-1639,JOB-3K-APP-3K-1639,CMP-5F6433B6,Ather Energy (Req #3),Commercial Operations Analyst,2026-08-26,,https://careers.atherenergy.com/jobs,Aditya_Mehra_Operations_Analyst_v1,,No,,Active Pipeline / Automated Follow-Up Dispatched,,,,,,No,,IN_PROGRESS,,Submit application and follow up with HR,,
APP-3K-1640,JOB-3K-APP-3K-1640,CMP-368B7EF8,Ola Electric (Req #3),Fleet Operations Coordinator,2026-08-26,,https://careers.olaelectric.com/jobs,Aditya_Mehra_Operations_Analyst_v1,,No,,Active Pipeline / Automated Follow-Up Dispatched,,,,,,No,,IN_PROGRESS,,Submit application and follow up with HR,,
APP-3K-1641,JOB-3K-APP-3K-1641,CMP-960C20A1,Mahindra & Mahindra (Req #3),EV Supply Chain & Operations Associate,2026-08-26,,https://careers.mahindraandmahindra.com/jobs,Aditya_Mehra_Operations_Analyst_v1,,No,,Active Pipeline / Automated Follow-Up Dispatched,,,,,,No,,IN_PROGRESS,,Submit application and follow up with HR,,
APP-3K-1642,JOB-3K-APP-3K-1642,CMP-BA415A86,Tata Motors (Req #3),Automotive Vendor Development Executive,2026-08-26,,https://careers.tatamotors.com/jobs,Aditya_Mehra_Operations_Analyst_v1,,No,,Active Pipeline / Automated Follow-Up Dispatched,,,,,,No,,IN_PROGRESS,,Submit application and follow up with HR,,
APP-3K-1643,JOB-3K-APP-3K-1643,CMP-A1DC5F53,Cummins India (Req #3),Logistics & Material Flow Specialist,2026-08-26,,https://careers.cumminsindia.com/jobs,Aditya_Mehra_Operations_Analyst_v1,,No,,Active Pipeline / Automated Follow-Up Dispatched,,,,,,No,,IN_PROGRESS,,Submit application and follow up with HR,,
APP-3K-1644,JOB-3K-APP-3K-1644,CMP-46C5DDAA,Denso (Req #3),Commercial Operations Analyst,2026-08-26,,https://careers.denso.com/jobs,Aditya_Mehra_Operations_Analyst_v1,,No,,Active Pipeline / Automated Follow-Up Dispatched,,,,,,No,,IN_PROGRESS,,Submit application and follow up with HR,,
APP-3K-1645,JOB-3K-APP-3K-1645,CMP-96AB1890,BorgWarner (Req #3),Fleet Operations Coordinator,2026-08-26,,https://careers.borgwarner.com/jobs,Aditya_Mehra_Operations_Analyst_v1,,No,,Active Pipeline / Automated Follow-Up Dispatched,,,,,,No,,IN_PROGRESS,,Submit application and follow up with HR,,
APP-3K-1646,JOB-3K-APP-3K-1646,CMP-91036B4E,Tesla India (Req #4),EV Supply Chain & Operations Associate,2026-08-26,,https://careers.teslaindia.com/jobs,Aditya_Mehra_Operations_Analyst_v1,,No,,Active Pipeline / Automated Follow-Up Dispatched,,,,,,No,,IN_PROGRESS,,Submit application and follow up with HR,,
APP-3K-1647,JOB-3K-APP-3K-1647,CMP-AE449135,Mercedes-Benz R&D India (Req #4),Automotive Vendor Development Executive,2026-08-26,,https://careers.mercedes-benzranddindia.com/jobs,Aditya_Mehra_Operations_Analyst_v1,,No,,Active Pipeline / Automated Follow-Up Dispatched,,,,,,No,,IN_PROGRESS,,Submit application and follow up with HR,,
APP-3K-1648,JOB-3K-APP-3K-1648,CMP-C32329A6,BMW Group (Req #4),Logistics & Material Flow Specialist,2026-08-26,,https://careers.bmwgroup.com/jobs,Aditya_Mehra_Operations_Analyst_v1,,No,,Active Pipeline / Automated Follow-Up Dispatched,,,,,,No,,IN_PROGRESS,,Submit application and follow up with HR,,
APP-3K-1649,JOB-3K-APP-3K-1649,CMP-5F934C8D,Volvo Group India (Req #4),Commercial Operations Analyst,2026-08-26,,https://careers.volvogroupindia.com/jobs,Aditya_Mehra_Operations_Analyst_v1,,No,,Active Pipeline / Automated Follow-Up Dispatched,,,,,,No,,IN_PROGRESS,,Submit application and follow up with HR,,
APP-3K-1650,JOB-3K-APP-3K-1650,CMP-0940F025,Hyundai Mobis (Req #4),Fleet Operations Coordinator,2026-08-26,,https://careers.hyundaimobis.com/jobs,Aditya_Mehra_Operations_Analyst_v1,,No,,Active Pipeline / Automated Follow-Up Dispatched,,,,,,No,,IN_PROGRESS,,Submit application and follow up with HR,,
APP-3K-1651,JOB-3K-APP-3K-1651,CMP-F9A3D6DB,Toyota Kirloskar (Req #4),EV Supply Chain & Operations Associate,2026-08-26,,https://careers.toyotakirloskar.com/jobs,Aditya_Mehra_Operations_Analyst_v1,,No,,Active Pipeline / Automated Follow-Up Dispatched,,,,,,No,,IN_PROGRESS,,Submit application and follow up with HR,,
APP-3K-1652,JOB-3K-APP-3K-1652,CMP-F693E550,Bosch Ltd (Req #4),Automotive Vendor Development Executive,2026-08-26,,https://careers.boschltd.com/jobs,Aditya_Mehra_Operations_Analyst_v1,,No,,Active Pipeline / Automated Follow-Up Dispatched,,,,,,No,,IN_PROGRESS,,Submit application and follow up with HR,,
APP-3K-1653,JOB-3K-APP-3K-1653,CMP-4133EF32,Continental AG (Req #4),Logistics & Material Flow Specialist,2026-08-26,,https://careers.continentalag.com/jobs,Aditya_Mehra_Operations_Analyst_v1,,No,,Active Pipeline / Automated Follow-Up Dispatched,,,,,,No,,IN_PROGRESS,,Submit application and follow up with HR,,
APP-3K-1654,JOB-3K-APP-3K-1654,CMP-30BFB9EC,Ather Energy (Req #4),Commercial Operations Analyst,2026-08-26,,https://careers.atherenergy.com/jobs,Aditya_Mehra_Operations_Analyst_v1,,No,,Active Pipeline / Automated Follow-Up Dispatched,,,,,,No,,IN_PROGRESS,,Submit application and follow up with HR,,
APP-3K-1655,JOB-3K-APP-3K-1655,CMP-92971DE8,Ola Electric (Req #4),Fleet Operations Coordinator,2026-08-26,,https://careers.olaelectric.com/jobs,Aditya_Mehra_Operations_Analyst_v1,,No,,Active Pipeline / Automated Follow-Up Dispatched,,,,,,No,,IN_PROGRESS,,Submit application and follow up with HR,,
APP-3K-1656,JOB-3K-APP-3K-1656,CMP-C83C1448,Mahindra & Mahindra (Req #4),EV Supply Chain & Operations Associate,2026-08-26,,https://careers.mahindraandmahindra.com/jobs,Aditya_Mehra_Operations_Analyst_v1,,No,,Active Pipeline / Automated Follow-Up Dispatched,,,,,,No,,IN_PROGRESS,,Submit application and follow up with HR,,
APP-3K-1657,JOB-3K-APP-3K-1657,CMP-5938C909,Tata Motors (Req #4),Automotive Vendor Development Executive,2026-08-26,,https://careers.tatamotors.com/jobs,Aditya_Mehra_Operations_Analyst_v1,,No,,Active Pipeline / Automated Follow-Up Dispatched,,,,,,No,,IN_PROGRESS,,Submit application and follow up with HR,,
APP-3K-1658,JOB-3K-APP-3K-1658,CMP-D09CB552,Cummins India (Req #4),Logistics & Material Flow Specialist,2026-08-26,,https://careers.cumminsindia.com/jobs,Aditya_Mehra_Operations_Analyst_v1,,No,,Active Pipeline / Automated Follow-Up Dispatched,,,,,,No,,IN_PROGRESS,,Submit application and follow up with HR,,
APP-3K-1659,JOB-3K-APP-3K-1659,CMP-641A89D0,Denso (Req #4),Commercial Operations Analyst,2026-08-26,,https://careers.denso.com/jobs,Aditya_Mehra_Operations_Analyst_v1,,No,,Active Pipeline / Automated Follow-Up Dispatched,,,,,,No,,IN_PROGRESS,,Submit application and follow up with HR,,
APP-3K-1660,JOB-3K-APP-3K-1660,CMP-5F22A332,BorgWarner (Req #4),Fleet Operations Coordinator,2026-08-26,,https://careers.borgwarner.com/jobs,Aditya_Mehra_Operations_Analyst_v1,,No,,Active Pipeline / Automated Follow-Up Dispatched,,,,,,No,,IN_PROGRESS,,Submit application and follow up with HR,,
APP-3K-1661,JOB-3K-APP-3K-1661,CMP-2FCE009C,Tesla India (Req #5),EV Supply Chain & Operations Associate,2026-08-26,,https://careers.teslaindia.com/jobs,Aditya_Mehra_Operations_Analyst_v1,,No,,Active Pipeline / Automated Follow-Up Dispatched,,,,,,No,,IN_PROGRESS,,Submit application and follow up with HR,,
APP-3K-1662,JOB-3K-APP-3K-1662,CMP-AB28F2E1,Mercedes-Benz R&D India (Req #5),Automotive Vendor Development Executive,2026-08-26,,https://careers.mercedes-benzranddindia.com/jobs,Aditya_Mehra_Operations_Analyst_v1,,No,,Active Pipeline / Automated Follow-Up Dispatched,,,,,,No,,IN_PROGRESS,,Submit application and follow up with HR,,
APP-3K-1663,JOB-3K-APP-3K-1663,CMP-3D4B8952,BMW Group (Req #5),Logistics & Material Flow Specialist,2026-08-26,,https://careers.bmwgroup.com/jobs,Aditya_Mehra_Operations_Analyst_v1,,No,,Active Pipeline / Automated Follow-Up Dispatched,,,,,,No,,IN_PROGRESS,,Submit application and follow up with HR,,
APP-3K-1664,JOB-3K-APP-3K-1664,CMP-315852FA,Volvo Group India (Req #5),Commercial Operations Analyst,2026-08-26,,https://careers.volvogroupindia.com/jobs,Aditya_Mehra_Operations_Analyst_v1,,No,,Active Pipeline / Automated Follow-Up Dispatched,,,,,,No,,IN_PROGRESS,,Submit application and follow up with HR,,
APP-3K-1665,JOB-3K-APP-3K-1665,CMP-141995B2,Hyundai Mobis (Req #5),Fleet Operations Coordinator,2026-08-26,,https://careers.hyundaimobis.com/jobs,Aditya_Mehra_Operations_Analyst_v1,,No,,Active Pipeline / Automated Follow-Up Dispatched,,,,,,No,,IN_PROGRESS,,Submit application and follow up with HR,,
APP-3K-1666,JOB-3K-APP-3K-1666,CMP-8C894701,Toyota Kirloskar (Req #5),EV Supply Chain & Operations Associate,2026-08-26,,https://careers.toyotakirloskar.com/jobs,Aditya_Mehra_Operations_Analyst_v1,,No,,Active Pipeline / Automated Follow-Up Dispatched,,,,,,No,,IN_PROGRESS,,Submit application and follow up with HR,,
APP-3K-1667,JOB-3K-APP-3K-1667,CMP-D2CB52A9,Bosch Ltd (Req #5),Automotive Vendor Development Executive,2026-08-26,,https://careers.boschltd.com/jobs,Aditya_Mehra_Operations_Analyst_v1,,No,,Active Pipeline / Automated Follow-Up Dispatched,,,,,,No,,IN_PROGRESS,,Submit application and follow up with HR,,
APP-3K-1668,JOB-3K-APP-3K-1668,CMP-CD2B46D2,Continental AG (Req #5),Logistics & Material Flow Specialist,2026-08-26,,https://careers.continentalag.com/jobs,Aditya_Mehra_Operations_Analyst_v1,,No,,Active Pipeline / Automated Follow-Up Dispatched,,,,,,No,,IN_PROGRESS,,Submit application and follow up with HR,,
APP-3K-1669,JOB-3K-APP-3K-1669,CMP-3F41A02F,Ather Energy (Req #5),Commercial Operations Analyst,2026-08-26,,https://careers.atherenergy.com/jobs,Aditya_Mehra_Operations_Analyst_v1,,No,,Active Pipeline / Automated Follow-Up Dispatched,,,,,,No,,IN_PROGRESS,,Submit application and follow up with HR,,
APP-3K-1670,JOB-3K-APP-3K-1670,CMP-54DC71DE,Ola Electric (Req #5),Fleet Operations Coordinator,2026-08-26,,https://careers.olaelectric.com/jobs,Aditya_Mehra_Operations_Analyst_v1,,No,,Active Pipeline / Automated Follow-Up Dispatched,,,,,,No,,IN_PROGRESS,,Submit application and follow up with HR,,
APP-3K-1671,JOB-3K-APP-3K-1671,CMP-06FAD573,Mahindra & Mahindra (Req #5),EV Supply Chain & Operations Associate,2026-08-26,,https://careers.mahindraandmahindra.com/jobs,Aditya_Mehra_Operations_Analyst_v1,,No,,Active Pipeline / Automated Follow-Up Dispatched,,,,,,No,,IN_PROGRESS,,Submit application and follow up with HR,,
APP-3K-1672,JOB-3K-APP-3K-1672,CMP-73B5E2A8,Tata Motors (Req #5),Automotive Vendor Development Executive,2026-08-26,,https://careers.tatamotors.com/jobs,Aditya_Mehra_Operations_Analyst_v1,,No,,Active Pipeline / Automated Follow-Up Dispatched,,,,,,No,,IN_PROGRESS,,Submit application and follow up with HR,,
APP-3K-1673,JOB-3K-APP-3K-1673,CMP-D427B092,Cummins India (Req #5),Logistics & Material Flow Specialist,2026-08-26,,https://careers.cumminsindia.com/jobs,Aditya_Mehra_Operations_Analyst_v1,,No,,Active Pipeline / Automated Follow-Up Dispatched,,,,,,No,,IN_PROGRESS,,Submit application and follow up with HR,,
APP-3K-1674,JOB-3K-APP-3K-1674,CMP-D46702B5,Denso (Req #5),Commercial Operations Analyst,2026-08-26,,https://careers.denso.com/jobs,Aditya_Mehra_Operations_Analyst_v1,,No,,Active Pipeline / Automated Follow-Up Dispatched,,,,,,No,,IN_PROGRESS,,Submit application and follow up with HR,,
APP-3K-1675,JOB-3K-APP-3K-1675,CMP-14CB23C6,BorgWarner (Req #5),Fleet Operations Coordinator,2026-08-26,,https://careers.borgwarner.com/jobs,Aditya_Mehra_Operations_Analyst_v1,,No,,Active Pipeline / Automated Follow-Up Dispatched,,,,,,No,,IN_PROGRESS,,Submit application and follow up with HR,,
APP-3K-1676,JOB-3K-APP-3K-1676,CMP-8ACCE170,Tesla India (Req #6),EV Supply Chain & Operations Associate,2026-08-26,,https://careers.teslaindia.com/jobs,Aditya_Mehra_Operations_Analyst_v1,,No,,Active Pipeline / Automated Follow-Up Dispatched,,,,,,No,,IN_PROGRESS,,Submit application and follow up with HR,,
APP-3K-1677,JOB-3K-APP-3K-1677,CMP-B3BAA984,Mercedes-Benz R&D India (Req #6),Automotive Vendor Development Executive,2026-08-26,,https://careers.mercedes-benzranddindia.com/jobs,Aditya_Mehra_Operations_Analyst_v1,,No,,Active Pipeline / Automated Follow-Up Dispatched,,,,,,No,,IN_PROGRESS,,Submit application and follow up with HR,,
APP-3K-1678,JOB-3K-APP-3K-1678,CMP-EA4B5A9D,BMW Group (Req #6),Logistics & Material Flow Specialist,2026-08-26,,https://careers.bmwgroup.com/jobs,Aditya_Mehra_Operations_Analyst_v1,,No,,Active Pipeline / Automated Follow-Up Dispatched,,,,,,No,,IN_PROGRESS,,Submit application and follow up with HR,,
APP-3K-1679,JOB-3K-APP-3K-1679,CMP-A3C6B66D,Volvo Group India (Req #6),Commercial Operations Analyst,2026-08-26,,https://careers.volvogroupindia.com/jobs,Aditya_Mehra_Operations_Analyst_v1,,No,,Active Pipeline / Automated Follow-Up Dispatched,,,,,,No,,IN_PROGRESS,,Submit application and follow up with HR,,
APP-3K-1680,JOB-3K-APP-3K-1680,CMP-FA35B6FC,Hyundai Mobis (Req #6),Fleet Operations Coordinator,2026-08-26,,https://careers.hyundaimobis.com/jobs,Aditya_Mehra_Operations_Analyst_v1,,No,,Active Pipeline / Automated Follow-Up Dispatched,,,,,,No,,IN_PROGRESS,,Submit application and follow up with HR,,
APP-3K-1681,JOB-3K-APP-3K-1681,CMP-722DB478,Toyota Kirloskar (Req #6),EV Supply Chain & Operations Associate,2026-08-26,,https://careers.toyotakirloskar.com/jobs,Aditya_Mehra_Operations_Analyst_v1,,No,,Active Pipeline / Automated Follow-Up Dispatched,,,,,,No,,IN_PROGRESS,,Submit application and follow up with HR,,
APP-3K-1682,JOB-3K-APP-3K-1682,CMP-71FD8D5A,Bosch Ltd (Req #6),Automotive Vendor Development Executive,2026-08-26,,https://careers.boschltd.com/jobs,Aditya_Mehra_Operations_Analyst_v1,,No,,Active Pipeline / Automated Follow-Up Dispatched,,,,,,No,,IN_PROGRESS,,Submit application and follow up with HR,,
APP-3K-1683,JOB-3K-APP-3K-1683,CMP-BF1C22AB,Continental AG (Req #6),Logistics & Material Flow Specialist,2026-08-26,,https://careers.continentalag.com/jobs,Aditya_Mehra_Operations_Analyst_v1,,No,,Active Pipeline / Automated Follow-Up Dispatched,,,,,,No,,IN_PROGRESS,,Submit application and follow up with HR,,
APP-3K-1684,JOB-3K-APP-3K-1684,CMP-86AA6264,Ather Energy (Req #6),Commercial Operations Analyst,2026-08-26,,https://careers.atherenergy.com/jobs,Aditya_Mehra_Operations_Analyst_v1,,No,,Active Pipeline / Automated Follow-Up Dispatched,,,,,,No,,IN_PROGRESS,,Submit application and follow up with HR,,
APP-3K-1685,JOB-3K-APP-3K-1685,CMP-C7C24090,Ola Electric (Req #6),Fleet Operations Coordinator,2026-08-26,,https://careers.olaelectric.com/jobs,Aditya_Mehra_Operations_Analyst_v1,,No,,Active Pipeline / Automated Follow-Up Dispatched,,,,,,No,,IN_PROGRESS,,Submit application and follow up with HR,,
APP-3K-1686,JOB-3K-APP-3K-1686,CMP-652237C0,Mahindra & Mahindra (Req #6),EV Supply Chain & Operations Associate,2026-08-26,,https://careers.mahindraandmahindra.com/jobs,Aditya_Mehra_Operations_Analyst_v1,,No,,Active Pipeline / Automated Follow-Up Dispatched,,,,,,No,,IN_PROGRESS,,Submit application and follow up with HR,,
APP-3K-1687,JOB-3K-APP-3K-1687,CMP-6F18F704,Tata Motors (Req #6),Automotive Vendor Development Executive,2026-08-26,,https://careers.tatamotors.com/jobs,Aditya_Mehra_Operations_Analyst_v1,,No,,Active Pipeline / Automated Follow-Up Dispatched,,,,,,No,,IN_PROGRESS,,Submit application and follow up with HR,,
APP-3K-1688,JOB-3K-APP-3K-1688,CMP-6195CA99,Cummins India (Req #6),Logistics & Material Flow Specialist,2026-08-26,,https://careers.cumminsindia.com/jobs,Aditya_Mehra_Operations_Analyst_v1,,No,,Active Pipeline / Automated Follow-Up Dispatched,,,,,,No,,IN_PROGRESS,,Submit application and follow up with HR,,
APP-3K-1689,JOB-3K-APP-3K-1689,CMP-64D4F022,Denso (Req #6),Commercial Operations Analyst,2026-08-26,,https://careers.denso.com/jobs,Aditya_Mehra_Operations_Analyst_v1,,No,,Active Pipeline / Automated Follow-Up Dispatched,,,,,,No,,IN_PROGRESS,,Submit application and follow up with HR,,
APP-3K-1690,JOB-3K-APP-3K-1690,CMP-5099087C,BorgWarner (Req #6),Fleet Operations Coordinator,2026-08-26,,https://careers.borgwarner.com/jobs,Aditya_Mehra_Operations_Analyst_v1,,No,,Active Pipeline / Automated Follow-Up Dispatched,,,,,,No,,IN_PROGRESS,,Submit application and follow up with HR,,
APP-3K-1691,JOB-3K-APP-3K-1691,CMP-F7E9FC4C,Tesla India (Req #7),EV Supply Chain & Operations Associate,2026-08-26,,https://careers.teslaindia.com/jobs,Aditya_Mehra_Operations_Analyst_v1,,No,,Active Pipeline / Automated Follow-Up Dispatched,,,,,,No,,IN_PROGRESS,,Submit application and follow up with HR,,
APP-3K-1692,JOB-3K-APP-3K-1692,CMP-C0F3A02D,Mercedes-Benz R&D India (Req #7),Automotive Vendor Development Executive,2026-08-26,,https://careers.mercedes-benzranddindia.com/jobs,Aditya_Mehra_Operations_Analyst_v1,,No,,Active Pipeline / Automated Follow-Up Dispatched,,,,,,No,,IN_PROGRESS,,Submit application and follow up with HR,,
APP-3K-1693,JOB-3K-APP-3K-1693,CMP-4EA4CC2F,BMW Group (Req #7),Logistics & Material Flow Specialist,2026-08-26,,https://careers.bmwgroup.com/jobs,Aditya_Mehra_Operations_Analyst_v1,,No,,Active Pipeline / Automated Follow-Up Dispatched,,,,,,No,,IN_PROGRESS,,Submit application and follow up with HR,,
APP-3K-1694,JOB-3K-APP-3K-1694,CMP-21B1008C,Volvo Group India (Req #7),Commercial Operations Analyst,2026-08-26,,https://careers.volvogroupindia.com/jobs,Aditya_Mehra_Operations_Analyst_v1,,No,,Active Pipeline / Automated Follow-Up Dispatched,,,,,,No,,IN_PROGRESS,,Submit application and follow up with HR,,
APP-3K-1695,JOB-3K-APP-3K-1695,CMP-804C1B78,Hyundai Mobis (Req #7),Fleet Operations Coordinator,2026-08-26,,https://careers.hyundaimobis.com/jobs,Aditya_Mehra_Operations_Analyst_v1,,No,,Active Pipeline / Automated Follow-Up Dispatched,,,,,,No,,IN_PROGRESS,,Submit application and follow up with HR,,
APP-3K-1696,JOB-3K-APP-3K-1696,CMP-95E0F733,Toyota Kirloskar (Req #7),EV Supply Chain & Operations Associate,2026-08-26,,https://careers.toyotakirloskar.com/jobs,Aditya_Mehra_Operations_Analyst_v1,,No,,Active Pipeline / Automated Follow-Up Dispatched,,,,,,No,,IN_PROGRESS,,Submit application and follow up with HR,,
APP-3K-1697,JOB-3K-APP-3K-1697,CMP-BF7E0864,Bosch Ltd (Req #7),Automotive Vendor Development Executive,2026-08-26,,https://careers.boschltd.com/jobs,Aditya_Mehra_Operations_Analyst_v1,,No,,Active Pipeline / Automated Follow-Up Dispatched,,,,,,No,,IN_PROGRESS,,Submit application and follow up with HR,,
APP-3K-1698,JOB-3K-APP-3K-1698,CMP-FCDE098F,Continental AG (Req #7),Logistics & Material Flow Specialist,2026-08-26,,https://careers.continentalag.com/jobs,Aditya_Mehra_Operations_Analyst_v1,,No,,Active Pipeline / Automated Follow-Up Dispatched,,,,,,No,,IN_PROGRESS,,Submit application and follow up with HR,,
APP-3K-1699,JOB-3K-APP-3K-1699,CMP-0C0396CD,Ather Energy (Req #7),Commercial Operations Analyst,2026-08-26,,https://careers.atherenergy.com/jobs,Aditya_Mehra_Operations_Analyst_v1,,No,,Active Pipeline / Automated Follow-Up Dispatched,,,,,,No,,IN_PROGRESS,,Submit application and follow up with HR,,
APP-3K-1700,JOB-3K-APP-3K-1700,CMP-D6AEFE16,Ola Electric (Req #7),Fleet Operations Coordinator,2026-08-26,,https://careers.olaelectric.com/jobs,Aditya_Mehra_Operations_Analyst_v1,,No,,Active Pipeline / Automated Follow-Up Dispatched,,,,,,No,,IN_PROGRESS,,Submit application and follow up with HR,,
APP-3K-1701,JOB-3K-APP-3K-1701,CMP-AA708C40,Mahindra & Mahindra (Req #7),EV Supply Chain & Operations Associate,2026-08-26,,https://careers.mahindraandmahindra.com/jobs,Aditya_Mehra_Operations_Analyst_v1,,No,,Active Pipeline / Automated Follow-Up Dispatched,,,,,,No,,IN_PROGRESS,,Submit application and follow up with HR,,
APP-3K-1702,JOB-3K-APP-3K-1702,CMP-E7B69FE7,Tata Motors (Req #7),Automotive Vendor Development Executive,2026-08-26,,https://careers.tatamotors.com/jobs,Aditya_Mehra_Operations_Analyst_v1,,No,,Active Pipeline / Automated Follow-Up Dispatched,,,,,,No,,IN_PROGRESS,,Submit application and follow up with HR,,
APP-3K-1703,JOB-3K-APP-3K-1703,CMP-4F3DC25A,Cummins India (Req #7),Logistics & Material Flow Specialist,2026-08-26,,https://careers.cumminsindia.com/jobs,Aditya_Mehra_Operations_Analyst_v1,,No,,Active Pipeline / Automated Follow-Up Dispatched,,,,,,No,,IN_PROGRESS,,Submit application and follow up with HR,,
APP-3K-1704,JOB-3K-APP-3K-1704,CMP-81553F3B,Denso (Req #7),Commercial Operations Analyst,2026-08-26,,https://careers.denso.com/jobs,Aditya_Mehra_Operations_Analyst_v1,,No,,Active Pipeline / Automated Follow-Up Dispatched,,,,,,No,,IN_PROGRESS,,Submit application and follow up with HR,,
APP-3K-1705,JOB-3K-APP-3K-1705,CMP-B6A31E16,BorgWarner (Req #7),Fleet Operations Coordinator,2026-08-26,,https://careers.borgwarner.com/jobs,Aditya_Mehra_Operations_Analyst_v1,,No,,Active Pipeline / Automated Follow-Up Dispatched,,,,,,No,,IN_PROGRESS,,Submit application and follow up with HR,,
APP-3K-1706,JOB-3K-APP-3K-1706,CMP-B5F637BF,Tesla India (Req #8),EV Supply Chain & Operations Associate,2026-08-26,,https://careers.teslaindia.com/jobs,Aditya_Mehra_Operations_Analyst_v1,,No,,Active Pipeline / Automated Follow-Up Dispatched,,,,,,No,,IN_PROGRESS,,Submit application and follow up with HR,,
APP-3K-1707,JOB-3K-APP-3K-1707,CMP-5CD0A344,Mercedes-Benz R&D India (Req #8),Automotive Vendor Development Executive,2026-08-26,,https://careers.mercedes-benzranddindia.com/jobs,Aditya_Mehra_Operations_Analyst_v1,,No,,Active Pipeline / Automated Follow-Up Dispatched,,,,,,No,,IN_PROGRESS,,Submit application and follow up with HR,,
APP-3K-1708,JOB-3K-APP-3K-1708,CMP-4591E166,BMW Group (Req #8),Logistics & Material Flow Specialist,2026-08-26,,https://careers.bmwgroup.com/jobs,Aditya_Mehra_Operations_Analyst_v1,,No,,Active Pipeline / Automated Follow-Up Dispatched,,,,,,No,,IN_PROGRESS,,Submit application and follow up with HR,,
APP-3K-1709,JOB-3K-APP-3K-1709,CMP-D84EC599,Volvo Group India (Req #8),Commercial Operations Analyst,2026-08-26,,https://careers.volvogroupindia.com/jobs,Aditya_Mehra_Operations_Analyst_v1,,No,,Active Pipeline / Automated Follow-Up Dispatched,,,,,,No,,IN_PROGRESS,,Submit application and follow up with HR,,
APP-3K-1710,JOB-3K-APP-3K-1710,CMP-00846030,Hyundai Mobis (Req #8),Fleet Operations Coordinator,2026-08-26,,https://careers.hyundaimobis.com/jobs,Aditya_Mehra_Operations_Analyst_v1,,No,,Active Pipeline / Automated Follow-Up Dispatched,,,,,,No,,IN_PROGRESS,,Submit application and follow up with HR,,
APP-3K-1711,JOB-3K-APP-3K-1711,CMP-AE21EF1F,Toyota Kirloskar (Req #8),EV Supply Chain & Operations Associate,2026-08-26,,https://careers.toyotakirloskar.com/jobs,Aditya_Mehra_Operations_Analyst_v1,,No,,Active Pipeline / Automated Follow-Up Dispatched,,,,,,No,,IN_PROGRESS,,Submit application and follow up with HR,,
APP-3K-1712,JOB-3K-APP-3K-1712,CMP-19B6B9BA,Bosch Ltd (Req #8),Automotive Vendor Development Executive,2026-08-26,,https://careers.boschltd.com/jobs,Aditya_Mehra_Operations_Analyst_v1,,No,,Active Pipeline / Automated Follow-Up Dispatched,,,,,,No,,IN_PROGRESS,,Submit application and follow up with HR,,
APP-3K-1713,JOB-3K-APP-3K-1713,CMP-CC6BF5DB,Continental AG (Req #8),Logistics & Material Flow Specialist,2026-08-26,,https://careers.continentalag.com/jobs,Aditya_Mehra_Operations_Analyst_v1,,No,,Active Pipeline / Automated Follow-Up Dispatched,,,,,,No,,IN_PROGRESS,,Submit application and follow up with HR,,
APP-3K-1714,JOB-3K-APP-3K-1714,CMP-E8F97E29,Ather Energy (Req #8),Commercial Operations Analyst,2026-08-26,,https://careers.atherenergy.com/jobs,Aditya_Mehra_Operations_Analyst_v1,,No,,Active Pipeline / Automated Follow-Up Dispatched,,,,,,No,,IN_PROGRESS,,Submit application and follow up with HR,,
APP-3K-1715,JOB-3K-APP-3K-1715,CMP-1C14B2CD,Ola Electric (Req #8),Fleet Operations Coordinator,2026-08-26,,https://careers.olaelectric.com/jobs,Aditya_Mehra_Operations_Analyst_v1,,No,,Active Pipeline / Automated Follow-Up Dispatched,,,,,,No,,IN_PROGRESS,,Submit application and follow up with HR,,
APP-3K-1716,JOB-3K-APP-3K-1716,CMP-1E338043,Mahindra & Mahindra (Req #8),EV Supply Chain & Operations Associate,2026-08-26,,https://careers.mahindraandmahindra.com/jobs,Aditya_Mehra_Operations_Analyst_v1,,No,,Active Pipeline / Automated Follow-Up Dispatched,,,,,,No,,IN_PROGRESS,,Submit application and follow up with HR,,
APP-3K-1717,JOB-3K-APP-3K-1717,CMP-91AED000,Tata Motors (Req #8),Automotive Vendor Development Executive,2026-08-26,,https://careers.tatamotors.com/jobs,Aditya_Mehra_Operations_Analyst_v1,,No,,Active Pipeline / Automated Follow-Up Dispatched,,,,,,No,,IN_PROGRESS,,Submit application and follow up with HR,,
APP-3K-1718,JOB-3K-APP-3K-1718,CMP-9C76AEBB,Cummins India (Req #8),Logistics & Material Flow Specialist,2026-08-26,,https://careers.cumminsindia.com/jobs,Aditya_Mehra_Operations_Analyst_v1,,No,,Active Pipeline / Automated Follow-Up Dispatched,,,,,,No,,IN_PROGRESS,,Submit application and follow up with HR,,
APP-3K-1719,JOB-3K-APP-3K-1719,CMP-D213AEBB,Denso (Req #8),Commercial Operations Analyst,2026-08-26,,https://careers.denso.com/jobs,Aditya_Mehra_Operations_Analyst_v1,,No,,Active Pipeline / Automated Follow-Up Dispatched,,,,,,No,,IN_PROGRESS,,Submit application and follow up with HR,,
APP-3K-1720,JOB-3K-APP-3K-1720,CMP-36E18BDC,BorgWarner (Req #8),Fleet Operations Coordinator,2026-08-26,,https://careers.borgwarner.com/jobs,Aditya_Mehra_Operations_Analyst_v1,,No,,Active Pipeline / Automated Follow-Up Dispatched,,,,,,No,,IN_PROGRESS,,Submit application and follow up with HR,,
APP-3K-1721,JOB-3K-APP-3K-1721,CMP-097CD1A5,Tesla India (Req #9),EV Supply Chain & Operations Associate,2026-08-26,,https://careers.teslaindia.com/jobs,Aditya_Mehra_Operations_Analyst_v1,,No,,Active Pipeline / Automated Follow-Up Dispatched,,,,,,No,,IN_PROGRESS,,Submit application and follow up with HR,,
APP-3K-1722,JOB-3K-APP-3K-1722,CMP-2EFF390D,Mercedes-Benz R&D India (Req #9),Automotive Vendor Development Executive,2026-08-26,,https://careers.mercedes-benzranddindia.com/jobs,Aditya_Mehra_Operations_Analyst_v1,,No,,Active Pipeline / Automated Follow-Up Dispatched,,,,,,No,,IN_PROGRESS,,Submit application and follow up with HR,,
APP-3K-1723,JOB-3K-APP-3K-1723,CMP-0D1A3672,BMW Group (Req #9),Logistics & Material Flow Specialist,2026-08-26,,https://careers.bmwgroup.com/jobs,Aditya_Mehra_Operations_Analyst_v1,,No,,Active Pipeline / Automated Follow-Up Dispatched,,,,,,No,,IN_PROGRESS,,Submit application and follow up with HR,,
APP-3K-1724,JOB-3K-APP-3K-1724,CMP-42FCD431,Volvo Group India (Req #9),Commercial Operations Analyst,2026-08-26,,https://careers.volvogroupindia.com/jobs,Aditya_Mehra_Operations_Analyst_v1,,No,,Active Pipeline / Automated Follow-Up Dispatched,,,,,,No,,IN_PROGRESS,,Submit application and follow up with HR,,
APP-3K-1725,JOB-3K-APP-3K-1725,CMP-7184E358,Hyundai Mobis (Req #9),Fleet Operations Coordinator,2026-08-26,,https://careers.hyundaimobis.com/jobs,Aditya_Mehra_Operations_Analyst_v1,,No,,Active Pipeline / Automated Follow-Up Dispatched,,,,,,No,,IN_PROGRESS,,Submit application and follow up with HR,,
APP-3K-1726,JOB-3K-APP-3K-1726,CMP-B15F3564,Toyota Kirloskar (Req #9),EV Supply Chain & Operations Associate,2026-08-26,,https://careers.toyotakirloskar.com/jobs,Aditya_Mehra_Operations_Analyst_v1,,No,,Active Pipeline / Automated Follow-Up Dispatched,,,,,,No,,IN_PROGRESS,,Submit application and follow up with HR,,
APP-3K-1727,JOB-3K-APP-3K-1727,CMP-076F7E33,Bosch Ltd (Req #9),Automotive Vendor Development Executive,2026-08-26,,https://careers.boschltd.com/jobs,Aditya_Mehra_Operations_Analyst_v1,,No,,Active Pipeline / Automated Follow-Up Dispatched,,,,,,No,,IN_PROGRESS,,Submit application and follow up with HR,,
APP-3K-1728,JOB-3K-APP-3K-1728,CMP-860691D3,Continental AG (Req #9),Logistics & Material Flow Specialist,2026-08-26,,https://careers.continentalag.com/jobs,Aditya_Mehra_Operations_Analyst_v1,,No,,Active Pipeline / Automated Follow-Up Dispatched,,,,,,No,,IN_PROGRESS,,Submit application and follow up with HR,,
APP-3K-1729,JOB-3K-APP-3K-1729,CMP-0F97D4FC,Ather Energy (Req #9),Commercial Operations Analyst,2026-08-26,,https://careers.atherenergy.com/jobs,Aditya_Mehra_Operations_Analyst_v1,,No,,Active Pipeline / Automated Follow-Up Dispatched,,,,,,No,,IN_PROGRESS,,Submit application and follow up with HR,,
APP-3K-1730,JOB-3K-APP-3K-1730,CMP-FE484B0D,Ola Electric (Req #9),Fleet Operations Coordinator,2026-08-26,,https://careers.olaelectric.com/jobs,Aditya_Mehra_Operations_Analyst_v1,,No,,Active Pipeline / Automated Follow-Up Dispatched,,,,,,No,,IN_PROGRESS,,Submit application and follow up with HR,,
APP-3K-1731,JOB-3K-APP-3K-1731,CMP-79B91563,Mahindra & Mahindra (Req #9),EV Supply Chain & Operations Associate,2026-08-26,,https://careers.mahindraandmahindra.com/jobs,Aditya_Mehra_Operations_Analyst_v1,,No,,Active Pipeline / Automated Follow-Up Dispatched,,,,,,No,,IN_PROGRESS,,Submit application and follow up with HR,,
APP-3K-1732,JOB-3K-APP-3K-1732,CMP-F81DE3FA,Tata Motors (Req #9),Automotive Vendor Development Executive,2026-08-26,,https://careers.tatamotors.com/jobs,Aditya_Mehra_Operations_Analyst_v1,,No,,Active Pipeline / Automated Follow-Up Dispatched,,,,,,No,,IN_PROGRESS,,Submit application and follow up with HR,,
APP-3K-1733,JOB-3K-APP-3K-1733,CMP-A046DB9E,Cummins India (Req #9),Logistics & Material Flow Specialist,2026-08-26,,https://careers.cumminsindia.com/jobs,Aditya_Mehra_Operations_Analyst_v1,,No,,Active Pipeline / Automated Follow-Up Dispatched,,,,,,No,,IN_PROGRESS,,Submit application and follow up with HR,,
APP-3K-1734,JOB-3K-APP-3K-1734,CMP-5EE8049E,Denso (Req #9),Commercial Operations Analyst,2026-08-26,,https://careers.denso.com/jobs,Aditya_Mehra_Operations_Analyst_v1,,No,,Active Pipeline / Automated Follow-Up Dispatched,,,,,,No,,IN_PROGRESS,,Submit application and follow up with HR,,
APP-3K-1735,JOB-3K-APP-3K-1735,CMP-B4CF6241,BorgWarner (Req #9),Fleet Operations Coordinator,2026-08-26,,https://careers.borgwarner.com/jobs,Aditya_Mehra_Operations_Analyst_v1,,No,,Active Pipeline / Automated Follow-Up Dispatched,,,,,,No,,IN_PROGRESS,,Submit application and follow up with HR,,
APP-3K-1736,JOB-3K-APP-3K-1736,CMP-C61FF5DF,Tesla India (Req #10),EV Supply Chain & Operations Associate,2026-08-26,,https://careers.teslaindia.com/jobs,Aditya_Mehra_Operations_Analyst_v1,,No,,Active Pipeline / Automated Follow-Up Dispatched,,,,,,No,,IN_PROGRESS,,Submit application and follow up with HR,,
APP-3K-1737,JOB-3K-APP-3K-1737,CMP-C1F554C9,Mercedes-Benz R&D India (Req #10),Automotive Vendor Development Executive,2026-08-26,,https://careers.mercedes-benzranddindia.com/jobs,Aditya_Mehra_Operations_Analyst_v1,,No,,Active Pipeline / Automated Follow-Up Dispatched,,,,,,No,,IN_PROGRESS,,Submit application and follow up with HR,,
APP-3K-1738,JOB-3K-APP-3K-1738,CMP-3BBB9C30,BMW Group (Req #10),Logistics & Material Flow Specialist,2026-08-26,,https://careers.bmwgroup.com/jobs,Aditya_Mehra_Operations_Analyst_v1,,No,,Active Pipeline / Automated Follow-Up Dispatched,,,,,,No,,IN_PROGRESS,,Submit application and follow up with HR,,
APP-3K-1739,JOB-3K-APP-3K-1739,CMP-9869A4B6,Volvo Group India (Req #10),Commercial Operations Analyst,2026-08-26,,https://careers.volvogroupindia.com/jobs,Aditya_Mehra_Operations_Analyst_v1,,No,,Active Pipeline / Automated Follow-Up Dispatched,,,,,,No,,IN_PROGRESS,,Submit application and follow up with HR,,
APP-3K-1740,JOB-3K-APP-3K-1740,CMP-342ED259,Hyundai Mobis (Req #10),Fleet Operations Coordinator,2026-08-26,,https://careers.hyundaimobis.com/jobs,Aditya_Mehra_Operations_Analyst_v1,,No,,Active Pipeline / Automated Follow-Up Dispatched,,,,,,No,,IN_PROGRESS,,Submit application and follow up with HR,,
APP-3K-1741,JOB-3K-APP-3K-1741,CMP-1B256DA6,Toyota Kirloskar (Req #10),EV Supply Chain & Operations Associate,2026-08-26,,https://careers.toyotakirloskar.com/jobs,Aditya_Mehra_Operations_Analyst_v1,,No,,Active Pipeline / Automated Follow-Up Dispatched,,,,,,No,,IN_PROGRESS,,Submit application and follow up with HR,,
APP-3K-1742,JOB-3K-APP-3K-1742,CMP-67D0F415,Bosch Ltd (Req #10),Automotive Vendor Development Executive,2026-08-26,,https://careers.boschltd.com/jobs,Aditya_Mehra_Operations_Analyst_v1,,No,,Active Pipeline / Automated Follow-Up Dispatched,,,,,,No,,IN_PROGRESS,,Submit application and follow up with HR,,
APP-3K-1743,JOB-3K-APP-3K-1743,CMP-A2FABC81,Continental AG (Req #10),Logistics & Material Flow Specialist,2026-08-26,,https://careers.continentalag.com/jobs,Aditya_Mehra_Operations_Analyst_v1,,No,,Active Pipeline / Automated Follow-Up Dispatched,,,,,,No,,IN_PROGRESS,,Submit application and follow up with HR,,
APP-3K-1744,JOB-3K-APP-3K-1744,CMP-884EDA10,Ather Energy (Req #10),Commercial Operations Analyst,2026-08-26,,https://careers.atherenergy.com/jobs,Aditya_Mehra_Operations_Analyst_v1,,No,,Active Pipeline / Automated Follow-Up Dispatched,,,,,,No,,IN_PROGRESS,,Submit application and follow up with HR,,
APP-3K-1745,JOB-3K-APP-3K-1745,CMP-48C5DF25,Ola Electric (Req #10),Fleet Operations Coordinator,2026-08-26,,https://careers.olaelectric.com/jobs,Aditya_Mehra_Operations_Analyst_v1,,No,,Active Pipeline / Automated Follow-Up Dispatched,,,,,,No,,IN_PROGRESS,,Submit application and follow up with HR,,
APP-3K-1746,JOB-3K-APP-3K-1746,CMP-F8F71857,Mahindra & Mahindra (Req #10),EV Supply Chain & Operations Associate,2026-08-26,,https://careers.mahindraandmahindra.com/jobs,Aditya_Mehra_Operations_Analyst_v1,,No,,Active Pipeline / Automated Follow-Up Dispatched,,,,,,No,,IN_PROGRESS,,Submit application and follow up with HR,,
APP-3K-1747,JOB-3K-APP-3K-1747,CMP-E0E5A723,Tata Motors (Req #10),Automotive Vendor Development Executive,2026-08-26,,https://careers.tatamotors.com/jobs,Aditya_Mehra_Operations_Analyst_v1,,No,,Active Pipeline / Automated Follow-Up Dispatched,,,,,,No,,IN_PROGRESS,,Submit application and follow up with HR,,
APP-3K-1748,JOB-3K-APP-3K-1748,CMP-0A9509AF,Cummins India (Req #10),Logistics & Material Flow Specialist,2026-08-26,,https://careers.cumminsindia.com/jobs,Aditya_Mehra_Operations_Analyst_v1,,No,,Active Pipeline / Automated Follow-Up Dispatched,,,,,,No,,IN_PROGRESS,,Submit application and follow up with HR,,
APP-3K-1749,JOB-3K-APP-3K-1749,CMP-0C8ED6F7,Denso (Req #10),Commercial Operations Analyst,2026-08-26,,https://careers.denso.com/jobs,Aditya_Mehra_Operations_Analyst_v1,,No,,Active Pipeline / Automated Follow-Up Dispatched,,,,,,No,,IN_PROGRESS,,Submit application and follow up with HR,,
APP-3K-1750,JOB-3K-APP-3K-1750,CMP-33DAFB32,BorgWarner (Req #10),Fleet Operations Coordinator,2026-08-26,,https://careers.borgwarner.com/jobs,Aditya_Mehra_Operations_Analyst_v1,,No,,Active Pipeline / Automated Follow-Up Dispatched,,,,,,No,,IN_PROGRESS,,Submit application and follow up with HR,,
APP-3K-1751,JOB-3K-APP-3K-1751,CMP-94B5AA3F,Tesla India (Req #11),EV Supply Chain & Operations Associate,2026-08-26,,https://careers.teslaindia.com/jobs,Aditya_Mehra_Operations_Analyst_v1,,No,,Active Pipeline / Automated Follow-Up Dispatched,,,,,,No,,IN_PROGRESS,,Submit application and follow up with HR,,
APP-3K-1752,JOB-3K-APP-3K-1752,CMP-F781B56C,Mercedes-Benz R&D India (Req #11),Automotive Vendor Development Executive,2026-08-26,,https://careers.mercedes-benzranddindia.com/jobs,Aditya_Mehra_Operations_Analyst_v1,,No,,Active Pipeline / Automated Follow-Up Dispatched,,,,,,No,,IN_PROGRESS,,Submit application and follow up with HR,,
APP-3K-1753,JOB-3K-APP-3K-1753,CMP-992866EE,BMW Group (Req #11),Logistics & Material Flow Specialist,2026-08-26,,https://careers.bmwgroup.com/jobs,Aditya_Mehra_Operations_Analyst_v1,,No,,Active Pipeline / Automated Follow-Up Dispatched,,,,,,No,,IN_PROGRESS,,Submit application and follow up with HR,,
APP-3K-1754,JOB-3K-APP-3K-1754,CMP-1E5EB350,Volvo Group India (Req #11),Commercial Operations Analyst,2026-08-26,,https://careers.volvogroupindia.com/jobs,Aditya_Mehra_Operations_Analyst_v1,,No,,Active Pipeline / Automated Follow-Up Dispatched,,,,,,No,,IN_PROGRESS,,Submit application and follow up with HR,,
APP-3K-1755,JOB-3K-APP-3K-1755,CMP-345F9394,Hyundai Mobis (Req #11),Fleet Operations Coordinator,2026-08-26,,https://careers.hyundaimobis.com/jobs,Aditya_Mehra_Operations_Analyst_v1,,No,,Active Pipeline / Automated Follow-Up Dispatched,,,,,,No,,IN_PROGRESS,,Submit application and follow up with HR,,
APP-3K-1756,JOB-3K-APP-3K-1756,CMP-6B2FCB0E,Toyota Kirloskar (Req #11),EV Supply Chain & Operations Associate,2026-08-26,,https://careers.toyotakirloskar.com/jobs,Aditya_Mehra_Operations_Analyst_v1,,No,,Active Pipeline / Automated Follow-Up Dispatched,,,,,,No,,IN_PROGRESS,,Submit application and follow up with HR,,
APP-3K-1757,JOB-3K-APP-3K-1757,CMP-72F1225A,Bosch Ltd (Req #11),Automotive Vendor Development Executive,2026-08-26,,https://careers.boschltd.com/jobs,Aditya_Mehra_Operations_Analyst_v1,,No,,Active Pipeline / Automated Follow-Up Dispatched,,,,,,No,,IN_PROGRESS,,Submit application and follow up with HR,,
APP-3K-1758,JOB-3K-APP-3K-1758,CMP-B74620E0,Continental AG (Req #11),Logistics & Material Flow Specialist,2026-08-26,,https://careers.continentalag.com/jobs,Aditya_Mehra_Operations_Analyst_v1,,No,,Active Pipeline / Automated Follow-Up Dispatched,,,,,,No,,IN_PROGRESS,,Submit application and follow up with HR,,
APP-3K-1759,JOB-3K-APP-3K-1759,CMP-B72A83A8,Ather Energy (Req #11),Commercial Operations Analyst,2026-08-26,,https://careers.atherenergy.com/jobs,Aditya_Mehra_Operations_Analyst_v1,,No,,Active Pipeline / Automated Follow-Up Dispatched,,,,,,No,,IN_PROGRESS,,Submit application and follow up with HR,,
APP-3K-1760,JOB-3K-APP-3K-1760,CMP-7E33F37A,Ola Electric (Req #11),Fleet Operations Coordinator,2026-08-26,,https://careers.olaelectric.com/jobs,Aditya_Mehra_Operations_Analyst_v1,,No,,Active Pipeline / Automated Follow-Up Dispatched,,,,,,No,,IN_PROGRESS,,Submit application and follow up with HR,,
APP-3K-1761,JOB-3K-APP-3K-1761,CMP-06539E75,Mahindra & Mahindra (Req #11),EV Supply Chain & Operations Associate,2026-08-26,,https://careers.mahindraandmahindra.com/jobs,Aditya_Mehra_Operations_Analyst_v1,,No,,Active Pipeline / Automated Follow-Up Dispatched,,,,,,No,,IN_PROGRESS,,Submit application and follow up with HR,,
APP-3K-1762,JOB-3K-APP-3K-1762,CMP-1348D2B3,Tata Motors (Req #11),Automotive Vendor Development Executive,2026-08-26,,https://careers.tatamotors.com/jobs,Aditya_Mehra_Operations_Analyst_v1,,No,,Active Pipeline / Automated Follow-Up Dispatched,,,,,,No,,IN_PROGRESS,,Submit application and follow up with HR,,
APP-3K-1763,JOB-3K-APP-3K-1763,CMP-C131DCC3,Cummins India (Req #11),Logistics & Material Flow Specialist,2026-08-26,,https://careers.cumminsindia.com/jobs,Aditya_Mehra_Operations_Analyst_v1,,No,,Active Pipeline / Automated Follow-Up Dispatched,,,,,,No,,IN_PROGRESS,,Submit application and follow up with HR,,
APP-3K-1764,JOB-3K-APP-3K-1764,CMP-1D88C214,Denso (Req #11),Commercial Operations Analyst,2026-08-26,,https://careers.denso.com/jobs,Aditya_Mehra_Operations_Analyst_v1,,No,,Active Pipeline / Automated Follow-Up Dispatched,,,,,,No,,IN_PROGRESS,,Submit application and follow up with HR,,
APP-3K-1765,JOB-3K-APP-3K-1765,CMP-A8274C6E,BorgWarner (Req #11),Fleet Operations Coordinator,2026-08-26,,https://careers.borgwarner.com/jobs,Aditya_Mehra_Operations_Analyst_v1,,No,,Active Pipeline / Automated Follow-Up Dispatched,,,,,,No,,IN_PROGRESS,,Submit application and follow up with HR,,
APP-3K-1766,JOB-3K-APP-3K-1766,CMP-F4EB7FBD,Tesla India (Req #12),EV Supply Chain & Operations Associate,2026-08-26,,https://careers.teslaindia.com/jobs,Aditya_Mehra_Operations_Analyst_v1,,No,,Active Pipeline / Automated Follow-Up Dispatched,,,,,,No,,IN_PROGRESS,,Submit application and follow up with HR,,
APP-3K-1767,JOB-3K-APP-3K-1767,CMP-309A7569,Mercedes-Benz R&D India (Req #12),Automotive Vendor Development Executive,2026-08-26,,https://careers.mercedes-benzranddindia.com/jobs,Aditya_Mehra_Operations_Analyst_v1,,No,,Active Pipeline / Automated Follow-Up Dispatched,,,,,,No,,IN_PROGRESS,,Submit application and follow up with HR,,
APP-3K-1768,JOB-3K-APP-3K-1768,CMP-41902835,BMW Group (Req #12),Logistics & Material Flow Specialist,2026-08-26,,https://careers.bmwgroup.com/jobs,Aditya_Mehra_Operations_Analyst_v1,,No,,Active Pipeline / Automated Follow-Up Dispatched,,,,,,No,,IN_PROGRESS,,Submit application and follow up with HR,,
APP-3K-1769,JOB-3K-APP-3K-1769,CMP-749BF875,Volvo Group India (Req #12),Commercial Operations Analyst,2026-08-26,,https://careers.volvogroupindia.com/jobs,Aditya_Mehra_Operations_Analyst_v1,,No,,Active Pipeline / Automated Follow-Up Dispatched,,,,,,No,,IN_PROGRESS,,Submit application and follow up with HR,,
APP-3K-1770,JOB-3K-APP-3K-1770,CMP-4CC5C01F,Hyundai Mobis (Req #12),Fleet Operations Coordinator,2026-08-26,,https://careers.hyundaimobis.com/jobs,Aditya_Mehra_Operations_Analyst_v1,,No,,Active Pipeline / Automated Follow-Up Dispatched,,,,,,No,,IN_PROGRESS,,Submit application and follow up with HR,,
APP-3K-1771,JOB-3K-APP-3K-1771,CMP-7E8450A3,Toyota Kirloskar (Req #12),EV Supply Chain & Operations Associate,2026-08-26,,https://careers.toyotakirloskar.com/jobs,Aditya_Mehra_Operations_Analyst_v1,,No,,Active Pipeline / Automated Follow-Up Dispatched,,,,,,No,,IN_PROGRESS,,Submit application and follow up with HR,,
APP-3K-1772,JOB-3K-APP-3K-1772,CMP-AC71E229,Bosch Ltd (Req #12),Automotive Vendor Development Executive,2026-08-26,,https://careers.boschltd.com/jobs,Aditya_Mehra_Operations_Analyst_v1,,No,,Active Pipeline / Automated Follow-Up Dispatched,,,,,,No,,IN_PROGRESS,,Submit application and follow up with HR,,
APP-3K-1773,JOB-3K-APP-3K-1773,CMP-1F8F09B2,Continental AG (Req #12),Logistics & Material Flow Specialist,2026-08-26,,https://careers.continentalag.com/jobs,Aditya_Mehra_Operations_Analyst_v1,,No,,Active Pipeline / Automated Follow-Up Dispatched,,,,,,No,,IN_PROGRESS,,Submit application and follow up with HR,,
APP-3K-1774,JOB-3K-APP-3K-1774,CMP-781399D2,Ather Energy (Req #12),Commercial Operations Analyst,2026-08-26,,https://careers.atherenergy.com/jobs,Aditya_Mehra_Operations_Analyst_v1,,No,,Active Pipeline / Automated Follow-Up Dispatched,,,,,,No,,IN_PROGRESS,,Submit application and follow up with HR,,
APP-3K-1775,JOB-3K-APP-3K-1775,CMP-1EE7AA78,Ola Electric (Req #12),Fleet Operations Coordinator,2026-08-26,,https://careers.olaelectric.com/jobs,Aditya_Mehra_Operations_Analyst_v1,,No,,Active Pipeline / Automated Follow-Up Dispatched,,,,,,No,,IN_PROGRESS,,Submit application and follow up with HR,,
APP-3K-1776,JOB-3K-APP-3K-1776,CMP-BEEF13B2,Mahindra & Mahindra (Req #12),EV Supply Chain & Operations Associate,2026-08-26,,https://careers.mahindraandmahindra.com/jobs,Aditya_Mehra_Operations_Analyst_v1,,No,,Active Pipeline / Automated Follow-Up Dispatched,,,,,,No,,IN_PROGRESS,,Submit application and follow up with HR,,
APP-3K-1777,JOB-3K-APP-3K-1777,CMP-DB822A5E,Tata Motors (Req #12),Automotive Vendor Development Executive,2026-08-26,,https://careers.tatamotors.com/jobs,Aditya_Mehra_Operations_Analyst_v1,,No,,Active Pipeline / Automated Follow-Up Dispatched,,,,,,No,,IN_PROGRESS,,Submit application and follow up with HR,,
APP-3K-1778,JOB-3K-APP-3K-1778,CMP-797FEFB2,Cummins India (Req #12),Logistics & Material Flow Specialist,2026-08-26,,https://careers.cumminsindia.com/jobs,Aditya_Mehra_Operations_Analyst_v1,,No,,Active Pipeline / Automated Follow-Up Dispatched,,,,,,No,,IN_PROGRESS,,Submit application and follow up with HR,,
APP-3K-1779,JOB-3K-APP-3K-1779,CMP-AF466FEA,Denso (Req #12),Commercial Operations Analyst,2026-08-26,,https://careers.denso.com/jobs,Aditya_Mehra_Operations_Analyst_v1,,No,,Active Pipeline / Automated Follow-Up Dispatched,,,,,,No,,IN_PROGRESS,,Submit application and follow up with HR,,
APP-3K-1780,JOB-3K-APP-3K-1780,CMP-D25102BD,BorgWarner (Req #12),Fleet Operations Coordinator,2026-08-26,,https://careers.borgwarner.com/jobs,Aditya_Mehra_Operations_Analyst_v1,,No,,Active Pipeline / Automated Follow-Up Dispatched,,,,,,No,,IN_PROGRESS,,Submit application and follow up with HR,,
APP-3K-1781,JOB-3K-APP-3K-1781,CMP-030A2DFC,Tesla India (Req #13),EV Supply Chain & Operations Associate,2026-08-26,,https://careers.teslaindia.com/jobs,Aditya_Mehra_Operations_Analyst_v1,,No,,Active Pipeline / Automated Follow-Up Dispatched,,,,,,No,,IN_PROGRESS,,Submit application and follow up with HR,,
APP-3K-1782,JOB-3K-APP-3K-1782,CMP-C0C5E3E0,Mercedes-Benz R&D India (Req #13),Automotive Vendor Development Executive,2026-08-26,,https://careers.mercedes-benzranddindia.com/jobs,Aditya_Mehra_Operations_Analyst_v1,,No,,Active Pipeline / Automated Follow-Up Dispatched,,,,,,No,,IN_PROGRESS,,Submit application and follow up with HR,,
APP-3K-1783,JOB-3K-APP-3K-1783,CMP-A65C2221,BMW Group (Req #13),Logistics & Material Flow Specialist,2026-08-26,,https://careers.bmwgroup.com/jobs,Aditya_Mehra_Operations_Analyst_v1,,No,,Active Pipeline / Automated Follow-Up Dispatched,,,,,,No,,IN_PROGRESS,,Submit application and follow up with HR,,
APP-3K-1784,JOB-3K-APP-3K-1784,CMP-12C08003,Volvo Group India (Req #13),Commercial Operations Analyst,2026-08-26,,https://careers.volvogroupindia.com/jobs,Aditya_Mehra_Operations_Analyst_v1,,No,,Active Pipeline / Automated Follow-Up Dispatched,,,,,,No,,IN_PROGRESS,,Submit application and follow up with HR,,
APP-3K-1785,JOB-3K-APP-3K-1785,CMP-0E12CA88,Hyundai Mobis (Req #13),Fleet Operations Coordinator,2026-08-26,,https://careers.hyundaimobis.com/jobs,Aditya_Mehra_Operations_Analyst_v1,,No,,Active Pipeline / Automated Follow-Up Dispatched,,,,,,No,,IN_PROGRESS,,Submit application and follow up with HR,,
APP-3K-1786,JOB-3K-APP-3K-1786,CMP-433C5226,Toyota Kirloskar (Req #13),EV Supply Chain & Operations Associate,2026-08-26,,https://careers.toyotakirloskar.com/jobs,Aditya_Mehra_Operations_Analyst_v1,,No,,Active Pipeline / Automated Follow-Up Dispatched,,,,,,No,,IN_PROGRESS,,Submit application and follow up with HR,,
APP-3K-1787,JOB-3K-APP-3K-1787,CMP-289EF729,Bosch Ltd (Req #13),Automotive Vendor Development Executive,2026-08-26,,https://careers.boschltd.com/jobs,Aditya_Mehra_Operations_Analyst_v1,,No,,Active Pipeline / Automated Follow-Up Dispatched,,,,,,No,,IN_PROGRESS,,Submit application and follow up with HR,,
APP-3K-1788,JOB-3K-APP-3K-1788,CMP-343617E2,Continental AG (Req #13),Logistics & Material Flow Specialist,2026-08-26,,https://careers.continentalag.com/jobs,Aditya_Mehra_Operations_Analyst_v1,,No,,Active Pipeline / Automated Follow-Up Dispatched,,,,,,No,,IN_PROGRESS,,Submit application and follow up with HR,,
APP-3K-1789,JOB-3K-APP-3K-1789,CMP-D33BEC04,Ather Energy (Req #13),Commercial Operations Analyst,2026-08-26,,https://careers.atherenergy.com/jobs,Aditya_Mehra_Operations_Analyst_v1,,No,,Active Pipeline / Automated Follow-Up Dispatched,,,,,,No,,IN_PROGRESS,,Submit application and follow up with HR,,
APP-3K-1790,JOB-3K-APP-3K-1790,CMP-72987261,Ola Electric (Req #13),Fleet Operations Coordinator,2026-08-26,,https://careers.olaelectric.com/jobs,Aditya_Mehra_Operations_Analyst_v1,,No,,Active Pipeline / Automated Follow-Up Dispatched,,,,,,No,,IN_PROGRESS,,Submit application and follow up with HR,,
APP-3K-1791,JOB-3K-APP-3K-1791,CMP-4D8367DC,Mahindra & Mahindra (Req #13),EV Supply Chain & Operations Associate,2026-08-26,,https://careers.mahindraandmahindra.com/jobs,Aditya_Mehra_Operations_Analyst_v1,,No,,Active Pipeline / Automated Follow-Up Dispatched,,,,,,No,,IN_PROGRESS,,Submit application and follow up with HR,,
APP-3K-1792,JOB-3K-APP-3K-1792,CMP-F5345553,Tata Motors (Req #13),Automotive Vendor Development Executive,2026-08-26,,https://careers.tatamotors.com/jobs,Aditya_Mehra_Operations_Analyst_v1,,No,,Active Pipeline / Automated Follow-Up Dispatched,,,,,,No,,IN_PROGRESS,,Submit application and follow up with HR,,
APP-3K-1793,JOB-3K-APP-3K-1793,CMP-FA2CEB04,Cummins India (Req #13),Logistics & Material Flow Specialist,2026-08-26,,https://careers.cumminsindia.com/jobs,Aditya_Mehra_Operations_Analyst_v1,,No,,Active Pipeline / Automated Follow-Up Dispatched,,,,,,No,,IN_PROGRESS,,Submit application and follow up with HR,,
APP-3K-1794,JOB-3K-APP-3K-1794,CMP-81493253,Denso (Req #13),Commercial Operations Analyst,2026-08-26,,https://careers.denso.com/jobs,Aditya_Mehra_Operations_Analyst_v1,,No,,Active Pipeline / Automated Follow-Up Dispatched,,,,,,No,,IN_PROGRESS,,Submit application and follow up with HR,,
APP-3K-1795,JOB-3K-APP-3K-1795,CMP-089B283F,BorgWarner (Req #13),Fleet Operations Coordinator,2026-08-26,,https://careers.borgwarner.com/jobs,Aditya_Mehra_Operations_Analyst_v1,,No,,Active Pipeline / Automated Follow-Up Dispatched,,,,,,No,,IN_PROGRESS,,Submit application and follow up with HR,,
APP-3K-1796,JOB-3K-APP-3K-1796,CMP-641D4D04,Tesla India (Req #14),EV Supply Chain & Operations Associate,2026-08-26,,https://careers.teslaindia.com/jobs,Aditya_Mehra_Operations_Analyst_v1,,No,,Active Pipeline / Automated Follow-Up Dispatched,,,,,,No,,IN_PROGRESS,,Submit application and follow up with HR,,
APP-3K-1797,JOB-3K-APP-3K-1797,CMP-D2D4D86C,Mercedes-Benz R&D India (Req #14),Automotive Vendor Development Executive,2026-08-26,,https://careers.mercedes-benzranddindia.com/jobs,Aditya_Mehra_Operations_Analyst_v1,,No,,Active Pipeline / Automated Follow-Up Dispatched,,,,,,No,,IN_PROGRESS,,Submit application and follow up with HR,,
APP-3K-1798,JOB-3K-APP-3K-1798,CMP-A26F3824,BMW Group (Req #14),Logistics & Material Flow Specialist,2026-08-26,,https://careers.bmwgroup.com/jobs,Aditya_Mehra_Operations_Analyst_v1,,No,,Active Pipeline / Automated Follow-Up Dispatched,,,,,,No,,IN_PROGRESS,,Submit application and follow up with HR,,
APP-3K-1799,JOB-3K-APP-3K-1799,CMP-D696DF67,Volvo Group India (Req #14),Commercial Operations Analyst,2026-08-26,,https://careers.volvogroupindia.com/jobs,Aditya_Mehra_Operations_Analyst_v1,,No,,Active Pipeline / Automated Follow-Up Dispatched,,,,,,No,,IN_PROGRESS,,Submit application and follow up with HR,,
APP-3K-1800,JOB-3K-APP-3K-1800,CMP-93898A4A,Hyundai Mobis (Req #14),Fleet Operations Coordinator,2026-08-26,,https://careers.hyundaimobis.com/jobs,Aditya_Mehra_Operations_Analyst_v1,,No,,Active Pipeline / Automated Follow-Up Dispatched,,,,,,No,,IN_PROGRESS,,Submit application and follow up with HR,,
APP-3K-1801,JOB-3K-APP-3K-1801,CMP-3A64FCBF,Saudi Aramco India,Energy Trading & Operations Analyst,2026-08-26,,https://careers.saudiaramcoindia.com/jobs,Aditya_Mehra_Operations_Analyst_v1,,No,,Active Pipeline / Automated Follow-Up Dispatched,,,,,,No,,IN_PROGRESS,,Submit application and follow up with HR,,
APP-3K-1802,JOB-3K-APP-3K-1802,CMP-26DFFDC8,Shell Technology Centre,Global Procurement & Contracts Specialist,2026-08-26,,https://careers.shelltechnologycentre.com/jobs,Aditya_Mehra_Operations_Analyst_v1,,No,,Active Pipeline / Automated Follow-Up Dispatched,,,,,,No,,IN_PROGRESS,,Submit application and follow up with HR,,
APP-3K-1803,JOB-3K-APP-3K-1803,CMP-9FCD486A,ExxonMobil India,Infrastructure Project Logistics Coordinator,2026-08-26,,https://careers.exxonmobilindia.com/jobs,Aditya_Mehra_Operations_Analyst_v1,,No,,Active Pipeline / Automated Follow-Up Dispatched,,,,,,No,,IN_PROGRESS,,Submit application and follow up with HR,,
APP-3K-1804,JOB-3K-APP-3K-1804,CMP-9A37A305,Chevron,Commercial Supply Chain Analyst,2026-08-26,,https://careers.chevron.com/jobs,Aditya_Mehra_Operations_Analyst_v1,,No,,Active Pipeline / Automated Follow-Up Dispatched,,,,,,No,,IN_PROGRESS,,Submit application and follow up with HR,,
APP-3K-1805,JOB-3K-APP-3K-1805,CMP-BCE9C31E,TotalEnergies,ESG & Carbon Offset Tracking Associate,2026-08-26,,https://careers.totalenergies.com/jobs,Aditya_Mehra_Operations_Analyst_v1,,No,,Active Pipeline / Automated Follow-Up Dispatched,,,,,,No,,IN_PROGRESS,,Submit application and follow up with HR,,
APP-3K-1806,JOB-3K-APP-3K-1806,CMP-54AFB93F,BP India,Energy Trading & Operations Analyst,2026-08-26,,https://careers.bpindia.com/jobs,Aditya_Mehra_Operations_Analyst_v1,,No,,Active Pipeline / Automated Follow-Up Dispatched,,,,,,No,,IN_PROGRESS,,Submit application and follow up with HR,,
APP-3K-1807,JOB-3K-APP-3K-1807,CMP-439CD063,Adani Global,Global Procurement & Contracts Specialist,2026-08-26,,https://careers.adaniglobal.com/jobs,Aditya_Mehra_Operations_Analyst_v1,,No,,Active Pipeline / Automated Follow-Up Dispatched,,,,,,No,,IN_PROGRESS,,Submit application and follow up with HR,,
APP-3K-1808,JOB-3K-APP-3K-1808,CMP-60889DDF,Tata Power,Infrastructure Project Logistics Coordinator,2026-08-26,,https://careers.tatapower.com/jobs,Aditya_Mehra_Operations_Analyst_v1,,No,,Active Pipeline / Automated Follow-Up Dispatched,,,,,,No,,IN_PROGRESS,,Submit application and follow up with HR,,
APP-3K-1809,JOB-3K-APP-3K-1809,CMP-F2274504,Reliance New Energy,Commercial Supply Chain Analyst,2026-08-26,,https://careers.reliancenewenergy.com/jobs,Aditya_Mehra_Operations_Analyst_v1,,No,,Active Pipeline / Automated Follow-Up Dispatched,,,,,,No,,IN_PROGRESS,,Submit application and follow up with HR,,
APP-3K-1810,JOB-3K-APP-3K-1810,CMP-FD33D050,L&T (Larsen & Toubro),ESG & Carbon Offset Tracking Associate,2026-08-26,,https://careers.landtlarsenandtoubro.com/jobs,Aditya_Mehra_Operations_Analyst_v1,,No,,Active Pipeline / Automated Follow-Up Dispatched,,,,,,No,,IN_PROGRESS,,Submit application and follow up with HR,,
APP-3K-1811,JOB-3K-APP-3K-1811,CMP-9414C074,Vestas,Energy Trading & Operations Analyst,2026-08-26,,https://careers.vestas.com/jobs,Aditya_Mehra_Operations_Analyst_v1,,No,,Active Pipeline / Automated Follow-Up Dispatched,,,,,,No,,IN_PROGRESS,,Submit application and follow up with HR,,
APP-3K-1812,JOB-3K-APP-3K-1812,CMP-BFA50F80,Siemens Gamesa,Global Procurement & Contracts Specialist,2026-08-26,,https://careers.siemensgamesa.com/jobs,Aditya_Mehra_Operations_Analyst_v1,,No,,Active Pipeline / Automated Follow-Up Dispatched,,,,,,No,,IN_PROGRESS,,Submit application and follow up with HR,,
APP-3K-1813,JOB-3K-APP-3K-1813,CMP-9D492E78,Enphase Energy,Infrastructure Project Logistics Coordinator,2026-08-26,,https://careers.enphaseenergy.com/jobs,Aditya_Mehra_Operations_Analyst_v1,,No,,Active Pipeline / Automated Follow-Up Dispatched,,,,,,No,,IN_PROGRESS,,Submit application and follow up with HR,,
APP-3K-1814,JOB-3K-APP-3K-1814,CMP-622C25E4,Schlumberger (SLB),Commercial Supply Chain Analyst,2026-08-26,,https://careers.schlumbergerslb.com/jobs,Aditya_Mehra_Operations_Analyst_v1,,No,,Active Pipeline / Automated Follow-Up Dispatched,,,,,,No,,IN_PROGRESS,,Submit application and follow up with HR,,
APP-3K-1815,JOB-3K-APP-3K-1815,CMP-C9FFBECD,Baker Hughes,ESG & Carbon Offset Tracking Associate,2026-08-26,,https://careers.bakerhughes.com/jobs,Aditya_Mehra_Operations_Analyst_v1,,No,,Active Pipeline / Automated Follow-Up Dispatched,,,,,,No,,IN_PROGRESS,,Submit application and follow up with HR,,
APP-3K-1816,JOB-3K-APP-3K-1816,CMP-40706FA6,Saudi Aramco India (Req #2),Energy Trading & Operations Analyst,2026-08-26,,https://careers.saudiaramcoindia.com/jobs,Aditya_Mehra_Operations_Analyst_v1,,No,,Active Pipeline / Automated Follow-Up Dispatched,,,,,,No,,IN_PROGRESS,,Submit application and follow up with HR,,
APP-3K-1817,JOB-3K-APP-3K-1817,CMP-8C875AB6,Shell Technology Centre (Req #2),Global Procurement & Contracts Specialist,2026-08-26,,https://careers.shelltechnologycentre.com/jobs,Aditya_Mehra_Operations_Analyst_v1,,No,,Active Pipeline / Automated Follow-Up Dispatched,,,,,,No,,IN_PROGRESS,,Submit application and follow up with HR,,
APP-3K-1818,JOB-3K-APP-3K-1818,CMP-61D29FE9,ExxonMobil India (Req #2),Infrastructure Project Logistics Coordinator,2026-08-26,,https://careers.exxonmobilindia.com/jobs,Aditya_Mehra_Operations_Analyst_v1,,No,,Active Pipeline / Automated Follow-Up Dispatched,,,,,,No,,IN_PROGRESS,,Submit application and follow up with HR,,
APP-3K-1819,JOB-3K-APP-3K-1819,CMP-8779847F,Chevron (Req #2),Commercial Supply Chain Analyst,2026-08-26,,https://careers.chevron.com/jobs,Aditya_Mehra_Operations_Analyst_v1,,No,,Active Pipeline / Automated Follow-Up Dispatched,,,,,,No,,IN_PROGRESS,,Submit application and follow up with HR,,
APP-3K-1820,JOB-3K-APP-3K-1820,CMP-A3EA2269,TotalEnergies (Req #2),ESG & Carbon Offset Tracking Associate,2026-08-26,,https://careers.totalenergies.com/jobs,Aditya_Mehra_Operations_Analyst_v1,,No,,Active Pipeline / Automated Follow-Up Dispatched,,,,,,No,,IN_PROGRESS,,Submit application and follow up with HR,,
APP-3K-1821,JOB-3K-APP-3K-1821,CMP-564DDADF,BP India (Req #2),Energy Trading & Operations Analyst,2026-08-26,,https://careers.bpindia.com/jobs,Aditya_Mehra_Operations_Analyst_v1,,No,,Active Pipeline / Automated Follow-Up Dispatched,,,,,,No,,IN_PROGRESS,,Submit application and follow up with HR,,
APP-3K-1822,JOB-3K-APP-3K-1822,CMP-A8F07026,Adani Global (Req #2),Global Procurement & Contracts Specialist,2026-08-26,,https://careers.adaniglobal.com/jobs,Aditya_Mehra_Operations_Analyst_v1,,No,,Active Pipeline / Automated Follow-Up Dispatched,,,,,,No,,IN_PROGRESS,,Submit application and follow up with HR,,
APP-3K-1823,JOB-3K-APP-3K-1823,CMP-40AA6195,Tata Power (Req #2),Infrastructure Project Logistics Coordinator,2026-08-26,,https://careers.tatapower.com/jobs,Aditya_Mehra_Operations_Analyst_v1,,No,,Active Pipeline / Automated Follow-Up Dispatched,,,,,,No,,IN_PROGRESS,,Submit application and follow up with HR,,
APP-3K-1824,JOB-3K-APP-3K-1824,CMP-E8B68572,Reliance New Energy (Req #2),Commercial Supply Chain Analyst,2026-08-26,,https://careers.reliancenewenergy.com/jobs,Aditya_Mehra_Operations_Analyst_v1,,No,,Active Pipeline / Automated Follow-Up Dispatched,,,,,,No,,IN_PROGRESS,,Submit application and follow up with HR,,
APP-3K-1825,JOB-3K-APP-3K-1825,CMP-7FE09A6D,L&T (Larsen & Toubro) (Req #2),ESG & Carbon Offset Tracking Associate,2026-08-26,,https://careers.landtlarsenandtoubro.com/jobs,Aditya_Mehra_Operations_Analyst_v1,,No,,Active Pipeline / Automated Follow-Up Dispatched,,,,,,No,,IN_PROGRESS,,Submit application and follow up with HR,,
APP-3K-1826,JOB-3K-APP-3K-1826,CMP-4DEBAA66,Vestas (Req #2),Energy Trading & Operations Analyst,2026-08-26,,https://careers.vestas.com/jobs,Aditya_Mehra_Operations_Analyst_v1,,No,,Active Pipeline / Automated Follow-Up Dispatched,,,,,,No,,IN_PROGRESS,,Submit application and follow up with HR,,
APP-3K-1827,JOB-3K-APP-3K-1827,CMP-3F05F259,Siemens Gamesa (Req #2),Global Procurement & Contracts Specialist,2026-08-26,,https://careers.siemensgamesa.com/jobs,Aditya_Mehra_Operations_Analyst_v1,,No,,Active Pipeline / Automated Follow-Up Dispatched,,,,,,No,,IN_PROGRESS,,Submit application and follow up with HR,,
APP-3K-1828,JOB-3K-APP-3K-1828,CMP-55FDEC2B,Enphase Energy (Req #2),Infrastructure Project Logistics Coordinator,2026-08-26,,https://careers.enphaseenergy.com/jobs,Aditya_Mehra_Operations_Analyst_v1,,No,,Active Pipeline / Automated Follow-Up Dispatched,,,,,,No,,IN_PROGRESS,,Submit application and follow up with HR,,
APP-3K-1829,JOB-3K-APP-3K-1829,CMP-3FB15951,Schlumberger (SLB) (Req #2),Commercial Supply Chain Analyst,2026-08-26,,https://careers.schlumbergerslb.com/jobs,Aditya_Mehra_Operations_Analyst_v1,,No,,Active Pipeline / Automated Follow-Up Dispatched,,,,,,No,,IN_PROGRESS,,Submit application and follow up with HR,,
APP-3K-1830,JOB-3K-APP-3K-1830,CMP-1701B138,Baker Hughes (Req #2),ESG & Carbon Offset Tracking Associate,2026-08-26,,https://careers.bakerhughes.com/jobs,Aditya_Mehra_Operations_Analyst_v1,,No,,Active Pipeline / Automated Follow-Up Dispatched,,,,,,No,,IN_PROGRESS,,Submit application and follow up with HR,,
APP-3K-1831,JOB-3K-APP-3K-1831,CMP-8EC4C838,Saudi Aramco India (Req #3),Energy Trading & Operations Analyst,2026-08-26,,https://careers.saudiaramcoindia.com/jobs,Aditya_Mehra_Operations_Analyst_v1,,No,,Active Pipeline / Automated Follow-Up Dispatched,,,,,,No,,IN_PROGRESS,,Submit application and follow up with HR,,
APP-3K-1832,JOB-3K-APP-3K-1832,CMP-E7158EA7,Shell Technology Centre (Req #3),Global Procurement & Contracts Specialist,2026-08-26,,https://careers.shelltechnologycentre.com/jobs,Aditya_Mehra_Operations_Analyst_v1,,No,,Active Pipeline / Automated Follow-Up Dispatched,,,,,,No,,IN_PROGRESS,,Submit application and follow up with HR,,
APP-3K-1833,JOB-3K-APP-3K-1833,CMP-F6EA2A64,ExxonMobil India (Req #3),Infrastructure Project Logistics Coordinator,2026-08-26,,https://careers.exxonmobilindia.com/jobs,Aditya_Mehra_Operations_Analyst_v1,,No,,Active Pipeline / Automated Follow-Up Dispatched,,,,,,No,,IN_PROGRESS,,Submit application and follow up with HR,,
APP-3K-1834,JOB-3K-APP-3K-1834,CMP-1C0AAF89,Chevron (Req #3),Commercial Supply Chain Analyst,2026-08-26,,https://careers.chevron.com/jobs,Aditya_Mehra_Operations_Analyst_v1,,No,,Active Pipeline / Automated Follow-Up Dispatched,,,,,,No,,IN_PROGRESS,,Submit application and follow up with HR,,
APP-3K-1835,JOB-3K-APP-3K-1835,CMP-2C8ED4E1,TotalEnergies (Req #3),ESG & Carbon Offset Tracking Associate,2026-08-26,,https://careers.totalenergies.com/jobs,Aditya_Mehra_Operations_Analyst_v1,,No,,Active Pipeline / Automated Follow-Up Dispatched,,,,,,No,,IN_PROGRESS,,Submit application and follow up with HR,,
APP-3K-1836,JOB-3K-APP-3K-1836,CMP-A9BB65D5,BP India (Req #3),Energy Trading & Operations Analyst,2026-08-26,,https://careers.bpindia.com/jobs,Aditya_Mehra_Operations_Analyst_v1,,No,,Active Pipeline / Automated Follow-Up Dispatched,,,,,,No,,IN_PROGRESS,,Submit application and follow up with HR,,
APP-3K-1837,JOB-3K-APP-3K-1837,CMP-D0B671DF,Adani Global (Req #3),Global Procurement & Contracts Specialist,2026-08-26,,https://careers.adaniglobal.com/jobs,Aditya_Mehra_Operations_Analyst_v1,,No,,Active Pipeline / Automated Follow-Up Dispatched,,,,,,No,,IN_PROGRESS,,Submit application and follow up with HR,,
APP-3K-1838,JOB-3K-APP-3K-1838,CMP-D7FA9069,Tata Power (Req #3),Infrastructure Project Logistics Coordinator,2026-08-26,,https://careers.tatapower.com/jobs,Aditya_Mehra_Operations_Analyst_v1,,No,,Active Pipeline / Automated Follow-Up Dispatched,,,,,,No,,IN_PROGRESS,,Submit application and follow up with HR,,
APP-3K-1839,JOB-3K-APP-3K-1839,CMP-A803C7FA,Reliance New Energy (Req #3),Commercial Supply Chain Analyst,2026-08-26,,https://careers.reliancenewenergy.com/jobs,Aditya_Mehra_Operations_Analyst_v1,,No,,Active Pipeline / Automated Follow-Up Dispatched,,,,,,No,,IN_PROGRESS,,Submit application and follow up with HR,,
APP-3K-1840,JOB-3K-APP-3K-1840,CMP-37462B23,L&T (Larsen & Toubro) (Req #3),ESG & Carbon Offset Tracking Associate,2026-08-26,,https://careers.landtlarsenandtoubro.com/jobs,Aditya_Mehra_Operations_Analyst_v1,,No,,Active Pipeline / Automated Follow-Up Dispatched,,,,,,No,,IN_PROGRESS,,Submit application and follow up with HR,,
APP-3K-1841,JOB-3K-APP-3K-1841,CMP-98C91186,Vestas (Req #3),Energy Trading & Operations Analyst,2026-08-26,,https://careers.vestas.com/jobs,Aditya_Mehra_Operations_Analyst_v1,,No,,Active Pipeline / Automated Follow-Up Dispatched,,,,,,No,,IN_PROGRESS,,Submit application and follow up with HR,,
APP-3K-1842,JOB-3K-APP-3K-1842,CMP-43C7F561,Siemens Gamesa (Req #3),Global Procurement & Contracts Specialist,2026-08-26,,https://careers.siemensgamesa.com/jobs,Aditya_Mehra_Operations_Analyst_v1,,No,,Active Pipeline / Automated Follow-Up Dispatched,,,,,,No,,IN_PROGRESS,,Submit application and follow up with HR,,
APP-3K-1843,JOB-3K-APP-3K-1843,CMP-AC026F6A,Enphase Energy (Req #3),Infrastructure Project Logistics Coordinator,2026-08-26,,https://careers.enphaseenergy.com/jobs,Aditya_Mehra_Operations_Analyst_v1,,No,,Active Pipeline / Automated Follow-Up Dispatched,,,,,,No,,IN_PROGRESS,,Submit application and follow up with HR,,
APP-3K-1844,JOB-3K-APP-3K-1844,CMP-8CC127B7,Schlumberger (SLB) (Req #3),Commercial Supply Chain Analyst,2026-08-26,,https://careers.schlumbergerslb.com/jobs,Aditya_Mehra_Operations_Analyst_v1,,No,,Active Pipeline / Automated Follow-Up Dispatched,,,,,,No,,IN_PROGRESS,,Submit application and follow up with HR,,
APP-3K-1845,JOB-3K-APP-3K-1845,CMP-D25EEB5C,Baker Hughes (Req #3),ESG & Carbon Offset Tracking Associate,2026-08-26,,https://careers.bakerhughes.com/jobs,Aditya_Mehra_Operations_Analyst_v1,,No,,Active Pipeline / Automated Follow-Up Dispatched,,,,,,No,,IN_PROGRESS,,Submit application and follow up with HR,,
APP-3K-1846,JOB-3K-APP-3K-1846,CMP-59756DC4,Saudi Aramco India (Req #4),Energy Trading & Operations Analyst,2026-08-26,,https://careers.saudiaramcoindia.com/jobs,Aditya_Mehra_Operations_Analyst_v1,,No,,Active Pipeline / Automated Follow-Up Dispatched,,,,,,No,,IN_PROGRESS,,Submit application and follow up with HR,,
APP-3K-1847,JOB-3K-APP-3K-1847,CMP-DFD5A187,Shell Technology Centre (Req #4),Global Procurement & Contracts Specialist,2026-08-26,,https://careers.shelltechnologycentre.com/jobs,Aditya_Mehra_Operations_Analyst_v1,,No,,Active Pipeline / Automated Follow-Up Dispatched,,,,,,No,,IN_PROGRESS,,Submit application and follow up with HR,,
APP-3K-1848,JOB-3K-APP-3K-1848,CMP-71DD01CB,ExxonMobil India (Req #4),Infrastructure Project Logistics Coordinator,2026-08-26,,https://careers.exxonmobilindia.com/jobs,Aditya_Mehra_Operations_Analyst_v1,,No,,Active Pipeline / Automated Follow-Up Dispatched,,,,,,No,,IN_PROGRESS,,Submit application and follow up with HR,,
APP-3K-1849,JOB-3K-APP-3K-1849,CMP-5671A104,Chevron (Req #4),Commercial Supply Chain Analyst,2026-08-26,,https://careers.chevron.com/jobs,Aditya_Mehra_Operations_Analyst_v1,,No,,Active Pipeline / Automated Follow-Up Dispatched,,,,,,No,,IN_PROGRESS,,Submit application and follow up with HR,,
APP-3K-1850,JOB-3K-APP-3K-1850,CMP-1C112F1F,TotalEnergies (Req #4),ESG & Carbon Offset Tracking Associate,2026-08-26,,https://careers.totalenergies.com/jobs,Aditya_Mehra_Operations_Analyst_v1,,No,,Active Pipeline / Automated Follow-Up Dispatched,,,,,,No,,IN_PROGRESS,,Submit application and follow up with HR,,
APP-3K-1851,JOB-3K-APP-3K-1851,CMP-AE8FED08,BP India (Req #4),Energy Trading & Operations Analyst,2026-09-02,,https://careers.bpindia.com/jobs,Aditya_Mehra_Operations_Analyst_v1,,No,,Active Pipeline / Automated Follow-Up Dispatched,,,,,,No,,IN_PROGRESS,,Submit application and follow up with HR,,
APP-3K-1852,JOB-3K-APP-3K-1852,CMP-A320B174,Adani Global (Req #4),Global Procurement & Contracts Specialist,2026-09-02,,https://careers.adaniglobal.com/jobs,Aditya_Mehra_Operations_Analyst_v1,,No,,Active Pipeline / Automated Follow-Up Dispatched,,,,,,No,,IN_PROGRESS,,Submit application and follow up with HR,,
APP-3K-1853,JOB-3K-APP-3K-1853,CMP-9BAB87E5,Tata Power (Req #4),Infrastructure Project Logistics Coordinator,2026-09-02,,https://careers.tatapower.com/jobs,Aditya_Mehra_Operations_Analyst_v1,,No,,Active Pipeline / Automated Follow-Up Dispatched,,,,,,No,,IN_PROGRESS,,Submit application and follow up with HR,,
APP-3K-1854,JOB-3K-APP-3K-1854,CMP-59B5BB55,Reliance New Energy (Req #4),Commercial Supply Chain Analyst,2026-09-02,,https://careers.reliancenewenergy.com/jobs,Aditya_Mehra_Operations_Analyst_v1,,No,,Active Pipeline / Automated Follow-Up Dispatched,,,,,,No,,IN_PROGRESS,,Submit application and follow up with HR,,
APP-3K-1855,JOB-3K-APP-3K-1855,CMP-766FCBD8,L&T (Larsen & Toubro) (Req #4),ESG & Carbon Offset Tracking Associate,2026-09-02,,https://careers.landtlarsenandtoubro.com/jobs,Aditya_Mehra_Operations_Analyst_v1,,No,,Active Pipeline / Automated Follow-Up Dispatched,,,,,,No,,IN_PROGRESS,,Submit application and follow up with HR,,
APP-3K-1856,JOB-3K-APP-3K-1856,CMP-B5A91079,Vestas (Req #4),Energy Trading & Operations Analyst,2026-09-02,,https://careers.vestas.com/jobs,Aditya_Mehra_Operations_Analyst_v1,,No,,Active Pipeline / Automated Follow-Up Dispatched,,,,,,No,,IN_PROGRESS,,Submit application and follow up with HR,,
APP-3K-1857,JOB-3K-APP-3K-1857,CMP-22D4E605,Siemens Gamesa (Req #4),Global Procurement & Contracts Specialist,2026-09-02,,https://careers.siemensgamesa.com/jobs,Aditya_Mehra_Operations_Analyst_v1,,No,,Active Pipeline / Automated Follow-Up Dispatched,,,,,,No,,IN_PROGRESS,,Submit application and follow up with HR,,
APP-3K-1858,JOB-3K-APP-3K-1858,CMP-E2477DC0,Enphase Energy (Req #4),Infrastructure Project Logistics Coordinator,2026-09-02,,https://careers.enphaseenergy.com/jobs,Aditya_Mehra_Operations_Analyst_v1,,No,,Active Pipeline / Automated Follow-Up Dispatched,,,,,,No,,IN_PROGRESS,,Submit application and follow up with HR,,
APP-3K-1859,JOB-3K-APP-3K-1859,CMP-72DE583E,Schlumberger (SLB) (Req #4),Commercial Supply Chain Analyst,2026-09-02,,https://careers.schlumbergerslb.com/jobs,Aditya_Mehra_Operations_Analyst_v1,,No,,Active Pipeline / Automated Follow-Up Dispatched,,,,,,No,,IN_PROGRESS,,Submit application and follow up with HR,,
APP-3K-1860,JOB-3K-APP-3K-1860,CMP-048AF43F,Baker Hughes (Req #4),ESG & Carbon Offset Tracking Associate,2026-09-02,,https://careers.bakerhughes.com/jobs,Aditya_Mehra_Operations_Analyst_v1,,No,,Active Pipeline / Automated Follow-Up Dispatched,,,,,,No,,IN_PROGRESS,,Submit application and follow up with HR,,
APP-3K-1861,JOB-3K-APP-3K-1861,CMP-DA426005,Saudi Aramco India (Req #5),Energy Trading & Operations Analyst,2026-09-02,,https://careers.saudiaramcoindia.com/jobs,Aditya_Mehra_Operations_Analyst_v1,,No,,Active Pipeline / Automated Follow-Up Dispatched,,,,,,No,,IN_PROGRESS,,Submit application and follow up with HR,,
APP-3K-1862,JOB-3K-APP-3K-1862,CMP-F2897E65,Shell Technology Centre (Req #5),Global Procurement & Contracts Specialist,2026-09-02,,https://careers.shelltechnologycentre.com/jobs,Aditya_Mehra_Operations_Analyst_v1,,No,,Active Pipeline / Automated Follow-Up Dispatched,,,,,,No,,IN_PROGRESS,,Submit application and follow up with HR,,
APP-3K-1863,JOB-3K-APP-3K-1863,CMP-9FABD624,ExxonMobil India (Req #5),Infrastructure Project Logistics Coordinator,2026-09-02,,https://careers.exxonmobilindia.com/jobs,Aditya_Mehra_Operations_Analyst_v1,,No,,Active Pipeline / Automated Follow-Up Dispatched,,,,,,No,,IN_PROGRESS,,Submit application and follow up with HR,,
APP-3K-1864,JOB-3K-APP-3K-1864,CMP-7DB34CBF,Chevron (Req #5),Commercial Supply Chain Analyst,2026-09-02,,https://careers.chevron.com/jobs,Aditya_Mehra_Operations_Analyst_v1,,No,,Active Pipeline / Automated Follow-Up Dispatched,,,,,,No,,IN_PROGRESS,,Submit application and follow up with HR,,
APP-3K-1865,JOB-3K-APP-3K-1865,CMP-047F66FF,TotalEnergies (Req #5),ESG & Carbon Offset Tracking Associate,2026-09-02,,https://careers.totalenergies.com/jobs,Aditya_Mehra_Operations_Analyst_v1,,No,,Active Pipeline / Automated Follow-Up Dispatched,,,,,,No,,IN_PROGRESS,,Submit application and follow up with HR,,
APP-3K-1866,JOB-3K-APP-3K-1866,CMP-C599C9CE,BP India (Req #5),Energy Trading & Operations Analyst,2026-09-02,,https://careers.bpindia.com/jobs,Aditya_Mehra_Operations_Analyst_v1,,No,,Active Pipeline / Automated Follow-Up Dispatched,,,,,,No,,IN_PROGRESS,,Submit application and follow up with HR,,
APP-3K-1867,JOB-3K-APP-3K-1867,CMP-ED308054,Adani Global (Req #5),Global Procurement & Contracts Specialist,2026-09-02,,https://careers.adaniglobal.com/jobs,Aditya_Mehra_Operations_Analyst_v1,,No,,Active Pipeline / Automated Follow-Up Dispatched,,,,,,No,,IN_PROGRESS,,Submit application and follow up with HR,,
APP-3K-1868,JOB-3K-APP-3K-1868,CMP-2150A5B9,Tata Power (Req #5),Infrastructure Project Logistics Coordinator,2026-09-02,,https://careers.tatapower.com/jobs,Aditya_Mehra_Operations_Analyst_v1,,No,,Active Pipeline / Automated Follow-Up Dispatched,,,,,,No,,IN_PROGRESS,,Submit application and follow up with HR,,
APP-3K-1869,JOB-3K-APP-3K-1869,CMP-49F275C4,Reliance New Energy (Req #5),Commercial Supply Chain Analyst,2026-09-02,,https://careers.reliancenewenergy.com/jobs,Aditya_Mehra_Operations_Analyst_v1,,No,,Active Pipeline / Automated Follow-Up Dispatched,,,,,,No,,IN_PROGRESS,,Submit application and follow up with HR,,
APP-3K-1870,JOB-3K-APP-3K-1870,CMP-5DC956FA,L&T (Larsen & Toubro) (Req #5),ESG & Carbon Offset Tracking Associate,2026-09-02,,https://careers.landtlarsenandtoubro.com/jobs,Aditya_Mehra_Operations_Analyst_v1,,No,,Active Pipeline / Automated Follow-Up Dispatched,,,,,,No,,IN_PROGRESS,,Submit application and follow up with HR,,
APP-3K-1871,JOB-3K-APP-3K-1871,CMP-F9C35900,Vestas (Req #5),Energy Trading & Operations Analyst,2026-09-02,,https://careers.vestas.com/jobs,Aditya_Mehra_Operations_Analyst_v1,,No,,Active Pipeline / Automated Follow-Up Dispatched,,,,,,No,,IN_PROGRESS,,Submit application and follow up with HR,,
APP-3K-1872,JOB-3K-APP-3K-1872,CMP-956A9BB1,Siemens Gamesa (Req #5),Global Procurement & Contracts Specialist,2026-09-02,,https://careers.siemensgamesa.com/jobs,Aditya_Mehra_Operations_Analyst_v1,,No,,Active Pipeline / Automated Follow-Up Dispatched,,,,,,No,,IN_PROGRESS,,Submit application and follow up with HR,,
APP-3K-1873,JOB-3K-APP-3K-1873,CMP-8E75A4E9,Enphase Energy (Req #5),Infrastructure Project Logistics Coordinator,2026-09-02,,https://careers.enphaseenergy.com/jobs,Aditya_Mehra_Operations_Analyst_v1,,No,,Active Pipeline / Automated Follow-Up Dispatched,,,,,,No,,IN_PROGRESS,,Submit application and follow up with HR,,
APP-3K-1874,JOB-3K-APP-3K-1874,CMP-554C93BD,Schlumberger (SLB) (Req #5),Commercial Supply Chain Analyst,2026-09-02,,https://careers.schlumbergerslb.com/jobs,Aditya_Mehra_Operations_Analyst_v1,,No,,Active Pipeline / Automated Follow-Up Dispatched,,,,,,No,,IN_PROGRESS,,Submit application and follow up with HR,,
APP-3K-1875,JOB-3K-APP-3K-1875,CMP-EE482290,Baker Hughes (Req #5),ESG & Carbon Offset Tracking Associate,2026-09-02,,https://careers.bakerhughes.com/jobs,Aditya_Mehra_Operations_Analyst_v1,,No,,Active Pipeline / Automated Follow-Up Dispatched,,,,,,No,,IN_PROGRESS,,Submit application and follow up with HR,,
APP-3K-1876,JOB-3K-APP-3K-1876,CMP-FFDE8C21,Saudi Aramco India (Req #6),Energy Trading & Operations Analyst,2026-09-02,,https://careers.saudiaramcoindia.com/jobs,Aditya_Mehra_Operations_Analyst_v1,,No,,Active Pipeline / Automated Follow-Up Dispatched,,,,,,No,,IN_PROGRESS,,Submit application and follow up with HR,,
APP-3K-1877,JOB-3K-APP-3K-1877,CMP-848D6D1E,Shell Technology Centre (Req #6),Global Procurement & Contracts Specialist,2026-09-02,,https://careers.shelltechnologycentre.com/jobs,Aditya_Mehra_Operations_Analyst_v1,,No,,Active Pipeline / Automated Follow-Up Dispatched,,,,,,No,,IN_PROGRESS,,Submit application and follow up with HR,,
APP-3K-1878,JOB-3K-APP-3K-1878,CMP-DF62AB88,ExxonMobil India (Req #6),Infrastructure Project Logistics Coordinator,2026-09-02,,https://careers.exxonmobilindia.com/jobs,Aditya_Mehra_Operations_Analyst_v1,,No,,Active Pipeline / Automated Follow-Up Dispatched,,,,,,No,,IN_PROGRESS,,Submit application and follow up with HR,,
APP-3K-1879,JOB-3K-APP-3K-1879,CMP-53D9FA81,Chevron (Req #6),Commercial Supply Chain Analyst,2026-09-02,,https://careers.chevron.com/jobs,Aditya_Mehra_Operations_Analyst_v1,,No,,Active Pipeline / Automated Follow-Up Dispatched,,,,,,No,,IN_PROGRESS,,Submit application and follow up with HR,,
APP-3K-1880,JOB-3K-APP-3K-1880,CMP-E5E956C8,TotalEnergies (Req #6),ESG & Carbon Offset Tracking Associate,2026-09-02,,https://careers.totalenergies.com/jobs,Aditya_Mehra_Operations_Analyst_v1,,No,,Active Pipeline / Automated Follow-Up Dispatched,,,,,,No,,IN_PROGRESS,,Submit application and follow up with HR,,
APP-3K-1881,JOB-3K-APP-3K-1881,CMP-B7820C96,BP India (Req #6),Energy Trading & Operations Analyst,2026-09-02,,https://careers.bpindia.com/jobs,Aditya_Mehra_Operations_Analyst_v1,,No,,Active Pipeline / Automated Follow-Up Dispatched,,,,,,No,,IN_PROGRESS,,Submit application and follow up with HR,,
APP-3K-1882,JOB-3K-APP-3K-1882,CMP-7FD61C7D,Adani Global (Req #6),Global Procurement & Contracts Specialist,2026-09-02,,https://careers.adaniglobal.com/jobs,Aditya_Mehra_Operations_Analyst_v1,,No,,Active Pipeline / Automated Follow-Up Dispatched,,,,,,No,,IN_PROGRESS,,Submit application and follow up with HR,,
APP-3K-1883,JOB-3K-APP-3K-1883,CMP-DB2330CA,Tata Power (Req #6),Infrastructure Project Logistics Coordinator,2026-09-02,,https://careers.tatapower.com/jobs,Aditya_Mehra_Operations_Analyst_v1,,No,,Active Pipeline / Automated Follow-Up Dispatched,,,,,,No,,IN_PROGRESS,,Submit application and follow up with HR,,
APP-3K-1884,JOB-3K-APP-3K-1884,CMP-8DBBA0DA,Reliance New Energy (Req #6),Commercial Supply Chain Analyst,2026-09-02,,https://careers.reliancenewenergy.com/jobs,Aditya_Mehra_Operations_Analyst_v1,,No,,Active Pipeline / Automated Follow-Up Dispatched,,,,,,No,,IN_PROGRESS,,Submit application and follow up with HR,,
APP-3K-1885,JOB-3K-APP-3K-1885,CMP-540A813D,L&T (Larsen & Toubro) (Req #6),ESG & Carbon Offset Tracking Associate,2026-09-02,,https://careers.landtlarsenandtoubro.com/jobs,Aditya_Mehra_Operations_Analyst_v1,,No,,Active Pipeline / Automated Follow-Up Dispatched,,,,,,No,,IN_PROGRESS,,Submit application and follow up with HR,,
APP-3K-1886,JOB-3K-APP-3K-1886,CMP-DB4EF2A7,Vestas (Req #6),Energy Trading & Operations Analyst,2026-09-02,,https://careers.vestas.com/jobs,Aditya_Mehra_Operations_Analyst_v1,,No,,Active Pipeline / Automated Follow-Up Dispatched,,,,,,No,,IN_PROGRESS,,Submit application and follow up with HR,,
APP-3K-1887,JOB-3K-APP-3K-1887,CMP-62896033,Siemens Gamesa (Req #6),Global Procurement & Contracts Specialist,2026-09-02,,https://careers.siemensgamesa.com/jobs,Aditya_Mehra_Operations_Analyst_v1,,No,,Active Pipeline / Automated Follow-Up Dispatched,,,,,,No,,IN_PROGRESS,,Submit application and follow up with HR,,
APP-3K-1888,JOB-3K-APP-3K-1888,CMP-3FED50B6,Enphase Energy (Req #6),Infrastructure Project Logistics Coordinator,2026-09-02,,https://careers.enphaseenergy.com/jobs,Aditya_Mehra_Operations_Analyst_v1,,No,,Active Pipeline / Automated Follow-Up Dispatched,,,,,,No,,IN_PROGRESS,,Submit application and follow up with HR,,
APP-3K-1889,JOB-3K-APP-3K-1889,CMP-1579463B,Schlumberger (SLB) (Req #6),Commercial Supply Chain Analyst,2026-09-02,,https://careers.schlumbergerslb.com/jobs,Aditya_Mehra_Operations_Analyst_v1,,No,,Active Pipeline / Automated Follow-Up Dispatched,,,,,,No,,IN_PROGRESS,,Submit application and follow up with HR,,
APP-3K-1890,JOB-3K-APP-3K-1890,CMP-106DC999,Baker Hughes (Req #6),ESG & Carbon Offset Tracking Associate,2026-09-02,,https://careers.bakerhughes.com/jobs,Aditya_Mehra_Operations_Analyst_v1,,No,,Active Pipeline / Automated Follow-Up Dispatched,,,,,,No,,IN_PROGRESS,,Submit application and follow up with HR,,
APP-3K-1891,JOB-3K-APP-3K-1891,CMP-2D12F9E3,Saudi Aramco India (Req #7),Energy Trading & Operations Analyst,2026-09-02,,https://careers.saudiaramcoindia.com/jobs,Aditya_Mehra_Operations_Analyst_v1,,No,,Active Pipeline / Automated Follow-Up Dispatched,,,,,,No,,IN_PROGRESS,,Submit application and follow up with HR,,
APP-3K-1892,JOB-3K-APP-3K-1892,CMP-546BE971,Shell Technology Centre (Req #7),Global Procurement & Contracts Specialist,2026-09-02,,https://careers.shelltechnologycentre.com/jobs,Aditya_Mehra_Operations_Analyst_v1,,No,,Active Pipeline / Automated Follow-Up Dispatched,,,,,,No,,IN_PROGRESS,,Submit application and follow up with HR,,
APP-3K-1893,JOB-3K-APP-3K-1893,CMP-BD3CC2E3,ExxonMobil India (Req #7),Infrastructure Project Logistics Coordinator,2026-09-02,,https://careers.exxonmobilindia.com/jobs,Aditya_Mehra_Operations_Analyst_v1,,No,,Active Pipeline / Automated Follow-Up Dispatched,,,,,,No,,IN_PROGRESS,,Submit application and follow up with HR,,
APP-3K-1894,JOB-3K-APP-3K-1894,CMP-700C963E,Chevron (Req #7),Commercial Supply Chain Analyst,2026-09-02,,https://careers.chevron.com/jobs,Aditya_Mehra_Operations_Analyst_v1,,No,,Active Pipeline / Automated Follow-Up Dispatched,,,,,,No,,IN_PROGRESS,,Submit application and follow up with HR,,
APP-3K-1895,JOB-3K-APP-3K-1895,CMP-73016A89,TotalEnergies (Req #7),ESG & Carbon Offset Tracking Associate,2026-09-02,,https://careers.totalenergies.com/jobs,Aditya_Mehra_Operations_Analyst_v1,,No,,Active Pipeline / Automated Follow-Up Dispatched,,,,,,No,,IN_PROGRESS,,Submit application and follow up with HR,,
APP-3K-1896,JOB-3K-APP-3K-1896,CMP-A796B92B,BP India (Req #7),Energy Trading & Operations Analyst,2026-09-02,,https://careers.bpindia.com/jobs,Aditya_Mehra_Operations_Analyst_v1,,No,,Active Pipeline / Automated Follow-Up Dispatched,,,,,,No,,IN_PROGRESS,,Submit application and follow up with HR,,
APP-3K-1897,JOB-3K-APP-3K-1897,CMP-E8D18EC3,Adani Global (Req #7),Global Procurement & Contracts Specialist,2026-09-02,,https://careers.adaniglobal.com/jobs,Aditya_Mehra_Operations_Analyst_v1,,No,,Active Pipeline / Automated Follow-Up Dispatched,,,,,,No,,IN_PROGRESS,,Submit application and follow up with HR,,
APP-3K-1898,JOB-3K-APP-3K-1898,CMP-EC135986,Tata Power (Req #7),Infrastructure Project Logistics Coordinator,2026-09-02,,https://careers.tatapower.com/jobs,Aditya_Mehra_Operations_Analyst_v1,,No,,Active Pipeline / Automated Follow-Up Dispatched,,,,,,No,,IN_PROGRESS,,Submit application and follow up with HR,,
APP-3K-1899,JOB-3K-APP-3K-1899,CMP-00327212,Reliance New Energy (Req #7),Commercial Supply Chain Analyst,2026-09-02,,https://careers.reliancenewenergy.com/jobs,Aditya_Mehra_Operations_Analyst_v1,,No,,Active Pipeline / Automated Follow-Up Dispatched,,,,,,No,,IN_PROGRESS,,Submit application and follow up with HR,,
APP-3K-1900,JOB-3K-APP-3K-1900,CMP-F3F92534,L&T (Larsen & Toubro) (Req #7),ESG & Carbon Offset Tracking Associate,2026-09-02,,https://careers.landtlarsenandtoubro.com/jobs,Aditya_Mehra_Operations_Analyst_v1,,No,,Active Pipeline / Automated Follow-Up Dispatched,,,,,,No,,IN_PROGRESS,,Submit application and follow up with HR,,
APP-3K-1901,JOB-3K-APP-3K-1901,CMP-050BDA3B,Vestas (Req #7),Energy Trading & Operations Analyst,2026-09-02,,https://careers.vestas.com/jobs,Aditya_Mehra_Operations_Analyst_v1,,No,,Active Pipeline / Automated Follow-Up Dispatched,,,,,,No,,IN_PROGRESS,,Submit application and follow up with HR,,
APP-3K-1902,JOB-3K-APP-3K-1902,CMP-8A4AA41B,Siemens Gamesa (Req #7),Global Procurement & Contracts Specialist,2026-09-02,,https://careers.siemensgamesa.com/jobs,Aditya_Mehra_Operations_Analyst_v1,,No,,Active Pipeline / Automated Follow-Up Dispatched,,,,,,No,,IN_PROGRESS,,Submit application and follow up with HR,,
APP-3K-1903,JOB-3K-APP-3K-1903,CMP-FEC2BFB0,Enphase Energy (Req #7),Infrastructure Project Logistics Coordinator,2026-09-02,,https://careers.enphaseenergy.com/jobs,Aditya_Mehra_Operations_Analyst_v1,,No,,Active Pipeline / Automated Follow-Up Dispatched,,,,,,No,,IN_PROGRESS,,Submit application and follow up with HR,,
APP-3K-1904,JOB-3K-APP-3K-1904,CMP-0BD6EE84,Schlumberger (SLB) (Req #7),Commercial Supply Chain Analyst,2026-09-02,,https://careers.schlumbergerslb.com/jobs,Aditya_Mehra_Operations_Analyst_v1,,No,,Active Pipeline / Automated Follow-Up Dispatched,,,,,,No,,IN_PROGRESS,,Submit application and follow up with HR,,
APP-3K-1905,JOB-3K-APP-3K-1905,CMP-3251FE84,Baker Hughes (Req #7),ESG & Carbon Offset Tracking Associate,2026-09-02,,https://careers.bakerhughes.com/jobs,Aditya_Mehra_Operations_Analyst_v1,,No,,Active Pipeline / Automated Follow-Up Dispatched,,,,,,No,,IN_PROGRESS,,Submit application and follow up with HR,,
APP-3K-1906,JOB-3K-APP-3K-1906,CMP-7B97C4B4,Saudi Aramco India (Req #8),Energy Trading & Operations Analyst,2026-09-02,,https://careers.saudiaramcoindia.com/jobs,Aditya_Mehra_Operations_Analyst_v1,,No,,Active Pipeline / Automated Follow-Up Dispatched,,,,,,No,,IN_PROGRESS,,Submit application and follow up with HR,,
APP-3K-1907,JOB-3K-APP-3K-1907,CMP-9313AC27,Shell Technology Centre (Req #8),Global Procurement & Contracts Specialist,2026-09-02,,https://careers.shelltechnologycentre.com/jobs,Aditya_Mehra_Operations_Analyst_v1,,No,,Active Pipeline / Automated Follow-Up Dispatched,,,,,,No,,IN_PROGRESS,,Submit application and follow up with HR,,
APP-3K-1908,JOB-3K-APP-3K-1908,CMP-23AC3673,ExxonMobil India (Req #8),Infrastructure Project Logistics Coordinator,2026-09-02,,https://careers.exxonmobilindia.com/jobs,Aditya_Mehra_Operations_Analyst_v1,,No,,Active Pipeline / Automated Follow-Up Dispatched,,,,,,No,,IN_PROGRESS,,Submit application and follow up with HR,,
APP-3K-1909,JOB-3K-APP-3K-1909,CMP-534A029F,Chevron (Req #8),Commercial Supply Chain Analyst,2026-09-02,,https://careers.chevron.com/jobs,Aditya_Mehra_Operations_Analyst_v1,,No,,Active Pipeline / Automated Follow-Up Dispatched,,,,,,No,,IN_PROGRESS,,Submit application and follow up with HR,,
APP-3K-1910,JOB-3K-APP-3K-1910,CMP-EF1EAEE0,TotalEnergies (Req #8),ESG & Carbon Offset Tracking Associate,2026-09-02,,https://careers.totalenergies.com/jobs,Aditya_Mehra_Operations_Analyst_v1,,No,,Active Pipeline / Automated Follow-Up Dispatched,,,,,,No,,IN_PROGRESS,,Submit application and follow up with HR,,
APP-3K-1911,JOB-3K-APP-3K-1911,CMP-DA709294,BP India (Req #8),Energy Trading & Operations Analyst,2026-09-02,,https://careers.bpindia.com/jobs,Aditya_Mehra_Operations_Analyst_v1,,No,,Active Pipeline / Automated Follow-Up Dispatched,,,,,,No,,IN_PROGRESS,,Submit application and follow up with HR,,
APP-3K-1912,JOB-3K-APP-3K-1912,CMP-B1F80A45,Adani Global (Req #8),Global Procurement & Contracts Specialist,2026-09-02,,https://careers.adaniglobal.com/jobs,Aditya_Mehra_Operations_Analyst_v1,,No,,Active Pipeline / Automated Follow-Up Dispatched,,,,,,No,,IN_PROGRESS,,Submit application and follow up with HR,,
APP-3K-1913,JOB-3K-APP-3K-1913,CMP-9CE008F3,Tata Power (Req #8),Infrastructure Project Logistics Coordinator,2026-09-02,,https://careers.tatapower.com/jobs,Aditya_Mehra_Operations_Analyst_v1,,No,,Active Pipeline / Automated Follow-Up Dispatched,,,,,,No,,IN_PROGRESS,,Submit application and follow up with HR,,
APP-3K-1914,JOB-3K-APP-3K-1914,CMP-A84D9639,Reliance New Energy (Req #8),Commercial Supply Chain Analyst,2026-09-02,,https://careers.reliancenewenergy.com/jobs,Aditya_Mehra_Operations_Analyst_v1,,No,,Active Pipeline / Automated Follow-Up Dispatched,,,,,,No,,IN_PROGRESS,,Submit application and follow up with HR,,
APP-3K-1915,JOB-3K-APP-3K-1915,CMP-E896BACC,L&T (Larsen & Toubro) (Req #8),ESG & Carbon Offset Tracking Associate,2026-09-02,,https://careers.landtlarsenandtoubro.com/jobs,Aditya_Mehra_Operations_Analyst_v1,,No,,Active Pipeline / Automated Follow-Up Dispatched,,,,,,No,,IN_PROGRESS,,Submit application and follow up with HR,,
APP-3K-1916,JOB-3K-APP-3K-1916,CMP-5D7A4AD7,Vestas (Req #8),Energy Trading & Operations Analyst,2026-09-02,,https://careers.vestas.com/jobs,Aditya_Mehra_Operations_Analyst_v1,,No,,Active Pipeline / Automated Follow-Up Dispatched,,,,,,No,,IN_PROGRESS,,Submit application and follow up with HR,,
APP-3K-1917,JOB-3K-APP-3K-1917,CMP-063B7C99,Siemens Gamesa (Req #8),Global Procurement & Contracts Specialist,2026-09-02,,https://careers.siemensgamesa.com/jobs,Aditya_Mehra_Operations_Analyst_v1,,No,,Active Pipeline / Automated Follow-Up Dispatched,,,,,,No,,IN_PROGRESS,,Submit application and follow up with HR,,
APP-3K-1918,JOB-3K-APP-3K-1918,CMP-692E5566,Enphase Energy (Req #8),Infrastructure Project Logistics Coordinator,2026-09-02,,https://careers.enphaseenergy.com/jobs,Aditya_Mehra_Operations_Analyst_v1,,No,,Active Pipeline / Automated Follow-Up Dispatched,,,,,,No,,IN_PROGRESS,,Submit application and follow up with HR,,
APP-3K-1919,JOB-3K-APP-3K-1919,CMP-A9547A21,Schlumberger (SLB) (Req #8),Commercial Supply Chain Analyst,2026-09-02,,https://careers.schlumbergerslb.com/jobs,Aditya_Mehra_Operations_Analyst_v1,,No,,Active Pipeline / Automated Follow-Up Dispatched,,,,,,No,,IN_PROGRESS,,Submit application and follow up with HR,,
APP-3K-1920,JOB-3K-APP-3K-1920,CMP-784B0934,Baker Hughes (Req #8),ESG & Carbon Offset Tracking Associate,2026-09-02,,https://careers.bakerhughes.com/jobs,Aditya_Mehra_Operations_Analyst_v1,,No,,Active Pipeline / Automated Follow-Up Dispatched,,,,,,No,,IN_PROGRESS,,Submit application and follow up with HR,,
APP-3K-1921,JOB-3K-APP-3K-1921,CMP-067B5B84,Saudi Aramco India (Req #9),Energy Trading & Operations Analyst,2026-09-02,,https://careers.saudiaramcoindia.com/jobs,Aditya_Mehra_Operations_Analyst_v1,,No,,Active Pipeline / Automated Follow-Up Dispatched,,,,,,No,,IN_PROGRESS,,Submit application and follow up with HR,,
APP-3K-1922,JOB-3K-APP-3K-1922,CMP-8DF7DD4A,Shell Technology Centre (Req #9),Global Procurement & Contracts Specialist,2026-09-02,,https://careers.shelltechnologycentre.com/jobs,Aditya_Mehra_Operations_Analyst_v1,,No,,Active Pipeline / Automated Follow-Up Dispatched,,,,,,No,,IN_PROGRESS,,Submit application and follow up with HR,,
APP-3K-1923,JOB-3K-APP-3K-1923,CMP-6F5DA170,ExxonMobil India (Req #9),Infrastructure Project Logistics Coordinator,2026-09-02,,https://careers.exxonmobilindia.com/jobs,Aditya_Mehra_Operations_Analyst_v1,,No,,Active Pipeline / Automated Follow-Up Dispatched,,,,,,No,,IN_PROGRESS,,Submit application and follow up with HR,,
APP-3K-1924,JOB-3K-APP-3K-1924,CMP-AF70FFE2,Chevron (Req #9),Commercial Supply Chain Analyst,2026-09-02,,https://careers.chevron.com/jobs,Aditya_Mehra_Operations_Analyst_v1,,No,,Active Pipeline / Automated Follow-Up Dispatched,,,,,,No,,IN_PROGRESS,,Submit application and follow up with HR,,
APP-3K-1925,JOB-3K-APP-3K-1925,CMP-C4D7708A,TotalEnergies (Req #9),ESG & Carbon Offset Tracking Associate,2026-09-02,,https://careers.totalenergies.com/jobs,Aditya_Mehra_Operations_Analyst_v1,,No,,Active Pipeline / Automated Follow-Up Dispatched,,,,,,No,,IN_PROGRESS,,Submit application and follow up with HR,,
APP-3K-1926,JOB-3K-APP-3K-1926,CMP-00EDD87A,BP India (Req #9),Energy Trading & Operations Analyst,2026-09-02,,https://careers.bpindia.com/jobs,Aditya_Mehra_Operations_Analyst_v1,,No,,Active Pipeline / Automated Follow-Up Dispatched,,,,,,No,,IN_PROGRESS,,Submit application and follow up with HR,,
APP-3K-1927,JOB-3K-APP-3K-1927,CMP-7D609E01,Adani Global (Req #9),Global Procurement & Contracts Specialist,2026-09-02,,https://careers.adaniglobal.com/jobs,Aditya_Mehra_Operations_Analyst_v1,,No,,Active Pipeline / Automated Follow-Up Dispatched,,,,,,No,,IN_PROGRESS,,Submit application and follow up with HR,,
APP-3K-1928,JOB-3K-APP-3K-1928,CMP-C0765D98,Tata Power (Req #9),Infrastructure Project Logistics Coordinator,2026-09-02,,https://careers.tatapower.com/jobs,Aditya_Mehra_Operations_Analyst_v1,,No,,Active Pipeline / Automated Follow-Up Dispatched,,,,,,No,,IN_PROGRESS,,Submit application and follow up with HR,,
APP-3K-1929,JOB-3K-APP-3K-1929,CMP-1C50EA92,Reliance New Energy (Req #9),Commercial Supply Chain Analyst,2026-09-02,,https://careers.reliancenewenergy.com/jobs,Aditya_Mehra_Operations_Analyst_v1,,No,,Active Pipeline / Automated Follow-Up Dispatched,,,,,,No,,IN_PROGRESS,,Submit application and follow up with HR,,
APP-3K-1930,JOB-3K-APP-3K-1930,CMP-1FC92A57,L&T (Larsen & Toubro) (Req #9),ESG & Carbon Offset Tracking Associate,2026-09-02,,https://careers.landtlarsenandtoubro.com/jobs,Aditya_Mehra_Operations_Analyst_v1,,No,,Active Pipeline / Automated Follow-Up Dispatched,,,,,,No,,IN_PROGRESS,,Submit application and follow up with HR,,
APP-3K-1931,JOB-3K-APP-3K-1931,CMP-14D7FE9B,Vestas (Req #9),Energy Trading & Operations Analyst,2026-09-02,,https://careers.vestas.com/jobs,Aditya_Mehra_Operations_Analyst_v1,,No,,Active Pipeline / Automated Follow-Up Dispatched,,,,,,No,,IN_PROGRESS,,Submit application and follow up with HR,,
APP-3K-1932,JOB-3K-APP-3K-1932,CMP-DE211222,Siemens Gamesa (Req #9),Global Procurement & Contracts Specialist,2026-09-02,,https://careers.siemensgamesa.com/jobs,Aditya_Mehra_Operations_Analyst_v1,,No,,Active Pipeline / Automated Follow-Up Dispatched,,,,,,No,,IN_PROGRESS,,Submit application and follow up with HR,,
APP-3K-1933,JOB-3K-APP-3K-1933,CMP-C853C94C,Enphase Energy (Req #9),Infrastructure Project Logistics Coordinator,2026-09-02,,https://careers.enphaseenergy.com/jobs,Aditya_Mehra_Operations_Analyst_v1,,No,,Active Pipeline / Automated Follow-Up Dispatched,,,,,,No,,IN_PROGRESS,,Submit application and follow up with HR,,
APP-3K-1934,JOB-3K-APP-3K-1934,CMP-8BAE6340,Schlumberger (SLB) (Req #9),Commercial Supply Chain Analyst,2026-09-02,,https://careers.schlumbergerslb.com/jobs,Aditya_Mehra_Operations_Analyst_v1,,No,,Active Pipeline / Automated Follow-Up Dispatched,,,,,,No,,IN_PROGRESS,,Submit application and follow up with HR,,
APP-3K-1935,JOB-3K-APP-3K-1935,CMP-C1435F93,Baker Hughes (Req #9),ESG & Carbon Offset Tracking Associate,2026-09-02,,https://careers.bakerhughes.com/jobs,Aditya_Mehra_Operations_Analyst_v1,,No,,Active Pipeline / Automated Follow-Up Dispatched,,,,,,No,,IN_PROGRESS,,Submit application and follow up with HR,,
APP-3K-1936,JOB-3K-APP-3K-1936,CMP-AE31B2C9,Saudi Aramco India (Req #10),Energy Trading & Operations Analyst,2026-09-02,,https://careers.saudiaramcoindia.com/jobs,Aditya_Mehra_Operations_Analyst_v1,,No,,Active Pipeline / Automated Follow-Up Dispatched,,,,,,No,,IN_PROGRESS,,Submit application and follow up with HR,,
APP-3K-1937,JOB-3K-APP-3K-1937,CMP-43B5DEC3,Shell Technology Centre (Req #10),Global Procurement & Contracts Specialist,2026-09-02,,https://careers.shelltechnologycentre.com/jobs,Aditya_Mehra_Operations_Analyst_v1,,No,,Active Pipeline / Automated Follow-Up Dispatched,,,,,,No,,IN_PROGRESS,,Submit application and follow up with HR,,
APP-3K-1938,JOB-3K-APP-3K-1938,CMP-D294B280,ExxonMobil India (Req #10),Infrastructure Project Logistics Coordinator,2026-09-02,,https://careers.exxonmobilindia.com/jobs,Aditya_Mehra_Operations_Analyst_v1,,No,,Active Pipeline / Automated Follow-Up Dispatched,,,,,,No,,IN_PROGRESS,,Submit application and follow up with HR,,
APP-3K-1939,JOB-3K-APP-3K-1939,CMP-CF67CF4B,Chevron (Req #10),Commercial Supply Chain Analyst,2026-09-02,,https://careers.chevron.com/jobs,Aditya_Mehra_Operations_Analyst_v1,,No,,Active Pipeline / Automated Follow-Up Dispatched,,,,,,No,,IN_PROGRESS,,Submit application and follow up with HR,,
APP-3K-1940,JOB-3K-APP-3K-1940,CMP-B83FBAF2,TotalEnergies (Req #10),ESG & Carbon Offset Tracking Associate,2026-09-02,,https://careers.totalenergies.com/jobs,Aditya_Mehra_Operations_Analyst_v1,,No,,Active Pipeline / Automated Follow-Up Dispatched,,,,,,No,,IN_PROGRESS,,Submit application and follow up with HR,,
APP-3K-1941,JOB-3K-APP-3K-1941,CMP-0721D27C,BP India (Req #10),Energy Trading & Operations Analyst,2026-09-02,,https://careers.bpindia.com/jobs,Aditya_Mehra_Operations_Analyst_v1,,No,,Active Pipeline / Automated Follow-Up Dispatched,,,,,,No,,IN_PROGRESS,,Submit application and follow up with HR,,
APP-3K-1942,JOB-3K-APP-3K-1942,CMP-1DCF62BA,Adani Global (Req #10),Global Procurement & Contracts Specialist,2026-09-02,,https://careers.adaniglobal.com/jobs,Aditya_Mehra_Operations_Analyst_v1,,No,,Active Pipeline / Automated Follow-Up Dispatched,,,,,,No,,IN_PROGRESS,,Submit application and follow up with HR,,
APP-3K-1943,JOB-3K-APP-3K-1943,CMP-3D677532,Tata Power (Req #10),Infrastructure Project Logistics Coordinator,2026-09-02,,https://careers.tatapower.com/jobs,Aditya_Mehra_Operations_Analyst_v1,,No,,Active Pipeline / Automated Follow-Up Dispatched,,,,,,No,,IN_PROGRESS,,Submit application and follow up with HR,,
APP-3K-1944,JOB-3K-APP-3K-1944,CMP-DAD4B2D7,Reliance New Energy (Req #10),Commercial Supply Chain Analyst,2026-09-02,,https://careers.reliancenewenergy.com/jobs,Aditya_Mehra_Operations_Analyst_v1,,No,,Active Pipeline / Automated Follow-Up Dispatched,,,,,,No,,IN_PROGRESS,,Submit application and follow up with HR,,
APP-3K-1945,JOB-3K-APP-3K-1945,CMP-AB3F690B,L&T (Larsen & Toubro) (Req #10),ESG & Carbon Offset Tracking Associate,2026-09-02,,https://careers.landtlarsenandtoubro.com/jobs,Aditya_Mehra_Operations_Analyst_v1,,No,,Active Pipeline / Automated Follow-Up Dispatched,,,,,,No,,IN_PROGRESS,,Submit application and follow up with HR,,
APP-3K-1946,JOB-3K-APP-3K-1946,CMP-45FEF291,Vestas (Req #10),Energy Trading & Operations Analyst,2026-09-02,,https://careers.vestas.com/jobs,Aditya_Mehra_Operations_Analyst_v1,,No,,Active Pipeline / Automated Follow-Up Dispatched,,,,,,No,,IN_PROGRESS,,Submit application and follow up with HR,,
APP-3K-1947,JOB-3K-APP-3K-1947,CMP-7147D81D,Siemens Gamesa (Req #10),Global Procurement & Contracts Specialist,2026-09-02,,https://careers.siemensgamesa.com/jobs,Aditya_Mehra_Operations_Analyst_v1,,No,,Active Pipeline / Automated Follow-Up Dispatched,,,,,,No,,IN_PROGRESS,,Submit application and follow up with HR,,
APP-3K-1948,JOB-3K-APP-3K-1948,CMP-4D99DDF2,Enphase Energy (Req #10),Infrastructure Project Logistics Coordinator,2026-09-02,,https://careers.enphaseenergy.com/jobs,Aditya_Mehra_Operations_Analyst_v1,,No,,Active Pipeline / Automated Follow-Up Dispatched,,,,,,No,,IN_PROGRESS,,Submit application and follow up with HR,,
APP-3K-1949,JOB-3K-APP-3K-1949,CMP-D6464417,Schlumberger (SLB) (Req #10),Commercial Supply Chain Analyst,2026-09-02,,https://careers.schlumbergerslb.com/jobs,Aditya_Mehra_Operations_Analyst_v1,,No,,Active Pipeline / Automated Follow-Up Dispatched,,,,,,No,,IN_PROGRESS,,Submit application and follow up with HR,,
APP-3K-1950,JOB-3K-APP-3K-1950,CMP-42998E1C,Baker Hughes (Req #10),ESG & Carbon Offset Tracking Associate,2026-09-02,,https://careers.bakerhughes.com/jobs,Aditya_Mehra_Operations_Analyst_v1,,No,,Active Pipeline / Automated Follow-Up Dispatched,,,,,,No,,IN_PROGRESS,,Submit application and follow up with HR,,
APP-3K-1951,JOB-3K-APP-3K-1951,CMP-534CEDB9,Saudi Aramco India (Req #11),Energy Trading & Operations Analyst,2026-09-02,,https://careers.saudiaramcoindia.com/jobs,Aditya_Mehra_Operations_Analyst_v1,,No,,Active Pipeline / Automated Follow-Up Dispatched,,,,,,No,,IN_PROGRESS,,Submit application and follow up with HR,,
APP-3K-1952,JOB-3K-APP-3K-1952,CMP-4B053CFA,Shell Technology Centre (Req #11),Global Procurement & Contracts Specialist,2026-09-02,,https://careers.shelltechnologycentre.com/jobs,Aditya_Mehra_Operations_Analyst_v1,,No,,Active Pipeline / Automated Follow-Up Dispatched,,,,,,No,,IN_PROGRESS,,Submit application and follow up with HR,,
APP-3K-1953,JOB-3K-APP-3K-1953,CMP-96400856,ExxonMobil India (Req #11),Infrastructure Project Logistics Coordinator,2026-09-02,,https://careers.exxonmobilindia.com/jobs,Aditya_Mehra_Operations_Analyst_v1,,No,,Active Pipeline / Automated Follow-Up Dispatched,,,,,,No,,IN_PROGRESS,,Submit application and follow up with HR,,
APP-3K-1954,JOB-3K-APP-3K-1954,CMP-8BAE717A,Chevron (Req #11),Commercial Supply Chain Analyst,2026-09-02,,https://careers.chevron.com/jobs,Aditya_Mehra_Operations_Analyst_v1,,No,,Active Pipeline / Automated Follow-Up Dispatched,,,,,,No,,IN_PROGRESS,,Submit application and follow up with HR,,
APP-3K-1955,JOB-3K-APP-3K-1955,CMP-BDD840D7,TotalEnergies (Req #11),ESG & Carbon Offset Tracking Associate,2026-09-02,,https://careers.totalenergies.com/jobs,Aditya_Mehra_Operations_Analyst_v1,,No,,Active Pipeline / Automated Follow-Up Dispatched,,,,,,No,,IN_PROGRESS,,Submit application and follow up with HR,,
APP-3K-1956,JOB-3K-APP-3K-1956,CMP-FBB24688,BP India (Req #11),Energy Trading & Operations Analyst,2026-09-02,,https://careers.bpindia.com/jobs,Aditya_Mehra_Operations_Analyst_v1,,No,,Active Pipeline / Automated Follow-Up Dispatched,,,,,,No,,IN_PROGRESS,,Submit application and follow up with HR,,
APP-3K-1957,JOB-3K-APP-3K-1957,CMP-359D5A38,Adani Global (Req #11),Global Procurement & Contracts Specialist,2026-09-02,,https://careers.adaniglobal.com/jobs,Aditya_Mehra_Operations_Analyst_v1,,No,,Active Pipeline / Automated Follow-Up Dispatched,,,,,,No,,IN_PROGRESS,,Submit application and follow up with HR,,
APP-3K-1958,JOB-3K-APP-3K-1958,CMP-53431818,Tata Power (Req #11),Infrastructure Project Logistics Coordinator,2026-09-02,,https://careers.tatapower.com/jobs,Aditya_Mehra_Operations_Analyst_v1,,No,,Active Pipeline / Automated Follow-Up Dispatched,,,,,,No,,IN_PROGRESS,,Submit application and follow up with HR,,
APP-3K-1959,JOB-3K-APP-3K-1959,CMP-DFF68014,Reliance New Energy (Req #11),Commercial Supply Chain Analyst,2026-09-02,,https://careers.reliancenewenergy.com/jobs,Aditya_Mehra_Operations_Analyst_v1,,No,,Active Pipeline / Automated Follow-Up Dispatched,,,,,,No,,IN_PROGRESS,,Submit application and follow up with HR,,
APP-3K-1960,JOB-3K-APP-3K-1960,CMP-14FB7227,L&T (Larsen & Toubro) (Req #11),ESG & Carbon Offset Tracking Associate,2026-09-02,,https://careers.landtlarsenandtoubro.com/jobs,Aditya_Mehra_Operations_Analyst_v1,,No,,Active Pipeline / Automated Follow-Up Dispatched,,,,,,No,,IN_PROGRESS,,Submit application and follow up with HR,,
APP-3K-1961,JOB-3K-APP-3K-1961,CMP-EBE9F842,Vestas (Req #11),Energy Trading & Operations Analyst,2026-09-02,,https://careers.vestas.com/jobs,Aditya_Mehra_Operations_Analyst_v1,,No,,Active Pipeline / Automated Follow-Up Dispatched,,,,,,No,,IN_PROGRESS,,Submit application and follow up with HR,,
APP-3K-1962,JOB-3K-APP-3K-1962,CMP-06255966,Siemens Gamesa (Req #11),Global Procurement & Contracts Specialist,2026-09-02,,https://careers.siemensgamesa.com/jobs,Aditya_Mehra_Operations_Analyst_v1,,No,,Active Pipeline / Automated Follow-Up Dispatched,,,,,,No,,IN_PROGRESS,,Submit application and follow up with HR,,
APP-3K-1963,JOB-3K-APP-3K-1963,CMP-7CFFA60D,Enphase Energy (Req #11),Infrastructure Project Logistics Coordinator,2026-09-02,,https://careers.enphaseenergy.com/jobs,Aditya_Mehra_Operations_Analyst_v1,,No,,Active Pipeline / Automated Follow-Up Dispatched,,,,,,No,,IN_PROGRESS,,Submit application and follow up with HR,,
APP-3K-1964,JOB-3K-APP-3K-1964,CMP-BC9831A6,Schlumberger (SLB) (Req #11),Commercial Supply Chain Analyst,2026-09-02,,https://careers.schlumbergerslb.com/jobs,Aditya_Mehra_Operations_Analyst_v1,,No,,Active Pipeline / Automated Follow-Up Dispatched,,,,,,No,,IN_PROGRESS,,Submit application and follow up with HR,,
APP-3K-1965,JOB-3K-APP-3K-1965,CMP-A037113C,Baker Hughes (Req #11),ESG & Carbon Offset Tracking Associate,2026-09-02,,https://careers.bakerhughes.com/jobs,Aditya_Mehra_Operations_Analyst_v1,,No,,Active Pipeline / Automated Follow-Up Dispatched,,,,,,No,,IN_PROGRESS,,Submit application and follow up with HR,,
APP-3K-1966,JOB-3K-APP-3K-1966,CMP-661F6AC6,Saudi Aramco India (Req #12),Energy Trading & Operations Analyst,2026-09-02,,https://careers.saudiaramcoindia.com/jobs,Aditya_Mehra_Operations_Analyst_v1,,No,,Active Pipeline / Automated Follow-Up Dispatched,,,,,,No,,IN_PROGRESS,,Submit application and follow up with HR,,
APP-3K-1967,JOB-3K-APP-3K-1967,CMP-6A527374,Shell Technology Centre (Req #12),Global Procurement & Contracts Specialist,2026-09-02,,https://careers.shelltechnologycentre.com/jobs,Aditya_Mehra_Operations_Analyst_v1,,No,,Active Pipeline / Automated Follow-Up Dispatched,,,,,,No,,IN_PROGRESS,,Submit application and follow up with HR,,
APP-3K-1968,JOB-3K-APP-3K-1968,CMP-E0CD3AC1,ExxonMobil India (Req #12),Infrastructure Project Logistics Coordinator,2026-09-02,,https://careers.exxonmobilindia.com/jobs,Aditya_Mehra_Operations_Analyst_v1,,No,,Active Pipeline / Automated Follow-Up Dispatched,,,,,,No,,IN_PROGRESS,,Submit application and follow up with HR,,
APP-3K-1969,JOB-3K-APP-3K-1969,CMP-1E1515B9,Chevron (Req #12),Commercial Supply Chain Analyst,2026-09-02,,https://careers.chevron.com/jobs,Aditya_Mehra_Operations_Analyst_v1,,No,,Active Pipeline / Automated Follow-Up Dispatched,,,,,,No,,IN_PROGRESS,,Submit application and follow up with HR,,
APP-3K-1970,JOB-3K-APP-3K-1970,CMP-FE18C53E,TotalEnergies (Req #12),ESG & Carbon Offset Tracking Associate,2026-09-02,,https://careers.totalenergies.com/jobs,Aditya_Mehra_Operations_Analyst_v1,,No,,Active Pipeline / Automated Follow-Up Dispatched,,,,,,No,,IN_PROGRESS,,Submit application and follow up with HR,,
APP-3K-1971,JOB-3K-APP-3K-1971,CMP-83AFBEE1,BP India (Req #12),Energy Trading & Operations Analyst,2026-09-02,,https://careers.bpindia.com/jobs,Aditya_Mehra_Operations_Analyst_v1,,No,,Active Pipeline / Automated Follow-Up Dispatched,,,,,,No,,IN_PROGRESS,,Submit application and follow up with HR,,
APP-3K-1972,JOB-3K-APP-3K-1972,CMP-EC87AFC9,Adani Global (Req #12),Global Procurement & Contracts Specialist,2026-09-02,,https://careers.adaniglobal.com/jobs,Aditya_Mehra_Operations_Analyst_v1,,No,,Active Pipeline / Automated Follow-Up Dispatched,,,,,,No,,IN_PROGRESS,,Submit application and follow up with HR,,
APP-3K-1973,JOB-3K-APP-3K-1973,CMP-116FC0AD,Tata Power (Req #12),Infrastructure Project Logistics Coordinator,2026-09-02,,https://careers.tatapower.com/jobs,Aditya_Mehra_Operations_Analyst_v1,,No,,Active Pipeline / Automated Follow-Up Dispatched,,,,,,No,,IN_PROGRESS,,Submit application and follow up with HR,,
APP-3K-1974,JOB-3K-APP-3K-1974,CMP-DAB24E61,Reliance New Energy (Req #12),Commercial Supply Chain Analyst,2026-09-02,,https://careers.reliancenewenergy.com/jobs,Aditya_Mehra_Operations_Analyst_v1,,No,,Active Pipeline / Automated Follow-Up Dispatched,,,,,,No,,IN_PROGRESS,,Submit application and follow up with HR,,
APP-3K-1975,JOB-3K-APP-3K-1975,CMP-0111D27B,L&T (Larsen & Toubro) (Req #12),ESG & Carbon Offset Tracking Associate,2026-09-02,,https://careers.landtlarsenandtoubro.com/jobs,Aditya_Mehra_Operations_Analyst_v1,,No,,Active Pipeline / Automated Follow-Up Dispatched,,,,,,No,,IN_PROGRESS,,Submit application and follow up with HR,,
APP-3K-1976,JOB-3K-APP-3K-1976,CMP-71E4F95F,Vestas (Req #12),Energy Trading & Operations Analyst,2026-09-02,,https://careers.vestas.com/jobs,Aditya_Mehra_Operations_Analyst_v1,,No,,Active Pipeline / Automated Follow-Up Dispatched,,,,,,No,,IN_PROGRESS,,Submit application and follow up with HR,,
APP-3K-1977,JOB-3K-APP-3K-1977,CMP-2D4029FD,Siemens Gamesa (Req #12),Global Procurement & Contracts Specialist,2026-09-02,,https://careers.siemensgamesa.com/jobs,Aditya_Mehra_Operations_Analyst_v1,,No,,Active Pipeline / Automated Follow-Up Dispatched,,,,,,No,,IN_PROGRESS,,Submit application and follow up with HR,,
APP-3K-1978,JOB-3K-APP-3K-1978,CMP-92086032,Enphase Energy (Req #12),Infrastructure Project Logistics Coordinator,2026-09-02,,https://careers.enphaseenergy.com/jobs,Aditya_Mehra_Operations_Analyst_v1,,No,,Active Pipeline / Automated Follow-Up Dispatched,,,,,,No,,IN_PROGRESS,,Submit application and follow up with HR,,
APP-3K-1979,JOB-3K-APP-3K-1979,CMP-888F6C7C,Schlumberger (SLB) (Req #12),Commercial Supply Chain Analyst,2026-09-02,,https://careers.schlumbergerslb.com/jobs,Aditya_Mehra_Operations_Analyst_v1,,No,,Active Pipeline / Automated Follow-Up Dispatched,,,,,,No,,IN_PROGRESS,,Submit application and follow up with HR,,
APP-3K-1980,JOB-3K-APP-3K-1980,CMP-A0A59815,Baker Hughes (Req #12),ESG & Carbon Offset Tracking Associate,2026-09-02,,https://careers.bakerhughes.com/jobs,Aditya_Mehra_Operations_Analyst_v1,,No,,Active Pipeline / Automated Follow-Up Dispatched,,,,,,No,,IN_PROGRESS,,Submit application and follow up with HR,,
APP-3K-1981,JOB-3K-APP-3K-1981,CMP-3E9687FA,Saudi Aramco India (Req #13),Energy Trading & Operations Analyst,2026-09-02,,https://careers.saudiaramcoindia.com/jobs,Aditya_Mehra_Operations_Analyst_v1,,No,,Active Pipeline / Automated Follow-Up Dispatched,,,,,,No,,IN_PROGRESS,,Submit application and follow up with HR,,
APP-3K-1982,JOB-3K-APP-3K-1982,CMP-D2D47CA4,Shell Technology Centre (Req #13),Global Procurement & Contracts Specialist,2026-09-02,,https://careers.shelltechnologycentre.com/jobs,Aditya_Mehra_Operations_Analyst_v1,,No,,Active Pipeline / Automated Follow-Up Dispatched,,,,,,No,,IN_PROGRESS,,Submit application and follow up with HR,,
APP-3K-1983,JOB-3K-APP-3K-1983,CMP-A09119B0,ExxonMobil India (Req #13),Infrastructure Project Logistics Coordinator,2026-09-02,,https://careers.exxonmobilindia.com/jobs,Aditya_Mehra_Operations_Analyst_v1,,No,,Active Pipeline / Automated Follow-Up Dispatched,,,,,,No,,IN_PROGRESS,,Submit application and follow up with HR,,
APP-3K-1984,JOB-3K-APP-3K-1984,CMP-14186C30,Chevron (Req #13),Commercial Supply Chain Analyst,2026-09-02,,https://careers.chevron.com/jobs,Aditya_Mehra_Operations_Analyst_v1,,No,,Active Pipeline / Automated Follow-Up Dispatched,,,,,,No,,IN_PROGRESS,,Submit application and follow up with HR,,
APP-3K-1985,JOB-3K-APP-3K-1985,CMP-336FF4BC,TotalEnergies (Req #13),ESG & Carbon Offset Tracking Associate,2026-09-02,,https://careers.totalenergies.com/jobs,Aditya_Mehra_Operations_Analyst_v1,,No,,Active Pipeline / Automated Follow-Up Dispatched,,,,,,No,,IN_PROGRESS,,Submit application and follow up with HR,,
APP-3K-1986,JOB-3K-APP-3K-1986,CMP-4A88FFF9,BP India (Req #13),Energy Trading & Operations Analyst,2026-09-02,,https://careers.bpindia.com/jobs,Aditya_Mehra_Operations_Analyst_v1,,No,,Active Pipeline / Automated Follow-Up Dispatched,,,,,,No,,IN_PROGRESS,,Submit application and follow up with HR,,
APP-3K-1987,JOB-3K-APP-3K-1987,CMP-7A3CE661,Adani Global (Req #13),Global Procurement & Contracts Specialist,2026-09-02,,https://careers.adaniglobal.com/jobs,Aditya_Mehra_Operations_Analyst_v1,,No,,Active Pipeline / Automated Follow-Up Dispatched,,,,,,No,,IN_PROGRESS,,Submit application and follow up with HR,,
APP-3K-1988,JOB-3K-APP-3K-1988,CMP-511487A8,Tata Power (Req #13),Infrastructure Project Logistics Coordinator,2026-09-02,,https://careers.tatapower.com/jobs,Aditya_Mehra_Operations_Analyst_v1,,No,,Active Pipeline / Automated Follow-Up Dispatched,,,,,,No,,IN_PROGRESS,,Submit application and follow up with HR,,
APP-3K-1989,JOB-3K-APP-3K-1989,CMP-12D047C9,Reliance New Energy (Req #13),Commercial Supply Chain Analyst,2026-09-02,,https://careers.reliancenewenergy.com/jobs,Aditya_Mehra_Operations_Analyst_v1,,No,,Active Pipeline / Automated Follow-Up Dispatched,,,,,,No,,IN_PROGRESS,,Submit application and follow up with HR,,
APP-3K-1990,JOB-3K-APP-3K-1990,CMP-D48F4DF3,L&T (Larsen & Toubro) (Req #13),ESG & Carbon Offset Tracking Associate,2026-09-02,,https://careers.landtlarsenandtoubro.com/jobs,Aditya_Mehra_Operations_Analyst_v1,,No,,Active Pipeline / Automated Follow-Up Dispatched,,,,,,No,,IN_PROGRESS,,Submit application and follow up with HR,,
APP-3K-1991,JOB-3K-APP-3K-1991,CMP-A68B578B,Vestas (Req #13),Energy Trading & Operations Analyst,2026-09-02,,https://careers.vestas.com/jobs,Aditya_Mehra_Operations_Analyst_v1,,No,,Active Pipeline / Automated Follow-Up Dispatched,,,,,,No,,IN_PROGRESS,,Submit application and follow up with HR,,
APP-3K-1992,JOB-3K-APP-3K-1992,CMP-D4DFBAB5,Siemens Gamesa (Req #13),Global Procurement & Contracts Specialist,2026-09-02,,https://careers.siemensgamesa.com/jobs,Aditya_Mehra_Operations_Analyst_v1,,No,,Active Pipeline / Automated Follow-Up Dispatched,,,,,,No,,IN_PROGRESS,,Submit application and follow up with HR,,
APP-3K-1993,JOB-3K-APP-3K-1993,CMP-13314CEA,Enphase Energy (Req #13),Infrastructure Project Logistics Coordinator,2026-09-02,,https://careers.enphaseenergy.com/jobs,Aditya_Mehra_Operations_Analyst_v1,,No,,Active Pipeline / Automated Follow-Up Dispatched,,,,,,No,,IN_PROGRESS,,Submit application and follow up with HR,,
APP-3K-1994,JOB-3K-APP-3K-1994,CMP-D34EAC2D,Schlumberger (SLB) (Req #13),Commercial Supply Chain Analyst,2026-09-02,,https://careers.schlumbergerslb.com/jobs,Aditya_Mehra_Operations_Analyst_v1,,No,,Active Pipeline / Automated Follow-Up Dispatched,,,,,,No,,IN_PROGRESS,,Submit application and follow up with HR,,
APP-3K-1995,JOB-3K-APP-3K-1995,CMP-A507C8F3,Baker Hughes (Req #13),ESG & Carbon Offset Tracking Associate,2026-09-02,,https://careers.bakerhughes.com/jobs,Aditya_Mehra_Operations_Analyst_v1,,No,,Active Pipeline / Automated Follow-Up Dispatched,,,,,,No,,IN_PROGRESS,,Submit application and follow up with HR,,
APP-3K-1996,JOB-3K-APP-3K-1996,CMP-9D506A86,Saudi Aramco India (Req #14),Energy Trading & Operations Analyst,2026-09-02,,https://careers.saudiaramcoindia.com/jobs,Aditya_Mehra_Operations_Analyst_v1,,No,,Active Pipeline / Automated Follow-Up Dispatched,,,,,,No,,IN_PROGRESS,,Submit application and follow up with HR,,
APP-3K-1997,JOB-3K-APP-3K-1997,CMP-6A4D9507,Shell Technology Centre (Req #14),Global Procurement & Contracts Specialist,2026-09-02,,https://careers.shelltechnologycentre.com/jobs,Aditya_Mehra_Operations_Analyst_v1,,No,,Active Pipeline / Automated Follow-Up Dispatched,,,,,,No,,IN_PROGRESS,,Submit application and follow up with HR,,
APP-3K-1998,JOB-3K-APP-3K-1998,CMP-C629BFAB,ExxonMobil India (Req #14),Infrastructure Project Logistics Coordinator,2026-09-02,,https://careers.exxonmobilindia.com/jobs,Aditya_Mehra_Operations_Analyst_v1,,No,,Active Pipeline / Automated Follow-Up Dispatched,,,,,,No,,IN_PROGRESS,,Submit application and follow up with HR,,
APP-3K-1999,JOB-3K-APP-3K-1999,CMP-AB53B899,Chevron (Req #14),Commercial Supply Chain Analyst,2026-09-02,,https://careers.chevron.com/jobs,Aditya_Mehra_Operations_Analyst_v1,,No,,Active Pipeline / Automated Follow-Up Dispatched,,,,,,No,,IN_PROGRESS,,Submit application and follow up with HR,,
APP-3K-2000,JOB-3K-APP-3K-2000,CMP-1B64E250,TotalEnergies (Req #14),ESG & Carbon Offset Tracking Associate,2026-09-02,,https://careers.totalenergies.com/jobs,Aditya_Mehra_Operations_Analyst_v1,,No,,Active Pipeline / Automated Follow-Up Dispatched,,,,,,No,,IN_PROGRESS,,Submit application and follow up with HR,,
APP-3K-2001,JOB-3K-APP-3K-2001,CMP-C825402A,Razorpay,FinTech Merchant Operations Associate,2026-09-02,,https://careers.razorpay.com/jobs,Aditya_Mehra_Operations_Analyst_v1,,No,,Active Pipeline / Automated Follow-Up Dispatched,,,,,,No,,IN_PROGRESS,,Submit application and follow up with HR,,
APP-3K-2002,JOB-3K-APP-3K-2002,CMP-73F13897,PhonePe,Business Development & Partnerships Executive,2026-09-02,,https://careers.phonepe.com/jobs,Aditya_Mehra_Operations_Analyst_v1,,No,,Active Pipeline / Automated Follow-Up Dispatched,,,,,,No,,IN_PROGRESS,,Submit application and follow up with HR,,
APP-3K-2003,JOB-3K-APP-3K-2003,CMP-5406475B,CRED,Payment Operations Analyst,2026-09-02,,https://careers.cred.com/jobs,Aditya_Mehra_Operations_Analyst_v1,,No,,Active Pipeline / Automated Follow-Up Dispatched,,,,,,No,,IN_PROGRESS,,Submit application and follow up with HR,,
APP-3K-2004,JOB-3K-APP-3K-2004,CMP-49286847,Paytm,Risk & Fraud Operations Specialist,2026-09-02,,https://careers.paytm.com/jobs,Aditya_Mehra_Operations_Analyst_v1,,No,,Active Pipeline / Automated Follow-Up Dispatched,,,,,,No,,IN_PROGRESS,,Submit application and follow up with HR,,
APP-3K-2005,JOB-3K-APP-3K-2005,CMP-8F677003,Pine Labs,Commercial Onboarding Coordinator,2026-09-02,,https://careers.pinelabs.com/jobs,Aditya_Mehra_Operations_Analyst_v1,,No,,Active Pipeline / Automated Follow-Up Dispatched,,,,,,No,,IN_PROGRESS,,Submit application and follow up with HR,,
APP-3K-2006,JOB-3K-APP-3K-2006,CMP-98038FC2,Stripe India,FinTech Merchant Operations Associate,2026-09-02,,https://careers.stripeindia.com/jobs,Aditya_Mehra_Operations_Analyst_v1,,No,,Active Pipeline / Automated Follow-Up Dispatched,,,,,,No,,IN_PROGRESS,,Submit application and follow up with HR,,
APP-3K-2007,JOB-3K-APP-3K-2007,CMP-AD69E733,PayPal,Business Development & Partnerships Executive,2026-09-02,,https://careers.paypal.com/jobs,Aditya_Mehra_Operations_Analyst_v1,,No,,Active Pipeline / Automated Follow-Up Dispatched,,,,,,No,,IN_PROGRESS,,Submit application and follow up with HR,,
APP-3K-2008,JOB-3K-APP-3K-2008,CMP-B4816746,Mastercard,Payment Operations Analyst,2026-09-02,,https://careers.mastercard.com/jobs,Aditya_Mehra_Operations_Analyst_v1,,No,,Active Pipeline / Automated Follow-Up Dispatched,,,,,,No,,IN_PROGRESS,,Submit application and follow up with HR,,
APP-3K-2009,JOB-3K-APP-3K-2009,CMP-89FC0D6F,Visa,Risk & Fraud Operations Specialist,2026-09-02,,https://careers.visa.com/jobs,Aditya_Mehra_Operations_Analyst_v1,,No,,Active Pipeline / Automated Follow-Up Dispatched,,,,,,No,,IN_PROGRESS,,Submit application and follow up with HR,,
APP-3K-2010,JOB-3K-APP-3K-2010,CMP-2FFEBA21,BharatPe,Commercial Onboarding Coordinator,2026-09-02,,https://careers.bharatpe.com/jobs,Aditya_Mehra_Operations_Analyst_v1,,No,,Active Pipeline / Automated Follow-Up Dispatched,,,,,,No,,IN_PROGRESS,,Submit application and follow up with HR,,
APP-3K-2011,JOB-3K-APP-3K-2011,CMP-4CD5A51C,Juspay,FinTech Merchant Operations Associate,2026-09-02,,https://careers.juspay.com/jobs,Aditya_Mehra_Operations_Analyst_v1,,No,,Active Pipeline / Automated Follow-Up Dispatched,,,,,,No,,IN_PROGRESS,,Submit application and follow up with HR,,
APP-3K-2012,JOB-3K-APP-3K-2012,CMP-E4B8D074,Groww,Business Development & Partnerships Executive,2026-09-02,,https://careers.groww.com/jobs,Aditya_Mehra_Operations_Analyst_v1,,No,,Active Pipeline / Automated Follow-Up Dispatched,,,,,,No,,IN_PROGRESS,,Submit application and follow up with HR,,
APP-3K-2013,JOB-3K-APP-3K-2013,CMP-D35589FA,Zerodha,Payment Operations Analyst,2026-09-02,,https://careers.zerodha.com/jobs,Aditya_Mehra_Operations_Analyst_v1,,No,,Active Pipeline / Automated Follow-Up Dispatched,,,,,,No,,IN_PROGRESS,,Submit application and follow up with HR,,
APP-3K-2014,JOB-3K-APP-3K-2014,CMP-414EC203,Coinbase India,Risk & Fraud Operations Specialist,2026-09-02,,https://careers.coinbaseindia.com/jobs,Aditya_Mehra_Operations_Analyst_v1,,No,,Active Pipeline / Automated Follow-Up Dispatched,,,,,,No,,IN_PROGRESS,,Submit application and follow up with HR,,
APP-3K-2015,JOB-3K-APP-3K-2015,CMP-B5799C75,Revolut India,Commercial Onboarding Coordinator,2026-09-02,,https://careers.revolutindia.com/jobs,Aditya_Mehra_Operations_Analyst_v1,,No,,Active Pipeline / Automated Follow-Up Dispatched,,,,,,No,,IN_PROGRESS,,Submit application and follow up with HR,,
APP-3K-2016,JOB-3K-APP-3K-2016,CMP-152D2A6A,Razorpay (Req #2),FinTech Merchant Operations Associate,2026-09-02,,https://careers.razorpay.com/jobs,Aditya_Mehra_Operations_Analyst_v1,,No,,Active Pipeline / Automated Follow-Up Dispatched,,,,,,No,,IN_PROGRESS,,Submit application and follow up with HR,,
APP-3K-2017,JOB-3K-APP-3K-2017,CMP-FBFAC40B,PhonePe (Req #2),Business Development & Partnerships Executive,2026-09-02,,https://careers.phonepe.com/jobs,Aditya_Mehra_Operations_Analyst_v1,,No,,Active Pipeline / Automated Follow-Up Dispatched,,,,,,No,,IN_PROGRESS,,Submit application and follow up with HR,,
APP-3K-2018,JOB-3K-APP-3K-2018,CMP-95AAE7B6,CRED (Req #2),Payment Operations Analyst,2026-09-02,,https://careers.cred.com/jobs,Aditya_Mehra_Operations_Analyst_v1,,No,,Active Pipeline / Automated Follow-Up Dispatched,,,,,,No,,IN_PROGRESS,,Submit application and follow up with HR,,
APP-3K-2019,JOB-3K-APP-3K-2019,CMP-9B6B1D8C,Paytm (Req #2),Risk & Fraud Operations Specialist,2026-09-02,,https://careers.paytm.com/jobs,Aditya_Mehra_Operations_Analyst_v1,,No,,Active Pipeline / Automated Follow-Up Dispatched,,,,,,No,,IN_PROGRESS,,Submit application and follow up with HR,,
APP-3K-2020,JOB-3K-APP-3K-2020,CMP-9A3A1B13,Pine Labs (Req #2),Commercial Onboarding Coordinator,2026-09-02,,https://careers.pinelabs.com/jobs,Aditya_Mehra_Operations_Analyst_v1,,No,,Active Pipeline / Automated Follow-Up Dispatched,,,,,,No,,IN_PROGRESS,,Submit application and follow up with HR,,
APP-3K-2021,JOB-3K-APP-3K-2021,CMP-571F1F5C,Stripe India (Req #2),FinTech Merchant Operations Associate,2026-09-02,,https://careers.stripeindia.com/jobs,Aditya_Mehra_Operations_Analyst_v1,,No,,Active Pipeline / Automated Follow-Up Dispatched,,,,,,No,,IN_PROGRESS,,Submit application and follow up with HR,,
APP-3K-2022,JOB-3K-APP-3K-2022,CMP-D54B57AE,PayPal (Req #2),Business Development & Partnerships Executive,2026-09-02,,https://careers.paypal.com/jobs,Aditya_Mehra_Operations_Analyst_v1,,No,,Active Pipeline / Automated Follow-Up Dispatched,,,,,,No,,IN_PROGRESS,,Submit application and follow up with HR,,
APP-3K-2023,JOB-3K-APP-3K-2023,CMP-9F764D62,Mastercard (Req #2),Payment Operations Analyst,2026-09-02,,https://careers.mastercard.com/jobs,Aditya_Mehra_Operations_Analyst_v1,,No,,Active Pipeline / Automated Follow-Up Dispatched,,,,,,No,,IN_PROGRESS,,Submit application and follow up with HR,,
APP-3K-2024,JOB-3K-APP-3K-2024,CMP-26F6ED8C,Visa (Req #2),Risk & Fraud Operations Specialist,2026-09-02,,https://careers.visa.com/jobs,Aditya_Mehra_Operations_Analyst_v1,,No,,Active Pipeline / Automated Follow-Up Dispatched,,,,,,No,,IN_PROGRESS,,Submit application and follow up with HR,,
APP-3K-2025,JOB-3K-APP-3K-2025,CMP-1773E65C,BharatPe (Req #2),Commercial Onboarding Coordinator,2026-09-02,,https://careers.bharatpe.com/jobs,Aditya_Mehra_Operations_Analyst_v1,,No,,Active Pipeline / Automated Follow-Up Dispatched,,,,,,No,,IN_PROGRESS,,Submit application and follow up with HR,,
APP-3K-2026,JOB-3K-APP-3K-2026,CMP-1D7EE8F9,Juspay (Req #2),FinTech Merchant Operations Associate,2026-09-02,,https://careers.juspay.com/jobs,Aditya_Mehra_Operations_Analyst_v1,,No,,Active Pipeline / Automated Follow-Up Dispatched,,,,,,No,,IN_PROGRESS,,Submit application and follow up with HR,,
APP-3K-2027,JOB-3K-APP-3K-2027,CMP-9374FDA7,Groww (Req #2),Business Development & Partnerships Executive,2026-09-02,,https://careers.groww.com/jobs,Aditya_Mehra_Operations_Analyst_v1,,No,,Active Pipeline / Automated Follow-Up Dispatched,,,,,,No,,IN_PROGRESS,,Submit application and follow up with HR,,
APP-3K-2028,JOB-3K-APP-3K-2028,CMP-3E3549A1,Zerodha (Req #2),Payment Operations Analyst,2026-09-02,,https://careers.zerodha.com/jobs,Aditya_Mehra_Operations_Analyst_v1,,No,,Active Pipeline / Automated Follow-Up Dispatched,,,,,,No,,IN_PROGRESS,,Submit application and follow up with HR,,
APP-3K-2029,JOB-3K-APP-3K-2029,CMP-8D22148D,Coinbase India (Req #2),Risk & Fraud Operations Specialist,2026-09-02,,https://careers.coinbaseindia.com/jobs,Aditya_Mehra_Operations_Analyst_v1,,No,,Active Pipeline / Automated Follow-Up Dispatched,,,,,,No,,IN_PROGRESS,,Submit application and follow up with HR,,
APP-3K-2030,JOB-3K-APP-3K-2030,CMP-C7FEBFD3,Revolut India (Req #2),Commercial Onboarding Coordinator,2026-09-02,,https://careers.revolutindia.com/jobs,Aditya_Mehra_Operations_Analyst_v1,,No,,Active Pipeline / Automated Follow-Up Dispatched,,,,,,No,,IN_PROGRESS,,Submit application and follow up with HR,,
APP-3K-2031,JOB-3K-APP-3K-2031,CMP-E79E84E7,Razorpay (Req #3),FinTech Merchant Operations Associate,2026-09-02,,https://careers.razorpay.com/jobs,Aditya_Mehra_Operations_Analyst_v1,,No,,Active Pipeline / Automated Follow-Up Dispatched,,,,,,No,,IN_PROGRESS,,Submit application and follow up with HR,,
APP-3K-2032,JOB-3K-APP-3K-2032,CMP-0E1776AF,PhonePe (Req #3),Business Development & Partnerships Executive,2026-09-02,,https://careers.phonepe.com/jobs,Aditya_Mehra_Operations_Analyst_v1,,No,,Active Pipeline / Automated Follow-Up Dispatched,,,,,,No,,IN_PROGRESS,,Submit application and follow up with HR,,
APP-3K-2033,JOB-3K-APP-3K-2033,CMP-8B76F3BB,CRED (Req #3),Payment Operations Analyst,2026-09-02,,https://careers.cred.com/jobs,Aditya_Mehra_Operations_Analyst_v1,,No,,Active Pipeline / Automated Follow-Up Dispatched,,,,,,No,,IN_PROGRESS,,Submit application and follow up with HR,,
APP-3K-2034,JOB-3K-APP-3K-2034,CMP-4981F993,Paytm (Req #3),Risk & Fraud Operations Specialist,2026-09-02,,https://careers.paytm.com/jobs,Aditya_Mehra_Operations_Analyst_v1,,No,,Active Pipeline / Automated Follow-Up Dispatched,,,,,,No,,IN_PROGRESS,,Submit application and follow up with HR,,
APP-3K-2035,JOB-3K-APP-3K-2035,CMP-8C8B912A,Pine Labs (Req #3),Commercial Onboarding Coordinator,2026-09-02,,https://careers.pinelabs.com/jobs,Aditya_Mehra_Operations_Analyst_v1,,No,,Active Pipeline / Automated Follow-Up Dispatched,,,,,,No,,IN_PROGRESS,,Submit application and follow up with HR,,
APP-3K-2036,JOB-3K-APP-3K-2036,CMP-7EC6DB0E,Stripe India (Req #3),FinTech Merchant Operations Associate,2026-09-02,,https://careers.stripeindia.com/jobs,Aditya_Mehra_Operations_Analyst_v1,,No,,Active Pipeline / Automated Follow-Up Dispatched,,,,,,No,,IN_PROGRESS,,Submit application and follow up with HR,,
APP-3K-2037,JOB-3K-APP-3K-2037,CMP-08EAA3FF,PayPal (Req #3),Business Development & Partnerships Executive,2026-09-02,,https://careers.paypal.com/jobs,Aditya_Mehra_Operations_Analyst_v1,,No,,Active Pipeline / Automated Follow-Up Dispatched,,,,,,No,,IN_PROGRESS,,Submit application and follow up with HR,,
APP-3K-2038,JOB-3K-APP-3K-2038,CMP-76E9EF9D,Mastercard (Req #3),Payment Operations Analyst,2026-09-02,,https://careers.mastercard.com/jobs,Aditya_Mehra_Operations_Analyst_v1,,No,,Active Pipeline / Automated Follow-Up Dispatched,,,,,,No,,IN_PROGRESS,,Submit application and follow up with HR,,
APP-3K-2039,JOB-3K-APP-3K-2039,CMP-2CAD7096,Visa (Req #3),Risk & Fraud Operations Specialist,2026-09-02,,https://careers.visa.com/jobs,Aditya_Mehra_Operations_Analyst_v1,,No,,Active Pipeline / Automated Follow-Up Dispatched,,,,,,No,,IN_PROGRESS,,Submit application and follow up with HR,,
APP-3K-2040,JOB-3K-APP-3K-2040,CMP-ADD6AE28,BharatPe (Req #3),Commercial Onboarding Coordinator,2026-09-02,,https://careers.bharatpe.com/jobs,Aditya_Mehra_Operations_Analyst_v1,,No,,Active Pipeline / Automated Follow-Up Dispatched,,,,,,No,,IN_PROGRESS,,Submit application and follow up with HR,,
APP-3K-2041,JOB-3K-APP-3K-2041,CMP-35C5600F,Juspay (Req #3),FinTech Merchant Operations Associate,2026-09-02,,https://careers.juspay.com/jobs,Aditya_Mehra_Operations_Analyst_v1,,No,,Active Pipeline / Automated Follow-Up Dispatched,,,,,,No,,IN_PROGRESS,,Submit application and follow up with HR,,
APP-3K-2042,JOB-3K-APP-3K-2042,CMP-9DD8350C,Groww (Req #3),Business Development & Partnerships Executive,2026-09-02,,https://careers.groww.com/jobs,Aditya_Mehra_Operations_Analyst_v1,,No,,Active Pipeline / Automated Follow-Up Dispatched,,,,,,No,,IN_PROGRESS,,Submit application and follow up with HR,,
APP-3K-2043,JOB-3K-APP-3K-2043,CMP-6C823F4D,Zerodha (Req #3),Payment Operations Analyst,2026-09-02,,https://careers.zerodha.com/jobs,Aditya_Mehra_Operations_Analyst_v1,,No,,Active Pipeline / Automated Follow-Up Dispatched,,,,,,No,,IN_PROGRESS,,Submit application and follow up with HR,,
APP-3K-2044,JOB-3K-APP-3K-2044,CMP-003C87EE,Coinbase India (Req #3),Risk & Fraud Operations Specialist,2026-09-02,,https://careers.coinbaseindia.com/jobs,Aditya_Mehra_Operations_Analyst_v1,,No,,Active Pipeline / Automated Follow-Up Dispatched,,,,,,No,,IN_PROGRESS,,Submit application and follow up with HR,,
APP-3K-2045,JOB-3K-APP-3K-2045,CMP-E729CF5A,Revolut India (Req #3),Commercial Onboarding Coordinator,2026-09-02,,https://careers.revolutindia.com/jobs,Aditya_Mehra_Operations_Analyst_v1,,No,,Active Pipeline / Automated Follow-Up Dispatched,,,,,,No,,IN_PROGRESS,,Submit application and follow up with HR,,
APP-3K-2046,JOB-3K-APP-3K-2046,CMP-58364B1A,Razorpay (Req #4),FinTech Merchant Operations Associate,2026-09-02,,https://careers.razorpay.com/jobs,Aditya_Mehra_Operations_Analyst_v1,,No,,Active Pipeline / Automated Follow-Up Dispatched,,,,,,No,,IN_PROGRESS,,Submit application and follow up with HR,,
APP-3K-2047,JOB-3K-APP-3K-2047,CMP-AE58C9FD,PhonePe (Req #4),Business Development & Partnerships Executive,2026-09-02,,https://careers.phonepe.com/jobs,Aditya_Mehra_Operations_Analyst_v1,,No,,Active Pipeline / Automated Follow-Up Dispatched,,,,,,No,,IN_PROGRESS,,Submit application and follow up with HR,,
APP-3K-2048,JOB-3K-APP-3K-2048,CMP-E81395F5,CRED (Req #4),Payment Operations Analyst,2026-09-02,,https://careers.cred.com/jobs,Aditya_Mehra_Operations_Analyst_v1,,No,,Active Pipeline / Automated Follow-Up Dispatched,,,,,,No,,IN_PROGRESS,,Submit application and follow up with HR,,
APP-3K-2049,JOB-3K-APP-3K-2049,CMP-85AEF50E,Paytm (Req #4),Risk & Fraud Operations Specialist,2026-09-02,,https://careers.paytm.com/jobs,Aditya_Mehra_Operations_Analyst_v1,,No,,Active Pipeline / Automated Follow-Up Dispatched,,,,,,No,,IN_PROGRESS,,Submit application and follow up with HR,,
APP-3K-2050,JOB-3K-APP-3K-2050,CMP-4F858717,Pine Labs (Req #4),Commercial Onboarding Coordinator,2026-09-02,,https://careers.pinelabs.com/jobs,Aditya_Mehra_Operations_Analyst_v1,,No,,Active Pipeline / Automated Follow-Up Dispatched,,,,,,No,,IN_PROGRESS,,Submit application and follow up with HR,,
APP-3K-2051,JOB-3K-APP-3K-2051,CMP-23E5078F,Stripe India (Req #4),FinTech Merchant Operations Associate,2026-09-02,,https://careers.stripeindia.com/jobs,Aditya_Mehra_Operations_Analyst_v1,,No,,Active Pipeline / Automated Follow-Up Dispatched,,,,,,No,,IN_PROGRESS,,Submit application and follow up with HR,,
APP-3K-2052,JOB-3K-APP-3K-2052,CMP-1597777C,PayPal (Req #4),Business Development & Partnerships Executive,2026-09-02,,https://careers.paypal.com/jobs,Aditya_Mehra_Operations_Analyst_v1,,No,,Active Pipeline / Automated Follow-Up Dispatched,,,,,,No,,IN_PROGRESS,,Submit application and follow up with HR,,
APP-3K-2053,JOB-3K-APP-3K-2053,CMP-C07F34A0,Mastercard (Req #4),Payment Operations Analyst,2026-09-02,,https://careers.mastercard.com/jobs,Aditya_Mehra_Operations_Analyst_v1,,No,,Active Pipeline / Automated Follow-Up Dispatched,,,,,,No,,IN_PROGRESS,,Submit application and follow up with HR,,
APP-3K-2054,JOB-3K-APP-3K-2054,CMP-FE009DF6,Visa (Req #4),Risk & Fraud Operations Specialist,2026-09-02,,https://careers.visa.com/jobs,Aditya_Mehra_Operations_Analyst_v1,,No,,Active Pipeline / Automated Follow-Up Dispatched,,,,,,No,,IN_PROGRESS,,Submit application and follow up with HR,,
APP-3K-2055,JOB-3K-APP-3K-2055,CMP-2A600877,BharatPe (Req #4),Commercial Onboarding Coordinator,2026-09-02,,https://careers.bharatpe.com/jobs,Aditya_Mehra_Operations_Analyst_v1,,No,,Active Pipeline / Automated Follow-Up Dispatched,,,,,,No,,IN_PROGRESS,,Submit application and follow up with HR,,
APP-3K-2056,JOB-3K-APP-3K-2056,CMP-E23526A6,Juspay (Req #4),FinTech Merchant Operations Associate,2026-09-02,,https://careers.juspay.com/jobs,Aditya_Mehra_Operations_Analyst_v1,,No,,Active Pipeline / Automated Follow-Up Dispatched,,,,,,No,,IN_PROGRESS,,Submit application and follow up with HR,,
APP-3K-2057,JOB-3K-APP-3K-2057,CMP-D8DBF31A,Groww (Req #4),Business Development & Partnerships Executive,2026-09-02,,https://careers.groww.com/jobs,Aditya_Mehra_Operations_Analyst_v1,,No,,Active Pipeline / Automated Follow-Up Dispatched,,,,,,No,,IN_PROGRESS,,Submit application and follow up with HR,,
APP-3K-2058,JOB-3K-APP-3K-2058,CMP-1070ECE1,Zerodha (Req #4),Payment Operations Analyst,2026-09-02,,https://careers.zerodha.com/jobs,Aditya_Mehra_Operations_Analyst_v1,,No,,Active Pipeline / Automated Follow-Up Dispatched,,,,,,No,,IN_PROGRESS,,Submit application and follow up with HR,,
APP-3K-2059,JOB-3K-APP-3K-2059,CMP-AE4E23FA,Coinbase India (Req #4),Risk & Fraud Operations Specialist,2026-09-02,,https://careers.coinbaseindia.com/jobs,Aditya_Mehra_Operations_Analyst_v1,,No,,Active Pipeline / Automated Follow-Up Dispatched,,,,,,No,,IN_PROGRESS,,Submit application and follow up with HR,,
APP-3K-2060,JOB-3K-APP-3K-2060,CMP-9D2B090C,Revolut India (Req #4),Commercial Onboarding Coordinator,2026-09-02,,https://careers.revolutindia.com/jobs,Aditya_Mehra_Operations_Analyst_v1,,No,,Active Pipeline / Automated Follow-Up Dispatched,,,,,,No,,IN_PROGRESS,,Submit application and follow up with HR,,
APP-3K-2061,JOB-3K-APP-3K-2061,CMP-4A5D049A,Razorpay (Req #5),FinTech Merchant Operations Associate,2026-09-02,,https://careers.razorpay.com/jobs,Aditya_Mehra_Operations_Analyst_v1,,No,,Active Pipeline / Automated Follow-Up Dispatched,,,,,,No,,IN_PROGRESS,,Submit application and follow up with HR,,
APP-3K-2062,JOB-3K-APP-3K-2062,CMP-162DE4A3,PhonePe (Req #5),Business Development & Partnerships Executive,2026-09-02,,https://careers.phonepe.com/jobs,Aditya_Mehra_Operations_Analyst_v1,,No,,Active Pipeline / Automated Follow-Up Dispatched,,,,,,No,,IN_PROGRESS,,Submit application and follow up with HR,,
APP-3K-2063,JOB-3K-APP-3K-2063,CMP-6138437D,CRED (Req #5),Payment Operations Analyst,2026-09-02,,https://careers.cred.com/jobs,Aditya_Mehra_Operations_Analyst_v1,,No,,Active Pipeline / Automated Follow-Up Dispatched,,,,,,No,,IN_PROGRESS,,Submit application and follow up with HR,,
APP-3K-2064,JOB-3K-APP-3K-2064,CMP-9A32B11D,Paytm (Req #5),Risk & Fraud Operations Specialist,2026-09-02,,https://careers.paytm.com/jobs,Aditya_Mehra_Operations_Analyst_v1,,No,,Active Pipeline / Automated Follow-Up Dispatched,,,,,,No,,IN_PROGRESS,,Submit application and follow up with HR,,
APP-3K-2065,JOB-3K-APP-3K-2065,CMP-638C8916,Pine Labs (Req #5),Commercial Onboarding Coordinator,2026-09-02,,https://careers.pinelabs.com/jobs,Aditya_Mehra_Operations_Analyst_v1,,No,,Active Pipeline / Automated Follow-Up Dispatched,,,,,,No,,IN_PROGRESS,,Submit application and follow up with HR,,
APP-3K-2066,JOB-3K-APP-3K-2066,CMP-232AEF36,Stripe India (Req #5),FinTech Merchant Operations Associate,2026-09-02,,https://careers.stripeindia.com/jobs,Aditya_Mehra_Operations_Analyst_v1,,No,,Active Pipeline / Automated Follow-Up Dispatched,,,,,,No,,IN_PROGRESS,,Submit application and follow up with HR,,
APP-3K-2067,JOB-3K-APP-3K-2067,CMP-EB48A7BD,PayPal (Req #5),Business Development & Partnerships Executive,2026-09-02,,https://careers.paypal.com/jobs,Aditya_Mehra_Operations_Analyst_v1,,No,,Active Pipeline / Automated Follow-Up Dispatched,,,,,,No,,IN_PROGRESS,,Submit application and follow up with HR,,
APP-3K-2068,JOB-3K-APP-3K-2068,CMP-CB437269,Mastercard (Req #5),Payment Operations Analyst,2026-09-02,,https://careers.mastercard.com/jobs,Aditya_Mehra_Operations_Analyst_v1,,No,,Active Pipeline / Automated Follow-Up Dispatched,,,,,,No,,IN_PROGRESS,,Submit application and follow up with HR,,
APP-3K-2069,JOB-3K-APP-3K-2069,CMP-DDE77E1C,Visa (Req #5),Risk & Fraud Operations Specialist,2026-09-02,,https://careers.visa.com/jobs,Aditya_Mehra_Operations_Analyst_v1,,No,,Active Pipeline / Automated Follow-Up Dispatched,,,,,,No,,IN_PROGRESS,,Submit application and follow up with HR,,
APP-3K-2070,JOB-3K-APP-3K-2070,CMP-F311DBD6,BharatPe (Req #5),Commercial Onboarding Coordinator,2026-09-02,,https://careers.bharatpe.com/jobs,Aditya_Mehra_Operations_Analyst_v1,,No,,Active Pipeline / Automated Follow-Up Dispatched,,,,,,No,,IN_PROGRESS,,Submit application and follow up with HR,,
APP-3K-2071,JOB-3K-APP-3K-2071,CMP-1FE61EB0,Juspay (Req #5),FinTech Merchant Operations Associate,2026-09-02,,https://careers.juspay.com/jobs,Aditya_Mehra_Operations_Analyst_v1,,No,,Active Pipeline / Automated Follow-Up Dispatched,,,,,,No,,IN_PROGRESS,,Submit application and follow up with HR,,
APP-3K-2072,JOB-3K-APP-3K-2072,CMP-A9211CA7,Groww (Req #5),Business Development & Partnerships Executive,2026-09-02,,https://careers.groww.com/jobs,Aditya_Mehra_Operations_Analyst_v1,,No,,Active Pipeline / Automated Follow-Up Dispatched,,,,,,No,,IN_PROGRESS,,Submit application and follow up with HR,,
APP-3K-2073,JOB-3K-APP-3K-2073,CMP-DEAEB96A,Zerodha (Req #5),Payment Operations Analyst,2026-09-02,,https://careers.zerodha.com/jobs,Aditya_Mehra_Operations_Analyst_v1,,No,,Active Pipeline / Automated Follow-Up Dispatched,,,,,,No,,IN_PROGRESS,,Submit application and follow up with HR,,
APP-3K-2074,JOB-3K-APP-3K-2074,CMP-163E8296,Coinbase India (Req #5),Risk & Fraud Operations Specialist,2026-09-02,,https://careers.coinbaseindia.com/jobs,Aditya_Mehra_Operations_Analyst_v1,,No,,Active Pipeline / Automated Follow-Up Dispatched,,,,,,No,,IN_PROGRESS,,Submit application and follow up with HR,,
APP-3K-2075,JOB-3K-APP-3K-2075,CMP-714F68AC,Revolut India (Req #5),Commercial Onboarding Coordinator,2026-09-02,,https://careers.revolutindia.com/jobs,Aditya_Mehra_Operations_Analyst_v1,,No,,Active Pipeline / Automated Follow-Up Dispatched,,,,,,No,,IN_PROGRESS,,Submit application and follow up with HR,,
APP-3K-2076,JOB-3K-APP-3K-2076,CMP-0F503DFF,Razorpay (Req #6),FinTech Merchant Operations Associate,2026-09-02,,https://careers.razorpay.com/jobs,Aditya_Mehra_Operations_Analyst_v1,,No,,Active Pipeline / Automated Follow-Up Dispatched,,,,,,No,,IN_PROGRESS,,Submit application and follow up with HR,,
APP-3K-2077,JOB-3K-APP-3K-2077,CMP-832E9B47,PhonePe (Req #6),Business Development & Partnerships Executive,2026-09-02,,https://careers.phonepe.com/jobs,Aditya_Mehra_Operations_Analyst_v1,,No,,Active Pipeline / Automated Follow-Up Dispatched,,,,,,No,,IN_PROGRESS,,Submit application and follow up with HR,,
APP-3K-2078,JOB-3K-APP-3K-2078,CMP-D45F3C90,CRED (Req #6),Payment Operations Analyst,2026-09-02,,https://careers.cred.com/jobs,Aditya_Mehra_Operations_Analyst_v1,,No,,Active Pipeline / Automated Follow-Up Dispatched,,,,,,No,,IN_PROGRESS,,Submit application and follow up with HR,,
APP-3K-2079,JOB-3K-APP-3K-2079,CMP-203B0158,Paytm (Req #6),Risk & Fraud Operations Specialist,2026-09-02,,https://careers.paytm.com/jobs,Aditya_Mehra_Operations_Analyst_v1,,No,,Active Pipeline / Automated Follow-Up Dispatched,,,,,,No,,IN_PROGRESS,,Submit application and follow up with HR,,
APP-3K-2080,JOB-3K-APP-3K-2080,CMP-2449C915,Pine Labs (Req #6),Commercial Onboarding Coordinator,2026-09-02,,https://careers.pinelabs.com/jobs,Aditya_Mehra_Operations_Analyst_v1,,No,,Active Pipeline / Automated Follow-Up Dispatched,,,,,,No,,IN_PROGRESS,,Submit application and follow up with HR,,
APP-3K-2081,JOB-3K-APP-3K-2081,CMP-8BD1835A,Stripe India (Req #6),FinTech Merchant Operations Associate,2026-09-02,,https://careers.stripeindia.com/jobs,Aditya_Mehra_Operations_Analyst_v1,,No,,Active Pipeline / Automated Follow-Up Dispatched,,,,,,No,,IN_PROGRESS,,Submit application and follow up with HR,,
APP-3K-2082,JOB-3K-APP-3K-2082,CMP-2A95F375,PayPal (Req #6),Business Development & Partnerships Executive,2026-09-02,,https://careers.paypal.com/jobs,Aditya_Mehra_Operations_Analyst_v1,,No,,Active Pipeline / Automated Follow-Up Dispatched,,,,,,No,,IN_PROGRESS,,Submit application and follow up with HR,,
APP-3K-2083,JOB-3K-APP-3K-2083,CMP-27192AD2,Mastercard (Req #6),Payment Operations Analyst,2026-09-02,,https://careers.mastercard.com/jobs,Aditya_Mehra_Operations_Analyst_v1,,No,,Active Pipeline / Automated Follow-Up Dispatched,,,,,,No,,IN_PROGRESS,,Submit application and follow up with HR,,
APP-3K-2084,JOB-3K-APP-3K-2084,CMP-041B8CE0,Visa (Req #6),Risk & Fraud Operations Specialist,2026-09-02,,https://careers.visa.com/jobs,Aditya_Mehra_Operations_Analyst_v1,,No,,Active Pipeline / Automated Follow-Up Dispatched,,,,,,No,,IN_PROGRESS,,Submit application and follow up with HR,,
APP-3K-2085,JOB-3K-APP-3K-2085,CMP-5709D4D3,BharatPe (Req #6),Commercial Onboarding Coordinator,2026-09-02,,https://careers.bharatpe.com/jobs,Aditya_Mehra_Operations_Analyst_v1,,No,,Active Pipeline / Automated Follow-Up Dispatched,,,,,,No,,IN_PROGRESS,,Submit application and follow up with HR,,
APP-3K-2086,JOB-3K-APP-3K-2086,CMP-27B67BDF,Juspay (Req #6),FinTech Merchant Operations Associate,2026-09-02,,https://careers.juspay.com/jobs,Aditya_Mehra_Operations_Analyst_v1,,No,,Active Pipeline / Automated Follow-Up Dispatched,,,,,,No,,IN_PROGRESS,,Submit application and follow up with HR,,
APP-3K-2087,JOB-3K-APP-3K-2087,CMP-729D642B,Groww (Req #6),Business Development & Partnerships Executive,2026-09-02,,https://careers.groww.com/jobs,Aditya_Mehra_Operations_Analyst_v1,,No,,Active Pipeline / Automated Follow-Up Dispatched,,,,,,No,,IN_PROGRESS,,Submit application and follow up with HR,,
APP-3K-2088,JOB-3K-APP-3K-2088,CMP-3E376D92,Zerodha (Req #6),Payment Operations Analyst,2026-09-02,,https://careers.zerodha.com/jobs,Aditya_Mehra_Operations_Analyst_v1,,No,,Active Pipeline / Automated Follow-Up Dispatched,,,,,,No,,IN_PROGRESS,,Submit application and follow up with HR,,
APP-3K-2089,JOB-3K-APP-3K-2089,CMP-22933100,Coinbase India (Req #6),Risk & Fraud Operations Specialist,2026-09-02,,https://careers.coinbaseindia.com/jobs,Aditya_Mehra_Operations_Analyst_v1,,No,,Active Pipeline / Automated Follow-Up Dispatched,,,,,,No,,IN_PROGRESS,,Submit application and follow up with HR,,
APP-3K-2090,JOB-3K-APP-3K-2090,CMP-D6AB96B6,Revolut India (Req #6),Commercial Onboarding Coordinator,2026-09-02,,https://careers.revolutindia.com/jobs,Aditya_Mehra_Operations_Analyst_v1,,No,,Active Pipeline / Automated Follow-Up Dispatched,,,,,,No,,IN_PROGRESS,,Submit application and follow up with HR,,
APP-3K-2091,JOB-3K-APP-3K-2091,CMP-FBE623D7,Razorpay (Req #7),FinTech Merchant Operations Associate,2026-09-02,,https://careers.razorpay.com/jobs,Aditya_Mehra_Operations_Analyst_v1,,No,,Active Pipeline / Automated Follow-Up Dispatched,,,,,,No,,IN_PROGRESS,,Submit application and follow up with HR,,
APP-3K-2092,JOB-3K-APP-3K-2092,CMP-1082F94D,PhonePe (Req #7),Business Development & Partnerships Executive,2026-09-02,,https://careers.phonepe.com/jobs,Aditya_Mehra_Operations_Analyst_v1,,No,,Active Pipeline / Automated Follow-Up Dispatched,,,,,,No,,IN_PROGRESS,,Submit application and follow up with HR,,
APP-3K-2093,JOB-3K-APP-3K-2093,CMP-E000130F,CRED (Req #7),Payment Operations Analyst,2026-09-02,,https://careers.cred.com/jobs,Aditya_Mehra_Operations_Analyst_v1,,No,,Active Pipeline / Automated Follow-Up Dispatched,,,,,,No,,IN_PROGRESS,,Submit application and follow up with HR,,
APP-3K-2094,JOB-3K-APP-3K-2094,CMP-ED44C2E3,Paytm (Req #7),Risk & Fraud Operations Specialist,2026-09-02,,https://careers.paytm.com/jobs,Aditya_Mehra_Operations_Analyst_v1,,No,,Active Pipeline / Automated Follow-Up Dispatched,,,,,,No,,IN_PROGRESS,,Submit application and follow up with HR,,
APP-3K-2095,JOB-3K-APP-3K-2095,CMP-3B422292,Pine Labs (Req #7),Commercial Onboarding Coordinator,2026-09-02,,https://careers.pinelabs.com/jobs,Aditya_Mehra_Operations_Analyst_v1,,No,,Active Pipeline / Automated Follow-Up Dispatched,,,,,,No,,IN_PROGRESS,,Submit application and follow up with HR,,
APP-3K-2096,JOB-3K-APP-3K-2096,CMP-F7DF0938,Stripe India (Req #7),FinTech Merchant Operations Associate,2026-09-02,,https://careers.stripeindia.com/jobs,Aditya_Mehra_Operations_Analyst_v1,,No,,Active Pipeline / Automated Follow-Up Dispatched,,,,,,No,,IN_PROGRESS,,Submit application and follow up with HR,,
APP-3K-2097,JOB-3K-APP-3K-2097,CMP-8CC2D813,PayPal (Req #7),Business Development & Partnerships Executive,2026-09-02,,https://careers.paypal.com/jobs,Aditya_Mehra_Operations_Analyst_v1,,No,,Active Pipeline / Automated Follow-Up Dispatched,,,,,,No,,IN_PROGRESS,,Submit application and follow up with HR,,
APP-3K-2098,JOB-3K-APP-3K-2098,CMP-581BF8A4,Mastercard (Req #7),Payment Operations Analyst,2026-09-02,,https://careers.mastercard.com/jobs,Aditya_Mehra_Operations_Analyst_v1,,No,,Active Pipeline / Automated Follow-Up Dispatched,,,,,,No,,IN_PROGRESS,,Submit application and follow up with HR,,
APP-3K-2099,JOB-3K-APP-3K-2099,CMP-E2F586AF,Visa (Req #7),Risk & Fraud Operations Specialist,2026-09-02,,https://careers.visa.com/jobs,Aditya_Mehra_Operations_Analyst_v1,,No,,Active Pipeline / Automated Follow-Up Dispatched,,,,,,No,,IN_PROGRESS,,Submit application and follow up with HR,,
APP-3K-2100,JOB-3K-APP-3K-2100,CMP-9974C0C8,BharatPe (Req #7),Commercial Onboarding Coordinator,2026-09-02,,https://careers.bharatpe.com/jobs,Aditya_Mehra_Operations_Analyst_v1,,No,,Active Pipeline / Automated Follow-Up Dispatched,,,,,,No,,IN_PROGRESS,,Submit application and follow up with HR,,
APP-3K-2101,JOB-3K-APP-3K-2101,CMP-E61EA9A6,Juspay (Req #7),FinTech Merchant Operations Associate,2026-09-02,,https://careers.juspay.com/jobs,Aditya_Mehra_Operations_Analyst_v1,,No,,Active Pipeline / Automated Follow-Up Dispatched,,,,,,No,,IN_PROGRESS,,Submit application and follow up with HR,,
APP-3K-2102,JOB-3K-APP-3K-2102,CMP-A13B2B51,Groww (Req #7),Business Development & Partnerships Executive,2026-09-02,,https://careers.groww.com/jobs,Aditya_Mehra_Operations_Analyst_v1,,No,,Active Pipeline / Automated Follow-Up Dispatched,,,,,,No,,IN_PROGRESS,,Submit application and follow up with HR,,
APP-3K-2103,JOB-3K-APP-3K-2103,CMP-6A2FCFC3,Zerodha (Req #7),Payment Operations Analyst,2026-09-02,,https://careers.zerodha.com/jobs,Aditya_Mehra_Operations_Analyst_v1,,No,,Active Pipeline / Automated Follow-Up Dispatched,,,,,,No,,IN_PROGRESS,,Submit application and follow up with HR,,
APP-3K-2104,JOB-3K-APP-3K-2104,CMP-41383146,Coinbase India (Req #7),Risk & Fraud Operations Specialist,2026-09-02,,https://careers.coinbaseindia.com/jobs,Aditya_Mehra_Operations_Analyst_v1,,No,,Active Pipeline / Automated Follow-Up Dispatched,,,,,,No,,IN_PROGRESS,,Submit application and follow up with HR,,
APP-3K-2105,JOB-3K-APP-3K-2105,CMP-74D0EFAA,Revolut India (Req #7),Commercial Onboarding Coordinator,2026-09-02,,https://careers.revolutindia.com/jobs,Aditya_Mehra_Operations_Analyst_v1,,No,,Active Pipeline / Automated Follow-Up Dispatched,,,,,,No,,IN_PROGRESS,,Submit application and follow up with HR,,
APP-3K-2106,JOB-3K-APP-3K-2106,CMP-FCE901C2,Razorpay (Req #8),FinTech Merchant Operations Associate,2026-09-02,,https://careers.razorpay.com/jobs,Aditya_Mehra_Operations_Analyst_v1,,No,,Active Pipeline / Automated Follow-Up Dispatched,,,,,,No,,IN_PROGRESS,,Submit application and follow up with HR,,
APP-3K-2107,JOB-3K-APP-3K-2107,CMP-59FE58FC,PhonePe (Req #8),Business Development & Partnerships Executive,2026-09-02,,https://careers.phonepe.com/jobs,Aditya_Mehra_Operations_Analyst_v1,,No,,Active Pipeline / Automated Follow-Up Dispatched,,,,,,No,,IN_PROGRESS,,Submit application and follow up with HR,,
APP-3K-2108,JOB-3K-APP-3K-2108,CMP-CD819B1C,CRED (Req #8),Payment Operations Analyst,2026-09-02,,https://careers.cred.com/jobs,Aditya_Mehra_Operations_Analyst_v1,,No,,Active Pipeline / Automated Follow-Up Dispatched,,,,,,No,,IN_PROGRESS,,Submit application and follow up with HR,,
APP-3K-2109,JOB-3K-APP-3K-2109,CMP-91D079BD,Paytm (Req #8),Risk & Fraud Operations Specialist,2026-09-02,,https://careers.paytm.com/jobs,Aditya_Mehra_Operations_Analyst_v1,,No,,Active Pipeline / Automated Follow-Up Dispatched,,,,,,No,,IN_PROGRESS,,Submit application and follow up with HR,,
APP-3K-2110,JOB-3K-APP-3K-2110,CMP-1EA71E8F,Pine Labs (Req #8),Commercial Onboarding Coordinator,2026-09-02,,https://careers.pinelabs.com/jobs,Aditya_Mehra_Operations_Analyst_v1,,No,,Active Pipeline / Automated Follow-Up Dispatched,,,,,,No,,IN_PROGRESS,,Submit application and follow up with HR,,
APP-3K-2111,JOB-3K-APP-3K-2111,CMP-D2A43B48,Stripe India (Req #8),FinTech Merchant Operations Associate,2026-09-02,,https://careers.stripeindia.com/jobs,Aditya_Mehra_Operations_Analyst_v1,,No,,Active Pipeline / Automated Follow-Up Dispatched,,,,,,No,,IN_PROGRESS,,Submit application and follow up with HR,,
APP-3K-2112,JOB-3K-APP-3K-2112,CMP-DFFAAB72,PayPal (Req #8),Business Development & Partnerships Executive,2026-09-02,,https://careers.paypal.com/jobs,Aditya_Mehra_Operations_Analyst_v1,,No,,Active Pipeline / Automated Follow-Up Dispatched,,,,,,No,,IN_PROGRESS,,Submit application and follow up with HR,,
APP-3K-2113,JOB-3K-APP-3K-2113,CMP-23639944,Mastercard (Req #8),Payment Operations Analyst,2026-09-02,,https://careers.mastercard.com/jobs,Aditya_Mehra_Operations_Analyst_v1,,No,,Active Pipeline / Automated Follow-Up Dispatched,,,,,,No,,IN_PROGRESS,,Submit application and follow up with HR,,
APP-3K-2114,JOB-3K-APP-3K-2114,CMP-4B47AF45,Visa (Req #8),Risk & Fraud Operations Specialist,2026-09-02,,https://careers.visa.com/jobs,Aditya_Mehra_Operations_Analyst_v1,,No,,Active Pipeline / Automated Follow-Up Dispatched,,,,,,No,,IN_PROGRESS,,Submit application and follow up with HR,,
APP-3K-2115,JOB-3K-APP-3K-2115,CMP-6A249655,BharatPe (Req #8),Commercial Onboarding Coordinator,2026-09-02,,https://careers.bharatpe.com/jobs,Aditya_Mehra_Operations_Analyst_v1,,No,,Active Pipeline / Automated Follow-Up Dispatched,,,,,,No,,IN_PROGRESS,,Submit application and follow up with HR,,
APP-3K-2116,JOB-3K-APP-3K-2116,CMP-C0411AD1,Juspay (Req #8),FinTech Merchant Operations Associate,2026-09-02,,https://careers.juspay.com/jobs,Aditya_Mehra_Operations_Analyst_v1,,No,,Active Pipeline / Automated Follow-Up Dispatched,,,,,,No,,IN_PROGRESS,,Submit application and follow up with HR,,
APP-3K-2117,JOB-3K-APP-3K-2117,CMP-F4BB1230,Groww (Req #8),Business Development & Partnerships Executive,2026-09-02,,https://careers.groww.com/jobs,Aditya_Mehra_Operations_Analyst_v1,,No,,Active Pipeline / Automated Follow-Up Dispatched,,,,,,No,,IN_PROGRESS,,Submit application and follow up with HR,,
APP-3K-2118,JOB-3K-APP-3K-2118,CMP-35404419,Zerodha (Req #8),Payment Operations Analyst,2026-09-02,,https://careers.zerodha.com/jobs,Aditya_Mehra_Operations_Analyst_v1,,No,,Active Pipeline / Automated Follow-Up Dispatched,,,,,,No,,IN_PROGRESS,,Submit application and follow up with HR,,
APP-3K-2119,JOB-3K-APP-3K-2119,CMP-3B726D74,Coinbase India (Req #8),Risk & Fraud Operations Specialist,2026-09-02,,https://careers.coinbaseindia.com/jobs,Aditya_Mehra_Operations_Analyst_v1,,No,,Active Pipeline / Automated Follow-Up Dispatched,,,,,,No,,IN_PROGRESS,,Submit application and follow up with HR,,
APP-3K-2120,JOB-3K-APP-3K-2120,CMP-DBA7491F,Revolut India (Req #8),Commercial Onboarding Coordinator,2026-09-02,,https://careers.revolutindia.com/jobs,Aditya_Mehra_Operations_Analyst_v1,,No,,Active Pipeline / Automated Follow-Up Dispatched,,,,,,No,,IN_PROGRESS,,Submit application and follow up with HR,,
APP-3K-2121,JOB-3K-APP-3K-2121,CMP-4F8DA766,Razorpay (Req #9),FinTech Merchant Operations Associate,2026-09-02,,https://careers.razorpay.com/jobs,Aditya_Mehra_Operations_Analyst_v1,,No,,Active Pipeline / Automated Follow-Up Dispatched,,,,,,No,,IN_PROGRESS,,Submit application and follow up with HR,,
APP-3K-2122,JOB-3K-APP-3K-2122,CMP-23B4907F,PhonePe (Req #9),Business Development & Partnerships Executive,2026-09-02,,https://careers.phonepe.com/jobs,Aditya_Mehra_Operations_Analyst_v1,,No,,Active Pipeline / Automated Follow-Up Dispatched,,,,,,No,,IN_PROGRESS,,Submit application and follow up with HR,,
APP-3K-2123,JOB-3K-APP-3K-2123,CMP-828F2718,CRED (Req #9),Payment Operations Analyst,2026-09-02,,https://careers.cred.com/jobs,Aditya_Mehra_Operations_Analyst_v1,,No,,Active Pipeline / Automated Follow-Up Dispatched,,,,,,No,,IN_PROGRESS,,Submit application and follow up with HR,,
APP-3K-2124,JOB-3K-APP-3K-2124,CMP-BF2B8B4C,Paytm (Req #9),Risk & Fraud Operations Specialist,2026-09-02,,https://careers.paytm.com/jobs,Aditya_Mehra_Operations_Analyst_v1,,No,,Active Pipeline / Automated Follow-Up Dispatched,,,,,,No,,IN_PROGRESS,,Submit application and follow up with HR,,
APP-3K-2125,JOB-3K-APP-3K-2125,CMP-AF34E2CB,Pine Labs (Req #9),Commercial Onboarding Coordinator,2026-09-02,,https://careers.pinelabs.com/jobs,Aditya_Mehra_Operations_Analyst_v1,,No,,Active Pipeline / Automated Follow-Up Dispatched,,,,,,No,,IN_PROGRESS,,Submit application and follow up with HR,,
APP-3K-2126,JOB-3K-APP-3K-2126,CMP-1B331C4A,Stripe India (Req #9),FinTech Merchant Operations Associate,2026-09-02,,https://careers.stripeindia.com/jobs,Aditya_Mehra_Operations_Analyst_v1,,No,,Active Pipeline / Automated Follow-Up Dispatched,,,,,,No,,IN_PROGRESS,,Submit application and follow up with HR,,
APP-3K-2127,JOB-3K-APP-3K-2127,CMP-447CF425,PayPal (Req #9),Business Development & Partnerships Executive,2026-09-02,,https://careers.paypal.com/jobs,Aditya_Mehra_Operations_Analyst_v1,,No,,Active Pipeline / Automated Follow-Up Dispatched,,,,,,No,,IN_PROGRESS,,Submit application and follow up with HR,,
APP-3K-2128,JOB-3K-APP-3K-2128,CMP-462C4C64,Mastercard (Req #9),Payment Operations Analyst,2026-09-02,,https://careers.mastercard.com/jobs,Aditya_Mehra_Operations_Analyst_v1,,No,,Active Pipeline / Automated Follow-Up Dispatched,,,,,,No,,IN_PROGRESS,,Submit application and follow up with HR,,
APP-3K-2129,JOB-3K-APP-3K-2129,CMP-C346EABE,Visa (Req #9),Risk & Fraud Operations Specialist,2026-09-02,,https://careers.visa.com/jobs,Aditya_Mehra_Operations_Analyst_v1,,No,,Active Pipeline / Automated Follow-Up Dispatched,,,,,,No,,IN_PROGRESS,,Submit application and follow up with HR,,
APP-3K-2130,JOB-3K-APP-3K-2130,CMP-77C1F368,BharatPe (Req #9),Commercial Onboarding Coordinator,2026-09-02,,https://careers.bharatpe.com/jobs,Aditya_Mehra_Operations_Analyst_v1,,No,,Active Pipeline / Automated Follow-Up Dispatched,,,,,,No,,IN_PROGRESS,,Submit application and follow up with HR,,
APP-3K-2131,JOB-3K-APP-3K-2131,CMP-6F06E6C3,Juspay (Req #9),FinTech Merchant Operations Associate,2026-09-02,,https://careers.juspay.com/jobs,Aditya_Mehra_Operations_Analyst_v1,,No,,Active Pipeline / Automated Follow-Up Dispatched,,,,,,No,,IN_PROGRESS,,Submit application and follow up with HR,,
APP-3K-2132,JOB-3K-APP-3K-2132,CMP-9D5A8F96,Groww (Req #9),Business Development & Partnerships Executive,2026-09-02,,https://careers.groww.com/jobs,Aditya_Mehra_Operations_Analyst_v1,,No,,Active Pipeline / Automated Follow-Up Dispatched,,,,,,No,,IN_PROGRESS,,Submit application and follow up with HR,,
APP-3K-2133,JOB-3K-APP-3K-2133,CMP-8BD59473,Zerodha (Req #9),Payment Operations Analyst,2026-09-02,,https://careers.zerodha.com/jobs,Aditya_Mehra_Operations_Analyst_v1,,No,,Active Pipeline / Automated Follow-Up Dispatched,,,,,,No,,IN_PROGRESS,,Submit application and follow up with HR,,
APP-3K-2134,JOB-3K-APP-3K-2134,CMP-07D6F378,Coinbase India (Req #9),Risk & Fraud Operations Specialist,2026-09-02,,https://careers.coinbaseindia.com/jobs,Aditya_Mehra_Operations_Analyst_v1,,No,,Active Pipeline / Automated Follow-Up Dispatched,,,,,,No,,IN_PROGRESS,,Submit application and follow up with HR,,
APP-3K-2135,JOB-3K-APP-3K-2135,CMP-32391DE1,Revolut India (Req #9),Commercial Onboarding Coordinator,2026-09-02,,https://careers.revolutindia.com/jobs,Aditya_Mehra_Operations_Analyst_v1,,No,,Active Pipeline / Automated Follow-Up Dispatched,,,,,,No,,IN_PROGRESS,,Submit application and follow up with HR,,
APP-3K-2136,JOB-3K-APP-3K-2136,CMP-D6080103,Razorpay (Req #10),FinTech Merchant Operations Associate,2026-09-02,,https://careers.razorpay.com/jobs,Aditya_Mehra_Operations_Analyst_v1,,No,,Active Pipeline / Automated Follow-Up Dispatched,,,,,,No,,IN_PROGRESS,,Submit application and follow up with HR,,
APP-3K-2137,JOB-3K-APP-3K-2137,CMP-A9D40D13,PhonePe (Req #10),Business Development & Partnerships Executive,2026-09-02,,https://careers.phonepe.com/jobs,Aditya_Mehra_Operations_Analyst_v1,,No,,Active Pipeline / Automated Follow-Up Dispatched,,,,,,No,,IN_PROGRESS,,Submit application and follow up with HR,,
APP-3K-2138,JOB-3K-APP-3K-2138,CMP-0AF7AA6E,CRED (Req #10),Payment Operations Analyst,2026-09-02,,https://careers.cred.com/jobs,Aditya_Mehra_Operations_Analyst_v1,,No,,Active Pipeline / Automated Follow-Up Dispatched,,,,,,No,,IN_PROGRESS,,Submit application and follow up with HR,,
APP-3K-2139,JOB-3K-APP-3K-2139,CMP-952B971D,Paytm (Req #10),Risk & Fraud Operations Specialist,2026-09-02,,https://careers.paytm.com/jobs,Aditya_Mehra_Operations_Analyst_v1,,No,,Active Pipeline / Automated Follow-Up Dispatched,,,,,,No,,IN_PROGRESS,,Submit application and follow up with HR,,
APP-3K-2140,JOB-3K-APP-3K-2140,CMP-0A0F799F,Pine Labs (Req #10),Commercial Onboarding Coordinator,2026-09-02,,https://careers.pinelabs.com/jobs,Aditya_Mehra_Operations_Analyst_v1,,No,,Active Pipeline / Automated Follow-Up Dispatched,,,,,,No,,IN_PROGRESS,,Submit application and follow up with HR,,
APP-3K-2141,JOB-3K-APP-3K-2141,CMP-448C55C8,Stripe India (Req #10),FinTech Merchant Operations Associate,2026-09-02,,https://careers.stripeindia.com/jobs,Aditya_Mehra_Operations_Analyst_v1,,No,,Active Pipeline / Automated Follow-Up Dispatched,,,,,,No,,IN_PROGRESS,,Submit application and follow up with HR,,
APP-3K-2142,JOB-3K-APP-3K-2142,CMP-89127393,PayPal (Req #10),Business Development & Partnerships Executive,2026-09-02,,https://careers.paypal.com/jobs,Aditya_Mehra_Operations_Analyst_v1,,No,,Active Pipeline / Automated Follow-Up Dispatched,,,,,,No,,IN_PROGRESS,,Submit application and follow up with HR,,
APP-3K-2143,JOB-3K-APP-3K-2143,CMP-98666C3A,Mastercard (Req #10),Payment Operations Analyst,2026-09-02,,https://careers.mastercard.com/jobs,Aditya_Mehra_Operations_Analyst_v1,,No,,Active Pipeline / Automated Follow-Up Dispatched,,,,,,No,,IN_PROGRESS,,Submit application and follow up with HR,,
APP-3K-2144,JOB-3K-APP-3K-2144,CMP-C06E70CA,Visa (Req #10),Risk & Fraud Operations Specialist,2026-09-02,,https://careers.visa.com/jobs,Aditya_Mehra_Operations_Analyst_v1,,No,,Active Pipeline / Automated Follow-Up Dispatched,,,,,,No,,IN_PROGRESS,,Submit application and follow up with HR,,
APP-3K-2145,JOB-3K-APP-3K-2145,CMP-D48912A8,BharatPe (Req #10),Commercial Onboarding Coordinator,2026-09-02,,https://careers.bharatpe.com/jobs,Aditya_Mehra_Operations_Analyst_v1,,No,,Active Pipeline / Automated Follow-Up Dispatched,,,,,,No,,IN_PROGRESS,,Submit application and follow up with HR,,
APP-3K-2146,JOB-3K-APP-3K-2146,CMP-0D35167B,Juspay (Req #10),FinTech Merchant Operations Associate,2026-09-02,,https://careers.juspay.com/jobs,Aditya_Mehra_Operations_Analyst_v1,,No,,Active Pipeline / Automated Follow-Up Dispatched,,,,,,No,,IN_PROGRESS,,Submit application and follow up with HR,,
APP-3K-2147,JOB-3K-APP-3K-2147,CMP-78BB98C3,Groww (Req #10),Business Development & Partnerships Executive,2026-09-02,,https://careers.groww.com/jobs,Aditya_Mehra_Operations_Analyst_v1,,No,,Active Pipeline / Automated Follow-Up Dispatched,,,,,,No,,IN_PROGRESS,,Submit application and follow up with HR,,
APP-3K-2148,JOB-3K-APP-3K-2148,CMP-6FD1B493,Zerodha (Req #10),Payment Operations Analyst,2026-09-02,,https://careers.zerodha.com/jobs,Aditya_Mehra_Operations_Analyst_v1,,No,,Active Pipeline / Automated Follow-Up Dispatched,,,,,,No,,IN_PROGRESS,,Submit application and follow up with HR,,
APP-3K-2149,JOB-3K-APP-3K-2149,CMP-D9F96B05,Coinbase India (Req #10),Risk & Fraud Operations Specialist,2026-09-02,,https://careers.coinbaseindia.com/jobs,Aditya_Mehra_Operations_Analyst_v1,,No,,Active Pipeline / Automated Follow-Up Dispatched,,,,,,No,,IN_PROGRESS,,Submit application and follow up with HR,,
APP-3K-2150,JOB-3K-APP-3K-2150,CMP-EF2F9663,Revolut India (Req #10),Commercial Onboarding Coordinator,2026-09-02,,https://careers.revolutindia.com/jobs,Aditya_Mehra_Operations_Analyst_v1,,No,,Active Pipeline / Automated Follow-Up Dispatched,,,,,,No,,IN_PROGRESS,,Submit application and follow up with HR,,
APP-3K-2151,JOB-3K-APP-3K-2151,CMP-E3282A62,Razorpay (Req #11),FinTech Merchant Operations Associate,2026-09-03,,https://careers.razorpay.com/jobs,Aditya_Mehra_Operations_Analyst_v1,,No,,Active Pipeline / Automated Follow-Up Dispatched,,,,,,No,,IN_PROGRESS,,Submit application and follow up with HR,,
APP-3K-2152,JOB-3K-APP-3K-2152,CMP-347656DC,PhonePe (Req #11),Business Development & Partnerships Executive,2026-09-03,,https://careers.phonepe.com/jobs,Aditya_Mehra_Operations_Analyst_v1,,No,,Active Pipeline / Automated Follow-Up Dispatched,,,,,,No,,IN_PROGRESS,,Submit application and follow up with HR,,
APP-3K-2153,JOB-3K-APP-3K-2153,CMP-325DC932,CRED (Req #11),Payment Operations Analyst,2026-09-03,,https://careers.cred.com/jobs,Aditya_Mehra_Operations_Analyst_v1,,No,,Active Pipeline / Automated Follow-Up Dispatched,,,,,,No,,IN_PROGRESS,,Submit application and follow up with HR,,
APP-3K-2154,JOB-3K-APP-3K-2154,CMP-0290D524,Paytm (Req #11),Risk & Fraud Operations Specialist,2026-09-03,,https://careers.paytm.com/jobs,Aditya_Mehra_Operations_Analyst_v1,,No,,Active Pipeline / Automated Follow-Up Dispatched,,,,,,No,,IN_PROGRESS,,Submit application and follow up with HR,,
APP-3K-2155,JOB-3K-APP-3K-2155,CMP-701862F7,Pine Labs (Req #11),Commercial Onboarding Coordinator,2026-09-03,,https://careers.pinelabs.com/jobs,Aditya_Mehra_Operations_Analyst_v1,,No,,Active Pipeline / Automated Follow-Up Dispatched,,,,,,No,,IN_PROGRESS,,Submit application and follow up with HR,,
APP-3K-2156,JOB-3K-APP-3K-2156,CMP-AD6E6B77,Stripe India (Req #11),FinTech Merchant Operations Associate,2026-09-03,,https://careers.stripeindia.com/jobs,Aditya_Mehra_Operations_Analyst_v1,,No,,Active Pipeline / Automated Follow-Up Dispatched,,,,,,No,,IN_PROGRESS,,Submit application and follow up with HR,,
APP-3K-2157,JOB-3K-APP-3K-2157,CMP-D79D591F,PayPal (Req #11),Business Development & Partnerships Executive,2026-09-03,,https://careers.paypal.com/jobs,Aditya_Mehra_Operations_Analyst_v1,,No,,Active Pipeline / Automated Follow-Up Dispatched,,,,,,No,,IN_PROGRESS,,Submit application and follow up with HR,,
APP-3K-2158,JOB-3K-APP-3K-2158,CMP-AEAE2760,Mastercard (Req #11),Payment Operations Analyst,2026-09-03,,https://careers.mastercard.com/jobs,Aditya_Mehra_Operations_Analyst_v1,,No,,Active Pipeline / Automated Follow-Up Dispatched,,,,,,No,,IN_PROGRESS,,Submit application and follow up with HR,,
APP-3K-2159,JOB-3K-APP-3K-2159,CMP-C8B8660F,Visa (Req #11),Risk & Fraud Operations Specialist,2026-09-03,,https://careers.visa.com/jobs,Aditya_Mehra_Operations_Analyst_v1,,No,,Active Pipeline / Automated Follow-Up Dispatched,,,,,,No,,IN_PROGRESS,,Submit application and follow up with HR,,
APP-3K-2160,JOB-3K-APP-3K-2160,CMP-2EA29428,BharatPe (Req #11),Commercial Onboarding Coordinator,2026-09-03,,https://careers.bharatpe.com/jobs,Aditya_Mehra_Operations_Analyst_v1,,No,,Active Pipeline / Automated Follow-Up Dispatched,,,,,,No,,IN_PROGRESS,,Submit application and follow up with HR,,
APP-3K-2161,JOB-3K-APP-3K-2161,CMP-D2CF9164,Juspay (Req #11),FinTech Merchant Operations Associate,2026-09-03,,https://careers.juspay.com/jobs,Aditya_Mehra_Operations_Analyst_v1,,No,,Active Pipeline / Automated Follow-Up Dispatched,,,,,,No,,IN_PROGRESS,,Submit application and follow up with HR,,
APP-3K-2162,JOB-3K-APP-3K-2162,CMP-52C7A96E,Groww (Req #11),Business Development & Partnerships Executive,2026-09-03,,https://careers.groww.com/jobs,Aditya_Mehra_Operations_Analyst_v1,,No,,Active Pipeline / Automated Follow-Up Dispatched,,,,,,No,,IN_PROGRESS,,Submit application and follow up with HR,,
APP-3K-2163,JOB-3K-APP-3K-2163,CMP-7239CD4B,Zerodha (Req #11),Payment Operations Analyst,2026-09-03,,https://careers.zerodha.com/jobs,Aditya_Mehra_Operations_Analyst_v1,,No,,Active Pipeline / Automated Follow-Up Dispatched,,,,,,No,,IN_PROGRESS,,Submit application and follow up with HR,,
APP-3K-2164,JOB-3K-APP-3K-2164,CMP-E8822333,Coinbase India (Req #11),Risk & Fraud Operations Specialist,2026-09-03,,https://careers.coinbaseindia.com/jobs,Aditya_Mehra_Operations_Analyst_v1,,No,,Active Pipeline / Automated Follow-Up Dispatched,,,,,,No,,IN_PROGRESS,,Submit application and follow up with HR,,
APP-3K-2165,JOB-3K-APP-3K-2165,CMP-91A2DCE9,Revolut India (Req #11),Commercial Onboarding Coordinator,2026-09-03,,https://careers.revolutindia.com/jobs,Aditya_Mehra_Operations_Analyst_v1,,No,,Active Pipeline / Automated Follow-Up Dispatched,,,,,,No,,IN_PROGRESS,,Submit application and follow up with HR,,
APP-3K-2166,JOB-3K-APP-3K-2166,CMP-91C7D75A,Razorpay (Req #12),FinTech Merchant Operations Associate,2026-09-03,,https://careers.razorpay.com/jobs,Aditya_Mehra_Operations_Analyst_v1,,No,,Active Pipeline / Automated Follow-Up Dispatched,,,,,,No,,IN_PROGRESS,,Submit application and follow up with HR,,
APP-3K-2167,JOB-3K-APP-3K-2167,CMP-0F4DF750,PhonePe (Req #12),Business Development & Partnerships Executive,2026-09-03,,https://careers.phonepe.com/jobs,Aditya_Mehra_Operations_Analyst_v1,,No,,Active Pipeline / Automated Follow-Up Dispatched,,,,,,No,,IN_PROGRESS,,Submit application and follow up with HR,,
APP-3K-2168,JOB-3K-APP-3K-2168,CMP-C924D404,CRED (Req #12),Payment Operations Analyst,2026-09-03,,https://careers.cred.com/jobs,Aditya_Mehra_Operations_Analyst_v1,,No,,Active Pipeline / Automated Follow-Up Dispatched,,,,,,No,,IN_PROGRESS,,Submit application and follow up with HR,,
APP-3K-2169,JOB-3K-APP-3K-2169,CMP-E918E061,Paytm (Req #12),Risk & Fraud Operations Specialist,2026-09-03,,https://careers.paytm.com/jobs,Aditya_Mehra_Operations_Analyst_v1,,No,,Active Pipeline / Automated Follow-Up Dispatched,,,,,,No,,IN_PROGRESS,,Submit application and follow up with HR,,
APP-3K-2170,JOB-3K-APP-3K-2170,CMP-20D2EEB5,Pine Labs (Req #12),Commercial Onboarding Coordinator,2026-09-03,,https://careers.pinelabs.com/jobs,Aditya_Mehra_Operations_Analyst_v1,,No,,Active Pipeline / Automated Follow-Up Dispatched,,,,,,No,,IN_PROGRESS,,Submit application and follow up with HR,,
APP-3K-2171,JOB-3K-APP-3K-2171,CMP-A5826FBA,Stripe India (Req #12),FinTech Merchant Operations Associate,2026-09-03,,https://careers.stripeindia.com/jobs,Aditya_Mehra_Operations_Analyst_v1,,No,,Active Pipeline / Automated Follow-Up Dispatched,,,,,,No,,IN_PROGRESS,,Submit application and follow up with HR,,
APP-3K-2172,JOB-3K-APP-3K-2172,CMP-73A8683A,PayPal (Req #12),Business Development & Partnerships Executive,2026-09-03,,https://careers.paypal.com/jobs,Aditya_Mehra_Operations_Analyst_v1,,No,,Active Pipeline / Automated Follow-Up Dispatched,,,,,,No,,IN_PROGRESS,,Submit application and follow up with HR,,
APP-3K-2173,JOB-3K-APP-3K-2173,CMP-0F5464CB,Mastercard (Req #12),Payment Operations Analyst,2026-09-03,,https://careers.mastercard.com/jobs,Aditya_Mehra_Operations_Analyst_v1,,No,,Active Pipeline / Automated Follow-Up Dispatched,,,,,,No,,IN_PROGRESS,,Submit application and follow up with HR,,
APP-3K-2174,JOB-3K-APP-3K-2174,CMP-50519E59,Visa (Req #12),Risk & Fraud Operations Specialist,2026-09-03,,https://careers.visa.com/jobs,Aditya_Mehra_Operations_Analyst_v1,,No,,Active Pipeline / Automated Follow-Up Dispatched,,,,,,No,,IN_PROGRESS,,Submit application and follow up with HR,,
APP-3K-2175,JOB-3K-APP-3K-2175,CMP-6681F559,BharatPe (Req #12),Commercial Onboarding Coordinator,2026-09-03,,https://careers.bharatpe.com/jobs,Aditya_Mehra_Operations_Analyst_v1,,No,,Active Pipeline / Automated Follow-Up Dispatched,,,,,,No,,IN_PROGRESS,,Submit application and follow up with HR,,
APP-3K-2176,JOB-3K-APP-3K-2176,CMP-CF0B278D,Juspay (Req #12),FinTech Merchant Operations Associate,2026-09-03,,https://careers.juspay.com/jobs,Aditya_Mehra_Operations_Analyst_v1,,No,,Active Pipeline / Automated Follow-Up Dispatched,,,,,,No,,IN_PROGRESS,,Submit application and follow up with HR,,
APP-3K-2177,JOB-3K-APP-3K-2177,CMP-BFA7148D,Groww (Req #12),Business Development & Partnerships Executive,2026-09-03,,https://careers.groww.com/jobs,Aditya_Mehra_Operations_Analyst_v1,,No,,Active Pipeline / Automated Follow-Up Dispatched,,,,,,No,,IN_PROGRESS,,Submit application and follow up with HR,,
APP-3K-2178,JOB-3K-APP-3K-2178,CMP-C3D8AA5D,Zerodha (Req #12),Payment Operations Analyst,2026-09-03,,https://careers.zerodha.com/jobs,Aditya_Mehra_Operations_Analyst_v1,,No,,Active Pipeline / Automated Follow-Up Dispatched,,,,,,No,,IN_PROGRESS,,Submit application and follow up with HR,,
APP-3K-2179,JOB-3K-APP-3K-2179,CMP-9503E206,Coinbase India (Req #12),Risk & Fraud Operations Specialist,2026-09-03,,https://careers.coinbaseindia.com/jobs,Aditya_Mehra_Operations_Analyst_v1,,No,,Active Pipeline / Automated Follow-Up Dispatched,,,,,,No,,IN_PROGRESS,,Submit application and follow up with HR,,
APP-3K-2180,JOB-3K-APP-3K-2180,CMP-1176745F,Revolut India (Req #12),Commercial Onboarding Coordinator,2026-09-03,,https://careers.revolutindia.com/jobs,Aditya_Mehra_Operations_Analyst_v1,,No,,Active Pipeline / Automated Follow-Up Dispatched,,,,,,No,,IN_PROGRESS,,Submit application and follow up with HR,,
APP-3K-2181,JOB-3K-APP-3K-2181,CMP-401AE067,Razorpay (Req #13),FinTech Merchant Operations Associate,2026-09-03,,https://careers.razorpay.com/jobs,Aditya_Mehra_Operations_Analyst_v1,,No,,Active Pipeline / Automated Follow-Up Dispatched,,,,,,No,,IN_PROGRESS,,Submit application and follow up with HR,,
APP-3K-2182,JOB-3K-APP-3K-2182,CMP-08DA10CC,PhonePe (Req #13),Business Development & Partnerships Executive,2026-09-03,,https://careers.phonepe.com/jobs,Aditya_Mehra_Operations_Analyst_v1,,No,,Active Pipeline / Automated Follow-Up Dispatched,,,,,,No,,IN_PROGRESS,,Submit application and follow up with HR,,
APP-3K-2183,JOB-3K-APP-3K-2183,CMP-1FACF7BE,CRED (Req #13),Payment Operations Analyst,2026-09-03,,https://careers.cred.com/jobs,Aditya_Mehra_Operations_Analyst_v1,,No,,Active Pipeline / Automated Follow-Up Dispatched,,,,,,No,,IN_PROGRESS,,Submit application and follow up with HR,,
APP-3K-2184,JOB-3K-APP-3K-2184,CMP-E73C9017,Paytm (Req #13),Risk & Fraud Operations Specialist,2026-09-03,,https://careers.paytm.com/jobs,Aditya_Mehra_Operations_Analyst_v1,,No,,Active Pipeline / Automated Follow-Up Dispatched,,,,,,No,,IN_PROGRESS,,Submit application and follow up with HR,,
APP-3K-2185,JOB-3K-APP-3K-2185,CMP-0C19AAF9,Pine Labs (Req #13),Commercial Onboarding Coordinator,2026-09-03,,https://careers.pinelabs.com/jobs,Aditya_Mehra_Operations_Analyst_v1,,No,,Active Pipeline / Automated Follow-Up Dispatched,,,,,,No,,IN_PROGRESS,,Submit application and follow up with HR,,
APP-3K-2186,JOB-3K-APP-3K-2186,CMP-D5631E0E,Stripe India (Req #13),FinTech Merchant Operations Associate,2026-09-03,,https://careers.stripeindia.com/jobs,Aditya_Mehra_Operations_Analyst_v1,,No,,Active Pipeline / Automated Follow-Up Dispatched,,,,,,No,,IN_PROGRESS,,Submit application and follow up with HR,,
APP-3K-2187,JOB-3K-APP-3K-2187,CMP-A7438B02,PayPal (Req #13),Business Development & Partnerships Executive,2026-09-03,,https://careers.paypal.com/jobs,Aditya_Mehra_Operations_Analyst_v1,,No,,Active Pipeline / Automated Follow-Up Dispatched,,,,,,No,,IN_PROGRESS,,Submit application and follow up with HR,,
APP-3K-2188,JOB-3K-APP-3K-2188,CMP-16CC1EB1,Mastercard (Req #13),Payment Operations Analyst,2026-09-03,,https://careers.mastercard.com/jobs,Aditya_Mehra_Operations_Analyst_v1,,No,,Active Pipeline / Automated Follow-Up Dispatched,,,,,,No,,IN_PROGRESS,,Submit application and follow up with HR,,
APP-3K-2189,JOB-3K-APP-3K-2189,CMP-19D09FF3,Visa (Req #13),Risk & Fraud Operations Specialist,2026-09-03,,https://careers.visa.com/jobs,Aditya_Mehra_Operations_Analyst_v1,,No,,Active Pipeline / Automated Follow-Up Dispatched,,,,,,No,,IN_PROGRESS,,Submit application and follow up with HR,,
APP-3K-2190,JOB-3K-APP-3K-2190,CMP-CAFA4928,BharatPe (Req #13),Commercial Onboarding Coordinator,2026-09-03,,https://careers.bharatpe.com/jobs,Aditya_Mehra_Operations_Analyst_v1,,No,,Active Pipeline / Automated Follow-Up Dispatched,,,,,,No,,IN_PROGRESS,,Submit application and follow up with HR,,
APP-3K-2191,JOB-3K-APP-3K-2191,CMP-BDCD5363,Juspay (Req #13),FinTech Merchant Operations Associate,2026-09-03,,https://careers.juspay.com/jobs,Aditya_Mehra_Operations_Analyst_v1,,No,,Active Pipeline / Automated Follow-Up Dispatched,,,,,,No,,IN_PROGRESS,,Submit application and follow up with HR,,
APP-3K-2192,JOB-3K-APP-3K-2192,CMP-E5DDE3B8,Groww (Req #13),Business Development & Partnerships Executive,2026-09-03,,https://careers.groww.com/jobs,Aditya_Mehra_Operations_Analyst_v1,,No,,Active Pipeline / Automated Follow-Up Dispatched,,,,,,No,,IN_PROGRESS,,Submit application and follow up with HR,,
APP-3K-2193,JOB-3K-APP-3K-2193,CMP-E613C1B1,Zerodha (Req #13),Payment Operations Analyst,2026-09-03,,https://careers.zerodha.com/jobs,Aditya_Mehra_Operations_Analyst_v1,,No,,Active Pipeline / Automated Follow-Up Dispatched,,,,,,No,,IN_PROGRESS,,Submit application and follow up with HR,,
APP-3K-2194,JOB-3K-APP-3K-2194,CMP-EB30B713,Coinbase India (Req #13),Risk & Fraud Operations Specialist,2026-09-03,,https://careers.coinbaseindia.com/jobs,Aditya_Mehra_Operations_Analyst_v1,,No,,Active Pipeline / Automated Follow-Up Dispatched,,,,,,No,,IN_PROGRESS,,Submit application and follow up with HR,,
APP-3K-2195,JOB-3K-APP-3K-2195,CMP-C452AEF9,Revolut India (Req #13),Commercial Onboarding Coordinator,2026-09-03,,https://careers.revolutindia.com/jobs,Aditya_Mehra_Operations_Analyst_v1,,No,,Active Pipeline / Automated Follow-Up Dispatched,,,,,,No,,IN_PROGRESS,,Submit application and follow up with HR,,
APP-3K-2196,JOB-3K-APP-3K-2196,CMP-45D0D6C9,Razorpay (Req #14),FinTech Merchant Operations Associate,2026-09-03,,https://careers.razorpay.com/jobs,Aditya_Mehra_Operations_Analyst_v1,,No,,Active Pipeline / Automated Follow-Up Dispatched,,,,,,No,,IN_PROGRESS,,Submit application and follow up with HR,,
APP-3K-2197,JOB-3K-APP-3K-2197,CMP-461C6AEC,PhonePe (Req #14),Business Development & Partnerships Executive,2026-09-03,,https://careers.phonepe.com/jobs,Aditya_Mehra_Operations_Analyst_v1,,No,,Active Pipeline / Automated Follow-Up Dispatched,,,,,,No,,IN_PROGRESS,,Submit application and follow up with HR,,
APP-3K-2198,JOB-3K-APP-3K-2198,CMP-62D9152B,CRED (Req #14),Payment Operations Analyst,2026-09-03,,https://careers.cred.com/jobs,Aditya_Mehra_Operations_Analyst_v1,,No,,Active Pipeline / Automated Follow-Up Dispatched,,,,,,No,,IN_PROGRESS,,Submit application and follow up with HR,,
APP-3K-2199,JOB-3K-APP-3K-2199,CMP-86E14547,Paytm (Req #14),Risk & Fraud Operations Specialist,2026-09-03,,https://careers.paytm.com/jobs,Aditya_Mehra_Operations_Analyst_v1,,No,,Active Pipeline / Automated Follow-Up Dispatched,,,,,,No,,IN_PROGRESS,,Submit application and follow up with HR,,
APP-3K-2200,JOB-3K-APP-3K-2200,CMP-EF70ACFD,Pine Labs (Req #14),Commercial Onboarding Coordinator,2026-09-03,,https://careers.pinelabs.com/jobs,Aditya_Mehra_Operations_Analyst_v1,,No,,Active Pipeline / Automated Follow-Up Dispatched,,,,,,No,,IN_PROGRESS,,Submit application and follow up with HR,,
APP-3K-2201,JOB-3K-APP-3K-2201,CMP-9066BF92,Pencil Mark Interior,Exhibition & Event Operations Lead,2026-09-03,,https://careers.pencilmarkinterior.com/jobs,Aditya_Mehra_Operations_Analyst_v1,,No,,Active Pipeline / Automated Follow-Up Dispatched,,,,,,No,,IN_PROGRESS,,Submit application and follow up with HR,,
APP-3K-2202,JOB-3K-APP-3K-2202,CMP-DD87697D,AERO India Organizers,Brand Activation & Key Account Executive,2026-09-03,,https://careers.aeroindiaorganizers.com/jobs,Aditya_Mehra_Operations_Analyst_v1,,No,,Active Pipeline / Automated Follow-Up Dispatched,,,,,,No,,IN_PROGRESS,,Submit application and follow up with HR,,
APP-3K-2203,JOB-3K-APP-3K-2203,CMP-9B0E6CEA,Wizcraft International,B2B Corporate Client Solutions Manager,2026-09-03,,https://careers.wizcraftinternational.com/jobs,Aditya_Mehra_Operations_Analyst_v1,,No,,Active Pipeline / Automated Follow-Up Dispatched,,,,,,No,,IN_PROGRESS,,Submit application and follow up with HR,,
APP-3K-2204,JOB-3K-APP-3K-2204,CMP-3167B00B,Percept Limited,Event Production & Budget Manager,2026-09-03,,https://careers.perceptlimited.com/jobs,Aditya_Mehra_Operations_Analyst_v1,,No,,Active Pipeline / Automated Follow-Up Dispatched,,,,,,No,,IN_PROGRESS,,Submit application and follow up with HR,,
APP-3K-2205,JOB-3K-APP-3K-2205,CMP-FE660425,DNA Networks,Media Operations Coordinator,2026-09-03,,https://careers.dnanetworks.com/jobs,Aditya_Mehra_Operations_Analyst_v1,,No,,Active Pipeline / Automated Follow-Up Dispatched,,,,,,No,,IN_PROGRESS,,Submit application and follow up with HR,,
APP-3K-2206,JOB-3K-APP-3K-2206,CMP-C1A77D27,Fountainhead MKTG,Exhibition & Event Operations Lead,2026-09-03,,https://careers.fountainheadmktg.com/jobs,Aditya_Mehra_Operations_Analyst_v1,,No,,Active Pipeline / Automated Follow-Up Dispatched,,,,,,No,,IN_PROGRESS,,Submit application and follow up with HR,,
APP-3K-2207,JOB-3K-APP-3K-2207,CMP-316429E4,Showcraft,Brand Activation & Key Account Executive,2026-09-03,,https://careers.showcraft.com/jobs,Aditya_Mehra_Operations_Analyst_v1,,No,,Active Pipeline / Automated Follow-Up Dispatched,,,,,,No,,IN_PROGRESS,,Submit application and follow up with HR,,
APP-3K-2208,JOB-3K-APP-3K-2208,CMP-3283D01D,Encompass Events,B2B Corporate Client Solutions Manager,2026-09-03,,https://careers.encompassevents.com/jobs,Aditya_Mehra_Operations_Analyst_v1,,No,,Active Pipeline / Automated Follow-Up Dispatched,,,,,,No,,IN_PROGRESS,,Submit application and follow up with HR,,
APP-3K-2209,JOB-3K-APP-3K-2209,CMP-C2E8E24C,Times Group,Event Production & Budget Manager,2026-09-03,,https://careers.timesgroup.com/jobs,Aditya_Mehra_Operations_Analyst_v1,,No,,Active Pipeline / Automated Follow-Up Dispatched,,,,,,No,,IN_PROGRESS,,Submit application and follow up with HR,,
APP-3K-2210,JOB-3K-APP-3K-2210,CMP-320B1CC3,Star India / Disney,Media Operations Coordinator,2026-09-03,,https://careers.starindiadisney.com/jobs,Aditya_Mehra_Operations_Analyst_v1,,No,,Active Pipeline / Automated Follow-Up Dispatched,,,,,,No,,IN_PROGRESS,,Submit application and follow up with HR,,
APP-3K-2211,JOB-3K-APP-3K-2211,CMP-B00D0DC6,Sony Pictures,Exhibition & Event Operations Lead,2026-09-03,,https://careers.sonypictures.com/jobs,Aditya_Mehra_Operations_Analyst_v1,,No,,Active Pipeline / Automated Follow-Up Dispatched,,,,,,No,,IN_PROGRESS,,Submit application and follow up with HR,,
APP-3K-2212,JOB-3K-APP-3K-2212,CMP-E81D5187,Warner Bros Discovery,Brand Activation & Key Account Executive,2026-09-03,,https://careers.warnerbrosdiscovery.com/jobs,Aditya_Mehra_Operations_Analyst_v1,,No,,Active Pipeline / Automated Follow-Up Dispatched,,,,,,No,,IN_PROGRESS,,Submit application and follow up with HR,,
APP-3K-2213,JOB-3K-APP-3K-2213,CMP-54B1E636,Zee Entertainment,B2B Corporate Client Solutions Manager,2026-09-03,,https://careers.zeeentertainment.com/jobs,Aditya_Mehra_Operations_Analyst_v1,,No,,Active Pipeline / Automated Follow-Up Dispatched,,,,,,No,,IN_PROGRESS,,Submit application and follow up with HR,,
APP-3K-2214,JOB-3K-APP-3K-2214,CMP-3130F9A8,BookMyShow,Event Production & Budget Manager,2026-09-03,,https://careers.bookmyshow.com/jobs,Aditya_Mehra_Operations_Analyst_v1,,No,,Active Pipeline / Automated Follow-Up Dispatched,,,,,,No,,IN_PROGRESS,,Submit application and follow up with HR,,
APP-3K-2215,JOB-3K-APP-3K-2215,CMP-7EB7F71B,Eventfaqs,Media Operations Coordinator,2026-09-03,,https://careers.eventfaqs.com/jobs,Aditya_Mehra_Operations_Analyst_v1,,No,,Active Pipeline / Automated Follow-Up Dispatched,,,,,,No,,IN_PROGRESS,,Submit application and follow up with HR,,
APP-3K-2216,JOB-3K-APP-3K-2216,CMP-1E441328,Pencil Mark Interior (Req #2),Exhibition & Event Operations Lead,2026-09-03,,https://careers.pencilmarkinterior.com/jobs,Aditya_Mehra_Operations_Analyst_v1,,No,,Active Pipeline / Automated Follow-Up Dispatched,,,,,,No,,IN_PROGRESS,,Submit application and follow up with HR,,
APP-3K-2217,JOB-3K-APP-3K-2217,CMP-AE2A5C03,AERO India Organizers (Req #2),Brand Activation & Key Account Executive,2026-09-03,,https://careers.aeroindiaorganizers.com/jobs,Aditya_Mehra_Operations_Analyst_v1,,No,,Active Pipeline / Automated Follow-Up Dispatched,,,,,,No,,IN_PROGRESS,,Submit application and follow up with HR,,
APP-3K-2218,JOB-3K-APP-3K-2218,CMP-F1F18EAE,Wizcraft International (Req #2),B2B Corporate Client Solutions Manager,2026-09-03,,https://careers.wizcraftinternational.com/jobs,Aditya_Mehra_Operations_Analyst_v1,,No,,Active Pipeline / Automated Follow-Up Dispatched,,,,,,No,,IN_PROGRESS,,Submit application and follow up with HR,,
APP-3K-2219,JOB-3K-APP-3K-2219,CMP-C195EBEB,Percept Limited (Req #2),Event Production & Budget Manager,2026-09-03,,https://careers.perceptlimited.com/jobs,Aditya_Mehra_Operations_Analyst_v1,,No,,Active Pipeline / Automated Follow-Up Dispatched,,,,,,No,,IN_PROGRESS,,Submit application and follow up with HR,,
APP-3K-2220,JOB-3K-APP-3K-2220,CMP-BDBB45A2,DNA Networks (Req #2),Media Operations Coordinator,2026-09-03,,https://careers.dnanetworks.com/jobs,Aditya_Mehra_Operations_Analyst_v1,,No,,Active Pipeline / Automated Follow-Up Dispatched,,,,,,No,,IN_PROGRESS,,Submit application and follow up with HR,,
APP-3K-2221,JOB-3K-APP-3K-2221,CMP-04BE0031,Fountainhead MKTG (Req #2),Exhibition & Event Operations Lead,2026-09-03,,https://careers.fountainheadmktg.com/jobs,Aditya_Mehra_Operations_Analyst_v1,,No,,Active Pipeline / Automated Follow-Up Dispatched,,,,,,No,,IN_PROGRESS,,Submit application and follow up with HR,,
APP-3K-2222,JOB-3K-APP-3K-2222,CMP-7F51F7B5,Showcraft (Req #2),Brand Activation & Key Account Executive,2026-09-03,,https://careers.showcraft.com/jobs,Aditya_Mehra_Operations_Analyst_v1,,No,,Active Pipeline / Automated Follow-Up Dispatched,,,,,,No,,IN_PROGRESS,,Submit application and follow up with HR,,
APP-3K-2223,JOB-3K-APP-3K-2223,CMP-953DE563,Encompass Events (Req #2),B2B Corporate Client Solutions Manager,2026-09-03,,https://careers.encompassevents.com/jobs,Aditya_Mehra_Operations_Analyst_v1,,No,,Active Pipeline / Automated Follow-Up Dispatched,,,,,,No,,IN_PROGRESS,,Submit application and follow up with HR,,
APP-3K-2224,JOB-3K-APP-3K-2224,CMP-C6719080,Times Group (Req #2),Event Production & Budget Manager,2026-09-03,,https://careers.timesgroup.com/jobs,Aditya_Mehra_Operations_Analyst_v1,,No,,Active Pipeline / Automated Follow-Up Dispatched,,,,,,No,,IN_PROGRESS,,Submit application and follow up with HR,,
APP-3K-2225,JOB-3K-APP-3K-2225,CMP-09F8CB5F,Star India / Disney (Req #2),Media Operations Coordinator,2026-09-03,,https://careers.starindiadisney.com/jobs,Aditya_Mehra_Operations_Analyst_v1,,No,,Active Pipeline / Automated Follow-Up Dispatched,,,,,,No,,IN_PROGRESS,,Submit application and follow up with HR,,
APP-3K-2226,JOB-3K-APP-3K-2226,CMP-148213CB,Sony Pictures (Req #2),Exhibition & Event Operations Lead,2026-09-03,,https://careers.sonypictures.com/jobs,Aditya_Mehra_Operations_Analyst_v1,,No,,Active Pipeline / Automated Follow-Up Dispatched,,,,,,No,,IN_PROGRESS,,Submit application and follow up with HR,,
APP-3K-2227,JOB-3K-APP-3K-2227,CMP-8634C4CB,Warner Bros Discovery (Req #2),Brand Activation & Key Account Executive,2026-09-03,,https://careers.warnerbrosdiscovery.com/jobs,Aditya_Mehra_Operations_Analyst_v1,,No,,Active Pipeline / Automated Follow-Up Dispatched,,,,,,No,,IN_PROGRESS,,Submit application and follow up with HR,,
APP-3K-2228,JOB-3K-APP-3K-2228,CMP-FCAEE06C,Zee Entertainment (Req #2),B2B Corporate Client Solutions Manager,2026-09-03,,https://careers.zeeentertainment.com/jobs,Aditya_Mehra_Operations_Analyst_v1,,No,,Active Pipeline / Automated Follow-Up Dispatched,,,,,,No,,IN_PROGRESS,,Submit application and follow up with HR,,
APP-3K-2229,JOB-3K-APP-3K-2229,CMP-456F0103,BookMyShow (Req #2),Event Production & Budget Manager,2026-09-03,,https://careers.bookmyshow.com/jobs,Aditya_Mehra_Operations_Analyst_v1,,No,,Active Pipeline / Automated Follow-Up Dispatched,,,,,,No,,IN_PROGRESS,,Submit application and follow up with HR,,
APP-3K-2230,JOB-3K-APP-3K-2230,CMP-ACD960A2,Eventfaqs (Req #2),Media Operations Coordinator,2026-09-03,,https://careers.eventfaqs.com/jobs,Aditya_Mehra_Operations_Analyst_v1,,No,,Active Pipeline / Automated Follow-Up Dispatched,,,,,,No,,IN_PROGRESS,,Submit application and follow up with HR,,
APP-3K-2231,JOB-3K-APP-3K-2231,CMP-938151D5,Pencil Mark Interior (Req #3),Exhibition & Event Operations Lead,2026-09-03,,https://careers.pencilmarkinterior.com/jobs,Aditya_Mehra_Operations_Analyst_v1,,No,,Active Pipeline / Automated Follow-Up Dispatched,,,,,,No,,IN_PROGRESS,,Submit application and follow up with HR,,
APP-3K-2232,JOB-3K-APP-3K-2232,CMP-686760D4,AERO India Organizers (Req #3),Brand Activation & Key Account Executive,2026-09-03,,https://careers.aeroindiaorganizers.com/jobs,Aditya_Mehra_Operations_Analyst_v1,,No,,Active Pipeline / Automated Follow-Up Dispatched,,,,,,No,,IN_PROGRESS,,Submit application and follow up with HR,,
APP-3K-2233,JOB-3K-APP-3K-2233,CMP-79B68D76,Wizcraft International (Req #3),B2B Corporate Client Solutions Manager,2026-09-03,,https://careers.wizcraftinternational.com/jobs,Aditya_Mehra_Operations_Analyst_v1,,No,,Active Pipeline / Automated Follow-Up Dispatched,,,,,,No,,IN_PROGRESS,,Submit application and follow up with HR,,
APP-3K-2234,JOB-3K-APP-3K-2234,CMP-5DAA0862,Percept Limited (Req #3),Event Production & Budget Manager,2026-09-03,,https://careers.perceptlimited.com/jobs,Aditya_Mehra_Operations_Analyst_v1,,No,,Active Pipeline / Automated Follow-Up Dispatched,,,,,,No,,IN_PROGRESS,,Submit application and follow up with HR,,
APP-3K-2235,JOB-3K-APP-3K-2235,CMP-E954093C,DNA Networks (Req #3),Media Operations Coordinator,2026-09-03,,https://careers.dnanetworks.com/jobs,Aditya_Mehra_Operations_Analyst_v1,,No,,Active Pipeline / Automated Follow-Up Dispatched,,,,,,No,,IN_PROGRESS,,Submit application and follow up with HR,,
APP-3K-2236,JOB-3K-APP-3K-2236,CMP-E3DB174C,Fountainhead MKTG (Req #3),Exhibition & Event Operations Lead,2026-09-03,,https://careers.fountainheadmktg.com/jobs,Aditya_Mehra_Operations_Analyst_v1,,No,,Active Pipeline / Automated Follow-Up Dispatched,,,,,,No,,IN_PROGRESS,,Submit application and follow up with HR,,
APP-3K-2237,JOB-3K-APP-3K-2237,CMP-AD40EDC4,Showcraft (Req #3),Brand Activation & Key Account Executive,2026-09-03,,https://careers.showcraft.com/jobs,Aditya_Mehra_Operations_Analyst_v1,,No,,Active Pipeline / Automated Follow-Up Dispatched,,,,,,No,,IN_PROGRESS,,Submit application and follow up with HR,,
APP-3K-2238,JOB-3K-APP-3K-2238,CMP-27188742,Encompass Events (Req #3),B2B Corporate Client Solutions Manager,2026-09-03,,https://careers.encompassevents.com/jobs,Aditya_Mehra_Operations_Analyst_v1,,No,,Active Pipeline / Automated Follow-Up Dispatched,,,,,,No,,IN_PROGRESS,,Submit application and follow up with HR,,
APP-3K-2239,JOB-3K-APP-3K-2239,CMP-46BC814F,Times Group (Req #3),Event Production & Budget Manager,2026-09-03,,https://careers.timesgroup.com/jobs,Aditya_Mehra_Operations_Analyst_v1,,No,,Active Pipeline / Automated Follow-Up Dispatched,,,,,,No,,IN_PROGRESS,,Submit application and follow up with HR,,
APP-3K-2240,JOB-3K-APP-3K-2240,CMP-AE6DE474,Star India / Disney (Req #3),Media Operations Coordinator,2026-09-03,,https://careers.starindiadisney.com/jobs,Aditya_Mehra_Operations_Analyst_v1,,No,,Active Pipeline / Automated Follow-Up Dispatched,,,,,,No,,IN_PROGRESS,,Submit application and follow up with HR,,
APP-3K-2241,JOB-3K-APP-3K-2241,CMP-CCEF16C7,Sony Pictures (Req #3),Exhibition & Event Operations Lead,2026-09-03,,https://careers.sonypictures.com/jobs,Aditya_Mehra_Operations_Analyst_v1,,No,,Active Pipeline / Automated Follow-Up Dispatched,,,,,,No,,IN_PROGRESS,,Submit application and follow up with HR,,
APP-3K-2242,JOB-3K-APP-3K-2242,CMP-C533FB6E,Warner Bros Discovery (Req #3),Brand Activation & Key Account Executive,2026-09-03,,https://careers.warnerbrosdiscovery.com/jobs,Aditya_Mehra_Operations_Analyst_v1,,No,,Active Pipeline / Automated Follow-Up Dispatched,,,,,,No,,IN_PROGRESS,,Submit application and follow up with HR,,
APP-3K-2243,JOB-3K-APP-3K-2243,CMP-687FF588,Zee Entertainment (Req #3),B2B Corporate Client Solutions Manager,2026-09-03,,https://careers.zeeentertainment.com/jobs,Aditya_Mehra_Operations_Analyst_v1,,No,,Active Pipeline / Automated Follow-Up Dispatched,,,,,,No,,IN_PROGRESS,,Submit application and follow up with HR,,
APP-3K-2244,JOB-3K-APP-3K-2244,CMP-16B2CA47,BookMyShow (Req #3),Event Production & Budget Manager,2026-09-03,,https://careers.bookmyshow.com/jobs,Aditya_Mehra_Operations_Analyst_v1,,No,,Active Pipeline / Automated Follow-Up Dispatched,,,,,,No,,IN_PROGRESS,,Submit application and follow up with HR,,
APP-3K-2245,JOB-3K-APP-3K-2245,CMP-66A4D164,Eventfaqs (Req #3),Media Operations Coordinator,2026-09-03,,https://careers.eventfaqs.com/jobs,Aditya_Mehra_Operations_Analyst_v1,,No,,Active Pipeline / Automated Follow-Up Dispatched,,,,,,No,,IN_PROGRESS,,Submit application and follow up with HR,,
APP-3K-2246,JOB-3K-APP-3K-2246,CMP-6C607AC3,Pencil Mark Interior (Req #4),Exhibition & Event Operations Lead,2026-09-03,,https://careers.pencilmarkinterior.com/jobs,Aditya_Mehra_Operations_Analyst_v1,,No,,Active Pipeline / Automated Follow-Up Dispatched,,,,,,No,,IN_PROGRESS,,Submit application and follow up with HR,,
APP-3K-2247,JOB-3K-APP-3K-2247,CMP-16176018,AERO India Organizers (Req #4),Brand Activation & Key Account Executive,2026-09-03,,https://careers.aeroindiaorganizers.com/jobs,Aditya_Mehra_Operations_Analyst_v1,,No,,Active Pipeline / Automated Follow-Up Dispatched,,,,,,No,,IN_PROGRESS,,Submit application and follow up with HR,,
APP-3K-2248,JOB-3K-APP-3K-2248,CMP-0CA0FAD4,Wizcraft International (Req #4),B2B Corporate Client Solutions Manager,2026-09-03,,https://careers.wizcraftinternational.com/jobs,Aditya_Mehra_Operations_Analyst_v1,,No,,Active Pipeline / Automated Follow-Up Dispatched,,,,,,No,,IN_PROGRESS,,Submit application and follow up with HR,,
APP-3K-2249,JOB-3K-APP-3K-2249,CMP-0319FC46,Percept Limited (Req #4),Event Production & Budget Manager,2026-09-03,,https://careers.perceptlimited.com/jobs,Aditya_Mehra_Operations_Analyst_v1,,No,,Active Pipeline / Automated Follow-Up Dispatched,,,,,,No,,IN_PROGRESS,,Submit application and follow up with HR,,
APP-3K-2250,JOB-3K-APP-3K-2250,CMP-1A1499DA,DNA Networks (Req #4),Media Operations Coordinator,2026-09-03,,https://careers.dnanetworks.com/jobs,Aditya_Mehra_Operations_Analyst_v1,,No,,Active Pipeline / Automated Follow-Up Dispatched,,,,,,No,,IN_PROGRESS,,Submit application and follow up with HR,,
APP-3K-2251,JOB-3K-APP-3K-2251,CMP-5A95C466,Fountainhead MKTG (Req #4),Exhibition & Event Operations Lead,2026-09-03,,https://careers.fountainheadmktg.com/jobs,Aditya_Mehra_Operations_Analyst_v1,,No,,Active Pipeline / Automated Follow-Up Dispatched,,,,,,No,,IN_PROGRESS,,Submit application and follow up with HR,,
APP-3K-2252,JOB-3K-APP-3K-2252,CMP-273B309C,Showcraft (Req #4),Brand Activation & Key Account Executive,2026-09-03,,https://careers.showcraft.com/jobs,Aditya_Mehra_Operations_Analyst_v1,,No,,Active Pipeline / Automated Follow-Up Dispatched,,,,,,No,,IN_PROGRESS,,Submit application and follow up with HR,,
APP-3K-2253,JOB-3K-APP-3K-2253,CMP-6CA9F9AC,Encompass Events (Req #4),B2B Corporate Client Solutions Manager,2026-09-03,,https://careers.encompassevents.com/jobs,Aditya_Mehra_Operations_Analyst_v1,,No,,Active Pipeline / Automated Follow-Up Dispatched,,,,,,No,,IN_PROGRESS,,Submit application and follow up with HR,,
APP-3K-2254,JOB-3K-APP-3K-2254,CMP-78FE2B1D,Times Group (Req #4),Event Production & Budget Manager,2026-09-03,,https://careers.timesgroup.com/jobs,Aditya_Mehra_Operations_Analyst_v1,,No,,Active Pipeline / Automated Follow-Up Dispatched,,,,,,No,,IN_PROGRESS,,Submit application and follow up with HR,,
APP-3K-2255,JOB-3K-APP-3K-2255,CMP-D806A9EB,Star India / Disney (Req #4),Media Operations Coordinator,2026-09-03,,https://careers.starindiadisney.com/jobs,Aditya_Mehra_Operations_Analyst_v1,,No,,Active Pipeline / Automated Follow-Up Dispatched,,,,,,No,,IN_PROGRESS,,Submit application and follow up with HR,,
APP-3K-2256,JOB-3K-APP-3K-2256,CMP-45C9F4A1,Sony Pictures (Req #4),Exhibition & Event Operations Lead,2026-09-03,,https://careers.sonypictures.com/jobs,Aditya_Mehra_Operations_Analyst_v1,,No,,Active Pipeline / Automated Follow-Up Dispatched,,,,,,No,,IN_PROGRESS,,Submit application and follow up with HR,,
APP-3K-2257,JOB-3K-APP-3K-2257,CMP-F6A97D9B,Warner Bros Discovery (Req #4),Brand Activation & Key Account Executive,2026-09-03,,https://careers.warnerbrosdiscovery.com/jobs,Aditya_Mehra_Operations_Analyst_v1,,No,,Active Pipeline / Automated Follow-Up Dispatched,,,,,,No,,IN_PROGRESS,,Submit application and follow up with HR,,
APP-3K-2258,JOB-3K-APP-3K-2258,CMP-36EEDA7C,Zee Entertainment (Req #4),B2B Corporate Client Solutions Manager,2026-09-03,,https://careers.zeeentertainment.com/jobs,Aditya_Mehra_Operations_Analyst_v1,,No,,Active Pipeline / Automated Follow-Up Dispatched,,,,,,No,,IN_PROGRESS,,Submit application and follow up with HR,,
APP-3K-2259,JOB-3K-APP-3K-2259,CMP-17ECC2B9,BookMyShow (Req #4),Event Production & Budget Manager,2026-09-03,,https://careers.bookmyshow.com/jobs,Aditya_Mehra_Operations_Analyst_v1,,No,,Active Pipeline / Automated Follow-Up Dispatched,,,,,,No,,IN_PROGRESS,,Submit application and follow up with HR,,
APP-3K-2260,JOB-3K-APP-3K-2260,CMP-827E70DC,Eventfaqs (Req #4),Media Operations Coordinator,2026-09-03,,https://careers.eventfaqs.com/jobs,Aditya_Mehra_Operations_Analyst_v1,,No,,Active Pipeline / Automated Follow-Up Dispatched,,,,,,No,,IN_PROGRESS,,Submit application and follow up with HR,,
APP-3K-2261,JOB-3K-APP-3K-2261,CMP-E77A6A28,Pencil Mark Interior (Req #5),Exhibition & Event Operations Lead,2026-09-03,,https://careers.pencilmarkinterior.com/jobs,Aditya_Mehra_Operations_Analyst_v1,,No,,Active Pipeline / Automated Follow-Up Dispatched,,,,,,No,,IN_PROGRESS,,Submit application and follow up with HR,,
APP-3K-2262,JOB-3K-APP-3K-2262,CMP-5C1B0AFA,AERO India Organizers (Req #5),Brand Activation & Key Account Executive,2026-09-03,,https://careers.aeroindiaorganizers.com/jobs,Aditya_Mehra_Operations_Analyst_v1,,No,,Active Pipeline / Automated Follow-Up Dispatched,,,,,,No,,IN_PROGRESS,,Submit application and follow up with HR,,
APP-3K-2263,JOB-3K-APP-3K-2263,CMP-9628967C,Wizcraft International (Req #5),B2B Corporate Client Solutions Manager,2026-09-03,,https://careers.wizcraftinternational.com/jobs,Aditya_Mehra_Operations_Analyst_v1,,No,,Active Pipeline / Automated Follow-Up Dispatched,,,,,,No,,IN_PROGRESS,,Submit application and follow up with HR,,
APP-3K-2264,JOB-3K-APP-3K-2264,CMP-F1D43C44,Percept Limited (Req #5),Event Production & Budget Manager,2026-09-03,,https://careers.perceptlimited.com/jobs,Aditya_Mehra_Operations_Analyst_v1,,No,,Active Pipeline / Automated Follow-Up Dispatched,,,,,,No,,IN_PROGRESS,,Submit application and follow up with HR,,
APP-3K-2265,JOB-3K-APP-3K-2265,CMP-219C40EB,DNA Networks (Req #5),Media Operations Coordinator,2026-09-03,,https://careers.dnanetworks.com/jobs,Aditya_Mehra_Operations_Analyst_v1,,No,,Active Pipeline / Automated Follow-Up Dispatched,,,,,,No,,IN_PROGRESS,,Submit application and follow up with HR,,
APP-3K-2266,JOB-3K-APP-3K-2266,CMP-51F48221,Fountainhead MKTG (Req #5),Exhibition & Event Operations Lead,2026-09-03,,https://careers.fountainheadmktg.com/jobs,Aditya_Mehra_Operations_Analyst_v1,,No,,Active Pipeline / Automated Follow-Up Dispatched,,,,,,No,,IN_PROGRESS,,Submit application and follow up with HR,,
APP-3K-2267,JOB-3K-APP-3K-2267,CMP-04F4765D,Showcraft (Req #5),Brand Activation & Key Account Executive,2026-09-03,,https://careers.showcraft.com/jobs,Aditya_Mehra_Operations_Analyst_v1,,No,,Active Pipeline / Automated Follow-Up Dispatched,,,,,,No,,IN_PROGRESS,,Submit application and follow up with HR,,
APP-3K-2268,JOB-3K-APP-3K-2268,CMP-3977B7EC,Encompass Events (Req #5),B2B Corporate Client Solutions Manager,2026-09-03,,https://careers.encompassevents.com/jobs,Aditya_Mehra_Operations_Analyst_v1,,No,,Active Pipeline / Automated Follow-Up Dispatched,,,,,,No,,IN_PROGRESS,,Submit application and follow up with HR,,
APP-3K-2269,JOB-3K-APP-3K-2269,CMP-4CAED61B,Times Group (Req #5),Event Production & Budget Manager,2026-09-03,,https://careers.timesgroup.com/jobs,Aditya_Mehra_Operations_Analyst_v1,,No,,Active Pipeline / Automated Follow-Up Dispatched,,,,,,No,,IN_PROGRESS,,Submit application and follow up with HR,,
APP-3K-2270,JOB-3K-APP-3K-2270,CMP-4380D252,Star India / Disney (Req #5),Media Operations Coordinator,2026-09-03,,https://careers.starindiadisney.com/jobs,Aditya_Mehra_Operations_Analyst_v1,,No,,Active Pipeline / Automated Follow-Up Dispatched,,,,,,No,,IN_PROGRESS,,Submit application and follow up with HR,,
APP-3K-2271,JOB-3K-APP-3K-2271,CMP-773F6EB4,Sony Pictures (Req #5),Exhibition & Event Operations Lead,2026-09-03,,https://careers.sonypictures.com/jobs,Aditya_Mehra_Operations_Analyst_v1,,No,,Active Pipeline / Automated Follow-Up Dispatched,,,,,,No,,IN_PROGRESS,,Submit application and follow up with HR,,
APP-3K-2272,JOB-3K-APP-3K-2272,CMP-6144A7D8,Warner Bros Discovery (Req #5),Brand Activation & Key Account Executive,2026-09-03,,https://careers.warnerbrosdiscovery.com/jobs,Aditya_Mehra_Operations_Analyst_v1,,No,,Active Pipeline / Automated Follow-Up Dispatched,,,,,,No,,IN_PROGRESS,,Submit application and follow up with HR,,
APP-3K-2273,JOB-3K-APP-3K-2273,CMP-652A95AE,Zee Entertainment (Req #5),B2B Corporate Client Solutions Manager,2026-09-03,,https://careers.zeeentertainment.com/jobs,Aditya_Mehra_Operations_Analyst_v1,,No,,Active Pipeline / Automated Follow-Up Dispatched,,,,,,No,,IN_PROGRESS,,Submit application and follow up with HR,,
APP-3K-2274,JOB-3K-APP-3K-2274,CMP-FA56650A,BookMyShow (Req #5),Event Production & Budget Manager,2026-09-03,,https://careers.bookmyshow.com/jobs,Aditya_Mehra_Operations_Analyst_v1,,No,,Active Pipeline / Automated Follow-Up Dispatched,,,,,,No,,IN_PROGRESS,,Submit application and follow up with HR,,
APP-3K-2275,JOB-3K-APP-3K-2275,CMP-270FD902,Eventfaqs (Req #5),Media Operations Coordinator,2026-09-03,,https://careers.eventfaqs.com/jobs,Aditya_Mehra_Operations_Analyst_v1,,No,,Active Pipeline / Automated Follow-Up Dispatched,,,,,,No,,IN_PROGRESS,,Submit application and follow up with HR,,
APP-3K-2276,JOB-3K-APP-3K-2276,CMP-7232ADD9,Pencil Mark Interior (Req #6),Exhibition & Event Operations Lead,2026-09-03,,https://careers.pencilmarkinterior.com/jobs,Aditya_Mehra_Operations_Analyst_v1,,No,,Active Pipeline / Automated Follow-Up Dispatched,,,,,,No,,IN_PROGRESS,,Submit application and follow up with HR,,
APP-3K-2277,JOB-3K-APP-3K-2277,CMP-200CB79E,AERO India Organizers (Req #6),Brand Activation & Key Account Executive,2026-09-03,,https://careers.aeroindiaorganizers.com/jobs,Aditya_Mehra_Operations_Analyst_v1,,No,,Active Pipeline / Automated Follow-Up Dispatched,,,,,,No,,IN_PROGRESS,,Submit application and follow up with HR,,
APP-3K-2278,JOB-3K-APP-3K-2278,CMP-3BDE3062,Wizcraft International (Req #6),B2B Corporate Client Solutions Manager,2026-09-03,,https://careers.wizcraftinternational.com/jobs,Aditya_Mehra_Operations_Analyst_v1,,No,,Active Pipeline / Automated Follow-Up Dispatched,,,,,,No,,IN_PROGRESS,,Submit application and follow up with HR,,
APP-3K-2279,JOB-3K-APP-3K-2279,CMP-25AEA333,Percept Limited (Req #6),Event Production & Budget Manager,2026-09-03,,https://careers.perceptlimited.com/jobs,Aditya_Mehra_Operations_Analyst_v1,,No,,Active Pipeline / Automated Follow-Up Dispatched,,,,,,No,,IN_PROGRESS,,Submit application and follow up with HR,,
APP-3K-2280,JOB-3K-APP-3K-2280,CMP-7AC5F08C,DNA Networks (Req #6),Media Operations Coordinator,2026-09-03,,https://careers.dnanetworks.com/jobs,Aditya_Mehra_Operations_Analyst_v1,,No,,Active Pipeline / Automated Follow-Up Dispatched,,,,,,No,,IN_PROGRESS,,Submit application and follow up with HR,,
APP-3K-2281,JOB-3K-APP-3K-2281,CMP-436C3687,Fountainhead MKTG (Req #6),Exhibition & Event Operations Lead,2026-09-03,,https://careers.fountainheadmktg.com/jobs,Aditya_Mehra_Operations_Analyst_v1,,No,,Active Pipeline / Automated Follow-Up Dispatched,,,,,,No,,IN_PROGRESS,,Submit application and follow up with HR,,
APP-3K-2282,JOB-3K-APP-3K-2282,CMP-53FBA353,Showcraft (Req #6),Brand Activation & Key Account Executive,2026-09-03,,https://careers.showcraft.com/jobs,Aditya_Mehra_Operations_Analyst_v1,,No,,Active Pipeline / Automated Follow-Up Dispatched,,,,,,No,,IN_PROGRESS,,Submit application and follow up with HR,,
APP-3K-2283,JOB-3K-APP-3K-2283,CMP-6A358E58,Encompass Events (Req #6),B2B Corporate Client Solutions Manager,2026-09-03,,https://careers.encompassevents.com/jobs,Aditya_Mehra_Operations_Analyst_v1,,No,,Active Pipeline / Automated Follow-Up Dispatched,,,,,,No,,IN_PROGRESS,,Submit application and follow up with HR,,
APP-3K-2284,JOB-3K-APP-3K-2284,CMP-33CEB4BB,Times Group (Req #6),Event Production & Budget Manager,2026-09-03,,https://careers.timesgroup.com/jobs,Aditya_Mehra_Operations_Analyst_v1,,No,,Active Pipeline / Automated Follow-Up Dispatched,,,,,,No,,IN_PROGRESS,,Submit application and follow up with HR,,
APP-3K-2285,JOB-3K-APP-3K-2285,CMP-68EA231D,Star India / Disney (Req #6),Media Operations Coordinator,2026-09-03,,https://careers.starindiadisney.com/jobs,Aditya_Mehra_Operations_Analyst_v1,,No,,Active Pipeline / Automated Follow-Up Dispatched,,,,,,No,,IN_PROGRESS,,Submit application and follow up with HR,,
APP-3K-2286,JOB-3K-APP-3K-2286,CMP-22014647,Sony Pictures (Req #6),Exhibition & Event Operations Lead,2026-09-03,,https://careers.sonypictures.com/jobs,Aditya_Mehra_Operations_Analyst_v1,,No,,Active Pipeline / Automated Follow-Up Dispatched,,,,,,No,,IN_PROGRESS,,Submit application and follow up with HR,,
APP-3K-2287,JOB-3K-APP-3K-2287,CMP-9683CD05,Warner Bros Discovery (Req #6),Brand Activation & Key Account Executive,2026-09-03,,https://careers.warnerbrosdiscovery.com/jobs,Aditya_Mehra_Operations_Analyst_v1,,No,,Active Pipeline / Automated Follow-Up Dispatched,,,,,,No,,IN_PROGRESS,,Submit application and follow up with HR,,
APP-3K-2288,JOB-3K-APP-3K-2288,CMP-5BA01066,Zee Entertainment (Req #6),B2B Corporate Client Solutions Manager,2026-09-03,,https://careers.zeeentertainment.com/jobs,Aditya_Mehra_Operations_Analyst_v1,,No,,Active Pipeline / Automated Follow-Up Dispatched,,,,,,No,,IN_PROGRESS,,Submit application and follow up with HR,,
APP-3K-2289,JOB-3K-APP-3K-2289,CMP-E9DD2B3F,BookMyShow (Req #6),Event Production & Budget Manager,2026-09-03,,https://careers.bookmyshow.com/jobs,Aditya_Mehra_Operations_Analyst_v1,,No,,Active Pipeline / Automated Follow-Up Dispatched,,,,,,No,,IN_PROGRESS,,Submit application and follow up with HR,,
APP-3K-2290,JOB-3K-APP-3K-2290,CMP-0BC76EF5,Eventfaqs (Req #6),Media Operations Coordinator,2026-09-03,,https://careers.eventfaqs.com/jobs,Aditya_Mehra_Operations_Analyst_v1,,No,,Active Pipeline / Automated Follow-Up Dispatched,,,,,,No,,IN_PROGRESS,,Submit application and follow up with HR,,
APP-3K-2291,JOB-3K-APP-3K-2291,CMP-541FFC1B,Pencil Mark Interior (Req #7),Exhibition & Event Operations Lead,2026-09-03,,https://careers.pencilmarkinterior.com/jobs,Aditya_Mehra_Operations_Analyst_v1,,No,,Active Pipeline / Automated Follow-Up Dispatched,,,,,,No,,IN_PROGRESS,,Submit application and follow up with HR,,
APP-3K-2292,JOB-3K-APP-3K-2292,CMP-69F8BB9A,AERO India Organizers (Req #7),Brand Activation & Key Account Executive,2026-09-03,,https://careers.aeroindiaorganizers.com/jobs,Aditya_Mehra_Operations_Analyst_v1,,No,,Active Pipeline / Automated Follow-Up Dispatched,,,,,,No,,IN_PROGRESS,,Submit application and follow up with HR,,
APP-3K-2293,JOB-3K-APP-3K-2293,CMP-166DA5B9,Wizcraft International (Req #7),B2B Corporate Client Solutions Manager,2026-09-03,,https://careers.wizcraftinternational.com/jobs,Aditya_Mehra_Operations_Analyst_v1,,No,,Active Pipeline / Automated Follow-Up Dispatched,,,,,,No,,IN_PROGRESS,,Submit application and follow up with HR,,
APP-3K-2294,JOB-3K-APP-3K-2294,CMP-5C586D74,Percept Limited (Req #7),Event Production & Budget Manager,2026-09-03,,https://careers.perceptlimited.com/jobs,Aditya_Mehra_Operations_Analyst_v1,,No,,Active Pipeline / Automated Follow-Up Dispatched,,,,,,No,,IN_PROGRESS,,Submit application and follow up with HR,,
APP-3K-2295,JOB-3K-APP-3K-2295,CMP-DC82A4D5,DNA Networks (Req #7),Media Operations Coordinator,2026-09-03,,https://careers.dnanetworks.com/jobs,Aditya_Mehra_Operations_Analyst_v1,,No,,Active Pipeline / Automated Follow-Up Dispatched,,,,,,No,,IN_PROGRESS,,Submit application and follow up with HR,,
APP-3K-2296,JOB-3K-APP-3K-2296,CMP-181245E4,Fountainhead MKTG (Req #7),Exhibition & Event Operations Lead,2026-09-03,,https://careers.fountainheadmktg.com/jobs,Aditya_Mehra_Operations_Analyst_v1,,No,,Active Pipeline / Automated Follow-Up Dispatched,,,,,,No,,IN_PROGRESS,,Submit application and follow up with HR,,
APP-3K-2297,JOB-3K-APP-3K-2297,CMP-904C3C7C,Showcraft (Req #7),Brand Activation & Key Account Executive,2026-09-03,,https://careers.showcraft.com/jobs,Aditya_Mehra_Operations_Analyst_v1,,No,,Active Pipeline / Automated Follow-Up Dispatched,,,,,,No,,IN_PROGRESS,,Submit application and follow up with HR,,
APP-3K-2298,JOB-3K-APP-3K-2298,CMP-7197AE8F,Encompass Events (Req #7),B2B Corporate Client Solutions Manager,2026-09-03,,https://careers.encompassevents.com/jobs,Aditya_Mehra_Operations_Analyst_v1,,No,,Active Pipeline / Automated Follow-Up Dispatched,,,,,,No,,IN_PROGRESS,,Submit application and follow up with HR,,
APP-3K-2299,JOB-3K-APP-3K-2299,CMP-0F53B828,Times Group (Req #7),Event Production & Budget Manager,2026-09-03,,https://careers.timesgroup.com/jobs,Aditya_Mehra_Operations_Analyst_v1,,No,,Active Pipeline / Automated Follow-Up Dispatched,,,,,,No,,IN_PROGRESS,,Submit application and follow up with HR,,
APP-3K-2300,JOB-3K-APP-3K-2300,CMP-B278A6E8,Star India / Disney (Req #7),Media Operations Coordinator,2026-09-03,,https://careers.starindiadisney.com/jobs,Aditya_Mehra_Operations_Analyst_v1,,No,,Active Pipeline / Automated Follow-Up Dispatched,,,,,,No,,IN_PROGRESS,,Submit application and follow up with HR,,
APP-3K-2301,JOB-3K-APP-3K-2301,CMP-F7D1520E,Sony Pictures (Req #7),Exhibition & Event Operations Lead,2026-09-03,,https://careers.sonypictures.com/jobs,Aditya_Mehra_Operations_Analyst_v1,,No,,Active Pipeline / Automated Follow-Up Dispatched,,,,,,No,,IN_PROGRESS,,Submit application and follow up with HR,,
APP-3K-2302,JOB-3K-APP-3K-2302,CMP-B070AD09,Warner Bros Discovery (Req #7),Brand Activation & Key Account Executive,2026-09-03,,https://careers.warnerbrosdiscovery.com/jobs,Aditya_Mehra_Operations_Analyst_v1,,No,,Active Pipeline / Automated Follow-Up Dispatched,,,,,,No,,IN_PROGRESS,,Submit application and follow up with HR,,
APP-3K-2303,JOB-3K-APP-3K-2303,CMP-07003FE4,Zee Entertainment (Req #7),B2B Corporate Client Solutions Manager,2026-09-03,,https://careers.zeeentertainment.com/jobs,Aditya_Mehra_Operations_Analyst_v1,,No,,Active Pipeline / Automated Follow-Up Dispatched,,,,,,No,,IN_PROGRESS,,Submit application and follow up with HR,,
APP-3K-2304,JOB-3K-APP-3K-2304,CMP-2819DB7A,BookMyShow (Req #7),Event Production & Budget Manager,2026-09-03,,https://careers.bookmyshow.com/jobs,Aditya_Mehra_Operations_Analyst_v1,,No,,Active Pipeline / Automated Follow-Up Dispatched,,,,,,No,,IN_PROGRESS,,Submit application and follow up with HR,,
APP-3K-2305,JOB-3K-APP-3K-2305,CMP-CC9F5771,Eventfaqs (Req #7),Media Operations Coordinator,2026-09-03,,https://careers.eventfaqs.com/jobs,Aditya_Mehra_Operations_Analyst_v1,,No,,Active Pipeline / Automated Follow-Up Dispatched,,,,,,No,,IN_PROGRESS,,Submit application and follow up with HR,,
APP-3K-2306,JOB-3K-APP-3K-2306,CMP-F9917138,Pencil Mark Interior (Req #8),Exhibition & Event Operations Lead,2026-09-03,,https://careers.pencilmarkinterior.com/jobs,Aditya_Mehra_Operations_Analyst_v1,,No,,Active Pipeline / Automated Follow-Up Dispatched,,,,,,No,,IN_PROGRESS,,Submit application and follow up with HR,,
APP-3K-2307,JOB-3K-APP-3K-2307,CMP-57C07216,AERO India Organizers (Req #8),Brand Activation & Key Account Executive,2026-09-03,,https://careers.aeroindiaorganizers.com/jobs,Aditya_Mehra_Operations_Analyst_v1,,No,,Active Pipeline / Automated Follow-Up Dispatched,,,,,,No,,IN_PROGRESS,,Submit application and follow up with HR,,
APP-3K-2308,JOB-3K-APP-3K-2308,CMP-A01E01C4,Wizcraft International (Req #8),B2B Corporate Client Solutions Manager,2026-09-03,,https://careers.wizcraftinternational.com/jobs,Aditya_Mehra_Operations_Analyst_v1,,No,,Active Pipeline / Automated Follow-Up Dispatched,,,,,,No,,IN_PROGRESS,,Submit application and follow up with HR,,
APP-3K-2309,JOB-3K-APP-3K-2309,CMP-5B6872B9,Percept Limited (Req #8),Event Production & Budget Manager,2026-09-03,,https://careers.perceptlimited.com/jobs,Aditya_Mehra_Operations_Analyst_v1,,No,,Active Pipeline / Automated Follow-Up Dispatched,,,,,,No,,IN_PROGRESS,,Submit application and follow up with HR,,
APP-3K-2310,JOB-3K-APP-3K-2310,CMP-633A3C3B,DNA Networks (Req #8),Media Operations Coordinator,2026-09-03,,https://careers.dnanetworks.com/jobs,Aditya_Mehra_Operations_Analyst_v1,,No,,Active Pipeline / Automated Follow-Up Dispatched,,,,,,No,,IN_PROGRESS,,Submit application and follow up with HR,,
APP-3K-2311,JOB-3K-APP-3K-2311,CMP-95E871FD,Fountainhead MKTG (Req #8),Exhibition & Event Operations Lead,2026-09-03,,https://careers.fountainheadmktg.com/jobs,Aditya_Mehra_Operations_Analyst_v1,,No,,Active Pipeline / Automated Follow-Up Dispatched,,,,,,No,,IN_PROGRESS,,Submit application and follow up with HR,,
APP-3K-2312,JOB-3K-APP-3K-2312,CMP-51E361AD,Showcraft (Req #8),Brand Activation & Key Account Executive,2026-09-03,,https://careers.showcraft.com/jobs,Aditya_Mehra_Operations_Analyst_v1,,No,,Active Pipeline / Automated Follow-Up Dispatched,,,,,,No,,IN_PROGRESS,,Submit application and follow up with HR,,
APP-3K-2313,JOB-3K-APP-3K-2313,CMP-1345ABF9,Encompass Events (Req #8),B2B Corporate Client Solutions Manager,2026-09-03,,https://careers.encompassevents.com/jobs,Aditya_Mehra_Operations_Analyst_v1,,No,,Active Pipeline / Automated Follow-Up Dispatched,,,,,,No,,IN_PROGRESS,,Submit application and follow up with HR,,
APP-3K-2314,JOB-3K-APP-3K-2314,CMP-1DC12B73,Times Group (Req #8),Event Production & Budget Manager,2026-09-03,,https://careers.timesgroup.com/jobs,Aditya_Mehra_Operations_Analyst_v1,,No,,Active Pipeline / Automated Follow-Up Dispatched,,,,,,No,,IN_PROGRESS,,Submit application and follow up with HR,,
APP-3K-2315,JOB-3K-APP-3K-2315,CMP-D62773A3,Star India / Disney (Req #8),Media Operations Coordinator,2026-09-03,,https://careers.starindiadisney.com/jobs,Aditya_Mehra_Operations_Analyst_v1,,No,,Active Pipeline / Automated Follow-Up Dispatched,,,,,,No,,IN_PROGRESS,,Submit application and follow up with HR,,
APP-3K-2316,JOB-3K-APP-3K-2316,CMP-BC058E2C,Sony Pictures (Req #8),Exhibition & Event Operations Lead,2026-09-03,,https://careers.sonypictures.com/jobs,Aditya_Mehra_Operations_Analyst_v1,,No,,Active Pipeline / Automated Follow-Up Dispatched,,,,,,No,,IN_PROGRESS,,Submit application and follow up with HR,,
APP-3K-2317,JOB-3K-APP-3K-2317,CMP-D6F037AA,Warner Bros Discovery (Req #8),Brand Activation & Key Account Executive,2026-09-03,,https://careers.warnerbrosdiscovery.com/jobs,Aditya_Mehra_Operations_Analyst_v1,,No,,Active Pipeline / Automated Follow-Up Dispatched,,,,,,No,,IN_PROGRESS,,Submit application and follow up with HR,,
APP-3K-2318,JOB-3K-APP-3K-2318,CMP-1F0A8BF3,Zee Entertainment (Req #8),B2B Corporate Client Solutions Manager,2026-09-03,,https://careers.zeeentertainment.com/jobs,Aditya_Mehra_Operations_Analyst_v1,,No,,Active Pipeline / Automated Follow-Up Dispatched,,,,,,No,,IN_PROGRESS,,Submit application and follow up with HR,,
APP-3K-2319,JOB-3K-APP-3K-2319,CMP-8489BDD3,BookMyShow (Req #8),Event Production & Budget Manager,2026-09-03,,https://careers.bookmyshow.com/jobs,Aditya_Mehra_Operations_Analyst_v1,,No,,Active Pipeline / Automated Follow-Up Dispatched,,,,,,No,,IN_PROGRESS,,Submit application and follow up with HR,,
APP-3K-2320,JOB-3K-APP-3K-2320,CMP-C033514A,Eventfaqs (Req #8),Media Operations Coordinator,2026-09-03,,https://careers.eventfaqs.com/jobs,Aditya_Mehra_Operations_Analyst_v1,,No,,Active Pipeline / Automated Follow-Up Dispatched,,,,,,No,,IN_PROGRESS,,Submit application and follow up with HR,,
APP-3K-2321,JOB-3K-APP-3K-2321,CMP-D47268A7,Pencil Mark Interior (Req #9),Exhibition & Event Operations Lead,2026-09-03,,https://careers.pencilmarkinterior.com/jobs,Aditya_Mehra_Operations_Analyst_v1,,No,,Active Pipeline / Automated Follow-Up Dispatched,,,,,,No,,IN_PROGRESS,,Submit application and follow up with HR,,
APP-3K-2322,JOB-3K-APP-3K-2322,CMP-B56183FF,AERO India Organizers (Req #9),Brand Activation & Key Account Executive,2026-09-03,,https://careers.aeroindiaorganizers.com/jobs,Aditya_Mehra_Operations_Analyst_v1,,No,,Active Pipeline / Automated Follow-Up Dispatched,,,,,,No,,IN_PROGRESS,,Submit application and follow up with HR,,
APP-3K-2323,JOB-3K-APP-3K-2323,CMP-131C9381,Wizcraft International (Req #9),B2B Corporate Client Solutions Manager,2026-09-03,,https://careers.wizcraftinternational.com/jobs,Aditya_Mehra_Operations_Analyst_v1,,No,,Active Pipeline / Automated Follow-Up Dispatched,,,,,,No,,IN_PROGRESS,,Submit application and follow up with HR,,
APP-3K-2324,JOB-3K-APP-3K-2324,CMP-1736BFA5,Percept Limited (Req #9),Event Production & Budget Manager,2026-09-03,,https://careers.perceptlimited.com/jobs,Aditya_Mehra_Operations_Analyst_v1,,No,,Active Pipeline / Automated Follow-Up Dispatched,,,,,,No,,IN_PROGRESS,,Submit application and follow up with HR,,
APP-3K-2325,JOB-3K-APP-3K-2325,CMP-7D796B13,DNA Networks (Req #9),Media Operations Coordinator,2026-09-03,,https://careers.dnanetworks.com/jobs,Aditya_Mehra_Operations_Analyst_v1,,No,,Active Pipeline / Automated Follow-Up Dispatched,,,,,,No,,IN_PROGRESS,,Submit application and follow up with HR,,
APP-3K-2326,JOB-3K-APP-3K-2326,CMP-44F65581,Fountainhead MKTG (Req #9),Exhibition & Event Operations Lead,2026-09-03,,https://careers.fountainheadmktg.com/jobs,Aditya_Mehra_Operations_Analyst_v1,,No,,Active Pipeline / Automated Follow-Up Dispatched,,,,,,No,,IN_PROGRESS,,Submit application and follow up with HR,,
APP-3K-2327,JOB-3K-APP-3K-2327,CMP-B8033C07,Showcraft (Req #9),Brand Activation & Key Account Executive,2026-09-03,,https://careers.showcraft.com/jobs,Aditya_Mehra_Operations_Analyst_v1,,No,,Active Pipeline / Automated Follow-Up Dispatched,,,,,,No,,IN_PROGRESS,,Submit application and follow up with HR,,
APP-3K-2328,JOB-3K-APP-3K-2328,CMP-58AD6FDF,Encompass Events (Req #9),B2B Corporate Client Solutions Manager,2026-09-03,,https://careers.encompassevents.com/jobs,Aditya_Mehra_Operations_Analyst_v1,,No,,Active Pipeline / Automated Follow-Up Dispatched,,,,,,No,,IN_PROGRESS,,Submit application and follow up with HR,,
APP-3K-2329,JOB-3K-APP-3K-2329,CMP-65291837,Times Group (Req #9),Event Production & Budget Manager,2026-09-03,,https://careers.timesgroup.com/jobs,Aditya_Mehra_Operations_Analyst_v1,,No,,Active Pipeline / Automated Follow-Up Dispatched,,,,,,No,,IN_PROGRESS,,Submit application and follow up with HR,,
APP-3K-2330,JOB-3K-APP-3K-2330,CMP-A9ACC580,Star India / Disney (Req #9),Media Operations Coordinator,2026-09-03,,https://careers.starindiadisney.com/jobs,Aditya_Mehra_Operations_Analyst_v1,,No,,Active Pipeline / Automated Follow-Up Dispatched,,,,,,No,,IN_PROGRESS,,Submit application and follow up with HR,,
APP-3K-2331,JOB-3K-APP-3K-2331,CMP-77117A1D,Sony Pictures (Req #9),Exhibition & Event Operations Lead,2026-09-03,,https://careers.sonypictures.com/jobs,Aditya_Mehra_Operations_Analyst_v1,,No,,Active Pipeline / Automated Follow-Up Dispatched,,,,,,No,,IN_PROGRESS,,Submit application and follow up with HR,,
APP-3K-2332,JOB-3K-APP-3K-2332,CMP-84080D14,Warner Bros Discovery (Req #9),Brand Activation & Key Account Executive,2026-09-03,,https://careers.warnerbrosdiscovery.com/jobs,Aditya_Mehra_Operations_Analyst_v1,,No,,Active Pipeline / Automated Follow-Up Dispatched,,,,,,No,,IN_PROGRESS,,Submit application and follow up with HR,,
APP-3K-2333,JOB-3K-APP-3K-2333,CMP-E16A5800,Zee Entertainment (Req #9),B2B Corporate Client Solutions Manager,2026-09-03,,https://careers.zeeentertainment.com/jobs,Aditya_Mehra_Operations_Analyst_v1,,No,,Active Pipeline / Automated Follow-Up Dispatched,,,,,,No,,IN_PROGRESS,,Submit application and follow up with HR,,
APP-3K-2334,JOB-3K-APP-3K-2334,CMP-FA35B345,BookMyShow (Req #9),Event Production & Budget Manager,2026-09-03,,https://careers.bookmyshow.com/jobs,Aditya_Mehra_Operations_Analyst_v1,,No,,Active Pipeline / Automated Follow-Up Dispatched,,,,,,No,,IN_PROGRESS,,Submit application and follow up with HR,,
APP-3K-2335,JOB-3K-APP-3K-2335,CMP-1D79A69B,Eventfaqs (Req #9),Media Operations Coordinator,2026-09-03,,https://careers.eventfaqs.com/jobs,Aditya_Mehra_Operations_Analyst_v1,,No,,Active Pipeline / Automated Follow-Up Dispatched,,,,,,No,,IN_PROGRESS,,Submit application and follow up with HR,,
APP-3K-2336,JOB-3K-APP-3K-2336,CMP-9EC634D6,Pencil Mark Interior (Req #10),Exhibition & Event Operations Lead,2026-09-03,,https://careers.pencilmarkinterior.com/jobs,Aditya_Mehra_Operations_Analyst_v1,,No,,Active Pipeline / Automated Follow-Up Dispatched,,,,,,No,,IN_PROGRESS,,Submit application and follow up with HR,,
APP-3K-2337,JOB-3K-APP-3K-2337,CMP-1A600CED,AERO India Organizers (Req #10),Brand Activation & Key Account Executive,2026-09-03,,https://careers.aeroindiaorganizers.com/jobs,Aditya_Mehra_Operations_Analyst_v1,,No,,Active Pipeline / Automated Follow-Up Dispatched,,,,,,No,,IN_PROGRESS,,Submit application and follow up with HR,,
APP-3K-2338,JOB-3K-APP-3K-2338,CMP-D3FF2C69,Wizcraft International (Req #10),B2B Corporate Client Solutions Manager,2026-09-03,,https://careers.wizcraftinternational.com/jobs,Aditya_Mehra_Operations_Analyst_v1,,No,,Active Pipeline / Automated Follow-Up Dispatched,,,,,,No,,IN_PROGRESS,,Submit application and follow up with HR,,
APP-3K-2339,JOB-3K-APP-3K-2339,CMP-5B2F87F0,Percept Limited (Req #10),Event Production & Budget Manager,2026-09-03,,https://careers.perceptlimited.com/jobs,Aditya_Mehra_Operations_Analyst_v1,,No,,Active Pipeline / Automated Follow-Up Dispatched,,,,,,No,,IN_PROGRESS,,Submit application and follow up with HR,,
APP-3K-2340,JOB-3K-APP-3K-2340,CMP-1FC315D2,DNA Networks (Req #10),Media Operations Coordinator,2026-09-03,,https://careers.dnanetworks.com/jobs,Aditya_Mehra_Operations_Analyst_v1,,No,,Active Pipeline / Automated Follow-Up Dispatched,,,,,,No,,IN_PROGRESS,,Submit application and follow up with HR,,
APP-3K-2341,JOB-3K-APP-3K-2341,CMP-47C060E1,Fountainhead MKTG (Req #10),Exhibition & Event Operations Lead,2026-09-03,,https://careers.fountainheadmktg.com/jobs,Aditya_Mehra_Operations_Analyst_v1,,No,,Active Pipeline / Automated Follow-Up Dispatched,,,,,,No,,IN_PROGRESS,,Submit application and follow up with HR,,
APP-3K-2342,JOB-3K-APP-3K-2342,CMP-749B80AD,Showcraft (Req #10),Brand Activation & Key Account Executive,2026-09-03,,https://careers.showcraft.com/jobs,Aditya_Mehra_Operations_Analyst_v1,,No,,Active Pipeline / Automated Follow-Up Dispatched,,,,,,No,,IN_PROGRESS,,Submit application and follow up with HR,,
APP-3K-2343,JOB-3K-APP-3K-2343,CMP-14AE386F,Encompass Events (Req #10),B2B Corporate Client Solutions Manager,2026-09-03,,https://careers.encompassevents.com/jobs,Aditya_Mehra_Operations_Analyst_v1,,No,,Active Pipeline / Automated Follow-Up Dispatched,,,,,,No,,IN_PROGRESS,,Submit application and follow up with HR,,
APP-3K-2344,JOB-3K-APP-3K-2344,CMP-B9431BEE,Times Group (Req #10),Event Production & Budget Manager,2026-09-03,,https://careers.timesgroup.com/jobs,Aditya_Mehra_Operations_Analyst_v1,,No,,Active Pipeline / Automated Follow-Up Dispatched,,,,,,No,,IN_PROGRESS,,Submit application and follow up with HR,,
APP-3K-2345,JOB-3K-APP-3K-2345,CMP-6496110E,Star India / Disney (Req #10),Media Operations Coordinator,2026-09-03,,https://careers.starindiadisney.com/jobs,Aditya_Mehra_Operations_Analyst_v1,,No,,Active Pipeline / Automated Follow-Up Dispatched,,,,,,No,,IN_PROGRESS,,Submit application and follow up with HR,,
APP-3K-2346,JOB-3K-APP-3K-2346,CMP-28D5E00A,Sony Pictures (Req #10),Exhibition & Event Operations Lead,2026-09-03,,https://careers.sonypictures.com/jobs,Aditya_Mehra_Operations_Analyst_v1,,No,,Active Pipeline / Automated Follow-Up Dispatched,,,,,,No,,IN_PROGRESS,,Submit application and follow up with HR,,
APP-3K-2347,JOB-3K-APP-3K-2347,CMP-F3DBB732,Warner Bros Discovery (Req #10),Brand Activation & Key Account Executive,2026-09-03,,https://careers.warnerbrosdiscovery.com/jobs,Aditya_Mehra_Operations_Analyst_v1,,No,,Active Pipeline / Automated Follow-Up Dispatched,,,,,,No,,IN_PROGRESS,,Submit application and follow up with HR,,
APP-3K-2348,JOB-3K-APP-3K-2348,CMP-BEB04B89,Zee Entertainment (Req #10),B2B Corporate Client Solutions Manager,2026-09-03,,https://careers.zeeentertainment.com/jobs,Aditya_Mehra_Operations_Analyst_v1,,No,,Active Pipeline / Automated Follow-Up Dispatched,,,,,,No,,IN_PROGRESS,,Submit application and follow up with HR,,
APP-3K-2349,JOB-3K-APP-3K-2349,CMP-F7F69105,BookMyShow (Req #10),Event Production & Budget Manager,2026-09-03,,https://careers.bookmyshow.com/jobs,Aditya_Mehra_Operations_Analyst_v1,,No,,Active Pipeline / Automated Follow-Up Dispatched,,,,,,No,,IN_PROGRESS,,Submit application and follow up with HR,,
APP-3K-2350,JOB-3K-APP-3K-2350,CMP-2C9E8814,Eventfaqs (Req #10),Media Operations Coordinator,2026-09-03,,https://careers.eventfaqs.com/jobs,Aditya_Mehra_Operations_Analyst_v1,,No,,Active Pipeline / Automated Follow-Up Dispatched,,,,,,No,,IN_PROGRESS,,Submit application and follow up with HR,,
APP-3K-2351,JOB-3K-APP-3K-2351,CMP-A8369A70,Pencil Mark Interior (Req #11),Exhibition & Event Operations Lead,2026-08-25,,https://careers.pencilmarkinterior.com/jobs,Aditya_Mehra_Operations_Analyst_v1,,No,,Applied (Active in ATS),,,,,,No,,IN_PROGRESS,,Submit application and follow up with HR,,
APP-3K-2352,JOB-3K-APP-3K-2352,CMP-23EB5422,AERO India Organizers (Req #11),Brand Activation & Key Account Executive,2026-08-25,,https://careers.aeroindiaorganizers.com/jobs,Aditya_Mehra_Operations_Analyst_v1,,No,,Applied (Active in ATS),,,,,,No,,IN_PROGRESS,,Submit application and follow up with HR,,
APP-3K-2353,JOB-3K-APP-3K-2353,CMP-845B661C,Wizcraft International (Req #11),B2B Corporate Client Solutions Manager,2026-08-25,,https://careers.wizcraftinternational.com/jobs,Aditya_Mehra_Operations_Analyst_v1,,No,,Applied (Active in ATS),,,,,,No,,IN_PROGRESS,,Submit application and follow up with HR,,
APP-3K-2354,JOB-3K-APP-3K-2354,CMP-7905CC13,Percept Limited (Req #11),Event Production & Budget Manager,2026-08-25,,https://careers.perceptlimited.com/jobs,Aditya_Mehra_Operations_Analyst_v1,,No,,Applied (Active in ATS),,,,,,No,,IN_PROGRESS,,Submit application and follow up with HR,,
APP-3K-2355,JOB-3K-APP-3K-2355,CMP-D05A9313,DNA Networks (Req #11),Media Operations Coordinator,2026-08-25,,https://careers.dnanetworks.com/jobs,Aditya_Mehra_Operations_Analyst_v1,,No,,Applied (Active in ATS),,,,,,No,,IN_PROGRESS,,Submit application and follow up with HR,,
APP-3K-2356,JOB-3K-APP-3K-2356,CMP-4E460F0A,Fountainhead MKTG (Req #11),Exhibition & Event Operations Lead,2026-08-25,,https://careers.fountainheadmktg.com/jobs,Aditya_Mehra_Operations_Analyst_v1,,No,,Applied (Active in ATS),,,,,,No,,IN_PROGRESS,,Submit application and follow up with HR,,
APP-3K-2357,JOB-3K-APP-3K-2357,CMP-C2FDE408,Showcraft (Req #11),Brand Activation & Key Account Executive,2026-08-25,,https://careers.showcraft.com/jobs,Aditya_Mehra_Operations_Analyst_v1,,No,,Applied (Active in ATS),,,,,,No,,IN_PROGRESS,,Submit application and follow up with HR,,
APP-3K-2358,JOB-3K-APP-3K-2358,CMP-04ADCF38,Encompass Events (Req #11),B2B Corporate Client Solutions Manager,2026-08-25,,https://careers.encompassevents.com/jobs,Aditya_Mehra_Operations_Analyst_v1,,No,,Applied (Active in ATS),,,,,,No,,IN_PROGRESS,,Submit application and follow up with HR,,
APP-3K-2359,JOB-3K-APP-3K-2359,CMP-0FB57922,Times Group (Req #11),Event Production & Budget Manager,2026-08-25,,https://careers.timesgroup.com/jobs,Aditya_Mehra_Operations_Analyst_v1,,No,,Applied (Active in ATS),,,,,,No,,IN_PROGRESS,,Submit application and follow up with HR,,
APP-3K-2360,JOB-3K-APP-3K-2360,CMP-F000BD1F,Star India / Disney (Req #11),Media Operations Coordinator,2026-08-25,,https://careers.starindiadisney.com/jobs,Aditya_Mehra_Operations_Analyst_v1,,No,,Applied (Active in ATS),,,,,,No,,IN_PROGRESS,,Submit application and follow up with HR,,
APP-3K-2361,JOB-3K-APP-3K-2361,CMP-CC404D20,Sony Pictures (Req #11),Exhibition & Event Operations Lead,2026-08-25,,https://careers.sonypictures.com/jobs,Aditya_Mehra_Operations_Analyst_v1,,No,,Applied (Active in ATS),,,,,,No,,IN_PROGRESS,,Submit application and follow up with HR,,
APP-3K-2362,JOB-3K-APP-3K-2362,CMP-EFD9216E,Warner Bros Discovery (Req #11),Brand Activation & Key Account Executive,2026-08-25,,https://careers.warnerbrosdiscovery.com/jobs,Aditya_Mehra_Operations_Analyst_v1,,No,,Applied (Active in ATS),,,,,,No,,IN_PROGRESS,,Submit application and follow up with HR,,
APP-3K-2363,JOB-3K-APP-3K-2363,CMP-98DE26EF,Zee Entertainment (Req #11),B2B Corporate Client Solutions Manager,2026-08-25,,https://careers.zeeentertainment.com/jobs,Aditya_Mehra_Operations_Analyst_v1,,No,,Applied (Active in ATS),,,,,,No,,IN_PROGRESS,,Submit application and follow up with HR,,
APP-3K-2364,JOB-3K-APP-3K-2364,CMP-7147D6D6,BookMyShow (Req #11),Event Production & Budget Manager,2026-08-25,,https://careers.bookmyshow.com/jobs,Aditya_Mehra_Operations_Analyst_v1,,No,,Applied (Active in ATS),,,,,,No,,IN_PROGRESS,,Submit application and follow up with HR,,
APP-3K-2365,JOB-3K-APP-3K-2365,CMP-CCF6143B,Eventfaqs (Req #11),Media Operations Coordinator,2026-08-25,,https://careers.eventfaqs.com/jobs,Aditya_Mehra_Operations_Analyst_v1,,No,,Applied (Active in ATS),,,,,,No,,IN_PROGRESS,,Submit application and follow up with HR,,
APP-3K-2366,JOB-3K-APP-3K-2366,CMP-51D5EDBC,Pencil Mark Interior (Req #12),Exhibition & Event Operations Lead,2026-08-25,,https://careers.pencilmarkinterior.com/jobs,Aditya_Mehra_Operations_Analyst_v1,,No,,Applied (Active in ATS),,,,,,No,,IN_PROGRESS,,Submit application and follow up with HR,,
APP-3K-2367,JOB-3K-APP-3K-2367,CMP-66DFB59A,AERO India Organizers (Req #12),Brand Activation & Key Account Executive,2026-08-25,,https://careers.aeroindiaorganizers.com/jobs,Aditya_Mehra_Operations_Analyst_v1,,No,,Applied (Active in ATS),,,,,,No,,IN_PROGRESS,,Submit application and follow up with HR,,
APP-3K-2368,JOB-3K-APP-3K-2368,CMP-5C5D23A4,Wizcraft International (Req #12),B2B Corporate Client Solutions Manager,2026-08-25,,https://careers.wizcraftinternational.com/jobs,Aditya_Mehra_Operations_Analyst_v1,,No,,Applied (Active in ATS),,,,,,No,,IN_PROGRESS,,Submit application and follow up with HR,,
APP-3K-2369,JOB-3K-APP-3K-2369,CMP-C95CFA96,Percept Limited (Req #12),Event Production & Budget Manager,2026-08-25,,https://careers.perceptlimited.com/jobs,Aditya_Mehra_Operations_Analyst_v1,,No,,Applied (Active in ATS),,,,,,No,,IN_PROGRESS,,Submit application and follow up with HR,,
APP-3K-2370,JOB-3K-APP-3K-2370,CMP-AC71D6A5,DNA Networks (Req #12),Media Operations Coordinator,2026-08-25,,https://careers.dnanetworks.com/jobs,Aditya_Mehra_Operations_Analyst_v1,,No,,Applied (Active in ATS),,,,,,No,,IN_PROGRESS,,Submit application and follow up with HR,,
APP-3K-2371,JOB-3K-APP-3K-2371,CMP-4B712BA3,Fountainhead MKTG (Req #12),Exhibition & Event Operations Lead,2026-08-25,,https://careers.fountainheadmktg.com/jobs,Aditya_Mehra_Operations_Analyst_v1,,No,,Applied (Active in ATS),,,,,,No,,IN_PROGRESS,,Submit application and follow up with HR,,
APP-3K-2372,JOB-3K-APP-3K-2372,CMP-4248B956,Showcraft (Req #12),Brand Activation & Key Account Executive,2026-08-25,,https://careers.showcraft.com/jobs,Aditya_Mehra_Operations_Analyst_v1,,No,,Applied (Active in ATS),,,,,,No,,IN_PROGRESS,,Submit application and follow up with HR,,
APP-3K-2373,JOB-3K-APP-3K-2373,CMP-1C48E9D3,Encompass Events (Req #12),B2B Corporate Client Solutions Manager,2026-08-25,,https://careers.encompassevents.com/jobs,Aditya_Mehra_Operations_Analyst_v1,,No,,Applied (Active in ATS),,,,,,No,,IN_PROGRESS,,Submit application and follow up with HR,,
APP-3K-2374,JOB-3K-APP-3K-2374,CMP-BBC5A370,Times Group (Req #12),Event Production & Budget Manager,2026-08-25,,https://careers.timesgroup.com/jobs,Aditya_Mehra_Operations_Analyst_v1,,No,,Applied (Active in ATS),,,,,,No,,IN_PROGRESS,,Submit application and follow up with HR,,
APP-3K-2375,JOB-3K-APP-3K-2375,CMP-6785F5FD,Star India / Disney (Req #12),Media Operations Coordinator,2026-08-25,,https://careers.starindiadisney.com/jobs,Aditya_Mehra_Operations_Analyst_v1,,No,,Applied (Active in ATS),,,,,,No,,IN_PROGRESS,,Submit application and follow up with HR,,
APP-3K-2376,JOB-3K-APP-3K-2376,CMP-FDE4D832,Sony Pictures (Req #12),Exhibition & Event Operations Lead,2026-08-25,,https://careers.sonypictures.com/jobs,Aditya_Mehra_Operations_Analyst_v1,,No,,Applied (Active in ATS),,,,,,No,,IN_PROGRESS,,Submit application and follow up with HR,,
APP-3K-2377,JOB-3K-APP-3K-2377,CMP-4FF1D95B,Warner Bros Discovery (Req #12),Brand Activation & Key Account Executive,2026-08-25,,https://careers.warnerbrosdiscovery.com/jobs,Aditya_Mehra_Operations_Analyst_v1,,No,,Applied (Active in ATS),,,,,,No,,IN_PROGRESS,,Submit application and follow up with HR,,
APP-3K-2378,JOB-3K-APP-3K-2378,CMP-A66FEA29,Zee Entertainment (Req #12),B2B Corporate Client Solutions Manager,2026-08-25,,https://careers.zeeentertainment.com/jobs,Aditya_Mehra_Operations_Analyst_v1,,No,,Applied (Active in ATS),,,,,,No,,IN_PROGRESS,,Submit application and follow up with HR,,
APP-3K-2379,JOB-3K-APP-3K-2379,CMP-E71CE01A,BookMyShow (Req #12),Event Production & Budget Manager,2026-08-25,,https://careers.bookmyshow.com/jobs,Aditya_Mehra_Operations_Analyst_v1,,No,,Applied (Active in ATS),,,,,,No,,IN_PROGRESS,,Submit application and follow up with HR,,
APP-3K-2380,JOB-3K-APP-3K-2380,CMP-5E0CB312,Eventfaqs (Req #12),Media Operations Coordinator,2026-08-25,,https://careers.eventfaqs.com/jobs,Aditya_Mehra_Operations_Analyst_v1,,No,,Applied (Active in ATS),,,,,,No,,IN_PROGRESS,,Submit application and follow up with HR,,
APP-3K-2381,JOB-3K-APP-3K-2381,CMP-D34CEB81,Pencil Mark Interior (Req #13),Exhibition & Event Operations Lead,2026-08-25,,https://careers.pencilmarkinterior.com/jobs,Aditya_Mehra_Operations_Analyst_v1,,No,,Applied (Active in ATS),,,,,,No,,IN_PROGRESS,,Submit application and follow up with HR,,
APP-3K-2382,JOB-3K-APP-3K-2382,CMP-C822BD67,AERO India Organizers (Req #13),Brand Activation & Key Account Executive,2026-08-25,,https://careers.aeroindiaorganizers.com/jobs,Aditya_Mehra_Operations_Analyst_v1,,No,,Applied (Active in ATS),,,,,,No,,IN_PROGRESS,,Submit application and follow up with HR,,
APP-3K-2383,JOB-3K-APP-3K-2383,CMP-01622ED5,Wizcraft International (Req #13),B2B Corporate Client Solutions Manager,2026-08-25,,https://careers.wizcraftinternational.com/jobs,Aditya_Mehra_Operations_Analyst_v1,,No,,Applied (Active in ATS),,,,,,No,,IN_PROGRESS,,Submit application and follow up with HR,,
APP-3K-2384,JOB-3K-APP-3K-2384,CMP-BAD49CC9,Percept Limited (Req #13),Event Production & Budget Manager,2026-08-25,,https://careers.perceptlimited.com/jobs,Aditya_Mehra_Operations_Analyst_v1,,No,,Applied (Active in ATS),,,,,,No,,IN_PROGRESS,,Submit application and follow up with HR,,
APP-3K-2385,JOB-3K-APP-3K-2385,CMP-E6275F25,DNA Networks (Req #13),Media Operations Coordinator,2026-08-25,,https://careers.dnanetworks.com/jobs,Aditya_Mehra_Operations_Analyst_v1,,No,,Applied (Active in ATS),,,,,,No,,IN_PROGRESS,,Submit application and follow up with HR,,
APP-3K-2386,JOB-3K-APP-3K-2386,CMP-1B05D4B9,Fountainhead MKTG (Req #13),Exhibition & Event Operations Lead,2026-08-25,,https://careers.fountainheadmktg.com/jobs,Aditya_Mehra_Operations_Analyst_v1,,No,,Applied (Active in ATS),,,,,,No,,IN_PROGRESS,,Submit application and follow up with HR,,
APP-3K-2387,JOB-3K-APP-3K-2387,CMP-1A6E78CC,Showcraft (Req #13),Brand Activation & Key Account Executive,2026-08-25,,https://careers.showcraft.com/jobs,Aditya_Mehra_Operations_Analyst_v1,,No,,Applied (Active in ATS),,,,,,No,,IN_PROGRESS,,Submit application and follow up with HR,,
APP-3K-2388,JOB-3K-APP-3K-2388,CMP-55239442,Encompass Events (Req #13),B2B Corporate Client Solutions Manager,2026-08-25,,https://careers.encompassevents.com/jobs,Aditya_Mehra_Operations_Analyst_v1,,No,,Applied (Active in ATS),,,,,,No,,IN_PROGRESS,,Submit application and follow up with HR,,
APP-3K-2389,JOB-3K-APP-3K-2389,CMP-19122FE0,Times Group (Req #13),Event Production & Budget Manager,2026-08-25,,https://careers.timesgroup.com/jobs,Aditya_Mehra_Operations_Analyst_v1,,No,,Applied (Active in ATS),,,,,,No,,IN_PROGRESS,,Submit application and follow up with HR,,
APP-3K-2390,JOB-3K-APP-3K-2390,CMP-80879365,Star India / Disney (Req #13),Media Operations Coordinator,2026-08-25,,https://careers.starindiadisney.com/jobs,Aditya_Mehra_Operations_Analyst_v1,,No,,Applied (Active in ATS),,,,,,No,,IN_PROGRESS,,Submit application and follow up with HR,,
APP-3K-2391,JOB-3K-APP-3K-2391,CMP-8AF2DA8B,Sony Pictures (Req #13),Exhibition & Event Operations Lead,2026-08-25,,https://careers.sonypictures.com/jobs,Aditya_Mehra_Operations_Analyst_v1,,No,,Applied (Active in ATS),,,,,,No,,IN_PROGRESS,,Submit application and follow up with HR,,
APP-3K-2392,JOB-3K-APP-3K-2392,CMP-97F9F0CD,Warner Bros Discovery (Req #13),Brand Activation & Key Account Executive,2026-08-25,,https://careers.warnerbrosdiscovery.com/jobs,Aditya_Mehra_Operations_Analyst_v1,,No,,Applied (Active in ATS),,,,,,No,,IN_PROGRESS,,Submit application and follow up with HR,,
APP-3K-2393,JOB-3K-APP-3K-2393,CMP-34CF6D81,Zee Entertainment (Req #13),B2B Corporate Client Solutions Manager,2026-08-25,,https://careers.zeeentertainment.com/jobs,Aditya_Mehra_Operations_Analyst_v1,,No,,Applied (Active in ATS),,,,,,No,,IN_PROGRESS,,Submit application and follow up with HR,,
APP-3K-2394,JOB-3K-APP-3K-2394,CMP-4A42A382,BookMyShow (Req #13),Event Production & Budget Manager,2026-08-25,,https://careers.bookmyshow.com/jobs,Aditya_Mehra_Operations_Analyst_v1,,No,,Applied (Active in ATS),,,,,,No,,IN_PROGRESS,,Submit application and follow up with HR,,
APP-3K-2395,JOB-3K-APP-3K-2395,CMP-77C4EB16,Eventfaqs (Req #13),Media Operations Coordinator,2026-08-25,,https://careers.eventfaqs.com/jobs,Aditya_Mehra_Operations_Analyst_v1,,No,,Applied (Active in ATS),,,,,,No,,IN_PROGRESS,,Submit application and follow up with HR,,
APP-3K-2396,JOB-3K-APP-3K-2396,CMP-F3F0F2D0,Pencil Mark Interior (Req #14),Exhibition & Event Operations Lead,2026-08-25,,https://careers.pencilmarkinterior.com/jobs,Aditya_Mehra_Operations_Analyst_v1,,No,,Applied (Active in ATS),,,,,,No,,IN_PROGRESS,,Submit application and follow up with HR,,
APP-3K-2397,JOB-3K-APP-3K-2397,CMP-73218490,AERO India Organizers (Req #14),Brand Activation & Key Account Executive,2026-08-25,,https://careers.aeroindiaorganizers.com/jobs,Aditya_Mehra_Operations_Analyst_v1,,No,,Applied (Active in ATS),,,,,,No,,IN_PROGRESS,,Submit application and follow up with HR,,
APP-3K-2398,JOB-3K-APP-3K-2398,CMP-CEC49B2A,Wizcraft International (Req #14),B2B Corporate Client Solutions Manager,2026-08-25,,https://careers.wizcraftinternational.com/jobs,Aditya_Mehra_Operations_Analyst_v1,,No,,Applied (Active in ATS),,,,,,No,,IN_PROGRESS,,Submit application and follow up with HR,,
APP-3K-2399,JOB-3K-APP-3K-2399,CMP-6883CB91,Percept Limited (Req #14),Event Production & Budget Manager,2026-08-25,,https://careers.perceptlimited.com/jobs,Aditya_Mehra_Operations_Analyst_v1,,No,,Applied (Active in ATS),,,,,,No,,IN_PROGRESS,,Submit application and follow up with HR,,
APP-3K-2400,JOB-3K-APP-3K-2400,CMP-E1628556,DNA Networks (Req #14),Media Operations Coordinator,2026-08-25,,https://careers.dnanetworks.com/jobs,Aditya_Mehra_Operations_Analyst_v1,,No,,Applied (Active in ATS),,,,,,No,,IN_PROGRESS,,Submit application and follow up with HR,,
APP-3K-2401,JOB-3K-APP-3K-2401,CMP-675D6868,Instawork AI Lab,AI Data Operations & Curation Specialist,2026-08-25,,https://careers.instaworkailab.com/jobs,Aditya_Mehra_Operations_Analyst_v1,,No,,Applied (Active in ATS),,,,,,No,,IN_PROGRESS,,Submit application and follow up with HR,,
APP-3K-2402,JOB-3K-APP-3K-2402,CMP-D2CE9745,Scale AI,Human-in-the-Loop Workflow Lead,2026-08-25,,https://careers.scaleai.com/jobs,Aditya_Mehra_Operations_Analyst_v1,,No,,Applied (Active in ATS),,,,,,No,,IN_PROGRESS,,Submit application and follow up with HR,,
APP-3K-2403,JOB-3K-APP-3K-2403,CMP-DCBBFE05,Labelbox,AI Process Automation Analyst,2026-08-25,,https://careers.labelbox.com/jobs,Aditya_Mehra_Operations_Analyst_v1,,No,,Applied (Active in ATS),,,,,,No,,IN_PROGRESS,,Submit application and follow up with HR,,
APP-3K-2404,JOB-3K-APP-3K-2404,CMP-8F48D4E3,Anthropic Global Partners,Data Quality & Annotation Lead,2026-08-25,,https://careers.anthropicglobalpartners.com/jobs,Aditya_Mehra_Operations_Analyst_v1,,No,,Applied (Active in ATS),,,,,,No,,IN_PROGRESS,,Submit application and follow up with HR,,
APP-3K-2405,JOB-3K-APP-3K-2405,CMP-6322CBC5,OpenAI Ecosystem,Prompt Engineering & Knowledge Associate,2026-08-25,,https://careers.openaiecosystem.com/jobs,Aditya_Mehra_Operations_Analyst_v1,,No,,Applied (Active in ATS),,,,,,No,,IN_PROGRESS,,Submit application and follow up with HR,,
APP-3K-2406,JOB-3K-APP-3K-2406,CMP-3ABD71F8,Appen,AI Data Operations & Curation Specialist,2026-08-25,,https://careers.appen.com/jobs,Aditya_Mehra_Operations_Analyst_v1,,No,,Applied (Active in ATS),,,,,,No,,IN_PROGRESS,,Submit application and follow up with HR,,
APP-3K-2407,JOB-3K-APP-3K-2407,CMP-369FD1EF,Cognizant AI Labs,Human-in-the-Loop Workflow Lead,2026-08-25,,https://careers.cognizantailabs.com/jobs,Aditya_Mehra_Operations_Analyst_v1,,No,,Applied (Active in ATS),,,,,,No,,IN_PROGRESS,,Submit application and follow up with HR,,
APP-3K-2408,JOB-3K-APP-3K-2408,CMP-722C21A9,Wipro AI Solutions,AI Process Automation Analyst,2026-08-25,,https://careers.wiproaisolutions.com/jobs,Aditya_Mehra_Operations_Analyst_v1,,No,,Applied (Active in ATS),,,,,,No,,IN_PROGRESS,,Submit application and follow up with HR,,
APP-3K-2409,JOB-3K-APP-3K-2409,CMP-6D6DF66D,Infosys Topaz,Data Quality & Annotation Lead,2026-08-25,,https://careers.infosystopaz.com/jobs,Aditya_Mehra_Operations_Analyst_v1,,No,,Applied (Active in ATS),,,,,,No,,IN_PROGRESS,,Submit application and follow up with HR,,
APP-3K-2410,JOB-3K-APP-3K-2410,CMP-B02C15EA,TCS AI Cloud,Prompt Engineering & Knowledge Associate,2026-08-25,,https://careers.tcsaicloud.com/jobs,Aditya_Mehra_Operations_Analyst_v1,,No,,Applied (Active in ATS),,,,,,No,,IN_PROGRESS,,Submit application and follow up with HR,,
APP-3K-2411,JOB-3K-APP-3K-2411,CMP-7B6AA4C7,HCL Tech AI,AI Data Operations & Curation Specialist,2026-08-25,,https://careers.hcltechai.com/jobs,Aditya_Mehra_Operations_Analyst_v1,,No,,Applied (Active in ATS),,,,,,No,,IN_PROGRESS,,Submit application and follow up with HR,,
APP-3K-2412,JOB-3K-APP-3K-2412,CMP-ED653A25,Tech Mahindra,Human-in-the-Loop Workflow Lead,2026-08-25,,https://careers.techmahindra.com/jobs,Aditya_Mehra_Operations_Analyst_v1,,No,,Applied (Active in ATS),,,,,,No,,IN_PROGRESS,,Submit application and follow up with HR,,
APP-3K-2413,JOB-3K-APP-3K-2413,CMP-16231F30,Mindtree / LTIMindtree,AI Process Automation Analyst,2026-08-25,,https://careers.mindtreeltimindtree.com/jobs,Aditya_Mehra_Operations_Analyst_v1,,No,,Applied (Active in ATS),,,,,,No,,IN_PROGRESS,,Submit application and follow up with HR,,
APP-3K-2414,JOB-3K-APP-3K-2414,CMP-8885477D,Persistent Systems,Data Quality & Annotation Lead,2026-08-25,,https://careers.persistentsystems.com/jobs,Aditya_Mehra_Operations_Analyst_v1,,No,,Applied (Active in ATS),,,,,,No,,IN_PROGRESS,,Submit application and follow up with HR,,
APP-3K-2415,JOB-3K-APP-3K-2415,CMP-B28CB85B,Fractal Analytics,Prompt Engineering & Knowledge Associate,2026-08-25,,https://careers.fractalanalytics.com/jobs,Aditya_Mehra_Operations_Analyst_v1,,No,,Applied (Active in ATS),,,,,,No,,IN_PROGRESS,,Submit application and follow up with HR,,
APP-3K-2416,JOB-3K-APP-3K-2416,CMP-774103BC,Instawork AI Lab (Req #2),AI Data Operations & Curation Specialist,2026-08-25,,https://careers.instaworkailab.com/jobs,Aditya_Mehra_Operations_Analyst_v1,,No,,Applied (Active in ATS),,,,,,No,,IN_PROGRESS,,Submit application and follow up with HR,,
APP-3K-2417,JOB-3K-APP-3K-2417,CMP-A4743C1B,Scale AI (Req #2),Human-in-the-Loop Workflow Lead,2026-08-25,,https://careers.scaleai.com/jobs,Aditya_Mehra_Operations_Analyst_v1,,No,,Applied (Active in ATS),,,,,,No,,IN_PROGRESS,,Submit application and follow up with HR,,
APP-3K-2418,JOB-3K-APP-3K-2418,CMP-20097CF6,Labelbox (Req #2),AI Process Automation Analyst,2026-08-25,,https://careers.labelbox.com/jobs,Aditya_Mehra_Operations_Analyst_v1,,No,,Applied (Active in ATS),,,,,,No,,IN_PROGRESS,,Submit application and follow up with HR,,
APP-3K-2419,JOB-3K-APP-3K-2419,CMP-267ED1AA,Anthropic Global Partners (Req #2),Data Quality & Annotation Lead,2026-08-25,,https://careers.anthropicglobalpartners.com/jobs,Aditya_Mehra_Operations_Analyst_v1,,No,,Applied (Active in ATS),,,,,,No,,IN_PROGRESS,,Submit application and follow up with HR,,
APP-3K-2420,JOB-3K-APP-3K-2420,CMP-03F511B0,OpenAI Ecosystem (Req #2),Prompt Engineering & Knowledge Associate,2026-08-25,,https://careers.openaiecosystem.com/jobs,Aditya_Mehra_Operations_Analyst_v1,,No,,Applied (Active in ATS),,,,,,No,,IN_PROGRESS,,Submit application and follow up with HR,,
APP-3K-2421,JOB-3K-APP-3K-2421,CMP-BE50BDAF,Appen (Req #2),AI Data Operations & Curation Specialist,2026-08-25,,https://careers.appen.com/jobs,Aditya_Mehra_Operations_Analyst_v1,,No,,Applied (Active in ATS),,,,,,No,,IN_PROGRESS,,Submit application and follow up with HR,,
APP-3K-2422,JOB-3K-APP-3K-2422,CMP-3684B046,Cognizant AI Labs (Req #2),Human-in-the-Loop Workflow Lead,2026-08-25,,https://careers.cognizantailabs.com/jobs,Aditya_Mehra_Operations_Analyst_v1,,No,,Applied (Active in ATS),,,,,,No,,IN_PROGRESS,,Submit application and follow up with HR,,
APP-3K-2423,JOB-3K-APP-3K-2423,CMP-DAF04F3B,Wipro AI Solutions (Req #2),AI Process Automation Analyst,2026-08-25,,https://careers.wiproaisolutions.com/jobs,Aditya_Mehra_Operations_Analyst_v1,,No,,Applied (Active in ATS),,,,,,No,,IN_PROGRESS,,Submit application and follow up with HR,,
APP-3K-2424,JOB-3K-APP-3K-2424,CMP-F235275D,Infosys Topaz (Req #2),Data Quality & Annotation Lead,2026-08-25,,https://careers.infosystopaz.com/jobs,Aditya_Mehra_Operations_Analyst_v1,,No,,Applied (Active in ATS),,,,,,No,,IN_PROGRESS,,Submit application and follow up with HR,,
APP-3K-2425,JOB-3K-APP-3K-2425,CMP-A4A5DCFA,TCS AI Cloud (Req #2),Prompt Engineering & Knowledge Associate,2026-08-25,,https://careers.tcsaicloud.com/jobs,Aditya_Mehra_Operations_Analyst_v1,,No,,Applied (Active in ATS),,,,,,No,,IN_PROGRESS,,Submit application and follow up with HR,,
APP-3K-2426,JOB-3K-APP-3K-2426,CMP-262FCBE6,HCL Tech AI (Req #2),AI Data Operations & Curation Specialist,2026-08-25,,https://careers.hcltechai.com/jobs,Aditya_Mehra_Operations_Analyst_v1,,No,,Applied (Active in ATS),,,,,,No,,IN_PROGRESS,,Submit application and follow up with HR,,
APP-3K-2427,JOB-3K-APP-3K-2427,CMP-F72D6270,Tech Mahindra (Req #2),Human-in-the-Loop Workflow Lead,2026-08-25,,https://careers.techmahindra.com/jobs,Aditya_Mehra_Operations_Analyst_v1,,No,,Applied (Active in ATS),,,,,,No,,IN_PROGRESS,,Submit application and follow up with HR,,
APP-3K-2428,JOB-3K-APP-3K-2428,CMP-5F37EB5F,Mindtree / LTIMindtree (Req #2),AI Process Automation Analyst,2026-08-25,,https://careers.mindtreeltimindtree.com/jobs,Aditya_Mehra_Operations_Analyst_v1,,No,,Applied (Active in ATS),,,,,,No,,IN_PROGRESS,,Submit application and follow up with HR,,
APP-3K-2429,JOB-3K-APP-3K-2429,CMP-5A9E46A1,Persistent Systems (Req #2),Data Quality & Annotation Lead,2026-08-25,,https://careers.persistentsystems.com/jobs,Aditya_Mehra_Operations_Analyst_v1,,No,,Applied (Active in ATS),,,,,,No,,IN_PROGRESS,,Submit application and follow up with HR,,
APP-3K-2430,JOB-3K-APP-3K-2430,CMP-B6F4F350,Fractal Analytics (Req #2),Prompt Engineering & Knowledge Associate,2026-08-25,,https://careers.fractalanalytics.com/jobs,Aditya_Mehra_Operations_Analyst_v1,,No,,Applied (Active in ATS),,,,,,No,,IN_PROGRESS,,Submit application and follow up with HR,,
APP-3K-2431,JOB-3K-APP-3K-2431,CMP-0A351BD5,Instawork AI Lab (Req #3),AI Data Operations & Curation Specialist,2026-08-25,,https://careers.instaworkailab.com/jobs,Aditya_Mehra_Operations_Analyst_v1,,No,,Applied (Active in ATS),,,,,,No,,IN_PROGRESS,,Submit application and follow up with HR,,
APP-3K-2432,JOB-3K-APP-3K-2432,CMP-DA62033B,Scale AI (Req #3),Human-in-the-Loop Workflow Lead,2026-08-25,,https://careers.scaleai.com/jobs,Aditya_Mehra_Operations_Analyst_v1,,No,,Applied (Active in ATS),,,,,,No,,IN_PROGRESS,,Submit application and follow up with HR,,
APP-3K-2433,JOB-3K-APP-3K-2433,CMP-C06C6418,Labelbox (Req #3),AI Process Automation Analyst,2026-08-25,,https://careers.labelbox.com/jobs,Aditya_Mehra_Operations_Analyst_v1,,No,,Applied (Active in ATS),,,,,,No,,IN_PROGRESS,,Submit application and follow up with HR,,
APP-3K-2434,JOB-3K-APP-3K-2434,CMP-2C3B6EE9,Anthropic Global Partners (Req #3),Data Quality & Annotation Lead,2026-08-25,,https://careers.anthropicglobalpartners.com/jobs,Aditya_Mehra_Operations_Analyst_v1,,No,,Applied (Active in ATS),,,,,,No,,IN_PROGRESS,,Submit application and follow up with HR,,
APP-3K-2435,JOB-3K-APP-3K-2435,CMP-59CB48DC,OpenAI Ecosystem (Req #3),Prompt Engineering & Knowledge Associate,2026-08-25,,https://careers.openaiecosystem.com/jobs,Aditya_Mehra_Operations_Analyst_v1,,No,,Applied (Active in ATS),,,,,,No,,IN_PROGRESS,,Submit application and follow up with HR,,
APP-3K-2436,JOB-3K-APP-3K-2436,CMP-1D7AB02B,Appen (Req #3),AI Data Operations & Curation Specialist,2026-08-25,,https://careers.appen.com/jobs,Aditya_Mehra_Operations_Analyst_v1,,No,,Applied (Active in ATS),,,,,,No,,IN_PROGRESS,,Submit application and follow up with HR,,
APP-3K-2437,JOB-3K-APP-3K-2437,CMP-E3A7EA86,Cognizant AI Labs (Req #3),Human-in-the-Loop Workflow Lead,2026-08-25,,https://careers.cognizantailabs.com/jobs,Aditya_Mehra_Operations_Analyst_v1,,No,,Applied (Active in ATS),,,,,,No,,IN_PROGRESS,,Submit application and follow up with HR,,
APP-3K-2438,JOB-3K-APP-3K-2438,CMP-3401D36F,Wipro AI Solutions (Req #3),AI Process Automation Analyst,2026-08-25,,https://careers.wiproaisolutions.com/jobs,Aditya_Mehra_Operations_Analyst_v1,,No,,Applied (Active in ATS),,,,,,No,,IN_PROGRESS,,Submit application and follow up with HR,,
APP-3K-2439,JOB-3K-APP-3K-2439,CMP-7C4C8E93,Infosys Topaz (Req #3),Data Quality & Annotation Lead,2026-08-25,,https://careers.infosystopaz.com/jobs,Aditya_Mehra_Operations_Analyst_v1,,No,,Applied (Active in ATS),,,,,,No,,IN_PROGRESS,,Submit application and follow up with HR,,
APP-3K-2440,JOB-3K-APP-3K-2440,CMP-B12F33E5,TCS AI Cloud (Req #3),Prompt Engineering & Knowledge Associate,2026-08-25,,https://careers.tcsaicloud.com/jobs,Aditya_Mehra_Operations_Analyst_v1,,No,,Applied (Active in ATS),,,,,,No,,IN_PROGRESS,,Submit application and follow up with HR,,
APP-3K-2441,JOB-3K-APP-3K-2441,CMP-5C773068,HCL Tech AI (Req #3),AI Data Operations & Curation Specialist,2026-08-25,,https://careers.hcltechai.com/jobs,Aditya_Mehra_Operations_Analyst_v1,,No,,Applied (Active in ATS),,,,,,No,,IN_PROGRESS,,Submit application and follow up with HR,,
APP-3K-2442,JOB-3K-APP-3K-2442,CMP-81F7148C,Tech Mahindra (Req #3),Human-in-the-Loop Workflow Lead,2026-08-25,,https://careers.techmahindra.com/jobs,Aditya_Mehra_Operations_Analyst_v1,,No,,Applied (Active in ATS),,,,,,No,,IN_PROGRESS,,Submit application and follow up with HR,,
APP-3K-2443,JOB-3K-APP-3K-2443,CMP-899964C9,Mindtree / LTIMindtree (Req #3),AI Process Automation Analyst,2026-08-25,,https://careers.mindtreeltimindtree.com/jobs,Aditya_Mehra_Operations_Analyst_v1,,No,,Applied (Active in ATS),,,,,,No,,IN_PROGRESS,,Submit application and follow up with HR,,
APP-3K-2444,JOB-3K-APP-3K-2444,CMP-8075584A,Persistent Systems (Req #3),Data Quality & Annotation Lead,2026-08-25,,https://careers.persistentsystems.com/jobs,Aditya_Mehra_Operations_Analyst_v1,,No,,Applied (Active in ATS),,,,,,No,,IN_PROGRESS,,Submit application and follow up with HR,,
APP-3K-2445,JOB-3K-APP-3K-2445,CMP-A79C5F90,Fractal Analytics (Req #3),Prompt Engineering & Knowledge Associate,2026-08-25,,https://careers.fractalanalytics.com/jobs,Aditya_Mehra_Operations_Analyst_v1,,No,,Applied (Active in ATS),,,,,,No,,IN_PROGRESS,,Submit application and follow up with HR,,
APP-3K-2446,JOB-3K-APP-3K-2446,CMP-4D90889A,Instawork AI Lab (Req #4),AI Data Operations & Curation Specialist,2026-08-25,,https://careers.instaworkailab.com/jobs,Aditya_Mehra_Operations_Analyst_v1,,No,,Applied (Active in ATS),,,,,,No,,IN_PROGRESS,,Submit application and follow up with HR,,
APP-3K-2447,JOB-3K-APP-3K-2447,CMP-586847CC,Scale AI (Req #4),Human-in-the-Loop Workflow Lead,2026-08-25,,https://careers.scaleai.com/jobs,Aditya_Mehra_Operations_Analyst_v1,,No,,Applied (Active in ATS),,,,,,No,,IN_PROGRESS,,Submit application and follow up with HR,,
APP-3K-2448,JOB-3K-APP-3K-2448,CMP-2C4D0E44,Labelbox (Req #4),AI Process Automation Analyst,2026-08-25,,https://careers.labelbox.com/jobs,Aditya_Mehra_Operations_Analyst_v1,,No,,Applied (Active in ATS),,,,,,No,,IN_PROGRESS,,Submit application and follow up with HR,,
APP-3K-2449,JOB-3K-APP-3K-2449,CMP-4187B543,Anthropic Global Partners (Req #4),Data Quality & Annotation Lead,2026-08-25,,https://careers.anthropicglobalpartners.com/jobs,Aditya_Mehra_Operations_Analyst_v1,,No,,Applied (Active in ATS),,,,,,No,,IN_PROGRESS,,Submit application and follow up with HR,,
APP-3K-2450,JOB-3K-APP-3K-2450,CMP-8814FD73,OpenAI Ecosystem (Req #4),Prompt Engineering & Knowledge Associate,2026-08-25,,https://careers.openaiecosystem.com/jobs,Aditya_Mehra_Operations_Analyst_v1,,No,,Applied (Active in ATS),,,,,,No,,IN_PROGRESS,,Submit application and follow up with HR,,
APP-3K-2451,JOB-3K-APP-3K-2451,CMP-70426C13,Appen (Req #4),AI Data Operations & Curation Specialist,2026-08-25,,https://careers.appen.com/jobs,Aditya_Mehra_Operations_Analyst_v1,,No,,Applied (Active in ATS),,,,,,No,,IN_PROGRESS,,Submit application and follow up with HR,,
APP-3K-2452,JOB-3K-APP-3K-2452,CMP-BF864397,Cognizant AI Labs (Req #4),Human-in-the-Loop Workflow Lead,2026-08-25,,https://careers.cognizantailabs.com/jobs,Aditya_Mehra_Operations_Analyst_v1,,No,,Applied (Active in ATS),,,,,,No,,IN_PROGRESS,,Submit application and follow up with HR,,
APP-3K-2453,JOB-3K-APP-3K-2453,CMP-EBBCFB75,Wipro AI Solutions (Req #4),AI Process Automation Analyst,2026-08-25,,https://careers.wiproaisolutions.com/jobs,Aditya_Mehra_Operations_Analyst_v1,,No,,Applied (Active in ATS),,,,,,No,,IN_PROGRESS,,Submit application and follow up with HR,,
APP-3K-2454,JOB-3K-APP-3K-2454,CMP-A4739BA9,Infosys Topaz (Req #4),Data Quality & Annotation Lead,2026-08-25,,https://careers.infosystopaz.com/jobs,Aditya_Mehra_Operations_Analyst_v1,,No,,Applied (Active in ATS),,,,,,No,,IN_PROGRESS,,Submit application and follow up with HR,,
APP-3K-2455,JOB-3K-APP-3K-2455,CMP-4CB8760C,TCS AI Cloud (Req #4),Prompt Engineering & Knowledge Associate,2026-08-25,,https://careers.tcsaicloud.com/jobs,Aditya_Mehra_Operations_Analyst_v1,,No,,Applied (Active in ATS),,,,,,No,,IN_PROGRESS,,Submit application and follow up with HR,,
APP-3K-2456,JOB-3K-APP-3K-2456,CMP-FAB97259,HCL Tech AI (Req #4),AI Data Operations & Curation Specialist,2026-08-25,,https://careers.hcltechai.com/jobs,Aditya_Mehra_Operations_Analyst_v1,,No,,Applied (Active in ATS),,,,,,No,,IN_PROGRESS,,Submit application and follow up with HR,,
APP-3K-2457,JOB-3K-APP-3K-2457,CMP-5662FD03,Tech Mahindra (Req #4),Human-in-the-Loop Workflow Lead,2026-08-25,,https://careers.techmahindra.com/jobs,Aditya_Mehra_Operations_Analyst_v1,,No,,Applied (Active in ATS),,,,,,No,,IN_PROGRESS,,Submit application and follow up with HR,,
APP-3K-2458,JOB-3K-APP-3K-2458,CMP-8DA36B3E,Mindtree / LTIMindtree (Req #4),AI Process Automation Analyst,2026-08-25,,https://careers.mindtreeltimindtree.com/jobs,Aditya_Mehra_Operations_Analyst_v1,,No,,Applied (Active in ATS),,,,,,No,,IN_PROGRESS,,Submit application and follow up with HR,,
APP-3K-2459,JOB-3K-APP-3K-2459,CMP-CB62A52E,Persistent Systems (Req #4),Data Quality & Annotation Lead,2026-08-25,,https://careers.persistentsystems.com/jobs,Aditya_Mehra_Operations_Analyst_v1,,No,,Applied (Active in ATS),,,,,,No,,IN_PROGRESS,,Submit application and follow up with HR,,
APP-3K-2460,JOB-3K-APP-3K-2460,CMP-B5C5FD96,Fractal Analytics (Req #4),Prompt Engineering & Knowledge Associate,2026-08-25,,https://careers.fractalanalytics.com/jobs,Aditya_Mehra_Operations_Analyst_v1,,No,,Applied (Active in ATS),,,,,,No,,IN_PROGRESS,,Submit application and follow up with HR,,
APP-3K-2461,JOB-3K-APP-3K-2461,CMP-9F982A91,Instawork AI Lab (Req #5),AI Data Operations & Curation Specialist,2026-08-25,,https://careers.instaworkailab.com/jobs,Aditya_Mehra_Operations_Analyst_v1,,No,,Applied (Active in ATS),,,,,,No,,IN_PROGRESS,,Submit application and follow up with HR,,
APP-3K-2462,JOB-3K-APP-3K-2462,CMP-2DB45EAE,Scale AI (Req #5),Human-in-the-Loop Workflow Lead,2026-08-25,,https://careers.scaleai.com/jobs,Aditya_Mehra_Operations_Analyst_v1,,No,,Applied (Active in ATS),,,,,,No,,IN_PROGRESS,,Submit application and follow up with HR,,
APP-3K-2463,JOB-3K-APP-3K-2463,CMP-542C56E2,Labelbox (Req #5),AI Process Automation Analyst,2026-08-25,,https://careers.labelbox.com/jobs,Aditya_Mehra_Operations_Analyst_v1,,No,,Applied (Active in ATS),,,,,,No,,IN_PROGRESS,,Submit application and follow up with HR,,
APP-3K-2464,JOB-3K-APP-3K-2464,CMP-AD3F95A6,Anthropic Global Partners (Req #5),Data Quality & Annotation Lead,2026-08-25,,https://careers.anthropicglobalpartners.com/jobs,Aditya_Mehra_Operations_Analyst_v1,,No,,Applied (Active in ATS),,,,,,No,,IN_PROGRESS,,Submit application and follow up with HR,,
APP-3K-2465,JOB-3K-APP-3K-2465,CMP-21C7F38B,OpenAI Ecosystem (Req #5),Prompt Engineering & Knowledge Associate,2026-08-25,,https://careers.openaiecosystem.com/jobs,Aditya_Mehra_Operations_Analyst_v1,,No,,Applied (Active in ATS),,,,,,No,,IN_PROGRESS,,Submit application and follow up with HR,,
APP-3K-2466,JOB-3K-APP-3K-2466,CMP-650BFF60,Appen (Req #5),AI Data Operations & Curation Specialist,2026-08-25,,https://careers.appen.com/jobs,Aditya_Mehra_Operations_Analyst_v1,,No,,Applied (Active in ATS),,,,,,No,,IN_PROGRESS,,Submit application and follow up with HR,,
APP-3K-2467,JOB-3K-APP-3K-2467,CMP-CE519F75,Cognizant AI Labs (Req #5),Human-in-the-Loop Workflow Lead,2026-08-25,,https://careers.cognizantailabs.com/jobs,Aditya_Mehra_Operations_Analyst_v1,,No,,Applied (Active in ATS),,,,,,No,,IN_PROGRESS,,Submit application and follow up with HR,,
APP-3K-2468,JOB-3K-APP-3K-2468,CMP-F2EEF31B,Wipro AI Solutions (Req #5),AI Process Automation Analyst,2026-08-25,,https://careers.wiproaisolutions.com/jobs,Aditya_Mehra_Operations_Analyst_v1,,No,,Applied (Active in ATS),,,,,,No,,IN_PROGRESS,,Submit application and follow up with HR,,
APP-3K-2469,JOB-3K-APP-3K-2469,CMP-0206B828,Infosys Topaz (Req #5),Data Quality & Annotation Lead,2026-08-25,,https://careers.infosystopaz.com/jobs,Aditya_Mehra_Operations_Analyst_v1,,No,,Applied (Active in ATS),,,,,,No,,IN_PROGRESS,,Submit application and follow up with HR,,
APP-3K-2470,JOB-3K-APP-3K-2470,CMP-1DD7D3ED,TCS AI Cloud (Req #5),Prompt Engineering & Knowledge Associate,2026-08-25,,https://careers.tcsaicloud.com/jobs,Aditya_Mehra_Operations_Analyst_v1,,No,,Applied (Active in ATS),,,,,,No,,IN_PROGRESS,,Submit application and follow up with HR,,
APP-3K-2471,JOB-3K-APP-3K-2471,CMP-6177B0AF,HCL Tech AI (Req #5),AI Data Operations & Curation Specialist,2026-08-25,,https://careers.hcltechai.com/jobs,Aditya_Mehra_Operations_Analyst_v1,,No,,Applied (Active in ATS),,,,,,No,,IN_PROGRESS,,Submit application and follow up with HR,,
APP-3K-2472,JOB-3K-APP-3K-2472,CMP-28B58E08,Tech Mahindra (Req #5),Human-in-the-Loop Workflow Lead,2026-08-25,,https://careers.techmahindra.com/jobs,Aditya_Mehra_Operations_Analyst_v1,,No,,Applied (Active in ATS),,,,,,No,,IN_PROGRESS,,Submit application and follow up with HR,,
APP-3K-2473,JOB-3K-APP-3K-2473,CMP-5C301349,Mindtree / LTIMindtree (Req #5),AI Process Automation Analyst,2026-08-25,,https://careers.mindtreeltimindtree.com/jobs,Aditya_Mehra_Operations_Analyst_v1,,No,,Applied (Active in ATS),,,,,,No,,IN_PROGRESS,,Submit application and follow up with HR,,
APP-3K-2474,JOB-3K-APP-3K-2474,CMP-B520ACC0,Persistent Systems (Req #5),Data Quality & Annotation Lead,2026-08-25,,https://careers.persistentsystems.com/jobs,Aditya_Mehra_Operations_Analyst_v1,,No,,Applied (Active in ATS),,,,,,No,,IN_PROGRESS,,Submit application and follow up with HR,,
APP-3K-2475,JOB-3K-APP-3K-2475,CMP-6D756B89,Fractal Analytics (Req #5),Prompt Engineering & Knowledge Associate,2026-08-25,,https://careers.fractalanalytics.com/jobs,Aditya_Mehra_Operations_Analyst_v1,,No,,Applied (Active in ATS),,,,,,No,,IN_PROGRESS,,Submit application and follow up with HR,,
APP-3K-2476,JOB-3K-APP-3K-2476,CMP-1163E72A,Instawork AI Lab (Req #6),AI Data Operations & Curation Specialist,2026-08-25,,https://careers.instaworkailab.com/jobs,Aditya_Mehra_Operations_Analyst_v1,,No,,Applied (Active in ATS),,,,,,No,,IN_PROGRESS,,Submit application and follow up with HR,,
APP-3K-2477,JOB-3K-APP-3K-2477,CMP-7F31D646,Scale AI (Req #6),Human-in-the-Loop Workflow Lead,2026-08-25,,https://careers.scaleai.com/jobs,Aditya_Mehra_Operations_Analyst_v1,,No,,Applied (Active in ATS),,,,,,No,,IN_PROGRESS,,Submit application and follow up with HR,,
APP-3K-2478,JOB-3K-APP-3K-2478,CMP-5D427CEF,Labelbox (Req #6),AI Process Automation Analyst,2026-08-25,,https://careers.labelbox.com/jobs,Aditya_Mehra_Operations_Analyst_v1,,No,,Applied (Active in ATS),,,,,,No,,IN_PROGRESS,,Submit application and follow up with HR,,
APP-3K-2479,JOB-3K-APP-3K-2479,CMP-6EB4D305,Anthropic Global Partners (Req #6),Data Quality & Annotation Lead,2026-08-25,,https://careers.anthropicglobalpartners.com/jobs,Aditya_Mehra_Operations_Analyst_v1,,No,,Applied (Active in ATS),,,,,,No,,IN_PROGRESS,,Submit application and follow up with HR,,
APP-3K-2480,JOB-3K-APP-3K-2480,CMP-0F436B77,OpenAI Ecosystem (Req #6),Prompt Engineering & Knowledge Associate,2026-08-25,,https://careers.openaiecosystem.com/jobs,Aditya_Mehra_Operations_Analyst_v1,,No,,Applied (Active in ATS),,,,,,No,,IN_PROGRESS,,Submit application and follow up with HR,,
APP-3K-2481,JOB-3K-APP-3K-2481,CMP-DC9358F6,Appen (Req #6),AI Data Operations & Curation Specialist,2026-08-25,,https://careers.appen.com/jobs,Aditya_Mehra_Operations_Analyst_v1,,No,,Applied (Active in ATS),,,,,,No,,IN_PROGRESS,,Submit application and follow up with HR,,
APP-3K-2482,JOB-3K-APP-3K-2482,CMP-5343CCF9,Cognizant AI Labs (Req #6),Human-in-the-Loop Workflow Lead,2026-08-25,,https://careers.cognizantailabs.com/jobs,Aditya_Mehra_Operations_Analyst_v1,,No,,Applied (Active in ATS),,,,,,No,,IN_PROGRESS,,Submit application and follow up with HR,,
APP-3K-2483,JOB-3K-APP-3K-2483,CMP-1AD6A1D0,Wipro AI Solutions (Req #6),AI Process Automation Analyst,2026-08-25,,https://careers.wiproaisolutions.com/jobs,Aditya_Mehra_Operations_Analyst_v1,,No,,Applied (Active in ATS),,,,,,No,,IN_PROGRESS,,Submit application and follow up with HR,,
APP-3K-2484,JOB-3K-APP-3K-2484,CMP-1077FDD0,Infosys Topaz (Req #6),Data Quality & Annotation Lead,2026-08-25,,https://careers.infosystopaz.com/jobs,Aditya_Mehra_Operations_Analyst_v1,,No,,Applied (Active in ATS),,,,,,No,,IN_PROGRESS,,Submit application and follow up with HR,,
APP-3K-2485,JOB-3K-APP-3K-2485,CMP-CEC69CFA,TCS AI Cloud (Req #6),Prompt Engineering & Knowledge Associate,2026-08-25,,https://careers.tcsaicloud.com/jobs,Aditya_Mehra_Operations_Analyst_v1,,No,,Applied (Active in ATS),,,,,,No,,IN_PROGRESS,,Submit application and follow up with HR,,
APP-3K-2486,JOB-3K-APP-3K-2486,CMP-D0894F8B,HCL Tech AI (Req #6),AI Data Operations & Curation Specialist,2026-08-25,,https://careers.hcltechai.com/jobs,Aditya_Mehra_Operations_Analyst_v1,,No,,Applied (Active in ATS),,,,,,No,,IN_PROGRESS,,Submit application and follow up with HR,,
APP-3K-2487,JOB-3K-APP-3K-2487,CMP-6E9C633A,Tech Mahindra (Req #6),Human-in-the-Loop Workflow Lead,2026-08-25,,https://careers.techmahindra.com/jobs,Aditya_Mehra_Operations_Analyst_v1,,No,,Applied (Active in ATS),,,,,,No,,IN_PROGRESS,,Submit application and follow up with HR,,
APP-3K-2488,JOB-3K-APP-3K-2488,CMP-89889919,Mindtree / LTIMindtree (Req #6),AI Process Automation Analyst,2026-08-25,,https://careers.mindtreeltimindtree.com/jobs,Aditya_Mehra_Operations_Analyst_v1,,No,,Applied (Active in ATS),,,,,,No,,IN_PROGRESS,,Submit application and follow up with HR,,
APP-3K-2489,JOB-3K-APP-3K-2489,CMP-9567616E,Persistent Systems (Req #6),Data Quality & Annotation Lead,2026-08-25,,https://careers.persistentsystems.com/jobs,Aditya_Mehra_Operations_Analyst_v1,,No,,Applied (Active in ATS),,,,,,No,,IN_PROGRESS,,Submit application and follow up with HR,,
APP-3K-2490,JOB-3K-APP-3K-2490,CMP-8C370697,Fractal Analytics (Req #6),Prompt Engineering & Knowledge Associate,2026-08-25,,https://careers.fractalanalytics.com/jobs,Aditya_Mehra_Operations_Analyst_v1,,No,,Applied (Active in ATS),,,,,,No,,IN_PROGRESS,,Submit application and follow up with HR,,
APP-3K-2491,JOB-3K-APP-3K-2491,CMP-B83EA28C,Instawork AI Lab (Req #7),AI Data Operations & Curation Specialist,2026-08-25,,https://careers.instaworkailab.com/jobs,Aditya_Mehra_Operations_Analyst_v1,,No,,Applied (Active in ATS),,,,,,No,,IN_PROGRESS,,Submit application and follow up with HR,,
APP-3K-2492,JOB-3K-APP-3K-2492,CMP-E7252258,Scale AI (Req #7),Human-in-the-Loop Workflow Lead,2026-08-25,,https://careers.scaleai.com/jobs,Aditya_Mehra_Operations_Analyst_v1,,No,,Applied (Active in ATS),,,,,,No,,IN_PROGRESS,,Submit application and follow up with HR,,
APP-3K-2493,JOB-3K-APP-3K-2493,CMP-244E62E5,Labelbox (Req #7),AI Process Automation Analyst,2026-08-25,,https://careers.labelbox.com/jobs,Aditya_Mehra_Operations_Analyst_v1,,No,,Applied (Active in ATS),,,,,,No,,IN_PROGRESS,,Submit application and follow up with HR,,
APP-3K-2494,JOB-3K-APP-3K-2494,CMP-189C53B2,Anthropic Global Partners (Req #7),Data Quality & Annotation Lead,2026-08-25,,https://careers.anthropicglobalpartners.com/jobs,Aditya_Mehra_Operations_Analyst_v1,,No,,Applied (Active in ATS),,,,,,No,,IN_PROGRESS,,Submit application and follow up with HR,,
APP-3K-2495,JOB-3K-APP-3K-2495,CMP-35639138,OpenAI Ecosystem (Req #7),Prompt Engineering & Knowledge Associate,2026-08-25,,https://careers.openaiecosystem.com/jobs,Aditya_Mehra_Operations_Analyst_v1,,No,,Applied (Active in ATS),,,,,,No,,IN_PROGRESS,,Submit application and follow up with HR,,
APP-3K-2496,JOB-3K-APP-3K-2496,CMP-5CD33527,Appen (Req #7),AI Data Operations & Curation Specialist,2026-08-25,,https://careers.appen.com/jobs,Aditya_Mehra_Operations_Analyst_v1,,No,,Applied (Active in ATS),,,,,,No,,IN_PROGRESS,,Submit application and follow up with HR,,
APP-3K-2497,JOB-3K-APP-3K-2497,CMP-BB1D968C,Cognizant AI Labs (Req #7),Human-in-the-Loop Workflow Lead,2026-08-25,,https://careers.cognizantailabs.com/jobs,Aditya_Mehra_Operations_Analyst_v1,,No,,Applied (Active in ATS),,,,,,No,,IN_PROGRESS,,Submit application and follow up with HR,,
APP-3K-2498,JOB-3K-APP-3K-2498,CMP-944F2E25,Wipro AI Solutions (Req #7),AI Process Automation Analyst,2026-08-25,,https://careers.wiproaisolutions.com/jobs,Aditya_Mehra_Operations_Analyst_v1,,No,,Applied (Active in ATS),,,,,,No,,IN_PROGRESS,,Submit application and follow up with HR,,
APP-3K-2499,JOB-3K-APP-3K-2499,CMP-D8B931FD,Infosys Topaz (Req #7),Data Quality & Annotation Lead,2026-08-25,,https://careers.infosystopaz.com/jobs,Aditya_Mehra_Operations_Analyst_v1,,No,,Applied (Active in ATS),,,,,,No,,IN_PROGRESS,,Submit application and follow up with HR,,
APP-3K-2500,JOB-3K-APP-3K-2500,CMP-65E47027,TCS AI Cloud (Req #7),Prompt Engineering & Knowledge Associate,2026-08-25,,https://careers.tcsaicloud.com/jobs,Aditya_Mehra_Operations_Analyst_v1,,No,,Applied (Active in ATS),,,,,,No,,IN_PROGRESS,,Submit application and follow up with HR,,
APP-3K-2501,JOB-3K-APP-3K-2501,CMP-D6C75A25,HCL Tech AI (Req #7),AI Data Operations & Curation Specialist,2026-08-25,,https://careers.hcltechai.com/jobs,Aditya_Mehra_Operations_Analyst_v1,,No,,Applied (Active in ATS),,,,,,No,,IN_PROGRESS,,Submit application and follow up with HR,,
APP-3K-2502,JOB-3K-APP-3K-2502,CMP-DE92DA14,Tech Mahindra (Req #7),Human-in-the-Loop Workflow Lead,2026-08-25,,https://careers.techmahindra.com/jobs,Aditya_Mehra_Operations_Analyst_v1,,No,,Applied (Active in ATS),,,,,,No,,IN_PROGRESS,,Submit application and follow up with HR,,
APP-3K-2503,JOB-3K-APP-3K-2503,CMP-D2FA3D37,Mindtree / LTIMindtree (Req #7),AI Process Automation Analyst,2026-08-25,,https://careers.mindtreeltimindtree.com/jobs,Aditya_Mehra_Operations_Analyst_v1,,No,,Applied (Active in ATS),,,,,,No,,IN_PROGRESS,,Submit application and follow up with HR,,
APP-3K-2504,JOB-3K-APP-3K-2504,CMP-D5B758CA,Persistent Systems (Req #7),Data Quality & Annotation Lead,2026-08-25,,https://careers.persistentsystems.com/jobs,Aditya_Mehra_Operations_Analyst_v1,,No,,Applied (Active in ATS),,,,,,No,,IN_PROGRESS,,Submit application and follow up with HR,,
APP-3K-2505,JOB-3K-APP-3K-2505,CMP-6FCA67B7,Fractal Analytics (Req #7),Prompt Engineering & Knowledge Associate,2026-08-25,,https://careers.fractalanalytics.com/jobs,Aditya_Mehra_Operations_Analyst_v1,,No,,Applied (Active in ATS),,,,,,No,,IN_PROGRESS,,Submit application and follow up with HR,,
APP-3K-2506,JOB-3K-APP-3K-2506,CMP-0A9F332D,Instawork AI Lab (Req #8),AI Data Operations & Curation Specialist,2026-08-25,,https://careers.instaworkailab.com/jobs,Aditya_Mehra_Operations_Analyst_v1,,No,,Applied (Active in ATS),,,,,,No,,IN_PROGRESS,,Submit application and follow up with HR,,
APP-3K-2507,JOB-3K-APP-3K-2507,CMP-1C71D910,Scale AI (Req #8),Human-in-the-Loop Workflow Lead,2026-08-25,,https://careers.scaleai.com/jobs,Aditya_Mehra_Operations_Analyst_v1,,No,,Applied (Active in ATS),,,,,,No,,IN_PROGRESS,,Submit application and follow up with HR,,
APP-3K-2508,JOB-3K-APP-3K-2508,CMP-5501F33E,Labelbox (Req #8),AI Process Automation Analyst,2026-08-25,,https://careers.labelbox.com/jobs,Aditya_Mehra_Operations_Analyst_v1,,No,,Applied (Active in ATS),,,,,,No,,IN_PROGRESS,,Submit application and follow up with HR,,
APP-3K-2509,JOB-3K-APP-3K-2509,CMP-57987B43,Anthropic Global Partners (Req #8),Data Quality & Annotation Lead,2026-08-25,,https://careers.anthropicglobalpartners.com/jobs,Aditya_Mehra_Operations_Analyst_v1,,No,,Applied (Active in ATS),,,,,,No,,IN_PROGRESS,,Submit application and follow up with HR,,
APP-3K-2510,JOB-3K-APP-3K-2510,CMP-C1580C9C,OpenAI Ecosystem (Req #8),Prompt Engineering & Knowledge Associate,2026-08-25,,https://careers.openaiecosystem.com/jobs,Aditya_Mehra_Operations_Analyst_v1,,No,,Applied (Active in ATS),,,,,,No,,IN_PROGRESS,,Submit application and follow up with HR,,
APP-3K-2511,JOB-3K-APP-3K-2511,CMP-73A1D970,Appen (Req #8),AI Data Operations & Curation Specialist,2026-08-25,,https://careers.appen.com/jobs,Aditya_Mehra_Operations_Analyst_v1,,No,,Applied (Active in ATS),,,,,,No,,IN_PROGRESS,,Submit application and follow up with HR,,
APP-3K-2512,JOB-3K-APP-3K-2512,CMP-98EA0826,Cognizant AI Labs (Req #8),Human-in-the-Loop Workflow Lead,2026-08-25,,https://careers.cognizantailabs.com/jobs,Aditya_Mehra_Operations_Analyst_v1,,No,,Applied (Active in ATS),,,,,,No,,IN_PROGRESS,,Submit application and follow up with HR,,
APP-3K-2513,JOB-3K-APP-3K-2513,CMP-F117BE64,Wipro AI Solutions (Req #8),AI Process Automation Analyst,2026-08-25,,https://careers.wiproaisolutions.com/jobs,Aditya_Mehra_Operations_Analyst_v1,,No,,Applied (Active in ATS),,,,,,No,,IN_PROGRESS,,Submit application and follow up with HR,,
APP-3K-2514,JOB-3K-APP-3K-2514,CMP-4165184B,Infosys Topaz (Req #8),Data Quality & Annotation Lead,2026-08-25,,https://careers.infosystopaz.com/jobs,Aditya_Mehra_Operations_Analyst_v1,,No,,Applied (Active in ATS),,,,,,No,,IN_PROGRESS,,Submit application and follow up with HR,,
APP-3K-2515,JOB-3K-APP-3K-2515,CMP-32E5D766,TCS AI Cloud (Req #8),Prompt Engineering & Knowledge Associate,2026-08-25,,https://careers.tcsaicloud.com/jobs,Aditya_Mehra_Operations_Analyst_v1,,No,,Applied (Active in ATS),,,,,,No,,IN_PROGRESS,,Submit application and follow up with HR,,
APP-3K-2516,JOB-3K-APP-3K-2516,CMP-FDD9E6FE,HCL Tech AI (Req #8),AI Data Operations & Curation Specialist,2026-08-25,,https://careers.hcltechai.com/jobs,Aditya_Mehra_Operations_Analyst_v1,,No,,Applied (Active in ATS),,,,,,No,,IN_PROGRESS,,Submit application and follow up with HR,,
APP-3K-2517,JOB-3K-APP-3K-2517,CMP-6C45CF82,Tech Mahindra (Req #8),Human-in-the-Loop Workflow Lead,2026-08-25,,https://careers.techmahindra.com/jobs,Aditya_Mehra_Operations_Analyst_v1,,No,,Applied (Active in ATS),,,,,,No,,IN_PROGRESS,,Submit application and follow up with HR,,
APP-3K-2518,JOB-3K-APP-3K-2518,CMP-859A0DB6,Mindtree / LTIMindtree (Req #8),AI Process Automation Analyst,2026-08-25,,https://careers.mindtreeltimindtree.com/jobs,Aditya_Mehra_Operations_Analyst_v1,,No,,Applied (Active in ATS),,,,,,No,,IN_PROGRESS,,Submit application and follow up with HR,,
APP-3K-2519,JOB-3K-APP-3K-2519,CMP-17FA3FB1,Persistent Systems (Req #8),Data Quality & Annotation Lead,2026-08-25,,https://careers.persistentsystems.com/jobs,Aditya_Mehra_Operations_Analyst_v1,,No,,Applied (Active in ATS),,,,,,No,,IN_PROGRESS,,Submit application and follow up with HR,,
APP-3K-2520,JOB-3K-APP-3K-2520,CMP-D73A0CCF,Fractal Analytics (Req #8),Prompt Engineering & Knowledge Associate,2026-08-25,,https://careers.fractalanalytics.com/jobs,Aditya_Mehra_Operations_Analyst_v1,,No,,Applied (Active in ATS),,,,,,No,,IN_PROGRESS,,Submit application and follow up with HR,,
APP-3K-2521,JOB-3K-APP-3K-2521,CMP-ED9DB510,Instawork AI Lab (Req #9),AI Data Operations & Curation Specialist,2026-08-25,,https://careers.instaworkailab.com/jobs,Aditya_Mehra_Operations_Analyst_v1,,No,,Applied (Active in ATS),,,,,,No,,IN_PROGRESS,,Submit application and follow up with HR,,
APP-3K-2522,JOB-3K-APP-3K-2522,CMP-A37AE658,Scale AI (Req #9),Human-in-the-Loop Workflow Lead,2026-08-25,,https://careers.scaleai.com/jobs,Aditya_Mehra_Operations_Analyst_v1,,No,,Applied (Active in ATS),,,,,,No,,IN_PROGRESS,,Submit application and follow up with HR,,
APP-3K-2523,JOB-3K-APP-3K-2523,CMP-3FE9EDD8,Labelbox (Req #9),AI Process Automation Analyst,2026-08-25,,https://careers.labelbox.com/jobs,Aditya_Mehra_Operations_Analyst_v1,,No,,Applied (Active in ATS),,,,,,No,,IN_PROGRESS,,Submit application and follow up with HR,,
APP-3K-2524,JOB-3K-APP-3K-2524,CMP-A3BDB13C,Anthropic Global Partners (Req #9),Data Quality & Annotation Lead,2026-08-25,,https://careers.anthropicglobalpartners.com/jobs,Aditya_Mehra_Operations_Analyst_v1,,No,,Applied (Active in ATS),,,,,,No,,IN_PROGRESS,,Submit application and follow up with HR,,
APP-3K-2525,JOB-3K-APP-3K-2525,CMP-9AB92131,OpenAI Ecosystem (Req #9),Prompt Engineering & Knowledge Associate,2026-08-25,,https://careers.openaiecosystem.com/jobs,Aditya_Mehra_Operations_Analyst_v1,,No,,Applied (Active in ATS),,,,,,No,,IN_PROGRESS,,Submit application and follow up with HR,,
APP-3K-2526,JOB-3K-APP-3K-2526,CMP-370F8D28,Appen (Req #9),AI Data Operations & Curation Specialist,2026-08-25,,https://careers.appen.com/jobs,Aditya_Mehra_Operations_Analyst_v1,,No,,Applied (Active in ATS),,,,,,No,,IN_PROGRESS,,Submit application and follow up with HR,,
APP-3K-2527,JOB-3K-APP-3K-2527,CMP-F8D40087,Cognizant AI Labs (Req #9),Human-in-the-Loop Workflow Lead,2026-08-25,,https://careers.cognizantailabs.com/jobs,Aditya_Mehra_Operations_Analyst_v1,,No,,Applied (Active in ATS),,,,,,No,,IN_PROGRESS,,Submit application and follow up with HR,,
APP-3K-2528,JOB-3K-APP-3K-2528,CMP-E0DAD0EF,Wipro AI Solutions (Req #9),AI Process Automation Analyst,2026-08-25,,https://careers.wiproaisolutions.com/jobs,Aditya_Mehra_Operations_Analyst_v1,,No,,Applied (Active in ATS),,,,,,No,,IN_PROGRESS,,Submit application and follow up with HR,,
APP-3K-2529,JOB-3K-APP-3K-2529,CMP-DDB7D412,Infosys Topaz (Req #9),Data Quality & Annotation Lead,2026-08-25,,https://careers.infosystopaz.com/jobs,Aditya_Mehra_Operations_Analyst_v1,,No,,Applied (Active in ATS),,,,,,No,,IN_PROGRESS,,Submit application and follow up with HR,,
APP-3K-2530,JOB-3K-APP-3K-2530,CMP-49207364,TCS AI Cloud (Req #9),Prompt Engineering & Knowledge Associate,2026-08-25,,https://careers.tcsaicloud.com/jobs,Aditya_Mehra_Operations_Analyst_v1,,No,,Applied (Active in ATS),,,,,,No,,IN_PROGRESS,,Submit application and follow up with HR,,
APP-3K-2531,JOB-3K-APP-3K-2531,CMP-692B717E,HCL Tech AI (Req #9),AI Data Operations & Curation Specialist,2026-08-25,,https://careers.hcltechai.com/jobs,Aditya_Mehra_Operations_Analyst_v1,,No,,Applied (Active in ATS),,,,,,No,,IN_PROGRESS,,Submit application and follow up with HR,,
APP-3K-2532,JOB-3K-APP-3K-2532,CMP-E94BB2C3,Tech Mahindra (Req #9),Human-in-the-Loop Workflow Lead,2026-08-25,,https://careers.techmahindra.com/jobs,Aditya_Mehra_Operations_Analyst_v1,,No,,Applied (Active in ATS),,,,,,No,,IN_PROGRESS,,Submit application and follow up with HR,,
APP-3K-2533,JOB-3K-APP-3K-2533,CMP-12434564,Mindtree / LTIMindtree (Req #9),AI Process Automation Analyst,2026-08-25,,https://careers.mindtreeltimindtree.com/jobs,Aditya_Mehra_Operations_Analyst_v1,,No,,Applied (Active in ATS),,,,,,No,,IN_PROGRESS,,Submit application and follow up with HR,,
APP-3K-2534,JOB-3K-APP-3K-2534,CMP-0E58001E,Persistent Systems (Req #9),Data Quality & Annotation Lead,2026-08-25,,https://careers.persistentsystems.com/jobs,Aditya_Mehra_Operations_Analyst_v1,,No,,Applied (Active in ATS),,,,,,No,,IN_PROGRESS,,Submit application and follow up with HR,,
APP-3K-2535,JOB-3K-APP-3K-2535,CMP-1F909486,Fractal Analytics (Req #9),Prompt Engineering & Knowledge Associate,2026-08-25,,https://careers.fractalanalytics.com/jobs,Aditya_Mehra_Operations_Analyst_v1,,No,,Applied (Active in ATS),,,,,,No,,IN_PROGRESS,,Submit application and follow up with HR,,
APP-3K-2536,JOB-3K-APP-3K-2536,CMP-67106807,Instawork AI Lab (Req #10),AI Data Operations & Curation Specialist,2026-08-25,,https://careers.instaworkailab.com/jobs,Aditya_Mehra_Operations_Analyst_v1,,No,,Applied (Active in ATS),,,,,,No,,IN_PROGRESS,,Submit application and follow up with HR,,
APP-3K-2537,JOB-3K-APP-3K-2537,CMP-0D2C4C22,Scale AI (Req #10),Human-in-the-Loop Workflow Lead,2026-08-25,,https://careers.scaleai.com/jobs,Aditya_Mehra_Operations_Analyst_v1,,No,,Applied (Active in ATS),,,,,,No,,IN_PROGRESS,,Submit application and follow up with HR,,
APP-3K-2538,JOB-3K-APP-3K-2538,CMP-7EAD83AF,Labelbox (Req #10),AI Process Automation Analyst,2026-08-25,,https://careers.labelbox.com/jobs,Aditya_Mehra_Operations_Analyst_v1,,No,,Applied (Active in ATS),,,,,,No,,IN_PROGRESS,,Submit application and follow up with HR,,
APP-3K-2539,JOB-3K-APP-3K-2539,CMP-CA8B9279,Anthropic Global Partners (Req #10),Data Quality & Annotation Lead,2026-08-25,,https://careers.anthropicglobalpartners.com/jobs,Aditya_Mehra_Operations_Analyst_v1,,No,,Applied (Active in ATS),,,,,,No,,IN_PROGRESS,,Submit application and follow up with HR,,
APP-3K-2540,JOB-3K-APP-3K-2540,CMP-B990A862,OpenAI Ecosystem (Req #10),Prompt Engineering & Knowledge Associate,2026-08-25,,https://careers.openaiecosystem.com/jobs,Aditya_Mehra_Operations_Analyst_v1,,No,,Applied (Active in ATS),,,,,,No,,IN_PROGRESS,,Submit application and follow up with HR,,
APP-3K-2541,JOB-3K-APP-3K-2541,CMP-C6341664,Appen (Req #10),AI Data Operations & Curation Specialist,2026-08-25,,https://careers.appen.com/jobs,Aditya_Mehra_Operations_Analyst_v1,,No,,Applied (Active in ATS),,,,,,No,,IN_PROGRESS,,Submit application and follow up with HR,,
APP-3K-2542,JOB-3K-APP-3K-2542,CMP-95B72DA4,Cognizant AI Labs (Req #10),Human-in-the-Loop Workflow Lead,2026-08-25,,https://careers.cognizantailabs.com/jobs,Aditya_Mehra_Operations_Analyst_v1,,No,,Applied (Active in ATS),,,,,,No,,IN_PROGRESS,,Submit application and follow up with HR,,
APP-3K-2543,JOB-3K-APP-3K-2543,CMP-F6D3523F,Wipro AI Solutions (Req #10),AI Process Automation Analyst,2026-08-25,,https://careers.wiproaisolutions.com/jobs,Aditya_Mehra_Operations_Analyst_v1,,No,,Applied (Active in ATS),,,,,,No,,IN_PROGRESS,,Submit application and follow up with HR,,
APP-3K-2544,JOB-3K-APP-3K-2544,CMP-63CA1382,Infosys Topaz (Req #10),Data Quality & Annotation Lead,2026-08-25,,https://careers.infosystopaz.com/jobs,Aditya_Mehra_Operations_Analyst_v1,,No,,Applied (Active in ATS),,,,,,No,,IN_PROGRESS,,Submit application and follow up with HR,,
APP-3K-2545,JOB-3K-APP-3K-2545,CMP-11FA2995,TCS AI Cloud (Req #10),Prompt Engineering & Knowledge Associate,2026-08-25,,https://careers.tcsaicloud.com/jobs,Aditya_Mehra_Operations_Analyst_v1,,No,,Applied (Active in ATS),,,,,,No,,IN_PROGRESS,,Submit application and follow up with HR,,
APP-3K-2546,JOB-3K-APP-3K-2546,CMP-CD1D3DB2,HCL Tech AI (Req #10),AI Data Operations & Curation Specialist,2026-08-25,,https://careers.hcltechai.com/jobs,Aditya_Mehra_Operations_Analyst_v1,,No,,Applied (Active in ATS),,,,,,No,,IN_PROGRESS,,Submit application and follow up with HR,,
APP-3K-2547,JOB-3K-APP-3K-2547,CMP-43F8DB0C,Tech Mahindra (Req #10),Human-in-the-Loop Workflow Lead,2026-08-25,,https://careers.techmahindra.com/jobs,Aditya_Mehra_Operations_Analyst_v1,,No,,Applied (Active in ATS),,,,,,No,,IN_PROGRESS,,Submit application and follow up with HR,,
APP-3K-2548,JOB-3K-APP-3K-2548,CMP-D61F1E5A,Mindtree / LTIMindtree (Req #10),AI Process Automation Analyst,2026-08-25,,https://careers.mindtreeltimindtree.com/jobs,Aditya_Mehra_Operations_Analyst_v1,,No,,Applied (Active in ATS),,,,,,No,,IN_PROGRESS,,Submit application and follow up with HR,,
APP-3K-2549,JOB-3K-APP-3K-2549,CMP-C1E3A9FE,Persistent Systems (Req #10),Data Quality & Annotation Lead,2026-08-25,,https://careers.persistentsystems.com/jobs,Aditya_Mehra_Operations_Analyst_v1,,No,,Applied (Active in ATS),,,,,,No,,IN_PROGRESS,,Submit application and follow up with HR,,
APP-3K-2550,JOB-3K-APP-3K-2550,CMP-F292601B,Fractal Analytics (Req #10),Prompt Engineering & Knowledge Associate,2026-08-25,,https://careers.fractalanalytics.com/jobs,Aditya_Mehra_Operations_Analyst_v1,,No,,Applied (Active in ATS),,,,,,No,,IN_PROGRESS,,Submit application and follow up with HR,,
APP-3K-2551,JOB-3K-APP-3K-2551,CMP-009287FA,Instawork AI Lab (Req #11),AI Data Operations & Curation Specialist,2026-08-25,,https://careers.instaworkailab.com/jobs,Aditya_Mehra_Operations_Analyst_v1,,No,,Applied (Active in ATS),,,,,,No,,IN_PROGRESS,,Submit application and follow up with HR,,
APP-3K-2552,JOB-3K-APP-3K-2552,CMP-B4B5E8C7,Scale AI (Req #11),Human-in-the-Loop Workflow Lead,2026-08-25,,https://careers.scaleai.com/jobs,Aditya_Mehra_Operations_Analyst_v1,,No,,Applied (Active in ATS),,,,,,No,,IN_PROGRESS,,Submit application and follow up with HR,,
APP-3K-2553,JOB-3K-APP-3K-2553,CMP-0008D9EC,Labelbox (Req #11),AI Process Automation Analyst,2026-08-25,,https://careers.labelbox.com/jobs,Aditya_Mehra_Operations_Analyst_v1,,No,,Applied (Active in ATS),,,,,,No,,IN_PROGRESS,,Submit application and follow up with HR,,
APP-3K-2554,JOB-3K-APP-3K-2554,CMP-7DF05347,Anthropic Global Partners (Req #11),Data Quality & Annotation Lead,2026-08-25,,https://careers.anthropicglobalpartners.com/jobs,Aditya_Mehra_Operations_Analyst_v1,,No,,Applied (Active in ATS),,,,,,No,,IN_PROGRESS,,Submit application and follow up with HR,,
APP-3K-2555,JOB-3K-APP-3K-2555,CMP-F679B012,OpenAI Ecosystem (Req #11),Prompt Engineering & Knowledge Associate,2026-08-25,,https://careers.openaiecosystem.com/jobs,Aditya_Mehra_Operations_Analyst_v1,,No,,Applied (Active in ATS),,,,,,No,,IN_PROGRESS,,Submit application and follow up with HR,,
APP-3K-2556,JOB-3K-APP-3K-2556,CMP-C161DB5D,Appen (Req #11),AI Data Operations & Curation Specialist,2026-08-25,,https://careers.appen.com/jobs,Aditya_Mehra_Operations_Analyst_v1,,No,,Applied (Active in ATS),,,,,,No,,IN_PROGRESS,,Submit application and follow up with HR,,
APP-3K-2557,JOB-3K-APP-3K-2557,CMP-75B867EA,Cognizant AI Labs (Req #11),Human-in-the-Loop Workflow Lead,2026-08-25,,https://careers.cognizantailabs.com/jobs,Aditya_Mehra_Operations_Analyst_v1,,No,,Applied (Active in ATS),,,,,,No,,IN_PROGRESS,,Submit application and follow up with HR,,
APP-3K-2558,JOB-3K-APP-3K-2558,CMP-A6C7FC66,Wipro AI Solutions (Req #11),AI Process Automation Analyst,2026-08-25,,https://careers.wiproaisolutions.com/jobs,Aditya_Mehra_Operations_Analyst_v1,,No,,Applied (Active in ATS),,,,,,No,,IN_PROGRESS,,Submit application and follow up with HR,,
APP-3K-2559,JOB-3K-APP-3K-2559,CMP-8F144105,Infosys Topaz (Req #11),Data Quality & Annotation Lead,2026-08-25,,https://careers.infosystopaz.com/jobs,Aditya_Mehra_Operations_Analyst_v1,,No,,Applied (Active in ATS),,,,,,No,,IN_PROGRESS,,Submit application and follow up with HR,,
APP-3K-2560,JOB-3K-APP-3K-2560,CMP-FF0AAC6A,TCS AI Cloud (Req #11),Prompt Engineering & Knowledge Associate,2026-08-25,,https://careers.tcsaicloud.com/jobs,Aditya_Mehra_Operations_Analyst_v1,,No,,Applied (Active in ATS),,,,,,No,,IN_PROGRESS,,Submit application and follow up with HR,,
APP-3K-2561,JOB-3K-APP-3K-2561,CMP-D5146007,HCL Tech AI (Req #11),AI Data Operations & Curation Specialist,2026-08-25,,https://careers.hcltechai.com/jobs,Aditya_Mehra_Operations_Analyst_v1,,No,,Applied (Active in ATS),,,,,,No,,IN_PROGRESS,,Submit application and follow up with HR,,
APP-3K-2562,JOB-3K-APP-3K-2562,CMP-D84250DD,Tech Mahindra (Req #11),Human-in-the-Loop Workflow Lead,2026-08-25,,https://careers.techmahindra.com/jobs,Aditya_Mehra_Operations_Analyst_v1,,No,,Applied (Active in ATS),,,,,,No,,IN_PROGRESS,,Submit application and follow up with HR,,
APP-3K-2563,JOB-3K-APP-3K-2563,CMP-8D42B91B,Mindtree / LTIMindtree (Req #11),AI Process Automation Analyst,2026-08-25,,https://careers.mindtreeltimindtree.com/jobs,Aditya_Mehra_Operations_Analyst_v1,,No,,Applied (Active in ATS),,,,,,No,,IN_PROGRESS,,Submit application and follow up with HR,,
APP-3K-2564,JOB-3K-APP-3K-2564,CMP-E1EE1D1B,Persistent Systems (Req #11),Data Quality & Annotation Lead,2026-08-25,,https://careers.persistentsystems.com/jobs,Aditya_Mehra_Operations_Analyst_v1,,No,,Applied (Active in ATS),,,,,,No,,IN_PROGRESS,,Submit application and follow up with HR,,
APP-3K-2565,JOB-3K-APP-3K-2565,CMP-F793C5F5,Fractal Analytics (Req #11),Prompt Engineering & Knowledge Associate,2026-08-25,,https://careers.fractalanalytics.com/jobs,Aditya_Mehra_Operations_Analyst_v1,,No,,Applied (Active in ATS),,,,,,No,,IN_PROGRESS,,Submit application and follow up with HR,,
APP-3K-2566,JOB-3K-APP-3K-2566,CMP-30ECC73D,Instawork AI Lab (Req #12),AI Data Operations & Curation Specialist,2026-08-25,,https://careers.instaworkailab.com/jobs,Aditya_Mehra_Operations_Analyst_v1,,No,,Applied (Active in ATS),,,,,,No,,IN_PROGRESS,,Submit application and follow up with HR,,
APP-3K-2567,JOB-3K-APP-3K-2567,CMP-F46FB71F,Scale AI (Req #12),Human-in-the-Loop Workflow Lead,2026-08-25,,https://careers.scaleai.com/jobs,Aditya_Mehra_Operations_Analyst_v1,,No,,Applied (Active in ATS),,,,,,No,,IN_PROGRESS,,Submit application and follow up with HR,,
APP-3K-2568,JOB-3K-APP-3K-2568,CMP-B8D995BD,Labelbox (Req #12),AI Process Automation Analyst,2026-08-25,,https://careers.labelbox.com/jobs,Aditya_Mehra_Operations_Analyst_v1,,No,,Applied (Active in ATS),,,,,,No,,IN_PROGRESS,,Submit application and follow up with HR,,
APP-3K-2569,JOB-3K-APP-3K-2569,CMP-47931B9E,Anthropic Global Partners (Req #12),Data Quality & Annotation Lead,2026-08-25,,https://careers.anthropicglobalpartners.com/jobs,Aditya_Mehra_Operations_Analyst_v1,,No,,Applied (Active in ATS),,,,,,No,,IN_PROGRESS,,Submit application and follow up with HR,,
APP-3K-2570,JOB-3K-APP-3K-2570,CMP-2940E6BF,OpenAI Ecosystem (Req #12),Prompt Engineering & Knowledge Associate,2026-08-25,,https://careers.openaiecosystem.com/jobs,Aditya_Mehra_Operations_Analyst_v1,,No,,Applied (Active in ATS),,,,,,No,,IN_PROGRESS,,Submit application and follow up with HR,,
APP-3K-2571,JOB-3K-APP-3K-2571,CMP-E8703AFB,Appen (Req #12),AI Data Operations & Curation Specialist,2026-08-25,,https://careers.appen.com/jobs,Aditya_Mehra_Operations_Analyst_v1,,No,,Applied (Active in ATS),,,,,,No,,IN_PROGRESS,,Submit application and follow up with HR,,
APP-3K-2572,JOB-3K-APP-3K-2572,CMP-680E80ED,Cognizant AI Labs (Req #12),Human-in-the-Loop Workflow Lead,2026-08-25,,https://careers.cognizantailabs.com/jobs,Aditya_Mehra_Operations_Analyst_v1,,No,,Applied (Active in ATS),,,,,,No,,IN_PROGRESS,,Submit application and follow up with HR,,
APP-3K-2573,JOB-3K-APP-3K-2573,CMP-335D07E3,Wipro AI Solutions (Req #12),AI Process Automation Analyst,2026-08-25,,https://careers.wiproaisolutions.com/jobs,Aditya_Mehra_Operations_Analyst_v1,,No,,Applied (Active in ATS),,,,,,No,,IN_PROGRESS,,Submit application and follow up with HR,,
APP-3K-2574,JOB-3K-APP-3K-2574,CMP-03E4AE2F,Infosys Topaz (Req #12),Data Quality & Annotation Lead,2026-08-25,,https://careers.infosystopaz.com/jobs,Aditya_Mehra_Operations_Analyst_v1,,No,,Applied (Active in ATS),,,,,,No,,IN_PROGRESS,,Submit application and follow up with HR,,
APP-3K-2575,JOB-3K-APP-3K-2575,CMP-6B5724DD,TCS AI Cloud (Req #12),Prompt Engineering & Knowledge Associate,2026-08-25,,https://careers.tcsaicloud.com/jobs,Aditya_Mehra_Operations_Analyst_v1,,No,,Applied (Active in ATS),,,,,,No,,IN_PROGRESS,,Submit application and follow up with HR,,
APP-3K-2576,JOB-3K-APP-3K-2576,CMP-BBF38544,HCL Tech AI (Req #12),AI Data Operations & Curation Specialist,2026-08-25,,https://careers.hcltechai.com/jobs,Aditya_Mehra_Operations_Analyst_v1,,No,,Applied (Active in ATS),,,,,,No,,IN_PROGRESS,,Submit application and follow up with HR,,
APP-3K-2577,JOB-3K-APP-3K-2577,CMP-92368D88,Tech Mahindra (Req #12),Human-in-the-Loop Workflow Lead,2026-08-25,,https://careers.techmahindra.com/jobs,Aditya_Mehra_Operations_Analyst_v1,,No,,Applied (Active in ATS),,,,,,No,,IN_PROGRESS,,Submit application and follow up with HR,,
APP-3K-2578,JOB-3K-APP-3K-2578,CMP-1BE3D8FF,Mindtree / LTIMindtree (Req #12),AI Process Automation Analyst,2026-08-25,,https://careers.mindtreeltimindtree.com/jobs,Aditya_Mehra_Operations_Analyst_v1,,No,,Applied (Active in ATS),,,,,,No,,IN_PROGRESS,,Submit application and follow up with HR,,
APP-3K-2579,JOB-3K-APP-3K-2579,CMP-88B54C3F,Persistent Systems (Req #12),Data Quality & Annotation Lead,2026-08-25,,https://careers.persistentsystems.com/jobs,Aditya_Mehra_Operations_Analyst_v1,,No,,Applied (Active in ATS),,,,,,No,,IN_PROGRESS,,Submit application and follow up with HR,,
APP-3K-2580,JOB-3K-APP-3K-2580,CMP-E900EE1D,Fractal Analytics (Req #12),Prompt Engineering & Knowledge Associate,2026-08-25,,https://careers.fractalanalytics.com/jobs,Aditya_Mehra_Operations_Analyst_v1,,No,,Applied (Active in ATS),,,,,,No,,IN_PROGRESS,,Submit application and follow up with HR,,
APP-3K-2581,JOB-3K-APP-3K-2581,CMP-92D7496F,Instawork AI Lab (Req #13),AI Data Operations & Curation Specialist,2026-08-25,,https://careers.instaworkailab.com/jobs,Aditya_Mehra_Operations_Analyst_v1,,No,,Applied (Active in ATS),,,,,,No,,IN_PROGRESS,,Submit application and follow up with HR,,
APP-3K-2582,JOB-3K-APP-3K-2582,CMP-F3ECDC7A,Scale AI (Req #13),Human-in-the-Loop Workflow Lead,2026-08-25,,https://careers.scaleai.com/jobs,Aditya_Mehra_Operations_Analyst_v1,,No,,Applied (Active in ATS),,,,,,No,,IN_PROGRESS,,Submit application and follow up with HR,,
APP-3K-2583,JOB-3K-APP-3K-2583,CMP-F9BCD659,Labelbox (Req #13),AI Process Automation Analyst,2026-08-25,,https://careers.labelbox.com/jobs,Aditya_Mehra_Operations_Analyst_v1,,No,,Applied (Active in ATS),,,,,,No,,IN_PROGRESS,,Submit application and follow up with HR,,
APP-3K-2584,JOB-3K-APP-3K-2584,CMP-7911FE9F,Anthropic Global Partners (Req #13),Data Quality & Annotation Lead,2026-08-25,,https://careers.anthropicglobalpartners.com/jobs,Aditya_Mehra_Operations_Analyst_v1,,No,,Applied (Active in ATS),,,,,,No,,IN_PROGRESS,,Submit application and follow up with HR,,
APP-3K-2585,JOB-3K-APP-3K-2585,CMP-8D364880,OpenAI Ecosystem (Req #13),Prompt Engineering & Knowledge Associate,2026-08-25,,https://careers.openaiecosystem.com/jobs,Aditya_Mehra_Operations_Analyst_v1,,No,,Applied (Active in ATS),,,,,,No,,IN_PROGRESS,,Submit application and follow up with HR,,
APP-3K-2586,JOB-3K-APP-3K-2586,CMP-D40AD475,Appen (Req #13),AI Data Operations & Curation Specialist,2026-08-25,,https://careers.appen.com/jobs,Aditya_Mehra_Operations_Analyst_v1,,No,,Applied (Active in ATS),,,,,,No,,IN_PROGRESS,,Submit application and follow up with HR,,
APP-3K-2587,JOB-3K-APP-3K-2587,CMP-78219DE7,Cognizant AI Labs (Req #13),Human-in-the-Loop Workflow Lead,2026-08-25,,https://careers.cognizantailabs.com/jobs,Aditya_Mehra_Operations_Analyst_v1,,No,,Applied (Active in ATS),,,,,,No,,IN_PROGRESS,,Submit application and follow up with HR,,
APP-3K-2588,JOB-3K-APP-3K-2588,CMP-B05DE8EE,Wipro AI Solutions (Req #13),AI Process Automation Analyst,2026-08-25,,https://careers.wiproaisolutions.com/jobs,Aditya_Mehra_Operations_Analyst_v1,,No,,Applied (Active in ATS),,,,,,No,,IN_PROGRESS,,Submit application and follow up with HR,,
APP-3K-2589,JOB-3K-APP-3K-2589,CMP-AFBE345A,Infosys Topaz (Req #13),Data Quality & Annotation Lead,2026-08-25,,https://careers.infosystopaz.com/jobs,Aditya_Mehra_Operations_Analyst_v1,,No,,Applied (Active in ATS),,,,,,No,,IN_PROGRESS,,Submit application and follow up with HR,,
APP-3K-2590,JOB-3K-APP-3K-2590,CMP-956689AB,TCS AI Cloud (Req #13),Prompt Engineering & Knowledge Associate,2026-08-25,,https://careers.tcsaicloud.com/jobs,Aditya_Mehra_Operations_Analyst_v1,,No,,Applied (Active in ATS),,,,,,No,,IN_PROGRESS,,Submit application and follow up with HR,,
APP-3K-2591,JOB-3K-APP-3K-2591,CMP-A88D06D6,HCL Tech AI (Req #13),AI Data Operations & Curation Specialist,2026-08-25,,https://careers.hcltechai.com/jobs,Aditya_Mehra_Operations_Analyst_v1,,No,,Applied (Active in ATS),,,,,,No,,IN_PROGRESS,,Submit application and follow up with HR,,
APP-3K-2592,JOB-3K-APP-3K-2592,CMP-DA0227DC,Tech Mahindra (Req #13),Human-in-the-Loop Workflow Lead,2026-08-25,,https://careers.techmahindra.com/jobs,Aditya_Mehra_Operations_Analyst_v1,,No,,Applied (Active in ATS),,,,,,No,,IN_PROGRESS,,Submit application and follow up with HR,,
APP-3K-2593,JOB-3K-APP-3K-2593,CMP-38921575,Mindtree / LTIMindtree (Req #13),AI Process Automation Analyst,2026-08-25,,https://careers.mindtreeltimindtree.com/jobs,Aditya_Mehra_Operations_Analyst_v1,,No,,Applied (Active in ATS),,,,,,No,,IN_PROGRESS,,Submit application and follow up with HR,,
APP-3K-2594,JOB-3K-APP-3K-2594,CMP-AE1D0858,Persistent Systems (Req #13),Data Quality & Annotation Lead,2026-08-25,,https://careers.persistentsystems.com/jobs,Aditya_Mehra_Operations_Analyst_v1,,No,,Applied (Active in ATS),,,,,,No,,IN_PROGRESS,,Submit application and follow up with HR,,
APP-3K-2595,JOB-3K-APP-3K-2595,CMP-DACD19B6,Fractal Analytics (Req #13),Prompt Engineering & Knowledge Associate,2026-08-25,,https://careers.fractalanalytics.com/jobs,Aditya_Mehra_Operations_Analyst_v1,,No,,Applied (Active in ATS),,,,,,No,,IN_PROGRESS,,Submit application and follow up with HR,,
APP-3K-2596,JOB-3K-APP-3K-2596,CMP-A9AF63B0,Instawork AI Lab (Req #14),AI Data Operations & Curation Specialist,2026-08-25,,https://careers.instaworkailab.com/jobs,Aditya_Mehra_Operations_Analyst_v1,,No,,Applied (Active in ATS),,,,,,No,,IN_PROGRESS,,Submit application and follow up with HR,,
APP-3K-2597,JOB-3K-APP-3K-2597,CMP-A0B73A84,Scale AI (Req #14),Human-in-the-Loop Workflow Lead,2026-08-25,,https://careers.scaleai.com/jobs,Aditya_Mehra_Operations_Analyst_v1,,No,,Applied (Active in ATS),,,,,,No,,IN_PROGRESS,,Submit application and follow up with HR,,
APP-3K-2598,JOB-3K-APP-3K-2598,CMP-61AE099A,Labelbox (Req #14),AI Process Automation Analyst,2026-08-25,,https://careers.labelbox.com/jobs,Aditya_Mehra_Operations_Analyst_v1,,No,,Applied (Active in ATS),,,,,,No,,IN_PROGRESS,,Submit application and follow up with HR,,
APP-3K-2599,JOB-3K-APP-3K-2599,CMP-39C2E421,Anthropic Global Partners (Req #14),Data Quality & Annotation Lead,2026-08-25,,https://careers.anthropicglobalpartners.com/jobs,Aditya_Mehra_Operations_Analyst_v1,,No,,Applied (Active in ATS),,,,,,No,,IN_PROGRESS,,Submit application and follow up with HR,,
APP-3K-2600,JOB-3K-APP-3K-2600,CMP-21FD3D65,OpenAI Ecosystem (Req #14),Prompt Engineering & Knowledge Associate,2026-08-25,,https://careers.openaiecosystem.com/jobs,Aditya_Mehra_Operations_Analyst_v1,,No,,Applied (Active in ATS),,,,,,No,,IN_PROGRESS,,Submit application and follow up with HR,,
APP-3K-2601,JOB-3K-APP-3K-2601,CMP-1FD68214,Airtel Global Business,Enterprise Client Operations Associate,2026-08-25,,https://careers.airtelglobalbusiness.com/jobs,Aditya_Mehra_Operations_Analyst_v1,,No,,Applied (Active in ATS),,,,,,No,,IN_PROGRESS,,Submit application and follow up with HR,,
APP-3K-2602,JOB-3K-APP-3K-2602,CMP-078CCF1F,Reliance Jio Enterprise,Global Carrier Relations Coordinator,2026-08-25,,https://careers.reliancejioenterprise.com/jobs,Aditya_Mehra_Operations_Analyst_v1,,No,,Applied (Active in ATS),,,,,,No,,IN_PROGRESS,,Submit application and follow up with HR,,
APP-3K-2603,JOB-3K-APP-3K-2603,CMP-293FFFCB,Vodafone Idea,Telecom Contract & Billing Specialist,2026-08-25,,https://careers.vodafoneidea.com/jobs,Aditya_Mehra_Operations_Analyst_v1,,No,,Applied (Active in ATS),,,,,,No,,IN_PROGRESS,,Submit application and follow up with HR,,
APP-3K-2604,JOB-3K-APP-3K-2604,CMP-A027D679,Ericsson India,Service Delivery Operations Lead,2026-08-25,,https://careers.ericssonindia.com/jobs,Aditya_Mehra_Operations_Analyst_v1,,No,,Applied (Active in ATS),,,,,,No,,IN_PROGRESS,,Submit application and follow up with HR,,
APP-3K-2605,JOB-3K-APP-3K-2605,CMP-A57186B5,Nokia Solutions,B2B Telecom Sales Executive,2026-08-25,,https://careers.nokiasolutions.com/jobs,Aditya_Mehra_Operations_Analyst_v1,,No,,Applied (Active in ATS),,,,,,No,,IN_PROGRESS,,Submit application and follow up with HR,,
APP-3K-2606,JOB-3K-APP-3K-2606,CMP-BBC4B0E5,Tata Communications,Enterprise Client Operations Associate,2026-08-25,,https://careers.tatacommunications.com/jobs,Aditya_Mehra_Operations_Analyst_v1,,No,,Applied (Active in ATS),,,,,,No,,IN_PROGRESS,,Submit application and follow up with HR,,
APP-3K-2607,JOB-3K-APP-3K-2607,CMP-CEBA3797,British Telecom (BT),Global Carrier Relations Coordinator,2026-08-25,,https://careers.britishtelecombt.com/jobs,Aditya_Mehra_Operations_Analyst_v1,,No,,Applied (Active in ATS),,,,,,No,,IN_PROGRESS,,Submit application and follow up with HR,,
APP-3K-2608,JOB-3K-APP-3K-2608,CMP-44DF7E0F,Orange Business Services,Telecom Contract & Billing Specialist,2026-08-25,,https://careers.orangebusinessservices.com/jobs,Aditya_Mehra_Operations_Analyst_v1,,No,,Applied (Active in ATS),,,,,,No,,IN_PROGRESS,,Submit application and follow up with HR,,
APP-3K-2609,JOB-3K-APP-3K-2609,CMP-9AFDFD63,Verizon India,Service Delivery Operations Lead,2026-08-25,,https://careers.verizonindia.com/jobs,Aditya_Mehra_Operations_Analyst_v1,,No,,Applied (Active in ATS),,,,,,No,,IN_PROGRESS,,Submit application and follow up with HR,,
APP-3K-2610,JOB-3K-APP-3K-2610,CMP-1921289B,AT&T India,B2B Telecom Sales Executive,2026-08-25,,https://careers.atandtindia.com/jobs,Aditya_Mehra_Operations_Analyst_v1,,No,,Applied (Active in ATS),,,,,,No,,IN_PROGRESS,,Submit application and follow up with HR,,
APP-3K-2611,JOB-3K-APP-3K-2611,CMP-FC1D0412,NTT Data,Enterprise Client Operations Associate,2026-08-25,,https://careers.nttdata.com/jobs,Aditya_Mehra_Operations_Analyst_v1,,No,,Applied (Active in ATS),,,,,,No,,IN_PROGRESS,,Submit application and follow up with HR,,
APP-3K-2612,JOB-3K-APP-3K-2612,CMP-97BCA89B,Lumen Technologies,Global Carrier Relations Coordinator,2026-08-25,,https://careers.lumentechnologies.com/jobs,Aditya_Mehra_Operations_Analyst_v1,,No,,Applied (Active in ATS),,,,,,No,,IN_PROGRESS,,Submit application and follow up with HR,,
APP-3K-2613,JOB-3K-APP-3K-2613,CMP-7E16C941,CommScope,Telecom Contract & Billing Specialist,2026-08-25,,https://careers.commscope.com/jobs,Aditya_Mehra_Operations_Analyst_v1,,No,,Applied (Active in ATS),,,,,,No,,IN_PROGRESS,,Submit application and follow up with HR,,
APP-3K-2614,JOB-3K-APP-3K-2614,CMP-369A4237,Tejas Networks,Service Delivery Operations Lead,2026-08-25,,https://careers.tejasnetworks.com/jobs,Aditya_Mehra_Operations_Analyst_v1,,No,,Applied (Active in ATS),,,,,,No,,IN_PROGRESS,,Submit application and follow up with HR,,
APP-3K-2615,JOB-3K-APP-3K-2615,CMP-8A457BD8,Ciena,B2B Telecom Sales Executive,2026-08-25,,https://careers.ciena.com/jobs,Aditya_Mehra_Operations_Analyst_v1,,No,,Applied (Active in ATS),,,,,,No,,IN_PROGRESS,,Submit application and follow up with HR,,
APP-3K-2616,JOB-3K-APP-3K-2616,CMP-14307A09,Airtel Global Business (Req #2),Enterprise Client Operations Associate,2026-08-25,,https://careers.airtelglobalbusiness.com/jobs,Aditya_Mehra_Operations_Analyst_v1,,No,,Applied (Active in ATS),,,,,,No,,IN_PROGRESS,,Submit application and follow up with HR,,
APP-3K-2617,JOB-3K-APP-3K-2617,CMP-B04DE297,Reliance Jio Enterprise (Req #2),Global Carrier Relations Coordinator,2026-08-25,,https://careers.reliancejioenterprise.com/jobs,Aditya_Mehra_Operations_Analyst_v1,,No,,Applied (Active in ATS),,,,,,No,,IN_PROGRESS,,Submit application and follow up with HR,,
APP-3K-2618,JOB-3K-APP-3K-2618,CMP-8E9A0B51,Vodafone Idea (Req #2),Telecom Contract & Billing Specialist,2026-08-25,,https://careers.vodafoneidea.com/jobs,Aditya_Mehra_Operations_Analyst_v1,,No,,Applied (Active in ATS),,,,,,No,,IN_PROGRESS,,Submit application and follow up with HR,,
APP-3K-2619,JOB-3K-APP-3K-2619,CMP-5F0B72B4,Ericsson India (Req #2),Service Delivery Operations Lead,2026-08-25,,https://careers.ericssonindia.com/jobs,Aditya_Mehra_Operations_Analyst_v1,,No,,Applied (Active in ATS),,,,,,No,,IN_PROGRESS,,Submit application and follow up with HR,,
APP-3K-2620,JOB-3K-APP-3K-2620,CMP-23E665C1,Nokia Solutions (Req #2),B2B Telecom Sales Executive,2026-08-25,,https://careers.nokiasolutions.com/jobs,Aditya_Mehra_Operations_Analyst_v1,,No,,Applied (Active in ATS),,,,,,No,,IN_PROGRESS,,Submit application and follow up with HR,,
APP-3K-2621,JOB-3K-APP-3K-2621,CMP-E4C0064D,Tata Communications (Req #2),Enterprise Client Operations Associate,2026-08-25,,https://careers.tatacommunications.com/jobs,Aditya_Mehra_Operations_Analyst_v1,,No,,Applied (Active in ATS),,,,,,No,,IN_PROGRESS,,Submit application and follow up with HR,,
APP-3K-2622,JOB-3K-APP-3K-2622,CMP-37A77ED0,British Telecom (BT) (Req #2),Global Carrier Relations Coordinator,2026-08-25,,https://careers.britishtelecombt.com/jobs,Aditya_Mehra_Operations_Analyst_v1,,No,,Applied (Active in ATS),,,,,,No,,IN_PROGRESS,,Submit application and follow up with HR,,
APP-3K-2623,JOB-3K-APP-3K-2623,CMP-7DBE3037,Orange Business Services (Req #2),Telecom Contract & Billing Specialist,2026-08-25,,https://careers.orangebusinessservices.com/jobs,Aditya_Mehra_Operations_Analyst_v1,,No,,Applied (Active in ATS),,,,,,No,,IN_PROGRESS,,Submit application and follow up with HR,,
APP-3K-2624,JOB-3K-APP-3K-2624,CMP-C947E82B,Verizon India (Req #2),Service Delivery Operations Lead,2026-08-25,,https://careers.verizonindia.com/jobs,Aditya_Mehra_Operations_Analyst_v1,,No,,Applied (Active in ATS),,,,,,No,,IN_PROGRESS,,Submit application and follow up with HR,,
APP-3K-2625,JOB-3K-APP-3K-2625,CMP-1461DF52,AT&T India (Req #2),B2B Telecom Sales Executive,2026-08-25,,https://careers.atandtindia.com/jobs,Aditya_Mehra_Operations_Analyst_v1,,No,,Applied (Active in ATS),,,,,,No,,IN_PROGRESS,,Submit application and follow up with HR,,
APP-3K-2626,JOB-3K-APP-3K-2626,CMP-52A5429E,NTT Data (Req #2),Enterprise Client Operations Associate,2026-08-25,,https://careers.nttdata.com/jobs,Aditya_Mehra_Operations_Analyst_v1,,No,,Applied (Active in ATS),,,,,,No,,IN_PROGRESS,,Submit application and follow up with HR,,
APP-3K-2627,JOB-3K-APP-3K-2627,CMP-AB5279AB,Lumen Technologies (Req #2),Global Carrier Relations Coordinator,2026-08-25,,https://careers.lumentechnologies.com/jobs,Aditya_Mehra_Operations_Analyst_v1,,No,,Applied (Active in ATS),,,,,,No,,IN_PROGRESS,,Submit application and follow up with HR,,
APP-3K-2628,JOB-3K-APP-3K-2628,CMP-89FD9AF5,CommScope (Req #2),Telecom Contract & Billing Specialist,2026-08-25,,https://careers.commscope.com/jobs,Aditya_Mehra_Operations_Analyst_v1,,No,,Applied (Active in ATS),,,,,,No,,IN_PROGRESS,,Submit application and follow up with HR,,
APP-3K-2629,JOB-3K-APP-3K-2629,CMP-46849E26,Tejas Networks (Req #2),Service Delivery Operations Lead,2026-08-25,,https://careers.tejasnetworks.com/jobs,Aditya_Mehra_Operations_Analyst_v1,,No,,Applied (Active in ATS),,,,,,No,,IN_PROGRESS,,Submit application and follow up with HR,,
APP-3K-2630,JOB-3K-APP-3K-2630,CMP-7AA832E6,Ciena (Req #2),B2B Telecom Sales Executive,2026-08-25,,https://careers.ciena.com/jobs,Aditya_Mehra_Operations_Analyst_v1,,No,,Applied (Active in ATS),,,,,,No,,IN_PROGRESS,,Submit application and follow up with HR,,
APP-3K-2631,JOB-3K-APP-3K-2631,CMP-47994E00,Airtel Global Business (Req #3),Enterprise Client Operations Associate,2026-08-25,,https://careers.airtelglobalbusiness.com/jobs,Aditya_Mehra_Operations_Analyst_v1,,No,,Applied (Active in ATS),,,,,,No,,IN_PROGRESS,,Submit application and follow up with HR,,
APP-3K-2632,JOB-3K-APP-3K-2632,CMP-D0CEC15D,Reliance Jio Enterprise (Req #3),Global Carrier Relations Coordinator,2026-08-25,,https://careers.reliancejioenterprise.com/jobs,Aditya_Mehra_Operations_Analyst_v1,,No,,Applied (Active in ATS),,,,,,No,,IN_PROGRESS,,Submit application and follow up with HR,,
APP-3K-2633,JOB-3K-APP-3K-2633,CMP-F25614B2,Vodafone Idea (Req #3),Telecom Contract & Billing Specialist,2026-08-25,,https://careers.vodafoneidea.com/jobs,Aditya_Mehra_Operations_Analyst_v1,,No,,Applied (Active in ATS),,,,,,No,,IN_PROGRESS,,Submit application and follow up with HR,,
APP-3K-2634,JOB-3K-APP-3K-2634,CMP-31D6B946,Ericsson India (Req #3),Service Delivery Operations Lead,2026-08-25,,https://careers.ericssonindia.com/jobs,Aditya_Mehra_Operations_Analyst_v1,,No,,Applied (Active in ATS),,,,,,No,,IN_PROGRESS,,Submit application and follow up with HR,,
APP-3K-2635,JOB-3K-APP-3K-2635,CMP-0BD3EDB7,Nokia Solutions (Req #3),B2B Telecom Sales Executive,2026-08-25,,https://careers.nokiasolutions.com/jobs,Aditya_Mehra_Operations_Analyst_v1,,No,,Applied (Active in ATS),,,,,,No,,IN_PROGRESS,,Submit application and follow up with HR,,
APP-3K-2636,JOB-3K-APP-3K-2636,CMP-FDB4A98B,Tata Communications (Req #3),Enterprise Client Operations Associate,2026-08-25,,https://careers.tatacommunications.com/jobs,Aditya_Mehra_Operations_Analyst_v1,,No,,Applied (Active in ATS),,,,,,No,,IN_PROGRESS,,Submit application and follow up with HR,,
APP-3K-2637,JOB-3K-APP-3K-2637,CMP-4E146E7E,British Telecom (BT) (Req #3),Global Carrier Relations Coordinator,2026-08-25,,https://careers.britishtelecombt.com/jobs,Aditya_Mehra_Operations_Analyst_v1,,No,,Applied (Active in ATS),,,,,,No,,IN_PROGRESS,,Submit application and follow up with HR,,
APP-3K-2638,JOB-3K-APP-3K-2638,CMP-24AED9A1,Orange Business Services (Req #3),Telecom Contract & Billing Specialist,2026-08-25,,https://careers.orangebusinessservices.com/jobs,Aditya_Mehra_Operations_Analyst_v1,,No,,Applied (Active in ATS),,,,,,No,,IN_PROGRESS,,Submit application and follow up with HR,,
APP-3K-2639,JOB-3K-APP-3K-2639,CMP-2A74B96D,Verizon India (Req #3),Service Delivery Operations Lead,2026-08-25,,https://careers.verizonindia.com/jobs,Aditya_Mehra_Operations_Analyst_v1,,No,,Applied (Active in ATS),,,,,,No,,IN_PROGRESS,,Submit application and follow up with HR,,
APP-3K-2640,JOB-3K-APP-3K-2640,CMP-E06A69FA,AT&T India (Req #3),B2B Telecom Sales Executive,2026-08-25,,https://careers.atandtindia.com/jobs,Aditya_Mehra_Operations_Analyst_v1,,No,,Applied (Active in ATS),,,,,,No,,IN_PROGRESS,,Submit application and follow up with HR,,
APP-3K-2641,JOB-3K-APP-3K-2641,CMP-1A9A57A0,NTT Data (Req #3),Enterprise Client Operations Associate,2026-08-25,,https://careers.nttdata.com/jobs,Aditya_Mehra_Operations_Analyst_v1,,No,,Applied (Active in ATS),,,,,,No,,IN_PROGRESS,,Submit application and follow up with HR,,
APP-3K-2642,JOB-3K-APP-3K-2642,CMP-871B4281,Lumen Technologies (Req #3),Global Carrier Relations Coordinator,2026-08-25,,https://careers.lumentechnologies.com/jobs,Aditya_Mehra_Operations_Analyst_v1,,No,,Applied (Active in ATS),,,,,,No,,IN_PROGRESS,,Submit application and follow up with HR,,
APP-3K-2643,JOB-3K-APP-3K-2643,CMP-A6C1C572,CommScope (Req #3),Telecom Contract & Billing Specialist,2026-08-25,,https://careers.commscope.com/jobs,Aditya_Mehra_Operations_Analyst_v1,,No,,Applied (Active in ATS),,,,,,No,,IN_PROGRESS,,Submit application and follow up with HR,,
APP-3K-2644,JOB-3K-APP-3K-2644,CMP-CBD857FA,Tejas Networks (Req #3),Service Delivery Operations Lead,2026-08-25,,https://careers.tejasnetworks.com/jobs,Aditya_Mehra_Operations_Analyst_v1,,No,,Applied (Active in ATS),,,,,,No,,IN_PROGRESS,,Submit application and follow up with HR,,
APP-3K-2645,JOB-3K-APP-3K-2645,CMP-F37A0084,Ciena (Req #3),B2B Telecom Sales Executive,2026-08-25,,https://careers.ciena.com/jobs,Aditya_Mehra_Operations_Analyst_v1,,No,,Applied (Active in ATS),,,,,,No,,IN_PROGRESS,,Submit application and follow up with HR,,
APP-3K-2646,JOB-3K-APP-3K-2646,CMP-6B9987C0,Airtel Global Business (Req #4),Enterprise Client Operations Associate,2026-08-25,,https://careers.airtelglobalbusiness.com/jobs,Aditya_Mehra_Operations_Analyst_v1,,No,,Applied (Active in ATS),,,,,,No,,IN_PROGRESS,,Submit application and follow up with HR,,
APP-3K-2647,JOB-3K-APP-3K-2647,CMP-DC3F6F10,Reliance Jio Enterprise (Req #4),Global Carrier Relations Coordinator,2026-08-25,,https://careers.reliancejioenterprise.com/jobs,Aditya_Mehra_Operations_Analyst_v1,,No,,Applied (Active in ATS),,,,,,No,,IN_PROGRESS,,Submit application and follow up with HR,,
APP-3K-2648,JOB-3K-APP-3K-2648,CMP-050B1193,Vodafone Idea (Req #4),Telecom Contract & Billing Specialist,2026-08-25,,https://careers.vodafoneidea.com/jobs,Aditya_Mehra_Operations_Analyst_v1,,No,,Applied (Active in ATS),,,,,,No,,IN_PROGRESS,,Submit application and follow up with HR,,
APP-3K-2649,JOB-3K-APP-3K-2649,CMP-4BD420F6,Ericsson India (Req #4),Service Delivery Operations Lead,2026-08-25,,https://careers.ericssonindia.com/jobs,Aditya_Mehra_Operations_Analyst_v1,,No,,Applied (Active in ATS),,,,,,No,,IN_PROGRESS,,Submit application and follow up with HR,,
APP-3K-2650,JOB-3K-APP-3K-2650,CMP-F22CD1A6,Nokia Solutions (Req #4),B2B Telecom Sales Executive,2026-08-25,,https://careers.nokiasolutions.com/jobs,Aditya_Mehra_Operations_Analyst_v1,,No,,Applied (Active in ATS),,,,,,No,,IN_PROGRESS,,Submit application and follow up with HR,,
APP-3K-2651,JOB-3K-APP-3K-2651,CMP-28351043,Tata Communications (Req #4),Enterprise Client Operations Associate,2026-08-25,,https://careers.tatacommunications.com/jobs,Aditya_Mehra_Operations_Analyst_v1,,No,,Applied (Active in ATS),,,,,,No,,IN_PROGRESS,,Submit application and follow up with HR,,
APP-3K-2652,JOB-3K-APP-3K-2652,CMP-D65E3B9C,British Telecom (BT) (Req #4),Global Carrier Relations Coordinator,2026-08-25,,https://careers.britishtelecombt.com/jobs,Aditya_Mehra_Operations_Analyst_v1,,No,,Applied (Active in ATS),,,,,,No,,IN_PROGRESS,,Submit application and follow up with HR,,
APP-3K-2653,JOB-3K-APP-3K-2653,CMP-7B202502,Orange Business Services (Req #4),Telecom Contract & Billing Specialist,2026-08-25,,https://careers.orangebusinessservices.com/jobs,Aditya_Mehra_Operations_Analyst_v1,,No,,Applied (Active in ATS),,,,,,No,,IN_PROGRESS,,Submit application and follow up with HR,,
APP-3K-2654,JOB-3K-APP-3K-2654,CMP-58AADA0F,Verizon India (Req #4),Service Delivery Operations Lead,2026-08-25,,https://careers.verizonindia.com/jobs,Aditya_Mehra_Operations_Analyst_v1,,No,,Applied (Active in ATS),,,,,,No,,IN_PROGRESS,,Submit application and follow up with HR,,
APP-3K-2655,JOB-3K-APP-3K-2655,CMP-4EF0F13A,AT&T India (Req #4),B2B Telecom Sales Executive,2026-08-25,,https://careers.atandtindia.com/jobs,Aditya_Mehra_Operations_Analyst_v1,,No,,Applied (Active in ATS),,,,,,No,,IN_PROGRESS,,Submit application and follow up with HR,,
APP-3K-2656,JOB-3K-APP-3K-2656,CMP-81D57A5D,NTT Data (Req #4),Enterprise Client Operations Associate,2026-08-25,,https://careers.nttdata.com/jobs,Aditya_Mehra_Operations_Analyst_v1,,No,,Applied (Active in ATS),,,,,,No,,IN_PROGRESS,,Submit application and follow up with HR,,
APP-3K-2657,JOB-3K-APP-3K-2657,CMP-7049AB19,Lumen Technologies (Req #4),Global Carrier Relations Coordinator,2026-08-25,,https://careers.lumentechnologies.com/jobs,Aditya_Mehra_Operations_Analyst_v1,,No,,Applied (Active in ATS),,,,,,No,,IN_PROGRESS,,Submit application and follow up with HR,,
APP-3K-2658,JOB-3K-APP-3K-2658,CMP-8938539D,CommScope (Req #4),Telecom Contract & Billing Specialist,2026-08-25,,https://careers.commscope.com/jobs,Aditya_Mehra_Operations_Analyst_v1,,No,,Applied (Active in ATS),,,,,,No,,IN_PROGRESS,,Submit application and follow up with HR,,
APP-3K-2659,JOB-3K-APP-3K-2659,CMP-72787AA5,Tejas Networks (Req #4),Service Delivery Operations Lead,2026-08-25,,https://careers.tejasnetworks.com/jobs,Aditya_Mehra_Operations_Analyst_v1,,No,,Applied (Active in ATS),,,,,,No,,IN_PROGRESS,,Submit application and follow up with HR,,
APP-3K-2660,JOB-3K-APP-3K-2660,CMP-0E1101A7,Ciena (Req #4),B2B Telecom Sales Executive,2026-08-25,,https://careers.ciena.com/jobs,Aditya_Mehra_Operations_Analyst_v1,,No,,Applied (Active in ATS),,,,,,No,,IN_PROGRESS,,Submit application and follow up with HR,,
APP-3K-2661,JOB-3K-APP-3K-2661,CMP-3014E781,Airtel Global Business (Req #5),Enterprise Client Operations Associate,2026-08-25,,https://careers.airtelglobalbusiness.com/jobs,Aditya_Mehra_Operations_Analyst_v1,,No,,Applied (Active in ATS),,,,,,No,,IN_PROGRESS,,Submit application and follow up with HR,,
APP-3K-2662,JOB-3K-APP-3K-2662,CMP-0074F7AA,Reliance Jio Enterprise (Req #5),Global Carrier Relations Coordinator,2026-08-25,,https://careers.reliancejioenterprise.com/jobs,Aditya_Mehra_Operations_Analyst_v1,,No,,Applied (Active in ATS),,,,,,No,,IN_PROGRESS,,Submit application and follow up with HR,,
APP-3K-2663,JOB-3K-APP-3K-2663,CMP-F94D7EB1,Vodafone Idea (Req #5),Telecom Contract & Billing Specialist,2026-08-25,,https://careers.vodafoneidea.com/jobs,Aditya_Mehra_Operations_Analyst_v1,,No,,Applied (Active in ATS),,,,,,No,,IN_PROGRESS,,Submit application and follow up with HR,,
APP-3K-2664,JOB-3K-APP-3K-2664,CMP-62A1F6F6,Ericsson India (Req #5),Service Delivery Operations Lead,2026-08-25,,https://careers.ericssonindia.com/jobs,Aditya_Mehra_Operations_Analyst_v1,,No,,Applied (Active in ATS),,,,,,No,,IN_PROGRESS,,Submit application and follow up with HR,,
APP-3K-2665,JOB-3K-APP-3K-2665,CMP-71F04601,Nokia Solutions (Req #5),B2B Telecom Sales Executive,2026-08-25,,https://careers.nokiasolutions.com/jobs,Aditya_Mehra_Operations_Analyst_v1,,No,,Applied (Active in ATS),,,,,,No,,IN_PROGRESS,,Submit application and follow up with HR,,
APP-3K-2666,JOB-3K-APP-3K-2666,CMP-C0294FDC,Tata Communications (Req #5),Enterprise Client Operations Associate,2026-08-25,,https://careers.tatacommunications.com/jobs,Aditya_Mehra_Operations_Analyst_v1,,No,,Applied (Active in ATS),,,,,,No,,IN_PROGRESS,,Submit application and follow up with HR,,
APP-3K-2667,JOB-3K-APP-3K-2667,CMP-B61A62F4,British Telecom (BT) (Req #5),Global Carrier Relations Coordinator,2026-08-25,,https://careers.britishtelecombt.com/jobs,Aditya_Mehra_Operations_Analyst_v1,,No,,Applied (Active in ATS),,,,,,No,,IN_PROGRESS,,Submit application and follow up with HR,,
APP-3K-2668,JOB-3K-APP-3K-2668,CMP-DDC764B4,Orange Business Services (Req #5),Telecom Contract & Billing Specialist,2026-08-25,,https://careers.orangebusinessservices.com/jobs,Aditya_Mehra_Operations_Analyst_v1,,No,,Applied (Active in ATS),,,,,,No,,IN_PROGRESS,,Submit application and follow up with HR,,
APP-3K-2669,JOB-3K-APP-3K-2669,CMP-E62DFC8D,Verizon India (Req #5),Service Delivery Operations Lead,2026-08-25,,https://careers.verizonindia.com/jobs,Aditya_Mehra_Operations_Analyst_v1,,No,,Applied (Active in ATS),,,,,,No,,IN_PROGRESS,,Submit application and follow up with HR,,
APP-3K-2670,JOB-3K-APP-3K-2670,CMP-B4C8CFCB,AT&T India (Req #5),B2B Telecom Sales Executive,2026-08-25,,https://careers.atandtindia.com/jobs,Aditya_Mehra_Operations_Analyst_v1,,No,,Applied (Active in ATS),,,,,,No,,IN_PROGRESS,,Submit application and follow up with HR,,
APP-3K-2671,JOB-3K-APP-3K-2671,CMP-81EA6068,NTT Data (Req #5),Enterprise Client Operations Associate,2026-08-25,,https://careers.nttdata.com/jobs,Aditya_Mehra_Operations_Analyst_v1,,No,,Applied (Active in ATS),,,,,,No,,IN_PROGRESS,,Submit application and follow up with HR,,
APP-3K-2672,JOB-3K-APP-3K-2672,CMP-D4440776,Lumen Technologies (Req #5),Global Carrier Relations Coordinator,2026-08-25,,https://careers.lumentechnologies.com/jobs,Aditya_Mehra_Operations_Analyst_v1,,No,,Applied (Active in ATS),,,,,,No,,IN_PROGRESS,,Submit application and follow up with HR,,
APP-3K-2673,JOB-3K-APP-3K-2673,CMP-A488D6BF,CommScope (Req #5),Telecom Contract & Billing Specialist,2026-08-25,,https://careers.commscope.com/jobs,Aditya_Mehra_Operations_Analyst_v1,,No,,Applied (Active in ATS),,,,,,No,,IN_PROGRESS,,Submit application and follow up with HR,,
APP-3K-2674,JOB-3K-APP-3K-2674,CMP-25095BE6,Tejas Networks (Req #5),Service Delivery Operations Lead,2026-08-25,,https://careers.tejasnetworks.com/jobs,Aditya_Mehra_Operations_Analyst_v1,,No,,Applied (Active in ATS),,,,,,No,,IN_PROGRESS,,Submit application and follow up with HR,,
APP-3K-2675,JOB-3K-APP-3K-2675,CMP-A70F23F9,Ciena (Req #5),B2B Telecom Sales Executive,2026-08-25,,https://careers.ciena.com/jobs,Aditya_Mehra_Operations_Analyst_v1,,No,,Applied (Active in ATS),,,,,,No,,IN_PROGRESS,,Submit application and follow up with HR,,
APP-3K-2676,JOB-3K-APP-3K-2676,CMP-128CCCF2,Airtel Global Business (Req #6),Enterprise Client Operations Associate,2026-08-25,,https://careers.airtelglobalbusiness.com/jobs,Aditya_Mehra_Operations_Analyst_v1,,No,,Applied (Active in ATS),,,,,,No,,IN_PROGRESS,,Submit application and follow up with HR,,
APP-3K-2677,JOB-3K-APP-3K-2677,CMP-8B442E48,Reliance Jio Enterprise (Req #6),Global Carrier Relations Coordinator,2026-08-25,,https://careers.reliancejioenterprise.com/jobs,Aditya_Mehra_Operations_Analyst_v1,,No,,Applied (Active in ATS),,,,,,No,,IN_PROGRESS,,Submit application and follow up with HR,,
APP-3K-2678,JOB-3K-APP-3K-2678,CMP-3A5B8B34,Vodafone Idea (Req #6),Telecom Contract & Billing Specialist,2026-08-25,,https://careers.vodafoneidea.com/jobs,Aditya_Mehra_Operations_Analyst_v1,,No,,Applied (Active in ATS),,,,,,No,,IN_PROGRESS,,Submit application and follow up with HR,,
APP-3K-2679,JOB-3K-APP-3K-2679,CMP-E72A37D4,Ericsson India (Req #6),Service Delivery Operations Lead,2026-08-25,,https://careers.ericssonindia.com/jobs,Aditya_Mehra_Operations_Analyst_v1,,No,,Applied (Active in ATS),,,,,,No,,IN_PROGRESS,,Submit application and follow up with HR,,
APP-3K-2680,JOB-3K-APP-3K-2680,CMP-6C8872FE,Nokia Solutions (Req #6),B2B Telecom Sales Executive,2026-08-25,,https://careers.nokiasolutions.com/jobs,Aditya_Mehra_Operations_Analyst_v1,,No,,Applied (Active in ATS),,,,,,No,,IN_PROGRESS,,Submit application and follow up with HR,,
APP-3K-2681,JOB-3K-APP-3K-2681,CMP-07F79EBD,Tata Communications (Req #6),Enterprise Client Operations Associate,2026-08-25,,https://careers.tatacommunications.com/jobs,Aditya_Mehra_Operations_Analyst_v1,,No,,Applied (Active in ATS),,,,,,No,,IN_PROGRESS,,Submit application and follow up with HR,,
APP-3K-2682,JOB-3K-APP-3K-2682,CMP-18BB381F,British Telecom (BT) (Req #6),Global Carrier Relations Coordinator,2026-08-25,,https://careers.britishtelecombt.com/jobs,Aditya_Mehra_Operations_Analyst_v1,,No,,Applied (Active in ATS),,,,,,No,,IN_PROGRESS,,Submit application and follow up with HR,,
APP-3K-2683,JOB-3K-APP-3K-2683,CMP-AAA58B80,Orange Business Services (Req #6),Telecom Contract & Billing Specialist,2026-08-25,,https://careers.orangebusinessservices.com/jobs,Aditya_Mehra_Operations_Analyst_v1,,No,,Applied (Active in ATS),,,,,,No,,IN_PROGRESS,,Submit application and follow up with HR,,
APP-3K-2684,JOB-3K-APP-3K-2684,CMP-64F3B7C2,Verizon India (Req #6),Service Delivery Operations Lead,2026-08-25,,https://careers.verizonindia.com/jobs,Aditya_Mehra_Operations_Analyst_v1,,No,,Applied (Active in ATS),,,,,,No,,IN_PROGRESS,,Submit application and follow up with HR,,
APP-3K-2685,JOB-3K-APP-3K-2685,CMP-648F9D24,AT&T India (Req #6),B2B Telecom Sales Executive,2026-08-25,,https://careers.atandtindia.com/jobs,Aditya_Mehra_Operations_Analyst_v1,,No,,Applied (Active in ATS),,,,,,No,,IN_PROGRESS,,Submit application and follow up with HR,,
APP-3K-2686,JOB-3K-APP-3K-2686,CMP-126B1B33,NTT Data (Req #6),Enterprise Client Operations Associate,2026-08-25,,https://careers.nttdata.com/jobs,Aditya_Mehra_Operations_Analyst_v1,,No,,Applied (Active in ATS),,,,,,No,,IN_PROGRESS,,Submit application and follow up with HR,,
APP-3K-2687,JOB-3K-APP-3K-2687,CMP-CC3B5C29,Lumen Technologies (Req #6),Global Carrier Relations Coordinator,2026-08-25,,https://careers.lumentechnologies.com/jobs,Aditya_Mehra_Operations_Analyst_v1,,No,,Applied (Active in ATS),,,,,,No,,IN_PROGRESS,,Submit application and follow up with HR,,
APP-3K-2688,JOB-3K-APP-3K-2688,CMP-B74B7185,CommScope (Req #6),Telecom Contract & Billing Specialist,2026-08-25,,https://careers.commscope.com/jobs,Aditya_Mehra_Operations_Analyst_v1,,No,,Applied (Active in ATS),,,,,,No,,IN_PROGRESS,,Submit application and follow up with HR,,
APP-3K-2689,JOB-3K-APP-3K-2689,CMP-369745CB,Tejas Networks (Req #6),Service Delivery Operations Lead,2026-08-25,,https://careers.tejasnetworks.com/jobs,Aditya_Mehra_Operations_Analyst_v1,,No,,Applied (Active in ATS),,,,,,No,,IN_PROGRESS,,Submit application and follow up with HR,,
APP-3K-2690,JOB-3K-APP-3K-2690,CMP-28C1ADC3,Ciena (Req #6),B2B Telecom Sales Executive,2026-08-25,,https://careers.ciena.com/jobs,Aditya_Mehra_Operations_Analyst_v1,,No,,Applied (Active in ATS),,,,,,No,,IN_PROGRESS,,Submit application and follow up with HR,,
APP-3K-2691,JOB-3K-APP-3K-2691,CMP-CF89019F,Airtel Global Business (Req #7),Enterprise Client Operations Associate,2026-08-25,,https://careers.airtelglobalbusiness.com/jobs,Aditya_Mehra_Operations_Analyst_v1,,No,,Applied (Active in ATS),,,,,,No,,IN_PROGRESS,,Submit application and follow up with HR,,
APP-3K-2692,JOB-3K-APP-3K-2692,CMP-82223BF5,Reliance Jio Enterprise (Req #7),Global Carrier Relations Coordinator,2026-08-25,,https://careers.reliancejioenterprise.com/jobs,Aditya_Mehra_Operations_Analyst_v1,,No,,Applied (Active in ATS),,,,,,No,,IN_PROGRESS,,Submit application and follow up with HR,,
APP-3K-2693,JOB-3K-APP-3K-2693,CMP-CF256583,Vodafone Idea (Req #7),Telecom Contract & Billing Specialist,2026-08-25,,https://careers.vodafoneidea.com/jobs,Aditya_Mehra_Operations_Analyst_v1,,No,,Applied (Active in ATS),,,,,,No,,IN_PROGRESS,,Submit application and follow up with HR,,
APP-3K-2694,JOB-3K-APP-3K-2694,CMP-BBC8E08D,Ericsson India (Req #7),Service Delivery Operations Lead,2026-08-25,,https://careers.ericssonindia.com/jobs,Aditya_Mehra_Operations_Analyst_v1,,No,,Applied (Active in ATS),,,,,,No,,IN_PROGRESS,,Submit application and follow up with HR,,
APP-3K-2695,JOB-3K-APP-3K-2695,CMP-AF2B46C3,Nokia Solutions (Req #7),B2B Telecom Sales Executive,2026-08-25,,https://careers.nokiasolutions.com/jobs,Aditya_Mehra_Operations_Analyst_v1,,No,,Applied (Active in ATS),,,,,,No,,IN_PROGRESS,,Submit application and follow up with HR,,
APP-3K-2696,JOB-3K-APP-3K-2696,CMP-6BF057B3,Tata Communications (Req #7),Enterprise Client Operations Associate,2026-08-25,,https://careers.tatacommunications.com/jobs,Aditya_Mehra_Operations_Analyst_v1,,No,,Applied (Active in ATS),,,,,,No,,IN_PROGRESS,,Submit application and follow up with HR,,
APP-3K-2697,JOB-3K-APP-3K-2697,CMP-83BE33E9,British Telecom (BT) (Req #7),Global Carrier Relations Coordinator,2026-08-25,,https://careers.britishtelecombt.com/jobs,Aditya_Mehra_Operations_Analyst_v1,,No,,Applied (Active in ATS),,,,,,No,,IN_PROGRESS,,Submit application and follow up with HR,,
APP-3K-2698,JOB-3K-APP-3K-2698,CMP-DDE62C3A,Orange Business Services (Req #7),Telecom Contract & Billing Specialist,2026-08-25,,https://careers.orangebusinessservices.com/jobs,Aditya_Mehra_Operations_Analyst_v1,,No,,Applied (Active in ATS),,,,,,No,,IN_PROGRESS,,Submit application and follow up with HR,,
APP-3K-2699,JOB-3K-APP-3K-2699,CMP-F79424AF,Verizon India (Req #7),Service Delivery Operations Lead,2026-08-25,,https://careers.verizonindia.com/jobs,Aditya_Mehra_Operations_Analyst_v1,,No,,Applied (Active in ATS),,,,,,No,,IN_PROGRESS,,Submit application and follow up with HR,,
APP-3K-2700,JOB-3K-APP-3K-2700,CMP-9D7A485E,AT&T India (Req #7),B2B Telecom Sales Executive,2026-08-25,,https://careers.atandtindia.com/jobs,Aditya_Mehra_Operations_Analyst_v1,,No,,Applied (Active in ATS),,,,,,No,,IN_PROGRESS,,Submit application and follow up with HR,,
APP-3K-2701,JOB-3K-APP-3K-2701,CMP-1C46738C,NTT Data (Req #7),Enterprise Client Operations Associate,2026-08-25,,https://careers.nttdata.com/jobs,Aditya_Mehra_Operations_Analyst_v1,,No,,Applied (Active in ATS),,,,,,No,,IN_PROGRESS,,Submit application and follow up with HR,,
APP-3K-2702,JOB-3K-APP-3K-2702,CMP-44C21C85,Lumen Technologies (Req #7),Global Carrier Relations Coordinator,2026-08-25,,https://careers.lumentechnologies.com/jobs,Aditya_Mehra_Operations_Analyst_v1,,No,,Applied (Active in ATS),,,,,,No,,IN_PROGRESS,,Submit application and follow up with HR,,
APP-3K-2703,JOB-3K-APP-3K-2703,CMP-DBE9CA4E,CommScope (Req #7),Telecom Contract & Billing Specialist,2026-08-25,,https://careers.commscope.com/jobs,Aditya_Mehra_Operations_Analyst_v1,,No,,Applied (Active in ATS),,,,,,No,,IN_PROGRESS,,Submit application and follow up with HR,,
APP-3K-2704,JOB-3K-APP-3K-2704,CMP-B0EBB358,Tejas Networks (Req #7),Service Delivery Operations Lead,2026-08-25,,https://careers.tejasnetworks.com/jobs,Aditya_Mehra_Operations_Analyst_v1,,No,,Applied (Active in ATS),,,,,,No,,IN_PROGRESS,,Submit application and follow up with HR,,
APP-3K-2705,JOB-3K-APP-3K-2705,CMP-1916F924,Ciena (Req #7),B2B Telecom Sales Executive,2026-08-25,,https://careers.ciena.com/jobs,Aditya_Mehra_Operations_Analyst_v1,,No,,Applied (Active in ATS),,,,,,No,,IN_PROGRESS,,Submit application and follow up with HR,,
APP-3K-2706,JOB-3K-APP-3K-2706,CMP-D749C7BD,Airtel Global Business (Req #8),Enterprise Client Operations Associate,2026-08-25,,https://careers.airtelglobalbusiness.com/jobs,Aditya_Mehra_Operations_Analyst_v1,,No,,Applied (Active in ATS),,,,,,No,,IN_PROGRESS,,Submit application and follow up with HR,,
APP-3K-2707,JOB-3K-APP-3K-2707,CMP-C2011989,Reliance Jio Enterprise (Req #8),Global Carrier Relations Coordinator,2026-08-25,,https://careers.reliancejioenterprise.com/jobs,Aditya_Mehra_Operations_Analyst_v1,,No,,Applied (Active in ATS),,,,,,No,,IN_PROGRESS,,Submit application and follow up with HR,,
APP-3K-2708,JOB-3K-APP-3K-2708,CMP-CE0D8D5F,Vodafone Idea (Req #8),Telecom Contract & Billing Specialist,2026-08-25,,https://careers.vodafoneidea.com/jobs,Aditya_Mehra_Operations_Analyst_v1,,No,,Applied (Active in ATS),,,,,,No,,IN_PROGRESS,,Submit application and follow up with HR,,
APP-3K-2709,JOB-3K-APP-3K-2709,CMP-D292B299,Ericsson India (Req #8),Service Delivery Operations Lead,2026-08-25,,https://careers.ericssonindia.com/jobs,Aditya_Mehra_Operations_Analyst_v1,,No,,Applied (Active in ATS),,,,,,No,,IN_PROGRESS,,Submit application and follow up with HR,,
APP-3K-2710,JOB-3K-APP-3K-2710,CMP-F5888D1F,Nokia Solutions (Req #8),B2B Telecom Sales Executive,2026-08-25,,https://careers.nokiasolutions.com/jobs,Aditya_Mehra_Operations_Analyst_v1,,No,,Applied (Active in ATS),,,,,,No,,IN_PROGRESS,,Submit application and follow up with HR,,
APP-3K-2711,JOB-3K-APP-3K-2711,CMP-B941DB37,Tata Communications (Req #8),Enterprise Client Operations Associate,2026-08-25,,https://careers.tatacommunications.com/jobs,Aditya_Mehra_Operations_Analyst_v1,,No,,Applied (Active in ATS),,,,,,No,,IN_PROGRESS,,Submit application and follow up with HR,,
APP-3K-2712,JOB-3K-APP-3K-2712,CMP-86396C5D,British Telecom (BT) (Req #8),Global Carrier Relations Coordinator,2026-08-25,,https://careers.britishtelecombt.com/jobs,Aditya_Mehra_Operations_Analyst_v1,,No,,Applied (Active in ATS),,,,,,No,,IN_PROGRESS,,Submit application and follow up with HR,,
APP-3K-2713,JOB-3K-APP-3K-2713,CMP-7A1AB4A4,Orange Business Services (Req #8),Telecom Contract & Billing Specialist,2026-08-25,,https://careers.orangebusinessservices.com/jobs,Aditya_Mehra_Operations_Analyst_v1,,No,,Applied (Active in ATS),,,,,,No,,IN_PROGRESS,,Submit application and follow up with HR,,
APP-3K-2714,JOB-3K-APP-3K-2714,CMP-EC341277,Verizon India (Req #8),Service Delivery Operations Lead,2026-08-25,,https://careers.verizonindia.com/jobs,Aditya_Mehra_Operations_Analyst_v1,,No,,Applied (Active in ATS),,,,,,No,,IN_PROGRESS,,Submit application and follow up with HR,,
APP-3K-2715,JOB-3K-APP-3K-2715,CMP-06878779,AT&T India (Req #8),B2B Telecom Sales Executive,2026-08-25,,https://careers.atandtindia.com/jobs,Aditya_Mehra_Operations_Analyst_v1,,No,,Applied (Active in ATS),,,,,,No,,IN_PROGRESS,,Submit application and follow up with HR,,
APP-3K-2716,JOB-3K-APP-3K-2716,CMP-E880AF75,NTT Data (Req #8),Enterprise Client Operations Associate,2026-08-25,,https://careers.nttdata.com/jobs,Aditya_Mehra_Operations_Analyst_v1,,No,,Applied (Active in ATS),,,,,,No,,IN_PROGRESS,,Submit application and follow up with HR,,
APP-3K-2717,JOB-3K-APP-3K-2717,CMP-4E829350,Lumen Technologies (Req #8),Global Carrier Relations Coordinator,2026-08-25,,https://careers.lumentechnologies.com/jobs,Aditya_Mehra_Operations_Analyst_v1,,No,,Applied (Active in ATS),,,,,,No,,IN_PROGRESS,,Submit application and follow up with HR,,
APP-3K-2718,JOB-3K-APP-3K-2718,CMP-C139170B,CommScope (Req #8),Telecom Contract & Billing Specialist,2026-08-25,,https://careers.commscope.com/jobs,Aditya_Mehra_Operations_Analyst_v1,,No,,Applied (Active in ATS),,,,,,No,,IN_PROGRESS,,Submit application and follow up with HR,,
APP-3K-2719,JOB-3K-APP-3K-2719,CMP-C64ED764,Tejas Networks (Req #8),Service Delivery Operations Lead,2026-08-25,,https://careers.tejasnetworks.com/jobs,Aditya_Mehra_Operations_Analyst_v1,,No,,Applied (Active in ATS),,,,,,No,,IN_PROGRESS,,Submit application and follow up with HR,,
APP-3K-2720,JOB-3K-APP-3K-2720,CMP-7307826E,Ciena (Req #8),B2B Telecom Sales Executive,2026-08-25,,https://careers.ciena.com/jobs,Aditya_Mehra_Operations_Analyst_v1,,No,,Applied (Active in ATS),,,,,,No,,IN_PROGRESS,,Submit application and follow up with HR,,
APP-3K-2721,JOB-3K-APP-3K-2721,CMP-37D79589,Airtel Global Business (Req #9),Enterprise Client Operations Associate,2026-08-25,,https://careers.airtelglobalbusiness.com/jobs,Aditya_Mehra_Operations_Analyst_v1,,No,,Applied (Active in ATS),,,,,,No,,IN_PROGRESS,,Submit application and follow up with HR,,
APP-3K-2722,JOB-3K-APP-3K-2722,CMP-F725C3AC,Reliance Jio Enterprise (Req #9),Global Carrier Relations Coordinator,2026-08-25,,https://careers.reliancejioenterprise.com/jobs,Aditya_Mehra_Operations_Analyst_v1,,No,,Applied (Active in ATS),,,,,,No,,IN_PROGRESS,,Submit application and follow up with HR,,
APP-3K-2723,JOB-3K-APP-3K-2723,CMP-8ACD03D2,Vodafone Idea (Req #9),Telecom Contract & Billing Specialist,2026-08-25,,https://careers.vodafoneidea.com/jobs,Aditya_Mehra_Operations_Analyst_v1,,No,,Applied (Active in ATS),,,,,,No,,IN_PROGRESS,,Submit application and follow up with HR,,
APP-3K-2724,JOB-3K-APP-3K-2724,CMP-4443AB85,Ericsson India (Req #9),Service Delivery Operations Lead,2026-08-25,,https://careers.ericssonindia.com/jobs,Aditya_Mehra_Operations_Analyst_v1,,No,,Applied (Active in ATS),,,,,,No,,IN_PROGRESS,,Submit application and follow up with HR,,
APP-3K-2725,JOB-3K-APP-3K-2725,CMP-89B28C8A,Nokia Solutions (Req #9),B2B Telecom Sales Executive,2026-08-25,,https://careers.nokiasolutions.com/jobs,Aditya_Mehra_Operations_Analyst_v1,,No,,Applied (Active in ATS),,,,,,No,,IN_PROGRESS,,Submit application and follow up with HR,,
APP-3K-2726,JOB-3K-APP-3K-2726,CMP-AD782727,Tata Communications (Req #9),Enterprise Client Operations Associate,2026-08-25,,https://careers.tatacommunications.com/jobs,Aditya_Mehra_Operations_Analyst_v1,,No,,Applied (Active in ATS),,,,,,No,,IN_PROGRESS,,Submit application and follow up with HR,,
APP-3K-2727,JOB-3K-APP-3K-2727,CMP-D16B6451,British Telecom (BT) (Req #9),Global Carrier Relations Coordinator,2026-08-25,,https://careers.britishtelecombt.com/jobs,Aditya_Mehra_Operations_Analyst_v1,,No,,Applied (Active in ATS),,,,,,No,,IN_PROGRESS,,Submit application and follow up with HR,,
APP-3K-2728,JOB-3K-APP-3K-2728,CMP-20C7199E,Orange Business Services (Req #9),Telecom Contract & Billing Specialist,2026-08-25,,https://careers.orangebusinessservices.com/jobs,Aditya_Mehra_Operations_Analyst_v1,,No,,Applied (Active in ATS),,,,,,No,,IN_PROGRESS,,Submit application and follow up with HR,,
APP-3K-2729,JOB-3K-APP-3K-2729,CMP-93D45377,Verizon India (Req #9),Service Delivery Operations Lead,2026-08-25,,https://careers.verizonindia.com/jobs,Aditya_Mehra_Operations_Analyst_v1,,No,,Applied (Active in ATS),,,,,,No,,IN_PROGRESS,,Submit application and follow up with HR,,
APP-3K-2730,JOB-3K-APP-3K-2730,CMP-AC078AE6,AT&T India (Req #9),B2B Telecom Sales Executive,2026-08-25,,https://careers.atandtindia.com/jobs,Aditya_Mehra_Operations_Analyst_v1,,No,,Applied (Active in ATS),,,,,,No,,IN_PROGRESS,,Submit application and follow up with HR,,
APP-3K-2731,JOB-3K-APP-3K-2731,CMP-894B4167,NTT Data (Req #9),Enterprise Client Operations Associate,2026-08-25,,https://careers.nttdata.com/jobs,Aditya_Mehra_Operations_Analyst_v1,,No,,Applied (Active in ATS),,,,,,No,,IN_PROGRESS,,Submit application and follow up with HR,,
APP-3K-2732,JOB-3K-APP-3K-2732,CMP-57DC204D,Lumen Technologies (Req #9),Global Carrier Relations Coordinator,2026-08-25,,https://careers.lumentechnologies.com/jobs,Aditya_Mehra_Operations_Analyst_v1,,No,,Applied (Active in ATS),,,,,,No,,IN_PROGRESS,,Submit application and follow up with HR,,
APP-3K-2733,JOB-3K-APP-3K-2733,CMP-60CA92C1,CommScope (Req #9),Telecom Contract & Billing Specialist,2026-08-25,,https://careers.commscope.com/jobs,Aditya_Mehra_Operations_Analyst_v1,,No,,Applied (Active in ATS),,,,,,No,,IN_PROGRESS,,Submit application and follow up with HR,,
APP-3K-2734,JOB-3K-APP-3K-2734,CMP-177DA0DC,Tejas Networks (Req #9),Service Delivery Operations Lead,2026-08-25,,https://careers.tejasnetworks.com/jobs,Aditya_Mehra_Operations_Analyst_v1,,No,,Applied (Active in ATS),,,,,,No,,IN_PROGRESS,,Submit application and follow up with HR,,
APP-3K-2735,JOB-3K-APP-3K-2735,CMP-81F034E1,Ciena (Req #9),B2B Telecom Sales Executive,2026-08-25,,https://careers.ciena.com/jobs,Aditya_Mehra_Operations_Analyst_v1,,No,,Applied (Active in ATS),,,,,,No,,IN_PROGRESS,,Submit application and follow up with HR,,
APP-3K-2736,JOB-3K-APP-3K-2736,CMP-A38E89E2,Airtel Global Business (Req #10),Enterprise Client Operations Associate,2026-08-25,,https://careers.airtelglobalbusiness.com/jobs,Aditya_Mehra_Operations_Analyst_v1,,No,,Applied (Active in ATS),,,,,,No,,IN_PROGRESS,,Submit application and follow up with HR,,
APP-3K-2737,JOB-3K-APP-3K-2737,CMP-50FE0CAD,Reliance Jio Enterprise (Req #10),Global Carrier Relations Coordinator,2026-08-25,,https://careers.reliancejioenterprise.com/jobs,Aditya_Mehra_Operations_Analyst_v1,,No,,Applied (Active in ATS),,,,,,No,,IN_PROGRESS,,Submit application and follow up with HR,,
APP-3K-2738,JOB-3K-APP-3K-2738,CMP-B963F38F,Vodafone Idea (Req #10),Telecom Contract & Billing Specialist,2026-08-25,,https://careers.vodafoneidea.com/jobs,Aditya_Mehra_Operations_Analyst_v1,,No,,Applied (Active in ATS),,,,,,No,,IN_PROGRESS,,Submit application and follow up with HR,,
APP-3K-2739,JOB-3K-APP-3K-2739,CMP-F741D154,Ericsson India (Req #10),Service Delivery Operations Lead,2026-08-25,,https://careers.ericssonindia.com/jobs,Aditya_Mehra_Operations_Analyst_v1,,No,,Applied (Active in ATS),,,,,,No,,IN_PROGRESS,,Submit application and follow up with HR,,
APP-3K-2740,JOB-3K-APP-3K-2740,CMP-2B54D96A,Nokia Solutions (Req #10),B2B Telecom Sales Executive,2026-08-25,,https://careers.nokiasolutions.com/jobs,Aditya_Mehra_Operations_Analyst_v1,,No,,Applied (Active in ATS),,,,,,No,,IN_PROGRESS,,Submit application and follow up with HR,,
APP-3K-2741,JOB-3K-APP-3K-2741,CMP-93259767,Tata Communications (Req #10),Enterprise Client Operations Associate,2026-08-25,,https://careers.tatacommunications.com/jobs,Aditya_Mehra_Operations_Analyst_v1,,No,,Applied (Active in ATS),,,,,,No,,IN_PROGRESS,,Submit application and follow up with HR,,
APP-3K-2742,JOB-3K-APP-3K-2742,CMP-71523867,British Telecom (BT) (Req #10),Global Carrier Relations Coordinator,2026-08-25,,https://careers.britishtelecombt.com/jobs,Aditya_Mehra_Operations_Analyst_v1,,No,,Applied (Active in ATS),,,,,,No,,IN_PROGRESS,,Submit application and follow up with HR,,
APP-3K-2743,JOB-3K-APP-3K-2743,CMP-49F274D2,Orange Business Services (Req #10),Telecom Contract & Billing Specialist,2026-08-25,,https://careers.orangebusinessservices.com/jobs,Aditya_Mehra_Operations_Analyst_v1,,No,,Applied (Active in ATS),,,,,,No,,IN_PROGRESS,,Submit application and follow up with HR,,
APP-3K-2744,JOB-3K-APP-3K-2744,CMP-C403EB8D,Verizon India (Req #10),Service Delivery Operations Lead,2026-08-25,,https://careers.verizonindia.com/jobs,Aditya_Mehra_Operations_Analyst_v1,,No,,Applied (Active in ATS),,,,,,No,,IN_PROGRESS,,Submit application and follow up with HR,,
APP-3K-2745,JOB-3K-APP-3K-2745,CMP-7EF1B1BA,AT&T India (Req #10),B2B Telecom Sales Executive,2026-08-25,,https://careers.atandtindia.com/jobs,Aditya_Mehra_Operations_Analyst_v1,,No,,Applied (Active in ATS),,,,,,No,,IN_PROGRESS,,Submit application and follow up with HR,,
APP-3K-2746,JOB-3K-APP-3K-2746,CMP-8E2D8005,NTT Data (Req #10),Enterprise Client Operations Associate,2026-08-25,,https://careers.nttdata.com/jobs,Aditya_Mehra_Operations_Analyst_v1,,No,,Applied (Active in ATS),,,,,,No,,IN_PROGRESS,,Submit application and follow up with HR,,
APP-3K-2747,JOB-3K-APP-3K-2747,CMP-19873352,Lumen Technologies (Req #10),Global Carrier Relations Coordinator,2026-08-25,,https://careers.lumentechnologies.com/jobs,Aditya_Mehra_Operations_Analyst_v1,,No,,Applied (Active in ATS),,,,,,No,,IN_PROGRESS,,Submit application and follow up with HR,,
APP-3K-2748,JOB-3K-APP-3K-2748,CMP-89817CB8,CommScope (Req #10),Telecom Contract & Billing Specialist,2026-08-25,,https://careers.commscope.com/jobs,Aditya_Mehra_Operations_Analyst_v1,,No,,Applied (Active in ATS),,,,,,No,,IN_PROGRESS,,Submit application and follow up with HR,,
APP-3K-2749,JOB-3K-APP-3K-2749,CMP-16B8C460,Tejas Networks (Req #10),Service Delivery Operations Lead,2026-08-25,,https://careers.tejasnetworks.com/jobs,Aditya_Mehra_Operations_Analyst_v1,,No,,Applied (Active in ATS),,,,,,No,,IN_PROGRESS,,Submit application and follow up with HR,,
APP-3K-2750,JOB-3K-APP-3K-2750,CMP-42248737,Ciena (Req #10),B2B Telecom Sales Executive,2026-08-25,,https://careers.ciena.com/jobs,Aditya_Mehra_Operations_Analyst_v1,,No,,Applied (Active in ATS),,,,,,No,,IN_PROGRESS,,Submit application and follow up with HR,,
APP-3K-2751,JOB-3K-APP-3K-2751,CMP-BE0943BC,Airtel Global Business (Req #11),Enterprise Client Operations Associate,2026-08-25,,https://careers.airtelglobalbusiness.com/jobs,Aditya_Mehra_Operations_Analyst_v1,,No,,Applied (Active in ATS),,,,,,No,,IN_PROGRESS,,Submit application and follow up with HR,,
APP-3K-2752,JOB-3K-APP-3K-2752,CMP-7CFCAB25,Reliance Jio Enterprise (Req #11),Global Carrier Relations Coordinator,2026-08-25,,https://careers.reliancejioenterprise.com/jobs,Aditya_Mehra_Operations_Analyst_v1,,No,,Applied (Active in ATS),,,,,,No,,IN_PROGRESS,,Submit application and follow up with HR,,
APP-3K-2753,JOB-3K-APP-3K-2753,CMP-50FF0162,Vodafone Idea (Req #11),Telecom Contract & Billing Specialist,2026-08-25,,https://careers.vodafoneidea.com/jobs,Aditya_Mehra_Operations_Analyst_v1,,No,,Applied (Active in ATS),,,,,,No,,IN_PROGRESS,,Submit application and follow up with HR,,
APP-3K-2754,JOB-3K-APP-3K-2754,CMP-89D6383F,Ericsson India (Req #11),Service Delivery Operations Lead,2026-08-25,,https://careers.ericssonindia.com/jobs,Aditya_Mehra_Operations_Analyst_v1,,No,,Applied (Active in ATS),,,,,,No,,IN_PROGRESS,,Submit application and follow up with HR,,
APP-3K-2755,JOB-3K-APP-3K-2755,CMP-3E28D8F0,Nokia Solutions (Req #11),B2B Telecom Sales Executive,2026-08-25,,https://careers.nokiasolutions.com/jobs,Aditya_Mehra_Operations_Analyst_v1,,No,,Applied (Active in ATS),,,,,,No,,IN_PROGRESS,,Submit application and follow up with HR,,
APP-3K-2756,JOB-3K-APP-3K-2756,CMP-AAD9C2A8,Tata Communications (Req #11),Enterprise Client Operations Associate,2026-08-25,,https://careers.tatacommunications.com/jobs,Aditya_Mehra_Operations_Analyst_v1,,No,,Applied (Active in ATS),,,,,,No,,IN_PROGRESS,,Submit application and follow up with HR,,
APP-3K-2757,JOB-3K-APP-3K-2757,CMP-D7CFAA44,British Telecom (BT) (Req #11),Global Carrier Relations Coordinator,2026-08-25,,https://careers.britishtelecombt.com/jobs,Aditya_Mehra_Operations_Analyst_v1,,No,,Applied (Active in ATS),,,,,,No,,IN_PROGRESS,,Submit application and follow up with HR,,
APP-3K-2758,JOB-3K-APP-3K-2758,CMP-5BD1A85F,Orange Business Services (Req #11),Telecom Contract & Billing Specialist,2026-08-25,,https://careers.orangebusinessservices.com/jobs,Aditya_Mehra_Operations_Analyst_v1,,No,,Applied (Active in ATS),,,,,,No,,IN_PROGRESS,,Submit application and follow up with HR,,
APP-3K-2759,JOB-3K-APP-3K-2759,CMP-4A6F2507,Verizon India (Req #11),Service Delivery Operations Lead,2026-08-25,,https://careers.verizonindia.com/jobs,Aditya_Mehra_Operations_Analyst_v1,,No,,Applied (Active in ATS),,,,,,No,,IN_PROGRESS,,Submit application and follow up with HR,,
APP-3K-2760,JOB-3K-APP-3K-2760,CMP-1C827B88,AT&T India (Req #11),B2B Telecom Sales Executive,2026-08-25,,https://careers.atandtindia.com/jobs,Aditya_Mehra_Operations_Analyst_v1,,No,,Applied (Active in ATS),,,,,,No,,IN_PROGRESS,,Submit application and follow up with HR,,
APP-3K-2761,JOB-3K-APP-3K-2761,CMP-5E69F80B,NTT Data (Req #11),Enterprise Client Operations Associate,2026-08-25,,https://careers.nttdata.com/jobs,Aditya_Mehra_Operations_Analyst_v1,,No,,Applied (Active in ATS),,,,,,No,,IN_PROGRESS,,Submit application and follow up with HR,,
APP-3K-2762,JOB-3K-APP-3K-2762,CMP-D0EE6EAE,Lumen Technologies (Req #11),Global Carrier Relations Coordinator,2026-08-25,,https://careers.lumentechnologies.com/jobs,Aditya_Mehra_Operations_Analyst_v1,,No,,Applied (Active in ATS),,,,,,No,,IN_PROGRESS,,Submit application and follow up with HR,,
APP-3K-2763,JOB-3K-APP-3K-2763,CMP-318D6C88,CommScope (Req #11),Telecom Contract & Billing Specialist,2026-08-25,,https://careers.commscope.com/jobs,Aditya_Mehra_Operations_Analyst_v1,,No,,Applied (Active in ATS),,,,,,No,,IN_PROGRESS,,Submit application and follow up with HR,,
APP-3K-2764,JOB-3K-APP-3K-2764,CMP-607D9F5E,Tejas Networks (Req #11),Service Delivery Operations Lead,2026-08-25,,https://careers.tejasnetworks.com/jobs,Aditya_Mehra_Operations_Analyst_v1,,No,,Applied (Active in ATS),,,,,,No,,IN_PROGRESS,,Submit application and follow up with HR,,
APP-3K-2765,JOB-3K-APP-3K-2765,CMP-C7581758,Ciena (Req #11),B2B Telecom Sales Executive,2026-08-25,,https://careers.ciena.com/jobs,Aditya_Mehra_Operations_Analyst_v1,,No,,Applied (Active in ATS),,,,,,No,,IN_PROGRESS,,Submit application and follow up with HR,,
APP-3K-2766,JOB-3K-APP-3K-2766,CMP-2346B548,Airtel Global Business (Req #12),Enterprise Client Operations Associate,2026-08-25,,https://careers.airtelglobalbusiness.com/jobs,Aditya_Mehra_Operations_Analyst_v1,,No,,Applied (Active in ATS),,,,,,No,,IN_PROGRESS,,Submit application and follow up with HR,,
APP-3K-2767,JOB-3K-APP-3K-2767,CMP-8F4915AC,Reliance Jio Enterprise (Req #12),Global Carrier Relations Coordinator,2026-08-25,,https://careers.reliancejioenterprise.com/jobs,Aditya_Mehra_Operations_Analyst_v1,,No,,Applied (Active in ATS),,,,,,No,,IN_PROGRESS,,Submit application and follow up with HR,,
APP-3K-2768,JOB-3K-APP-3K-2768,CMP-CF5D2910,Vodafone Idea (Req #12),Telecom Contract & Billing Specialist,2026-08-25,,https://careers.vodafoneidea.com/jobs,Aditya_Mehra_Operations_Analyst_v1,,No,,Applied (Active in ATS),,,,,,No,,IN_PROGRESS,,Submit application and follow up with HR,,
APP-3K-2769,JOB-3K-APP-3K-2769,CMP-FB683E9A,Ericsson India (Req #12),Service Delivery Operations Lead,2026-08-25,,https://careers.ericssonindia.com/jobs,Aditya_Mehra_Operations_Analyst_v1,,No,,Applied (Active in ATS),,,,,,No,,IN_PROGRESS,,Submit application and follow up with HR,,
APP-3K-2770,JOB-3K-APP-3K-2770,CMP-822ACEE7,Nokia Solutions (Req #12),B2B Telecom Sales Executive,2026-08-25,,https://careers.nokiasolutions.com/jobs,Aditya_Mehra_Operations_Analyst_v1,,No,,Applied (Active in ATS),,,,,,No,,IN_PROGRESS,,Submit application and follow up with HR,,
APP-3K-2771,JOB-3K-APP-3K-2771,CMP-DA54D5DA,Tata Communications (Req #12),Enterprise Client Operations Associate,2026-08-25,,https://careers.tatacommunications.com/jobs,Aditya_Mehra_Operations_Analyst_v1,,No,,Applied (Active in ATS),,,,,,No,,IN_PROGRESS,,Submit application and follow up with HR,,
APP-3K-2772,JOB-3K-APP-3K-2772,CMP-B9B6E84F,British Telecom (BT) (Req #12),Global Carrier Relations Coordinator,2026-08-25,,https://careers.britishtelecombt.com/jobs,Aditya_Mehra_Operations_Analyst_v1,,No,,Applied (Active in ATS),,,,,,No,,IN_PROGRESS,,Submit application and follow up with HR,,
APP-3K-2773,JOB-3K-APP-3K-2773,CMP-A7907472,Orange Business Services (Req #12),Telecom Contract & Billing Specialist,2026-08-25,,https://careers.orangebusinessservices.com/jobs,Aditya_Mehra_Operations_Analyst_v1,,No,,Applied (Active in ATS),,,,,,No,,IN_PROGRESS,,Submit application and follow up with HR,,
APP-3K-2774,JOB-3K-APP-3K-2774,CMP-540F9D5A,Verizon India (Req #12),Service Delivery Operations Lead,2026-08-25,,https://careers.verizonindia.com/jobs,Aditya_Mehra_Operations_Analyst_v1,,No,,Applied (Active in ATS),,,,,,No,,IN_PROGRESS,,Submit application and follow up with HR,,
APP-3K-2775,JOB-3K-APP-3K-2775,CMP-B6B61E7A,AT&T India (Req #12),B2B Telecom Sales Executive,2026-08-25,,https://careers.atandtindia.com/jobs,Aditya_Mehra_Operations_Analyst_v1,,No,,Applied (Active in ATS),,,,,,No,,IN_PROGRESS,,Submit application and follow up with HR,,
APP-3K-2776,JOB-3K-APP-3K-2776,CMP-C1C42AA0,NTT Data (Req #12),Enterprise Client Operations Associate,2026-08-25,,https://careers.nttdata.com/jobs,Aditya_Mehra_Operations_Analyst_v1,,No,,Applied (Active in ATS),,,,,,No,,IN_PROGRESS,,Submit application and follow up with HR,,
APP-3K-2777,JOB-3K-APP-3K-2777,CMP-31AE2D2F,Lumen Technologies (Req #12),Global Carrier Relations Coordinator,2026-08-25,,https://careers.lumentechnologies.com/jobs,Aditya_Mehra_Operations_Analyst_v1,,No,,Applied (Active in ATS),,,,,,No,,IN_PROGRESS,,Submit application and follow up with HR,,
APP-3K-2778,JOB-3K-APP-3K-2778,CMP-673E3DA6,CommScope (Req #12),Telecom Contract & Billing Specialist,2026-08-25,,https://careers.commscope.com/jobs,Aditya_Mehra_Operations_Analyst_v1,,No,,Applied (Active in ATS),,,,,,No,,IN_PROGRESS,,Submit application and follow up with HR,,
APP-3K-2779,JOB-3K-APP-3K-2779,CMP-8C67AF78,Tejas Networks (Req #12),Service Delivery Operations Lead,2026-08-25,,https://careers.tejasnetworks.com/jobs,Aditya_Mehra_Operations_Analyst_v1,,No,,Applied (Active in ATS),,,,,,No,,IN_PROGRESS,,Submit application and follow up with HR,,
APP-3K-2780,JOB-3K-APP-3K-2780,CMP-DF679368,Ciena (Req #12),B2B Telecom Sales Executive,2026-08-25,,https://careers.ciena.com/jobs,Aditya_Mehra_Operations_Analyst_v1,,No,,Applied (Active in ATS),,,,,,No,,IN_PROGRESS,,Submit application and follow up with HR,,
APP-3K-2781,JOB-3K-APP-3K-2781,CMP-19F0E9F7,Airtel Global Business (Req #13),Enterprise Client Operations Associate,2026-08-25,,https://careers.airtelglobalbusiness.com/jobs,Aditya_Mehra_Operations_Analyst_v1,,No,,Applied (Active in ATS),,,,,,No,,IN_PROGRESS,,Submit application and follow up with HR,,
APP-3K-2782,JOB-3K-APP-3K-2782,CMP-689B0E75,Reliance Jio Enterprise (Req #13),Global Carrier Relations Coordinator,2026-08-25,,https://careers.reliancejioenterprise.com/jobs,Aditya_Mehra_Operations_Analyst_v1,,No,,Applied (Active in ATS),,,,,,No,,IN_PROGRESS,,Submit application and follow up with HR,,
APP-3K-2783,JOB-3K-APP-3K-2783,CMP-B44B7302,Vodafone Idea (Req #13),Telecom Contract & Billing Specialist,2026-08-25,,https://careers.vodafoneidea.com/jobs,Aditya_Mehra_Operations_Analyst_v1,,No,,Applied (Active in ATS),,,,,,No,,IN_PROGRESS,,Submit application and follow up with HR,,
APP-3K-2784,JOB-3K-APP-3K-2784,CMP-A139E93F,Ericsson India (Req #13),Service Delivery Operations Lead,2026-08-25,,https://careers.ericssonindia.com/jobs,Aditya_Mehra_Operations_Analyst_v1,,No,,Applied (Active in ATS),,,,,,No,,IN_PROGRESS,,Submit application and follow up with HR,,
APP-3K-2785,JOB-3K-APP-3K-2785,CMP-2B2EEF91,Nokia Solutions (Req #13),B2B Telecom Sales Executive,2026-08-25,,https://careers.nokiasolutions.com/jobs,Aditya_Mehra_Operations_Analyst_v1,,No,,Applied (Active in ATS),,,,,,No,,IN_PROGRESS,,Submit application and follow up with HR,,
APP-3K-2786,JOB-3K-APP-3K-2786,CMP-ADA7F9F5,Tata Communications (Req #13),Enterprise Client Operations Associate,2026-08-25,,https://careers.tatacommunications.com/jobs,Aditya_Mehra_Operations_Analyst_v1,,No,,Applied (Active in ATS),,,,,,No,,IN_PROGRESS,,Submit application and follow up with HR,,
APP-3K-2787,JOB-3K-APP-3K-2787,CMP-035FED21,British Telecom (BT) (Req #13),Global Carrier Relations Coordinator,2026-08-25,,https://careers.britishtelecombt.com/jobs,Aditya_Mehra_Operations_Analyst_v1,,No,,Applied (Active in ATS),,,,,,No,,IN_PROGRESS,,Submit application and follow up with HR,,
APP-3K-2788,JOB-3K-APP-3K-2788,CMP-63AA2C07,Orange Business Services (Req #13),Telecom Contract & Billing Specialist,2026-08-25,,https://careers.orangebusinessservices.com/jobs,Aditya_Mehra_Operations_Analyst_v1,,No,,Applied (Active in ATS),,,,,,No,,IN_PROGRESS,,Submit application and follow up with HR,,
APP-3K-2789,JOB-3K-APP-3K-2789,CMP-4BFF4A10,Verizon India (Req #13),Service Delivery Operations Lead,2026-08-25,,https://careers.verizonindia.com/jobs,Aditya_Mehra_Operations_Analyst_v1,,No,,Applied (Active in ATS),,,,,,No,,IN_PROGRESS,,Submit application and follow up with HR,,
APP-3K-2790,JOB-3K-APP-3K-2790,CMP-F9D26497,AT&T India (Req #13),B2B Telecom Sales Executive,2026-08-25,,https://careers.atandtindia.com/jobs,Aditya_Mehra_Operations_Analyst_v1,,No,,Applied (Active in ATS),,,,,,No,,IN_PROGRESS,,Submit application and follow up with HR,,
APP-3K-2791,JOB-3K-APP-3K-2791,CMP-534DFA0B,NTT Data (Req #13),Enterprise Client Operations Associate,2026-08-25,,https://careers.nttdata.com/jobs,Aditya_Mehra_Operations_Analyst_v1,,No,,Applied (Active in ATS),,,,,,No,,IN_PROGRESS,,Submit application and follow up with HR,,
APP-3K-2792,JOB-3K-APP-3K-2792,CMP-DB091201,Lumen Technologies (Req #13),Global Carrier Relations Coordinator,2026-08-25,,https://careers.lumentechnologies.com/jobs,Aditya_Mehra_Operations_Analyst_v1,,No,,Applied (Active in ATS),,,,,,No,,IN_PROGRESS,,Submit application and follow up with HR,,
APP-3K-2793,JOB-3K-APP-3K-2793,CMP-AC58EB36,CommScope (Req #13),Telecom Contract & Billing Specialist,2026-08-25,,https://careers.commscope.com/jobs,Aditya_Mehra_Operations_Analyst_v1,,No,,Applied (Active in ATS),,,,,,No,,IN_PROGRESS,,Submit application and follow up with HR,,
APP-3K-2794,JOB-3K-APP-3K-2794,CMP-0EB06CB0,Tejas Networks (Req #13),Service Delivery Operations Lead,2026-08-25,,https://careers.tejasnetworks.com/jobs,Aditya_Mehra_Operations_Analyst_v1,,No,,Applied (Active in ATS),,,,,,No,,IN_PROGRESS,,Submit application and follow up with HR,,
APP-3K-2795,JOB-3K-APP-3K-2795,CMP-A477F9DF,Ciena (Req #13),B2B Telecom Sales Executive,2026-08-25,,https://careers.ciena.com/jobs,Aditya_Mehra_Operations_Analyst_v1,,No,,Applied (Active in ATS),,,,,,No,,IN_PROGRESS,,Submit application and follow up with HR,,
APP-3K-2796,JOB-3K-APP-3K-2796,CMP-78760019,Airtel Global Business (Req #14),Enterprise Client Operations Associate,2026-08-25,,https://careers.airtelglobalbusiness.com/jobs,Aditya_Mehra_Operations_Analyst_v1,,No,,Applied (Active in ATS),,,,,,No,,IN_PROGRESS,,Submit application and follow up with HR,,
APP-3K-2797,JOB-3K-APP-3K-2797,CMP-6124BC33,Reliance Jio Enterprise (Req #14),Global Carrier Relations Coordinator,2026-08-25,,https://careers.reliancejioenterprise.com/jobs,Aditya_Mehra_Operations_Analyst_v1,,No,,Applied (Active in ATS),,,,,,No,,IN_PROGRESS,,Submit application and follow up with HR,,
APP-3K-2798,JOB-3K-APP-3K-2798,CMP-2FD7262E,Vodafone Idea (Req #14),Telecom Contract & Billing Specialist,2026-08-25,,https://careers.vodafoneidea.com/jobs,Aditya_Mehra_Operations_Analyst_v1,,No,,Applied (Active in ATS),,,,,,No,,IN_PROGRESS,,Submit application and follow up with HR,,
APP-3K-2799,JOB-3K-APP-3K-2799,CMP-E3225BCC,Ericsson India (Req #14),Service Delivery Operations Lead,2026-08-25,,https://careers.ericssonindia.com/jobs,Aditya_Mehra_Operations_Analyst_v1,,No,,Applied (Active in ATS),,,,,,No,,IN_PROGRESS,,Submit application and follow up with HR,,
APP-3K-2800,JOB-3K-APP-3K-2800,CMP-25DFE905,Nokia Solutions (Req #14),B2B Telecom Sales Executive,2026-08-25,,https://careers.nokiasolutions.com/jobs,Aditya_Mehra_Operations_Analyst_v1,,No,,Applied (Active in ATS),,,,,,No,,IN_PROGRESS,,Submit application and follow up with HR,,
APP-3K-2801,JOB-3K-APP-3K-2801,CMP-FCFB0F7C,CBRE India,Commercial Real Estate Leasing Associate,2026-08-25,,https://careers.cbreindia.com/jobs,Aditya_Mehra_Operations_Analyst_v1,,No,,Applied (Active in ATS),,,,,,No,,IN_PROGRESS,,Submit application and follow up with HR,,
APP-3K-2802,JOB-3K-APP-3K-2802,CMP-73B2C0BB,JLL (Jones Lang LaSalle),Workspace Operations & Facilities Lead,2026-08-25,,https://careers.jlljoneslanglasalle.com/jobs,Aditya_Mehra_Operations_Analyst_v1,,No,,Applied (Active in ATS),,,,,,No,,IN_PROGRESS,,Submit application and follow up with HR,,
APP-3K-2803,JOB-3K-APP-3K-2803,CMP-671C493B,Cushman & Wakefield,Enterprise Tenant Solutions Specialist,2026-08-25,,https://careers.cushmanandwakefield.com/jobs,Aditya_Mehra_Operations_Analyst_v1,,No,,Applied (Active in ATS),,,,,,No,,IN_PROGRESS,,Submit application and follow up with HR,,
APP-3K-2804,JOB-3K-APP-3K-2804,CMP-2BFC3354,Colliers International,CRE Asset Management Analyst,2026-08-25,,https://careers.colliersinternational.com/jobs,Aditya_Mehra_Operations_Analyst_v1,,No,,Applied (Active in ATS),,,,,,No,,IN_PROGRESS,,Submit application and follow up with HR,,
APP-3K-2805,JOB-3K-APP-3K-2805,CMP-083C2945,Knight Frank,Corporate Vendor Operations Lead,2026-08-25,,https://careers.knightfrank.com/jobs,Aditya_Mehra_Operations_Analyst_v1,,No,,Applied (Active in ATS),,,,,,No,,IN_PROGRESS,,Submit application and follow up with HR,,
APP-3K-2806,JOB-3K-APP-3K-2806,CMP-F91434D8,WeWork India,Commercial Real Estate Leasing Associate,2026-08-25,,https://careers.weworkindia.com/jobs,Aditya_Mehra_Operations_Analyst_v1,,No,,Applied (Active in ATS),,,,,,No,,IN_PROGRESS,,Submit application and follow up with HR,,
APP-3K-2807,JOB-3K-APP-3K-2807,CMP-B9DCD8F9,Awfis,Workspace Operations & Facilities Lead,2026-08-25,,https://careers.awfis.com/jobs,Aditya_Mehra_Operations_Analyst_v1,,No,,Applied (Active in ATS),,,,,,No,,IN_PROGRESS,,Submit application and follow up with HR,,
APP-3K-2808,JOB-3K-APP-3K-2808,CMP-9B014B85,IndiQube,Enterprise Tenant Solutions Specialist,2026-08-25,,https://careers.indiqube.com/jobs,Aditya_Mehra_Operations_Analyst_v1,,No,,Applied (Active in ATS),,,,,,No,,IN_PROGRESS,,Submit application and follow up with HR,,
APP-3K-2809,JOB-3K-APP-3K-2809,CMP-538858BC,Embassy Office Parks,CRE Asset Management Analyst,2026-08-25,,https://careers.embassyofficeparks.com/jobs,Aditya_Mehra_Operations_Analyst_v1,,No,,Applied (Active in ATS),,,,,,No,,IN_PROGRESS,,Submit application and follow up with HR,,
APP-3K-2810,JOB-3K-APP-3K-2810,CMP-C5E317B3,Prestige Group Commercial,Corporate Vendor Operations Lead,2026-08-25,,https://careers.prestigegroupcommercial.com/jobs,Aditya_Mehra_Operations_Analyst_v1,,No,,Applied (Active in ATS),,,,,,No,,IN_PROGRESS,,Submit application and follow up with HR,,
APP-3K-2811,JOB-3K-APP-3K-2811,CMP-CBB01A76,Brigade Enterprises,Commercial Real Estate Leasing Associate,2026-08-25,,https://careers.brigadeenterprises.com/jobs,Aditya_Mehra_Operations_Analyst_v1,,No,,Applied (Active in ATS),,,,,,No,,IN_PROGRESS,,Submit application and follow up with HR,,
APP-3K-2812,JOB-3K-APP-3K-2812,CMP-E47B5951,Godrej Properties,Workspace Operations & Facilities Lead,2026-08-25,,https://careers.godrejproperties.com/jobs,Aditya_Mehra_Operations_Analyst_v1,,No,,Applied (Active in ATS),,,,,,No,,IN_PROGRESS,,Submit application and follow up with HR,,
APP-3K-2813,JOB-3K-APP-3K-2813,CMP-93AF224C,Brookfield Properties,Enterprise Tenant Solutions Specialist,2026-08-25,,https://careers.brookfieldproperties.com/jobs,Aditya_Mehra_Operations_Analyst_v1,,No,,Applied (Active in ATS),,,,,,No,,IN_PROGRESS,,Submit application and follow up with HR,,
APP-3K-2814,JOB-3K-APP-3K-2814,CMP-99FFC662,DLF Commercial,CRE Asset Management Analyst,2026-08-25,,https://careers.dlfcommercial.com/jobs,Aditya_Mehra_Operations_Analyst_v1,,No,,Applied (Active in ATS),,,,,,No,,IN_PROGRESS,,Submit application and follow up with HR,,
APP-3K-2815,JOB-3K-APP-3K-2815,CMP-3C70534C,RMZ Corp,Corporate Vendor Operations Lead,2026-08-25,,https://careers.rmzcorp.com/jobs,Aditya_Mehra_Operations_Analyst_v1,,No,,Applied (Active in ATS),,,,,,No,,IN_PROGRESS,,Submit application and follow up with HR,,
APP-3K-2816,JOB-3K-APP-3K-2816,CMP-CB6FDCC7,CBRE India (Req #2),Commercial Real Estate Leasing Associate,2026-08-25,,https://careers.cbreindia.com/jobs,Aditya_Mehra_Operations_Analyst_v1,,No,,Applied (Active in ATS),,,,,,No,,IN_PROGRESS,,Submit application and follow up with HR,,
APP-3K-2817,JOB-3K-APP-3K-2817,CMP-7944004F,JLL (Jones Lang LaSalle) (Req #2),Workspace Operations & Facilities Lead,2026-08-25,,https://careers.jlljoneslanglasalle.com/jobs,Aditya_Mehra_Operations_Analyst_v1,,No,,Applied (Active in ATS),,,,,,No,,IN_PROGRESS,,Submit application and follow up with HR,,
APP-3K-2818,JOB-3K-APP-3K-2818,CMP-610BB1DD,Cushman & Wakefield (Req #2),Enterprise Tenant Solutions Specialist,2026-08-25,,https://careers.cushmanandwakefield.com/jobs,Aditya_Mehra_Operations_Analyst_v1,,No,,Applied (Active in ATS),,,,,,No,,IN_PROGRESS,,Submit application and follow up with HR,,
APP-3K-2819,JOB-3K-APP-3K-2819,CMP-673A9181,Colliers International (Req #2),CRE Asset Management Analyst,2026-08-25,,https://careers.colliersinternational.com/jobs,Aditya_Mehra_Operations_Analyst_v1,,No,,Applied (Active in ATS),,,,,,No,,IN_PROGRESS,,Submit application and follow up with HR,,
APP-3K-2820,JOB-3K-APP-3K-2820,CMP-0EE20282,Knight Frank (Req #2),Corporate Vendor Operations Lead,2026-08-25,,https://careers.knightfrank.com/jobs,Aditya_Mehra_Operations_Analyst_v1,,No,,Applied (Active in ATS),,,,,,No,,IN_PROGRESS,,Submit application and follow up with HR,,
APP-3K-2821,JOB-3K-APP-3K-2821,CMP-C6693792,WeWork India (Req #2),Commercial Real Estate Leasing Associate,2026-08-25,,https://careers.weworkindia.com/jobs,Aditya_Mehra_Operations_Analyst_v1,,No,,Applied (Active in ATS),,,,,,No,,IN_PROGRESS,,Submit application and follow up with HR,,
APP-3K-2822,JOB-3K-APP-3K-2822,CMP-91417F76,Awfis (Req #2),Workspace Operations & Facilities Lead,2026-08-25,,https://careers.awfis.com/jobs,Aditya_Mehra_Operations_Analyst_v1,,No,,Applied (Active in ATS),,,,,,No,,IN_PROGRESS,,Submit application and follow up with HR,,
APP-3K-2823,JOB-3K-APP-3K-2823,CMP-5C4FCD27,IndiQube (Req #2),Enterprise Tenant Solutions Specialist,2026-08-25,,https://careers.indiqube.com/jobs,Aditya_Mehra_Operations_Analyst_v1,,No,,Applied (Active in ATS),,,,,,No,,IN_PROGRESS,,Submit application and follow up with HR,,
APP-3K-2824,JOB-3K-APP-3K-2824,CMP-E35BA086,Embassy Office Parks (Req #2),CRE Asset Management Analyst,2026-08-25,,https://careers.embassyofficeparks.com/jobs,Aditya_Mehra_Operations_Analyst_v1,,No,,Applied (Active in ATS),,,,,,No,,IN_PROGRESS,,Submit application and follow up with HR,,
APP-3K-2825,JOB-3K-APP-3K-2825,CMP-FF466D64,Prestige Group Commercial (Req #2),Corporate Vendor Operations Lead,2026-08-25,,https://careers.prestigegroupcommercial.com/jobs,Aditya_Mehra_Operations_Analyst_v1,,No,,Applied (Active in ATS),,,,,,No,,IN_PROGRESS,,Submit application and follow up with HR,,
APP-3K-2826,JOB-3K-APP-3K-2826,CMP-BFC20508,Brigade Enterprises (Req #2),Commercial Real Estate Leasing Associate,2026-08-25,,https://careers.brigadeenterprises.com/jobs,Aditya_Mehra_Operations_Analyst_v1,,No,,Applied (Active in ATS),,,,,,No,,IN_PROGRESS,,Submit application and follow up with HR,,
APP-3K-2827,JOB-3K-APP-3K-2827,CMP-87975424,Godrej Properties (Req #2),Workspace Operations & Facilities Lead,2026-08-25,,https://careers.godrejproperties.com/jobs,Aditya_Mehra_Operations_Analyst_v1,,No,,Applied (Active in ATS),,,,,,No,,IN_PROGRESS,,Submit application and follow up with HR,,
APP-3K-2828,JOB-3K-APP-3K-2828,CMP-4762B71F,Brookfield Properties (Req #2),Enterprise Tenant Solutions Specialist,2026-08-25,,https://careers.brookfieldproperties.com/jobs,Aditya_Mehra_Operations_Analyst_v1,,No,,Applied (Active in ATS),,,,,,No,,IN_PROGRESS,,Submit application and follow up with HR,,
APP-3K-2829,JOB-3K-APP-3K-2829,CMP-8E12CACC,DLF Commercial (Req #2),CRE Asset Management Analyst,2026-08-25,,https://careers.dlfcommercial.com/jobs,Aditya_Mehra_Operations_Analyst_v1,,No,,Applied (Active in ATS),,,,,,No,,IN_PROGRESS,,Submit application and follow up with HR,,
APP-3K-2830,JOB-3K-APP-3K-2830,CMP-F89B7A35,RMZ Corp (Req #2),Corporate Vendor Operations Lead,2026-08-25,,https://careers.rmzcorp.com/jobs,Aditya_Mehra_Operations_Analyst_v1,,No,,Applied (Active in ATS),,,,,,No,,IN_PROGRESS,,Submit application and follow up with HR,,
APP-3K-2831,JOB-3K-APP-3K-2831,CMP-1EE96256,CBRE India (Req #3),Commercial Real Estate Leasing Associate,2026-08-25,,https://careers.cbreindia.com/jobs,Aditya_Mehra_Operations_Analyst_v1,,No,,Applied (Active in ATS),,,,,,No,,IN_PROGRESS,,Submit application and follow up with HR,,
APP-3K-2832,JOB-3K-APP-3K-2832,CMP-B2869123,JLL (Jones Lang LaSalle) (Req #3),Workspace Operations & Facilities Lead,2026-08-25,,https://careers.jlljoneslanglasalle.com/jobs,Aditya_Mehra_Operations_Analyst_v1,,No,,Applied (Active in ATS),,,,,,No,,IN_PROGRESS,,Submit application and follow up with HR,,
APP-3K-2833,JOB-3K-APP-3K-2833,CMP-86B57327,Cushman & Wakefield (Req #3),Enterprise Tenant Solutions Specialist,2026-08-25,,https://careers.cushmanandwakefield.com/jobs,Aditya_Mehra_Operations_Analyst_v1,,No,,Applied (Active in ATS),,,,,,No,,IN_PROGRESS,,Submit application and follow up with HR,,
APP-3K-2834,JOB-3K-APP-3K-2834,CMP-5D53F39D,Colliers International (Req #3),CRE Asset Management Analyst,2026-08-25,,https://careers.colliersinternational.com/jobs,Aditya_Mehra_Operations_Analyst_v1,,No,,Applied (Active in ATS),,,,,,No,,IN_PROGRESS,,Submit application and follow up with HR,,
APP-3K-2835,JOB-3K-APP-3K-2835,CMP-C5034E28,Knight Frank (Req #3),Corporate Vendor Operations Lead,2026-08-25,,https://careers.knightfrank.com/jobs,Aditya_Mehra_Operations_Analyst_v1,,No,,Applied (Active in ATS),,,,,,No,,IN_PROGRESS,,Submit application and follow up with HR,,
APP-3K-2836,JOB-3K-APP-3K-2836,CMP-E15F81AD,WeWork India (Req #3),Commercial Real Estate Leasing Associate,2026-08-25,,https://careers.weworkindia.com/jobs,Aditya_Mehra_Operations_Analyst_v1,,No,,Applied (Active in ATS),,,,,,No,,IN_PROGRESS,,Submit application and follow up with HR,,
APP-3K-2837,JOB-3K-APP-3K-2837,CMP-C1A56AF0,Awfis (Req #3),Workspace Operations & Facilities Lead,2026-08-25,,https://careers.awfis.com/jobs,Aditya_Mehra_Operations_Analyst_v1,,No,,Applied (Active in ATS),,,,,,No,,IN_PROGRESS,,Submit application and follow up with HR,,
APP-3K-2838,JOB-3K-APP-3K-2838,CMP-8E2AFB91,IndiQube (Req #3),Enterprise Tenant Solutions Specialist,2026-08-25,,https://careers.indiqube.com/jobs,Aditya_Mehra_Operations_Analyst_v1,,No,,Applied (Active in ATS),,,,,,No,,IN_PROGRESS,,Submit application and follow up with HR,,
APP-3K-2839,JOB-3K-APP-3K-2839,CMP-304C6B77,Embassy Office Parks (Req #3),CRE Asset Management Analyst,2026-08-25,,https://careers.embassyofficeparks.com/jobs,Aditya_Mehra_Operations_Analyst_v1,,No,,Applied (Active in ATS),,,,,,No,,IN_PROGRESS,,Submit application and follow up with HR,,
APP-3K-2840,JOB-3K-APP-3K-2840,CMP-36F07427,Prestige Group Commercial (Req #3),Corporate Vendor Operations Lead,2026-08-25,,https://careers.prestigegroupcommercial.com/jobs,Aditya_Mehra_Operations_Analyst_v1,,No,,Applied (Active in ATS),,,,,,No,,IN_PROGRESS,,Submit application and follow up with HR,,
APP-3K-2841,JOB-3K-APP-3K-2841,CMP-969C223F,Brigade Enterprises (Req #3),Commercial Real Estate Leasing Associate,2026-08-25,,https://careers.brigadeenterprises.com/jobs,Aditya_Mehra_Operations_Analyst_v1,,No,,Applied (Active in ATS),,,,,,No,,IN_PROGRESS,,Submit application and follow up with HR,,
APP-3K-2842,JOB-3K-APP-3K-2842,CMP-ED71FDDF,Godrej Properties (Req #3),Workspace Operations & Facilities Lead,2026-08-25,,https://careers.godrejproperties.com/jobs,Aditya_Mehra_Operations_Analyst_v1,,No,,Applied (Active in ATS),,,,,,No,,IN_PROGRESS,,Submit application and follow up with HR,,
APP-3K-2843,JOB-3K-APP-3K-2843,CMP-96F6373D,Brookfield Properties (Req #3),Enterprise Tenant Solutions Specialist,2026-08-25,,https://careers.brookfieldproperties.com/jobs,Aditya_Mehra_Operations_Analyst_v1,,No,,Applied (Active in ATS),,,,,,No,,IN_PROGRESS,,Submit application and follow up with HR,,
APP-3K-2844,JOB-3K-APP-3K-2844,CMP-2F3B77E3,DLF Commercial (Req #3),CRE Asset Management Analyst,2026-08-25,,https://careers.dlfcommercial.com/jobs,Aditya_Mehra_Operations_Analyst_v1,,No,,Applied (Active in ATS),,,,,,No,,IN_PROGRESS,,Submit application and follow up with HR,,
APP-3K-2845,JOB-3K-APP-3K-2845,CMP-6BA1FDC4,RMZ Corp (Req #3),Corporate Vendor Operations Lead,2026-08-25,,https://careers.rmzcorp.com/jobs,Aditya_Mehra_Operations_Analyst_v1,,No,,Applied (Active in ATS),,,,,,No,,IN_PROGRESS,,Submit application and follow up with HR,,
APP-3K-2846,JOB-3K-APP-3K-2846,CMP-5B88C11C,CBRE India (Req #4),Commercial Real Estate Leasing Associate,2026-08-25,,https://careers.cbreindia.com/jobs,Aditya_Mehra_Operations_Analyst_v1,,No,,Applied (Active in ATS),,,,,,No,,IN_PROGRESS,,Submit application and follow up with HR,,
APP-3K-2847,JOB-3K-APP-3K-2847,CMP-670BA8A4,JLL (Jones Lang LaSalle) (Req #4),Workspace Operations & Facilities Lead,2026-08-25,,https://careers.jlljoneslanglasalle.com/jobs,Aditya_Mehra_Operations_Analyst_v1,,No,,Applied (Active in ATS),,,,,,No,,IN_PROGRESS,,Submit application and follow up with HR,,
APP-3K-2848,JOB-3K-APP-3K-2848,CMP-18CA852F,Cushman & Wakefield (Req #4),Enterprise Tenant Solutions Specialist,2026-08-25,,https://careers.cushmanandwakefield.com/jobs,Aditya_Mehra_Operations_Analyst_v1,,No,,Applied (Active in ATS),,,,,,No,,IN_PROGRESS,,Submit application and follow up with HR,,
APP-3K-2849,JOB-3K-APP-3K-2849,CMP-5ACE11F1,Colliers International (Req #4),CRE Asset Management Analyst,2026-08-25,,https://careers.colliersinternational.com/jobs,Aditya_Mehra_Operations_Analyst_v1,,No,,Applied (Active in ATS),,,,,,No,,IN_PROGRESS,,Submit application and follow up with HR,,
APP-3K-2850,JOB-3K-APP-3K-2850,CMP-443B7C91,Knight Frank (Req #4),Corporate Vendor Operations Lead,2026-08-25,,https://careers.knightfrank.com/jobs,Aditya_Mehra_Operations_Analyst_v1,,No,,Applied (Active in ATS),,,,,,No,,IN_PROGRESS,,Submit application and follow up with HR,,
APP-3K-2851,JOB-3K-APP-3K-2851,CMP-AAF07C26,WeWork India (Req #4),Commercial Real Estate Leasing Associate,2026-08-25,,https://careers.weworkindia.com/jobs,Aditya_Mehra_Operations_Analyst_v1,,No,,Applied (Active in ATS),,,,,,No,,IN_PROGRESS,,Submit application and follow up with HR,,
APP-3K-2852,JOB-3K-APP-3K-2852,CMP-9F8ED520,Awfis (Req #4),Workspace Operations & Facilities Lead,2026-08-25,,https://careers.awfis.com/jobs,Aditya_Mehra_Operations_Analyst_v1,,No,,Applied (Active in ATS),,,,,,No,,IN_PROGRESS,,Submit application and follow up with HR,,
APP-3K-2853,JOB-3K-APP-3K-2853,CMP-0B9D49F6,IndiQube (Req #4),Enterprise Tenant Solutions Specialist,2026-08-25,,https://careers.indiqube.com/jobs,Aditya_Mehra_Operations_Analyst_v1,,No,,Applied (Active in ATS),,,,,,No,,IN_PROGRESS,,Submit application and follow up with HR,,
APP-3K-2854,JOB-3K-APP-3K-2854,CMP-9A28C787,Embassy Office Parks (Req #4),CRE Asset Management Analyst,2026-08-25,,https://careers.embassyofficeparks.com/jobs,Aditya_Mehra_Operations_Analyst_v1,,No,,Applied (Active in ATS),,,,,,No,,IN_PROGRESS,,Submit application and follow up with HR,,
APP-3K-2855,JOB-3K-APP-3K-2855,CMP-28EE39C4,Prestige Group Commercial (Req #4),Corporate Vendor Operations Lead,2026-08-25,,https://careers.prestigegroupcommercial.com/jobs,Aditya_Mehra_Operations_Analyst_v1,,No,,Applied (Active in ATS),,,,,,No,,IN_PROGRESS,,Submit application and follow up with HR,,
APP-3K-2856,JOB-3K-APP-3K-2856,CMP-B67DBD00,Brigade Enterprises (Req #4),Commercial Real Estate Leasing Associate,2026-08-25,,https://careers.brigadeenterprises.com/jobs,Aditya_Mehra_Operations_Analyst_v1,,No,,Applied (Active in ATS),,,,,,No,,IN_PROGRESS,,Submit application and follow up with HR,,
APP-3K-2857,JOB-3K-APP-3K-2857,CMP-4ADEECD4,Godrej Properties (Req #4),Workspace Operations & Facilities Lead,2026-08-25,,https://careers.godrejproperties.com/jobs,Aditya_Mehra_Operations_Analyst_v1,,No,,Applied (Active in ATS),,,,,,No,,IN_PROGRESS,,Submit application and follow up with HR,,
APP-3K-2858,JOB-3K-APP-3K-2858,CMP-71C62A9A,Brookfield Properties (Req #4),Enterprise Tenant Solutions Specialist,2026-08-25,,https://careers.brookfieldproperties.com/jobs,Aditya_Mehra_Operations_Analyst_v1,,No,,Applied (Active in ATS),,,,,,No,,IN_PROGRESS,,Submit application and follow up with HR,,
APP-3K-2859,JOB-3K-APP-3K-2859,CMP-E412921F,DLF Commercial (Req #4),CRE Asset Management Analyst,2026-08-25,,https://careers.dlfcommercial.com/jobs,Aditya_Mehra_Operations_Analyst_v1,,No,,Applied (Active in ATS),,,,,,No,,IN_PROGRESS,,Submit application and follow up with HR,,
APP-3K-2860,JOB-3K-APP-3K-2860,CMP-C6A56DD6,RMZ Corp (Req #4),Corporate Vendor Operations Lead,2026-08-25,,https://careers.rmzcorp.com/jobs,Aditya_Mehra_Operations_Analyst_v1,,No,,Applied (Active in ATS),,,,,,No,,IN_PROGRESS,,Submit application and follow up with HR,,
APP-3K-2861,JOB-3K-APP-3K-2861,CMP-6998D8C1,CBRE India (Req #5),Commercial Real Estate Leasing Associate,2026-08-25,,https://careers.cbreindia.com/jobs,Aditya_Mehra_Operations_Analyst_v1,,No,,Applied (Active in ATS),,,,,,No,,IN_PROGRESS,,Submit application and follow up with HR,,
APP-3K-2862,JOB-3K-APP-3K-2862,CMP-89174442,JLL (Jones Lang LaSalle) (Req #5),Workspace Operations & Facilities Lead,2026-08-25,,https://careers.jlljoneslanglasalle.com/jobs,Aditya_Mehra_Operations_Analyst_v1,,No,,Applied (Active in ATS),,,,,,No,,IN_PROGRESS,,Submit application and follow up with HR,,
APP-3K-2863,JOB-3K-APP-3K-2863,CMP-5E2B0B02,Cushman & Wakefield (Req #5),Enterprise Tenant Solutions Specialist,2026-08-25,,https://careers.cushmanandwakefield.com/jobs,Aditya_Mehra_Operations_Analyst_v1,,No,,Applied (Active in ATS),,,,,,No,,IN_PROGRESS,,Submit application and follow up with HR,,
APP-3K-2864,JOB-3K-APP-3K-2864,CMP-8F25D6F4,Colliers International (Req #5),CRE Asset Management Analyst,2026-08-25,,https://careers.colliersinternational.com/jobs,Aditya_Mehra_Operations_Analyst_v1,,No,,Applied (Active in ATS),,,,,,No,,IN_PROGRESS,,Submit application and follow up with HR,,
APP-3K-2865,JOB-3K-APP-3K-2865,CMP-51FF9C31,Knight Frank (Req #5),Corporate Vendor Operations Lead,2026-08-25,,https://careers.knightfrank.com/jobs,Aditya_Mehra_Operations_Analyst_v1,,No,,Applied (Active in ATS),,,,,,No,,IN_PROGRESS,,Submit application and follow up with HR,,
APP-3K-2866,JOB-3K-APP-3K-2866,CMP-A56CBB22,WeWork India (Req #5),Commercial Real Estate Leasing Associate,2026-08-25,,https://careers.weworkindia.com/jobs,Aditya_Mehra_Operations_Analyst_v1,,No,,Applied (Active in ATS),,,,,,No,,IN_PROGRESS,,Submit application and follow up with HR,,
APP-3K-2867,JOB-3K-APP-3K-2867,CMP-8E70C46A,Awfis (Req #5),Workspace Operations & Facilities Lead,2026-08-25,,https://careers.awfis.com/jobs,Aditya_Mehra_Operations_Analyst_v1,,No,,Applied (Active in ATS),,,,,,No,,IN_PROGRESS,,Submit application and follow up with HR,,
APP-3K-2868,JOB-3K-APP-3K-2868,CMP-6AC93BE7,IndiQube (Req #5),Enterprise Tenant Solutions Specialist,2026-08-25,,https://careers.indiqube.com/jobs,Aditya_Mehra_Operations_Analyst_v1,,No,,Applied (Active in ATS),,,,,,No,,IN_PROGRESS,,Submit application and follow up with HR,,
APP-3K-2869,JOB-3K-APP-3K-2869,CMP-AABB7336,Embassy Office Parks (Req #5),CRE Asset Management Analyst,2026-08-25,,https://careers.embassyofficeparks.com/jobs,Aditya_Mehra_Operations_Analyst_v1,,No,,Applied (Active in ATS),,,,,,No,,IN_PROGRESS,,Submit application and follow up with HR,,
APP-3K-2870,JOB-3K-APP-3K-2870,CMP-3C7CA0F0,Prestige Group Commercial (Req #5),Corporate Vendor Operations Lead,2026-08-25,,https://careers.prestigegroupcommercial.com/jobs,Aditya_Mehra_Operations_Analyst_v1,,No,,Applied (Active in ATS),,,,,,No,,IN_PROGRESS,,Submit application and follow up with HR,,
APP-3K-2871,JOB-3K-APP-3K-2871,CMP-2E448FDB,Brigade Enterprises (Req #5),Commercial Real Estate Leasing Associate,2026-08-25,,https://careers.brigadeenterprises.com/jobs,Aditya_Mehra_Operations_Analyst_v1,,No,,Applied (Active in ATS),,,,,,No,,IN_PROGRESS,,Submit application and follow up with HR,,
APP-3K-2872,JOB-3K-APP-3K-2872,CMP-48D2A438,Godrej Properties (Req #5),Workspace Operations & Facilities Lead,2026-08-25,,https://careers.godrejproperties.com/jobs,Aditya_Mehra_Operations_Analyst_v1,,No,,Applied (Active in ATS),,,,,,No,,IN_PROGRESS,,Submit application and follow up with HR,,
APP-3K-2873,JOB-3K-APP-3K-2873,CMP-B610A247,Brookfield Properties (Req #5),Enterprise Tenant Solutions Specialist,2026-08-25,,https://careers.brookfieldproperties.com/jobs,Aditya_Mehra_Operations_Analyst_v1,,No,,Applied (Active in ATS),,,,,,No,,IN_PROGRESS,,Submit application and follow up with HR,,
APP-3K-2874,JOB-3K-APP-3K-2874,CMP-5A206F01,DLF Commercial (Req #5),CRE Asset Management Analyst,2026-08-25,,https://careers.dlfcommercial.com/jobs,Aditya_Mehra_Operations_Analyst_v1,,No,,Applied (Active in ATS),,,,,,No,,IN_PROGRESS,,Submit application and follow up with HR,,
APP-3K-2875,JOB-3K-APP-3K-2875,CMP-026D7397,RMZ Corp (Req #5),Corporate Vendor Operations Lead,2026-08-25,,https://careers.rmzcorp.com/jobs,Aditya_Mehra_Operations_Analyst_v1,,No,,Applied (Active in ATS),,,,,,No,,IN_PROGRESS,,Submit application and follow up with HR,,
APP-3K-2876,JOB-3K-APP-3K-2876,CMP-5FE89850,CBRE India (Req #6),Commercial Real Estate Leasing Associate,2026-08-25,,https://careers.cbreindia.com/jobs,Aditya_Mehra_Operations_Analyst_v1,,No,,Applied (Active in ATS),,,,,,No,,IN_PROGRESS,,Submit application and follow up with HR,,
APP-3K-2877,JOB-3K-APP-3K-2877,CMP-53110A3D,JLL (Jones Lang LaSalle) (Req #6),Workspace Operations & Facilities Lead,2026-08-25,,https://careers.jlljoneslanglasalle.com/jobs,Aditya_Mehra_Operations_Analyst_v1,,No,,Applied (Active in ATS),,,,,,No,,IN_PROGRESS,,Submit application and follow up with HR,,
APP-3K-2878,JOB-3K-APP-3K-2878,CMP-EB917AA7,Cushman & Wakefield (Req #6),Enterprise Tenant Solutions Specialist,2026-08-25,,https://careers.cushmanandwakefield.com/jobs,Aditya_Mehra_Operations_Analyst_v1,,No,,Applied (Active in ATS),,,,,,No,,IN_PROGRESS,,Submit application and follow up with HR,,
APP-3K-2879,JOB-3K-APP-3K-2879,CMP-F915DAF4,Colliers International (Req #6),CRE Asset Management Analyst,2026-08-25,,https://careers.colliersinternational.com/jobs,Aditya_Mehra_Operations_Analyst_v1,,No,,Applied (Active in ATS),,,,,,No,,IN_PROGRESS,,Submit application and follow up with HR,,
APP-3K-2880,JOB-3K-APP-3K-2880,CMP-6C6B1042,Knight Frank (Req #6),Corporate Vendor Operations Lead,2026-08-25,,https://careers.knightfrank.com/jobs,Aditya_Mehra_Operations_Analyst_v1,,No,,Applied (Active in ATS),,,,,,No,,IN_PROGRESS,,Submit application and follow up with HR,,
APP-3K-2881,JOB-3K-APP-3K-2881,CMP-6D368CBE,WeWork India (Req #6),Commercial Real Estate Leasing Associate,2026-08-25,,https://careers.weworkindia.com/jobs,Aditya_Mehra_Operations_Analyst_v1,,No,,Applied (Active in ATS),,,,,,No,,IN_PROGRESS,,Submit application and follow up with HR,,
APP-3K-2882,JOB-3K-APP-3K-2882,CMP-ECFD7421,Awfis (Req #6),Workspace Operations & Facilities Lead,2026-08-25,,https://careers.awfis.com/jobs,Aditya_Mehra_Operations_Analyst_v1,,No,,Applied (Active in ATS),,,,,,No,,IN_PROGRESS,,Submit application and follow up with HR,,
APP-3K-2883,JOB-3K-APP-3K-2883,CMP-EB14E70D,IndiQube (Req #6),Enterprise Tenant Solutions Specialist,2026-08-25,,https://careers.indiqube.com/jobs,Aditya_Mehra_Operations_Analyst_v1,,No,,Applied (Active in ATS),,,,,,No,,IN_PROGRESS,,Submit application and follow up with HR,,
APP-3K-2884,JOB-3K-APP-3K-2884,CMP-35D7BFCF,Embassy Office Parks (Req #6),CRE Asset Management Analyst,2026-08-25,,https://careers.embassyofficeparks.com/jobs,Aditya_Mehra_Operations_Analyst_v1,,No,,Applied (Active in ATS),,,,,,No,,IN_PROGRESS,,Submit application and follow up with HR,,
APP-3K-2885,JOB-3K-APP-3K-2885,CMP-50E77695,Prestige Group Commercial (Req #6),Corporate Vendor Operations Lead,2026-08-25,,https://careers.prestigegroupcommercial.com/jobs,Aditya_Mehra_Operations_Analyst_v1,,No,,Applied (Active in ATS),,,,,,No,,IN_PROGRESS,,Submit application and follow up with HR,,
APP-3K-2886,JOB-3K-APP-3K-2886,CMP-59C1E69F,Brigade Enterprises (Req #6),Commercial Real Estate Leasing Associate,2026-08-25,,https://careers.brigadeenterprises.com/jobs,Aditya_Mehra_Operations_Analyst_v1,,No,,Applied (Active in ATS),,,,,,No,,IN_PROGRESS,,Submit application and follow up with HR,,
APP-3K-2887,JOB-3K-APP-3K-2887,CMP-39C85339,Godrej Properties (Req #6),Workspace Operations & Facilities Lead,2026-08-25,,https://careers.godrejproperties.com/jobs,Aditya_Mehra_Operations_Analyst_v1,,No,,Applied (Active in ATS),,,,,,No,,IN_PROGRESS,,Submit application and follow up with HR,,
APP-3K-2888,JOB-3K-APP-3K-2888,CMP-7FDFF130,Brookfield Properties (Req #6),Enterprise Tenant Solutions Specialist,2026-08-25,,https://careers.brookfieldproperties.com/jobs,Aditya_Mehra_Operations_Analyst_v1,,No,,Applied (Active in ATS),,,,,,No,,IN_PROGRESS,,Submit application and follow up with HR,,
APP-3K-2889,JOB-3K-APP-3K-2889,CMP-D9417648,DLF Commercial (Req #6),CRE Asset Management Analyst,2026-08-25,,https://careers.dlfcommercial.com/jobs,Aditya_Mehra_Operations_Analyst_v1,,No,,Applied (Active in ATS),,,,,,No,,IN_PROGRESS,,Submit application and follow up with HR,,
APP-3K-2890,JOB-3K-APP-3K-2890,CMP-C9C2EA7D,RMZ Corp (Req #6),Corporate Vendor Operations Lead,2026-08-25,,https://careers.rmzcorp.com/jobs,Aditya_Mehra_Operations_Analyst_v1,,No,,Applied (Active in ATS),,,,,,No,,IN_PROGRESS,,Submit application and follow up with HR,,
APP-3K-2891,JOB-3K-APP-3K-2891,CMP-BB612540,CBRE India (Req #7),Commercial Real Estate Leasing Associate,2026-08-25,,https://careers.cbreindia.com/jobs,Aditya_Mehra_Operations_Analyst_v1,,No,,Applied (Active in ATS),,,,,,No,,IN_PROGRESS,,Submit application and follow up with HR,,
APP-3K-2892,JOB-3K-APP-3K-2892,CMP-B0DB4068,JLL (Jones Lang LaSalle) (Req #7),Workspace Operations & Facilities Lead,2026-08-25,,https://careers.jlljoneslanglasalle.com/jobs,Aditya_Mehra_Operations_Analyst_v1,,No,,Applied (Active in ATS),,,,,,No,,IN_PROGRESS,,Submit application and follow up with HR,,
APP-3K-2893,JOB-3K-APP-3K-2893,CMP-BB74E873,Cushman & Wakefield (Req #7),Enterprise Tenant Solutions Specialist,2026-08-25,,https://careers.cushmanandwakefield.com/jobs,Aditya_Mehra_Operations_Analyst_v1,,No,,Applied (Active in ATS),,,,,,No,,IN_PROGRESS,,Submit application and follow up with HR,,
APP-3K-2894,JOB-3K-APP-3K-2894,CMP-D048E791,Colliers International (Req #7),CRE Asset Management Analyst,2026-08-25,,https://careers.colliersinternational.com/jobs,Aditya_Mehra_Operations_Analyst_v1,,No,,Applied (Active in ATS),,,,,,No,,IN_PROGRESS,,Submit application and follow up with HR,,
APP-3K-2895,JOB-3K-APP-3K-2895,CMP-6416D408,Knight Frank (Req #7),Corporate Vendor Operations Lead,2026-08-25,,https://careers.knightfrank.com/jobs,Aditya_Mehra_Operations_Analyst_v1,,No,,Applied (Active in ATS),,,,,,No,,IN_PROGRESS,,Submit application and follow up with HR,,
APP-3K-2896,JOB-3K-APP-3K-2896,CMP-EF8BBCBA,WeWork India (Req #7),Commercial Real Estate Leasing Associate,2026-08-25,,https://careers.weworkindia.com/jobs,Aditya_Mehra_Operations_Analyst_v1,,No,,Applied (Active in ATS),,,,,,No,,IN_PROGRESS,,Submit application and follow up with HR,,
APP-3K-2897,JOB-3K-APP-3K-2897,CMP-1CF2E487,Awfis (Req #7),Workspace Operations & Facilities Lead,2026-08-25,,https://careers.awfis.com/jobs,Aditya_Mehra_Operations_Analyst_v1,,No,,Applied (Active in ATS),,,,,,No,,IN_PROGRESS,,Submit application and follow up with HR,,
APP-3K-2898,JOB-3K-APP-3K-2898,CMP-5F5F3FD3,IndiQube (Req #7),Enterprise Tenant Solutions Specialist,2026-08-25,,https://careers.indiqube.com/jobs,Aditya_Mehra_Operations_Analyst_v1,,No,,Applied (Active in ATS),,,,,,No,,IN_PROGRESS,,Submit application and follow up with HR,,
APP-3K-2899,JOB-3K-APP-3K-2899,CMP-FD811AB6,Embassy Office Parks (Req #7),CRE Asset Management Analyst,2026-08-25,,https://careers.embassyofficeparks.com/jobs,Aditya_Mehra_Operations_Analyst_v1,,No,,Applied (Active in ATS),,,,,,No,,IN_PROGRESS,,Submit application and follow up with HR,,
APP-3K-2900,JOB-3K-APP-3K-2900,CMP-D572DBD6,Prestige Group Commercial (Req #7),Corporate Vendor Operations Lead,2026-08-25,,https://careers.prestigegroupcommercial.com/jobs,Aditya_Mehra_Operations_Analyst_v1,,No,,Applied (Active in ATS),,,,,,No,,IN_PROGRESS,,Submit application and follow up with HR,,
APP-3K-2901,JOB-3K-APP-3K-2901,CMP-CDCBC2FA,Brigade Enterprises (Req #7),Commercial Real Estate Leasing Associate,2026-08-25,,https://careers.brigadeenterprises.com/jobs,Aditya_Mehra_Operations_Analyst_v1,,No,,Applied (Active in ATS),,,,,,No,,IN_PROGRESS,,Submit application and follow up with HR,,
APP-3K-2902,JOB-3K-APP-3K-2902,CMP-97A7B908,Godrej Properties (Req #7),Workspace Operations & Facilities Lead,2026-08-25,,https://careers.godrejproperties.com/jobs,Aditya_Mehra_Operations_Analyst_v1,,No,,Applied (Active in ATS),,,,,,No,,IN_PROGRESS,,Submit application and follow up with HR,,
APP-3K-2903,JOB-3K-APP-3K-2903,CMP-5BFFB0D0,Brookfield Properties (Req #7),Enterprise Tenant Solutions Specialist,2026-08-25,,https://careers.brookfieldproperties.com/jobs,Aditya_Mehra_Operations_Analyst_v1,,No,,Applied (Active in ATS),,,,,,No,,IN_PROGRESS,,Submit application and follow up with HR,,
APP-3K-2904,JOB-3K-APP-3K-2904,CMP-274DFC8A,DLF Commercial (Req #7),CRE Asset Management Analyst,2026-08-25,,https://careers.dlfcommercial.com/jobs,Aditya_Mehra_Operations_Analyst_v1,,No,,Applied (Active in ATS),,,,,,No,,IN_PROGRESS,,Submit application and follow up with HR,,
APP-3K-2905,JOB-3K-APP-3K-2905,CMP-3A247FF4,RMZ Corp (Req #7),Corporate Vendor Operations Lead,2026-08-25,,https://careers.rmzcorp.com/jobs,Aditya_Mehra_Operations_Analyst_v1,,No,,Applied (Active in ATS),,,,,,No,,IN_PROGRESS,,Submit application and follow up with HR,,
APP-3K-2906,JOB-3K-APP-3K-2906,CMP-BA325B11,CBRE India (Req #8),Commercial Real Estate Leasing Associate,2026-08-25,,https://careers.cbreindia.com/jobs,Aditya_Mehra_Operations_Analyst_v1,,No,,Applied (Active in ATS),,,,,,No,,IN_PROGRESS,,Submit application and follow up with HR,,
APP-3K-2907,JOB-3K-APP-3K-2907,CMP-0232954C,JLL (Jones Lang LaSalle) (Req #8),Workspace Operations & Facilities Lead,2026-08-25,,https://careers.jlljoneslanglasalle.com/jobs,Aditya_Mehra_Operations_Analyst_v1,,No,,Applied (Active in ATS),,,,,,No,,IN_PROGRESS,,Submit application and follow up with HR,,
APP-3K-2908,JOB-3K-APP-3K-2908,CMP-4946BA82,Cushman & Wakefield (Req #8),Enterprise Tenant Solutions Specialist,2026-08-25,,https://careers.cushmanandwakefield.com/jobs,Aditya_Mehra_Operations_Analyst_v1,,No,,Applied (Active in ATS),,,,,,No,,IN_PROGRESS,,Submit application and follow up with HR,,
APP-3K-2909,JOB-3K-APP-3K-2909,CMP-47137D29,Colliers International (Req #8),CRE Asset Management Analyst,2026-08-25,,https://careers.colliersinternational.com/jobs,Aditya_Mehra_Operations_Analyst_v1,,No,,Applied (Active in ATS),,,,,,No,,IN_PROGRESS,,Submit application and follow up with HR,,
APP-3K-2910,JOB-3K-APP-3K-2910,CMP-60739A84,Knight Frank (Req #8),Corporate Vendor Operations Lead,2026-08-25,,https://careers.knightfrank.com/jobs,Aditya_Mehra_Operations_Analyst_v1,,No,,Applied (Active in ATS),,,,,,No,,IN_PROGRESS,,Submit application and follow up with HR,,
APP-3K-2911,JOB-3K-APP-3K-2911,CMP-A022A392,WeWork India (Req #8),Commercial Real Estate Leasing Associate,2026-08-25,,https://careers.weworkindia.com/jobs,Aditya_Mehra_Operations_Analyst_v1,,No,,Applied (Active in ATS),,,,,,No,,IN_PROGRESS,,Submit application and follow up with HR,,
APP-3K-2912,JOB-3K-APP-3K-2912,CMP-1F7AAA41,Awfis (Req #8),Workspace Operations & Facilities Lead,2026-08-25,,https://careers.awfis.com/jobs,Aditya_Mehra_Operations_Analyst_v1,,No,,Applied (Active in ATS),,,,,,No,,IN_PROGRESS,,Submit application and follow up with HR,,
APP-3K-2913,JOB-3K-APP-3K-2913,CMP-FA217665,IndiQube (Req #8),Enterprise Tenant Solutions Specialist,2026-08-25,,https://careers.indiqube.com/jobs,Aditya_Mehra_Operations_Analyst_v1,,No,,Applied (Active in ATS),,,,,,No,,IN_PROGRESS,,Submit application and follow up with HR,,
APP-3K-2914,JOB-3K-APP-3K-2914,CMP-6C8CF43E,Embassy Office Parks (Req #8),CRE Asset Management Analyst,2026-08-25,,https://careers.embassyofficeparks.com/jobs,Aditya_Mehra_Operations_Analyst_v1,,No,,Applied (Active in ATS),,,,,,No,,IN_PROGRESS,,Submit application and follow up with HR,,
APP-3K-2915,JOB-3K-APP-3K-2915,CMP-4984303C,Prestige Group Commercial (Req #8),Corporate Vendor Operations Lead,2026-08-25,,https://careers.prestigegroupcommercial.com/jobs,Aditya_Mehra_Operations_Analyst_v1,,No,,Applied (Active in ATS),,,,,,No,,IN_PROGRESS,,Submit application and follow up with HR,,
APP-3K-2916,JOB-3K-APP-3K-2916,CMP-5833D03B,Brigade Enterprises (Req #8),Commercial Real Estate Leasing Associate,2026-08-25,,https://careers.brigadeenterprises.com/jobs,Aditya_Mehra_Operations_Analyst_v1,,No,,Applied (Active in ATS),,,,,,No,,IN_PROGRESS,,Submit application and follow up with HR,,
APP-3K-2917,JOB-3K-APP-3K-2917,CMP-7A375817,Godrej Properties (Req #8),Workspace Operations & Facilities Lead,2026-08-25,,https://careers.godrejproperties.com/jobs,Aditya_Mehra_Operations_Analyst_v1,,No,,Applied (Active in ATS),,,,,,No,,IN_PROGRESS,,Submit application and follow up with HR,,
APP-3K-2918,JOB-3K-APP-3K-2918,CMP-2889BCA8,Brookfield Properties (Req #8),Enterprise Tenant Solutions Specialist,2026-08-25,,https://careers.brookfieldproperties.com/jobs,Aditya_Mehra_Operations_Analyst_v1,,No,,Applied (Active in ATS),,,,,,No,,IN_PROGRESS,,Submit application and follow up with HR,,
APP-3K-2919,JOB-3K-APP-3K-2919,CMP-9A2D2E17,DLF Commercial (Req #8),CRE Asset Management Analyst,2026-08-25,,https://careers.dlfcommercial.com/jobs,Aditya_Mehra_Operations_Analyst_v1,,No,,Applied (Active in ATS),,,,,,No,,IN_PROGRESS,,Submit application and follow up with HR,,
APP-3K-2920,JOB-3K-APP-3K-2920,CMP-6F518044,RMZ Corp (Req #8),Corporate Vendor Operations Lead,2026-08-25,,https://careers.rmzcorp.com/jobs,Aditya_Mehra_Operations_Analyst_v1,,No,,Applied (Active in ATS),,,,,,No,,IN_PROGRESS,,Submit application and follow up with HR,,
APP-3K-2921,JOB-3K-APP-3K-2921,CMP-0C9168BB,CBRE India (Req #9),Commercial Real Estate Leasing Associate,2026-08-25,,https://careers.cbreindia.com/jobs,Aditya_Mehra_Operations_Analyst_v1,,No,,Applied (Active in ATS),,,,,,No,,IN_PROGRESS,,Submit application and follow up with HR,,
APP-3K-2922,JOB-3K-APP-3K-2922,CMP-FBD9A68C,JLL (Jones Lang LaSalle) (Req #9),Workspace Operations & Facilities Lead,2026-08-25,,https://careers.jlljoneslanglasalle.com/jobs,Aditya_Mehra_Operations_Analyst_v1,,No,,Applied (Active in ATS),,,,,,No,,IN_PROGRESS,,Submit application and follow up with HR,,
APP-3K-2923,JOB-3K-APP-3K-2923,CMP-BA5509A5,Cushman & Wakefield (Req #9),Enterprise Tenant Solutions Specialist,2026-08-25,,https://careers.cushmanandwakefield.com/jobs,Aditya_Mehra_Operations_Analyst_v1,,No,,Applied (Active in ATS),,,,,,No,,IN_PROGRESS,,Submit application and follow up with HR,,
APP-3K-2924,JOB-3K-APP-3K-2924,CMP-AB9585B2,Colliers International (Req #9),CRE Asset Management Analyst,2026-08-25,,https://careers.colliersinternational.com/jobs,Aditya_Mehra_Operations_Analyst_v1,,No,,Applied (Active in ATS),,,,,,No,,IN_PROGRESS,,Submit application and follow up with HR,,
APP-3K-2925,JOB-3K-APP-3K-2925,CMP-99DB0F6F,Knight Frank (Req #9),Corporate Vendor Operations Lead,2026-08-25,,https://careers.knightfrank.com/jobs,Aditya_Mehra_Operations_Analyst_v1,,No,,Applied (Active in ATS),,,,,,No,,IN_PROGRESS,,Submit application and follow up with HR,,
APP-3K-2926,JOB-3K-APP-3K-2926,CMP-E872F01B,WeWork India (Req #9),Commercial Real Estate Leasing Associate,2026-08-25,,https://careers.weworkindia.com/jobs,Aditya_Mehra_Operations_Analyst_v1,,No,,Applied (Active in ATS),,,,,,No,,IN_PROGRESS,,Submit application and follow up with HR,,
APP-3K-2927,JOB-3K-APP-3K-2927,CMP-B20669F5,Awfis (Req #9),Workspace Operations & Facilities Lead,2026-08-25,,https://careers.awfis.com/jobs,Aditya_Mehra_Operations_Analyst_v1,,No,,Applied (Active in ATS),,,,,,No,,IN_PROGRESS,,Submit application and follow up with HR,,
APP-3K-2928,JOB-3K-APP-3K-2928,CMP-88BDF93A,IndiQube (Req #9),Enterprise Tenant Solutions Specialist,2026-08-25,,https://careers.indiqube.com/jobs,Aditya_Mehra_Operations_Analyst_v1,,No,,Applied (Active in ATS),,,,,,No,,IN_PROGRESS,,Submit application and follow up with HR,,
APP-3K-2929,JOB-3K-APP-3K-2929,CMP-7184D80A,Embassy Office Parks (Req #9),CRE Asset Management Analyst,2026-08-25,,https://careers.embassyofficeparks.com/jobs,Aditya_Mehra_Operations_Analyst_v1,,No,,Applied (Active in ATS),,,,,,No,,IN_PROGRESS,,Submit application and follow up with HR,,
APP-3K-2930,JOB-3K-APP-3K-2930,CMP-F5EC6501,Prestige Group Commercial (Req #9),Corporate Vendor Operations Lead,2026-08-25,,https://careers.prestigegroupcommercial.com/jobs,Aditya_Mehra_Operations_Analyst_v1,,No,,Applied (Active in ATS),,,,,,No,,IN_PROGRESS,,Submit application and follow up with HR,,
APP-3K-2931,JOB-3K-APP-3K-2931,CMP-93992D12,Brigade Enterprises (Req #9),Commercial Real Estate Leasing Associate,2026-08-25,,https://careers.brigadeenterprises.com/jobs,Aditya_Mehra_Operations_Analyst_v1,,No,,Applied (Active in ATS),,,,,,No,,IN_PROGRESS,,Submit application and follow up with HR,,
APP-3K-2932,JOB-3K-APP-3K-2932,CMP-418F4ACA,Godrej Properties (Req #9),Workspace Operations & Facilities Lead,2026-08-25,,https://careers.godrejproperties.com/jobs,Aditya_Mehra_Operations_Analyst_v1,,No,,Applied (Active in ATS),,,,,,No,,IN_PROGRESS,,Submit application and follow up with HR,,
APP-3K-2933,JOB-3K-APP-3K-2933,CMP-B26677B6,Brookfield Properties (Req #9),Enterprise Tenant Solutions Specialist,2026-08-25,,https://careers.brookfieldproperties.com/jobs,Aditya_Mehra_Operations_Analyst_v1,,No,,Applied (Active in ATS),,,,,,No,,IN_PROGRESS,,Submit application and follow up with HR,,
APP-3K-2934,JOB-3K-APP-3K-2934,CMP-10ACFDEB,DLF Commercial (Req #9),CRE Asset Management Analyst,2026-08-25,,https://careers.dlfcommercial.com/jobs,Aditya_Mehra_Operations_Analyst_v1,,No,,Applied (Active in ATS),,,,,,No,,IN_PROGRESS,,Submit application and follow up with HR,,
APP-3K-2935,JOB-3K-APP-3K-2935,CMP-1BADFCF4,RMZ Corp (Req #9),Corporate Vendor Operations Lead,2026-08-25,,https://careers.rmzcorp.com/jobs,Aditya_Mehra_Operations_Analyst_v1,,No,,Applied (Active in ATS),,,,,,No,,IN_PROGRESS,,Submit application and follow up with HR,,
APP-3K-2936,JOB-3K-APP-3K-2936,CMP-09672C6D,CBRE India (Req #10),Commercial Real Estate Leasing Associate,2026-08-25,,https://careers.cbreindia.com/jobs,Aditya_Mehra_Operations_Analyst_v1,,No,,Applied (Active in ATS),,,,,,No,,IN_PROGRESS,,Submit application and follow up with HR,,
APP-3K-2937,JOB-3K-APP-3K-2937,CMP-4B9A0259,JLL (Jones Lang LaSalle) (Req #10),Workspace Operations & Facilities Lead,2026-08-25,,https://careers.jlljoneslanglasalle.com/jobs,Aditya_Mehra_Operations_Analyst_v1,,No,,Applied (Active in ATS),,,,,,No,,IN_PROGRESS,,Submit application and follow up with HR,,
APP-3K-2938,JOB-3K-APP-3K-2938,CMP-DD657E15,Cushman & Wakefield (Req #10),Enterprise Tenant Solutions Specialist,2026-08-25,,https://careers.cushmanandwakefield.com/jobs,Aditya_Mehra_Operations_Analyst_v1,,No,,Applied (Active in ATS),,,,,,No,,IN_PROGRESS,,Submit application and follow up with HR,,
APP-3K-2939,JOB-3K-APP-3K-2939,CMP-4BF2F44E,Colliers International (Req #10),CRE Asset Management Analyst,2026-08-25,,https://careers.colliersinternational.com/jobs,Aditya_Mehra_Operations_Analyst_v1,,No,,Applied (Active in ATS),,,,,,No,,IN_PROGRESS,,Submit application and follow up with HR,,
APP-3K-2940,JOB-3K-APP-3K-2940,CMP-B77F4719,Knight Frank (Req #10),Corporate Vendor Operations Lead,2026-08-25,,https://careers.knightfrank.com/jobs,Aditya_Mehra_Operations_Analyst_v1,,No,,Applied (Active in ATS),,,,,,No,,IN_PROGRESS,,Submit application and follow up with HR,,
APP-3K-2941,JOB-3K-APP-3K-2941,CMP-C1A56D68,WeWork India (Req #10),Commercial Real Estate Leasing Associate,2026-08-25,,https://careers.weworkindia.com/jobs,Aditya_Mehra_Operations_Analyst_v1,,No,,Applied (Active in ATS),,,,,,No,,IN_PROGRESS,,Submit application and follow up with HR,,
APP-3K-2942,JOB-3K-APP-3K-2942,CMP-ADE989C4,Awfis (Req #10),Workspace Operations & Facilities Lead,2026-08-25,,https://careers.awfis.com/jobs,Aditya_Mehra_Operations_Analyst_v1,,No,,Applied (Active in ATS),,,,,,No,,IN_PROGRESS,,Submit application and follow up with HR,,
APP-3K-2943,JOB-3K-APP-3K-2943,CMP-60BE282A,IndiQube (Req #10),Enterprise Tenant Solutions Specialist,2026-08-25,,https://careers.indiqube.com/jobs,Aditya_Mehra_Operations_Analyst_v1,,No,,Applied (Active in ATS),,,,,,No,,IN_PROGRESS,,Submit application and follow up with HR,,
APP-3K-2944,JOB-3K-APP-3K-2944,CMP-8E6FED91,Embassy Office Parks (Req #10),CRE Asset Management Analyst,2026-08-25,,https://careers.embassyofficeparks.com/jobs,Aditya_Mehra_Operations_Analyst_v1,,No,,Applied (Active in ATS),,,,,,No,,IN_PROGRESS,,Submit application and follow up with HR,,
APP-3K-2945,JOB-3K-APP-3K-2945,CMP-1E507B4B,Prestige Group Commercial (Req #10),Corporate Vendor Operations Lead,2026-08-25,,https://careers.prestigegroupcommercial.com/jobs,Aditya_Mehra_Operations_Analyst_v1,,No,,Applied (Active in ATS),,,,,,No,,IN_PROGRESS,,Submit application and follow up with HR,,
APP-3K-2946,JOB-3K-APP-3K-2946,CMP-2709024C,Brigade Enterprises (Req #10),Commercial Real Estate Leasing Associate,2026-08-25,,https://careers.brigadeenterprises.com/jobs,Aditya_Mehra_Operations_Analyst_v1,,No,,Applied (Active in ATS),,,,,,No,,IN_PROGRESS,,Submit application and follow up with HR,,
APP-3K-2947,JOB-3K-APP-3K-2947,CMP-DC7C69FE,Godrej Properties (Req #10),Workspace Operations & Facilities Lead,2026-08-25,,https://careers.godrejproperties.com/jobs,Aditya_Mehra_Operations_Analyst_v1,,No,,Applied (Active in ATS),,,,,,No,,IN_PROGRESS,,Submit application and follow up with HR,,
APP-3K-2948,JOB-3K-APP-3K-2948,CMP-06C48C88,Brookfield Properties (Req #10),Enterprise Tenant Solutions Specialist,2026-08-25,,https://careers.brookfieldproperties.com/jobs,Aditya_Mehra_Operations_Analyst_v1,,No,,Applied (Active in ATS),,,,,,No,,IN_PROGRESS,,Submit application and follow up with HR,,
APP-3K-2949,JOB-3K-APP-3K-2949,CMP-1B731A62,DLF Commercial (Req #10),CRE Asset Management Analyst,2026-08-25,,https://careers.dlfcommercial.com/jobs,Aditya_Mehra_Operations_Analyst_v1,,No,,Applied (Active in ATS),,,,,,No,,IN_PROGRESS,,Submit application and follow up with HR,,
APP-3K-2950,JOB-3K-APP-3K-2950,CMP-41DB9615,RMZ Corp (Req #10),Corporate Vendor Operations Lead,2026-08-25,,https://careers.rmzcorp.com/jobs,Aditya_Mehra_Operations_Analyst_v1,,No,,Applied (Active in ATS),,,,,,No,,IN_PROGRESS,,Submit application and follow up with HR,,
APP-3K-2951,JOB-3K-APP-3K-2951,CMP-A434480D,CBRE India (Req #11),Commercial Real Estate Leasing Associate,2026-08-25,,https://careers.cbreindia.com/jobs,Aditya_Mehra_Operations_Analyst_v1,,No,,Applied (Active in ATS),,,,,,No,,IN_PROGRESS,,Submit application and follow up with HR,,
APP-3K-2952,JOB-3K-APP-3K-2952,CMP-B1A417F7,JLL (Jones Lang LaSalle) (Req #11),Workspace Operations & Facilities Lead,2026-08-25,,https://careers.jlljoneslanglasalle.com/jobs,Aditya_Mehra_Operations_Analyst_v1,,No,,Applied (Active in ATS),,,,,,No,,IN_PROGRESS,,Submit application and follow up with HR,,
APP-3K-2953,JOB-3K-APP-3K-2953,CMP-2CEAC3FC,Cushman & Wakefield (Req #11),Enterprise Tenant Solutions Specialist,2026-08-25,,https://careers.cushmanandwakefield.com/jobs,Aditya_Mehra_Operations_Analyst_v1,,No,,Applied (Active in ATS),,,,,,No,,IN_PROGRESS,,Submit application and follow up with HR,,
APP-3K-2954,JOB-3K-APP-3K-2954,CMP-54DF75A9,Colliers International (Req #11),CRE Asset Management Analyst,2026-08-25,,https://careers.colliersinternational.com/jobs,Aditya_Mehra_Operations_Analyst_v1,,No,,Applied (Active in ATS),,,,,,No,,IN_PROGRESS,,Submit application and follow up with HR,,
APP-3K-2955,JOB-3K-APP-3K-2955,CMP-DBC94029,Knight Frank (Req #11),Corporate Vendor Operations Lead,2026-08-25,,https://careers.knightfrank.com/jobs,Aditya_Mehra_Operations_Analyst_v1,,No,,Applied (Active in ATS),,,,,,No,,IN_PROGRESS,,Submit application and follow up with HR,,
APP-3K-2956,JOB-3K-APP-3K-2956,CMP-FF45C01C,WeWork India (Req #11),Commercial Real Estate Leasing Associate,2026-08-25,,https://careers.weworkindia.com/jobs,Aditya_Mehra_Operations_Analyst_v1,,No,,Applied (Active in ATS),,,,,,No,,IN_PROGRESS,,Submit application and follow up with HR,,
APP-3K-2957,JOB-3K-APP-3K-2957,CMP-E01AD6C6,Awfis (Req #11),Workspace Operations & Facilities Lead,2026-08-25,,https://careers.awfis.com/jobs,Aditya_Mehra_Operations_Analyst_v1,,No,,Applied (Active in ATS),,,,,,No,,IN_PROGRESS,,Submit application and follow up with HR,,
APP-3K-2958,JOB-3K-APP-3K-2958,CMP-D8BEEF2C,IndiQube (Req #11),Enterprise Tenant Solutions Specialist,2026-08-25,,https://careers.indiqube.com/jobs,Aditya_Mehra_Operations_Analyst_v1,,No,,Applied (Active in ATS),,,,,,No,,IN_PROGRESS,,Submit application and follow up with HR,,
APP-3K-2959,JOB-3K-APP-3K-2959,CMP-315F6B85,Embassy Office Parks (Req #11),CRE Asset Management Analyst,2026-08-25,,https://careers.embassyofficeparks.com/jobs,Aditya_Mehra_Operations_Analyst_v1,,No,,Applied (Active in ATS),,,,,,No,,IN_PROGRESS,,Submit application and follow up with HR,,
APP-3K-2960,JOB-3K-APP-3K-2960,CMP-A3DDACBC,Prestige Group Commercial (Req #11),Corporate Vendor Operations Lead,2026-08-25,,https://careers.prestigegroupcommercial.com/jobs,Aditya_Mehra_Operations_Analyst_v1,,No,,Applied (Active in ATS),,,,,,No,,IN_PROGRESS,,Submit application and follow up with HR,,
APP-3K-2961,JOB-3K-APP-3K-2961,CMP-C09CBB0E,Brigade Enterprises (Req #11),Commercial Real Estate Leasing Associate,2026-08-25,,https://careers.brigadeenterprises.com/jobs,Aditya_Mehra_Operations_Analyst_v1,,No,,Applied (Active in ATS),,,,,,No,,IN_PROGRESS,,Submit application and follow up with HR,,
APP-3K-2962,JOB-3K-APP-3K-2962,CMP-634D67D5,Godrej Properties (Req #11),Workspace Operations & Facilities Lead,2026-08-25,,https://careers.godrejproperties.com/jobs,Aditya_Mehra_Operations_Analyst_v1,,No,,Applied (Active in ATS),,,,,,No,,IN_PROGRESS,,Submit application and follow up with HR,,
APP-3K-2963,JOB-3K-APP-3K-2963,CMP-5A24A56C,Brookfield Properties (Req #11),Enterprise Tenant Solutions Specialist,2026-08-25,,https://careers.brookfieldproperties.com/jobs,Aditya_Mehra_Operations_Analyst_v1,,No,,Applied (Active in ATS),,,,,,No,,IN_PROGRESS,,Submit application and follow up with HR,,
APP-3K-2964,JOB-3K-APP-3K-2964,CMP-5C2683A1,DLF Commercial (Req #11),CRE Asset Management Analyst,2026-08-25,,https://careers.dlfcommercial.com/jobs,Aditya_Mehra_Operations_Analyst_v1,,No,,Applied (Active in ATS),,,,,,No,,IN_PROGRESS,,Submit application and follow up with HR,,
APP-3K-2965,JOB-3K-APP-3K-2965,CMP-5DC97D81,RMZ Corp (Req #11),Corporate Vendor Operations Lead,2026-08-25,,https://careers.rmzcorp.com/jobs,Aditya_Mehra_Operations_Analyst_v1,,No,,Applied (Active in ATS),,,,,,No,,IN_PROGRESS,,Submit application and follow up with HR,,
APP-3K-2966,JOB-3K-APP-3K-2966,CMP-CF5C3AF7,CBRE India (Req #12),Commercial Real Estate Leasing Associate,2026-08-25,,https://careers.cbreindia.com/jobs,Aditya_Mehra_Operations_Analyst_v1,,No,,Applied (Active in ATS),,,,,,No,,IN_PROGRESS,,Submit application and follow up with HR,,
APP-3K-2967,JOB-3K-APP-3K-2967,CMP-029FF164,JLL (Jones Lang LaSalle) (Req #12),Workspace Operations & Facilities Lead,2026-08-25,,https://careers.jlljoneslanglasalle.com/jobs,Aditya_Mehra_Operations_Analyst_v1,,No,,Applied (Active in ATS),,,,,,No,,IN_PROGRESS,,Submit application and follow up with HR,,
APP-3K-2968,JOB-3K-APP-3K-2968,CMP-CABE747D,Cushman & Wakefield (Req #12),Enterprise Tenant Solutions Specialist,2026-08-25,,https://careers.cushmanandwakefield.com/jobs,Aditya_Mehra_Operations_Analyst_v1,,No,,Applied (Active in ATS),,,,,,No,,IN_PROGRESS,,Submit application and follow up with HR,,
APP-3K-2969,JOB-3K-APP-3K-2969,CMP-B149D613,Colliers International (Req #12),CRE Asset Management Analyst,2026-08-25,,https://careers.colliersinternational.com/jobs,Aditya_Mehra_Operations_Analyst_v1,,No,,Applied (Active in ATS),,,,,,No,,IN_PROGRESS,,Submit application and follow up with HR,,
APP-3K-2970,JOB-3K-APP-3K-2970,CMP-006A2680,Knight Frank (Req #12),Corporate Vendor Operations Lead,2026-08-25,,https://careers.knightfrank.com/jobs,Aditya_Mehra_Operations_Analyst_v1,,No,,Applied (Active in ATS),,,,,,No,,IN_PROGRESS,,Submit application and follow up with HR,,
APP-3K-2971,JOB-3K-APP-3K-2971,CMP-B5883D55,WeWork India (Req #12),Commercial Real Estate Leasing Associate,2026-08-25,,https://careers.weworkindia.com/jobs,Aditya_Mehra_Operations_Analyst_v1,,No,,Applied (Active in ATS),,,,,,No,,IN_PROGRESS,,Submit application and follow up with HR,,
APP-3K-2972,JOB-3K-APP-3K-2972,CMP-73FC9A86,Awfis (Req #12),Workspace Operations & Facilities Lead,2026-08-25,,https://careers.awfis.com/jobs,Aditya_Mehra_Operations_Analyst_v1,,No,,Applied (Active in ATS),,,,,,No,,IN_PROGRESS,,Submit application and follow up with HR,,
APP-3K-2973,JOB-3K-APP-3K-2973,CMP-F867E06A,IndiQube (Req #12),Enterprise Tenant Solutions Specialist,2026-08-25,,https://careers.indiqube.com/jobs,Aditya_Mehra_Operations_Analyst_v1,,No,,Applied (Active in ATS),,,,,,No,,IN_PROGRESS,,Submit application and follow up with HR,,
APP-3K-2974,JOB-3K-APP-3K-2974,CMP-EC27FFC1,Embassy Office Parks (Req #12),CRE Asset Management Analyst,2026-08-25,,https://careers.embassyofficeparks.com/jobs,Aditya_Mehra_Operations_Analyst_v1,,No,,Applied (Active in ATS),,,,,,No,,IN_PROGRESS,,Submit application and follow up with HR,,
APP-3K-2975,JOB-3K-APP-3K-2975,CMP-ED1079AC,Prestige Group Commercial (Req #12),Corporate Vendor Operations Lead,2026-08-25,,https://careers.prestigegroupcommercial.com/jobs,Aditya_Mehra_Operations_Analyst_v1,,No,,Applied (Active in ATS),,,,,,No,,IN_PROGRESS,,Submit application and follow up with HR,,
APP-3K-2976,JOB-3K-APP-3K-2976,CMP-67BF8899,Brigade Enterprises (Req #12),Commercial Real Estate Leasing Associate,2026-08-25,,https://careers.brigadeenterprises.com/jobs,Aditya_Mehra_Operations_Analyst_v1,,No,,Applied (Active in ATS),,,,,,No,,IN_PROGRESS,,Submit application and follow up with HR,,
APP-3K-2977,JOB-3K-APP-3K-2977,CMP-EFFFA99D,Godrej Properties (Req #12),Workspace Operations & Facilities Lead,2026-08-25,,https://careers.godrejproperties.com/jobs,Aditya_Mehra_Operations_Analyst_v1,,No,,Applied (Active in ATS),,,,,,No,,IN_PROGRESS,,Submit application and follow up with HR,,
APP-3K-2978,JOB-3K-APP-3K-2978,CMP-933A1EA7,Brookfield Properties (Req #12),Enterprise Tenant Solutions Specialist,2026-08-25,,https://careers.brookfieldproperties.com/jobs,Aditya_Mehra_Operations_Analyst_v1,,No,,Applied (Active in ATS),,,,,,No,,IN_PROGRESS,,Submit application and follow up with HR,,
APP-3K-2979,JOB-3K-APP-3K-2979,CMP-0A65754D,DLF Commercial (Req #12),CRE Asset Management Analyst,2026-08-25,,https://careers.dlfcommercial.com/jobs,Aditya_Mehra_Operations_Analyst_v1,,No,,Applied (Active in ATS),,,,,,No,,IN_PROGRESS,,Submit application and follow up with HR,,
APP-3K-2980,JOB-3K-APP-3K-2980,CMP-D4A12A2E,RMZ Corp (Req #12),Corporate Vendor Operations Lead,2026-08-25,,https://careers.rmzcorp.com/jobs,Aditya_Mehra_Operations_Analyst_v1,,No,,Applied (Active in ATS),,,,,,No,,IN_PROGRESS,,Submit application and follow up with HR,,
APP-3K-2981,JOB-3K-APP-3K-2981,CMP-9DA78DF7,CBRE India (Req #13),Commercial Real Estate Leasing Associate,2026-08-25,,https://careers.cbreindia.com/jobs,Aditya_Mehra_Operations_Analyst_v1,,No,,Applied (Active in ATS),,,,,,No,,IN_PROGRESS,,Submit application and follow up with HR,,
APP-3K-2982,JOB-3K-APP-3K-2982,CMP-5439C968,JLL (Jones Lang LaSalle) (Req #13),Workspace Operations & Facilities Lead,2026-08-25,,https://careers.jlljoneslanglasalle.com/jobs,Aditya_Mehra_Operations_Analyst_v1,,No,,Applied (Active in ATS),,,,,,No,,IN_PROGRESS,,Submit application and follow up with HR,,
APP-3K-2983,JOB-3K-APP-3K-2983,CMP-27B88EA5,Cushman & Wakefield (Req #13),Enterprise Tenant Solutions Specialist,2026-08-25,,https://careers.cushmanandwakefield.com/jobs,Aditya_Mehra_Operations_Analyst_v1,,No,,Applied (Active in ATS),,,,,,No,,IN_PROGRESS,,Submit application and follow up with HR,,
APP-3K-2989,JOB-3K-APP-3K-2989,CMP-6DB8698E,Embassy Office Parks (Req #13),CRE Asset Management Analyst,2026-08-25,,https://careers.embassyofficeparks.com/jobs,Aditya_Mehra_Operations_Analyst_v1,,No,,Applied (Active in ATS),,,,,,No,,IN_PROGRESS,,Submit application and follow up with HR,,
APP-3K-2990,JOB-3K-APP-3K-2990,CMP-5EEB2397,Prestige Group Commercial (Req #13),Corporate Vendor Operations Lead,2026-08-25,,https://careers.prestigegroupcommercial.com/jobs,Aditya_Mehra_Operations_Analyst_v1,,No,,Applied (Active in ATS),,,,,,No,,IN_PROGRESS,,Submit application and follow up with HR,,
APP-3K-2991,JOB-3K-APP-3K-2991,CMP-AE25EE35,Brigade Enterprises (Req #13),Commercial Real Estate Leasing Associate,2026-08-25,,https://careers.brigadeenterprises.com/jobs,Aditya_Mehra_Operations_Analyst_v1,,No,,Applied (Active in ATS),,,,,,No,,IN_PROGRESS,,Submit application and follow up with HR,,
APP-3K-2992,JOB-3K-APP-3K-2992,CMP-ABFBA077,Godrej Properties (Req #13),Workspace Operations & Facilities Lead,2026-08-25,,https://careers.godrejproperties.com/jobs,Aditya_Mehra_Operations_Analyst_v1,,No,,Applied (Active in ATS),,,,,,No,,IN_PROGRESS,,Submit application and follow up with HR,,
APP-3K-2993,JOB-3K-APP-3K-2993,CMP-BA438094,Brookfield Properties (Req #13),Enterprise Tenant Solutions Specialist,2026-08-25,,https://careers.brookfieldproperties.com/jobs,Aditya_Mehra_Operations_Analyst_v1,,No,,Applied (Active in ATS),,,,,,No,,IN_PROGRESS,,Submit application and follow up with HR,,
APP-3K-2994,JOB-3K-APP-3K-2994,CMP-9D0465A7,DLF Commercial (Req #13),CRE Asset Management Analyst,2026-08-25,,https://careers.dlfcommercial.com/jobs,Aditya_Mehra_Operations_Analyst_v1,,No,,Applied (Active in ATS),,,,,,No,,IN_PROGRESS,,Submit application and follow up with HR,,
APP-3K-2995,JOB-3K-APP-3K-2995,CMP-95173A12,RMZ Corp (Req #13),Corporate Vendor Operations Lead,2026-08-25,,https://careers.rmzcorp.com/jobs,Aditya_Mehra_Operations_Analyst_v1,,No,,Applied (Active in ATS),,,,,,No,,IN_PROGRESS,,Submit application and follow up with HR,,
APP-3K-2996,JOB-3K-APP-3K-2996,CMP-6915F3F3,CBRE India (Req #14),Commercial Real Estate Leasing Associate,2026-08-25,,https://careers.cbreindia.com/jobs,Aditya_Mehra_Operations_Analyst_v1,,No,,Applied (Active in ATS),,,,,,No,,IN_PROGRESS,,Submit application and follow up with HR,,
APP-3K-2997,JOB-3K-APP-3K-2997,CMP-DD1454E3,JLL (Jones Lang LaSalle) (Req #14),Workspace Operations & Facilities Lead,2026-08-25,,https://careers.jlljoneslanglasalle.com/jobs,Aditya_Mehra_Operations_Analyst_v1,,No,,Applied (Active in ATS),,,,,,No,,IN_PROGRESS,,Submit application and follow up with HR,,
APP-3K-2998,JOB-3K-APP-3K-2998,CMP-28B89171,Cushman & Wakefield (Req #14),Enterprise Tenant Solutions Specialist,2026-08-25,,https://careers.cushmanandwakefield.com/jobs,Aditya_Mehra_Operations_Analyst_v1,,No,,Applied (Active in ATS),,,,,,No,,IN_PROGRESS,,Submit application and follow up with HR,,
APP-3K-2999,JOB-3K-APP-3K-2999,CMP-4CE6D3A5,Colliers International (Req #14),CRE Asset Management Analyst,2026-08-25,,https://careers.colliersinternational.com/jobs,Aditya_Mehra_Operations_Analyst_v1,,No,,Applied (Active in ATS),,,,,,No,,IN_PROGRESS,,Submit application and follow up with HR,,
APP-3K-3000,JOB-3K-APP-3K-3000,CMP-54ABB3FD,Knight Frank (Req #14),Corporate Vendor Operations Lead,2026-08-25,,https://careers.knightfrank.com/jobs,Aditya_Mehra_Operations_Analyst_v1,,No,,Applied (Active in ATS),,,,,,No,,IN_PROGRESS,,Submit application and follow up with HR,,
APP-JOB-3K-APP-3K-1808,JOB-3K-APP-3K-1808,,Tata Power,Infrastructure Project Logistics Coordinator,2026-09-18,,https://careers.tatapower.com/jobs,Aditya_Mehra_Operations_Analyst_v1,,No,,READY_FOR_APPLICATION,,,,,,No,,IN_PROGRESS,,Submit application and notify recruiter,,
APP-JOB-3K-APP-3K-1818,JOB-3K-APP-3K-1818,,ExxonMobil India (Req #2),Infrastructure Project Logistics Coordinator,2026-09-18,,https://careers.exxonmobilindia.com/jobs,Aditya_Mehra_Operations_Analyst_v1,,No,,READY_FOR_APPLICATION,,,,,,No,,IN_PROGRESS,,Submit application and notify recruiter,,
APP-JOB-3K-APP-3K-1828,JOB-3K-APP-3K-1828,,Enphase Energy (Req #2),Infrastructure Project Logistics Coordinator,2026-09-18,,https://careers.enphaseenergy.com/jobs,Aditya_Mehra_Operations_Analyst_v1,,No,,READY_FOR_APPLICATION,,,,,,No,,IN_PROGRESS,,Submit application and notify recruiter,,
APP-JOB-3K-APP-3K-1838,JOB-3K-APP-3K-1838,,Tata Power (Req #3),Infrastructure Project Logistics Coordinator,2026-09-18,,https://careers.tatapower.com/jobs,Aditya_Mehra_Operations_Analyst_v1,,No,,READY_FOR_APPLICATION,,,,,,No,,IN_PROGRESS,,Submit application and notify recruiter,,
APP-JOB-3K-APP-3K-1848,JOB-3K-APP-3K-1848,,ExxonMobil India (Req #4),Infrastructure Project Logistics Coordinator,2026-09-18,,https://careers.exxonmobilindia.com/jobs,Aditya_Mehra_Operations_Analyst_v1,,No,,READY_FOR_APPLICATION,,,,,,No,,IN_PROGRESS,,Submit application and notify recruiter,,
APP-JOB-3K-APP-3K-1858,JOB-3K-APP-3K-1858,,Enphase Energy (Req #4),Infrastructure Project Logistics Coordinator,2026-09-18,,https://careers.enphaseenergy.com/jobs,Aditya_Mehra_Operations_Analyst_v1,,No,,READY_FOR_APPLICATION,,,,,,No,,IN_PROGRESS,,Submit application and notify recruiter,,
APP-JOB-3K-APP-3K-1868,JOB-3K-APP-3K-1868,,Tata Power (Req #5),Infrastructure Project Logistics Coordinator,2026-09-18,,https://careers.tatapower.com/jobs,Aditya_Mehra_Operations_Analyst_v1,,No,,READY_FOR_APPLICATION,,,,,,No,,IN_PROGRESS,,Submit application and notify recruiter,,
APP-JOB-3K-APP-3K-1878,JOB-3K-APP-3K-1878,,ExxonMobil India (Req #6),Infrastructure Project Logistics Coordinator,2026-09-18,,https://careers.exxonmobilindia.com/jobs,Aditya_Mehra_Operations_Analyst_v1,,No,,READY_FOR_APPLICATION,,,,,,No,,IN_PROGRESS,,Submit application and notify recruiter,,
APP-JOB-3K-APP-3K-1888,JOB-3K-APP-3K-1888,,Enphase Energy (Req #6),Infrastructure Project Logistics Coordinator,2026-09-18,,https://careers.enphaseenergy.com/jobs,Aditya_Mehra_Operations_Analyst_v1,,No,,READY_FOR_APPLICATION,,,,,,No,,IN_PROGRESS,,Submit application and notify recruiter,,
APP-JOB-3K-APP-3K-1898,JOB-3K-APP-3K-1898,,Tata Power (Req #7),Infrastructure Project Logistics Coordinator,2026-09-18,,https://careers.tatapower.com/jobs,Aditya_Mehra_Operations_Analyst_v1,,No,,READY_FOR_APPLICATION,,,,,,No,,IN_PROGRESS,,Submit application and notify recruiter,,
APP-JOB-3K-APP-3K-1908,JOB-3K-APP-3K-1908,,ExxonMobil India (Req #8),Infrastructure Project Logistics Coordinator,2026-09-18,,https://careers.exxonmobilindia.com/jobs,Aditya_Mehra_Operations_Analyst_v1,,No,,READY_FOR_APPLICATION,,,,,,No,,IN_PROGRESS,,Submit application and notify recruiter,,
APP-JOB-3K-APP-3K-1918,JOB-3K-APP-3K-1918,,Enphase Energy (Req #8),Infrastructure Project Logistics Coordinator,2026-09-18,,https://careers.enphaseenergy.com/jobs,Aditya_Mehra_Operations_Analyst_v1,,No,,READY_FOR_APPLICATION,,,,,,No,,IN_PROGRESS,,Submit application and notify recruiter,,
APP-JOB-3K-APP-3K-1928,JOB-3K-APP-3K-1928,,Tata Power (Req #9),Infrastructure Project Logistics Coordinator,2026-09-18,,https://careers.tatapower.com/jobs,Aditya_Mehra_Operations_Analyst_v1,,No,,READY_FOR_APPLICATION,,,,,,No,,IN_PROGRESS,,Submit application and notify recruiter,,
APP-JOB-3K-APP-3K-1938,JOB-3K-APP-3K-1938,,ExxonMobil India (Req #10),Infrastructure Project Logistics Coordinator,2026-09-18,,https://careers.exxonmobilindia.com/jobs,Aditya_Mehra_Operations_Analyst_v1,,No,,READY_FOR_APPLICATION,,,,,,No,,IN_PROGRESS,,Submit application and notify recruiter,,
APP-JOB-3K-APP-3K-1948,JOB-3K-APP-3K-1948,,Enphase Energy (Req #10),Infrastructure Project Logistics Coordinator,2026-09-18,,https://careers.enphaseenergy.com/jobs,Aditya_Mehra_Operations_Analyst_v1,,No,,READY_FOR_APPLICATION,,,,,,No,,IN_PROGRESS,,Submit application and notify recruiter,,
APP-JOB-3K-APP-3K-1958,JOB-3K-APP-3K-1958,,Tata Power (Req #11),Infrastructure Project Logistics Coordinator,2026-09-18,,https://careers.tatapower.com/jobs,Aditya_Mehra_Operations_Analyst_v1,,No,,READY_FOR_APPLICATION,,,,,,No,,IN_PROGRESS,,Submit application and notify recruiter,,
APP-JOB-3K-APP-3K-1968,JOB-3K-APP-3K-1968,,ExxonMobil India (Req #12),Infrastructure Project Logistics Coordinator,2026-09-18,,https://careers.exxonmobilindia.com/jobs,Aditya_Mehra_Operations_Analyst_v1,,No,,READY_FOR_APPLICATION,,,,,,No,,IN_PROGRESS,,Submit application and notify recruiter,,
APP-JOB-3K-APP-3K-1978,JOB-3K-APP-3K-1978,,Enphase Energy (Req #12),Infrastructure Project Logistics Coordinator,2026-09-18,,https://careers.enphaseenergy.com/jobs,Aditya_Mehra_Operations_Analyst_v1,,No,,READY_FOR_APPLICATION,,,,,,No,,IN_PROGRESS,,Submit application and notify recruiter,,
APP-JOB-3K-APP-3K-1988,JOB-3K-APP-3K-1988,,Tata Power (Req #13),Infrastructure Project Logistics Coordinator,2026-09-18,,https://careers.tatapower.com/jobs,Aditya_Mehra_Operations_Analyst_v1,,No,,READY_FOR_APPLICATION,,,,,,No,,IN_PROGRESS,,Submit application and notify recruiter,,
APP-JOB-3K-APP-3K-1998,JOB-3K-APP-3K-1998,,ExxonMobil India (Req #14),Infrastructure Project Logistics Coordinator,2026-09-18,,https://careers.exxonmobilindia.com/jobs,Aditya_Mehra_Operations_Analyst_v1,,No,,READY_FOR_APPLICATION,,,,,,No,,IN_PROGRESS,,Submit application and notify recruiter,,
APP-JOB-MINE-007,JOB-MINE-007,,Swiss Re,Operations & Reinsurance Risk Analyst,2026-09-18,,https://www.swissre.com/careers/,Aditya_Mehra_Operations_Analyst_v1,,No,,READY_FOR_APPLICATION,,,,,,No,,IN_PROGRESS,,Submit application and notify recruiter,,
APP-JOB-MINE-008,JOB-MINE-008,,Walmart Global Tech,Supply Chain & Retail Operations Analyst,2026-09-18,,https://careers.walmart.com/,Aditya_Mehra_Operations_Analyst_v1,,No,,READY_FOR_APPLICATION,,,,,,No,,IN_PROGRESS,,Submit application and notify recruiter,,
