outreach_id,person_id,company_id,job_id,contact_name,company_name,job_title,channel,message_type,subject,message_body,human_approval_status,date_drafted,date_approved,date_sent,follow_up_date,response_status,response_date,response_type,referral_requested,referral_received,interview_received,application_completed,notes
OUT-STRK-001,PER-STK-STRK-001,,BLR-JOB-001,Darshana Mahesh,Accenture,Global Business Operations & BD Analyst,LinkedIn,Touch 1 InMail,Application: Global Business Operations & BD Analyst — Aditya Mehra,"Subject: Application: Global Business Operations & BD Analyst (BLR-JOB-001) - Aditya Mehra (BBA DSU '26)

Hi Darshana,

I noticed your active talent leadership at Accenture and wanted to reach out regarding the Global Business Operations & BD Analyst requisition (BLR-JOB-001) in Bengaluru.

I graduate with a BBA in International Business from Dayananda Sagar University (DSU) in 2026. My core track centers on high-velocity ground execution and operations governance:

1. Operational Rigor: Lead Coordinator at AERO India 2025 (Yelahanka AFB) and enterprise activations for Puma India & Tata Communications across 300+ on-ground deployments.
2. Cost & Vendor Governance: Standardized Tier-1 supplier rate cards and enforced milestone SLA contracts.
3. Technical & Process Foundations: AI Data Ops at Instawork (99%+ QA precision) and deep grasp of Incoterms 2020 cross-border logistics.

I have attached my tailored resume and would welcome a brief 5-minute screen this week.

Warm regards,
Aditya Mehra
Phone: +91-7003456624 | Email: adityamehra799@gmail.com
Bengaluru, India",READY_FOR_APPROVAL,2026-09-18,,,,NOT_CONTACTED,,,No,No,No,No,
OUT-STRK-002,PER-STK-STRK-002,,BLR-JOB-001,Kavya Bopaiah,Accenture,Global Business Operations & BD Analyst,LinkedIn,Touch 1 InMail,Application: Global Business Operations & BD Analyst — Aditya Mehra,"Subject: Application: Global Business Operations & BD Analyst (BLR-JOB-001) - Aditya Mehra (BBA DSU '26)

Hi Kavya,

I noticed your active talent leadership at Accenture and wanted to reach out regarding the Global Business Operations & BD Analyst requisition (BLR-JOB-001) in Bengaluru.

I graduate with a BBA in International Business from Dayananda Sagar University (DSU) in 2026. My core track centers on high-velocity ground execution and operations governance:

1. Operational Rigor: Lead Coordinator at AERO India 2025 (Yelahanka AFB) and enterprise activations for Puma India & Tata Communications across 300+ on-ground deployments.
2. Cost & Vendor Governance: Standardized Tier-1 supplier rate cards and enforced milestone SLA contracts.
3. Technical & Process Foundations: AI Data Ops at Instawork (99%+ QA precision) and deep grasp of Incoterms 2020 cross-border logistics.

I have attached my tailored resume and would welcome a brief 5-minute screen this week.

Warm regards,
Aditya Mehra
Phone: +91-7003456624 | Email: adityamehra799@gmail.com
Bengaluru, India",READY_FOR_APPROVAL,2026-09-18,,,,NOT_CONTACTED,,,No,No,No,No,
OUT-STRK-003,PER-STK-STRK-003,,BLR-JOB-001,Zulfa Taskeen,Accenture,Global Business Operations & BD Analyst,LinkedIn,Touch 1 InMail,Application: Global Business Operations & BD Analyst — Aditya Mehra,"Subject: Application: Global Business Operations & BD Analyst (BLR-JOB-001) - Aditya Mehra (BBA DSU '26)

Hi Zulfa,

I noticed your active talent leadership at Accenture and wanted to reach out regarding the Global Business Operations & BD Analyst requisition (BLR-JOB-001) in Bengaluru.

I graduate with a BBA in International Business from Dayananda Sagar University (DSU) in 2026. My core track centers on high-velocity ground execution and operations governance:

1. Operational Rigor: Lead Coordinator at AERO India 2025 (Yelahanka AFB) and enterprise activations for Puma India & Tata Communications across 300+ on-ground deployments.
2. Cost & Vendor Governance: Standardized Tier-1 supplier rate cards and enforced milestone SLA contracts.
3. Technical & Process Foundations: AI Data Ops at Instawork (99%+ QA precision) and deep grasp of Incoterms 2020 cross-border logistics.

I have attached my tailored resume and would welcome a brief 5-minute screen this week.

Warm regards,
Aditya Mehra
Phone: +91-7003456624 | Email: adityamehra799@gmail.com
Bengaluru, India",READY_FOR_APPROVAL,2026-09-18,,,,NOT_CONTACTED,,,No,No,No,No,
OUT-STRK-004,PER-STK-STRK-004,,BLR-JOB-009,Manisha Suna,IBM,Supply Chain & Operations Consultant,LinkedIn,Touch 1 InMail,Application: Supply Chain & Operations Consultant — Aditya Mehra,"Subject: Application: Supply Chain & Operations Consultant (BLR-JOB-009) - Aditya Mehra (BBA DSU '26)

Hi Manisha,

I noticed your active talent leadership at IBM and wanted to reach out regarding the Supply Chain & Operations Consultant requisition (BLR-JOB-009) in Bengaluru.

I graduate with a BBA in International Business from Dayananda Sagar University (DSU) in 2026. My core track centers on high-velocity ground execution and operations governance:

1. Operational Rigor: Lead Coordinator at AERO India 2025 (Yelahanka AFB) and enterprise activations for Puma India & Tata Communications across 300+ on-ground deployments.
2. Cost & Vendor Governance: Standardized Tier-1 supplier rate cards and enforced milestone SLA contracts.
3. Technical & Process Foundations: AI Data Ops at Instawork (99%+ QA precision) and deep grasp of Incoterms 2020 cross-border logistics.

I have attached my tailored resume and would welcome a brief 5-minute screen this week.

Warm regards,
Aditya Mehra
Phone: +91-7003456624 | Email: adityamehra799@gmail.com
Bengaluru, India",READY_FOR_APPROVAL,2026-09-18,,,,NOT_CONTACTED,,,No,No,No,No,
OUT-STRK-005,PER-STK-STRK-005,,BLR-JOB-012,Kohely Ghosal,KPMG,Global Risk & Management Trainee,LinkedIn,Touch 1 InMail,Application: Global Risk & Management Trainee — Aditya Mehra,"Subject: Application: Global Risk & Management Trainee (BLR-JOB-012) - Aditya Mehra (BBA DSU '26)

Hi Kohely,

I noticed your active talent leadership at KPMG and wanted to reach out regarding the Global Risk & Management Trainee requisition (BLR-JOB-012) in Bengaluru.

I graduate with a BBA in International Business from Dayananda Sagar University (DSU) in 2026. My core track centers on high-velocity ground execution and operations governance:

1. Operational Rigor: Lead Coordinator at AERO India 2025 (Yelahanka AFB) and enterprise activations for Puma India & Tata Communications across 300+ on-ground deployments.
2. Cost & Vendor Governance: Standardized Tier-1 supplier rate cards and enforced milestone SLA contracts.
3. Technical & Process Foundations: AI Data Ops at Instawork (99%+ QA precision) and deep grasp of Incoterms 2020 cross-border logistics.

I have attached my tailored resume and would welcome a brief 5-minute screen this week.

Warm regards,
Aditya Mehra
Phone: +91-7003456624 | Email: adityamehra799@gmail.com
Bengaluru, India",READY_FOR_APPROVAL,2026-09-18,,,,NOT_CONTACTED,,,No,No,No,No,
OUT-STRK-006,PER-STK-STRK-006,,BLR-JOB-012,Anushka Gupta,KPMG,Global Risk & Management Trainee,LinkedIn,Touch 1 InMail,Application: Global Risk & Management Trainee — Aditya Mehra,"Subject: Application: Global Risk & Management Trainee (BLR-JOB-012) - Aditya Mehra (BBA DSU '26)

Hi Anushka,

I noticed your active talent leadership at KPMG and wanted to reach out regarding the Global Risk & Management Trainee requisition (BLR-JOB-012) in Bengaluru.

I graduate with a BBA in International Business from Dayananda Sagar University (DSU) in 2026. My core track centers on high-velocity ground execution and operations governance:

1. Operational Rigor: Lead Coordinator at AERO India 2025 (Yelahanka AFB) and enterprise activations for Puma India & Tata Communications across 300+ on-ground deployments.
2. Cost & Vendor Governance: Standardized Tier-1 supplier rate cards and enforced milestone SLA contracts.
3. Technical & Process Foundations: AI Data Ops at Instawork (99%+ QA precision) and deep grasp of Incoterms 2020 cross-border logistics.

I have attached my tailored resume and would welcome a brief 5-minute screen this week.

Warm regards,
Aditya Mehra
Phone: +91-7003456624 | Email: adityamehra799@gmail.com
Bengaluru, India",READY_FOR_APPROVAL,2026-09-18,,,,NOT_CONTACTED,,,No,No,No,No,
OUT-STRK-007,PER-STK-STRK-007,,BLR-JOB-012,Mahalakshmi Iyer,KPMG,Global Risk & Management Trainee,LinkedIn,Touch 1 InMail,Application: Global Risk & Management Trainee — Aditya Mehra,"Subject: Application: Global Risk & Management Trainee (BLR-JOB-012) - Aditya Mehra (BBA DSU '26)

Hi Mahalakshmi,

I noticed your active talent leadership at KPMG and wanted to reach out regarding the Global Risk & Management Trainee requisition (BLR-JOB-012) in Bengaluru.

I graduate with a BBA in International Business from Dayananda Sagar University (DSU) in 2026. My core track centers on high-velocity ground execution and operations governance:

1. Operational Rigor: Lead Coordinator at AERO India 2025 (Yelahanka AFB) and enterprise activations for Puma India & Tata Communications across 300+ on-ground deployments.
2. Cost & Vendor Governance: Standardized Tier-1 supplier rate cards and enforced milestone SLA contracts.
3. Technical & Process Foundations: AI Data Ops at Instawork (99%+ QA precision) and deep grasp of Incoterms 2020 cross-border logistics.

I have attached my tailored resume and would welcome a brief 5-minute screen this week.

Warm regards,
Aditya Mehra
Phone: +91-7003456624 | Email: adityamehra799@gmail.com
Bengaluru, India",READY_FOR_APPROVAL,2026-09-18,,,,NOT_CONTACTED,,,No,No,No,No,
OUT-STRK-008,PER-STK-STRK-008,,BLR-JOB-012,Rachana S,KPMG,Global Risk & Management Trainee,LinkedIn,Touch 1 InMail,Application: Global Risk & Management Trainee — Aditya Mehra,"Subject: Application: Global Risk & Management Trainee (BLR-JOB-012) - Aditya Mehra (BBA DSU '26)

Hi Rachana,

I noticed your active talent leadership at KPMG and wanted to reach out regarding the Global Risk & Management Trainee requisition (BLR-JOB-012) in Bengaluru.

I graduate with a BBA in International Business from Dayananda Sagar University (DSU) in 2026. My core track centers on high-velocity ground execution and operations governance:

1. Operational Rigor: Lead Coordinator at AERO India 2025 (Yelahanka AFB) and enterprise activations for Puma India & Tata Communications across 300+ on-ground deployments.
2. Cost & Vendor Governance: Standardized Tier-1 supplier rate cards and enforced milestone SLA contracts.
3. Technical & Process Foundations: AI Data Ops at Instawork (99%+ QA precision) and deep grasp of Incoterms 2020 cross-border logistics.

I have attached my tailored resume and would welcome a brief 5-minute screen this week.

Warm regards,
Aditya Mehra
Phone: +91-7003456624 | Email: adityamehra799@gmail.com
Bengaluru, India",READY_FOR_APPROVAL,2026-09-18,,,,NOT_CONTACTED,,,No,No,No,No,
OUT-STRK-009,PER-STK-STRK-009,,BLR-JOB-012,Anamika Kumari,KPMG,Global Risk & Management Trainee,LinkedIn,Touch 1 InMail,Application: Global Risk & Management Trainee — Aditya Mehra,"Subject: Application: Global Risk & Management Trainee (BLR-JOB-012) - Aditya Mehra (BBA DSU '26)

Hi Anamika,

I noticed your active talent leadership at KPMG and wanted to reach out regarding the Global Risk & Management Trainee requisition (BLR-JOB-012) in Bengaluru.

I graduate with a BBA in International Business from Dayananda Sagar University (DSU) in 2026. My core track centers on high-velocity ground execution and operations governance:

1. Operational Rigor: Lead Coordinator at AERO India 2025 (Yelahanka AFB) and enterprise activations for Puma India & Tata Communications across 300+ on-ground deployments.
2. Cost & Vendor Governance: Standardized Tier-1 supplier rate cards and enforced milestone SLA contracts.
3. Technical & Process Foundations: AI Data Ops at Instawork (99%+ QA precision) and deep grasp of Incoterms 2020 cross-border logistics.

I have attached my tailored resume and would welcome a brief 5-minute screen this week.

Warm regards,
Aditya Mehra
Phone: +91-7003456624 | Email: adityamehra799@gmail.com
Bengaluru, India",READY_FOR_APPROVAL,2026-09-18,,,,NOT_CONTACTED,,,No,No,No,No,
OUT-STRK-010,PER-STK-STRK-010,,BLR-JOB-013,Latha Dhananjay,PricewaterhouseCoopers (PwC),Business Operations Analyst,LinkedIn,Touch 1 InMail,Application: Business Operations Analyst — Aditya Mehra,"Subject: Application: Business Operations Analyst (BLR-JOB-013) - Aditya Mehra (BBA DSU '26)

Hi Latha,

I noticed your active talent leadership at PricewaterhouseCoopers (PwC) and wanted to reach out regarding the Business Operations Analyst requisition (BLR-JOB-013) in Bengaluru.

I graduate with a BBA in International Business from Dayananda Sagar University (DSU) in 2026. My core track centers on high-velocity ground execution and operations governance:

1. Operational Rigor: Lead Coordinator at AERO India 2025 (Yelahanka AFB) and enterprise activations for Puma India & Tata Communications across 300+ on-ground deployments.
2. Cost & Vendor Governance: Standardized Tier-1 supplier rate cards and enforced milestone SLA contracts.
3. Technical & Process Foundations: AI Data Ops at Instawork (99%+ QA precision) and deep grasp of Incoterms 2020 cross-border logistics.

I have attached my tailored resume and would welcome a brief 5-minute screen this week.

Warm regards,
Aditya Mehra
Phone: +91-7003456624 | Email: adityamehra799@gmail.com
Bengaluru, India",READY_FOR_APPROVAL,2026-09-18,,,,NOT_CONTACTED,,,No,No,No,No,
OUT-STRK-011,PER-STK-STRK-011,,BLR-JOB-013,Shalini Jha,PricewaterhouseCoopers (PwC),Business Operations Analyst,LinkedIn,Touch 1 InMail,Application: Business Operations Analyst — Aditya Mehra,"Subject: Application: Business Operations Analyst (BLR-JOB-013) - Aditya Mehra (BBA DSU '26)

Hi Shalini,

I noticed your active talent leadership at PricewaterhouseCoopers (PwC) and wanted to reach out regarding the Business Operations Analyst requisition (BLR-JOB-013) in Bengaluru.

I graduate with a BBA in International Business from Dayananda Sagar University (DSU) in 2026. My core track centers on high-velocity ground execution and operations governance:

1. Operational Rigor: Lead Coordinator at AERO India 2025 (Yelahanka AFB) and enterprise activations for Puma India & Tata Communications across 300+ on-ground deployments.
2. Cost & Vendor Governance: Standardized Tier-1 supplier rate cards and enforced milestone SLA contracts.
3. Technical & Process Foundations: AI Data Ops at Instawork (99%+ QA precision) and deep grasp of Incoterms 2020 cross-border logistics.

I have attached my tailored resume and would welcome a brief 5-minute screen this week.

Warm regards,
Aditya Mehra
Phone: +91-7003456624 | Email: adityamehra799@gmail.com
Bengaluru, India",READY_FOR_APPROVAL,2026-09-18,,,,NOT_CONTACTED,,,No,No,No,No,
OUT-STRK-012,PER-3644,,BLR-JOB-001,SAHHASRA S,Accenture,Global Business Operations & BD Analyst,LinkedIn,Touch 1 InMail,Application: Global Business Operations & BD Analyst — Aditya Mehra,"Subject: Application: Global Business Operations & BD Analyst (BLR-JOB-001) - Aditya Mehra (BBA DSU '26)

Hi SAHHASRA,

I noticed your active talent leadership at Accenture and wanted to reach out regarding the Global Business Operations & BD Analyst requisition (BLR-JOB-001) in Bengaluru.

I graduate with a BBA in International Business from Dayananda Sagar University (DSU) in 2026. My core track centers on high-velocity ground execution and operations governance:

1. Operational Rigor: Lead Coordinator at AERO India 2025 (Yelahanka AFB) and enterprise activations for Puma India & Tata Communications across 300+ on-ground deployments.
2. Cost & Vendor Governance: Standardized Tier-1 supplier rate cards and enforced milestone SLA contracts.
3. Technical & Process Foundations: AI Data Ops at Instawork (99%+ QA precision) and deep grasp of Incoterms 2020 cross-border logistics.

I have attached my tailored resume and would welcome a brief 5-minute screen this week.

Warm regards,
Aditya Mehra
Phone: +91-7003456624 | Email: adityamehra799@gmail.com
Bengaluru, India",READY_FOR_APPROVAL,2026-09-18,,,,NOT_CONTACTED,,,No,No,No,No,
OUT-STRK-013,PER-3744,,BLR-JOB-002,Sinchana B,Deloitte,Risk & Business Operations Advisory Analyst,LinkedIn,Touch 1 InMail,Application: Risk & Business Operations Advisory Analyst — Aditya Mehra,"Subject: Application: Risk & Business Operations Advisory Analyst (BLR-JOB-002) - Aditya Mehra (BBA DSU '26)

Hi Sinchana,

I noticed your active talent leadership at Deloitte and wanted to reach out regarding the Risk & Business Operations Advisory Analyst requisition (BLR-JOB-002) in Bengaluru.

I graduate with a BBA in International Business from Dayananda Sagar University (DSU) in 2026. My core track centers on high-velocity ground execution and operations governance:

1. Operational Rigor: Lead Coordinator at AERO India 2025 (Yelahanka AFB) and enterprise activations for Puma India & Tata Communications across 300+ on-ground deployments.
2. Cost & Vendor Governance: Standardized Tier-1 supplier rate cards and enforced milestone SLA contracts.
3. Technical & Process Foundations: AI Data Ops at Instawork (99%+ QA precision) and deep grasp of Incoterms 2020 cross-border logistics.

I have attached my tailored resume and would welcome a brief 5-minute screen this week.

Warm regards,
Aditya Mehra
Phone: +91-7003456624 | Email: adityamehra799@gmail.com
Bengaluru, India",READY_FOR_APPROVAL,2026-09-18,,,,NOT_CONTACTED,,,No,No,No,No,
OUT-STRK-014,PER-7117,,BLR-JOB-002,Jestina A,Deloitte,Risk & Business Operations Advisory Analyst,LinkedIn,Touch 1 InMail,Application: Risk & Business Operations Advisory Analyst — Aditya Mehra,"Subject: Application: Risk & Business Operations Advisory Analyst (BLR-JOB-002) - Aditya Mehra (BBA DSU '26)

Hi Jestina,

I noticed your active talent leadership at Deloitte and wanted to reach out regarding the Risk & Business Operations Advisory Analyst requisition (BLR-JOB-002) in Bengaluru.

I graduate with a BBA in International Business from Dayananda Sagar University (DSU) in 2026. My core track centers on high-velocity ground execution and operations governance:

1. Operational Rigor: Lead Coordinator at AERO India 2025 (Yelahanka AFB) and enterprise activations for Puma India & Tata Communications across 300+ on-ground deployments.
2. Cost & Vendor Governance: Standardized Tier-1 supplier rate cards and enforced milestone SLA contracts.
3. Technical & Process Foundations: AI Data Ops at Instawork (99%+ QA precision) and deep grasp of Incoterms 2020 cross-border logistics.

I have attached my tailored resume and would welcome a brief 5-minute screen this week.

Warm regards,
Aditya Mehra
Phone: +91-7003456624 | Email: adityamehra799@gmail.com
Bengaluru, India",READY_FOR_APPROVAL,2026-09-18,,,,NOT_CONTACTED,,,No,No,No,No,
OUT-STRK-015,PER-STK-STRK-015,,BLR-JOB-003,Jaya Singh,Ernst & Young (EY),Business Analyst - Global Advisory,LinkedIn,Touch 1 InMail,Application: Business Analyst - Global Advisory — Aditya Mehra,"Subject: Application: Business Analyst - Global Advisory (BLR-JOB-003) - Aditya Mehra (BBA DSU '26)

Hi Jaya,

I noticed your active talent leadership at Ernst & Young (EY) and wanted to reach out regarding the Business Analyst - Global Advisory requisition (BLR-JOB-003) in Bengaluru.

I graduate with a BBA in International Business from Dayananda Sagar University (DSU) in 2026. My core track centers on high-velocity ground execution and operations governance:

1. Operational Rigor: Lead Coordinator at AERO India 2025 (Yelahanka AFB) and enterprise activations for Puma India & Tata Communications across 300+ on-ground deployments.
2. Cost & Vendor Governance: Standardized Tier-1 supplier rate cards and enforced milestone SLA contracts.
3. Technical & Process Foundations: AI Data Ops at Instawork (99%+ QA precision) and deep grasp of Incoterms 2020 cross-border logistics.

I have attached my tailored resume and would welcome a brief 5-minute screen this week.

Warm regards,
Aditya Mehra
Phone: +91-7003456624 | Email: adityamehra799@gmail.com
Bengaluru, India",READY_FOR_APPROVAL,2026-09-18,,,,NOT_CONTACTED,,,No,No,No,No,
OUT-STRK-016,PER-4684,,BLR-JOB-004,Sreeja Govindankutty,Amazon,Operations & Vendor Management Executive,LinkedIn,Touch 1 InMail,Application: Operations & Vendor Management Executive — Aditya Mehra,"Subject: Application: Operations & Vendor Management Executive (BLR-JOB-004) - Aditya Mehra (BBA DSU '26)

Hi Sreeja,

I noticed your active talent leadership at Amazon and wanted to reach out regarding the Operations & Vendor Management Executive requisition (BLR-JOB-004) in Bengaluru.

I graduate with a BBA in International Business from Dayananda Sagar University (DSU) in 2026. My core track centers on high-velocity ground execution and operations governance:

1. Operational Rigor: Lead Coordinator at AERO India 2025 (Yelahanka AFB) and enterprise activations for Puma India & Tata Communications across 300+ on-ground deployments.
2. Cost & Vendor Governance: Standardized Tier-1 supplier rate cards and enforced milestone SLA contracts.
3. Technical & Process Foundations: AI Data Ops at Instawork (99%+ QA precision) and deep grasp of Incoterms 2020 cross-border logistics.

I have attached my tailored resume and would welcome a brief 5-minute screen this week.

Warm regards,
Aditya Mehra
Phone: +91-7003456624 | Email: adityamehra799@gmail.com
Bengaluru, India",READY_FOR_APPROVAL,2026-09-18,,,,NOT_CONTACTED,,,No,No,No,No,
OUT-STRK-017,PER-1121,,BLR-JOB-005,Akshitha R,Goldman Sachs,Global Markets Operations Analyst,LinkedIn,Touch 1 InMail,Application: Global Markets Operations Analyst — Aditya Mehra,"Subject: Application: Global Markets Operations Analyst (BLR-JOB-005) - Aditya Mehra (BBA DSU '26)

Hi Akshitha,

I noticed your active talent leadership at Goldman Sachs and wanted to reach out regarding the Global Markets Operations Analyst requisition (BLR-JOB-005) in Bengaluru.

I graduate with a BBA in International Business from Dayananda Sagar University (DSU) in 2026. My core track centers on high-velocity ground execution and operations governance:

1. Operational Rigor: Lead Coordinator at AERO India 2025 (Yelahanka AFB) and enterprise activations for Puma India & Tata Communications across 300+ on-ground deployments.
2. Cost & Vendor Governance: Standardized Tier-1 supplier rate cards and enforced milestone SLA contracts.
3. Technical & Process Foundations: AI Data Ops at Instawork (99%+ QA precision) and deep grasp of Incoterms 2020 cross-border logistics.

I have attached my tailored resume and would welcome a brief 5-minute screen this week.

Warm regards,
Aditya Mehra
Phone: +91-7003456624 | Email: adityamehra799@gmail.com
Bengaluru, India",READY_FOR_APPROVAL,2026-09-18,,,,NOT_CONTACTED,,,No,No,No,No,
OUT-STRK-018,PER-STK-STRK-018,,BLR-JOB-006,Shweta Sheregar,JPMorgan Chase & Co.,Global Operations & Compliance Associate,LinkedIn,Touch 1 InMail,Application: Global Operations & Compliance Associate — Aditya Mehra,"Subject: Application: Global Operations & Compliance Associate (BLR-JOB-006) - Aditya Mehra (BBA DSU '26)

Hi Shweta,

I noticed your active talent leadership at JPMorgan Chase & Co. and wanted to reach out regarding the Global Operations & Compliance Associate requisition (BLR-JOB-006) in Bengaluru.

I graduate with a BBA in International Business from Dayananda Sagar University (DSU) in 2026. My core track centers on high-velocity ground execution and operations governance:

1. Operational Rigor: Lead Coordinator at AERO India 2025 (Yelahanka AFB) and enterprise activations for Puma India & Tata Communications across 300+ on-ground deployments.
2. Cost & Vendor Governance: Standardized Tier-1 supplier rate cards and enforced milestone SLA contracts.
3. Technical & Process Foundations: AI Data Ops at Instawork (99%+ QA precision) and deep grasp of Incoterms 2020 cross-border logistics.

I have attached my tailored resume and would welcome a brief 5-minute screen this week.

Warm regards,
Aditya Mehra
Phone: +91-7003456624 | Email: adityamehra799@gmail.com
Bengaluru, India",READY_FOR_APPROVAL,2026-09-18,,,,NOT_CONTACTED,,,No,No,No,No,
OUT-STRK-019,PER-7929,,BLR-JOB-009,Preethi Bhat,IBM,Supply Chain & Operations Consultant,LinkedIn,Touch 1 InMail,Application: Supply Chain & Operations Consultant — Aditya Mehra,"Subject: Application: Supply Chain & Operations Consultant (BLR-JOB-009) - Aditya Mehra (BBA DSU '26)

Hi Preethi,

I noticed your active talent leadership at IBM and wanted to reach out regarding the Supply Chain & Operations Consultant requisition (BLR-JOB-009) in Bengaluru.

I graduate with a BBA in International Business from Dayananda Sagar University (DSU) in 2026. My core track centers on high-velocity ground execution and operations governance:

1. Operational Rigor: Lead Coordinator at AERO India 2025 (Yelahanka AFB) and enterprise activations for Puma India & Tata Communications across 300+ on-ground deployments.
2. Cost & Vendor Governance: Standardized Tier-1 supplier rate cards and enforced milestone SLA contracts.
3. Technical & Process Foundations: AI Data Ops at Instawork (99%+ QA precision) and deep grasp of Incoterms 2020 cross-border logistics.

I have attached my tailored resume and would welcome a brief 5-minute screen this week.

Warm regards,
Aditya Mehra
Phone: +91-7003456624 | Email: adityamehra799@gmail.com
Bengaluru, India",READY_FOR_APPROVAL,2026-09-18,,,,NOT_CONTACTED,,,No,No,No,No,
OUT-STRK-020,PER-STK-STRK-020,,BLR-JOB-013,Nikhitha Simon,PricewaterhouseCoopers (PwC),Business Operations Analyst,LinkedIn,Touch 1 InMail,Application: Business Operations Analyst — Aditya Mehra,"Subject: Application: Business Operations Analyst (BLR-JOB-013) - Aditya Mehra (BBA DSU '26)

Hi Nikhitha,

I noticed your active talent leadership at PricewaterhouseCoopers (PwC) and wanted to reach out regarding the Business Operations Analyst requisition (BLR-JOB-013) in Bengaluru.

I graduate with a BBA in International Business from Dayananda Sagar University (DSU) in 2026. My core track centers on high-velocity ground execution and operations governance:

1. Operational Rigor: Lead Coordinator at AERO India 2025 (Yelahanka AFB) and enterprise activations for Puma India & Tata Communications across 300+ on-ground deployments.
2. Cost & Vendor Governance: Standardized Tier-1 supplier rate cards and enforced milestone SLA contracts.
3. Technical & Process Foundations: AI Data Ops at Instawork (99%+ QA precision) and deep grasp of Incoterms 2020 cross-border logistics.

I have attached my tailored resume and would welcome a brief 5-minute screen this week.

Warm regards,
Aditya Mehra
Phone: +91-7003456624 | Email: adityamehra799@gmail.com
Bengaluru, India",READY_FOR_APPROVAL,2026-09-18,,,,NOT_CONTACTED,,,No,No,No,No,
OUT-STRK-021,PER-STK-STRK-021,,BLR-JOB-024,Ammini Swetha Ravindran,Walmart Global Tech,Supply Chain & Retail Operations Analyst,LinkedIn,Touch 1 InMail,Application: Supply Chain & Retail Operations Analyst — Aditya Mehra,"Subject: Application: Supply Chain & Retail Operations Analyst (BLR-JOB-024) - Aditya Mehra (BBA DSU '26)

Hi Ammini,

I noticed your active talent leadership at Walmart Global Tech and wanted to reach out regarding the Supply Chain & Retail Operations Analyst requisition (BLR-JOB-024) in Bengaluru.

I graduate with a BBA in International Business from Dayananda Sagar University (DSU) in 2026. My core track centers on high-velocity ground execution and operations governance:

1. Operational Rigor: Lead Coordinator at AERO India 2025 (Yelahanka AFB) and enterprise activations for Puma India & Tata Communications across 300+ on-ground deployments.
2. Cost & Vendor Governance: Standardized Tier-1 supplier rate cards and enforced milestone SLA contracts.
3. Technical & Process Foundations: AI Data Ops at Instawork (99%+ QA precision) and deep grasp of Incoterms 2020 cross-border logistics.

I have attached my tailored resume and would welcome a brief 5-minute screen this week.

Warm regards,
Aditya Mehra
Phone: +91-7003456624 | Email: adityamehra799@gmail.com
Bengaluru, India",READY_FOR_APPROVAL,2026-09-18,,,,NOT_CONTACTED,,,No,No,No,No,
OUT-STRK-022,PER-6264,,BLR-JOB-037,Chanchala Ugra,Delhivery,Express Freight & Logistics Executive,LinkedIn,Touch 1 InMail,Application: Express Freight & Logistics Executive — Aditya Mehra,"Subject: Application: Express Freight & Logistics Executive (BLR-JOB-037) - Aditya Mehra (BBA DSU '26)

Hi Chanchala,

I noticed your active talent leadership at Delhivery and wanted to reach out regarding the Express Freight & Logistics Executive requisition (BLR-JOB-037) in Bengaluru.

I graduate with a BBA in International Business from Dayananda Sagar University (DSU) in 2026. My core track centers on high-velocity ground execution and operations governance:

1. Operational Rigor: Lead Coordinator at AERO India 2025 (Yelahanka AFB) and enterprise activations for Puma India & Tata Communications across 300+ on-ground deployments.
2. Cost & Vendor Governance: Standardized Tier-1 supplier rate cards and enforced milestone SLA contracts.
3. Technical & Process Foundations: AI Data Ops at Instawork (99%+ QA precision) and deep grasp of Incoterms 2020 cross-border logistics.

I have attached my tailored resume and would welcome a brief 5-minute screen this week.

Warm regards,
Aditya Mehra
Phone: +91-7003456624 | Email: adityamehra799@gmail.com
Bengaluru, India",READY_FOR_APPROVAL,2026-09-18,,,,NOT_CONTACTED,,,No,No,No,No,
OUT-STRK-023,PER-2360,,BLR-JOB-001,Vijetha Puthran,Accenture,Global Business Operations & BD Analyst,LinkedIn,Touch 1 InMail,Application: Global Business Operations & BD Analyst — Aditya Mehra,"Subject: Application: Global Business Operations & BD Analyst (BLR-JOB-001) - Aditya Mehra (BBA DSU '26)

Hi Vijetha,

I noticed your active talent leadership at Accenture and wanted to reach out regarding the Global Business Operations & BD Analyst requisition (BLR-JOB-001) in Bengaluru.

I graduate with a BBA in International Business from Dayananda Sagar University (DSU) in 2026. My core track centers on high-velocity ground execution and operations governance:

1. Operational Rigor: Lead Coordinator at AERO India 2025 (Yelahanka AFB) and enterprise activations for Puma India & Tata Communications across 300+ on-ground deployments.
2. Cost & Vendor Governance: Standardized Tier-1 supplier rate cards and enforced milestone SLA contracts.
3. Technical & Process Foundations: AI Data Ops at Instawork (99%+ QA precision) and deep grasp of Incoterms 2020 cross-border logistics.

I have attached my tailored resume and would welcome a brief 5-minute screen this week.

Warm regards,
Aditya Mehra
Phone: +91-7003456624 | Email: adityamehra799@gmail.com
Bengaluru, India",READY_FOR_APPROVAL,2026-09-18,,,,NOT_CONTACTED,,,No,No,No,No,
OUT-STRK-024,PER-6967,,BLR-JOB-001,Navya L,Accenture,Global Business Operations & BD Analyst,LinkedIn,Touch 1 InMail,Application: Global Business Operations & BD Analyst — Aditya Mehra,"Subject: Application: Global Business Operations & BD Analyst (BLR-JOB-001) - Aditya Mehra (BBA DSU '26)

Hi Navya,

I noticed your active talent leadership at Accenture and wanted to reach out regarding the Global Business Operations & BD Analyst requisition (BLR-JOB-001) in Bengaluru.

I graduate with a BBA in International Business from Dayananda Sagar University (DSU) in 2026. My core track centers on high-velocity ground execution and operations governance:

1. Operational Rigor: Lead Coordinator at AERO India 2025 (Yelahanka AFB) and enterprise activations for Puma India & Tata Communications across 300+ on-ground deployments.
2. Cost & Vendor Governance: Standardized Tier-1 supplier rate cards and enforced milestone SLA contracts.
3. Technical & Process Foundations: AI Data Ops at Instawork (99%+ QA precision) and deep grasp of Incoterms 2020 cross-border logistics.

I have attached my tailored resume and would welcome a brief 5-minute screen this week.

Warm regards,
Aditya Mehra
Phone: +91-7003456624 | Email: adityamehra799@gmail.com
Bengaluru, India",READY_FOR_APPROVAL,2026-09-18,,,,NOT_CONTACTED,,,No,No,No,No,
OUT-STRK-025,PER-3625,,BLR-JOB-002,Anitha Bhombore,Deloitte,Risk & Business Operations Advisory Analyst,LinkedIn,Touch 1 InMail,Application: Risk & Business Operations Advisory Analyst — Aditya Mehra,"Subject: Application: Risk & Business Operations Advisory Analyst (BLR-JOB-002) - Aditya Mehra (BBA DSU '26)

Hi Anitha,

I noticed your active talent leadership at Deloitte and wanted to reach out regarding the Risk & Business Operations Advisory Analyst requisition (BLR-JOB-002) in Bengaluru.

I graduate with a BBA in International Business from Dayananda Sagar University (DSU) in 2026. My core track centers on high-velocity ground execution and operations governance:

1. Operational Rigor: Lead Coordinator at AERO India 2025 (Yelahanka AFB) and enterprise activations for Puma India & Tata Communications across 300+ on-ground deployments.
2. Cost & Vendor Governance: Standardized Tier-1 supplier rate cards and enforced milestone SLA contracts.
3. Technical & Process Foundations: AI Data Ops at Instawork (99%+ QA precision) and deep grasp of Incoterms 2020 cross-border logistics.

I have attached my tailored resume and would welcome a brief 5-minute screen this week.

Warm regards,
Aditya Mehra
Phone: +91-7003456624 | Email: adityamehra799@gmail.com
Bengaluru, India",READY_FOR_APPROVAL,2026-09-18,,,,NOT_CONTACTED,,,No,No,No,No,
OUT-STRK-026,PER-STK-STRK-026,,BLR-JOB-003,ASHWINI CHANDRASHEKHAR,Ernst & Young (EY),Business Analyst - Global Advisory,LinkedIn,Touch 1 InMail,Application: Business Analyst - Global Advisory — Aditya Mehra,"Subject: Application: Business Analyst - Global Advisory (BLR-JOB-003) - Aditya Mehra (BBA DSU '26)

Hi ASHWINI,

I noticed your active talent leadership at Ernst & Young (EY) and wanted to reach out regarding the Business Analyst - Global Advisory requisition (BLR-JOB-003) in Bengaluru.

I graduate with a BBA in International Business from Dayananda Sagar University (DSU) in 2026. My core track centers on high-velocity ground execution and operations governance:

1. Operational Rigor: Lead Coordinator at AERO India 2025 (Yelahanka AFB) and enterprise activations for Puma India & Tata Communications across 300+ on-ground deployments.
2. Cost & Vendor Governance: Standardized Tier-1 supplier rate cards and enforced milestone SLA contracts.
3. Technical & Process Foundations: AI Data Ops at Instawork (99%+ QA precision) and deep grasp of Incoterms 2020 cross-border logistics.

I have attached my tailored resume and would welcome a brief 5-minute screen this week.

Warm regards,
Aditya Mehra
Phone: +91-7003456624 | Email: adityamehra799@gmail.com
Bengaluru, India",READY_FOR_APPROVAL,2026-09-18,,,,NOT_CONTACTED,,,No,No,No,No,
OUT-STRK-027,PER-1828,,BLR-JOB-009,Sandhya B Sriram,IBM,Supply Chain & Operations Consultant,LinkedIn,Touch 1 InMail,Application: Supply Chain & Operations Consultant — Aditya Mehra,"Subject: Application: Supply Chain & Operations Consultant (BLR-JOB-009) - Aditya Mehra (BBA DSU '26)

Hi Sandhya,

I noticed your active talent leadership at IBM and wanted to reach out regarding the Supply Chain & Operations Consultant requisition (BLR-JOB-009) in Bengaluru.

I graduate with a BBA in International Business from Dayananda Sagar University (DSU) in 2026. My core track centers on high-velocity ground execution and operations governance:

1. Operational Rigor: Lead Coordinator at AERO India 2025 (Yelahanka AFB) and enterprise activations for Puma India & Tata Communications across 300+ on-ground deployments.
2. Cost & Vendor Governance: Standardized Tier-1 supplier rate cards and enforced milestone SLA contracts.
3. Technical & Process Foundations: AI Data Ops at Instawork (99%+ QA precision) and deep grasp of Incoterms 2020 cross-border logistics.

I have attached my tailored resume and would welcome a brief 5-minute screen this week.

Warm regards,
Aditya Mehra
Phone: +91-7003456624 | Email: adityamehra799@gmail.com
Bengaluru, India",READY_FOR_APPROVAL,2026-09-18,,,,NOT_CONTACTED,,,No,No,No,No,
OUT-STRK-028,PER-4738,,BLR-JOB-019,Ashwini Ramdas,Microsoft,Business Operations Analyst,LinkedIn,Touch 1 InMail,Application: Business Operations Analyst — Aditya Mehra,"Subject: Application: Business Operations Analyst (BLR-JOB-019) - Aditya Mehra (BBA DSU '26)

Hi Ashwini,

I noticed your active talent leadership at Microsoft and wanted to reach out regarding the Business Operations Analyst requisition (BLR-JOB-019) in Bengaluru.

I graduate with a BBA in International Business from Dayananda Sagar University (DSU) in 2026. My core track centers on high-velocity ground execution and operations governance:

1. Operational Rigor: Lead Coordinator at AERO India 2025 (Yelahanka AFB) and enterprise activations for Puma India & Tata Communications across 300+ on-ground deployments.
2. Cost & Vendor Governance: Standardized Tier-1 supplier rate cards and enforced milestone SLA contracts.
3. Technical & Process Foundations: AI Data Ops at Instawork (99%+ QA precision) and deep grasp of Incoterms 2020 cross-border logistics.

I have attached my tailored resume and would welcome a brief 5-minute screen this week.

Warm regards,
Aditya Mehra
Phone: +91-7003456624 | Email: adityamehra799@gmail.com
Bengaluru, India",READY_FOR_APPROVAL,2026-09-18,,,,NOT_CONTACTED,,,No,No,No,No,
OUT-STRK-029,PER-582,,BLR-JOB-001,Samiksha Sharma,Accenture,Global Business Operations & BD Analyst,LinkedIn,Touch 1 InMail,Application: Global Business Operations & BD Analyst — Aditya Mehra,"Subject: Application: Global Business Operations & BD Analyst (BLR-JOB-001) - Aditya Mehra (BBA DSU '26)

Hi Samiksha,

I noticed your active talent leadership at Accenture and wanted to reach out regarding the Global Business Operations & BD Analyst requisition (BLR-JOB-001) in Bengaluru.

I graduate with a BBA in International Business from Dayananda Sagar University (DSU) in 2026. My core track centers on high-velocity ground execution and operations governance:

1. Operational Rigor: Lead Coordinator at AERO India 2025 (Yelahanka AFB) and enterprise activations for Puma India & Tata Communications across 300+ on-ground deployments.
2. Cost & Vendor Governance: Standardized Tier-1 supplier rate cards and enforced milestone SLA contracts.
3. Technical & Process Foundations: AI Data Ops at Instawork (99%+ QA precision) and deep grasp of Incoterms 2020 cross-border logistics.

I have attached my tailored resume and would welcome a brief 5-minute screen this week.

Warm regards,
Aditya Mehra
Phone: +91-7003456624 | Email: adityamehra799@gmail.com
Bengaluru, India",READY_FOR_APPROVAL,2026-09-18,,,,NOT_CONTACTED,,,No,No,No,No,
OUT-STRK-030,PER-1301,,BLR-JOB-001,Himanshi Sahu,Accenture,Global Business Operations & BD Analyst,LinkedIn,Touch 1 InMail,Application: Global Business Operations & BD Analyst — Aditya Mehra,"Subject: Application: Global Business Operations & BD Analyst (BLR-JOB-001) - Aditya Mehra (BBA DSU '26)

Hi Himanshi,

I noticed your active talent leadership at Accenture and wanted to reach out regarding the Global Business Operations & BD Analyst requisition (BLR-JOB-001) in Bengaluru.

I graduate with a BBA in International Business from Dayananda Sagar University (DSU) in 2026. My core track centers on high-velocity ground execution and operations governance:

1. Operational Rigor: Lead Coordinator at AERO India 2025 (Yelahanka AFB) and enterprise activations for Puma India & Tata Communications across 300+ on-ground deployments.
2. Cost & Vendor Governance: Standardized Tier-1 supplier rate cards and enforced milestone SLA contracts.
3. Technical & Process Foundations: AI Data Ops at Instawork (99%+ QA precision) and deep grasp of Incoterms 2020 cross-border logistics.

I have attached my tailored resume and would welcome a brief 5-minute screen this week.

Warm regards,
Aditya Mehra
Phone: +91-7003456624 | Email: adityamehra799@gmail.com
Bengaluru, India",READY_FOR_APPROVAL,2026-09-18,,,,NOT_CONTACTED,,,No,No,No,No,
OUT-STRK-031,PER-2596,,BLR-JOB-001,Keerthana Venkatesan,Accenture,Global Business Operations & BD Analyst,LinkedIn,Touch 1 InMail,Application: Global Business Operations & BD Analyst — Aditya Mehra,"Subject: Application: Global Business Operations & BD Analyst (BLR-JOB-001) - Aditya Mehra (BBA DSU '26)

Hi Keerthana,

I noticed your active talent leadership at Accenture and wanted to reach out regarding the Global Business Operations & BD Analyst requisition (BLR-JOB-001) in Bengaluru.

I graduate with a BBA in International Business from Dayananda Sagar University (DSU) in 2026. My core track centers on high-velocity ground execution and operations governance:

1. Operational Rigor: Lead Coordinator at AERO India 2025 (Yelahanka AFB) and enterprise activations for Puma India & Tata Communications across 300+ on-ground deployments.
2. Cost & Vendor Governance: Standardized Tier-1 supplier rate cards and enforced milestone SLA contracts.
3. Technical & Process Foundations: AI Data Ops at Instawork (99%+ QA precision) and deep grasp of Incoterms 2020 cross-border logistics.

I have attached my tailored resume and would welcome a brief 5-minute screen this week.

Warm regards,
Aditya Mehra
Phone: +91-7003456624 | Email: adityamehra799@gmail.com
Bengaluru, India",READY_FOR_APPROVAL,2026-09-18,,,,NOT_CONTACTED,,,No,No,No,No,
OUT-STRK-032,PER-2633,,BLR-JOB-001,Nisha Sree,Accenture,Global Business Operations & BD Analyst,LinkedIn,Touch 1 InMail,Application: Global Business Operations & BD Analyst — Aditya Mehra,"Subject: Application: Global Business Operations & BD Analyst (BLR-JOB-001) - Aditya Mehra (BBA DSU '26)

Hi Nisha,

I noticed your active talent leadership at Accenture and wanted to reach out regarding the Global Business Operations & BD Analyst requisition (BLR-JOB-001) in Bengaluru.

I graduate with a BBA in International Business from Dayananda Sagar University (DSU) in 2026. My core track centers on high-velocity ground execution and operations governance:

1. Operational Rigor: Lead Coordinator at AERO India 2025 (Yelahanka AFB) and enterprise activations for Puma India & Tata Communications across 300+ on-ground deployments.
2. Cost & Vendor Governance: Standardized Tier-1 supplier rate cards and enforced milestone SLA contracts.
3. Technical & Process Foundations: AI Data Ops at Instawork (99%+ QA precision) and deep grasp of Incoterms 2020 cross-border logistics.

I have attached my tailored resume and would welcome a brief 5-minute screen this week.

Warm regards,
Aditya Mehra
Phone: +91-7003456624 | Email: adityamehra799@gmail.com
Bengaluru, India",READY_FOR_APPROVAL,2026-09-18,,,,NOT_CONTACTED,,,No,No,No,No,
OUT-STRK-033,PER-3538,,BLR-JOB-001,Rashmi Kanta Kumari,Accenture,Global Business Operations & BD Analyst,LinkedIn,Touch 1 InMail,Application: Global Business Operations & BD Analyst — Aditya Mehra,"Subject: Application: Global Business Operations & BD Analyst (BLR-JOB-001) - Aditya Mehra (BBA DSU '26)

Hi Rashmi,

I noticed your active talent leadership at Accenture and wanted to reach out regarding the Global Business Operations & BD Analyst requisition (BLR-JOB-001) in Bengaluru.

I graduate with a BBA in International Business from Dayananda Sagar University (DSU) in 2026. My core track centers on high-velocity ground execution and operations governance:

1. Operational Rigor: Lead Coordinator at AERO India 2025 (Yelahanka AFB) and enterprise activations for Puma India & Tata Communications across 300+ on-ground deployments.
2. Cost & Vendor Governance: Standardized Tier-1 supplier rate cards and enforced milestone SLA contracts.
3. Technical & Process Foundations: AI Data Ops at Instawork (99%+ QA precision) and deep grasp of Incoterms 2020 cross-border logistics.

I have attached my tailored resume and would welcome a brief 5-minute screen this week.

Warm regards,
Aditya Mehra
Phone: +91-7003456624 | Email: adityamehra799@gmail.com
Bengaluru, India",READY_FOR_APPROVAL,2026-09-18,,,,NOT_CONTACTED,,,No,No,No,No,
OUT-STRK-034,PER-4397,,BLR-JOB-001,Bharani S,Accenture,Global Business Operations & BD Analyst,LinkedIn,Touch 1 InMail,Application: Global Business Operations & BD Analyst — Aditya Mehra,"Subject: Application: Global Business Operations & BD Analyst (BLR-JOB-001) - Aditya Mehra (BBA DSU '26)

Hi Bharani,

I noticed your active talent leadership at Accenture and wanted to reach out regarding the Global Business Operations & BD Analyst requisition (BLR-JOB-001) in Bengaluru.

I graduate with a BBA in International Business from Dayananda Sagar University (DSU) in 2026. My core track centers on high-velocity ground execution and operations governance:

1. Operational Rigor: Lead Coordinator at AERO India 2025 (Yelahanka AFB) and enterprise activations for Puma India & Tata Communications across 300+ on-ground deployments.
2. Cost & Vendor Governance: Standardized Tier-1 supplier rate cards and enforced milestone SLA contracts.
3. Technical & Process Foundations: AI Data Ops at Instawork (99%+ QA precision) and deep grasp of Incoterms 2020 cross-border logistics.

I have attached my tailored resume and would welcome a brief 5-minute screen this week.

Warm regards,
Aditya Mehra
Phone: +91-7003456624 | Email: adityamehra799@gmail.com
Bengaluru, India",READY_FOR_APPROVAL,2026-09-18,,,,NOT_CONTACTED,,,No,No,No,No,
OUT-STRK-035,PER-4563,,BLR-JOB-001,Shruti Gupta,Accenture,Global Business Operations & BD Analyst,LinkedIn,Touch 1 InMail,Application: Global Business Operations & BD Analyst — Aditya Mehra,"Subject: Application: Global Business Operations & BD Analyst (BLR-JOB-001) - Aditya Mehra (BBA DSU '26)

Hi Shruti,

I noticed your active talent leadership at Accenture and wanted to reach out regarding the Global Business Operations & BD Analyst requisition (BLR-JOB-001) in Bengaluru.

I graduate with a BBA in International Business from Dayananda Sagar University (DSU) in 2026. My core track centers on high-velocity ground execution and operations governance:

1. Operational Rigor: Lead Coordinator at AERO India 2025 (Yelahanka AFB) and enterprise activations for Puma India & Tata Communications across 300+ on-ground deployments.
2. Cost & Vendor Governance: Standardized Tier-1 supplier rate cards and enforced milestone SLA contracts.
3. Technical & Process Foundations: AI Data Ops at Instawork (99%+ QA precision) and deep grasp of Incoterms 2020 cross-border logistics.

I have attached my tailored resume and would welcome a brief 5-minute screen this week.

Warm regards,
Aditya Mehra
Phone: +91-7003456624 | Email: adityamehra799@gmail.com
Bengaluru, India",READY_FOR_APPROVAL,2026-09-18,,,,NOT_CONTACTED,,,No,No,No,No,
OUT-STRK-036,PER-6216,,BLR-JOB-001,Ruhi Taslim M,Accenture,Global Business Operations & BD Analyst,LinkedIn,Touch 1 InMail,Application: Global Business Operations & BD Analyst — Aditya Mehra,"Subject: Application: Global Business Operations & BD Analyst (BLR-JOB-001) - Aditya Mehra (BBA DSU '26)

Hi Ruhi,

I noticed your active talent leadership at Accenture and wanted to reach out regarding the Global Business Operations & BD Analyst requisition (BLR-JOB-001) in Bengaluru.

I graduate with a BBA in International Business from Dayananda Sagar University (DSU) in 2026. My core track centers on high-velocity ground execution and operations governance:

1. Operational Rigor: Lead Coordinator at AERO India 2025 (Yelahanka AFB) and enterprise activations for Puma India & Tata Communications across 300+ on-ground deployments.
2. Cost & Vendor Governance: Standardized Tier-1 supplier rate cards and enforced milestone SLA contracts.
3. Technical & Process Foundations: AI Data Ops at Instawork (99%+ QA precision) and deep grasp of Incoterms 2020 cross-border logistics.

I have attached my tailored resume and would welcome a brief 5-minute screen this week.

Warm regards,
Aditya Mehra
Phone: +91-7003456624 | Email: adityamehra799@gmail.com
Bengaluru, India",READY_FOR_APPROVAL,2026-09-18,,,,NOT_CONTACTED,,,No,No,No,No,
OUT-STRK-037,PER-6489,,BLR-JOB-001,Sai Keerthana K,Accenture,Global Business Operations & BD Analyst,LinkedIn,Touch 1 InMail,Application: Global Business Operations & BD Analyst — Aditya Mehra,"Subject: Application: Global Business Operations & BD Analyst (BLR-JOB-001) - Aditya Mehra (BBA DSU '26)

Hi Sai,

I noticed your active talent leadership at Accenture and wanted to reach out regarding the Global Business Operations & BD Analyst requisition (BLR-JOB-001) in Bengaluru.

I graduate with a BBA in International Business from Dayananda Sagar University (DSU) in 2026. My core track centers on high-velocity ground execution and operations governance:

1. Operational Rigor: Lead Coordinator at AERO India 2025 (Yelahanka AFB) and enterprise activations for Puma India & Tata Communications across 300+ on-ground deployments.
2. Cost & Vendor Governance: Standardized Tier-1 supplier rate cards and enforced milestone SLA contracts.
3. Technical & Process Foundations: AI Data Ops at Instawork (99%+ QA precision) and deep grasp of Incoterms 2020 cross-border logistics.

I have attached my tailored resume and would welcome a brief 5-minute screen this week.

Warm regards,
Aditya Mehra
Phone: +91-7003456624 | Email: adityamehra799@gmail.com
Bengaluru, India",READY_FOR_APPROVAL,2026-09-18,,,,NOT_CONTACTED,,,No,No,No,No,
OUT-STRK-038,PER-6650,,BLR-JOB-001,Shivangi Tripathi,Accenture,Global Business Operations & BD Analyst,LinkedIn,Touch 1 InMail,Application: Global Business Operations & BD Analyst — Aditya Mehra,"Subject: Application: Global Business Operations & BD Analyst (BLR-JOB-001) - Aditya Mehra (BBA DSU '26)

Hi Shivangi,

I noticed your active talent leadership at Accenture and wanted to reach out regarding the Global Business Operations & BD Analyst requisition (BLR-JOB-001) in Bengaluru.

I graduate with a BBA in International Business from Dayananda Sagar University (DSU) in 2026. My core track centers on high-velocity ground execution and operations governance:

1. Operational Rigor: Lead Coordinator at AERO India 2025 (Yelahanka AFB) and enterprise activations for Puma India & Tata Communications across 300+ on-ground deployments.
2. Cost & Vendor Governance: Standardized Tier-1 supplier rate cards and enforced milestone SLA contracts.
3. Technical & Process Foundations: AI Data Ops at Instawork (99%+ QA precision) and deep grasp of Incoterms 2020 cross-border logistics.

I have attached my tailored resume and would welcome a brief 5-minute screen this week.

Warm regards,
Aditya Mehra
Phone: +91-7003456624 | Email: adityamehra799@gmail.com
Bengaluru, India",READY_FOR_APPROVAL,2026-09-18,,,,NOT_CONTACTED,,,No,No,No,No,
OUT-STRK-039,PER-6689,,BLR-JOB-001,Akshata Dharnatti,Accenture,Global Business Operations & BD Analyst,LinkedIn,Touch 1 InMail,Application: Global Business Operations & BD Analyst — Aditya Mehra,"Subject: Application: Global Business Operations & BD Analyst (BLR-JOB-001) - Aditya Mehra (BBA DSU '26)

Hi Akshata,

I noticed your active talent leadership at Accenture and wanted to reach out regarding the Global Business Operations & BD Analyst requisition (BLR-JOB-001) in Bengaluru.

I graduate with a BBA in International Business from Dayananda Sagar University (DSU) in 2026. My core track centers on high-velocity ground execution and operations governance:

1. Operational Rigor: Lead Coordinator at AERO India 2025 (Yelahanka AFB) and enterprise activations for Puma India & Tata Communications across 300+ on-ground deployments.
2. Cost & Vendor Governance: Standardized Tier-1 supplier rate cards and enforced milestone SLA contracts.
3. Technical & Process Foundations: AI Data Ops at Instawork (99%+ QA precision) and deep grasp of Incoterms 2020 cross-border logistics.

I have attached my tailored resume and would welcome a brief 5-minute screen this week.

Warm regards,
Aditya Mehra
Phone: +91-7003456624 | Email: adityamehra799@gmail.com
Bengaluru, India",READY_FOR_APPROVAL,2026-09-18,,,,NOT_CONTACTED,,,No,No,No,No,
OUT-STRK-040,PER-6714,,BLR-JOB-001,Sushma Rani M,Accenture,Global Business Operations & BD Analyst,LinkedIn,Touch 1 InMail,Application: Global Business Operations & BD Analyst — Aditya Mehra,"Subject: Application: Global Business Operations & BD Analyst (BLR-JOB-001) - Aditya Mehra (BBA DSU '26)

Hi Sushma,

I noticed your active talent leadership at Accenture and wanted to reach out regarding the Global Business Operations & BD Analyst requisition (BLR-JOB-001) in Bengaluru.

I graduate with a BBA in International Business from Dayananda Sagar University (DSU) in 2026. My core track centers on high-velocity ground execution and operations governance:

1. Operational Rigor: Lead Coordinator at AERO India 2025 (Yelahanka AFB) and enterprise activations for Puma India & Tata Communications across 300+ on-ground deployments.
2. Cost & Vendor Governance: Standardized Tier-1 supplier rate cards and enforced milestone SLA contracts.
3. Technical & Process Foundations: AI Data Ops at Instawork (99%+ QA precision) and deep grasp of Incoterms 2020 cross-border logistics.

I have attached my tailored resume and would welcome a brief 5-minute screen this week.

Warm regards,
Aditya Mehra
Phone: +91-7003456624 | Email: adityamehra799@gmail.com
Bengaluru, India",READY_FOR_APPROVAL,2026-09-18,,,,NOT_CONTACTED,,,No,No,No,No,
OUT-STRK-041,PER-6775,,BLR-JOB-001,Fathima Kauser,Accenture,Global Business Operations & BD Analyst,LinkedIn,Touch 1 InMail,Application: Global Business Operations & BD Analyst — Aditya Mehra,"Subject: Application: Global Business Operations & BD Analyst (BLR-JOB-001) - Aditya Mehra (BBA DSU '26)

Hi Fathima,

I noticed your active talent leadership at Accenture and wanted to reach out regarding the Global Business Operations & BD Analyst requisition (BLR-JOB-001) in Bengaluru.

I graduate with a BBA in International Business from Dayananda Sagar University (DSU) in 2026. My core track centers on high-velocity ground execution and operations governance:

1. Operational Rigor: Lead Coordinator at AERO India 2025 (Yelahanka AFB) and enterprise activations for Puma India & Tata Communications across 300+ on-ground deployments.
2. Cost & Vendor Governance: Standardized Tier-1 supplier rate cards and enforced milestone SLA contracts.
3. Technical & Process Foundations: AI Data Ops at Instawork (99%+ QA precision) and deep grasp of Incoterms 2020 cross-border logistics.

I have attached my tailored resume and would welcome a brief 5-minute screen this week.

Warm regards,
Aditya Mehra
Phone: +91-7003456624 | Email: adityamehra799@gmail.com
Bengaluru, India",READY_FOR_APPROVAL,2026-09-18,,,,NOT_CONTACTED,,,No,No,No,No,
OUT-STRK-042,PER-6863,,BLR-JOB-001,Poojaa P,Accenture,Global Business Operations & BD Analyst,LinkedIn,Touch 1 InMail,Application: Global Business Operations & BD Analyst — Aditya Mehra,"Subject: Application: Global Business Operations & BD Analyst (BLR-JOB-001) - Aditya Mehra (BBA DSU '26)

Hi Poojaa,

I noticed your active talent leadership at Accenture and wanted to reach out regarding the Global Business Operations & BD Analyst requisition (BLR-JOB-001) in Bengaluru.

I graduate with a BBA in International Business from Dayananda Sagar University (DSU) in 2026. My core track centers on high-velocity ground execution and operations governance:

1. Operational Rigor: Lead Coordinator at AERO India 2025 (Yelahanka AFB) and enterprise activations for Puma India & Tata Communications across 300+ on-ground deployments.
2. Cost & Vendor Governance: Standardized Tier-1 supplier rate cards and enforced milestone SLA contracts.
3. Technical & Process Foundations: AI Data Ops at Instawork (99%+ QA precision) and deep grasp of Incoterms 2020 cross-border logistics.

I have attached my tailored resume and would welcome a brief 5-minute screen this week.

Warm regards,
Aditya Mehra
Phone: +91-7003456624 | Email: adityamehra799@gmail.com
Bengaluru, India",READY_FOR_APPROVAL,2026-09-18,,,,NOT_CONTACTED,,,No,No,No,No,
OUT-STRK-043,PER-6877,,BLR-JOB-001,Mageswari N,Accenture,Global Business Operations & BD Analyst,LinkedIn,Touch 1 InMail,Application: Global Business Operations & BD Analyst — Aditya Mehra,"Subject: Application: Global Business Operations & BD Analyst (BLR-JOB-001) - Aditya Mehra (BBA DSU '26)

Hi Mageswari,

I noticed your active talent leadership at Accenture and wanted to reach out regarding the Global Business Operations & BD Analyst requisition (BLR-JOB-001) in Bengaluru.

I graduate with a BBA in International Business from Dayananda Sagar University (DSU) in 2026. My core track centers on high-velocity ground execution and operations governance:

1. Operational Rigor: Lead Coordinator at AERO India 2025 (Yelahanka AFB) and enterprise activations for Puma India & Tata Communications across 300+ on-ground deployments.
2. Cost & Vendor Governance: Standardized Tier-1 supplier rate cards and enforced milestone SLA contracts.
3. Technical & Process Foundations: AI Data Ops at Instawork (99%+ QA precision) and deep grasp of Incoterms 2020 cross-border logistics.

I have attached my tailored resume and would welcome a brief 5-minute screen this week.

Warm regards,
Aditya Mehra
Phone: +91-7003456624 | Email: adityamehra799@gmail.com
Bengaluru, India",READY_FOR_APPROVAL,2026-09-18,,,,NOT_CONTACTED,,,No,No,No,No,
OUT-STRK-044,PER-7151,,BLR-JOB-001,Sowmya C,Accenture,Global Business Operations & BD Analyst,LinkedIn,Touch 1 InMail,Application: Global Business Operations & BD Analyst — Aditya Mehra,"Subject: Application: Global Business Operations & BD Analyst (BLR-JOB-001) - Aditya Mehra (BBA DSU '26)

Hi Sowmya,

I noticed your active talent leadership at Accenture and wanted to reach out regarding the Global Business Operations & BD Analyst requisition (BLR-JOB-001) in Bengaluru.

I graduate with a BBA in International Business from Dayananda Sagar University (DSU) in 2026. My core track centers on high-velocity ground execution and operations governance:

1. Operational Rigor: Lead Coordinator at AERO India 2025 (Yelahanka AFB) and enterprise activations for Puma India & Tata Communications across 300+ on-ground deployments.
2. Cost & Vendor Governance: Standardized Tier-1 supplier rate cards and enforced milestone SLA contracts.
3. Technical & Process Foundations: AI Data Ops at Instawork (99%+ QA precision) and deep grasp of Incoterms 2020 cross-border logistics.

I have attached my tailored resume and would welcome a brief 5-minute screen this week.

Warm regards,
Aditya Mehra
Phone: +91-7003456624 | Email: adityamehra799@gmail.com
Bengaluru, India",READY_FOR_APPROVAL,2026-09-18,,,,NOT_CONTACTED,,,No,No,No,No,
OUT-STRK-045,PER-7164,,BLR-JOB-001,Tejaswini C,Accenture,Global Business Operations & BD Analyst,LinkedIn,Touch 1 InMail,Application: Global Business Operations & BD Analyst — Aditya Mehra,"Subject: Application: Global Business Operations & BD Analyst (BLR-JOB-001) - Aditya Mehra (BBA DSU '26)

Hi Tejaswini,

I noticed your active talent leadership at Accenture and wanted to reach out regarding the Global Business Operations & BD Analyst requisition (BLR-JOB-001) in Bengaluru.

I graduate with a BBA in International Business from Dayananda Sagar University (DSU) in 2026. My core track centers on high-velocity ground execution and operations governance:

1. Operational Rigor: Lead Coordinator at AERO India 2025 (Yelahanka AFB) and enterprise activations for Puma India & Tata Communications across 300+ on-ground deployments.
2. Cost & Vendor Governance: Standardized Tier-1 supplier rate cards and enforced milestone SLA contracts.
3. Technical & Process Foundations: AI Data Ops at Instawork (99%+ QA precision) and deep grasp of Incoterms 2020 cross-border logistics.

I have attached my tailored resume and would welcome a brief 5-minute screen this week.

Warm regards,
Aditya Mehra
Phone: +91-7003456624 | Email: adityamehra799@gmail.com
Bengaluru, India",READY_FOR_APPROVAL,2026-09-18,,,,NOT_CONTACTED,,,No,No,No,No,
OUT-STRK-046,PER-7191,,BLR-JOB-001,Hari Chandana,Accenture,Global Business Operations & BD Analyst,LinkedIn,Touch 1 InMail,Application: Global Business Operations & BD Analyst — Aditya Mehra,"Subject: Application: Global Business Operations & BD Analyst (BLR-JOB-001) - Aditya Mehra (BBA DSU '26)

Hi Hari,

I noticed your active talent leadership at Accenture and wanted to reach out regarding the Global Business Operations & BD Analyst requisition (BLR-JOB-001) in Bengaluru.

I graduate with a BBA in International Business from Dayananda Sagar University (DSU) in 2026. My core track centers on high-velocity ground execution and operations governance:

1. Operational Rigor: Lead Coordinator at AERO India 2025 (Yelahanka AFB) and enterprise activations for Puma India & Tata Communications across 300+ on-ground deployments.
2. Cost & Vendor Governance: Standardized Tier-1 supplier rate cards and enforced milestone SLA contracts.
3. Technical & Process Foundations: AI Data Ops at Instawork (99%+ QA precision) and deep grasp of Incoterms 2020 cross-border logistics.

I have attached my tailored resume and would welcome a brief 5-minute screen this week.

Warm regards,
Aditya Mehra
Phone: +91-7003456624 | Email: adityamehra799@gmail.com
Bengaluru, India",READY_FOR_APPROVAL,2026-09-18,,,,NOT_CONTACTED,,,No,No,No,No,
OUT-STRK-047,PER-8190,,BLR-JOB-001,C Rameswari,Accenture,Global Business Operations & BD Analyst,LinkedIn,Touch 1 InMail,Application: Global Business Operations & BD Analyst — Aditya Mehra,"Subject: Application: Global Business Operations & BD Analyst (BLR-JOB-001) - Aditya Mehra (BBA DSU '26)

Hi C,

I noticed your active talent leadership at Accenture and wanted to reach out regarding the Global Business Operations & BD Analyst requisition (BLR-JOB-001) in Bengaluru.

I graduate with a BBA in International Business from Dayananda Sagar University (DSU) in 2026. My core track centers on high-velocity ground execution and operations governance:

1. Operational Rigor: Lead Coordinator at AERO India 2025 (Yelahanka AFB) and enterprise activations for Puma India & Tata Communications across 300+ on-ground deployments.
2. Cost & Vendor Governance: Standardized Tier-1 supplier rate cards and enforced milestone SLA contracts.
3. Technical & Process Foundations: AI Data Ops at Instawork (99%+ QA precision) and deep grasp of Incoterms 2020 cross-border logistics.

I have attached my tailored resume and would welcome a brief 5-minute screen this week.

Warm regards,
Aditya Mehra
Phone: +91-7003456624 | Email: adityamehra799@gmail.com
Bengaluru, India",READY_FOR_APPROVAL,2026-09-18,,,,NOT_CONTACTED,,,No,No,No,No,
OUT-STRK-048,PER-2496,,BLR-JOB-002,Aditi Tayde,Deloitte,Risk & Business Operations Advisory Analyst,LinkedIn,Touch 1 InMail,Application: Risk & Business Operations Advisory Analyst — Aditya Mehra,"Subject: Application: Risk & Business Operations Advisory Analyst (BLR-JOB-002) - Aditya Mehra (BBA DSU '26)

Hi Aditi,

I noticed your active talent leadership at Deloitte and wanted to reach out regarding the Risk & Business Operations Advisory Analyst requisition (BLR-JOB-002) in Bengaluru.

I graduate with a BBA in International Business from Dayananda Sagar University (DSU) in 2026. My core track centers on high-velocity ground execution and operations governance:

1. Operational Rigor: Lead Coordinator at AERO India 2025 (Yelahanka AFB) and enterprise activations for Puma India & Tata Communications across 300+ on-ground deployments.
2. Cost & Vendor Governance: Standardized Tier-1 supplier rate cards and enforced milestone SLA contracts.
3. Technical & Process Foundations: AI Data Ops at Instawork (99%+ QA precision) and deep grasp of Incoterms 2020 cross-border logistics.

I have attached my tailored resume and would welcome a brief 5-minute screen this week.

Warm regards,
Aditya Mehra
Phone: +91-7003456624 | Email: adityamehra799@gmail.com
Bengaluru, India",READY_FOR_APPROVAL,2026-09-18,,,,NOT_CONTACTED,,,No,No,No,No,
OUT-STRK-049,PER-3557,,BLR-JOB-002,Divya O,Deloitte,Risk & Business Operations Advisory Analyst,LinkedIn,Touch 1 InMail,Application: Risk & Business Operations Advisory Analyst — Aditya Mehra,"Subject: Application: Risk & Business Operations Advisory Analyst (BLR-JOB-002) - Aditya Mehra (BBA DSU '26)

Hi Divya,

I noticed your active talent leadership at Deloitte and wanted to reach out regarding the Risk & Business Operations Advisory Analyst requisition (BLR-JOB-002) in Bengaluru.

I graduate with a BBA in International Business from Dayananda Sagar University (DSU) in 2026. My core track centers on high-velocity ground execution and operations governance:

1. Operational Rigor: Lead Coordinator at AERO India 2025 (Yelahanka AFB) and enterprise activations for Puma India & Tata Communications across 300+ on-ground deployments.
2. Cost & Vendor Governance: Standardized Tier-1 supplier rate cards and enforced milestone SLA contracts.
3. Technical & Process Foundations: AI Data Ops at Instawork (99%+ QA precision) and deep grasp of Incoterms 2020 cross-border logistics.

I have attached my tailored resume and would welcome a brief 5-minute screen this week.

Warm regards,
Aditya Mehra
Phone: +91-7003456624 | Email: adityamehra799@gmail.com
Bengaluru, India",READY_FOR_APPROVAL,2026-09-18,,,,NOT_CONTACTED,,,No,No,No,No,
OUT-STRK-050,PER-3682,,BLR-JOB-002,Asiya Amreen Rabbani,Deloitte,Risk & Business Operations Advisory Analyst,LinkedIn,Touch 1 InMail,Application: Risk & Business Operations Advisory Analyst — Aditya Mehra,"Subject: Application: Risk & Business Operations Advisory Analyst (BLR-JOB-002) - Aditya Mehra (BBA DSU '26)

Hi Asiya,

I noticed your active talent leadership at Deloitte and wanted to reach out regarding the Risk & Business Operations Advisory Analyst requisition (BLR-JOB-002) in Bengaluru.

I graduate with a BBA in International Business from Dayananda Sagar University (DSU) in 2026. My core track centers on high-velocity ground execution and operations governance:

1. Operational Rigor: Lead Coordinator at AERO India 2025 (Yelahanka AFB) and enterprise activations for Puma India & Tata Communications across 300+ on-ground deployments.
2. Cost & Vendor Governance: Standardized Tier-1 supplier rate cards and enforced milestone SLA contracts.
3. Technical & Process Foundations: AI Data Ops at Instawork (99%+ QA precision) and deep grasp of Incoterms 2020 cross-border logistics.

I have attached my tailored resume and would welcome a brief 5-minute screen this week.

Warm regards,
Aditya Mehra
Phone: +91-7003456624 | Email: adityamehra799@gmail.com
Bengaluru, India",READY_FOR_APPROVAL,2026-09-18,,,,NOT_CONTACTED,,,No,No,No,No,
OUT-STRK-051,PER-3730,,BLR-JOB-002,Nishu .,Deloitte,Risk & Business Operations Advisory Analyst,LinkedIn,Touch 1 InMail,Application: Risk & Business Operations Advisory Analyst — Aditya Mehra,"Subject: Application: Risk & Business Operations Advisory Analyst (BLR-JOB-002) - Aditya Mehra (BBA DSU '26)

Hi Nishu,

I noticed your active talent leadership at Deloitte and wanted to reach out regarding the Risk & Business Operations Advisory Analyst requisition (BLR-JOB-002) in Bengaluru.

I graduate with a BBA in International Business from Dayananda Sagar University (DSU) in 2026. My core track centers on high-velocity ground execution and operations governance:

1. Operational Rigor: Lead Coordinator at AERO India 2025 (Yelahanka AFB) and enterprise activations for Puma India & Tata Communications across 300+ on-ground deployments.
2. Cost & Vendor Governance: Standardized Tier-1 supplier rate cards and enforced milestone SLA contracts.
3. Technical & Process Foundations: AI Data Ops at Instawork (99%+ QA precision) and deep grasp of Incoterms 2020 cross-border logistics.

I have attached my tailored resume and would welcome a brief 5-minute screen this week.

Warm regards,
Aditya Mehra
Phone: +91-7003456624 | Email: adityamehra799@gmail.com
Bengaluru, India",READY_FOR_APPROVAL,2026-09-18,,,,NOT_CONTACTED,,,No,No,No,No,
OUT-STRK-052,PER-5406,,BLR-JOB-002,Nayana Khare,Deloitte,Risk & Business Operations Advisory Analyst,LinkedIn,Touch 1 InMail,Application: Risk & Business Operations Advisory Analyst — Aditya Mehra,"Subject: Application: Risk & Business Operations Advisory Analyst (BLR-JOB-002) - Aditya Mehra (BBA DSU '26)

Hi Nayana,

I noticed your active talent leadership at Deloitte and wanted to reach out regarding the Risk & Business Operations Advisory Analyst requisition (BLR-JOB-002) in Bengaluru.

I graduate with a BBA in International Business from Dayananda Sagar University (DSU) in 2026. My core track centers on high-velocity ground execution and operations governance:

1. Operational Rigor: Lead Coordinator at AERO India 2025 (Yelahanka AFB) and enterprise activations for Puma India & Tata Communications across 300+ on-ground deployments.
2. Cost & Vendor Governance: Standardized Tier-1 supplier rate cards and enforced milestone SLA contracts.
3. Technical & Process Foundations: AI Data Ops at Instawork (99%+ QA precision) and deep grasp of Incoterms 2020 cross-border logistics.

I have attached my tailored resume and would welcome a brief 5-minute screen this week.

Warm regards,
Aditya Mehra
Phone: +91-7003456624 | Email: adityamehra799@gmail.com
Bengaluru, India",READY_FOR_APPROVAL,2026-09-18,,,,NOT_CONTACTED,,,No,No,No,No,
OUT-STRK-053,PER-STK-STRK-053,,BLR-JOB-002,Ankitha J,Deloitte,Risk & Business Operations Advisory Analyst,LinkedIn,Touch 1 InMail,Application: Risk & Business Operations Advisory Analyst — Aditya Mehra,"Subject: Application: Risk & Business Operations Advisory Analyst (BLR-JOB-002) - Aditya Mehra (BBA DSU '26)

Hi Ankitha,

I noticed your active talent leadership at Deloitte and wanted to reach out regarding the Risk & Business Operations Advisory Analyst requisition (BLR-JOB-002) in Bengaluru.

I graduate with a BBA in International Business from Dayananda Sagar University (DSU) in 2026. My core track centers on high-velocity ground execution and operations governance:

1. Operational Rigor: Lead Coordinator at AERO India 2025 (Yelahanka AFB) and enterprise activations for Puma India & Tata Communications across 300+ on-ground deployments.
2. Cost & Vendor Governance: Standardized Tier-1 supplier rate cards and enforced milestone SLA contracts.
3. Technical & Process Foundations: AI Data Ops at Instawork (99%+ QA precision) and deep grasp of Incoterms 2020 cross-border logistics.

I have attached my tailored resume and would welcome a brief 5-minute screen this week.

Warm regards,
Aditya Mehra
Phone: +91-7003456624 | Email: adityamehra799@gmail.com
Bengaluru, India",READY_FOR_APPROVAL,2026-09-18,,,,NOT_CONTACTED,,,No,No,No,No,
OUT-STRK-054,PER-6176,,BLR-JOB-002,Karina Sahay,Deloitte,Risk & Business Operations Advisory Analyst,LinkedIn,Touch 1 InMail,Application: Risk & Business Operations Advisory Analyst — Aditya Mehra,"Subject: Application: Risk & Business Operations Advisory Analyst (BLR-JOB-002) - Aditya Mehra (BBA DSU '26)

Hi Karina,

I noticed your active talent leadership at Deloitte and wanted to reach out regarding the Risk & Business Operations Advisory Analyst requisition (BLR-JOB-002) in Bengaluru.

I graduate with a BBA in International Business from Dayananda Sagar University (DSU) in 2026. My core track centers on high-velocity ground execution and operations governance:

1. Operational Rigor: Lead Coordinator at AERO India 2025 (Yelahanka AFB) and enterprise activations for Puma India & Tata Communications across 300+ on-ground deployments.
2. Cost & Vendor Governance: Standardized Tier-1 supplier rate cards and enforced milestone SLA contracts.
3. Technical & Process Foundations: AI Data Ops at Instawork (99%+ QA precision) and deep grasp of Incoterms 2020 cross-border logistics.

I have attached my tailored resume and would welcome a brief 5-minute screen this week.

Warm regards,
Aditya Mehra
Phone: +91-7003456624 | Email: adityamehra799@gmail.com
Bengaluru, India",READY_FOR_APPROVAL,2026-09-18,,,,NOT_CONTACTED,,,No,No,No,No,
OUT-STRK-055,PER-6887,,BLR-JOB-002,Nabanita Sarma,Deloitte,Risk & Business Operations Advisory Analyst,LinkedIn,Touch 1 InMail,Application: Risk & Business Operations Advisory Analyst — Aditya Mehra,"Subject: Application: Risk & Business Operations Advisory Analyst (BLR-JOB-002) - Aditya Mehra (BBA DSU '26)

Hi Nabanita,

I noticed your active talent leadership at Deloitte and wanted to reach out regarding the Risk & Business Operations Advisory Analyst requisition (BLR-JOB-002) in Bengaluru.

I graduate with a BBA in International Business from Dayananda Sagar University (DSU) in 2026. My core track centers on high-velocity ground execution and operations governance:

1. Operational Rigor: Lead Coordinator at AERO India 2025 (Yelahanka AFB) and enterprise activations for Puma India & Tata Communications across 300+ on-ground deployments.
2. Cost & Vendor Governance: Standardized Tier-1 supplier rate cards and enforced milestone SLA contracts.
3. Technical & Process Foundations: AI Data Ops at Instawork (99%+ QA precision) and deep grasp of Incoterms 2020 cross-border logistics.

I have attached my tailored resume and would welcome a brief 5-minute screen this week.

Warm regards,
Aditya Mehra
Phone: +91-7003456624 | Email: adityamehra799@gmail.com
Bengaluru, India",READY_FOR_APPROVAL,2026-09-18,,,,NOT_CONTACTED,,,No,No,No,No,
OUT-STRK-056,PER-7153,,BLR-JOB-002,Rakshitha SM,Deloitte,Risk & Business Operations Advisory Analyst,LinkedIn,Touch 1 InMail,Application: Risk & Business Operations Advisory Analyst — Aditya Mehra,"Subject: Application: Risk & Business Operations Advisory Analyst (BLR-JOB-002) - Aditya Mehra (BBA DSU '26)

Hi Rakshitha,

I noticed your active talent leadership at Deloitte and wanted to reach out regarding the Risk & Business Operations Advisory Analyst requisition (BLR-JOB-002) in Bengaluru.

I graduate with a BBA in International Business from Dayananda Sagar University (DSU) in 2026. My core track centers on high-velocity ground execution and operations governance:

1. Operational Rigor: Lead Coordinator at AERO India 2025 (Yelahanka AFB) and enterprise activations for Puma India & Tata Communications across 300+ on-ground deployments.
2. Cost & Vendor Governance: Standardized Tier-1 supplier rate cards and enforced milestone SLA contracts.
3. Technical & Process Foundations: AI Data Ops at Instawork (99%+ QA precision) and deep grasp of Incoterms 2020 cross-border logistics.

I have attached my tailored resume and would welcome a brief 5-minute screen this week.

Warm regards,
Aditya Mehra
Phone: +91-7003456624 | Email: adityamehra799@gmail.com
Bengaluru, India",READY_FOR_APPROVAL,2026-09-18,,,,NOT_CONTACTED,,,No,No,No,No,
OUT-STRK-057,PER-8029,,BLR-JOB-002,Nalina DN,Deloitte,Risk & Business Operations Advisory Analyst,LinkedIn,Touch 1 InMail,Application: Risk & Business Operations Advisory Analyst — Aditya Mehra,"Subject: Application: Risk & Business Operations Advisory Analyst (BLR-JOB-002) - Aditya Mehra (BBA DSU '26)

Hi Nalina,

I noticed your active talent leadership at Deloitte and wanted to reach out regarding the Risk & Business Operations Advisory Analyst requisition (BLR-JOB-002) in Bengaluru.

I graduate with a BBA in International Business from Dayananda Sagar University (DSU) in 2026. My core track centers on high-velocity ground execution and operations governance:

1. Operational Rigor: Lead Coordinator at AERO India 2025 (Yelahanka AFB) and enterprise activations for Puma India & Tata Communications across 300+ on-ground deployments.
2. Cost & Vendor Governance: Standardized Tier-1 supplier rate cards and enforced milestone SLA contracts.
3. Technical & Process Foundations: AI Data Ops at Instawork (99%+ QA precision) and deep grasp of Incoterms 2020 cross-border logistics.

I have attached my tailored resume and would welcome a brief 5-minute screen this week.

Warm regards,
Aditya Mehra
Phone: +91-7003456624 | Email: adityamehra799@gmail.com
Bengaluru, India",READY_FOR_APPROVAL,2026-09-18,,,,NOT_CONTACTED,,,No,No,No,No,
OUT-STRK-058,PER-STK-STRK-058,,BLR-JOB-003,Jasmin Shaik,Ernst & Young (EY),Business Analyst - Global Advisory,LinkedIn,Touch 1 InMail,Application: Business Analyst - Global Advisory — Aditya Mehra,"Subject: Application: Business Analyst - Global Advisory (BLR-JOB-003) - Aditya Mehra (BBA DSU '26)

Hi Jasmin,

I noticed your active talent leadership at Ernst & Young (EY) and wanted to reach out regarding the Business Analyst - Global Advisory requisition (BLR-JOB-003) in Bengaluru.

I graduate with a BBA in International Business from Dayananda Sagar University (DSU) in 2026. My core track centers on high-velocity ground execution and operations governance:

1. Operational Rigor: Lead Coordinator at AERO India 2025 (Yelahanka AFB) and enterprise activations for Puma India & Tata Communications across 300+ on-ground deployments.
2. Cost & Vendor Governance: Standardized Tier-1 supplier rate cards and enforced milestone SLA contracts.
3. Technical & Process Foundations: AI Data Ops at Instawork (99%+ QA precision) and deep grasp of Incoterms 2020 cross-border logistics.

I have attached my tailored resume and would welcome a brief 5-minute screen this week.

Warm regards,
Aditya Mehra
Phone: +91-7003456624 | Email: adityamehra799@gmail.com
Bengaluru, India",READY_FOR_APPROVAL,2026-09-18,,,,NOT_CONTACTED,,,No,No,No,No,
OUT-STRK-059,PER-STK-STRK-059,,BLR-JOB-003,Sushmita Behera,Ernst & Young (EY),Business Analyst - Global Advisory,LinkedIn,Touch 1 InMail,Application: Business Analyst - Global Advisory — Aditya Mehra,"Subject: Application: Business Analyst - Global Advisory (BLR-JOB-003) - Aditya Mehra (BBA DSU '26)

Hi Sushmita,

I noticed your active talent leadership at Ernst & Young (EY) and wanted to reach out regarding the Business Analyst - Global Advisory requisition (BLR-JOB-003) in Bengaluru.

I graduate with a BBA in International Business from Dayananda Sagar University (DSU) in 2026. My core track centers on high-velocity ground execution and operations governance:

1. Operational Rigor: Lead Coordinator at AERO India 2025 (Yelahanka AFB) and enterprise activations for Puma India & Tata Communications across 300+ on-ground deployments.
2. Cost & Vendor Governance: Standardized Tier-1 supplier rate cards and enforced milestone SLA contracts.
3. Technical & Process Foundations: AI Data Ops at Instawork (99%+ QA precision) and deep grasp of Incoterms 2020 cross-border logistics.

I have attached my tailored resume and would welcome a brief 5-minute screen this week.

Warm regards,
Aditya Mehra
Phone: +91-7003456624 | Email: adityamehra799@gmail.com
Bengaluru, India",READY_FOR_APPROVAL,2026-09-18,,,,NOT_CONTACTED,,,No,No,No,No,
OUT-STRK-060,PER-STK-STRK-060,,BLR-JOB-003,Bhavana Vutukuru,Ernst & Young (EY),Business Analyst - Global Advisory,LinkedIn,Touch 1 InMail,Application: Business Analyst - Global Advisory — Aditya Mehra,"Subject: Application: Business Analyst - Global Advisory (BLR-JOB-003) - Aditya Mehra (BBA DSU '26)

Hi Bhavana,

I noticed your active talent leadership at Ernst & Young (EY) and wanted to reach out regarding the Business Analyst - Global Advisory requisition (BLR-JOB-003) in Bengaluru.

I graduate with a BBA in International Business from Dayananda Sagar University (DSU) in 2026. My core track centers on high-velocity ground execution and operations governance:

1. Operational Rigor: Lead Coordinator at AERO India 2025 (Yelahanka AFB) and enterprise activations for Puma India & Tata Communications across 300+ on-ground deployments.
2. Cost & Vendor Governance: Standardized Tier-1 supplier rate cards and enforced milestone SLA contracts.
3. Technical & Process Foundations: AI Data Ops at Instawork (99%+ QA precision) and deep grasp of Incoterms 2020 cross-border logistics.

I have attached my tailored resume and would welcome a brief 5-minute screen this week.

Warm regards,
Aditya Mehra
Phone: +91-7003456624 | Email: adityamehra799@gmail.com
Bengaluru, India",READY_FOR_APPROVAL,2026-09-18,,,,NOT_CONTACTED,,,No,No,No,No,
OUT-STRK-061,PER-STK-STRK-061,,BLR-JOB-003,Arushi Agarwal,Ernst & Young (EY),Business Analyst - Global Advisory,LinkedIn,Touch 1 InMail,Application: Business Analyst - Global Advisory — Aditya Mehra,"Subject: Application: Business Analyst - Global Advisory (BLR-JOB-003) - Aditya Mehra (BBA DSU '26)

Hi Arushi,

I noticed your active talent leadership at Ernst & Young (EY) and wanted to reach out regarding the Business Analyst - Global Advisory requisition (BLR-JOB-003) in Bengaluru.

I graduate with a BBA in International Business from Dayananda Sagar University (DSU) in 2026. My core track centers on high-velocity ground execution and operations governance:

1. Operational Rigor: Lead Coordinator at AERO India 2025 (Yelahanka AFB) and enterprise activations for Puma India & Tata Communications across 300+ on-ground deployments.
2. Cost & Vendor Governance: Standardized Tier-1 supplier rate cards and enforced milestone SLA contracts.
3. Technical & Process Foundations: AI Data Ops at Instawork (99%+ QA precision) and deep grasp of Incoterms 2020 cross-border logistics.

I have attached my tailored resume and would welcome a brief 5-minute screen this week.

Warm regards,
Aditya Mehra
Phone: +91-7003456624 | Email: adityamehra799@gmail.com
Bengaluru, India",READY_FOR_APPROVAL,2026-09-18,,,,NOT_CONTACTED,,,No,No,No,No,
OUT-STRK-062,PER-879,,BLR-JOB-004,Sangini Sahay,Amazon,Operations & Vendor Management Executive,LinkedIn,Touch 1 InMail,Application: Operations & Vendor Management Executive — Aditya Mehra,"Subject: Application: Operations & Vendor Management Executive (BLR-JOB-004) - Aditya Mehra (BBA DSU '26)

Hi Sangini,

I noticed your active talent leadership at Amazon and wanted to reach out regarding the Operations & Vendor Management Executive requisition (BLR-JOB-004) in Bengaluru.

I graduate with a BBA in International Business from Dayananda Sagar University (DSU) in 2026. My core track centers on high-velocity ground execution and operations governance:

1. Operational Rigor: Lead Coordinator at AERO India 2025 (Yelahanka AFB) and enterprise activations for Puma India & Tata Communications across 300+ on-ground deployments.
2. Cost & Vendor Governance: Standardized Tier-1 supplier rate cards and enforced milestone SLA contracts.
3. Technical & Process Foundations: AI Data Ops at Instawork (99%+ QA precision) and deep grasp of Incoterms 2020 cross-border logistics.

I have attached my tailored resume and would welcome a brief 5-minute screen this week.

Warm regards,
Aditya Mehra
Phone: +91-7003456624 | Email: adityamehra799@gmail.com
Bengaluru, India",READY_FOR_APPROVAL,2026-09-18,,,,NOT_CONTACTED,,,No,No,No,No,
OUT-STRK-063,PER-3116,,BLR-JOB-004,Suvarna Bhandary,Amazon,Operations & Vendor Management Executive,LinkedIn,Touch 1 InMail,Application: Operations & Vendor Management Executive — Aditya Mehra,"Subject: Application: Operations & Vendor Management Executive (BLR-JOB-004) - Aditya Mehra (BBA DSU '26)

Hi Suvarna,

I noticed your active talent leadership at Amazon and wanted to reach out regarding the Operations & Vendor Management Executive requisition (BLR-JOB-004) in Bengaluru.

I graduate with a BBA in International Business from Dayananda Sagar University (DSU) in 2026. My core track centers on high-velocity ground execution and operations governance:

1. Operational Rigor: Lead Coordinator at AERO India 2025 (Yelahanka AFB) and enterprise activations for Puma India & Tata Communications across 300+ on-ground deployments.
2. Cost & Vendor Governance: Standardized Tier-1 supplier rate cards and enforced milestone SLA contracts.
3. Technical & Process Foundations: AI Data Ops at Instawork (99%+ QA precision) and deep grasp of Incoterms 2020 cross-border logistics.

I have attached my tailored resume and would welcome a brief 5-minute screen this week.

Warm regards,
Aditya Mehra
Phone: +91-7003456624 | Email: adityamehra799@gmail.com
Bengaluru, India",READY_FOR_APPROVAL,2026-09-18,,,,NOT_CONTACTED,,,No,No,No,No,
OUT-STRK-064,PER-3478,,BLR-JOB-004,Hitheshwini Gowda,Amazon,Operations & Vendor Management Executive,LinkedIn,Touch 1 InMail,Application: Operations & Vendor Management Executive — Aditya Mehra,"Subject: Application: Operations & Vendor Management Executive (BLR-JOB-004) - Aditya Mehra (BBA DSU '26)

Hi Hitheshwini,

I noticed your active talent leadership at Amazon and wanted to reach out regarding the Operations & Vendor Management Executive requisition (BLR-JOB-004) in Bengaluru.

I graduate with a BBA in International Business from Dayananda Sagar University (DSU) in 2026. My core track centers on high-velocity ground execution and operations governance:

1. Operational Rigor: Lead Coordinator at AERO India 2025 (Yelahanka AFB) and enterprise activations for Puma India & Tata Communications across 300+ on-ground deployments.
2. Cost & Vendor Governance: Standardized Tier-1 supplier rate cards and enforced milestone SLA contracts.
3. Technical & Process Foundations: AI Data Ops at Instawork (99%+ QA precision) and deep grasp of Incoterms 2020 cross-border logistics.

I have attached my tailored resume and would welcome a brief 5-minute screen this week.

Warm regards,
Aditya Mehra
Phone: +91-7003456624 | Email: adityamehra799@gmail.com
Bengaluru, India",READY_FOR_APPROVAL,2026-09-18,,,,NOT_CONTACTED,,,No,No,No,No,
OUT-STRK-065,PER-3528,,BLR-JOB-004,Aaliya Neyaz,Amazon,Operations & Vendor Management Executive,LinkedIn,Touch 1 InMail,Application: Operations & Vendor Management Executive — Aditya Mehra,"Subject: Application: Operations & Vendor Management Executive (BLR-JOB-004) - Aditya Mehra (BBA DSU '26)

Hi Aaliya,

I noticed your active talent leadership at Amazon and wanted to reach out regarding the Operations & Vendor Management Executive requisition (BLR-JOB-004) in Bengaluru.

I graduate with a BBA in International Business from Dayananda Sagar University (DSU) in 2026. My core track centers on high-velocity ground execution and operations governance:

1. Operational Rigor: Lead Coordinator at AERO India 2025 (Yelahanka AFB) and enterprise activations for Puma India & Tata Communications across 300+ on-ground deployments.
2. Cost & Vendor Governance: Standardized Tier-1 supplier rate cards and enforced milestone SLA contracts.
3. Technical & Process Foundations: AI Data Ops at Instawork (99%+ QA precision) and deep grasp of Incoterms 2020 cross-border logistics.

I have attached my tailored resume and would welcome a brief 5-minute screen this week.

Warm regards,
Aditya Mehra
Phone: +91-7003456624 | Email: adityamehra799@gmail.com
Bengaluru, India",READY_FOR_APPROVAL,2026-09-18,,,,NOT_CONTACTED,,,No,No,No,No,
OUT-STRK-066,PER-3674,,BLR-JOB-004,Saloni Udani,Amazon,Operations & Vendor Management Executive,LinkedIn,Touch 1 InMail,Application: Operations & Vendor Management Executive — Aditya Mehra,"Subject: Application: Operations & Vendor Management Executive (BLR-JOB-004) - Aditya Mehra (BBA DSU '26)

Hi Saloni,

I noticed your active talent leadership at Amazon and wanted to reach out regarding the Operations & Vendor Management Executive requisition (BLR-JOB-004) in Bengaluru.

I graduate with a BBA in International Business from Dayananda Sagar University (DSU) in 2026. My core track centers on high-velocity ground execution and operations governance:

1. Operational Rigor: Lead Coordinator at AERO India 2025 (Yelahanka AFB) and enterprise activations for Puma India & Tata Communications across 300+ on-ground deployments.
2. Cost & Vendor Governance: Standardized Tier-1 supplier rate cards and enforced milestone SLA contracts.
3. Technical & Process Foundations: AI Data Ops at Instawork (99%+ QA precision) and deep grasp of Incoterms 2020 cross-border logistics.

I have attached my tailored resume and would welcome a brief 5-minute screen this week.

Warm regards,
Aditya Mehra
Phone: +91-7003456624 | Email: adityamehra799@gmail.com
Bengaluru, India",READY_FOR_APPROVAL,2026-09-18,,,,NOT_CONTACTED,,,No,No,No,No,
OUT-STRK-067,PER-5084,,BLR-JOB-004,Sriya Tarigoppula,Amazon,Operations & Vendor Management Executive,LinkedIn,Touch 1 InMail,Application: Operations & Vendor Management Executive — Aditya Mehra,"Subject: Application: Operations & Vendor Management Executive (BLR-JOB-004) - Aditya Mehra (BBA DSU '26)

Hi Sriya,

I noticed your active talent leadership at Amazon and wanted to reach out regarding the Operations & Vendor Management Executive requisition (BLR-JOB-004) in Bengaluru.

I graduate with a BBA in International Business from Dayananda Sagar University (DSU) in 2026. My core track centers on high-velocity ground execution and operations governance:

1. Operational Rigor: Lead Coordinator at AERO India 2025 (Yelahanka AFB) and enterprise activations for Puma India & Tata Communications across 300+ on-ground deployments.
2. Cost & Vendor Governance: Standardized Tier-1 supplier rate cards and enforced milestone SLA contracts.
3. Technical & Process Foundations: AI Data Ops at Instawork (99%+ QA precision) and deep grasp of Incoterms 2020 cross-border logistics.

I have attached my tailored resume and would welcome a brief 5-minute screen this week.

Warm regards,
Aditya Mehra
Phone: +91-7003456624 | Email: adityamehra799@gmail.com
Bengaluru, India",READY_FOR_APPROVAL,2026-09-18,,,,NOT_CONTACTED,,,No,No,No,No,
OUT-STRK-068,PER-6783,,BLR-JOB-004,Rishika gowda,Amazon,Operations & Vendor Management Executive,LinkedIn,Touch 1 InMail,Application: Operations & Vendor Management Executive — Aditya Mehra,"Subject: Application: Operations & Vendor Management Executive (BLR-JOB-004) - Aditya Mehra (BBA DSU '26)

Hi Rishika,

I noticed your active talent leadership at Amazon and wanted to reach out regarding the Operations & Vendor Management Executive requisition (BLR-JOB-004) in Bengaluru.

I graduate with a BBA in International Business from Dayananda Sagar University (DSU) in 2026. My core track centers on high-velocity ground execution and operations governance:

1. Operational Rigor: Lead Coordinator at AERO India 2025 (Yelahanka AFB) and enterprise activations for Puma India & Tata Communications across 300+ on-ground deployments.
2. Cost & Vendor Governance: Standardized Tier-1 supplier rate cards and enforced milestone SLA contracts.
3. Technical & Process Foundations: AI Data Ops at Instawork (99%+ QA precision) and deep grasp of Incoterms 2020 cross-border logistics.

I have attached my tailored resume and would welcome a brief 5-minute screen this week.

Warm regards,
Aditya Mehra
Phone: +91-7003456624 | Email: adityamehra799@gmail.com
Bengaluru, India",READY_FOR_APPROVAL,2026-09-18,,,,NOT_CONTACTED,,,No,No,No,No,
OUT-STRK-069,PER-8201,,BLR-JOB-004,Ayana Nair,Amazon,Operations & Vendor Management Executive,LinkedIn,Touch 1 InMail,Application: Operations & Vendor Management Executive — Aditya Mehra,"Subject: Application: Operations & Vendor Management Executive (BLR-JOB-004) - Aditya Mehra (BBA DSU '26)

Hi Ayana,

I noticed your active talent leadership at Amazon and wanted to reach out regarding the Operations & Vendor Management Executive requisition (BLR-JOB-004) in Bengaluru.

I graduate with a BBA in International Business from Dayananda Sagar University (DSU) in 2026. My core track centers on high-velocity ground execution and operations governance:

1. Operational Rigor: Lead Coordinator at AERO India 2025 (Yelahanka AFB) and enterprise activations for Puma India & Tata Communications across 300+ on-ground deployments.
2. Cost & Vendor Governance: Standardized Tier-1 supplier rate cards and enforced milestone SLA contracts.
3. Technical & Process Foundations: AI Data Ops at Instawork (99%+ QA precision) and deep grasp of Incoterms 2020 cross-border logistics.

I have attached my tailored resume and would welcome a brief 5-minute screen this week.

Warm regards,
Aditya Mehra
Phone: +91-7003456624 | Email: adityamehra799@gmail.com
Bengaluru, India",READY_FOR_APPROVAL,2026-09-18,,,,NOT_CONTACTED,,,No,No,No,No,
OUT-STRK-070,PER-1,,BLR-JOB-005,Syed Sumbul Shahbaz,Goldman Sachs,Global Markets Operations Analyst,LinkedIn,Touch 1 InMail,Application: Global Markets Operations Analyst — Aditya Mehra,"Subject: Application: Global Markets Operations Analyst (BLR-JOB-005) - Aditya Mehra (BBA DSU '26)

Hi Syed,

I noticed your active talent leadership at Goldman Sachs and wanted to reach out regarding the Global Markets Operations Analyst requisition (BLR-JOB-005) in Bengaluru.

I graduate with a BBA in International Business from Dayananda Sagar University (DSU) in 2026. My core track centers on high-velocity ground execution and operations governance:

1. Operational Rigor: Lead Coordinator at AERO India 2025 (Yelahanka AFB) and enterprise activations for Puma India & Tata Communications across 300+ on-ground deployments.
2. Cost & Vendor Governance: Standardized Tier-1 supplier rate cards and enforced milestone SLA contracts.
3. Technical & Process Foundations: AI Data Ops at Instawork (99%+ QA precision) and deep grasp of Incoterms 2020 cross-border logistics.

I have attached my tailored resume and would welcome a brief 5-minute screen this week.

Warm regards,
Aditya Mehra
Phone: +91-7003456624 | Email: adityamehra799@gmail.com
Bengaluru, India",READY_FOR_APPROVAL,2026-09-18,,,,NOT_CONTACTED,,,No,No,No,No,
OUT-STRK-071,PER-STK-STRK-071,,BLR-JOB-005,Priyanka Biradar,Goldman Sachs,Global Markets Operations Analyst,LinkedIn,Touch 1 InMail,Application: Global Markets Operations Analyst — Aditya Mehra,"Subject: Application: Global Markets Operations Analyst (BLR-JOB-005) - Aditya Mehra (BBA DSU '26)

Hi Priyanka,

I noticed your active talent leadership at Goldman Sachs and wanted to reach out regarding the Global Markets Operations Analyst requisition (BLR-JOB-005) in Bengaluru.

I graduate with a BBA in International Business from Dayananda Sagar University (DSU) in 2026. My core track centers on high-velocity ground execution and operations governance:

1. Operational Rigor: Lead Coordinator at AERO India 2025 (Yelahanka AFB) and enterprise activations for Puma India & Tata Communications across 300+ on-ground deployments.
2. Cost & Vendor Governance: Standardized Tier-1 supplier rate cards and enforced milestone SLA contracts.
3. Technical & Process Foundations: AI Data Ops at Instawork (99%+ QA precision) and deep grasp of Incoterms 2020 cross-border logistics.

I have attached my tailored resume and would welcome a brief 5-minute screen this week.

Warm regards,
Aditya Mehra
Phone: +91-7003456624 | Email: adityamehra799@gmail.com
Bengaluru, India",READY_FOR_APPROVAL,2026-09-18,,,,NOT_CONTACTED,,,No,No,No,No,
OUT-STRK-072,PER-8561,,BLR-JOB-006,Shruti Singh,JPMorgan Chase & Co.,Global Operations & Compliance Associate,LinkedIn,Touch 1 InMail,Application: Global Operations & Compliance Associate — Aditya Mehra,"Subject: Application: Global Operations & Compliance Associate (BLR-JOB-006) - Aditya Mehra (BBA DSU '26)

Hi Shruti,

I noticed your active talent leadership at JPMorgan Chase & Co. and wanted to reach out regarding the Global Operations & Compliance Associate requisition (BLR-JOB-006) in Bengaluru.

I graduate with a BBA in International Business from Dayananda Sagar University (DSU) in 2026. My core track centers on high-velocity ground execution and operations governance:

1. Operational Rigor: Lead Coordinator at AERO India 2025 (Yelahanka AFB) and enterprise activations for Puma India & Tata Communications across 300+ on-ground deployments.
2. Cost & Vendor Governance: Standardized Tier-1 supplier rate cards and enforced milestone SLA contracts.
3. Technical & Process Foundations: AI Data Ops at Instawork (99%+ QA precision) and deep grasp of Incoterms 2020 cross-border logistics.

I have attached my tailored resume and would welcome a brief 5-minute screen this week.

Warm regards,
Aditya Mehra
Phone: +91-7003456624 | Email: adityamehra799@gmail.com
Bengaluru, India",READY_FOR_APPROVAL,2026-09-18,,,,NOT_CONTACTED,,,No,No,No,No,
OUT-STRK-073,PER-3952,,BLR-JOB-009,Mansi Singh,IBM,Supply Chain & Operations Consultant,LinkedIn,Touch 1 InMail,Application: Supply Chain & Operations Consultant — Aditya Mehra,"Subject: Application: Supply Chain & Operations Consultant (BLR-JOB-009) - Aditya Mehra (BBA DSU '26)

Hi Mansi,

I noticed your active talent leadership at IBM and wanted to reach out regarding the Supply Chain & Operations Consultant requisition (BLR-JOB-009) in Bengaluru.

I graduate with a BBA in International Business from Dayananda Sagar University (DSU) in 2026. My core track centers on high-velocity ground execution and operations governance:

1. Operational Rigor: Lead Coordinator at AERO India 2025 (Yelahanka AFB) and enterprise activations for Puma India & Tata Communications across 300+ on-ground deployments.
2. Cost & Vendor Governance: Standardized Tier-1 supplier rate cards and enforced milestone SLA contracts.
3. Technical & Process Foundations: AI Data Ops at Instawork (99%+ QA precision) and deep grasp of Incoterms 2020 cross-border logistics.

I have attached my tailored resume and would welcome a brief 5-minute screen this week.

Warm regards,
Aditya Mehra
Phone: +91-7003456624 | Email: adityamehra799@gmail.com
Bengaluru, India",READY_FOR_APPROVAL,2026-09-18,,,,NOT_CONTACTED,,,No,No,No,No,
OUT-STRK-074,PER-4530,,BLR-JOB-009,Fasmina CK,IBM,Supply Chain & Operations Consultant,LinkedIn,Touch 1 InMail,Application: Supply Chain & Operations Consultant — Aditya Mehra,"Subject: Application: Supply Chain & Operations Consultant (BLR-JOB-009) - Aditya Mehra (BBA DSU '26)

Hi Fasmina,

I noticed your active talent leadership at IBM and wanted to reach out regarding the Supply Chain & Operations Consultant requisition (BLR-JOB-009) in Bengaluru.

I graduate with a BBA in International Business from Dayananda Sagar University (DSU) in 2026. My core track centers on high-velocity ground execution and operations governance:

1. Operational Rigor: Lead Coordinator at AERO India 2025 (Yelahanka AFB) and enterprise activations for Puma India & Tata Communications across 300+ on-ground deployments.
2. Cost & Vendor Governance: Standardized Tier-1 supplier rate cards and enforced milestone SLA contracts.
3. Technical & Process Foundations: AI Data Ops at Instawork (99%+ QA precision) and deep grasp of Incoterms 2020 cross-border logistics.

I have attached my tailored resume and would welcome a brief 5-minute screen this week.

Warm regards,
Aditya Mehra
Phone: +91-7003456624 | Email: adityamehra799@gmail.com
Bengaluru, India",READY_FOR_APPROVAL,2026-09-18,,,,NOT_CONTACTED,,,No,No,No,No,
OUT-STRK-075,PER-7698,,BLR-JOB-009,Vaishnavi Pyati,IBM,Supply Chain & Operations Consultant,LinkedIn,Touch 1 InMail,Application: Supply Chain & Operations Consultant — Aditya Mehra,"Subject: Application: Supply Chain & Operations Consultant (BLR-JOB-009) - Aditya Mehra (BBA DSU '26)

Hi Vaishnavi,

I noticed your active talent leadership at IBM and wanted to reach out regarding the Supply Chain & Operations Consultant requisition (BLR-JOB-009) in Bengaluru.

I graduate with a BBA in International Business from Dayananda Sagar University (DSU) in 2026. My core track centers on high-velocity ground execution and operations governance:

1. Operational Rigor: Lead Coordinator at AERO India 2025 (Yelahanka AFB) and enterprise activations for Puma India & Tata Communications across 300+ on-ground deployments.
2. Cost & Vendor Governance: Standardized Tier-1 supplier rate cards and enforced milestone SLA contracts.
3. Technical & Process Foundations: AI Data Ops at Instawork (99%+ QA precision) and deep grasp of Incoterms 2020 cross-border logistics.

I have attached my tailored resume and would welcome a brief 5-minute screen this week.

Warm regards,
Aditya Mehra
Phone: +91-7003456624 | Email: adityamehra799@gmail.com
Bengaluru, India",READY_FOR_APPROVAL,2026-09-18,,,,NOT_CONTACTED,,,No,No,No,No,
OUT-STRK-076,PER-7789,,BLR-JOB-009,Jaffri khatoon,IBM,Supply Chain & Operations Consultant,LinkedIn,Touch 1 InMail,Application: Supply Chain & Operations Consultant — Aditya Mehra,"Subject: Application: Supply Chain & Operations Consultant (BLR-JOB-009) - Aditya Mehra (BBA DSU '26)

Hi Jaffri,

I noticed your active talent leadership at IBM and wanted to reach out regarding the Supply Chain & Operations Consultant requisition (BLR-JOB-009) in Bengaluru.

I graduate with a BBA in International Business from Dayananda Sagar University (DSU) in 2026. My core track centers on high-velocity ground execution and operations governance:

1. Operational Rigor: Lead Coordinator at AERO India 2025 (Yelahanka AFB) and enterprise activations for Puma India & Tata Communications across 300+ on-ground deployments.
2. Cost & Vendor Governance: Standardized Tier-1 supplier rate cards and enforced milestone SLA contracts.
3. Technical & Process Foundations: AI Data Ops at Instawork (99%+ QA precision) and deep grasp of Incoterms 2020 cross-border logistics.

I have attached my tailored resume and would welcome a brief 5-minute screen this week.

Warm regards,
Aditya Mehra
Phone: +91-7003456624 | Email: adityamehra799@gmail.com
Bengaluru, India",READY_FOR_APPROVAL,2026-09-18,,,,NOT_CONTACTED,,,No,No,No,No,
OUT-STRK-077,PER-7883,,BLR-JOB-009,Vajreshwari R,IBM,Supply Chain & Operations Consultant,LinkedIn,Touch 1 InMail,Application: Supply Chain & Operations Consultant — Aditya Mehra,"Subject: Application: Supply Chain & Operations Consultant (BLR-JOB-009) - Aditya Mehra (BBA DSU '26)

Hi Vajreshwari,

I noticed your active talent leadership at IBM and wanted to reach out regarding the Supply Chain & Operations Consultant requisition (BLR-JOB-009) in Bengaluru.

I graduate with a BBA in International Business from Dayananda Sagar University (DSU) in 2026. My core track centers on high-velocity ground execution and operations governance:

1. Operational Rigor: Lead Coordinator at AERO India 2025 (Yelahanka AFB) and enterprise activations for Puma India & Tata Communications across 300+ on-ground deployments.
2. Cost & Vendor Governance: Standardized Tier-1 supplier rate cards and enforced milestone SLA contracts.
3. Technical & Process Foundations: AI Data Ops at Instawork (99%+ QA precision) and deep grasp of Incoterms 2020 cross-border logistics.

I have attached my tailored resume and would welcome a brief 5-minute screen this week.

Warm regards,
Aditya Mehra
Phone: +91-7003456624 | Email: adityamehra799@gmail.com
Bengaluru, India",READY_FOR_APPROVAL,2026-09-18,,,,NOT_CONTACTED,,,No,No,No,No,
OUT-STRK-078,PER-8017,,BLR-JOB-009,Monica Prabhakar,IBM,Supply Chain & Operations Consultant,LinkedIn,Touch 1 InMail,Application: Supply Chain & Operations Consultant — Aditya Mehra,"Subject: Application: Supply Chain & Operations Consultant (BLR-JOB-009) - Aditya Mehra (BBA DSU '26)

Hi Monica,

I noticed your active talent leadership at IBM and wanted to reach out regarding the Supply Chain & Operations Consultant requisition (BLR-JOB-009) in Bengaluru.

I graduate with a BBA in International Business from Dayananda Sagar University (DSU) in 2026. My core track centers on high-velocity ground execution and operations governance:

1. Operational Rigor: Lead Coordinator at AERO India 2025 (Yelahanka AFB) and enterprise activations for Puma India & Tata Communications across 300+ on-ground deployments.
2. Cost & Vendor Governance: Standardized Tier-1 supplier rate cards and enforced milestone SLA contracts.
3. Technical & Process Foundations: AI Data Ops at Instawork (99%+ QA precision) and deep grasp of Incoterms 2020 cross-border logistics.

I have attached my tailored resume and would welcome a brief 5-minute screen this week.

Warm regards,
Aditya Mehra
Phone: +91-7003456624 | Email: adityamehra799@gmail.com
Bengaluru, India",READY_FOR_APPROVAL,2026-09-18,,,,NOT_CONTACTED,,,No,No,No,No,
OUT-STRK-079,PER-STK-STRK-079,,BLR-JOB-012,Kamaldeep Kour,KPMG,Global Risk & Management Trainee,LinkedIn,Touch 1 InMail,Application: Global Risk & Management Trainee — Aditya Mehra,"Subject: Application: Global Risk & Management Trainee (BLR-JOB-012) - Aditya Mehra (BBA DSU '26)

Hi Kamaldeep,

I noticed your active talent leadership at KPMG and wanted to reach out regarding the Global Risk & Management Trainee requisition (BLR-JOB-012) in Bengaluru.

I graduate with a BBA in International Business from Dayananda Sagar University (DSU) in 2026. My core track centers on high-velocity ground execution and operations governance:

1. Operational Rigor: Lead Coordinator at AERO India 2025 (Yelahanka AFB) and enterprise activations for Puma India & Tata Communications across 300+ on-ground deployments.
2. Cost & Vendor Governance: Standardized Tier-1 supplier rate cards and enforced milestone SLA contracts.
3. Technical & Process Foundations: AI Data Ops at Instawork (99%+ QA precision) and deep grasp of Incoterms 2020 cross-border logistics.

I have attached my tailored resume and would welcome a brief 5-minute screen this week.

Warm regards,
Aditya Mehra
Phone: +91-7003456624 | Email: adityamehra799@gmail.com
Bengaluru, India",READY_FOR_APPROVAL,2026-09-18,,,,NOT_CONTACTED,,,No,No,No,No,
OUT-STRK-080,PER-8220,,BLR-JOB-012,Nisha S K,KPMG,Global Risk & Management Trainee,LinkedIn,Touch 1 InMail,Application: Global Risk & Management Trainee — Aditya Mehra,"Subject: Application: Global Risk & Management Trainee (BLR-JOB-012) - Aditya Mehra (BBA DSU '26)

Hi Nisha,

I noticed your active talent leadership at KPMG and wanted to reach out regarding the Global Risk & Management Trainee requisition (BLR-JOB-012) in Bengaluru.

I graduate with a BBA in International Business from Dayananda Sagar University (DSU) in 2026. My core track centers on high-velocity ground execution and operations governance:

1. Operational Rigor: Lead Coordinator at AERO India 2025 (Yelahanka AFB) and enterprise activations for Puma India & Tata Communications across 300+ on-ground deployments.
2. Cost & Vendor Governance: Standardized Tier-1 supplier rate cards and enforced milestone SLA contracts.
3. Technical & Process Foundations: AI Data Ops at Instawork (99%+ QA precision) and deep grasp of Incoterms 2020 cross-border logistics.

I have attached my tailored resume and would welcome a brief 5-minute screen this week.

Warm regards,
Aditya Mehra
Phone: +91-7003456624 | Email: adityamehra799@gmail.com
Bengaluru, India",READY_FOR_APPROVAL,2026-09-18,,,,NOT_CONTACTED,,,No,No,No,No,
OUT-STRK-081,PER-STK-STRK-081,,BLR-JOB-013,Neeraja Rajasekar,PricewaterhouseCoopers (PwC),Business Operations Analyst,LinkedIn,Touch 1 InMail,Application: Business Operations Analyst — Aditya Mehra,"Subject: Application: Business Operations Analyst (BLR-JOB-013) - Aditya Mehra (BBA DSU '26)

Hi Neeraja,

I noticed your active talent leadership at PricewaterhouseCoopers (PwC) and wanted to reach out regarding the Business Operations Analyst requisition (BLR-JOB-013) in Bengaluru.

I graduate with a BBA in International Business from Dayananda Sagar University (DSU) in 2026. My core track centers on high-velocity ground execution and operations governance:

1. Operational Rigor: Lead Coordinator at AERO India 2025 (Yelahanka AFB) and enterprise activations for Puma India & Tata Communications across 300+ on-ground deployments.
2. Cost & Vendor Governance: Standardized Tier-1 supplier rate cards and enforced milestone SLA contracts.
3. Technical & Process Foundations: AI Data Ops at Instawork (99%+ QA precision) and deep grasp of Incoterms 2020 cross-border logistics.

I have attached my tailored resume and would welcome a brief 5-minute screen this week.

Warm regards,
Aditya Mehra
Phone: +91-7003456624 | Email: adityamehra799@gmail.com
Bengaluru, India",READY_FOR_APPROVAL,2026-09-18,,,,NOT_CONTACTED,,,No,No,No,No,
OUT-STRK-082,PER-8282,,BLR-JOB-017,Shimna M,Cisco,Global Supply Chain Analyst,LinkedIn,Touch 1 InMail,Application: Global Supply Chain Analyst — Aditya Mehra,"Subject: Application: Global Supply Chain Analyst (BLR-JOB-017) - Aditya Mehra (BBA DSU '26)

Hi Shimna,

I noticed your active talent leadership at Cisco and wanted to reach out regarding the Global Supply Chain Analyst requisition (BLR-JOB-017) in Bengaluru.

I graduate with a BBA in International Business from Dayananda Sagar University (DSU) in 2026. My core track centers on high-velocity ground execution and operations governance:

1. Operational Rigor: Lead Coordinator at AERO India 2025 (Yelahanka AFB) and enterprise activations for Puma India & Tata Communications across 300+ on-ground deployments.
2. Cost & Vendor Governance: Standardized Tier-1 supplier rate cards and enforced milestone SLA contracts.
3. Technical & Process Foundations: AI Data Ops at Instawork (99%+ QA precision) and deep grasp of Incoterms 2020 cross-border logistics.

I have attached my tailored resume and would welcome a brief 5-minute screen this week.

Warm regards,
Aditya Mehra
Phone: +91-7003456624 | Email: adityamehra799@gmail.com
Bengaluru, India",READY_FOR_APPROVAL,2026-09-18,,,,NOT_CONTACTED,,,No,No,No,No,
OUT-STRK-083,PER-STK-STRK-083,,BLR-JOB-018,Saumya Mehrotra,Google,Business Development & Client Operations Lead,LinkedIn,Touch 1 InMail,Application: Business Development & Client Operations Lead — Aditya Mehra,"Subject: Application: Business Development & Client Operations Lead (BLR-JOB-018) - Aditya Mehra (BBA DSU '26)

Hi Saumya,

I noticed your active talent leadership at Google and wanted to reach out regarding the Business Development & Client Operations Lead requisition (BLR-JOB-018) in Bengaluru.

I graduate with a BBA in International Business from Dayananda Sagar University (DSU) in 2026. My core track centers on high-velocity ground execution and operations governance:

1. Operational Rigor: Lead Coordinator at AERO India 2025 (Yelahanka AFB) and enterprise activations for Puma India & Tata Communications across 300+ on-ground deployments.
2. Cost & Vendor Governance: Standardized Tier-1 supplier rate cards and enforced milestone SLA contracts.
3. Technical & Process Foundations: AI Data Ops at Instawork (99%+ QA precision) and deep grasp of Incoterms 2020 cross-border logistics.

I have attached my tailored resume and would welcome a brief 5-minute screen this week.

Warm regards,
Aditya Mehra
Phone: +91-7003456624 | Email: adityamehra799@gmail.com
Bengaluru, India",READY_FOR_APPROVAL,2026-09-18,,,,NOT_CONTACTED,,,No,No,No,No,
OUT-STRK-084,PER-8826,,BLR-JOB-018,Benita Bosco,Google,Business Development & Client Operations Lead,LinkedIn,Touch 1 InMail,Application: Business Development & Client Operations Lead — Aditya Mehra,"Subject: Application: Business Development & Client Operations Lead (BLR-JOB-018) - Aditya Mehra (BBA DSU '26)

Hi Benita,

I noticed your active talent leadership at Google and wanted to reach out regarding the Business Development & Client Operations Lead requisition (BLR-JOB-018) in Bengaluru.

I graduate with a BBA in International Business from Dayananda Sagar University (DSU) in 2026. My core track centers on high-velocity ground execution and operations governance:

1. Operational Rigor: Lead Coordinator at AERO India 2025 (Yelahanka AFB) and enterprise activations for Puma India & Tata Communications across 300+ on-ground deployments.
2. Cost & Vendor Governance: Standardized Tier-1 supplier rate cards and enforced milestone SLA contracts.
3. Technical & Process Foundations: AI Data Ops at Instawork (99%+ QA precision) and deep grasp of Incoterms 2020 cross-border logistics.

I have attached my tailored resume and would welcome a brief 5-minute screen this week.

Warm regards,
Aditya Mehra
Phone: +91-7003456624 | Email: adityamehra799@gmail.com
Bengaluru, India",READY_FOR_APPROVAL,2026-09-18,,,,NOT_CONTACTED,,,No,No,No,No,
OUT-STRK-085,PER-7806,,BLR-JOB-019,Madhumitha Srinivasan,Microsoft,Business Operations Analyst,LinkedIn,Touch 1 InMail,Application: Business Operations Analyst — Aditya Mehra,"Subject: Application: Business Operations Analyst (BLR-JOB-019) - Aditya Mehra (BBA DSU '26)

Hi Madhumitha,

I noticed your active talent leadership at Microsoft and wanted to reach out regarding the Business Operations Analyst requisition (BLR-JOB-019) in Bengaluru.

I graduate with a BBA in International Business from Dayananda Sagar University (DSU) in 2026. My core track centers on high-velocity ground execution and operations governance:

1. Operational Rigor: Lead Coordinator at AERO India 2025 (Yelahanka AFB) and enterprise activations for Puma India & Tata Communications across 300+ on-ground deployments.
2. Cost & Vendor Governance: Standardized Tier-1 supplier rate cards and enforced milestone SLA contracts.
3. Technical & Process Foundations: AI Data Ops at Instawork (99%+ QA precision) and deep grasp of Incoterms 2020 cross-border logistics.

I have attached my tailored resume and would welcome a brief 5-minute screen this week.

Warm regards,
Aditya Mehra
Phone: +91-7003456624 | Email: adityamehra799@gmail.com
Bengaluru, India",READY_FOR_APPROVAL,2026-09-18,,,,NOT_CONTACTED,,,No,No,No,No,
OUT-STRK-086,PER-4590,,BLR-JOB-056,Prerna Khedkar,Swiggy,Field Operations & Supply Chain Trainee,LinkedIn,Touch 1 InMail,Application: Field Operations & Supply Chain Trainee — Aditya Mehra,"Subject: Application: Field Operations & Supply Chain Trainee (BLR-JOB-056) - Aditya Mehra (BBA DSU '26)

Hi Prerna,

I noticed your active talent leadership at Swiggy and wanted to reach out regarding the Field Operations & Supply Chain Trainee requisition (BLR-JOB-056) in Bengaluru.

I graduate with a BBA in International Business from Dayananda Sagar University (DSU) in 2026. My core track centers on high-velocity ground execution and operations governance:

1. Operational Rigor: Lead Coordinator at AERO India 2025 (Yelahanka AFB) and enterprise activations for Puma India & Tata Communications across 300+ on-ground deployments.
2. Cost & Vendor Governance: Standardized Tier-1 supplier rate cards and enforced milestone SLA contracts.
3. Technical & Process Foundations: AI Data Ops at Instawork (99%+ QA precision) and deep grasp of Incoterms 2020 cross-border logistics.

I have attached my tailored resume and would welcome a brief 5-minute screen this week.

Warm regards,
Aditya Mehra
Phone: +91-7003456624 | Email: adityamehra799@gmail.com
Bengaluru, India",READY_FOR_APPROVAL,2026-09-18,,,,NOT_CONTACTED,,,No,No,No,No,
OUT-STRK-087,PER-1305,,BLR-JOB-015,Simi Sarita Kerketta,Swiss Re,Operations & Reinsurance Risk Analyst,LinkedIn,Touch 1 InMail,Application: Operations & Reinsurance Risk Analyst — Aditya Mehra,"Subject: Application: Operations & Reinsurance Risk Analyst (BLR-JOB-015) - Aditya Mehra (BBA DSU '26)

Hi Simi,

I noticed your active talent leadership at Swiss Re and wanted to reach out regarding the Operations & Reinsurance Risk Analyst requisition (BLR-JOB-015) in Bengaluru.

I graduate with a BBA in International Business from Dayananda Sagar University (DSU) in 2026. My core track centers on high-velocity ground execution and operations governance:

1. Operational Rigor: Lead Coordinator at AERO India 2025 (Yelahanka AFB) and enterprise activations for Puma India & Tata Communications across 300+ on-ground deployments.
2. Cost & Vendor Governance: Standardized Tier-1 supplier rate cards and enforced milestone SLA contracts.
3. Technical & Process Foundations: AI Data Ops at Instawork (99%+ QA precision) and deep grasp of Incoterms 2020 cross-border logistics.

I have attached my tailored resume and would welcome a brief 5-minute screen this week.

Warm regards,
Aditya Mehra
Phone: +91-7003456624 | Email: adityamehra799@gmail.com
Bengaluru, India",READY_FOR_APPROVAL,2026-09-18,,,,NOT_CONTACTED,,,No,No,No,No,
OUT-STRK-088,PER-7166,,BLR-JOB-046,Diya Sharma,Itc Limited,Trade Operations & Logistics Management Trainee,LinkedIn,Touch 1 InMail,Application: Trade Operations & Logistics Management Trainee — Aditya Mehra,"Subject: Application: Trade Operations & Logistics Management Trainee (BLR-JOB-046) - Aditya Mehra (BBA DSU '26)

Hi Diya,

I noticed your active talent leadership at Itc Limited and wanted to reach out regarding the Trade Operations & Logistics Management Trainee requisition (BLR-JOB-046) in Bengaluru.

I graduate with a BBA in International Business from Dayananda Sagar University (DSU) in 2026. My core track centers on high-velocity ground execution and operations governance:

1. Operational Rigor: Lead Coordinator at AERO India 2025 (Yelahanka AFB) and enterprise activations for Puma India & Tata Communications across 300+ on-ground deployments.
2. Cost & Vendor Governance: Standardized Tier-1 supplier rate cards and enforced milestone SLA contracts.
3. Technical & Process Foundations: AI Data Ops at Instawork (99%+ QA precision) and deep grasp of Incoterms 2020 cross-border logistics.

I have attached my tailored resume and would welcome a brief 5-minute screen this week.

Warm regards,
Aditya Mehra
Phone: +91-7003456624 | Email: adityamehra799@gmail.com
Bengaluru, India",READY_FOR_APPROVAL,2026-09-18,,,,NOT_CONTACTED,,,No,No,No,No,
OUT-STRK-089,PER-8982,,BLR-JOB-046,Aishwarya Londhe,Itc Limited,Trade Operations & Logistics Management Trainee,LinkedIn,Touch 1 InMail,Application: Trade Operations & Logistics Management Trainee — Aditya Mehra,"Subject: Application: Trade Operations & Logistics Management Trainee (BLR-JOB-046) - Aditya Mehra (BBA DSU '26)

Hi Aishwarya,

I noticed your active talent leadership at Itc Limited and wanted to reach out regarding the Trade Operations & Logistics Management Trainee requisition (BLR-JOB-046) in Bengaluru.

I graduate with a BBA in International Business from Dayananda Sagar University (DSU) in 2026. My core track centers on high-velocity ground execution and operations governance:

1. Operational Rigor: Lead Coordinator at AERO India 2025 (Yelahanka AFB) and enterprise activations for Puma India & Tata Communications across 300+ on-ground deployments.
2. Cost & Vendor Governance: Standardized Tier-1 supplier rate cards and enforced milestone SLA contracts.
3. Technical & Process Foundations: AI Data Ops at Instawork (99%+ QA precision) and deep grasp of Incoterms 2020 cross-border logistics.

I have attached my tailored resume and would welcome a brief 5-minute screen this week.

Warm regards,
Aditya Mehra
Phone: +91-7003456624 | Email: adityamehra799@gmail.com
Bengaluru, India",READY_FOR_APPROVAL,2026-09-18,,,,NOT_CONTACTED,,,No,No,No,No,
OUT-STRK-090,PER-1905,,BLR-JOB-034,Anshika Kohli,Phonepe,Merchant Business Development Executive,LinkedIn,Touch 1 InMail,Application: Merchant Business Development Executive — Aditya Mehra,"Subject: Application: Merchant Business Development Executive (BLR-JOB-034) - Aditya Mehra (BBA DSU '26)

Hi Anshika,

I noticed your active talent leadership at Phonepe and wanted to reach out regarding the Merchant Business Development Executive requisition (BLR-JOB-034) in Bengaluru.

I graduate with a BBA in International Business from Dayananda Sagar University (DSU) in 2026. My core track centers on high-velocity ground execution and operations governance:

1. Operational Rigor: Lead Coordinator at AERO India 2025 (Yelahanka AFB) and enterprise activations for Puma India & Tata Communications across 300+ on-ground deployments.
2. Cost & Vendor Governance: Standardized Tier-1 supplier rate cards and enforced milestone SLA contracts.
3. Technical & Process Foundations: AI Data Ops at Instawork (99%+ QA precision) and deep grasp of Incoterms 2020 cross-border logistics.

I have attached my tailored resume and would welcome a brief 5-minute screen this week.

Warm regards,
Aditya Mehra
Phone: +91-7003456624 | Email: adityamehra799@gmail.com
Bengaluru, India",READY_FOR_APPROVAL,2026-09-18,,,,NOT_CONTACTED,,,No,No,No,No,
OUT-STRK-091,PER-2943,,BLR-JOB-046,Manasa D,Itc Limited,Trade Operations & Logistics Management Trainee,LinkedIn,Touch 1 InMail,Application: Trade Operations & Logistics Management Trainee — Aditya Mehra,"Subject: Application: Trade Operations & Logistics Management Trainee (BLR-JOB-046) - Aditya Mehra (BBA DSU '26)

Hi Manasa,

I noticed your active talent leadership at Itc Limited and wanted to reach out regarding the Trade Operations & Logistics Management Trainee requisition (BLR-JOB-046) in Bengaluru.

I graduate with a BBA in International Business from Dayananda Sagar University (DSU) in 2026. My core track centers on high-velocity ground execution and operations governance:

1. Operational Rigor: Lead Coordinator at AERO India 2025 (Yelahanka AFB) and enterprise activations for Puma India & Tata Communications across 300+ on-ground deployments.
2. Cost & Vendor Governance: Standardized Tier-1 supplier rate cards and enforced milestone SLA contracts.
3. Technical & Process Foundations: AI Data Ops at Instawork (99%+ QA precision) and deep grasp of Incoterms 2020 cross-border logistics.

I have attached my tailored resume and would welcome a brief 5-minute screen this week.

Warm regards,
Aditya Mehra
Phone: +91-7003456624 | Email: adityamehra799@gmail.com
Bengaluru, India",READY_FOR_APPROVAL,2026-09-18,,,,NOT_CONTACTED,,,No,No,No,No,
OUT-STRK-092,PER-4185,,BLR-JOB-046,Nola Britney A R,Itc Limited,Trade Operations & Logistics Management Trainee,LinkedIn,Touch 1 InMail,Application: Trade Operations & Logistics Management Trainee — Aditya Mehra,"Subject: Application: Trade Operations & Logistics Management Trainee (BLR-JOB-046) - Aditya Mehra (BBA DSU '26)

Hi Nola,

I noticed your active talent leadership at Itc Limited and wanted to reach out regarding the Trade Operations & Logistics Management Trainee requisition (BLR-JOB-046) in Bengaluru.

I graduate with a BBA in International Business from Dayananda Sagar University (DSU) in 2026. My core track centers on high-velocity ground execution and operations governance:

1. Operational Rigor: Lead Coordinator at AERO India 2025 (Yelahanka AFB) and enterprise activations for Puma India & Tata Communications across 300+ on-ground deployments.
2. Cost & Vendor Governance: Standardized Tier-1 supplier rate cards and enforced milestone SLA contracts.
3. Technical & Process Foundations: AI Data Ops at Instawork (99%+ QA precision) and deep grasp of Incoterms 2020 cross-border logistics.

I have attached my tailored resume and would welcome a brief 5-minute screen this week.

Warm regards,
Aditya Mehra
Phone: +91-7003456624 | Email: adityamehra799@gmail.com
Bengaluru, India",READY_FOR_APPROVAL,2026-09-18,,,,NOT_CONTACTED,,,No,No,No,No,
OUT-STRK-093,PER-5087,,BLR-JOB-046,Keziah Sibi,Itc Limited,Trade Operations & Logistics Management Trainee,LinkedIn,Touch 1 InMail,Application: Trade Operations & Logistics Management Trainee — Aditya Mehra,"Subject: Application: Trade Operations & Logistics Management Trainee (BLR-JOB-046) - Aditya Mehra (BBA DSU '26)

Hi Keziah,

I noticed your active talent leadership at Itc Limited and wanted to reach out regarding the Trade Operations & Logistics Management Trainee requisition (BLR-JOB-046) in Bengaluru.

I graduate with a BBA in International Business from Dayananda Sagar University (DSU) in 2026. My core track centers on high-velocity ground execution and operations governance:

1. Operational Rigor: Lead Coordinator at AERO India 2025 (Yelahanka AFB) and enterprise activations for Puma India & Tata Communications across 300+ on-ground deployments.
2. Cost & Vendor Governance: Standardized Tier-1 supplier rate cards and enforced milestone SLA contracts.
3. Technical & Process Foundations: AI Data Ops at Instawork (99%+ QA precision) and deep grasp of Incoterms 2020 cross-border logistics.

I have attached my tailored resume and would welcome a brief 5-minute screen this week.

Warm regards,
Aditya Mehra
Phone: +91-7003456624 | Email: adityamehra799@gmail.com
Bengaluru, India",READY_FOR_APPROVAL,2026-09-18,,,,NOT_CONTACTED,,,No,No,No,No,
OUT-STRK-094,PER-7304,,BLR-JOB-046,Thvisha Bilagiy,Itc Limited,Trade Operations & Logistics Management Trainee,LinkedIn,Touch 1 InMail,Application: Trade Operations & Logistics Management Trainee — Aditya Mehra,"Subject: Application: Trade Operations & Logistics Management Trainee (BLR-JOB-046) - Aditya Mehra (BBA DSU '26)

Hi Thvisha,

I noticed your active talent leadership at Itc Limited and wanted to reach out regarding the Trade Operations & Logistics Management Trainee requisition (BLR-JOB-046) in Bengaluru.

I graduate with a BBA in International Business from Dayananda Sagar University (DSU) in 2026. My core track centers on high-velocity ground execution and operations governance:

1. Operational Rigor: Lead Coordinator at AERO India 2025 (Yelahanka AFB) and enterprise activations for Puma India & Tata Communications across 300+ on-ground deployments.
2. Cost & Vendor Governance: Standardized Tier-1 supplier rate cards and enforced milestone SLA contracts.
3. Technical & Process Foundations: AI Data Ops at Instawork (99%+ QA precision) and deep grasp of Incoterms 2020 cross-border logistics.

I have attached my tailored resume and would welcome a brief 5-minute screen this week.

Warm regards,
Aditya Mehra
Phone: +91-7003456624 | Email: adityamehra799@gmail.com
Bengaluru, India",READY_FOR_APPROVAL,2026-09-18,,,,NOT_CONTACTED,,,No,No,No,No,
OUT-STRK-095,PER-3957,,BLR-JOB-061,Samantha Rao,Zepto,Dark Store Operations Executive,LinkedIn,Touch 1 InMail,Application: Dark Store Operations Executive — Aditya Mehra,"Subject: Application: Dark Store Operations Executive (BLR-JOB-061) - Aditya Mehra (BBA DSU '26)

Hi Samantha,

I noticed your active talent leadership at Zepto and wanted to reach out regarding the Dark Store Operations Executive requisition (BLR-JOB-061) in Bengaluru.

I graduate with a BBA in International Business from Dayananda Sagar University (DSU) in 2026. My core track centers on high-velocity ground execution and operations governance:

1. Operational Rigor: Lead Coordinator at AERO India 2025 (Yelahanka AFB) and enterprise activations for Puma India & Tata Communications across 300+ on-ground deployments.
2. Cost & Vendor Governance: Standardized Tier-1 supplier rate cards and enforced milestone SLA contracts.
3. Technical & Process Foundations: AI Data Ops at Instawork (99%+ QA precision) and deep grasp of Incoterms 2020 cross-border logistics.

I have attached my tailored resume and would welcome a brief 5-minute screen this week.

Warm regards,
Aditya Mehra
Phone: +91-7003456624 | Email: adityamehra799@gmail.com
Bengaluru, India",READY_FOR_APPROVAL,2026-09-18,,,,NOT_CONTACTED,,,No,No,No,No,
OUT-STRK-096,PER-6864,,BLR-JOB-061,Yashaswini L,Zepto,Dark Store Operations Executive,LinkedIn,Touch 1 InMail,Application: Dark Store Operations Executive — Aditya Mehra,"Subject: Application: Dark Store Operations Executive (BLR-JOB-061) - Aditya Mehra (BBA DSU '26)

Hi Yashaswini,

I noticed your active talent leadership at Zepto and wanted to reach out regarding the Dark Store Operations Executive requisition (BLR-JOB-061) in Bengaluru.

I graduate with a BBA in International Business from Dayananda Sagar University (DSU) in 2026. My core track centers on high-velocity ground execution and operations governance:

1. Operational Rigor: Lead Coordinator at AERO India 2025 (Yelahanka AFB) and enterprise activations for Puma India & Tata Communications across 300+ on-ground deployments.
2. Cost & Vendor Governance: Standardized Tier-1 supplier rate cards and enforced milestone SLA contracts.
3. Technical & Process Foundations: AI Data Ops at Instawork (99%+ QA precision) and deep grasp of Incoterms 2020 cross-border logistics.

I have attached my tailored resume and would welcome a brief 5-minute screen this week.

Warm regards,
Aditya Mehra
Phone: +91-7003456624 | Email: adityamehra799@gmail.com
Bengaluru, India",READY_FOR_APPROVAL,2026-09-18,,,,NOT_CONTACTED,,,No,No,No,No,
OUT-STRK-097,PER-1107,,BLR-JOB-001,Sakshi Tripathi,Accenture,Global Business Operations & BD Analyst,LinkedIn,Touch 1 InMail,Application: Global Business Operations & BD Analyst — Aditya Mehra,"Subject: Operational Execution & Vendor SLA Governance - Accenture Operations

Hi Sakshi,

I have been following your leadership at Accenture and the operational standards your team maintains in Bengaluru.

I am completing my BBA in International Business at Dayananda Sagar University (DSU, Class of 2026) with a focused track in on-ground execution, supply chain coordination, and vendor SLA restructuring:
- Directed 300+ field deployments including Lead Coordination at AERO India 2025 and Puma India regional brand activations.
- Standardized supplier rate agreements and milestone contracts, eliminating vendor delivery slippage.
- Ground truth curation at Instawork AI (99%+ QA benchmark) with strong cross-border logistics knowledge (Incoterms 2020).

I am targeting the Global Business Operations & BD Analyst opening (BLR-JOB-001) and would value a brief conversation on how my hands-on operational grit can take execution load off your team.

Sincerely,
Aditya Mehra
+91-7003456624 | adityamehra799@gmail.com",READY_FOR_APPROVAL,2026-09-18,,,,NOT_CONTACTED,,,No,No,No,No,
OUT-STRK-098,PER-6413,,BLR-JOB-001,Shripragnya Swain,Accenture,Global Business Operations & BD Analyst,LinkedIn,Touch 1 InMail,Application: Global Business Operations & BD Analyst — Aditya Mehra,"Subject: Operational Execution & Vendor SLA Governance - Accenture Operations

Hi Shripragnya,

I have been following your leadership at Accenture and the operational standards your team maintains in Bengaluru.

I am completing my BBA in International Business at Dayananda Sagar University (DSU, Class of 2026) with a focused track in on-ground execution, supply chain coordination, and vendor SLA restructuring:
- Directed 300+ field deployments including Lead Coordination at AERO India 2025 and Puma India regional brand activations.
- Standardized supplier rate agreements and milestone contracts, eliminating vendor delivery slippage.
- Ground truth curation at Instawork AI (99%+ QA benchmark) with strong cross-border logistics knowledge (Incoterms 2020).

I am targeting the Global Business Operations & BD Analyst opening (BLR-JOB-001) and would value a brief conversation on how my hands-on operational grit can take execution load off your team.

Sincerely,
Aditya Mehra
+91-7003456624 | adityamehra799@gmail.com",READY_FOR_APPROVAL,2026-09-18,,,,NOT_CONTACTED,,,No,No,No,No,
OUT-STRK-099,PER-STK-STRK-099,,BLR-JOB-001,Rituparna Dey,Accenture,Global Business Operations & BD Analyst,LinkedIn,Touch 1 InMail,Application: Global Business Operations & BD Analyst — Aditya Mehra,"Subject: Operational Execution & Vendor SLA Governance - Accenture Operations

Hi Rituparna,

I have been following your leadership at Accenture and the operational standards your team maintains in Bengaluru.

I am completing my BBA in International Business at Dayananda Sagar University (DSU, Class of 2026) with a focused track in on-ground execution, supply chain coordination, and vendor SLA restructuring:
- Directed 300+ field deployments including Lead Coordination at AERO India 2025 and Puma India regional brand activations.
- Standardized supplier rate agreements and milestone contracts, eliminating vendor delivery slippage.
- Ground truth curation at Instawork AI (99%+ QA benchmark) with strong cross-border logistics knowledge (Incoterms 2020).

I am targeting the Global Business Operations & BD Analyst opening (BLR-JOB-001) and would value a brief conversation on how my hands-on operational grit can take execution load off your team.

Sincerely,
Aditya Mehra
+91-7003456624 | adityamehra799@gmail.com",READY_FOR_APPROVAL,2026-09-18,,,,NOT_CONTACTED,,,No,No,No,No,
OUT-STRK-100,PER-4262,,BLR-JOB-004,Renu Chaubey,Amazon,Operations & Vendor Management Executive,LinkedIn,Touch 1 InMail,Application: Operations & Vendor Management Executive — Aditya Mehra,"Subject: Operational Execution & Vendor SLA Governance - Amazon Operations

Hi Renu,

I have been following your leadership at Amazon and the operational standards your team maintains in Bengaluru.

I am completing my BBA in International Business at Dayananda Sagar University (DSU, Class of 2026) with a focused track in on-ground execution, supply chain coordination, and vendor SLA restructuring:
- Directed 300+ field deployments including Lead Coordination at AERO India 2025 and Puma India regional brand activations.
- Standardized supplier rate agreements and milestone contracts, eliminating vendor delivery slippage.
- Ground truth curation at Instawork AI (99%+ QA benchmark) with strong cross-border logistics knowledge (Incoterms 2020).

I am targeting the Operations & Vendor Management Executive opening (BLR-JOB-004) and would value a brief conversation on how my hands-on operational grit can take execution load off your team.

Sincerely,
Aditya Mehra
+91-7003456624 | adityamehra799@gmail.com",READY_FOR_APPROVAL,2026-09-18,,,,NOT_CONTACTED,,,No,No,No,No,
OUT-STRK-101,PER-2178,,BLR-JOB-004,Kamal Preet,Amazon,Operations & Vendor Management Executive,LinkedIn,Touch 1 InMail,Application: Operations & Vendor Management Executive — Aditya Mehra,"Subject: Operational Execution & Vendor SLA Governance - Amazon Operations

Hi Kamal,

I have been following your leadership at Amazon and the operational standards your team maintains in Bengaluru.

I am completing my BBA in International Business at Dayananda Sagar University (DSU, Class of 2026) with a focused track in on-ground execution, supply chain coordination, and vendor SLA restructuring:
- Directed 300+ field deployments including Lead Coordination at AERO India 2025 and Puma India regional brand activations.
- Standardized supplier rate agreements and milestone contracts, eliminating vendor delivery slippage.
- Ground truth curation at Instawork AI (99%+ QA benchmark) with strong cross-border logistics knowledge (Incoterms 2020).

I am targeting the Operations & Vendor Management Executive opening (BLR-JOB-004) and would value a brief conversation on how my hands-on operational grit can take execution load off your team.

Sincerely,
Aditya Mehra
+91-7003456624 | adityamehra799@gmail.com",READY_FOR_APPROVAL,2026-09-18,,,,NOT_CONTACTED,,,No,No,No,No,
OUT-STRK-102,PER-STK-STRK-102,,BLR-JOB-004,Dipali Sharma,Amazon,Operations & Vendor Management Executive,LinkedIn,Touch 1 InMail,Application: Operations & Vendor Management Executive — Aditya Mehra,"Subject: Operational Execution & Vendor SLA Governance - Amazon Operations

Hi Dipali,

I have been following your leadership at Amazon and the operational standards your team maintains in Bengaluru.

I am completing my BBA in International Business at Dayananda Sagar University (DSU, Class of 2026) with a focused track in on-ground execution, supply chain coordination, and vendor SLA restructuring:
- Directed 300+ field deployments including Lead Coordination at AERO India 2025 and Puma India regional brand activations.
- Standardized supplier rate agreements and milestone contracts, eliminating vendor delivery slippage.
- Ground truth curation at Instawork AI (99%+ QA benchmark) with strong cross-border logistics knowledge (Incoterms 2020).

I am targeting the Operations & Vendor Management Executive opening (BLR-JOB-004) and would value a brief conversation on how my hands-on operational grit can take execution load off your team.

Sincerely,
Aditya Mehra
+91-7003456624 | adityamehra799@gmail.com",READY_FOR_APPROVAL,2026-09-18,,,,NOT_CONTACTED,,,No,No,No,No,
OUT-STRK-103,PER-8831,,BLR-JOB-004,Tejashree Kadbe,Amazon,Operations & Vendor Management Executive,LinkedIn,Touch 1 InMail,Application: Operations & Vendor Management Executive — Aditya Mehra,"Subject: Operational Execution & Vendor SLA Governance - Amazon Operations

Hi Tejashree,

I have been following your leadership at Amazon and the operational standards your team maintains in Bengaluru.

I am completing my BBA in International Business at Dayananda Sagar University (DSU, Class of 2026) with a focused track in on-ground execution, supply chain coordination, and vendor SLA restructuring:
- Directed 300+ field deployments including Lead Coordination at AERO India 2025 and Puma India regional brand activations.
- Standardized supplier rate agreements and milestone contracts, eliminating vendor delivery slippage.
- Ground truth curation at Instawork AI (99%+ QA benchmark) with strong cross-border logistics knowledge (Incoterms 2020).

I am targeting the Operations & Vendor Management Executive opening (BLR-JOB-004) and would value a brief conversation on how my hands-on operational grit can take execution load off your team.

Sincerely,
Aditya Mehra
+91-7003456624 | adityamehra799@gmail.com",READY_FOR_APPROVAL,2026-09-18,,,,NOT_CONTACTED,,,No,No,No,No,
OUT-STRK-104,PER-7861,,BLR-JOB-009,Indumathi M,IBM,Supply Chain & Operations Consultant,LinkedIn,Touch 1 InMail,Application: Supply Chain & Operations Consultant — Aditya Mehra,"Subject: Operational Execution & Vendor SLA Governance - IBM Operations

Hi Indumathi,

I have been following your leadership at IBM and the operational standards your team maintains in Bengaluru.

I am completing my BBA in International Business at Dayananda Sagar University (DSU, Class of 2026) with a focused track in on-ground execution, supply chain coordination, and vendor SLA restructuring:
- Directed 300+ field deployments including Lead Coordination at AERO India 2025 and Puma India regional brand activations.
- Standardized supplier rate agreements and milestone contracts, eliminating vendor delivery slippage.
- Ground truth curation at Instawork AI (99%+ QA benchmark) with strong cross-border logistics knowledge (Incoterms 2020).

I am targeting the Supply Chain & Operations Consultant opening (BLR-JOB-009) and would value a brief conversation on how my hands-on operational grit can take execution load off your team.

Sincerely,
Aditya Mehra
+91-7003456624 | adityamehra799@gmail.com",READY_FOR_APPROVAL,2026-09-18,,,,NOT_CONTACTED,,,No,No,No,No,
OUT-STRK-105,PER-STK-STRK-105,,BLR-JOB-024,Riviresa Mahata,Walmart Global Tech,Supply Chain & Retail Operations Analyst,LinkedIn,Touch 1 InMail,Application: Supply Chain & Retail Operations Analyst — Aditya Mehra,"Subject: Operational Execution & Vendor SLA Governance - Walmart Global Tech Operations

Hi Riviresa,

I have been following your leadership at Walmart Global Tech and the operational standards your team maintains in Bengaluru.

I am completing my BBA in International Business at Dayananda Sagar University (DSU, Class of 2026) with a focused track in on-ground execution, supply chain coordination, and vendor SLA restructuring:
- Directed 300+ field deployments including Lead Coordination at AERO India 2025 and Puma India regional brand activations.
- Standardized supplier rate agreements and milestone contracts, eliminating vendor delivery slippage.
- Ground truth curation at Instawork AI (99%+ QA benchmark) with strong cross-border logistics knowledge (Incoterms 2020).

I am targeting the Supply Chain & Retail Operations Analyst opening (BLR-JOB-024) and would value a brief conversation on how my hands-on operational grit can take execution load off your team.

Sincerely,
Aditya Mehra
+91-7003456624 | adityamehra799@gmail.com",READY_FOR_APPROVAL,2026-09-18,,,,NOT_CONTACTED,,,No,No,No,No,
OUT-STRK-106,PER-8597,,BLR-JOB-056,Avani .,Swiggy,Field Operations & Supply Chain Trainee,LinkedIn,Touch 1 InMail,Application: Field Operations & Supply Chain Trainee — Aditya Mehra,"Subject: Operational Execution & Vendor SLA Governance - Swiggy Operations

Hi Avani,

I have been following your leadership at Swiggy and the operational standards your team maintains in Bengaluru.

I am completing my BBA in International Business at Dayananda Sagar University (DSU, Class of 2026) with a focused track in on-ground execution, supply chain coordination, and vendor SLA restructuring:
- Directed 300+ field deployments including Lead Coordination at AERO India 2025 and Puma India regional brand activations.
- Standardized supplier rate agreements and milestone contracts, eliminating vendor delivery slippage.
- Ground truth curation at Instawork AI (99%+ QA benchmark) with strong cross-border logistics knowledge (Incoterms 2020).

I am targeting the Field Operations & Supply Chain Trainee opening (BLR-JOB-056) and would value a brief conversation on how my hands-on operational grit can take execution load off your team.

Sincerely,
Aditya Mehra
+91-7003456624 | adityamehra799@gmail.com",READY_FOR_APPROVAL,2026-09-18,,,,NOT_CONTACTED,,,No,No,No,No,
OUT-STRK-107,PER-7776,,BLR-JOB-057,Sarah Zia Rasheed,Zomato,Restaurant Operations Lead,LinkedIn,Touch 1 InMail,Application: Restaurant Operations Lead — Aditya Mehra,"Subject: Operational Execution & Vendor SLA Governance - Zomato Operations

Hi Sarah,

I have been following your leadership at Zomato and the operational standards your team maintains in Bengaluru.

I am completing my BBA in International Business at Dayananda Sagar University (DSU, Class of 2026) with a focused track in on-ground execution, supply chain coordination, and vendor SLA restructuring:
- Directed 300+ field deployments including Lead Coordination at AERO India 2025 and Puma India regional brand activations.
- Standardized supplier rate agreements and milestone contracts, eliminating vendor delivery slippage.
- Ground truth curation at Instawork AI (99%+ QA benchmark) with strong cross-border logistics knowledge (Incoterms 2020).

I am targeting the Restaurant Operations Lead opening (BLR-JOB-057) and would value a brief conversation on how my hands-on operational grit can take execution load off your team.

Sincerely,
Aditya Mehra
+91-7003456624 | adityamehra799@gmail.com",READY_FOR_APPROVAL,2026-09-18,,,,NOT_CONTACTED,,,No,No,No,No,
OUT-STRK-108,PER-2952,,BLR-JOB-021,Anisha Panda,Dhl Express,Export-Import Freight Operations Associate,LinkedIn,Touch 1 InMail,Application: Export-Import Freight Operations Associate — Aditya Mehra,"Subject: Operational Execution & Vendor SLA Governance - Dhl Express Operations

Hi Anisha,

I have been following your leadership at Dhl Express and the operational standards your team maintains in Bengaluru.

I am completing my BBA in International Business at Dayananda Sagar University (DSU, Class of 2026) with a focused track in on-ground execution, supply chain coordination, and vendor SLA restructuring:
- Directed 300+ field deployments including Lead Coordination at AERO India 2025 and Puma India regional brand activations.
- Standardized supplier rate agreements and milestone contracts, eliminating vendor delivery slippage.
- Ground truth curation at Instawork AI (99%+ QA benchmark) with strong cross-border logistics knowledge (Incoterms 2020).

I am targeting the Export-Import Freight Operations Associate opening (BLR-JOB-021) and would value a brief conversation on how my hands-on operational grit can take execution load off your team.

Sincerely,
Aditya Mehra
+91-7003456624 | adityamehra799@gmail.com",READY_FOR_APPROVAL,2026-09-18,,,,NOT_CONTACTED,,,No,No,No,No,
OUT-STRK-109,PER-844,,BLR-JOB-026,Annyaee Dey,Schneider Electric,Global Supply Chain Executive,LinkedIn,Touch 1 InMail,Application: Global Supply Chain Executive — Aditya Mehra,"Subject: Operational Execution & Vendor SLA Governance - Schneider Electric Operations

Hi Annyaee,

I have been following your leadership at Schneider Electric and the operational standards your team maintains in Bengaluru.

I am completing my BBA in International Business at Dayananda Sagar University (DSU, Class of 2026) with a focused track in on-ground execution, supply chain coordination, and vendor SLA restructuring:
- Directed 300+ field deployments including Lead Coordination at AERO India 2025 and Puma India regional brand activations.
- Standardized supplier rate agreements and milestone contracts, eliminating vendor delivery slippage.
- Ground truth curation at Instawork AI (99%+ QA benchmark) with strong cross-border logistics knowledge (Incoterms 2020).

I am targeting the Global Supply Chain Executive opening (BLR-JOB-026) and would value a brief conversation on how my hands-on operational grit can take execution load off your team.

Sincerely,
Aditya Mehra
+91-7003456624 | adityamehra799@gmail.com",READY_FOR_APPROVAL,2026-09-18,,,,NOT_CONTACTED,,,No,No,No,No,
OUT-STRK-110,PER-STK-STRK-110,,BLR-JOB-006,Archit Khemka,JPMorgan Chase & Co.,Global Operations & Compliance Associate,LinkedIn,Touch 1 InMail,Application: Global Operations & Compliance Associate — Aditya Mehra,"Subject: DSU Student / Operations Track - Introduction & Referral Inquiry (JPMorgan Chase & Co.)

Dear Archit,

I hope this message finds you well. I follow your career trajectory at JPMorgan Chase & Co. with great admiration.

As a final-year student graduating with a BBA in International Business from Dayananda Sagar University (DSU) in Bengaluru (2026), I have focused my undergraduate tenure on rigorous operational execution:
- Managed multi-vendor coordination across 300+ on-ground deployments, highlighted by Lead Coordination at AERO India 2025 (Yelahanka AFB).
- Structured Tier-1 vendor rate cards and enforced strict milestone delivery contracts.
- Accelerated commercial client onboarding workflows and contributed to AI data pipelines at Instawork (99%+ QA accuracy).

There is an active requisition for Global Operations & Compliance Associate (BLR-JOB-006) at JPMorgan Chase & Co. that perfectly matches my background. If my profile resonates, I would be deeply grateful for your guidance or a referral routing to the hiring team.

Thank you very much for your time and consideration.

Warm regards,
Aditya Mehra
+91-7003456624 | adityamehra799@gmail.com | Bengaluru",READY_FOR_APPROVAL,2026-09-18,,,,NOT_CONTACTED,,,No,No,No,No,
OUT-STRK-111,PER-STK-STRK-111,,BLR-JOB-006,Suchi Sundaram,JPMorgan Chase & Co.,Global Operations & Compliance Associate,LinkedIn,Touch 1 InMail,Application: Global Operations & Compliance Associate — Aditya Mehra,"Subject: DSU Student / Operations Track - Introduction & Referral Inquiry (JPMorgan Chase & Co.)

Dear Suchi,

I hope this message finds you well. I follow your career trajectory at JPMorgan Chase & Co. with great admiration.

As a final-year student graduating with a BBA in International Business from Dayananda Sagar University (DSU) in Bengaluru (2026), I have focused my undergraduate tenure on rigorous operational execution:
- Managed multi-vendor coordination across 300+ on-ground deployments, highlighted by Lead Coordination at AERO India 2025 (Yelahanka AFB).
- Structured Tier-1 vendor rate cards and enforced strict milestone delivery contracts.
- Accelerated commercial client onboarding workflows and contributed to AI data pipelines at Instawork (99%+ QA accuracy).

There is an active requisition for Global Operations & Compliance Associate (BLR-JOB-006) at JPMorgan Chase & Co. that perfectly matches my background. If my profile resonates, I would be deeply grateful for your guidance or a referral routing to the hiring team.

Thank you very much for your time and consideration.

Warm regards,
Aditya Mehra
+91-7003456624 | adityamehra799@gmail.com | Bengaluru",READY_FOR_APPROVAL,2026-09-18,,,,NOT_CONTACTED,,,No,No,No,No,
OUT-STRK-112,PER-STK-STRK-112,,BLR-JOB-013,Janeesha Antony,PricewaterhouseCoopers (PwC),Business Operations Analyst,LinkedIn,Touch 1 InMail,Application: Business Operations Analyst — Aditya Mehra,"Subject: DSU Student / Operations Track - Introduction & Referral Inquiry (PricewaterhouseCoopers (PwC))

Dear Janeesha,

I hope this message finds you well. I follow your career trajectory at PricewaterhouseCoopers (PwC) with great admiration.

As a final-year student graduating with a BBA in International Business from Dayananda Sagar University (DSU) in Bengaluru (2026), I have focused my undergraduate tenure on rigorous operational execution:
- Managed multi-vendor coordination across 300+ on-ground deployments, highlighted by Lead Coordination at AERO India 2025 (Yelahanka AFB).
- Structured Tier-1 vendor rate cards and enforced strict milestone delivery contracts.
- Accelerated commercial client onboarding workflows and contributed to AI data pipelines at Instawork (99%+ QA accuracy).

There is an active requisition for Business Operations Analyst (BLR-JOB-013) at PricewaterhouseCoopers (PwC) that perfectly matches my background. If my profile resonates, I would be deeply grateful for your guidance or a referral routing to the hiring team.

Thank you very much for your time and consideration.

Warm regards,
Aditya Mehra
+91-7003456624 | adityamehra799@gmail.com | Bengaluru",READY_FOR_APPROVAL,2026-09-18,,,,NOT_CONTACTED,,,No,No,No,No,
OUT-STRK-113,PER-STK-STRK-113,,BLR-JOB-024,Aneena Joseph,Walmart Global Tech,Supply Chain & Retail Operations Analyst,LinkedIn,Touch 1 InMail,Application: Supply Chain & Retail Operations Analyst — Aditya Mehra,"Subject: DSU Student / Operations Track - Introduction & Referral Inquiry (Walmart Global Tech)

Dear Aneena,

I hope this message finds you well. I follow your career trajectory at Walmart Global Tech with great admiration.

As a final-year student graduating with a BBA in International Business from Dayananda Sagar University (DSU) in Bengaluru (2026), I have focused my undergraduate tenure on rigorous operational execution:
- Managed multi-vendor coordination across 300+ on-ground deployments, highlighted by Lead Coordination at AERO India 2025 (Yelahanka AFB).
- Structured Tier-1 vendor rate cards and enforced strict milestone delivery contracts.
- Accelerated commercial client onboarding workflows and contributed to AI data pipelines at Instawork (99%+ QA accuracy).

There is an active requisition for Supply Chain & Retail Operations Analyst (BLR-JOB-024) at Walmart Global Tech that perfectly matches my background. If my profile resonates, I would be deeply grateful for your guidance or a referral routing to the hiring team.

Thank you very much for your time and consideration.

Warm regards,
Aditya Mehra
+91-7003456624 | adityamehra799@gmail.com | Bengaluru",READY_FOR_APPROVAL,2026-09-18,,,,NOT_CONTACTED,,,No,No,No,No,
OUT-STRK-114,PER-STK-STRK-114,,BLR-JOB-003,Suman Thakur,Ernst & Young (EY),Business Analyst - Global Advisory,LinkedIn,Touch 1 InMail,Application: Business Analyst - Global Advisory — Aditya Mehra,"Subject: DSU Student / Operations Track - Introduction & Referral Inquiry (Ernst & Young (EY))

Dear Suman,

I hope this message finds you well. I follow your career trajectory at Ernst & Young (EY) with great admiration.

As a final-year student graduating with a BBA in International Business from Dayananda Sagar University (DSU) in Bengaluru (2026), I have focused my undergraduate tenure on rigorous operational execution:
- Managed multi-vendor coordination across 300+ on-ground deployments, highlighted by Lead Coordination at AERO India 2025 (Yelahanka AFB).
- Structured Tier-1 vendor rate cards and enforced strict milestone delivery contracts.
- Accelerated commercial client onboarding workflows and contributed to AI data pipelines at Instawork (99%+ QA accuracy).

There is an active requisition for Business Analyst - Global Advisory (BLR-JOB-003) at Ernst & Young (EY) that perfectly matches my background. If my profile resonates, I would be deeply grateful for your guidance or a referral routing to the hiring team.

Thank you very much for your time and consideration.

Warm regards,
Aditya Mehra
+91-7003456624 | adityamehra799@gmail.com | Bengaluru",READY_FOR_APPROVAL,2026-09-18,,,,NOT_CONTACTED,,,No,No,No,No,
OUT-STRK-115,PER-STK-STRK-115,,BLR-JOB-003,Megha Bajoria,Ernst & Young (EY),Business Analyst - Global Advisory,LinkedIn,Touch 1 InMail,Application: Business Analyst - Global Advisory — Aditya Mehra,"Subject: DSU Student / Operations Track - Introduction & Referral Inquiry (Ernst & Young (EY))

Dear Megha,

I hope this message finds you well. I follow your career trajectory at Ernst & Young (EY) with great admiration.

As a final-year student graduating with a BBA in International Business from Dayananda Sagar University (DSU) in Bengaluru (2026), I have focused my undergraduate tenure on rigorous operational execution:
- Managed multi-vendor coordination across 300+ on-ground deployments, highlighted by Lead Coordination at AERO India 2025 (Yelahanka AFB).
- Structured Tier-1 vendor rate cards and enforced strict milestone delivery contracts.
- Accelerated commercial client onboarding workflows and contributed to AI data pipelines at Instawork (99%+ QA accuracy).

There is an active requisition for Business Analyst - Global Advisory (BLR-JOB-003) at Ernst & Young (EY) that perfectly matches my background. If my profile resonates, I would be deeply grateful for your guidance or a referral routing to the hiring team.

Thank you very much for your time and consideration.

Warm regards,
Aditya Mehra
+91-7003456624 | adityamehra799@gmail.com | Bengaluru",READY_FOR_APPROVAL,2026-09-18,,,,NOT_CONTACTED,,,No,No,No,No,
OUT-STRK-116,PER-STK-STRK-116,,BLR-JOB-012,Kalindi Kumari,KPMG,Global Risk & Management Trainee,LinkedIn,Touch 1 InMail,Application: Global Risk & Management Trainee — Aditya Mehra,"Subject: DSU Student / Operations Track - Introduction & Referral Inquiry (KPMG)

Dear Kalindi,

I hope this message finds you well. I follow your career trajectory at KPMG with great admiration.

As a final-year student graduating with a BBA in International Business from Dayananda Sagar University (DSU) in Bengaluru (2026), I have focused my undergraduate tenure on rigorous operational execution:
- Managed multi-vendor coordination across 300+ on-ground deployments, highlighted by Lead Coordination at AERO India 2025 (Yelahanka AFB).
- Structured Tier-1 vendor rate cards and enforced strict milestone delivery contracts.
- Accelerated commercial client onboarding workflows and contributed to AI data pipelines at Instawork (99%+ QA accuracy).

There is an active requisition for Global Risk & Management Trainee (BLR-JOB-012) at KPMG that perfectly matches my background. If my profile resonates, I would be deeply grateful for your guidance or a referral routing to the hiring team.

Thank you very much for your time and consideration.

Warm regards,
Aditya Mehra
+91-7003456624 | adityamehra799@gmail.com | Bengaluru",READY_FOR_APPROVAL,2026-09-18,,,,NOT_CONTACTED,,,No,No,No,No,
OUT-STRK-117,PER-STK-STRK-117,,BLR-JOB-013,Kanchana Pratap,PricewaterhouseCoopers (PwC),Business Operations Analyst,LinkedIn,Touch 1 InMail,Application: Business Operations Analyst — Aditya Mehra,"Subject: DSU Student / Operations Track - Introduction & Referral Inquiry (PricewaterhouseCoopers (PwC))

Dear Kanchana,

I hope this message finds you well. I follow your career trajectory at PricewaterhouseCoopers (PwC) with great admiration.

As a final-year student graduating with a BBA in International Business from Dayananda Sagar University (DSU) in Bengaluru (2026), I have focused my undergraduate tenure on rigorous operational execution:
- Managed multi-vendor coordination across 300+ on-ground deployments, highlighted by Lead Coordination at AERO India 2025 (Yelahanka AFB).
- Structured Tier-1 vendor rate cards and enforced strict milestone delivery contracts.
- Accelerated commercial client onboarding workflows and contributed to AI data pipelines at Instawork (99%+ QA accuracy).

There is an active requisition for Business Operations Analyst (BLR-JOB-013) at PricewaterhouseCoopers (PwC) that perfectly matches my background. If my profile resonates, I would be deeply grateful for your guidance or a referral routing to the hiring team.

Thank you very much for your time and consideration.

Warm regards,
Aditya Mehra
+91-7003456624 | adityamehra799@gmail.com | Bengaluru",READY_FOR_APPROVAL,2026-09-18,,,,NOT_CONTACTED,,,No,No,No,No,
OUT-STRK-118,PER-9051,,BLR-JOB-050,Induja gowda M,Astrazeneca India,Commercial Operations Support Specialist,LinkedIn,Touch 1 InMail,Application: Commercial Operations Support Specialist — Aditya Mehra,"Subject: DSU Student / Operations Track - Introduction & Referral Inquiry (Astrazeneca India)

Dear Induja,

I hope this message finds you well. I follow your career trajectory at Astrazeneca India with great admiration.

As a final-year student graduating with a BBA in International Business from Dayananda Sagar University (DSU) in Bengaluru (2026), I have focused my undergraduate tenure on rigorous operational execution:
- Managed multi-vendor coordination across 300+ on-ground deployments, highlighted by Lead Coordination at AERO India 2025 (Yelahanka AFB).
- Structured Tier-1 vendor rate cards and enforced strict milestone delivery contracts.
- Accelerated commercial client onboarding workflows and contributed to AI data pipelines at Instawork (99%+ QA accuracy).

There is an active requisition for Commercial Operations Support Specialist (BLR-JOB-050) at Astrazeneca India that perfectly matches my background. If my profile resonates, I would be deeply grateful for your guidance or a referral routing to the hiring team.

Thank you very much for your time and consideration.

Warm regards,
Aditya Mehra
+91-7003456624 | adityamehra799@gmail.com | Bengaluru",READY_FOR_APPROVAL,2026-09-18,,,,NOT_CONTACTED,,,No,No,No,No,
OUT-STRK-119,PER-255,,BLR-JOB-004,Shraddha Chhetri,Amazon,Operations & Vendor Management Executive,LinkedIn,Touch 1 InMail,Application: Operations & Vendor Management Executive — Aditya Mehra,"Subject: DSU Student / Operations Track - Introduction & Referral Inquiry (Amazon)

Dear Shraddha,

I hope this message finds you well. I follow your career trajectory at Amazon with great admiration.

As a final-year student graduating with a BBA in International Business from Dayananda Sagar University (DSU) in Bengaluru (2026), I have focused my undergraduate tenure on rigorous operational execution:
- Managed multi-vendor coordination across 300+ on-ground deployments, highlighted by Lead Coordination at AERO India 2025 (Yelahanka AFB).
- Structured Tier-1 vendor rate cards and enforced strict milestone delivery contracts.
- Accelerated commercial client onboarding workflows and contributed to AI data pipelines at Instawork (99%+ QA accuracy).

There is an active requisition for Operations & Vendor Management Executive (BLR-JOB-004) at Amazon that perfectly matches my background. If my profile resonates, I would be deeply grateful for your guidance or a referral routing to the hiring team.

Thank you very much for your time and consideration.

Warm regards,
Aditya Mehra
+91-7003456624 | adityamehra799@gmail.com | Bengaluru",READY_FOR_APPROVAL,2026-09-18,,,,NOT_CONTACTED,,,No,No,No,No,
OUT-STRK-120,PER-4408,,BLR-JOB-004,Aditi Roy,Amazon,Operations & Vendor Management Executive,LinkedIn,Touch 1 InMail,Application: Operations & Vendor Management Executive — Aditya Mehra,"Subject: DSU Student / Operations Track - Introduction & Referral Inquiry (Amazon)

Dear Aditi,

I hope this message finds you well. I follow your career trajectory at Amazon with great admiration.

As a final-year student graduating with a BBA in International Business from Dayananda Sagar University (DSU) in Bengaluru (2026), I have focused my undergraduate tenure on rigorous operational execution:
- Managed multi-vendor coordination across 300+ on-ground deployments, highlighted by Lead Coordination at AERO India 2025 (Yelahanka AFB).
- Structured Tier-1 vendor rate cards and enforced strict milestone delivery contracts.
- Accelerated commercial client onboarding workflows and contributed to AI data pipelines at Instawork (99%+ QA accuracy).

There is an active requisition for Operations & Vendor Management Executive (BLR-JOB-004) at Amazon that perfectly matches my background. If my profile resonates, I would be deeply grateful for your guidance or a referral routing to the hiring team.

Thank you very much for your time and consideration.

Warm regards,
Aditya Mehra
+91-7003456624 | adityamehra799@gmail.com | Bengaluru",READY_FOR_APPROVAL,2026-09-18,,,,NOT_CONTACTED,,,No,No,No,No,
OUT-STRK-121,PER-201,,BLR-JOB-005,Deepti Christy,Goldman Sachs,Global Markets Operations Analyst,LinkedIn,Touch 1 InMail,Application: Global Markets Operations Analyst — Aditya Mehra,"Subject: DSU Student / Operations Track - Introduction & Referral Inquiry (Goldman Sachs)

Dear Deepti,

I hope this message finds you well. I follow your career trajectory at Goldman Sachs with great admiration.

As a final-year student graduating with a BBA in International Business from Dayananda Sagar University (DSU) in Bengaluru (2026), I have focused my undergraduate tenure on rigorous operational execution:
- Managed multi-vendor coordination across 300+ on-ground deployments, highlighted by Lead Coordination at AERO India 2025 (Yelahanka AFB).
- Structured Tier-1 vendor rate cards and enforced strict milestone delivery contracts.
- Accelerated commercial client onboarding workflows and contributed to AI data pipelines at Instawork (99%+ QA accuracy).

There is an active requisition for Global Markets Operations Analyst (BLR-JOB-005) at Goldman Sachs that perfectly matches my background. If my profile resonates, I would be deeply grateful for your guidance or a referral routing to the hiring team.

Thank you very much for your time and consideration.

Warm regards,
Aditya Mehra
+91-7003456624 | adityamehra799@gmail.com | Bengaluru",READY_FOR_APPROVAL,2026-09-18,,,,NOT_CONTACTED,,,No,No,No,No,
OUT-STRK-122,PER-1151,,BLR-JOB-005,Rahul Pandey,Goldman Sachs,Global Markets Operations Analyst,LinkedIn,Touch 1 InMail,Application: Global Markets Operations Analyst — Aditya Mehra,"Subject: DSU Student / Operations Track - Introduction & Referral Inquiry (Goldman Sachs)

Dear Rahul,

I hope this message finds you well. I follow your career trajectory at Goldman Sachs with great admiration.

As a final-year student graduating with a BBA in International Business from Dayananda Sagar University (DSU) in Bengaluru (2026), I have focused my undergraduate tenure on rigorous operational execution:
- Managed multi-vendor coordination across 300+ on-ground deployments, highlighted by Lead Coordination at AERO India 2025 (Yelahanka AFB).
- Structured Tier-1 vendor rate cards and enforced strict milestone delivery contracts.
- Accelerated commercial client onboarding workflows and contributed to AI data pipelines at Instawork (99%+ QA accuracy).

There is an active requisition for Global Markets Operations Analyst (BLR-JOB-005) at Goldman Sachs that perfectly matches my background. If my profile resonates, I would be deeply grateful for your guidance or a referral routing to the hiring team.

Thank you very much for your time and consideration.

Warm regards,
Aditya Mehra
+91-7003456624 | adityamehra799@gmail.com | Bengaluru",READY_FOR_APPROVAL,2026-09-18,,,,NOT_CONTACTED,,,No,No,No,No,
OUT-STRK-123,PER-1349,,BLR-JOB-005,Vidya Kumar,Goldman Sachs,Global Markets Operations Analyst,LinkedIn,Touch 1 InMail,Application: Global Markets Operations Analyst — Aditya Mehra,"Subject: DSU Student / Operations Track - Introduction & Referral Inquiry (Goldman Sachs)

Dear Vidya,

I hope this message finds you well. I follow your career trajectory at Goldman Sachs with great admiration.

As a final-year student graduating with a BBA in International Business from Dayananda Sagar University (DSU) in Bengaluru (2026), I have focused my undergraduate tenure on rigorous operational execution:
- Managed multi-vendor coordination across 300+ on-ground deployments, highlighted by Lead Coordination at AERO India 2025 (Yelahanka AFB).
- Structured Tier-1 vendor rate cards and enforced strict milestone delivery contracts.
- Accelerated commercial client onboarding workflows and contributed to AI data pipelines at Instawork (99%+ QA accuracy).

There is an active requisition for Global Markets Operations Analyst (BLR-JOB-005) at Goldman Sachs that perfectly matches my background. If my profile resonates, I would be deeply grateful for your guidance or a referral routing to the hiring team.

Thank you very much for your time and consideration.

Warm regards,
Aditya Mehra
+91-7003456624 | adityamehra799@gmail.com | Bengaluru",READY_FOR_APPROVAL,2026-09-18,,,,NOT_CONTACTED,,,No,No,No,No,
OUT-STRK-124,PER-2072,,BLR-JOB-005,Arushi Khanna,Goldman Sachs,Global Markets Operations Analyst,LinkedIn,Touch 1 InMail,Application: Global Markets Operations Analyst — Aditya Mehra,"Subject: DSU Student / Operations Track - Introduction & Referral Inquiry (Goldman Sachs)

Dear Arushi,

I hope this message finds you well. I follow your career trajectory at Goldman Sachs with great admiration.

As a final-year student graduating with a BBA in International Business from Dayananda Sagar University (DSU) in Bengaluru (2026), I have focused my undergraduate tenure on rigorous operational execution:
- Managed multi-vendor coordination across 300+ on-ground deployments, highlighted by Lead Coordination at AERO India 2025 (Yelahanka AFB).
- Structured Tier-1 vendor rate cards and enforced strict milestone delivery contracts.
- Accelerated commercial client onboarding workflows and contributed to AI data pipelines at Instawork (99%+ QA accuracy).

There is an active requisition for Global Markets Operations Analyst (BLR-JOB-005) at Goldman Sachs that perfectly matches my background. If my profile resonates, I would be deeply grateful for your guidance or a referral routing to the hiring team.

Thank you very much for your time and consideration.

Warm regards,
Aditya Mehra
+91-7003456624 | adityamehra799@gmail.com | Bengaluru",READY_FOR_APPROVAL,2026-09-18,,,,NOT_CONTACTED,,,No,No,No,No,
OUT-STRK-125,PER-2123,,BLR-JOB-005,CA Ramya Baliga,Goldman Sachs,Global Markets Operations Analyst,LinkedIn,Touch 1 InMail,Application: Global Markets Operations Analyst — Aditya Mehra,"Subject: DSU Student / Operations Track - Introduction & Referral Inquiry (Goldman Sachs)

Dear CA,

I hope this message finds you well. I follow your career trajectory at Goldman Sachs with great admiration.

As a final-year student graduating with a BBA in International Business from Dayananda Sagar University (DSU) in Bengaluru (2026), I have focused my undergraduate tenure on rigorous operational execution:
- Managed multi-vendor coordination across 300+ on-ground deployments, highlighted by Lead Coordination at AERO India 2025 (Yelahanka AFB).
- Structured Tier-1 vendor rate cards and enforced strict milestone delivery contracts.
- Accelerated commercial client onboarding workflows and contributed to AI data pipelines at Instawork (99%+ QA accuracy).

There is an active requisition for Global Markets Operations Analyst (BLR-JOB-005) at Goldman Sachs that perfectly matches my background. If my profile resonates, I would be deeply grateful for your guidance or a referral routing to the hiring team.

Thank you very much for your time and consideration.

Warm regards,
Aditya Mehra
+91-7003456624 | adityamehra799@gmail.com | Bengaluru",READY_FOR_APPROVAL,2026-09-18,,,,NOT_CONTACTED,,,No,No,No,No,
OUT-STRK-126,PER-2137,,BLR-JOB-005,Samridhi Chauhan,Goldman Sachs,Global Markets Operations Analyst,LinkedIn,Touch 1 InMail,Application: Global Markets Operations Analyst — Aditya Mehra,"Subject: DSU Student / Operations Track - Introduction & Referral Inquiry (Goldman Sachs)

Dear Samridhi,

I hope this message finds you well. I follow your career trajectory at Goldman Sachs with great admiration.

As a final-year student graduating with a BBA in International Business from Dayananda Sagar University (DSU) in Bengaluru (2026), I have focused my undergraduate tenure on rigorous operational execution:
- Managed multi-vendor coordination across 300+ on-ground deployments, highlighted by Lead Coordination at AERO India 2025 (Yelahanka AFB).
- Structured Tier-1 vendor rate cards and enforced strict milestone delivery contracts.
- Accelerated commercial client onboarding workflows and contributed to AI data pipelines at Instawork (99%+ QA accuracy).

There is an active requisition for Global Markets Operations Analyst (BLR-JOB-005) at Goldman Sachs that perfectly matches my background. If my profile resonates, I would be deeply grateful for your guidance or a referral routing to the hiring team.

Thank you very much for your time and consideration.

Warm regards,
Aditya Mehra
+91-7003456624 | adityamehra799@gmail.com | Bengaluru",READY_FOR_APPROVAL,2026-09-18,,,,NOT_CONTACTED,,,No,No,No,No,
OUT-STRK-127,PER-3857,,BLR-JOB-005,Apurva Deshmukh,Goldman Sachs,Global Markets Operations Analyst,LinkedIn,Touch 1 InMail,Application: Global Markets Operations Analyst — Aditya Mehra,"Subject: DSU Student / Operations Track - Introduction & Referral Inquiry (Goldman Sachs)

Dear Apurva,

I hope this message finds you well. I follow your career trajectory at Goldman Sachs with great admiration.

As a final-year student graduating with a BBA in International Business from Dayananda Sagar University (DSU) in Bengaluru (2026), I have focused my undergraduate tenure on rigorous operational execution:
- Managed multi-vendor coordination across 300+ on-ground deployments, highlighted by Lead Coordination at AERO India 2025 (Yelahanka AFB).
- Structured Tier-1 vendor rate cards and enforced strict milestone delivery contracts.
- Accelerated commercial client onboarding workflows and contributed to AI data pipelines at Instawork (99%+ QA accuracy).

There is an active requisition for Global Markets Operations Analyst (BLR-JOB-005) at Goldman Sachs that perfectly matches my background. If my profile resonates, I would be deeply grateful for your guidance or a referral routing to the hiring team.

Thank you very much for your time and consideration.

Warm regards,
Aditya Mehra
+91-7003456624 | adityamehra799@gmail.com | Bengaluru",READY_FOR_APPROVAL,2026-09-18,,,,NOT_CONTACTED,,,No,No,No,No,
OUT-STRK-128,PER-5829,,BLR-JOB-005,Dola Sinha,Goldman Sachs,Global Markets Operations Analyst,LinkedIn,Touch 1 InMail,Application: Global Markets Operations Analyst — Aditya Mehra,"Subject: DSU Student / Operations Track - Introduction & Referral Inquiry (Goldman Sachs)

Dear Dola,

I hope this message finds you well. I follow your career trajectory at Goldman Sachs with great admiration.

As a final-year student graduating with a BBA in International Business from Dayananda Sagar University (DSU) in Bengaluru (2026), I have focused my undergraduate tenure on rigorous operational execution:
- Managed multi-vendor coordination across 300+ on-ground deployments, highlighted by Lead Coordination at AERO India 2025 (Yelahanka AFB).
- Structured Tier-1 vendor rate cards and enforced strict milestone delivery contracts.
- Accelerated commercial client onboarding workflows and contributed to AI data pipelines at Instawork (99%+ QA accuracy).

There is an active requisition for Global Markets Operations Analyst (BLR-JOB-005) at Goldman Sachs that perfectly matches my background. If my profile resonates, I would be deeply grateful for your guidance or a referral routing to the hiring team.

Thank you very much for your time and consideration.

Warm regards,
Aditya Mehra
+91-7003456624 | adityamehra799@gmail.com | Bengaluru",READY_FOR_APPROVAL,2026-09-18,,,,NOT_CONTACTED,,,No,No,No,No,
OUT-STRK-129,PER-6077,,BLR-JOB-005,Akreeti Chetri,Goldman Sachs,Global Markets Operations Analyst,LinkedIn,Touch 1 InMail,Application: Global Markets Operations Analyst — Aditya Mehra,"Subject: DSU Student / Operations Track - Introduction & Referral Inquiry (Goldman Sachs)

Dear Akreeti,

I hope this message finds you well. I follow your career trajectory at Goldman Sachs with great admiration.

As a final-year student graduating with a BBA in International Business from Dayananda Sagar University (DSU) in Bengaluru (2026), I have focused my undergraduate tenure on rigorous operational execution:
- Managed multi-vendor coordination across 300+ on-ground deployments, highlighted by Lead Coordination at AERO India 2025 (Yelahanka AFB).
- Structured Tier-1 vendor rate cards and enforced strict milestone delivery contracts.
- Accelerated commercial client onboarding workflows and contributed to AI data pipelines at Instawork (99%+ QA accuracy).

There is an active requisition for Global Markets Operations Analyst (BLR-JOB-005) at Goldman Sachs that perfectly matches my background. If my profile resonates, I would be deeply grateful for your guidance or a referral routing to the hiring team.

Thank you very much for your time and consideration.

Warm regards,
Aditya Mehra
+91-7003456624 | adityamehra799@gmail.com | Bengaluru",READY_FOR_APPROVAL,2026-09-18,,,,NOT_CONTACTED,,,No,No,No,No,
OUT-STRK-130,PER-6157,,BLR-JOB-005,CA Varsha Goyal,Goldman Sachs,Global Markets Operations Analyst,LinkedIn,Touch 1 InMail,Application: Global Markets Operations Analyst — Aditya Mehra,"Subject: DSU Student / Operations Track - Introduction & Referral Inquiry (Goldman Sachs)

Dear CA,

I hope this message finds you well. I follow your career trajectory at Goldman Sachs with great admiration.

As a final-year student graduating with a BBA in International Business from Dayananda Sagar University (DSU) in Bengaluru (2026), I have focused my undergraduate tenure on rigorous operational execution:
- Managed multi-vendor coordination across 300+ on-ground deployments, highlighted by Lead Coordination at AERO India 2025 (Yelahanka AFB).
- Structured Tier-1 vendor rate cards and enforced strict milestone delivery contracts.
- Accelerated commercial client onboarding workflows and contributed to AI data pipelines at Instawork (99%+ QA accuracy).

There is an active requisition for Global Markets Operations Analyst (BLR-JOB-005) at Goldman Sachs that perfectly matches my background. If my profile resonates, I would be deeply grateful for your guidance or a referral routing to the hiring team.

Thank you very much for your time and consideration.

Warm regards,
Aditya Mehra
+91-7003456624 | adityamehra799@gmail.com | Bengaluru",READY_FOR_APPROVAL,2026-09-18,,,,NOT_CONTACTED,,,No,No,No,No,
OUT-STRK-131,PER-6171,,BLR-JOB-005,Uthra Kumarasamy,Goldman Sachs,Global Markets Operations Analyst,LinkedIn,Touch 1 InMail,Application: Global Markets Operations Analyst — Aditya Mehra,"Subject: DSU Student / Operations Track - Introduction & Referral Inquiry (Goldman Sachs)

Dear Uthra,

I hope this message finds you well. I follow your career trajectory at Goldman Sachs with great admiration.

As a final-year student graduating with a BBA in International Business from Dayananda Sagar University (DSU) in Bengaluru (2026), I have focused my undergraduate tenure on rigorous operational execution:
- Managed multi-vendor coordination across 300+ on-ground deployments, highlighted by Lead Coordination at AERO India 2025 (Yelahanka AFB).
- Structured Tier-1 vendor rate cards and enforced strict milestone delivery contracts.
- Accelerated commercial client onboarding workflows and contributed to AI data pipelines at Instawork (99%+ QA accuracy).

There is an active requisition for Global Markets Operations Analyst (BLR-JOB-005) at Goldman Sachs that perfectly matches my background. If my profile resonates, I would be deeply grateful for your guidance or a referral routing to the hiring team.

Thank you very much for your time and consideration.

Warm regards,
Aditya Mehra
+91-7003456624 | adityamehra799@gmail.com | Bengaluru",READY_FOR_APPROVAL,2026-09-18,,,,NOT_CONTACTED,,,No,No,No,No,
OUT-STRK-132,PER-8228,,BLR-JOB-005,Priyanka Agarwal,Goldman Sachs,Global Markets Operations Analyst,LinkedIn,Touch 1 InMail,Application: Global Markets Operations Analyst — Aditya Mehra,"Subject: DSU Student / Operations Track - Introduction & Referral Inquiry (Goldman Sachs)

Dear Priyanka,

I hope this message finds you well. I follow your career trajectory at Goldman Sachs with great admiration.

As a final-year student graduating with a BBA in International Business from Dayananda Sagar University (DSU) in Bengaluru (2026), I have focused my undergraduate tenure on rigorous operational execution:
- Managed multi-vendor coordination across 300+ on-ground deployments, highlighted by Lead Coordination at AERO India 2025 (Yelahanka AFB).
- Structured Tier-1 vendor rate cards and enforced strict milestone delivery contracts.
- Accelerated commercial client onboarding workflows and contributed to AI data pipelines at Instawork (99%+ QA accuracy).

There is an active requisition for Global Markets Operations Analyst (BLR-JOB-005) at Goldman Sachs that perfectly matches my background. If my profile resonates, I would be deeply grateful for your guidance or a referral routing to the hiring team.

Thank you very much for your time and consideration.

Warm regards,
Aditya Mehra
+91-7003456624 | adityamehra799@gmail.com | Bengaluru",READY_FOR_APPROVAL,2026-09-18,,,,NOT_CONTACTED,,,No,No,No,No,
OUT-STRK-133,PER-8430,,BLR-JOB-005,Asmita Chatterjee,Goldman Sachs,Global Markets Operations Analyst,LinkedIn,Touch 1 InMail,Application: Global Markets Operations Analyst — Aditya Mehra,"Subject: DSU Student / Operations Track - Introduction & Referral Inquiry (Goldman Sachs)

Dear Asmita,

I hope this message finds you well. I follow your career trajectory at Goldman Sachs with great admiration.

As a final-year student graduating with a BBA in International Business from Dayananda Sagar University (DSU) in Bengaluru (2026), I have focused my undergraduate tenure on rigorous operational execution:
- Managed multi-vendor coordination across 300+ on-ground deployments, highlighted by Lead Coordination at AERO India 2025 (Yelahanka AFB).
- Structured Tier-1 vendor rate cards and enforced strict milestone delivery contracts.
- Accelerated commercial client onboarding workflows and contributed to AI data pipelines at Instawork (99%+ QA accuracy).

There is an active requisition for Global Markets Operations Analyst (BLR-JOB-005) at Goldman Sachs that perfectly matches my background. If my profile resonates, I would be deeply grateful for your guidance or a referral routing to the hiring team.

Thank you very much for your time and consideration.

Warm regards,
Aditya Mehra
+91-7003456624 | adityamehra799@gmail.com | Bengaluru",READY_FOR_APPROVAL,2026-09-18,,,,NOT_CONTACTED,,,No,No,No,No,
OUT-STRK-134,PER-8841,,BLR-JOB-005,Aparna Ganesh,Goldman Sachs,Global Markets Operations Analyst,LinkedIn,Touch 1 InMail,Application: Global Markets Operations Analyst — Aditya Mehra,"Subject: DSU Student / Operations Track - Introduction & Referral Inquiry (Goldman Sachs)

Dear Aparna,

I hope this message finds you well. I follow your career trajectory at Goldman Sachs with great admiration.

As a final-year student graduating with a BBA in International Business from Dayananda Sagar University (DSU) in Bengaluru (2026), I have focused my undergraduate tenure on rigorous operational execution:
- Managed multi-vendor coordination across 300+ on-ground deployments, highlighted by Lead Coordination at AERO India 2025 (Yelahanka AFB).
- Structured Tier-1 vendor rate cards and enforced strict milestone delivery contracts.
- Accelerated commercial client onboarding workflows and contributed to AI data pipelines at Instawork (99%+ QA accuracy).

There is an active requisition for Global Markets Operations Analyst (BLR-JOB-005) at Goldman Sachs that perfectly matches my background. If my profile resonates, I would be deeply grateful for your guidance or a referral routing to the hiring team.

Thank you very much for your time and consideration.

Warm regards,
Aditya Mehra
+91-7003456624 | adityamehra799@gmail.com | Bengaluru",READY_FOR_APPROVAL,2026-09-18,,,,NOT_CONTACTED,,,No,No,No,No,
OUT-STRK-135,PER-STK-STRK-135,,BLR-JOB-006,Sapna Agarwal,JPMorgan Chase & Co.,Global Operations & Compliance Associate,LinkedIn,Touch 1 InMail,Application: Global Operations & Compliance Associate — Aditya Mehra,"Subject: DSU Student / Operations Track - Introduction & Referral Inquiry (JPMorgan Chase & Co.)

Dear Sapna,

I hope this message finds you well. I follow your career trajectory at JPMorgan Chase & Co. with great admiration.

As a final-year student graduating with a BBA in International Business from Dayananda Sagar University (DSU) in Bengaluru (2026), I have focused my undergraduate tenure on rigorous operational execution:
- Managed multi-vendor coordination across 300+ on-ground deployments, highlighted by Lead Coordination at AERO India 2025 (Yelahanka AFB).
- Structured Tier-1 vendor rate cards and enforced strict milestone delivery contracts.
- Accelerated commercial client onboarding workflows and contributed to AI data pipelines at Instawork (99%+ QA accuracy).

There is an active requisition for Global Operations & Compliance Associate (BLR-JOB-006) at JPMorgan Chase & Co. that perfectly matches my background. If my profile resonates, I would be deeply grateful for your guidance or a referral routing to the hiring team.

Thank you very much for your time and consideration.

Warm regards,
Aditya Mehra
+91-7003456624 | adityamehra799@gmail.com | Bengaluru",READY_FOR_APPROVAL,2026-09-18,,,,NOT_CONTACTED,,,No,No,No,No,
OUT-STRK-136,PER-1048,,BLR-JOB-006,Dr. Anita Mary,JPMorgan Chase & Co.,Global Operations & Compliance Associate,LinkedIn,Touch 1 InMail,Application: Global Operations & Compliance Associate — Aditya Mehra,"Subject: DSU Student / Operations Track - Introduction & Referral Inquiry (JPMorgan Chase & Co.)

Dear Dr.,

I hope this message finds you well. I follow your career trajectory at JPMorgan Chase & Co. with great admiration.

As a final-year student graduating with a BBA in International Business from Dayananda Sagar University (DSU) in Bengaluru (2026), I have focused my undergraduate tenure on rigorous operational execution:
- Managed multi-vendor coordination across 300+ on-ground deployments, highlighted by Lead Coordination at AERO India 2025 (Yelahanka AFB).
- Structured Tier-1 vendor rate cards and enforced strict milestone delivery contracts.
- Accelerated commercial client onboarding workflows and contributed to AI data pipelines at Instawork (99%+ QA accuracy).

There is an active requisition for Global Operations & Compliance Associate (BLR-JOB-006) at JPMorgan Chase & Co. that perfectly matches my background. If my profile resonates, I would be deeply grateful for your guidance or a referral routing to the hiring team.

Thank you very much for your time and consideration.

Warm regards,
Aditya Mehra
+91-7003456624 | adityamehra799@gmail.com | Bengaluru",READY_FOR_APPROVAL,2026-09-18,,,,NOT_CONTACTED,,,No,No,No,No,
OUT-STRK-137,PER-6091,,BLR-JOB-006,Sheetal Gupta,JPMorgan Chase & Co.,Global Operations & Compliance Associate,LinkedIn,Touch 1 InMail,Application: Global Operations & Compliance Associate — Aditya Mehra,"Subject: DSU Student / Operations Track - Introduction & Referral Inquiry (JPMorgan Chase & Co.)

Dear Sheetal,

I hope this message finds you well. I follow your career trajectory at JPMorgan Chase & Co. with great admiration.

As a final-year student graduating with a BBA in International Business from Dayananda Sagar University (DSU) in Bengaluru (2026), I have focused my undergraduate tenure on rigorous operational execution:
- Managed multi-vendor coordination across 300+ on-ground deployments, highlighted by Lead Coordination at AERO India 2025 (Yelahanka AFB).
- Structured Tier-1 vendor rate cards and enforced strict milestone delivery contracts.
- Accelerated commercial client onboarding workflows and contributed to AI data pipelines at Instawork (99%+ QA accuracy).

There is an active requisition for Global Operations & Compliance Associate (BLR-JOB-006) at JPMorgan Chase & Co. that perfectly matches my background. If my profile resonates, I would be deeply grateful for your guidance or a referral routing to the hiring team.

Thank you very much for your time and consideration.

Warm regards,
Aditya Mehra
+91-7003456624 | adityamehra799@gmail.com | Bengaluru",READY_FOR_APPROVAL,2026-09-18,,,,NOT_CONTACTED,,,No,No,No,No,
OUT-STRK-138,PER-5869,,BLR-JOB-009,Nishita Poojary,IBM,Supply Chain & Operations Consultant,LinkedIn,Touch 1 InMail,Application: Supply Chain & Operations Consultant — Aditya Mehra,"Subject: DSU Student / Operations Track - Introduction & Referral Inquiry (IBM)

Dear Nishita,

I hope this message finds you well. I follow your career trajectory at IBM with great admiration.

As a final-year student graduating with a BBA in International Business from Dayananda Sagar University (DSU) in Bengaluru (2026), I have focused my undergraduate tenure on rigorous operational execution:
- Managed multi-vendor coordination across 300+ on-ground deployments, highlighted by Lead Coordination at AERO India 2025 (Yelahanka AFB).
- Structured Tier-1 vendor rate cards and enforced strict milestone delivery contracts.
- Accelerated commercial client onboarding workflows and contributed to AI data pipelines at Instawork (99%+ QA accuracy).

There is an active requisition for Supply Chain & Operations Consultant (BLR-JOB-009) at IBM that perfectly matches my background. If my profile resonates, I would be deeply grateful for your guidance or a referral routing to the hiring team.

Thank you very much for your time and consideration.

Warm regards,
Aditya Mehra
+91-7003456624 | adityamehra799@gmail.com | Bengaluru",READY_FOR_APPROVAL,2026-09-18,,,,NOT_CONTACTED,,,No,No,No,No,
OUT-STRK-139,PER-7740,,BLR-JOB-009,Harsha Vasudevan,IBM,Supply Chain & Operations Consultant,LinkedIn,Touch 1 InMail,Application: Supply Chain & Operations Consultant — Aditya Mehra,"Subject: DSU Student / Operations Track - Introduction & Referral Inquiry (IBM)

Dear Harsha,

I hope this message finds you well. I follow your career trajectory at IBM with great admiration.

As a final-year student graduating with a BBA in International Business from Dayananda Sagar University (DSU) in Bengaluru (2026), I have focused my undergraduate tenure on rigorous operational execution:
- Managed multi-vendor coordination across 300+ on-ground deployments, highlighted by Lead Coordination at AERO India 2025 (Yelahanka AFB).
- Structured Tier-1 vendor rate cards and enforced strict milestone delivery contracts.
- Accelerated commercial client onboarding workflows and contributed to AI data pipelines at Instawork (99%+ QA accuracy).

There is an active requisition for Supply Chain & Operations Consultant (BLR-JOB-009) at IBM that perfectly matches my background. If my profile resonates, I would be deeply grateful for your guidance or a referral routing to the hiring team.

Thank you very much for your time and consideration.

Warm regards,
Aditya Mehra
+91-7003456624 | adityamehra799@gmail.com | Bengaluru",READY_FOR_APPROVAL,2026-09-18,,,,NOT_CONTACTED,,,No,No,No,No,
OUT-STRK-140,PER-8008,,BLR-JOB-009,Palak Mazumdar,IBM,Supply Chain & Operations Consultant,LinkedIn,Touch 1 InMail,Application: Supply Chain & Operations Consultant — Aditya Mehra,"Subject: DSU Student / Operations Track - Introduction & Referral Inquiry (IBM)

Dear Palak,

I hope this message finds you well. I follow your career trajectory at IBM with great admiration.

As a final-year student graduating with a BBA in International Business from Dayananda Sagar University (DSU) in Bengaluru (2026), I have focused my undergraduate tenure on rigorous operational execution:
- Managed multi-vendor coordination across 300+ on-ground deployments, highlighted by Lead Coordination at AERO India 2025 (Yelahanka AFB).
- Structured Tier-1 vendor rate cards and enforced strict milestone delivery contracts.
- Accelerated commercial client onboarding workflows and contributed to AI data pipelines at Instawork (99%+ QA accuracy).

There is an active requisition for Supply Chain & Operations Consultant (BLR-JOB-009) at IBM that perfectly matches my background. If my profile resonates, I would be deeply grateful for your guidance or a referral routing to the hiring team.

Thank you very much for your time and consideration.

Warm regards,
Aditya Mehra
+91-7003456624 | adityamehra799@gmail.com | Bengaluru",READY_FOR_APPROVAL,2026-09-18,,,,NOT_CONTACTED,,,No,No,No,No,
OUT-STRK-141,PER-STK-STRK-141,,BLR-JOB-012,Shilpi Tandan,KPMG,Global Risk & Management Trainee,LinkedIn,Touch 1 InMail,Application: Global Risk & Management Trainee — Aditya Mehra,"Subject: DSU Student / Operations Track - Introduction & Referral Inquiry (KPMG)

Dear Shilpi,

I hope this message finds you well. I follow your career trajectory at KPMG with great admiration.

As a final-year student graduating with a BBA in International Business from Dayananda Sagar University (DSU) in Bengaluru (2026), I have focused my undergraduate tenure on rigorous operational execution:
- Managed multi-vendor coordination across 300+ on-ground deployments, highlighted by Lead Coordination at AERO India 2025 (Yelahanka AFB).
- Structured Tier-1 vendor rate cards and enforced strict milestone delivery contracts.
- Accelerated commercial client onboarding workflows and contributed to AI data pipelines at Instawork (99%+ QA accuracy).

There is an active requisition for Global Risk & Management Trainee (BLR-JOB-012) at KPMG that perfectly matches my background. If my profile resonates, I would be deeply grateful for your guidance or a referral routing to the hiring team.

Thank you very much for your time and consideration.

Warm regards,
Aditya Mehra
+91-7003456624 | adityamehra799@gmail.com | Bengaluru",READY_FOR_APPROVAL,2026-09-18,,,,NOT_CONTACTED,,,No,No,No,No,
OUT-STRK-142,PER-8820,,BLR-JOB-018,Kabita Goswami,Google,Business Development & Client Operations Lead,LinkedIn,Touch 1 InMail,Application: Business Development & Client Operations Lead — Aditya Mehra,"Subject: DSU Student / Operations Track - Introduction & Referral Inquiry (Google)

Dear Kabita,

I hope this message finds you well. I follow your career trajectory at Google with great admiration.

As a final-year student graduating with a BBA in International Business from Dayananda Sagar University (DSU) in Bengaluru (2026), I have focused my undergraduate tenure on rigorous operational execution:
- Managed multi-vendor coordination across 300+ on-ground deployments, highlighted by Lead Coordination at AERO India 2025 (Yelahanka AFB).
- Structured Tier-1 vendor rate cards and enforced strict milestone delivery contracts.
- Accelerated commercial client onboarding workflows and contributed to AI data pipelines at Instawork (99%+ QA accuracy).

There is an active requisition for Business Development & Client Operations Lead (BLR-JOB-018) at Google that perfectly matches my background. If my profile resonates, I would be deeply grateful for your guidance or a referral routing to the hiring team.

Thank you very much for your time and consideration.

Warm regards,
Aditya Mehra
+91-7003456624 | adityamehra799@gmail.com | Bengaluru",READY_FOR_APPROVAL,2026-09-18,,,,NOT_CONTACTED,,,No,No,No,No,
OUT-STRK-143,PER-8840,,BLR-JOB-018,Paramjeet Kaur,Google,Business Development & Client Operations Lead,LinkedIn,Touch 1 InMail,Application: Business Development & Client Operations Lead — Aditya Mehra,"Subject: DSU Student / Operations Track - Introduction & Referral Inquiry (Google)

Dear Paramjeet,

I hope this message finds you well. I follow your career trajectory at Google with great admiration.

As a final-year student graduating with a BBA in International Business from Dayananda Sagar University (DSU) in Bengaluru (2026), I have focused my undergraduate tenure on rigorous operational execution:
- Managed multi-vendor coordination across 300+ on-ground deployments, highlighted by Lead Coordination at AERO India 2025 (Yelahanka AFB).
- Structured Tier-1 vendor rate cards and enforced strict milestone delivery contracts.
- Accelerated commercial client onboarding workflows and contributed to AI data pipelines at Instawork (99%+ QA accuracy).

There is an active requisition for Business Development & Client Operations Lead (BLR-JOB-018) at Google that perfectly matches my background. If my profile resonates, I would be deeply grateful for your guidance or a referral routing to the hiring team.

Thank you very much for your time and consideration.

Warm regards,
Aditya Mehra
+91-7003456624 | adityamehra799@gmail.com | Bengaluru",READY_FOR_APPROVAL,2026-09-18,,,,NOT_CONTACTED,,,No,No,No,No,
OUT-STRK-144,PER-STK-STRK-144,,BLR-JOB-024,Anusha Bhat,Walmart Global Tech,Supply Chain & Retail Operations Analyst,LinkedIn,Touch 1 InMail,Application: Supply Chain & Retail Operations Analyst — Aditya Mehra,"Subject: DSU Student / Operations Track - Introduction & Referral Inquiry (Walmart Global Tech)

Dear Anusha,

I hope this message finds you well. I follow your career trajectory at Walmart Global Tech with great admiration.

As a final-year student graduating with a BBA in International Business from Dayananda Sagar University (DSU) in Bengaluru (2026), I have focused my undergraduate tenure on rigorous operational execution:
- Managed multi-vendor coordination across 300+ on-ground deployments, highlighted by Lead Coordination at AERO India 2025 (Yelahanka AFB).
- Structured Tier-1 vendor rate cards and enforced strict milestone delivery contracts.
- Accelerated commercial client onboarding workflows and contributed to AI data pipelines at Instawork (99%+ QA accuracy).

There is an active requisition for Supply Chain & Retail Operations Analyst (BLR-JOB-024) at Walmart Global Tech that perfectly matches my background. If my profile resonates, I would be deeply grateful for your guidance or a referral routing to the hiring team.

Thank you very much for your time and consideration.

Warm regards,
Aditya Mehra
+91-7003456624 | adityamehra799@gmail.com | Bengaluru",READY_FOR_APPROVAL,2026-09-18,,,,NOT_CONTACTED,,,No,No,No,No,
OUT-STRK-145,PER-5438,,BLR-JOB-001,Sukrutha Paul,Accenture,Global Business Operations & BD Analyst,LinkedIn,Touch 1 InMail,Application: Global Business Operations & BD Analyst — Aditya Mehra,"Subject: DSU Student / Operations Track - Introduction & Referral Inquiry (Accenture)

Dear Sukrutha,

I hope this message finds you well. I follow your career trajectory at Accenture with great admiration.

As a final-year student graduating with a BBA in International Business from Dayananda Sagar University (DSU) in Bengaluru (2026), I have focused my undergraduate tenure on rigorous operational execution:
- Managed multi-vendor coordination across 300+ on-ground deployments, highlighted by Lead Coordination at AERO India 2025 (Yelahanka AFB).
- Structured Tier-1 vendor rate cards and enforced strict milestone delivery contracts.
- Accelerated commercial client onboarding workflows and contributed to AI data pipelines at Instawork (99%+ QA accuracy).

There is an active requisition for Global Business Operations & BD Analyst (BLR-JOB-001) at Accenture that perfectly matches my background. If my profile resonates, I would be deeply grateful for your guidance or a referral routing to the hiring team.

Thank you very much for your time and consideration.

Warm regards,
Aditya Mehra
+91-7003456624 | adityamehra799@gmail.com | Bengaluru",READY_FOR_APPROVAL,2026-09-18,,,,NOT_CONTACTED,,,No,No,No,No,
OUT-STRK-146,PER-5707,,BLR-JOB-001,SHIVANGI SHARMA,Accenture,Global Business Operations & BD Analyst,LinkedIn,Touch 1 InMail,Application: Global Business Operations & BD Analyst — Aditya Mehra,"Subject: DSU Student / Operations Track - Introduction & Referral Inquiry (Accenture)

Dear SHIVANGI,

I hope this message finds you well. I follow your career trajectory at Accenture with great admiration.

As a final-year student graduating with a BBA in International Business from Dayananda Sagar University (DSU) in Bengaluru (2026), I have focused my undergraduate tenure on rigorous operational execution:
- Managed multi-vendor coordination across 300+ on-ground deployments, highlighted by Lead Coordination at AERO India 2025 (Yelahanka AFB).
- Structured Tier-1 vendor rate cards and enforced strict milestone delivery contracts.
- Accelerated commercial client onboarding workflows and contributed to AI data pipelines at Instawork (99%+ QA accuracy).

There is an active requisition for Global Business Operations & BD Analyst (BLR-JOB-001) at Accenture that perfectly matches my background. If my profile resonates, I would be deeply grateful for your guidance or a referral routing to the hiring team.

Thank you very much for your time and consideration.

Warm regards,
Aditya Mehra
+91-7003456624 | adityamehra799@gmail.com | Bengaluru",READY_FOR_APPROVAL,2026-09-18,,,,NOT_CONTACTED,,,No,No,No,No,
OUT-STRK-147,PER-STK-STRK-147,,BLR-JOB-001,Mekhala Karlawad,Accenture,Global Business Operations & BD Analyst,LinkedIn,Touch 1 InMail,Application: Global Business Operations & BD Analyst — Aditya Mehra,"Subject: DSU Student / Operations Track - Introduction & Referral Inquiry (Accenture)

Dear Mekhala,

I hope this message finds you well. I follow your career trajectory at Accenture with great admiration.

As a final-year student graduating with a BBA in International Business from Dayananda Sagar University (DSU) in Bengaluru (2026), I have focused my undergraduate tenure on rigorous operational execution:
- Managed multi-vendor coordination across 300+ on-ground deployments, highlighted by Lead Coordination at AERO India 2025 (Yelahanka AFB).
- Structured Tier-1 vendor rate cards and enforced strict milestone delivery contracts.
- Accelerated commercial client onboarding workflows and contributed to AI data pipelines at Instawork (99%+ QA accuracy).

There is an active requisition for Global Business Operations & BD Analyst (BLR-JOB-001) at Accenture that perfectly matches my background. If my profile resonates, I would be deeply grateful for your guidance or a referral routing to the hiring team.

Thank you very much for your time and consideration.

Warm regards,
Aditya Mehra
+91-7003456624 | adityamehra799@gmail.com | Bengaluru",READY_FOR_APPROVAL,2026-09-18,,,,NOT_CONTACTED,,,No,No,No,No,
OUT-STRK-148,PER-80,,BLR-JOB-002,Mahendra Kumar,Deloitte,Risk & Business Operations Advisory Analyst,LinkedIn,Touch 1 InMail,Application: Risk & Business Operations Advisory Analyst — Aditya Mehra,"Subject: DSU Student / Operations Track - Introduction & Referral Inquiry (Deloitte)

Dear Mahendra,

I hope this message finds you well. I follow your career trajectory at Deloitte with great admiration.

As a final-year student graduating with a BBA in International Business from Dayananda Sagar University (DSU) in Bengaluru (2026), I have focused my undergraduate tenure on rigorous operational execution:
- Managed multi-vendor coordination across 300+ on-ground deployments, highlighted by Lead Coordination at AERO India 2025 (Yelahanka AFB).
- Structured Tier-1 vendor rate cards and enforced strict milestone delivery contracts.
- Accelerated commercial client onboarding workflows and contributed to AI data pipelines at Instawork (99%+ QA accuracy).

There is an active requisition for Risk & Business Operations Advisory Analyst (BLR-JOB-002) at Deloitte that perfectly matches my background. If my profile resonates, I would be deeply grateful for your guidance or a referral routing to the hiring team.

Thank you very much for your time and consideration.

Warm regards,
Aditya Mehra
+91-7003456624 | adityamehra799@gmail.com | Bengaluru",READY_FOR_APPROVAL,2026-09-18,,,,NOT_CONTACTED,,,No,No,No,No,
OUT-STRK-149,PER-1842,,BLR-JOB-002,Malini Shubhanka,Deloitte,Risk & Business Operations Advisory Analyst,LinkedIn,Touch 1 InMail,Application: Risk & Business Operations Advisory Analyst — Aditya Mehra,"Subject: DSU Student / Operations Track - Introduction & Referral Inquiry (Deloitte)

Dear Malini,

I hope this message finds you well. I follow your career trajectory at Deloitte with great admiration.

As a final-year student graduating with a BBA in International Business from Dayananda Sagar University (DSU) in Bengaluru (2026), I have focused my undergraduate tenure on rigorous operational execution:
- Managed multi-vendor coordination across 300+ on-ground deployments, highlighted by Lead Coordination at AERO India 2025 (Yelahanka AFB).
- Structured Tier-1 vendor rate cards and enforced strict milestone delivery contracts.
- Accelerated commercial client onboarding workflows and contributed to AI data pipelines at Instawork (99%+ QA accuracy).

There is an active requisition for Risk & Business Operations Advisory Analyst (BLR-JOB-002) at Deloitte that perfectly matches my background. If my profile resonates, I would be deeply grateful for your guidance or a referral routing to the hiring team.

Thank you very much for your time and consideration.

Warm regards,
Aditya Mehra
+91-7003456624 | adityamehra799@gmail.com | Bengaluru",READY_FOR_APPROVAL,2026-09-18,,,,NOT_CONTACTED,,,No,No,No,No,
OUT-STRK-150,PER-2698,,BLR-JOB-002,Rituparna Kar,Deloitte,Risk & Business Operations Advisory Analyst,LinkedIn,Touch 1 InMail,Application: Risk & Business Operations Advisory Analyst — Aditya Mehra,"Subject: DSU Student / Operations Track - Introduction & Referral Inquiry (Deloitte)

Dear Rituparna,

I hope this message finds you well. I follow your career trajectory at Deloitte with great admiration.

As a final-year student graduating with a BBA in International Business from Dayananda Sagar University (DSU) in Bengaluru (2026), I have focused my undergraduate tenure on rigorous operational execution:
- Managed multi-vendor coordination across 300+ on-ground deployments, highlighted by Lead Coordination at AERO India 2025 (Yelahanka AFB).
- Structured Tier-1 vendor rate cards and enforced strict milestone delivery contracts.
- Accelerated commercial client onboarding workflows and contributed to AI data pipelines at Instawork (99%+ QA accuracy).

There is an active requisition for Risk & Business Operations Advisory Analyst (BLR-JOB-002) at Deloitte that perfectly matches my background. If my profile resonates, I would be deeply grateful for your guidance or a referral routing to the hiring team.

Thank you very much for your time and consideration.

Warm regards,
Aditya Mehra
+91-7003456624 | adityamehra799@gmail.com | Bengaluru",READY_FOR_APPROVAL,2026-09-18,,,,NOT_CONTACTED,,,No,No,No,No,
OUT-STRK-151,PER-3003,,BLR-JOB-002,Sneha Sakpal,Deloitte,Risk & Business Operations Advisory Analyst,LinkedIn,Touch 1 InMail,Application: Risk & Business Operations Advisory Analyst — Aditya Mehra,"Subject: DSU Student / Operations Track - Introduction & Referral Inquiry (Deloitte)

Dear Sneha,

I hope this message finds you well. I follow your career trajectory at Deloitte with great admiration.

As a final-year student graduating with a BBA in International Business from Dayananda Sagar University (DSU) in Bengaluru (2026), I have focused my undergraduate tenure on rigorous operational execution:
- Managed multi-vendor coordination across 300+ on-ground deployments, highlighted by Lead Coordination at AERO India 2025 (Yelahanka AFB).
- Structured Tier-1 vendor rate cards and enforced strict milestone delivery contracts.
- Accelerated commercial client onboarding workflows and contributed to AI data pipelines at Instawork (99%+ QA accuracy).

There is an active requisition for Risk & Business Operations Advisory Analyst (BLR-JOB-002) at Deloitte that perfectly matches my background. If my profile resonates, I would be deeply grateful for your guidance or a referral routing to the hiring team.

Thank you very much for your time and consideration.

Warm regards,
Aditya Mehra
+91-7003456624 | adityamehra799@gmail.com | Bengaluru",READY_FOR_APPROVAL,2026-09-18,,,,NOT_CONTACTED,,,No,No,No,No,
OUT-STRK-152,PER-3650,,BLR-JOB-002,Sowmiya Subramanian,Deloitte,Risk & Business Operations Advisory Analyst,LinkedIn,Touch 1 InMail,Application: Risk & Business Operations Advisory Analyst — Aditya Mehra,"Subject: DSU Student / Operations Track - Introduction & Referral Inquiry (Deloitte)

Dear Sowmiya,

I hope this message finds you well. I follow your career trajectory at Deloitte with great admiration.

As a final-year student graduating with a BBA in International Business from Dayananda Sagar University (DSU) in Bengaluru (2026), I have focused my undergraduate tenure on rigorous operational execution:
- Managed multi-vendor coordination across 300+ on-ground deployments, highlighted by Lead Coordination at AERO India 2025 (Yelahanka AFB).
- Structured Tier-1 vendor rate cards and enforced strict milestone delivery contracts.
- Accelerated commercial client onboarding workflows and contributed to AI data pipelines at Instawork (99%+ QA accuracy).

There is an active requisition for Risk & Business Operations Advisory Analyst (BLR-JOB-002) at Deloitte that perfectly matches my background. If my profile resonates, I would be deeply grateful for your guidance or a referral routing to the hiring team.

Thank you very much for your time and consideration.

Warm regards,
Aditya Mehra
+91-7003456624 | adityamehra799@gmail.com | Bengaluru",READY_FOR_APPROVAL,2026-09-18,,,,NOT_CONTACTED,,,No,No,No,No,
OUT-STRK-153,PER-3701,,BLR-JOB-002,Sumedha Adhikari,Deloitte,Risk & Business Operations Advisory Analyst,LinkedIn,Touch 1 InMail,Application: Risk & Business Operations Advisory Analyst — Aditya Mehra,"Subject: DSU Student / Operations Track - Introduction & Referral Inquiry (Deloitte)

Dear Sumedha,

I hope this message finds you well. I follow your career trajectory at Deloitte with great admiration.

As a final-year student graduating with a BBA in International Business from Dayananda Sagar University (DSU) in Bengaluru (2026), I have focused my undergraduate tenure on rigorous operational execution:
- Managed multi-vendor coordination across 300+ on-ground deployments, highlighted by Lead Coordination at AERO India 2025 (Yelahanka AFB).
- Structured Tier-1 vendor rate cards and enforced strict milestone delivery contracts.
- Accelerated commercial client onboarding workflows and contributed to AI data pipelines at Instawork (99%+ QA accuracy).

There is an active requisition for Risk & Business Operations Advisory Analyst (BLR-JOB-002) at Deloitte that perfectly matches my background. If my profile resonates, I would be deeply grateful for your guidance or a referral routing to the hiring team.

Thank you very much for your time and consideration.

Warm regards,
Aditya Mehra
+91-7003456624 | adityamehra799@gmail.com | Bengaluru",READY_FOR_APPROVAL,2026-09-18,,,,NOT_CONTACTED,,,No,No,No,No,
OUT-STRK-154,PER-3742,,BLR-JOB-002,Susheela Papuswamy,Deloitte,Risk & Business Operations Advisory Analyst,LinkedIn,Touch 1 InMail,Application: Risk & Business Operations Advisory Analyst — Aditya Mehra,"Subject: DSU Student / Operations Track - Introduction & Referral Inquiry (Deloitte)

Dear Susheela,

I hope this message finds you well. I follow your career trajectory at Deloitte with great admiration.

As a final-year student graduating with a BBA in International Business from Dayananda Sagar University (DSU) in Bengaluru (2026), I have focused my undergraduate tenure on rigorous operational execution:
- Managed multi-vendor coordination across 300+ on-ground deployments, highlighted by Lead Coordination at AERO India 2025 (Yelahanka AFB).
- Structured Tier-1 vendor rate cards and enforced strict milestone delivery contracts.
- Accelerated commercial client onboarding workflows and contributed to AI data pipelines at Instawork (99%+ QA accuracy).

There is an active requisition for Risk & Business Operations Advisory Analyst (BLR-JOB-002) at Deloitte that perfectly matches my background. If my profile resonates, I would be deeply grateful for your guidance or a referral routing to the hiring team.

Thank you very much for your time and consideration.

Warm regards,
Aditya Mehra
+91-7003456624 | adityamehra799@gmail.com | Bengaluru",READY_FOR_APPROVAL,2026-09-18,,,,NOT_CONTACTED,,,No,No,No,No,
OUT-STRK-155,PER-4834,,BLR-JOB-002,Mamta .,Deloitte,Risk & Business Operations Advisory Analyst,LinkedIn,Touch 1 InMail,Application: Risk & Business Operations Advisory Analyst — Aditya Mehra,"Subject: DSU Student / Operations Track - Introduction & Referral Inquiry (Deloitte)

Dear Mamta,

I hope this message finds you well. I follow your career trajectory at Deloitte with great admiration.

As a final-year student graduating with a BBA in International Business from Dayananda Sagar University (DSU) in Bengaluru (2026), I have focused my undergraduate tenure on rigorous operational execution:
- Managed multi-vendor coordination across 300+ on-ground deployments, highlighted by Lead Coordination at AERO India 2025 (Yelahanka AFB).
- Structured Tier-1 vendor rate cards and enforced strict milestone delivery contracts.
- Accelerated commercial client onboarding workflows and contributed to AI data pipelines at Instawork (99%+ QA accuracy).

There is an active requisition for Risk & Business Operations Advisory Analyst (BLR-JOB-002) at Deloitte that perfectly matches my background. If my profile resonates, I would be deeply grateful for your guidance or a referral routing to the hiring team.

Thank you very much for your time and consideration.

Warm regards,
Aditya Mehra
+91-7003456624 | adityamehra799@gmail.com | Bengaluru",READY_FOR_APPROVAL,2026-09-18,,,,NOT_CONTACTED,,,No,No,No,No,
OUT-STRK-156,PER-4915,,BLR-JOB-002,Arun Prabha Gunashekaran,Deloitte,Risk & Business Operations Advisory Analyst,LinkedIn,Touch 1 InMail,Application: Risk & Business Operations Advisory Analyst — Aditya Mehra,"Subject: DSU Student / Operations Track - Introduction & Referral Inquiry (Deloitte)

Dear Arun,

I hope this message finds you well. I follow your career trajectory at Deloitte with great admiration.

As a final-year student graduating with a BBA in International Business from Dayananda Sagar University (DSU) in Bengaluru (2026), I have focused my undergraduate tenure on rigorous operational execution:
- Managed multi-vendor coordination across 300+ on-ground deployments, highlighted by Lead Coordination at AERO India 2025 (Yelahanka AFB).
- Structured Tier-1 vendor rate cards and enforced strict milestone delivery contracts.
- Accelerated commercial client onboarding workflows and contributed to AI data pipelines at Instawork (99%+ QA accuracy).

There is an active requisition for Risk & Business Operations Advisory Analyst (BLR-JOB-002) at Deloitte that perfectly matches my background. If my profile resonates, I would be deeply grateful for your guidance or a referral routing to the hiring team.

Thank you very much for your time and consideration.

Warm regards,
Aditya Mehra
+91-7003456624 | adityamehra799@gmail.com | Bengaluru",READY_FOR_APPROVAL,2026-09-18,,,,NOT_CONTACTED,,,No,No,No,No,
OUT-STRK-157,PER-5039,,BLR-JOB-002,Deepa Makhija,Deloitte,Risk & Business Operations Advisory Analyst,LinkedIn,Touch 1 InMail,Application: Risk & Business Operations Advisory Analyst — Aditya Mehra,"Subject: DSU Student / Operations Track - Introduction & Referral Inquiry (Deloitte)

Dear Deepa,

I hope this message finds you well. I follow your career trajectory at Deloitte with great admiration.

As a final-year student graduating with a BBA in International Business from Dayananda Sagar University (DSU) in Bengaluru (2026), I have focused my undergraduate tenure on rigorous operational execution:
- Managed multi-vendor coordination across 300+ on-ground deployments, highlighted by Lead Coordination at AERO India 2025 (Yelahanka AFB).
- Structured Tier-1 vendor rate cards and enforced strict milestone delivery contracts.
- Accelerated commercial client onboarding workflows and contributed to AI data pipelines at Instawork (99%+ QA accuracy).

There is an active requisition for Risk & Business Operations Advisory Analyst (BLR-JOB-002) at Deloitte that perfectly matches my background. If my profile resonates, I would be deeply grateful for your guidance or a referral routing to the hiring team.

Thank you very much for your time and consideration.

Warm regards,
Aditya Mehra
+91-7003456624 | adityamehra799@gmail.com | Bengaluru",READY_FOR_APPROVAL,2026-09-18,,,,NOT_CONTACTED,,,No,No,No,No,
OUT-STRK-158,PER-5171,,BLR-JOB-002,Sonam Tripathi,Deloitte,Risk & Business Operations Advisory Analyst,LinkedIn,Touch 1 InMail,Application: Risk & Business Operations Advisory Analyst — Aditya Mehra,"Subject: DSU Student / Operations Track - Introduction & Referral Inquiry (Deloitte)

Dear Sonam,

I hope this message finds you well. I follow your career trajectory at Deloitte with great admiration.

As a final-year student graduating with a BBA in International Business from Dayananda Sagar University (DSU) in Bengaluru (2026), I have focused my undergraduate tenure on rigorous operational execution:
- Managed multi-vendor coordination across 300+ on-ground deployments, highlighted by Lead Coordination at AERO India 2025 (Yelahanka AFB).
- Structured Tier-1 vendor rate cards and enforced strict milestone delivery contracts.
- Accelerated commercial client onboarding workflows and contributed to AI data pipelines at Instawork (99%+ QA accuracy).

There is an active requisition for Risk & Business Operations Advisory Analyst (BLR-JOB-002) at Deloitte that perfectly matches my background. If my profile resonates, I would be deeply grateful for your guidance or a referral routing to the hiring team.

Thank you very much for your time and consideration.

Warm regards,
Aditya Mehra
+91-7003456624 | adityamehra799@gmail.com | Bengaluru",READY_FOR_APPROVAL,2026-09-18,,,,NOT_CONTACTED,,,No,No,No,No,
OUT-STRK-159,PER-5342,,BLR-JOB-002,SRISHTI GARG,Deloitte,Risk & Business Operations Advisory Analyst,LinkedIn,Touch 1 InMail,Application: Risk & Business Operations Advisory Analyst — Aditya Mehra,"Subject: DSU Student / Operations Track - Introduction & Referral Inquiry (Deloitte)

Dear SRISHTI,

I hope this message finds you well. I follow your career trajectory at Deloitte with great admiration.

As a final-year student graduating with a BBA in International Business from Dayananda Sagar University (DSU) in Bengaluru (2026), I have focused my undergraduate tenure on rigorous operational execution:
- Managed multi-vendor coordination across 300+ on-ground deployments, highlighted by Lead Coordination at AERO India 2025 (Yelahanka AFB).
- Structured Tier-1 vendor rate cards and enforced strict milestone delivery contracts.
- Accelerated commercial client onboarding workflows and contributed to AI data pipelines at Instawork (99%+ QA accuracy).

There is an active requisition for Risk & Business Operations Advisory Analyst (BLR-JOB-002) at Deloitte that perfectly matches my background. If my profile resonates, I would be deeply grateful for your guidance or a referral routing to the hiring team.

Thank you very much for your time and consideration.

Warm regards,
Aditya Mehra
+91-7003456624 | adityamehra799@gmail.com | Bengaluru",READY_FOR_APPROVAL,2026-09-18,,,,NOT_CONTACTED,,,No,No,No,No,
OUT-STRK-160,PER-8456,,BLR-JOB-002,AMREEN AHMED S,Deloitte,Risk & Business Operations Advisory Analyst,LinkedIn,Touch 1 InMail,Application: Risk & Business Operations Advisory Analyst — Aditya Mehra,"Subject: DSU Student / Operations Track - Introduction & Referral Inquiry (Deloitte)

Dear AMREEN,

I hope this message finds you well. I follow your career trajectory at Deloitte with great admiration.

As a final-year student graduating with a BBA in International Business from Dayananda Sagar University (DSU) in Bengaluru (2026), I have focused my undergraduate tenure on rigorous operational execution:
- Managed multi-vendor coordination across 300+ on-ground deployments, highlighted by Lead Coordination at AERO India 2025 (Yelahanka AFB).
- Structured Tier-1 vendor rate cards and enforced strict milestone delivery contracts.
- Accelerated commercial client onboarding workflows and contributed to AI data pipelines at Instawork (99%+ QA accuracy).

There is an active requisition for Risk & Business Operations Advisory Analyst (BLR-JOB-002) at Deloitte that perfectly matches my background. If my profile resonates, I would be deeply grateful for your guidance or a referral routing to the hiring team.

Thank you very much for your time and consideration.

Warm regards,
Aditya Mehra
+91-7003456624 | adityamehra799@gmail.com | Bengaluru",READY_FOR_APPROVAL,2026-09-18,,,,NOT_CONTACTED,,,No,No,No,No,
OUT-STRK-161,PER-8587,,BLR-JOB-002,𝐒𝐧𝐞𝐡𝐚 𝐏𝐚𝐮𝐥𝐬𝐨𝐧,Deloitte,Risk & Business Operations Advisory Analyst,LinkedIn,Touch 1 InMail,Application: Risk & Business Operations Advisory Analyst — Aditya Mehra,"Subject: DSU Student / Operations Track - Introduction & Referral Inquiry (Deloitte)

Dear 𝐒𝐧𝐞𝐡𝐚,

I hope this message finds you well. I follow your career trajectory at Deloitte with great admiration.

As a final-year student graduating with a BBA in International Business from Dayananda Sagar University (DSU) in Bengaluru (2026), I have focused my undergraduate tenure on rigorous operational execution:
- Managed multi-vendor coordination across 300+ on-ground deployments, highlighted by Lead Coordination at AERO India 2025 (Yelahanka AFB).
- Structured Tier-1 vendor rate cards and enforced strict milestone delivery contracts.
- Accelerated commercial client onboarding workflows and contributed to AI data pipelines at Instawork (99%+ QA accuracy).

There is an active requisition for Risk & Business Operations Advisory Analyst (BLR-JOB-002) at Deloitte that perfectly matches my background. If my profile resonates, I would be deeply grateful for your guidance or a referral routing to the hiring team.

Thank you very much for your time and consideration.

Warm regards,
Aditya Mehra
+91-7003456624 | adityamehra799@gmail.com | Bengaluru",READY_FOR_APPROVAL,2026-09-18,,,,NOT_CONTACTED,,,No,No,No,No,
OUT-STRK-162,PER-8872,,BLR-JOB-002,Ayushi Srivastava,Deloitte,Risk & Business Operations Advisory Analyst,LinkedIn,Touch 1 InMail,Application: Risk & Business Operations Advisory Analyst — Aditya Mehra,"Subject: DSU Student / Operations Track - Introduction & Referral Inquiry (Deloitte)

Dear Ayushi,

I hope this message finds you well. I follow your career trajectory at Deloitte with great admiration.

As a final-year student graduating with a BBA in International Business from Dayananda Sagar University (DSU) in Bengaluru (2026), I have focused my undergraduate tenure on rigorous operational execution:
- Managed multi-vendor coordination across 300+ on-ground deployments, highlighted by Lead Coordination at AERO India 2025 (Yelahanka AFB).
- Structured Tier-1 vendor rate cards and enforced strict milestone delivery contracts.
- Accelerated commercial client onboarding workflows and contributed to AI data pipelines at Instawork (99%+ QA accuracy).

There is an active requisition for Risk & Business Operations Advisory Analyst (BLR-JOB-002) at Deloitte that perfectly matches my background. If my profile resonates, I would be deeply grateful for your guidance or a referral routing to the hiring team.

Thank you very much for your time and consideration.

Warm regards,
Aditya Mehra
+91-7003456624 | adityamehra799@gmail.com | Bengaluru",READY_FOR_APPROVAL,2026-09-18,,,,NOT_CONTACTED,,,No,No,No,No,
OUT-STRK-163,PER-STK-STRK-163,,BLR-JOB-003,Ramya Shashidhar,Ernst & Young (EY),Business Analyst - Global Advisory,LinkedIn,Touch 1 InMail,Application: Business Analyst - Global Advisory — Aditya Mehra,"Subject: DSU Student / Operations Track - Introduction & Referral Inquiry (Ernst & Young (EY))

Dear Ramya,

I hope this message finds you well. I follow your career trajectory at Ernst & Young (EY) with great admiration.

As a final-year student graduating with a BBA in International Business from Dayananda Sagar University (DSU) in Bengaluru (2026), I have focused my undergraduate tenure on rigorous operational execution:
- Managed multi-vendor coordination across 300+ on-ground deployments, highlighted by Lead Coordination at AERO India 2025 (Yelahanka AFB).
- Structured Tier-1 vendor rate cards and enforced strict milestone delivery contracts.
- Accelerated commercial client onboarding workflows and contributed to AI data pipelines at Instawork (99%+ QA accuracy).

There is an active requisition for Business Analyst - Global Advisory (BLR-JOB-003) at Ernst & Young (EY) that perfectly matches my background. If my profile resonates, I would be deeply grateful for your guidance or a referral routing to the hiring team.

Thank you very much for your time and consideration.

Warm regards,
Aditya Mehra
+91-7003456624 | adityamehra799@gmail.com | Bengaluru",READY_FOR_APPROVAL,2026-09-18,,,,NOT_CONTACTED,,,No,No,No,No,
OUT-STRK-164,PER-STK-STRK-164,,BLR-JOB-003,Kinjal Chauhan,Ernst & Young (EY),Business Analyst - Global Advisory,LinkedIn,Touch 1 InMail,Application: Business Analyst - Global Advisory — Aditya Mehra,"Subject: DSU Student / Operations Track - Introduction & Referral Inquiry (Ernst & Young (EY))

Dear Kinjal,

I hope this message finds you well. I follow your career trajectory at Ernst & Young (EY) with great admiration.

As a final-year student graduating with a BBA in International Business from Dayananda Sagar University (DSU) in Bengaluru (2026), I have focused my undergraduate tenure on rigorous operational execution:
- Managed multi-vendor coordination across 300+ on-ground deployments, highlighted by Lead Coordination at AERO India 2025 (Yelahanka AFB).
- Structured Tier-1 vendor rate cards and enforced strict milestone delivery contracts.
- Accelerated commercial client onboarding workflows and contributed to AI data pipelines at Instawork (99%+ QA accuracy).

There is an active requisition for Business Analyst - Global Advisory (BLR-JOB-003) at Ernst & Young (EY) that perfectly matches my background. If my profile resonates, I would be deeply grateful for your guidance or a referral routing to the hiring team.

Thank you very much for your time and consideration.

Warm regards,
Aditya Mehra
+91-7003456624 | adityamehra799@gmail.com | Bengaluru",READY_FOR_APPROVAL,2026-09-18,,,,NOT_CONTACTED,,,No,No,No,No,
OUT-STRK-165,PER-STK-STRK-165,,BLR-JOB-003,Neha Walia,Ernst & Young (EY),Business Analyst - Global Advisory,LinkedIn,Touch 1 InMail,Application: Business Analyst - Global Advisory — Aditya Mehra,"Subject: DSU Student / Operations Track - Introduction & Referral Inquiry (Ernst & Young (EY))

Dear Neha,

I hope this message finds you well. I follow your career trajectory at Ernst & Young (EY) with great admiration.

As a final-year student graduating with a BBA in International Business from Dayananda Sagar University (DSU) in Bengaluru (2026), I have focused my undergraduate tenure on rigorous operational execution:
- Managed multi-vendor coordination across 300+ on-ground deployments, highlighted by Lead Coordination at AERO India 2025 (Yelahanka AFB).
- Structured Tier-1 vendor rate cards and enforced strict milestone delivery contracts.
- Accelerated commercial client onboarding workflows and contributed to AI data pipelines at Instawork (99%+ QA accuracy).

There is an active requisition for Business Analyst - Global Advisory (BLR-JOB-003) at Ernst & Young (EY) that perfectly matches my background. If my profile resonates, I would be deeply grateful for your guidance or a referral routing to the hiring team.

Thank you very much for your time and consideration.

Warm regards,
Aditya Mehra
+91-7003456624 | adityamehra799@gmail.com | Bengaluru",READY_FOR_APPROVAL,2026-09-18,,,,NOT_CONTACTED,,,No,No,No,No,
OUT-STRK-166,PER-STK-STRK-166,,BLR-JOB-003,Swathi Bk,Ernst & Young (EY),Business Analyst - Global Advisory,LinkedIn,Touch 1 InMail,Application: Business Analyst - Global Advisory — Aditya Mehra,"Subject: DSU Student / Operations Track - Introduction & Referral Inquiry (Ernst & Young (EY))

Dear Swathi,

I hope this message finds you well. I follow your career trajectory at Ernst & Young (EY) with great admiration.

As a final-year student graduating with a BBA in International Business from Dayananda Sagar University (DSU) in Bengaluru (2026), I have focused my undergraduate tenure on rigorous operational execution:
- Managed multi-vendor coordination across 300+ on-ground deployments, highlighted by Lead Coordination at AERO India 2025 (Yelahanka AFB).
- Structured Tier-1 vendor rate cards and enforced strict milestone delivery contracts.
- Accelerated commercial client onboarding workflows and contributed to AI data pipelines at Instawork (99%+ QA accuracy).

There is an active requisition for Business Analyst - Global Advisory (BLR-JOB-003) at Ernst & Young (EY) that perfectly matches my background. If my profile resonates, I would be deeply grateful for your guidance or a referral routing to the hiring team.

Thank you very much for your time and consideration.

Warm regards,
Aditya Mehra
+91-7003456624 | adityamehra799@gmail.com | Bengaluru",READY_FOR_APPROVAL,2026-09-18,,,,NOT_CONTACTED,,,No,No,No,No,
OUT-STRK-167,PER-3183,,BLR-JOB-004,Diya Jojo,Amazon,Operations & Vendor Management Executive,LinkedIn,Touch 1 InMail,Application: Operations & Vendor Management Executive — Aditya Mehra,"Subject: DSU Student / Operations Track - Introduction & Referral Inquiry (Amazon)

Dear Diya,

I hope this message finds you well. I follow your career trajectory at Amazon with great admiration.

As a final-year student graduating with a BBA in International Business from Dayananda Sagar University (DSU) in Bengaluru (2026), I have focused my undergraduate tenure on rigorous operational execution:
- Managed multi-vendor coordination across 300+ on-ground deployments, highlighted by Lead Coordination at AERO India 2025 (Yelahanka AFB).
- Structured Tier-1 vendor rate cards and enforced strict milestone delivery contracts.
- Accelerated commercial client onboarding workflows and contributed to AI data pipelines at Instawork (99%+ QA accuracy).

There is an active requisition for Operations & Vendor Management Executive (BLR-JOB-004) at Amazon that perfectly matches my background. If my profile resonates, I would be deeply grateful for your guidance or a referral routing to the hiring team.

Thank you very much for your time and consideration.

Warm regards,
Aditya Mehra
+91-7003456624 | adityamehra799@gmail.com | Bengaluru",READY_FOR_APPROVAL,2026-09-18,,,,NOT_CONTACTED,,,No,No,No,No,
OUT-STRK-168,PER-4628,,BLR-JOB-004,Srinitha Ramisetty,Amazon,Operations & Vendor Management Executive,LinkedIn,Touch 1 InMail,Application: Operations & Vendor Management Executive — Aditya Mehra,"Subject: DSU Student / Operations Track - Introduction & Referral Inquiry (Amazon)

Dear Srinitha,

I hope this message finds you well. I follow your career trajectory at Amazon with great admiration.

As a final-year student graduating with a BBA in International Business from Dayananda Sagar University (DSU) in Bengaluru (2026), I have focused my undergraduate tenure on rigorous operational execution:
- Managed multi-vendor coordination across 300+ on-ground deployments, highlighted by Lead Coordination at AERO India 2025 (Yelahanka AFB).
- Structured Tier-1 vendor rate cards and enforced strict milestone delivery contracts.
- Accelerated commercial client onboarding workflows and contributed to AI data pipelines at Instawork (99%+ QA accuracy).

There is an active requisition for Operations & Vendor Management Executive (BLR-JOB-004) at Amazon that perfectly matches my background. If my profile resonates, I would be deeply grateful for your guidance or a referral routing to the hiring team.

Thank you very much for your time and consideration.

Warm regards,
Aditya Mehra
+91-7003456624 | adityamehra799@gmail.com | Bengaluru",READY_FOR_APPROVAL,2026-09-18,,,,NOT_CONTACTED,,,No,No,No,No,
OUT-STRK-169,PER-STK-STRK-169,,BLR-JOB-004,Dr. Farhat Jabbin,Amazon,Operations & Vendor Management Executive,LinkedIn,Touch 1 InMail,Application: Operations & Vendor Management Executive — Aditya Mehra,"Subject: DSU Student / Operations Track - Introduction & Referral Inquiry (Amazon)

Dear Dr.,

I hope this message finds you well. I follow your career trajectory at Amazon with great admiration.

As a final-year student graduating with a BBA in International Business from Dayananda Sagar University (DSU) in Bengaluru (2026), I have focused my undergraduate tenure on rigorous operational execution:
- Managed multi-vendor coordination across 300+ on-ground deployments, highlighted by Lead Coordination at AERO India 2025 (Yelahanka AFB).
- Structured Tier-1 vendor rate cards and enforced strict milestone delivery contracts.
- Accelerated commercial client onboarding workflows and contributed to AI data pipelines at Instawork (99%+ QA accuracy).

There is an active requisition for Operations & Vendor Management Executive (BLR-JOB-004) at Amazon that perfectly matches my background. If my profile resonates, I would be deeply grateful for your guidance or a referral routing to the hiring team.

Thank you very much for your time and consideration.

Warm regards,
Aditya Mehra
+91-7003456624 | adityamehra799@gmail.com | Bengaluru",READY_FOR_APPROVAL,2026-09-18,,,,NOT_CONTACTED,,,No,No,No,No,
OUT-STRK-170,PER-7216,,BLR-JOB-004,Archana Vyshali,Amazon,Operations & Vendor Management Executive,LinkedIn,Touch 1 InMail,Application: Operations & Vendor Management Executive — Aditya Mehra,"Subject: DSU Student / Operations Track - Introduction & Referral Inquiry (Amazon)

Dear Archana,

I hope this message finds you well. I follow your career trajectory at Amazon with great admiration.

As a final-year student graduating with a BBA in International Business from Dayananda Sagar University (DSU) in Bengaluru (2026), I have focused my undergraduate tenure on rigorous operational execution:
- Managed multi-vendor coordination across 300+ on-ground deployments, highlighted by Lead Coordination at AERO India 2025 (Yelahanka AFB).
- Structured Tier-1 vendor rate cards and enforced strict milestone delivery contracts.
- Accelerated commercial client onboarding workflows and contributed to AI data pipelines at Instawork (99%+ QA accuracy).

There is an active requisition for Operations & Vendor Management Executive (BLR-JOB-004) at Amazon that perfectly matches my background. If my profile resonates, I would be deeply grateful for your guidance or a referral routing to the hiring team.

Thank you very much for your time and consideration.

Warm regards,
Aditya Mehra
+91-7003456624 | adityamehra799@gmail.com | Bengaluru",READY_FOR_APPROVAL,2026-09-18,,,,NOT_CONTACTED,,,No,No,No,No,
OUT-STRK-171,PER-8130,,BLR-JOB-004,Bindiya Sail,Amazon,Operations & Vendor Management Executive,LinkedIn,Touch 1 InMail,Application: Operations & Vendor Management Executive — Aditya Mehra,"Subject: DSU Student / Operations Track - Introduction & Referral Inquiry (Amazon)

Dear Bindiya,

I hope this message finds you well. I follow your career trajectory at Amazon with great admiration.

As a final-year student graduating with a BBA in International Business from Dayananda Sagar University (DSU) in Bengaluru (2026), I have focused my undergraduate tenure on rigorous operational execution:
- Managed multi-vendor coordination across 300+ on-ground deployments, highlighted by Lead Coordination at AERO India 2025 (Yelahanka AFB).
- Structured Tier-1 vendor rate cards and enforced strict milestone delivery contracts.
- Accelerated commercial client onboarding workflows and contributed to AI data pipelines at Instawork (99%+ QA accuracy).

There is an active requisition for Operations & Vendor Management Executive (BLR-JOB-004) at Amazon that perfectly matches my background. If my profile resonates, I would be deeply grateful for your guidance or a referral routing to the hiring team.

Thank you very much for your time and consideration.

Warm regards,
Aditya Mehra
+91-7003456624 | adityamehra799@gmail.com | Bengaluru",READY_FOR_APPROVAL,2026-09-18,,,,NOT_CONTACTED,,,No,No,No,No,
OUT-STRK-172,PER-2106,,BLR-JOB-005,Pragya Sethi,Goldman Sachs,Global Markets Operations Analyst,LinkedIn,Touch 1 InMail,Application: Global Markets Operations Analyst — Aditya Mehra,"Subject: DSU Student / Operations Track - Introduction & Referral Inquiry (Goldman Sachs)

Dear Pragya,

I hope this message finds you well. I follow your career trajectory at Goldman Sachs with great admiration.

As a final-year student graduating with a BBA in International Business from Dayananda Sagar University (DSU) in Bengaluru (2026), I have focused my undergraduate tenure on rigorous operational execution:
- Managed multi-vendor coordination across 300+ on-ground deployments, highlighted by Lead Coordination at AERO India 2025 (Yelahanka AFB).
- Structured Tier-1 vendor rate cards and enforced strict milestone delivery contracts.
- Accelerated commercial client onboarding workflows and contributed to AI data pipelines at Instawork (99%+ QA accuracy).

There is an active requisition for Global Markets Operations Analyst (BLR-JOB-005) at Goldman Sachs that perfectly matches my background. If my profile resonates, I would be deeply grateful for your guidance or a referral routing to the hiring team.

Thank you very much for your time and consideration.

Warm regards,
Aditya Mehra
+91-7003456624 | adityamehra799@gmail.com | Bengaluru",READY_FOR_APPROVAL,2026-09-18,,,,NOT_CONTACTED,,,No,No,No,No,
OUT-STRK-173,PER-STK-STRK-173,,BLR-JOB-006,Iona Philip,JPMorgan Chase & Co.,Global Operations & Compliance Associate,LinkedIn,Touch 1 InMail,Application: Global Operations & Compliance Associate — Aditya Mehra,"Subject: DSU Student / Operations Track - Introduction & Referral Inquiry (JPMorgan Chase & Co.)

Dear Iona,

I hope this message finds you well. I follow your career trajectory at JPMorgan Chase & Co. with great admiration.

As a final-year student graduating with a BBA in International Business from Dayananda Sagar University (DSU) in Bengaluru (2026), I have focused my undergraduate tenure on rigorous operational execution:
- Managed multi-vendor coordination across 300+ on-ground deployments, highlighted by Lead Coordination at AERO India 2025 (Yelahanka AFB).
- Structured Tier-1 vendor rate cards and enforced strict milestone delivery contracts.
- Accelerated commercial client onboarding workflows and contributed to AI data pipelines at Instawork (99%+ QA accuracy).

There is an active requisition for Global Operations & Compliance Associate (BLR-JOB-006) at JPMorgan Chase & Co. that perfectly matches my background. If my profile resonates, I would be deeply grateful for your guidance or a referral routing to the hiring team.

Thank you very much for your time and consideration.

Warm regards,
Aditya Mehra
+91-7003456624 | adityamehra799@gmail.com | Bengaluru",READY_FOR_APPROVAL,2026-09-18,,,,NOT_CONTACTED,,,No,No,No,No,
OUT-STRK-174,PER-3472,,BLR-JOB-006,Indira Ghosh,JPMorgan Chase & Co.,Global Operations & Compliance Associate,LinkedIn,Touch 1 InMail,Application: Global Operations & Compliance Associate — Aditya Mehra,"Subject: DSU Student / Operations Track - Introduction & Referral Inquiry (JPMorgan Chase & Co.)

Dear Indira,

I hope this message finds you well. I follow your career trajectory at JPMorgan Chase & Co. with great admiration.

As a final-year student graduating with a BBA in International Business from Dayananda Sagar University (DSU) in Bengaluru (2026), I have focused my undergraduate tenure on rigorous operational execution:
- Managed multi-vendor coordination across 300+ on-ground deployments, highlighted by Lead Coordination at AERO India 2025 (Yelahanka AFB).
- Structured Tier-1 vendor rate cards and enforced strict milestone delivery contracts.
- Accelerated commercial client onboarding workflows and contributed to AI data pipelines at Instawork (99%+ QA accuracy).

There is an active requisition for Global Operations & Compliance Associate (BLR-JOB-006) at JPMorgan Chase & Co. that perfectly matches my background. If my profile resonates, I would be deeply grateful for your guidance or a referral routing to the hiring team.

Thank you very much for your time and consideration.

Warm regards,
Aditya Mehra
+91-7003456624 | adityamehra799@gmail.com | Bengaluru",READY_FOR_APPROVAL,2026-09-18,,,,NOT_CONTACTED,,,No,No,No,No,
OUT-STRK-175,PER-7727,,BLR-JOB-009,Darshini Gowda,IBM,Supply Chain & Operations Consultant,LinkedIn,Touch 1 InMail,Application: Supply Chain & Operations Consultant — Aditya Mehra,"Subject: DSU Student / Operations Track - Introduction & Referral Inquiry (IBM)

Dear Darshini,

I hope this message finds you well. I follow your career trajectory at IBM with great admiration.

As a final-year student graduating with a BBA in International Business from Dayananda Sagar University (DSU) in Bengaluru (2026), I have focused my undergraduate tenure on rigorous operational execution:
- Managed multi-vendor coordination across 300+ on-ground deployments, highlighted by Lead Coordination at AERO India 2025 (Yelahanka AFB).
- Structured Tier-1 vendor rate cards and enforced strict milestone delivery contracts.
- Accelerated commercial client onboarding workflows and contributed to AI data pipelines at Instawork (99%+ QA accuracy).

There is an active requisition for Supply Chain & Operations Consultant (BLR-JOB-009) at IBM that perfectly matches my background. If my profile resonates, I would be deeply grateful for your guidance or a referral routing to the hiring team.

Thank you very much for your time and consideration.

Warm regards,
Aditya Mehra
+91-7003456624 | adityamehra799@gmail.com | Bengaluru",READY_FOR_APPROVAL,2026-09-18,,,,NOT_CONTACTED,,,No,No,No,No,
OUT-STRK-176,PER-8009,,BLR-JOB-009,Ishita Patel,IBM,Supply Chain & Operations Consultant,LinkedIn,Touch 1 InMail,Application: Supply Chain & Operations Consultant — Aditya Mehra,"Subject: DSU Student / Operations Track - Introduction & Referral Inquiry (IBM)

Dear Ishita,

I hope this message finds you well. I follow your career trajectory at IBM with great admiration.

As a final-year student graduating with a BBA in International Business from Dayananda Sagar University (DSU) in Bengaluru (2026), I have focused my undergraduate tenure on rigorous operational execution:
- Managed multi-vendor coordination across 300+ on-ground deployments, highlighted by Lead Coordination at AERO India 2025 (Yelahanka AFB).
- Structured Tier-1 vendor rate cards and enforced strict milestone delivery contracts.
- Accelerated commercial client onboarding workflows and contributed to AI data pipelines at Instawork (99%+ QA accuracy).

There is an active requisition for Supply Chain & Operations Consultant (BLR-JOB-009) at IBM that perfectly matches my background. If my profile resonates, I would be deeply grateful for your guidance or a referral routing to the hiring team.

Thank you very much for your time and consideration.

Warm regards,
Aditya Mehra
+91-7003456624 | adityamehra799@gmail.com | Bengaluru",READY_FOR_APPROVAL,2026-09-18,,,,NOT_CONTACTED,,,No,No,No,No,
OUT-STRK-177,PER-8032,,BLR-JOB-009,Krishna Priya Nair,IBM,Supply Chain & Operations Consultant,LinkedIn,Touch 1 InMail,Application: Supply Chain & Operations Consultant — Aditya Mehra,"Subject: DSU Student / Operations Track - Introduction & Referral Inquiry (IBM)

Dear Krishna,

I hope this message finds you well. I follow your career trajectory at IBM with great admiration.

As a final-year student graduating with a BBA in International Business from Dayananda Sagar University (DSU) in Bengaluru (2026), I have focused my undergraduate tenure on rigorous operational execution:
- Managed multi-vendor coordination across 300+ on-ground deployments, highlighted by Lead Coordination at AERO India 2025 (Yelahanka AFB).
- Structured Tier-1 vendor rate cards and enforced strict milestone delivery contracts.
- Accelerated commercial client onboarding workflows and contributed to AI data pipelines at Instawork (99%+ QA accuracy).

There is an active requisition for Supply Chain & Operations Consultant (BLR-JOB-009) at IBM that perfectly matches my background. If my profile resonates, I would be deeply grateful for your guidance or a referral routing to the hiring team.

Thank you very much for your time and consideration.

Warm regards,
Aditya Mehra
+91-7003456624 | adityamehra799@gmail.com | Bengaluru",READY_FOR_APPROVAL,2026-09-18,,,,NOT_CONTACTED,,,No,No,No,No,
OUT-STRK-178,PER-8056,,BLR-JOB-009,Khushbu Kamal,IBM,Supply Chain & Operations Consultant,LinkedIn,Touch 1 InMail,Application: Supply Chain & Operations Consultant — Aditya Mehra,"Subject: DSU Student / Operations Track - Introduction & Referral Inquiry (IBM)

Dear Khushbu,

I hope this message finds you well. I follow your career trajectory at IBM with great admiration.

As a final-year student graduating with a BBA in International Business from Dayananda Sagar University (DSU) in Bengaluru (2026), I have focused my undergraduate tenure on rigorous operational execution:
- Managed multi-vendor coordination across 300+ on-ground deployments, highlighted by Lead Coordination at AERO India 2025 (Yelahanka AFB).
- Structured Tier-1 vendor rate cards and enforced strict milestone delivery contracts.
- Accelerated commercial client onboarding workflows and contributed to AI data pipelines at Instawork (99%+ QA accuracy).

There is an active requisition for Supply Chain & Operations Consultant (BLR-JOB-009) at IBM that perfectly matches my background. If my profile resonates, I would be deeply grateful for your guidance or a referral routing to the hiring team.

Thank you very much for your time and consideration.

Warm regards,
Aditya Mehra
+91-7003456624 | adityamehra799@gmail.com | Bengaluru",READY_FOR_APPROVAL,2026-09-18,,,,NOT_CONTACTED,,,No,No,No,No,
OUT-STRK-179,PER-STK-STRK-179,,BLR-JOB-012,Karishma Vaswani,KPMG,Global Risk & Management Trainee,LinkedIn,Touch 1 InMail,Application: Global Risk & Management Trainee — Aditya Mehra,"Subject: DSU Student / Operations Track - Introduction & Referral Inquiry (KPMG)

Dear Karishma,

I hope this message finds you well. I follow your career trajectory at KPMG with great admiration.

As a final-year student graduating with a BBA in International Business from Dayananda Sagar University (DSU) in Bengaluru (2026), I have focused my undergraduate tenure on rigorous operational execution:
- Managed multi-vendor coordination across 300+ on-ground deployments, highlighted by Lead Coordination at AERO India 2025 (Yelahanka AFB).
- Structured Tier-1 vendor rate cards and enforced strict milestone delivery contracts.
- Accelerated commercial client onboarding workflows and contributed to AI data pipelines at Instawork (99%+ QA accuracy).

There is an active requisition for Global Risk & Management Trainee (BLR-JOB-012) at KPMG that perfectly matches my background. If my profile resonates, I would be deeply grateful for your guidance or a referral routing to the hiring team.

Thank you very much for your time and consideration.

Warm regards,
Aditya Mehra
+91-7003456624 | adityamehra799@gmail.com | Bengaluru",READY_FOR_APPROVAL,2026-09-18,,,,NOT_CONTACTED,,,No,No,No,No,
OUT-STRK-180,PER-7936,,BLR-JOB-012,Tanushree Patra,KPMG,Global Risk & Management Trainee,LinkedIn,Touch 1 InMail,Application: Global Risk & Management Trainee — Aditya Mehra,"Subject: DSU Student / Operations Track - Introduction & Referral Inquiry (KPMG)

Dear Tanushree,

I hope this message finds you well. I follow your career trajectory at KPMG with great admiration.

As a final-year student graduating with a BBA in International Business from Dayananda Sagar University (DSU) in Bengaluru (2026), I have focused my undergraduate tenure on rigorous operational execution:
- Managed multi-vendor coordination across 300+ on-ground deployments, highlighted by Lead Coordination at AERO India 2025 (Yelahanka AFB).
- Structured Tier-1 vendor rate cards and enforced strict milestone delivery contracts.
- Accelerated commercial client onboarding workflows and contributed to AI data pipelines at Instawork (99%+ QA accuracy).

There is an active requisition for Global Risk & Management Trainee (BLR-JOB-012) at KPMG that perfectly matches my background. If my profile resonates, I would be deeply grateful for your guidance or a referral routing to the hiring team.

Thank you very much for your time and consideration.

Warm regards,
Aditya Mehra
+91-7003456624 | adityamehra799@gmail.com | Bengaluru",READY_FOR_APPROVAL,2026-09-18,,,,NOT_CONTACTED,,,No,No,No,No,
OUT-STRK-181,PER-STK-STRK-181,,BLR-JOB-013,Mishfa Kazi,PricewaterhouseCoopers (PwC),Business Operations Analyst,LinkedIn,Touch 1 InMail,Application: Business Operations Analyst — Aditya Mehra,"Subject: DSU Student / Operations Track - Introduction & Referral Inquiry (PricewaterhouseCoopers (PwC))

Dear Mishfa,

I hope this message finds you well. I follow your career trajectory at PricewaterhouseCoopers (PwC) with great admiration.

As a final-year student graduating with a BBA in International Business from Dayananda Sagar University (DSU) in Bengaluru (2026), I have focused my undergraduate tenure on rigorous operational execution:
- Managed multi-vendor coordination across 300+ on-ground deployments, highlighted by Lead Coordination at AERO India 2025 (Yelahanka AFB).
- Structured Tier-1 vendor rate cards and enforced strict milestone delivery contracts.
- Accelerated commercial client onboarding workflows and contributed to AI data pipelines at Instawork (99%+ QA accuracy).

There is an active requisition for Business Operations Analyst (BLR-JOB-013) at PricewaterhouseCoopers (PwC) that perfectly matches my background. If my profile resonates, I would be deeply grateful for your guidance or a referral routing to the hiring team.

Thank you very much for your time and consideration.

Warm regards,
Aditya Mehra
+91-7003456624 | adityamehra799@gmail.com | Bengaluru",READY_FOR_APPROVAL,2026-09-18,,,,NOT_CONTACTED,,,No,No,No,No,
OUT-STRK-182,PER-358,,BLR-JOB-018,Rachana Kamath,Google,Business Development & Client Operations Lead,LinkedIn,Touch 1 InMail,Application: Business Development & Client Operations Lead — Aditya Mehra,"Subject: DSU Student / Operations Track - Introduction & Referral Inquiry (Google)

Dear Rachana,

I hope this message finds you well. I follow your career trajectory at Google with great admiration.

As a final-year student graduating with a BBA in International Business from Dayananda Sagar University (DSU) in Bengaluru (2026), I have focused my undergraduate tenure on rigorous operational execution:
- Managed multi-vendor coordination across 300+ on-ground deployments, highlighted by Lead Coordination at AERO India 2025 (Yelahanka AFB).
- Structured Tier-1 vendor rate cards and enforced strict milestone delivery contracts.
- Accelerated commercial client onboarding workflows and contributed to AI data pipelines at Instawork (99%+ QA accuracy).

There is an active requisition for Business Development & Client Operations Lead (BLR-JOB-018) at Google that perfectly matches my background. If my profile resonates, I would be deeply grateful for your guidance or a referral routing to the hiring team.

Thank you very much for your time and consideration.

Warm regards,
Aditya Mehra
+91-7003456624 | adityamehra799@gmail.com | Bengaluru",READY_FOR_APPROVAL,2026-09-18,,,,NOT_CONTACTED,,,No,No,No,No,
OUT-STRK-183,PER-4693,,BLR-JOB-018,Supriya D V,Google,Business Development & Client Operations Lead,LinkedIn,Touch 1 InMail,Application: Business Development & Client Operations Lead — Aditya Mehra,"Subject: DSU Student / Operations Track - Introduction & Referral Inquiry (Google)

Dear Supriya,

I hope this message finds you well. I follow your career trajectory at Google with great admiration.

As a final-year student graduating with a BBA in International Business from Dayananda Sagar University (DSU) in Bengaluru (2026), I have focused my undergraduate tenure on rigorous operational execution:
- Managed multi-vendor coordination across 300+ on-ground deployments, highlighted by Lead Coordination at AERO India 2025 (Yelahanka AFB).
- Structured Tier-1 vendor rate cards and enforced strict milestone delivery contracts.
- Accelerated commercial client onboarding workflows and contributed to AI data pipelines at Instawork (99%+ QA accuracy).

There is an active requisition for Business Development & Client Operations Lead (BLR-JOB-018) at Google that perfectly matches my background. If my profile resonates, I would be deeply grateful for your guidance or a referral routing to the hiring team.

Thank you very much for your time and consideration.

Warm regards,
Aditya Mehra
+91-7003456624 | adityamehra799@gmail.com | Bengaluru",READY_FOR_APPROVAL,2026-09-18,,,,NOT_CONTACTED,,,No,No,No,No,
OUT-STRK-184,PER-8856,,BLR-JOB-018,Valrine Joseph,Google,Business Development & Client Operations Lead,LinkedIn,Touch 1 InMail,Application: Business Development & Client Operations Lead — Aditya Mehra,"Subject: DSU Student / Operations Track - Introduction & Referral Inquiry (Google)

Dear Valrine,

I hope this message finds you well. I follow your career trajectory at Google with great admiration.

As a final-year student graduating with a BBA in International Business from Dayananda Sagar University (DSU) in Bengaluru (2026), I have focused my undergraduate tenure on rigorous operational execution:
- Managed multi-vendor coordination across 300+ on-ground deployments, highlighted by Lead Coordination at AERO India 2025 (Yelahanka AFB).
- Structured Tier-1 vendor rate cards and enforced strict milestone delivery contracts.
- Accelerated commercial client onboarding workflows and contributed to AI data pipelines at Instawork (99%+ QA accuracy).

There is an active requisition for Business Development & Client Operations Lead (BLR-JOB-018) at Google that perfectly matches my background. If my profile resonates, I would be deeply grateful for your guidance or a referral routing to the hiring team.

Thank you very much for your time and consideration.

Warm regards,
Aditya Mehra
+91-7003456624 | adityamehra799@gmail.com | Bengaluru",READY_FOR_APPROVAL,2026-09-18,,,,NOT_CONTACTED,,,No,No,No,No,
OUT-STRK-185,PER-4053,,BLR-JOB-019,Kashish Mishra,Microsoft,Business Operations Analyst,LinkedIn,Touch 1 InMail,Application: Business Operations Analyst — Aditya Mehra,"Subject: DSU Student / Operations Track - Introduction & Referral Inquiry (Microsoft)

Dear Kashish,

I hope this message finds you well. I follow your career trajectory at Microsoft with great admiration.

As a final-year student graduating with a BBA in International Business from Dayananda Sagar University (DSU) in Bengaluru (2026), I have focused my undergraduate tenure on rigorous operational execution:
- Managed multi-vendor coordination across 300+ on-ground deployments, highlighted by Lead Coordination at AERO India 2025 (Yelahanka AFB).
- Structured Tier-1 vendor rate cards and enforced strict milestone delivery contracts.
- Accelerated commercial client onboarding workflows and contributed to AI data pipelines at Instawork (99%+ QA accuracy).

There is an active requisition for Business Operations Analyst (BLR-JOB-019) at Microsoft that perfectly matches my background. If my profile resonates, I would be deeply grateful for your guidance or a referral routing to the hiring team.

Thank you very much for your time and consideration.

Warm regards,
Aditya Mehra
+91-7003456624 | adityamehra799@gmail.com | Bengaluru",READY_FOR_APPROVAL,2026-09-18,,,,NOT_CONTACTED,,,No,No,No,No,
OUT-STRK-186,PER-4133,,BLR-JOB-019,ISHA SINGH,Microsoft,Business Operations Analyst,LinkedIn,Touch 1 InMail,Application: Business Operations Analyst — Aditya Mehra,"Subject: DSU Student / Operations Track - Introduction & Referral Inquiry (Microsoft)

Dear ISHA,

I hope this message finds you well. I follow your career trajectory at Microsoft with great admiration.

As a final-year student graduating with a BBA in International Business from Dayananda Sagar University (DSU) in Bengaluru (2026), I have focused my undergraduate tenure on rigorous operational execution:
- Managed multi-vendor coordination across 300+ on-ground deployments, highlighted by Lead Coordination at AERO India 2025 (Yelahanka AFB).
- Structured Tier-1 vendor rate cards and enforced strict milestone delivery contracts.
- Accelerated commercial client onboarding workflows and contributed to AI data pipelines at Instawork (99%+ QA accuracy).

There is an active requisition for Business Operations Analyst (BLR-JOB-019) at Microsoft that perfectly matches my background. If my profile resonates, I would be deeply grateful for your guidance or a referral routing to the hiring team.

Thank you very much for your time and consideration.

Warm regards,
Aditya Mehra
+91-7003456624 | adityamehra799@gmail.com | Bengaluru",READY_FOR_APPROVAL,2026-09-18,,,,NOT_CONTACTED,,,No,No,No,No,
OUT-STRK-187,PER-4219,,BLR-JOB-019,Khushboo S. Barde,Microsoft,Business Operations Analyst,LinkedIn,Touch 1 InMail,Application: Business Operations Analyst — Aditya Mehra,"Subject: DSU Student / Operations Track - Introduction & Referral Inquiry (Microsoft)

Dear Khushboo,

I hope this message finds you well. I follow your career trajectory at Microsoft with great admiration.

As a final-year student graduating with a BBA in International Business from Dayananda Sagar University (DSU) in Bengaluru (2026), I have focused my undergraduate tenure on rigorous operational execution:
- Managed multi-vendor coordination across 300+ on-ground deployments, highlighted by Lead Coordination at AERO India 2025 (Yelahanka AFB).
- Structured Tier-1 vendor rate cards and enforced strict milestone delivery contracts.
- Accelerated commercial client onboarding workflows and contributed to AI data pipelines at Instawork (99%+ QA accuracy).

There is an active requisition for Business Operations Analyst (BLR-JOB-019) at Microsoft that perfectly matches my background. If my profile resonates, I would be deeply grateful for your guidance or a referral routing to the hiring team.

Thank you very much for your time and consideration.

Warm regards,
Aditya Mehra
+91-7003456624 | adityamehra799@gmail.com | Bengaluru",READY_FOR_APPROVAL,2026-09-18,,,,NOT_CONTACTED,,,No,No,No,No,
OUT-STRK-188,PER-4426,,BLR-JOB-056,ANANYA G,Swiggy,Field Operations & Supply Chain Trainee,LinkedIn,Touch 1 InMail,Application: Field Operations & Supply Chain Trainee — Aditya Mehra,"Subject: DSU Student / Operations Track - Introduction & Referral Inquiry (Swiggy)

Dear ANANYA,

I hope this message finds you well. I follow your career trajectory at Swiggy with great admiration.

As a final-year student graduating with a BBA in International Business from Dayananda Sagar University (DSU) in Bengaluru (2026), I have focused my undergraduate tenure on rigorous operational execution:
- Managed multi-vendor coordination across 300+ on-ground deployments, highlighted by Lead Coordination at AERO India 2025 (Yelahanka AFB).
- Structured Tier-1 vendor rate cards and enforced strict milestone delivery contracts.
- Accelerated commercial client onboarding workflows and contributed to AI data pipelines at Instawork (99%+ QA accuracy).

There is an active requisition for Field Operations & Supply Chain Trainee (BLR-JOB-056) at Swiggy that perfectly matches my background. If my profile resonates, I would be deeply grateful for your guidance or a referral routing to the hiring team.

Thank you very much for your time and consideration.

Warm regards,
Aditya Mehra
+91-7003456624 | adityamehra799@gmail.com | Bengaluru",READY_FOR_APPROVAL,2026-09-18,,,,NOT_CONTACTED,,,No,No,No,No,
OUT-STRK-189,PER-4886,,BLR-JOB-056,Sneha Ghosh,Swiggy,Field Operations & Supply Chain Trainee,LinkedIn,Touch 1 InMail,Application: Field Operations & Supply Chain Trainee — Aditya Mehra,"Subject: DSU Student / Operations Track - Introduction & Referral Inquiry (Swiggy)

Dear Sneha,

I hope this message finds you well. I follow your career trajectory at Swiggy with great admiration.

As a final-year student graduating with a BBA in International Business from Dayananda Sagar University (DSU) in Bengaluru (2026), I have focused my undergraduate tenure on rigorous operational execution:
- Managed multi-vendor coordination across 300+ on-ground deployments, highlighted by Lead Coordination at AERO India 2025 (Yelahanka AFB).
- Structured Tier-1 vendor rate cards and enforced strict milestone delivery contracts.
- Accelerated commercial client onboarding workflows and contributed to AI data pipelines at Instawork (99%+ QA accuracy).

There is an active requisition for Field Operations & Supply Chain Trainee (BLR-JOB-056) at Swiggy that perfectly matches my background. If my profile resonates, I would be deeply grateful for your guidance or a referral routing to the hiring team.

Thank you very much for your time and consideration.

Warm regards,
Aditya Mehra
+91-7003456624 | adityamehra799@gmail.com | Bengaluru",READY_FOR_APPROVAL,2026-09-18,,,,NOT_CONTACTED,,,No,No,No,No,
OUT-STRK-190,PER-7404,,BLR-JOB-056,Vidya Shree TN,Swiggy,Field Operations & Supply Chain Trainee,LinkedIn,Touch 1 InMail,Application: Field Operations & Supply Chain Trainee — Aditya Mehra,"Subject: DSU Student / Operations Track - Introduction & Referral Inquiry (Swiggy)

Dear Vidya,

I hope this message finds you well. I follow your career trajectory at Swiggy with great admiration.

As a final-year student graduating with a BBA in International Business from Dayananda Sagar University (DSU) in Bengaluru (2026), I have focused my undergraduate tenure on rigorous operational execution:
- Managed multi-vendor coordination across 300+ on-ground deployments, highlighted by Lead Coordination at AERO India 2025 (Yelahanka AFB).
- Structured Tier-1 vendor rate cards and enforced strict milestone delivery contracts.
- Accelerated commercial client onboarding workflows and contributed to AI data pipelines at Instawork (99%+ QA accuracy).

There is an active requisition for Field Operations & Supply Chain Trainee (BLR-JOB-056) at Swiggy that perfectly matches my background. If my profile resonates, I would be deeply grateful for your guidance or a referral routing to the hiring team.

Thank you very much for your time and consideration.

Warm regards,
Aditya Mehra
+91-7003456624 | adityamehra799@gmail.com | Bengaluru",READY_FOR_APPROVAL,2026-09-18,,,,NOT_CONTACTED,,,No,No,No,No,
OUT-STRK-191,PER-5850,,BLR-JOB-026,Sanskriti Mohapatra,Schneider Electric,Global Supply Chain Executive,LinkedIn,Touch 1 InMail,Application: Global Supply Chain Executive — Aditya Mehra,"Subject: DSU Student / Operations Track - Introduction & Referral Inquiry (Schneider Electric)

Dear Sanskriti,

I hope this message finds you well. I follow your career trajectory at Schneider Electric with great admiration.

As a final-year student graduating with a BBA in International Business from Dayananda Sagar University (DSU) in Bengaluru (2026), I have focused my undergraduate tenure on rigorous operational execution:
- Managed multi-vendor coordination across 300+ on-ground deployments, highlighted by Lead Coordination at AERO India 2025 (Yelahanka AFB).
- Structured Tier-1 vendor rate cards and enforced strict milestone delivery contracts.
- Accelerated commercial client onboarding workflows and contributed to AI data pipelines at Instawork (99%+ QA accuracy).

There is an active requisition for Global Supply Chain Executive (BLR-JOB-026) at Schneider Electric that perfectly matches my background. If my profile resonates, I would be deeply grateful for your guidance or a referral routing to the hiring team.

Thank you very much for your time and consideration.

Warm regards,
Aditya Mehra
+91-7003456624 | adityamehra799@gmail.com | Bengaluru",READY_FOR_APPROVAL,2026-09-18,,,,NOT_CONTACTED,,,No,No,No,No,
OUT-STRK-192,PER-5927,,BLR-JOB-030,Garima Uberoi,Livspace,Business Development & Client Operations Manager,LinkedIn,Touch 1 InMail,Application: Business Development & Client Operations Manager — Aditya Mehra,"Subject: DSU Student / Operations Track - Introduction & Referral Inquiry (Livspace)

Dear Garima,

I hope this message finds you well. I follow your career trajectory at Livspace with great admiration.

As a final-year student graduating with a BBA in International Business from Dayananda Sagar University (DSU) in Bengaluru (2026), I have focused my undergraduate tenure on rigorous operational execution:
- Managed multi-vendor coordination across 300+ on-ground deployments, highlighted by Lead Coordination at AERO India 2025 (Yelahanka AFB).
- Structured Tier-1 vendor rate cards and enforced strict milestone delivery contracts.
- Accelerated commercial client onboarding workflows and contributed to AI data pipelines at Instawork (99%+ QA accuracy).

There is an active requisition for Business Development & Client Operations Manager (BLR-JOB-030) at Livspace that perfectly matches my background. If my profile resonates, I would be deeply grateful for your guidance or a referral routing to the hiring team.

Thank you very much for your time and consideration.

Warm regards,
Aditya Mehra
+91-7003456624 | adityamehra799@gmail.com | Bengaluru",READY_FOR_APPROVAL,2026-09-18,,,,NOT_CONTACTED,,,No,No,No,No,
OUT-STRK-193,PER-8578,,BLR-JOB-046,Rutuja Patil,Itc Limited,Trade Operations & Logistics Management Trainee,LinkedIn,Touch 1 InMail,Application: Trade Operations & Logistics Management Trainee — Aditya Mehra,"Subject: DSU Student / Operations Track - Introduction & Referral Inquiry (Itc Limited)

Dear Rutuja,

I hope this message finds you well. I follow your career trajectory at Itc Limited with great admiration.

As a final-year student graduating with a BBA in International Business from Dayananda Sagar University (DSU) in Bengaluru (2026), I have focused my undergraduate tenure on rigorous operational execution:
- Managed multi-vendor coordination across 300+ on-ground deployments, highlighted by Lead Coordination at AERO India 2025 (Yelahanka AFB).
- Structured Tier-1 vendor rate cards and enforced strict milestone delivery contracts.
- Accelerated commercial client onboarding workflows and contributed to AI data pipelines at Instawork (99%+ QA accuracy).

There is an active requisition for Trade Operations & Logistics Management Trainee (BLR-JOB-046) at Itc Limited that perfectly matches my background. If my profile resonates, I would be deeply grateful for your guidance or a referral routing to the hiring team.

Thank you very much for your time and consideration.

Warm regards,
Aditya Mehra
+91-7003456624 | adityamehra799@gmail.com | Bengaluru",READY_FOR_APPROVAL,2026-09-18,,,,NOT_CONTACTED,,,No,No,No,No,
OUT-STRK-194,PER-8970,,BLR-JOB-046,Nitya Bhardwaj,Itc Limited,Trade Operations & Logistics Management Trainee,LinkedIn,Touch 1 InMail,Application: Trade Operations & Logistics Management Trainee — Aditya Mehra,"Subject: DSU Student / Operations Track - Introduction & Referral Inquiry (Itc Limited)

Dear Nitya,

I hope this message finds you well. I follow your career trajectory at Itc Limited with great admiration.

As a final-year student graduating with a BBA in International Business from Dayananda Sagar University (DSU) in Bengaluru (2026), I have focused my undergraduate tenure on rigorous operational execution:
- Managed multi-vendor coordination across 300+ on-ground deployments, highlighted by Lead Coordination at AERO India 2025 (Yelahanka AFB).
- Structured Tier-1 vendor rate cards and enforced strict milestone delivery contracts.
- Accelerated commercial client onboarding workflows and contributed to AI data pipelines at Instawork (99%+ QA accuracy).

There is an active requisition for Trade Operations & Logistics Management Trainee (BLR-JOB-046) at Itc Limited that perfectly matches my background. If my profile resonates, I would be deeply grateful for your guidance or a referral routing to the hiring team.

Thank you very much for your time and consideration.

Warm regards,
Aditya Mehra
+91-7003456624 | adityamehra799@gmail.com | Bengaluru",READY_FOR_APPROVAL,2026-09-18,,,,NOT_CONTACTED,,,No,No,No,No,
OUT-STRK-195,PER-6290,,BLR-JOB-058,Ashma Sardar,Licious,Supply Chain Operations Lead,LinkedIn,Touch 1 InMail,Application: Supply Chain Operations Lead — Aditya Mehra,"Subject: DSU Student / Operations Track - Introduction & Referral Inquiry (Licious)

Dear Ashma,

I hope this message finds you well. I follow your career trajectory at Licious with great admiration.

As a final-year student graduating with a BBA in International Business from Dayananda Sagar University (DSU) in Bengaluru (2026), I have focused my undergraduate tenure on rigorous operational execution:
- Managed multi-vendor coordination across 300+ on-ground deployments, highlighted by Lead Coordination at AERO India 2025 (Yelahanka AFB).
- Structured Tier-1 vendor rate cards and enforced strict milestone delivery contracts.
- Accelerated commercial client onboarding workflows and contributed to AI data pipelines at Instawork (99%+ QA accuracy).

There is an active requisition for Supply Chain Operations Lead (BLR-JOB-058) at Licious that perfectly matches my background. If my profile resonates, I would be deeply grateful for your guidance or a referral routing to the hiring team.

Thank you very much for your time and consideration.

Warm regards,
Aditya Mehra
+91-7003456624 | adityamehra799@gmail.com | Bengaluru",READY_FOR_APPROVAL,2026-09-18,,,,NOT_CONTACTED,,,No,No,No,No,
OUT-STRK-196,PER-2084,,BLR-JOB-059,Tanya Gupta,Urban Company,Partner Operations Specialist,LinkedIn,Touch 1 InMail,Application: Partner Operations Specialist — Aditya Mehra,"Subject: DSU Student / Operations Track - Introduction & Referral Inquiry (Urban Company)

Dear Tanya,

I hope this message finds you well. I follow your career trajectory at Urban Company with great admiration.

As a final-year student graduating with a BBA in International Business from Dayananda Sagar University (DSU) in Bengaluru (2026), I have focused my undergraduate tenure on rigorous operational execution:
- Managed multi-vendor coordination across 300+ on-ground deployments, highlighted by Lead Coordination at AERO India 2025 (Yelahanka AFB).
- Structured Tier-1 vendor rate cards and enforced strict milestone delivery contracts.
- Accelerated commercial client onboarding workflows and contributed to AI data pipelines at Instawork (99%+ QA accuracy).

There is an active requisition for Partner Operations Specialist (BLR-JOB-059) at Urban Company that perfectly matches my background. If my profile resonates, I would be deeply grateful for your guidance or a referral routing to the hiring team.

Thank you very much for your time and consideration.

Warm regards,
Aditya Mehra
+91-7003456624 | adityamehra799@gmail.com | Bengaluru",READY_FOR_APPROVAL,2026-09-18,,,,NOT_CONTACTED,,,No,No,No,No,
OUT-STRK-197,PER-2851,,BLR-JOB-059,Kavya Shree,Urban Company,Partner Operations Specialist,LinkedIn,Touch 1 InMail,Application: Partner Operations Specialist — Aditya Mehra,"Subject: DSU Student / Operations Track - Introduction & Referral Inquiry (Urban Company)

Dear Kavya,

I hope this message finds you well. I follow your career trajectory at Urban Company with great admiration.

As a final-year student graduating with a BBA in International Business from Dayananda Sagar University (DSU) in Bengaluru (2026), I have focused my undergraduate tenure on rigorous operational execution:
- Managed multi-vendor coordination across 300+ on-ground deployments, highlighted by Lead Coordination at AERO India 2025 (Yelahanka AFB).
- Structured Tier-1 vendor rate cards and enforced strict milestone delivery contracts.
- Accelerated commercial client onboarding workflows and contributed to AI data pipelines at Instawork (99%+ QA accuracy).

There is an active requisition for Partner Operations Specialist (BLR-JOB-059) at Urban Company that perfectly matches my background. If my profile resonates, I would be deeply grateful for your guidance or a referral routing to the hiring team.

Thank you very much for your time and consideration.

Warm regards,
Aditya Mehra
+91-7003456624 | adityamehra799@gmail.com | Bengaluru",READY_FOR_APPROVAL,2026-09-18,,,,NOT_CONTACTED,,,No,No,No,No,
OUT-STRK-198,PER-3309,,BLR-JOB-059,Varsha V Naidu,Urban Company,Partner Operations Specialist,LinkedIn,Touch 1 InMail,Application: Partner Operations Specialist — Aditya Mehra,"Subject: DSU Student / Operations Track - Introduction & Referral Inquiry (Urban Company)

Dear Varsha,

I hope this message finds you well. I follow your career trajectory at Urban Company with great admiration.

As a final-year student graduating with a BBA in International Business from Dayananda Sagar University (DSU) in Bengaluru (2026), I have focused my undergraduate tenure on rigorous operational execution:
- Managed multi-vendor coordination across 300+ on-ground deployments, highlighted by Lead Coordination at AERO India 2025 (Yelahanka AFB).
- Structured Tier-1 vendor rate cards and enforced strict milestone delivery contracts.
- Accelerated commercial client onboarding workflows and contributed to AI data pipelines at Instawork (99%+ QA accuracy).

There is an active requisition for Partner Operations Specialist (BLR-JOB-059) at Urban Company that perfectly matches my background. If my profile resonates, I would be deeply grateful for your guidance or a referral routing to the hiring team.

Thank you very much for your time and consideration.

Warm regards,
Aditya Mehra
+91-7003456624 | adityamehra799@gmail.com | Bengaluru",READY_FOR_APPROVAL,2026-09-18,,,,NOT_CONTACTED,,,No,No,No,No,
OUT-STRK-199,PER-3316,,BLR-JOB-059,S Ranjana,Urban Company,Partner Operations Specialist,LinkedIn,Touch 1 InMail,Application: Partner Operations Specialist — Aditya Mehra,"Subject: DSU Student / Operations Track - Introduction & Referral Inquiry (Urban Company)

Dear S,

I hope this message finds you well. I follow your career trajectory at Urban Company with great admiration.

As a final-year student graduating with a BBA in International Business from Dayananda Sagar University (DSU) in Bengaluru (2026), I have focused my undergraduate tenure on rigorous operational execution:
- Managed multi-vendor coordination across 300+ on-ground deployments, highlighted by Lead Coordination at AERO India 2025 (Yelahanka AFB).
- Structured Tier-1 vendor rate cards and enforced strict milestone delivery contracts.
- Accelerated commercial client onboarding workflows and contributed to AI data pipelines at Instawork (99%+ QA accuracy).

There is an active requisition for Partner Operations Specialist (BLR-JOB-059) at Urban Company that perfectly matches my background. If my profile resonates, I would be deeply grateful for your guidance or a referral routing to the hiring team.

Thank you very much for your time and consideration.

Warm regards,
Aditya Mehra
+91-7003456624 | adityamehra799@gmail.com | Bengaluru",READY_FOR_APPROVAL,2026-09-18,,,,NOT_CONTACTED,,,No,No,No,No,
OUT-STRK-200,PER-6098,,BLR-JOB-059,Manya Bhutra,Urban Company,Partner Operations Specialist,LinkedIn,Touch 1 InMail,Application: Partner Operations Specialist — Aditya Mehra,"Subject: DSU Student / Operations Track - Introduction & Referral Inquiry (Urban Company)

Dear Manya,

I hope this message finds you well. I follow your career trajectory at Urban Company with great admiration.

As a final-year student graduating with a BBA in International Business from Dayananda Sagar University (DSU) in Bengaluru (2026), I have focused my undergraduate tenure on rigorous operational execution:
- Managed multi-vendor coordination across 300+ on-ground deployments, highlighted by Lead Coordination at AERO India 2025 (Yelahanka AFB).
- Structured Tier-1 vendor rate cards and enforced strict milestone delivery contracts.
- Accelerated commercial client onboarding workflows and contributed to AI data pipelines at Instawork (99%+ QA accuracy).

There is an active requisition for Partner Operations Specialist (BLR-JOB-059) at Urban Company that perfectly matches my background. If my profile resonates, I would be deeply grateful for your guidance or a referral routing to the hiring team.

Thank you very much for your time and consideration.

Warm regards,
Aditya Mehra
+91-7003456624 | adityamehra799@gmail.com | Bengaluru",READY_FOR_APPROVAL,2026-09-18,,,,NOT_CONTACTED,,,No,No,No,No,
OUT-STRK-201,PER-6199,,BLR-JOB-059,Saakshi Makam,Urban Company,Partner Operations Specialist,LinkedIn,Touch 1 InMail,Application: Partner Operations Specialist — Aditya Mehra,"Subject: DSU Student / Operations Track - Introduction & Referral Inquiry (Urban Company)

Dear Saakshi,

I hope this message finds you well. I follow your career trajectory at Urban Company with great admiration.

As a final-year student graduating with a BBA in International Business from Dayananda Sagar University (DSU) in Bengaluru (2026), I have focused my undergraduate tenure on rigorous operational execution:
- Managed multi-vendor coordination across 300+ on-ground deployments, highlighted by Lead Coordination at AERO India 2025 (Yelahanka AFB).
- Structured Tier-1 vendor rate cards and enforced strict milestone delivery contracts.
- Accelerated commercial client onboarding workflows and contributed to AI data pipelines at Instawork (99%+ QA accuracy).

There is an active requisition for Partner Operations Specialist (BLR-JOB-059) at Urban Company that perfectly matches my background. If my profile resonates, I would be deeply grateful for your guidance or a referral routing to the hiring team.

Thank you very much for your time and consideration.

Warm regards,
Aditya Mehra
+91-7003456624 | adityamehra799@gmail.com | Bengaluru",READY_FOR_APPROVAL,2026-09-18,,,,NOT_CONTACTED,,,No,No,No,No,
OUT-STRK-202,PER-STK-STRK-202,,BLR-JOB-012,Reyaa Shetty,KPMG,Global Risk & Management Trainee,LinkedIn,Touch 1 InMail,Application: Global Risk & Management Trainee — Aditya Mehra,"Subject: Fellow Bangalore Professional / Referral Request for Global Risk & Management Trainee (BLR-JOB-012)

Hi Reyaa,

I hope you're having a productive week! I came across your profile and noticed your journey at KPMG in Bengaluru.

I am currently in my final year at Dayananda Sagar University (DSU), completing my BBA in International Business (Class of 2026). My experience includes:
- Lead Coordinator at AERO India 2025 and 300+ on-ground event operations deployments.
- Structured Tier-1 supplier rate cards and enforced strict delivery SLAs.
- AI Data Operations at Instawork and commercial client operations execution.

KPMG is currently hiring for Global Risk & Management Trainee (BLR-JOB-012), and I am ready to submit my application. Would you be open to reviewing my resume and submitting an internal employee referral? I would be glad to share my details and resume link.

Thank you so much for considering!

Best regards,
Aditya Mehra
+91-7003456624 | adityamehra799@gmail.com",READY_FOR_APPROVAL,2026-09-18,,,,NOT_CONTACTED,,,No,No,No,No,
OUT-STRK-203,PER-STK-STRK-203,,BLR-JOB-012,Ruhi Sodhi,KPMG,Global Risk & Management Trainee,LinkedIn,Touch 1 InMail,Application: Global Risk & Management Trainee — Aditya Mehra,"Subject: Fellow Bangalore Professional / Referral Request for Global Risk & Management Trainee (BLR-JOB-012)

Hi Ruhi,

I hope you're having a productive week! I came across your profile and noticed your journey at KPMG in Bengaluru.

I am currently in my final year at Dayananda Sagar University (DSU), completing my BBA in International Business (Class of 2026). My experience includes:
- Lead Coordinator at AERO India 2025 and 300+ on-ground event operations deployments.
- Structured Tier-1 supplier rate cards and enforced strict delivery SLAs.
- AI Data Operations at Instawork and commercial client operations execution.

KPMG is currently hiring for Global Risk & Management Trainee (BLR-JOB-012), and I am ready to submit my application. Would you be open to reviewing my resume and submitting an internal employee referral? I would be glad to share my details and resume link.

Thank you so much for considering!

Best regards,
Aditya Mehra
+91-7003456624 | adityamehra799@gmail.com",READY_FOR_APPROVAL,2026-09-18,,,,NOT_CONTACTED,,,No,No,No,No,
OUT-STRK-204,PER-STK-STRK-204,,BLR-JOB-012,Sanjana Boppana,KPMG,Global Risk & Management Trainee,LinkedIn,Touch 1 InMail,Application: Global Risk & Management Trainee — Aditya Mehra,"Subject: Fellow Bangalore Professional / Referral Request for Global Risk & Management Trainee (BLR-JOB-012)

Hi Sanjana,

I hope you're having a productive week! I came across your profile and noticed your journey at KPMG in Bengaluru.

I am currently in my final year at Dayananda Sagar University (DSU), completing my BBA in International Business (Class of 2026). My experience includes:
- Lead Coordinator at AERO India 2025 and 300+ on-ground event operations deployments.
- Structured Tier-1 supplier rate cards and enforced strict delivery SLAs.
- AI Data Operations at Instawork and commercial client operations execution.

KPMG is currently hiring for Global Risk & Management Trainee (BLR-JOB-012), and I am ready to submit my application. Would you be open to reviewing my resume and submitting an internal employee referral? I would be glad to share my details and resume link.

Thank you so much for considering!

Best regards,
Aditya Mehra
+91-7003456624 | adityamehra799@gmail.com",READY_FOR_APPROVAL,2026-09-18,,,,NOT_CONTACTED,,,No,No,No,No,
OUT-STRK-205,PER-STK-STRK-205,,BLR-JOB-012,Poorvi Chaturvedi,KPMG,Global Risk & Management Trainee,LinkedIn,Touch 1 InMail,Application: Global Risk & Management Trainee — Aditya Mehra,"Subject: Fellow Bangalore Professional / Referral Request for Global Risk & Management Trainee (BLR-JOB-012)

Hi Poorvi,

I hope you're having a productive week! I came across your profile and noticed your journey at KPMG in Bengaluru.

I am currently in my final year at Dayananda Sagar University (DSU), completing my BBA in International Business (Class of 2026). My experience includes:
- Lead Coordinator at AERO India 2025 and 300+ on-ground event operations deployments.
- Structured Tier-1 supplier rate cards and enforced strict delivery SLAs.
- AI Data Operations at Instawork and commercial client operations execution.

KPMG is currently hiring for Global Risk & Management Trainee (BLR-JOB-012), and I am ready to submit my application. Would you be open to reviewing my resume and submitting an internal employee referral? I would be glad to share my details and resume link.

Thank you so much for considering!

Best regards,
Aditya Mehra
+91-7003456624 | adityamehra799@gmail.com",READY_FOR_APPROVAL,2026-09-18,,,,NOT_CONTACTED,,,No,No,No,No,
OUT-STRK-206,PER-STK-STRK-206,,BLR-JOB-013,Sneha Sharma,PricewaterhouseCoopers (PwC),Business Operations Analyst,LinkedIn,Touch 1 InMail,Application: Business Operations Analyst — Aditya Mehra,"Subject: Fellow Bangalore Professional / Referral Request for Business Operations Analyst (BLR-JOB-013)

Hi Sneha,

I hope you're having a productive week! I came across your profile and noticed your journey at PricewaterhouseCoopers (PwC) in Bengaluru.

I am currently in my final year at Dayananda Sagar University (DSU), completing my BBA in International Business (Class of 2026). My experience includes:
- Lead Coordinator at AERO India 2025 and 300+ on-ground event operations deployments.
- Structured Tier-1 supplier rate cards and enforced strict delivery SLAs.
- AI Data Operations at Instawork and commercial client operations execution.

PricewaterhouseCoopers (PwC) is currently hiring for Business Operations Analyst (BLR-JOB-013), and I am ready to submit my application. Would you be open to reviewing my resume and submitting an internal employee referral? I would be glad to share my details and resume link.

Thank you so much for considering!

Best regards,
Aditya Mehra
+91-7003456624 | adityamehra799@gmail.com",READY_FOR_APPROVAL,2026-09-18,,,,NOT_CONTACTED,,,No,No,No,No,
OUT-STRK-207,PER-STK-STRK-207,,BLR-JOB-013,Suvarna Kothari,PricewaterhouseCoopers (PwC),Business Operations Analyst,LinkedIn,Touch 1 InMail,Application: Business Operations Analyst — Aditya Mehra,"Subject: Fellow Bangalore Professional / Referral Request for Business Operations Analyst (BLR-JOB-013)

Hi Suvarna,

I hope you're having a productive week! I came across your profile and noticed your journey at PricewaterhouseCoopers (PwC) in Bengaluru.

I am currently in my final year at Dayananda Sagar University (DSU), completing my BBA in International Business (Class of 2026). My experience includes:
- Lead Coordinator at AERO India 2025 and 300+ on-ground event operations deployments.
- Structured Tier-1 supplier rate cards and enforced strict delivery SLAs.
- AI Data Operations at Instawork and commercial client operations execution.

PricewaterhouseCoopers (PwC) is currently hiring for Business Operations Analyst (BLR-JOB-013), and I am ready to submit my application. Would you be open to reviewing my resume and submitting an internal employee referral? I would be glad to share my details and resume link.

Thank you so much for considering!

Best regards,
Aditya Mehra
+91-7003456624 | adityamehra799@gmail.com",READY_FOR_APPROVAL,2026-09-18,,,,NOT_CONTACTED,,,No,No,No,No,
OUT-STRK-208,PER-STK-STRK-208,,BLR-JOB-013,Bikashita Saikia,PricewaterhouseCoopers (PwC),Business Operations Analyst,LinkedIn,Touch 1 InMail,Application: Business Operations Analyst — Aditya Mehra,"Subject: Fellow Bangalore Professional / Referral Request for Business Operations Analyst (BLR-JOB-013)

Hi Bikashita,

I hope you're having a productive week! I came across your profile and noticed your journey at PricewaterhouseCoopers (PwC) in Bengaluru.

I am currently in my final year at Dayananda Sagar University (DSU), completing my BBA in International Business (Class of 2026). My experience includes:
- Lead Coordinator at AERO India 2025 and 300+ on-ground event operations deployments.
- Structured Tier-1 supplier rate cards and enforced strict delivery SLAs.
- AI Data Operations at Instawork and commercial client operations execution.

PricewaterhouseCoopers (PwC) is currently hiring for Business Operations Analyst (BLR-JOB-013), and I am ready to submit my application. Would you be open to reviewing my resume and submitting an internal employee referral? I would be glad to share my details and resume link.

Thank you so much for considering!

Best regards,
Aditya Mehra
+91-7003456624 | adityamehra799@gmail.com",READY_FOR_APPROVAL,2026-09-18,,,,NOT_CONTACTED,,,No,No,No,No,
OUT-STRK-209,PER-STK-STRK-209,,BLR-JOB-012,Shubhada M R,KPMG,Global Risk & Management Trainee,LinkedIn,Touch 1 InMail,Application: Global Risk & Management Trainee — Aditya Mehra,"Subject: Fellow Bangalore Professional / Referral Request for Global Risk & Management Trainee (BLR-JOB-012)

Hi Shubhada,

I hope you're having a productive week! I came across your profile and noticed your journey at KPMG in Bengaluru.

I am currently in my final year at Dayananda Sagar University (DSU), completing my BBA in International Business (Class of 2026). My experience includes:
- Lead Coordinator at AERO India 2025 and 300+ on-ground event operations deployments.
- Structured Tier-1 supplier rate cards and enforced strict delivery SLAs.
- AI Data Operations at Instawork and commercial client operations execution.

KPMG is currently hiring for Global Risk & Management Trainee (BLR-JOB-012), and I am ready to submit my application. Would you be open to reviewing my resume and submitting an internal employee referral? I would be glad to share my details and resume link.

Thank you so much for considering!

Best regards,
Aditya Mehra
+91-7003456624 | adityamehra799@gmail.com",READY_FOR_APPROVAL,2026-09-18,,,,NOT_CONTACTED,,,No,No,No,No,
OUT-STRK-210,PER-STK-STRK-210,,BLR-JOB-013,Priya Sharma,PricewaterhouseCoopers (PwC),Business Operations Analyst,LinkedIn,Touch 1 InMail,Application: Business Operations Analyst — Aditya Mehra,"Subject: Fellow Bangalore Professional / Referral Request for Business Operations Analyst (BLR-JOB-013)

Hi Priya,

I hope you're having a productive week! I came across your profile and noticed your journey at PricewaterhouseCoopers (PwC) in Bengaluru.

I am currently in my final year at Dayananda Sagar University (DSU), completing my BBA in International Business (Class of 2026). My experience includes:
- Lead Coordinator at AERO India 2025 and 300+ on-ground event operations deployments.
- Structured Tier-1 supplier rate cards and enforced strict delivery SLAs.
- AI Data Operations at Instawork and commercial client operations execution.

PricewaterhouseCoopers (PwC) is currently hiring for Business Operations Analyst (BLR-JOB-013), and I am ready to submit my application. Would you be open to reviewing my resume and submitting an internal employee referral? I would be glad to share my details and resume link.

Thank you so much for considering!

Best regards,
Aditya Mehra
+91-7003456624 | adityamehra799@gmail.com",READY_FOR_APPROVAL,2026-09-18,,,,NOT_CONTACTED,,,No,No,No,No,
OUT-STRK-211,PER-STK-STRK-211,,BLR-JOB-013,Pavithra M,PricewaterhouseCoopers (PwC),Business Operations Analyst,LinkedIn,Touch 1 InMail,Application: Business Operations Analyst — Aditya Mehra,"Subject: Fellow Bangalore Professional / Referral Request for Business Operations Analyst (BLR-JOB-013)

Hi Pavithra,

I hope you're having a productive week! I came across your profile and noticed your journey at PricewaterhouseCoopers (PwC) in Bengaluru.

I am currently in my final year at Dayananda Sagar University (DSU), completing my BBA in International Business (Class of 2026). My experience includes:
- Lead Coordinator at AERO India 2025 and 300+ on-ground event operations deployments.
- Structured Tier-1 supplier rate cards and enforced strict delivery SLAs.
- AI Data Operations at Instawork and commercial client operations execution.

PricewaterhouseCoopers (PwC) is currently hiring for Business Operations Analyst (BLR-JOB-013), and I am ready to submit my application. Would you be open to reviewing my resume and submitting an internal employee referral? I would be glad to share my details and resume link.

Thank you so much for considering!

Best regards,
Aditya Mehra
+91-7003456624 | adityamehra799@gmail.com",READY_FOR_APPROVAL,2026-09-18,,,,NOT_CONTACTED,,,No,No,No,No,
OUT-STRK-212,PER-267,,BLR-JOB-037,Sharon Sundara,Delhivery,Express Freight & Logistics Executive,LinkedIn,Touch 1 InMail,Application: Express Freight & Logistics Executive — Aditya Mehra,"Subject: Fellow Bangalore Professional / Referral Request for Express Freight & Logistics Executive (BLR-JOB-037)

Hi Sharon,

I hope you're having a productive week! I came across your profile and noticed your journey at Delhivery in Bengaluru.

I am currently in my final year at Dayananda Sagar University (DSU), completing my BBA in International Business (Class of 2026). My experience includes:
- Lead Coordinator at AERO India 2025 and 300+ on-ground event operations deployments.
- Structured Tier-1 supplier rate cards and enforced strict delivery SLAs.
- AI Data Operations at Instawork and commercial client operations execution.

Delhivery is currently hiring for Express Freight & Logistics Executive (BLR-JOB-037), and I am ready to submit my application. Would you be open to reviewing my resume and submitting an internal employee referral? I would be glad to share my details and resume link.

Thank you so much for considering!

Best regards,
Aditya Mehra
+91-7003456624 | adityamehra799@gmail.com",READY_FOR_APPROVAL,2026-09-18,,,,NOT_CONTACTED,,,No,No,No,No,
OUT-STRK-213,PER-972,,BLR-JOB-001,Varsha K,Accenture,Global Business Operations & BD Analyst,LinkedIn,Touch 1 InMail,Application: Global Business Operations & BD Analyst — Aditya Mehra,"Subject: Fellow Bangalore Professional / Referral Request for Global Business Operations & BD Analyst (BLR-JOB-001)

Hi Varsha,

I hope you're having a productive week! I came across your profile and noticed your journey at Accenture in Bengaluru.

I am currently in my final year at Dayananda Sagar University (DSU), completing my BBA in International Business (Class of 2026). My experience includes:
- Lead Coordinator at AERO India 2025 and 300+ on-ground event operations deployments.
- Structured Tier-1 supplier rate cards and enforced strict delivery SLAs.
- AI Data Operations at Instawork and commercial client operations execution.

Accenture is currently hiring for Global Business Operations & BD Analyst (BLR-JOB-001), and I am ready to submit my application. Would you be open to reviewing my resume and submitting an internal employee referral? I would be glad to share my details and resume link.

Thank you so much for considering!

Best regards,
Aditya Mehra
+91-7003456624 | adityamehra799@gmail.com",READY_FOR_APPROVAL,2026-09-18,,,,NOT_CONTACTED,,,No,No,No,No,
OUT-STRK-214,PER-STK-STRK-214,,BLR-JOB-001,Shweta Das,Accenture,Global Business Operations & BD Analyst,LinkedIn,Touch 1 InMail,Application: Global Business Operations & BD Analyst — Aditya Mehra,"Subject: Fellow Bangalore Professional / Referral Request for Global Business Operations & BD Analyst (BLR-JOB-001)

Hi Shweta,

I hope you're having a productive week! I came across your profile and noticed your journey at Accenture in Bengaluru.

I am currently in my final year at Dayananda Sagar University (DSU), completing my BBA in International Business (Class of 2026). My experience includes:
- Lead Coordinator at AERO India 2025 and 300+ on-ground event operations deployments.
- Structured Tier-1 supplier rate cards and enforced strict delivery SLAs.
- AI Data Operations at Instawork and commercial client operations execution.

Accenture is currently hiring for Global Business Operations & BD Analyst (BLR-JOB-001), and I am ready to submit my application. Would you be open to reviewing my resume and submitting an internal employee referral? I would be glad to share my details and resume link.

Thank you so much for considering!

Best regards,
Aditya Mehra
+91-7003456624 | adityamehra799@gmail.com",READY_FOR_APPROVAL,2026-09-18,,,,NOT_CONTACTED,,,No,No,No,No,
OUT-STRK-215,PER-2693,,BLR-JOB-001,Rachana R,Accenture,Global Business Operations & BD Analyst,LinkedIn,Touch 1 InMail,Application: Global Business Operations & BD Analyst — Aditya Mehra,"Subject: Fellow Bangalore Professional / Referral Request for Global Business Operations & BD Analyst (BLR-JOB-001)

Hi Rachana,

I hope you're having a productive week! I came across your profile and noticed your journey at Accenture in Bengaluru.

I am currently in my final year at Dayananda Sagar University (DSU), completing my BBA in International Business (Class of 2026). My experience includes:
- Lead Coordinator at AERO India 2025 and 300+ on-ground event operations deployments.
- Structured Tier-1 supplier rate cards and enforced strict delivery SLAs.
- AI Data Operations at Instawork and commercial client operations execution.

Accenture is currently hiring for Global Business Operations & BD Analyst (BLR-JOB-001), and I am ready to submit my application. Would you be open to reviewing my resume and submitting an internal employee referral? I would be glad to share my details and resume link.

Thank you so much for considering!

Best regards,
Aditya Mehra
+91-7003456624 | adityamehra799@gmail.com",READY_FOR_APPROVAL,2026-09-18,,,,NOT_CONTACTED,,,No,No,No,No,
OUT-STRK-216,PER-3203,,BLR-JOB-001,Binita Dhar,Accenture,Global Business Operations & BD Analyst,LinkedIn,Touch 1 InMail,Application: Global Business Operations & BD Analyst — Aditya Mehra,"Subject: Fellow Bangalore Professional / Referral Request for Global Business Operations & BD Analyst (BLR-JOB-001)

Hi Binita,

I hope you're having a productive week! I came across your profile and noticed your journey at Accenture in Bengaluru.

I am currently in my final year at Dayananda Sagar University (DSU), completing my BBA in International Business (Class of 2026). My experience includes:
- Lead Coordinator at AERO India 2025 and 300+ on-ground event operations deployments.
- Structured Tier-1 supplier rate cards and enforced strict delivery SLAs.
- AI Data Operations at Instawork and commercial client operations execution.

Accenture is currently hiring for Global Business Operations & BD Analyst (BLR-JOB-001), and I am ready to submit my application. Would you be open to reviewing my resume and submitting an internal employee referral? I would be glad to share my details and resume link.

Thank you so much for considering!

Best regards,
Aditya Mehra
+91-7003456624 | adityamehra799@gmail.com",READY_FOR_APPROVAL,2026-09-18,,,,NOT_CONTACTED,,,No,No,No,No,
OUT-STRK-217,PER-3416,,BLR-JOB-001,Deepali Bhitale,Accenture,Global Business Operations & BD Analyst,LinkedIn,Touch 1 InMail,Application: Global Business Operations & BD Analyst — Aditya Mehra,"Subject: Fellow Bangalore Professional / Referral Request for Global Business Operations & BD Analyst (BLR-JOB-001)

Hi Deepali,

I hope you're having a productive week! I came across your profile and noticed your journey at Accenture in Bengaluru.

I am currently in my final year at Dayananda Sagar University (DSU), completing my BBA in International Business (Class of 2026). My experience includes:
- Lead Coordinator at AERO India 2025 and 300+ on-ground event operations deployments.
- Structured Tier-1 supplier rate cards and enforced strict delivery SLAs.
- AI Data Operations at Instawork and commercial client operations execution.

Accenture is currently hiring for Global Business Operations & BD Analyst (BLR-JOB-001), and I am ready to submit my application. Would you be open to reviewing my resume and submitting an internal employee referral? I would be glad to share my details and resume link.

Thank you so much for considering!

Best regards,
Aditya Mehra
+91-7003456624 | adityamehra799@gmail.com",READY_FOR_APPROVAL,2026-09-18,,,,NOT_CONTACTED,,,No,No,No,No,
OUT-STRK-218,PER-3977,,BLR-JOB-001,vanya arora,Accenture,Global Business Operations & BD Analyst,LinkedIn,Touch 1 InMail,Application: Global Business Operations & BD Analyst — Aditya Mehra,"Subject: Fellow Bangalore Professional / Referral Request for Global Business Operations & BD Analyst (BLR-JOB-001)

Hi vanya,

I hope you're having a productive week! I came across your profile and noticed your journey at Accenture in Bengaluru.

I am currently in my final year at Dayananda Sagar University (DSU), completing my BBA in International Business (Class of 2026). My experience includes:
- Lead Coordinator at AERO India 2025 and 300+ on-ground event operations deployments.
- Structured Tier-1 supplier rate cards and enforced strict delivery SLAs.
- AI Data Operations at Instawork and commercial client operations execution.

Accenture is currently hiring for Global Business Operations & BD Analyst (BLR-JOB-001), and I am ready to submit my application. Would you be open to reviewing my resume and submitting an internal employee referral? I would be glad to share my details and resume link.

Thank you so much for considering!

Best regards,
Aditya Mehra
+91-7003456624 | adityamehra799@gmail.com",READY_FOR_APPROVAL,2026-09-18,,,,NOT_CONTACTED,,,No,No,No,No,
OUT-STRK-219,PER-STK-STRK-219,,BLR-JOB-001,Kruti Jain,Accenture,Global Business Operations & BD Analyst,LinkedIn,Touch 1 InMail,Application: Global Business Operations & BD Analyst — Aditya Mehra,"Subject: Fellow Bangalore Professional / Referral Request for Global Business Operations & BD Analyst (BLR-JOB-001)

Hi Kruti,

I hope you're having a productive week! I came across your profile and noticed your journey at Accenture in Bengaluru.

I am currently in my final year at Dayananda Sagar University (DSU), completing my BBA in International Business (Class of 2026). My experience includes:
- Lead Coordinator at AERO India 2025 and 300+ on-ground event operations deployments.
- Structured Tier-1 supplier rate cards and enforced strict delivery SLAs.
- AI Data Operations at Instawork and commercial client operations execution.

Accenture is currently hiring for Global Business Operations & BD Analyst (BLR-JOB-001), and I am ready to submit my application. Would you be open to reviewing my resume and submitting an internal employee referral? I would be glad to share my details and resume link.

Thank you so much for considering!

Best regards,
Aditya Mehra
+91-7003456624 | adityamehra799@gmail.com",READY_FOR_APPROVAL,2026-09-18,,,,NOT_CONTACTED,,,No,No,No,No,
OUT-STRK-220,PER-4292,,BLR-JOB-001,Chandana GA,Accenture,Global Business Operations & BD Analyst,LinkedIn,Touch 1 InMail,Application: Global Business Operations & BD Analyst — Aditya Mehra,"Subject: Fellow Bangalore Professional / Referral Request for Global Business Operations & BD Analyst (BLR-JOB-001)

Hi Chandana,

I hope you're having a productive week! I came across your profile and noticed your journey at Accenture in Bengaluru.

I am currently in my final year at Dayananda Sagar University (DSU), completing my BBA in International Business (Class of 2026). My experience includes:
- Lead Coordinator at AERO India 2025 and 300+ on-ground event operations deployments.
- Structured Tier-1 supplier rate cards and enforced strict delivery SLAs.
- AI Data Operations at Instawork and commercial client operations execution.

Accenture is currently hiring for Global Business Operations & BD Analyst (BLR-JOB-001), and I am ready to submit my application. Would you be open to reviewing my resume and submitting an internal employee referral? I would be glad to share my details and resume link.

Thank you so much for considering!

Best regards,
Aditya Mehra
+91-7003456624 | adityamehra799@gmail.com",READY_FOR_APPROVAL,2026-09-18,,,,NOT_CONTACTED,,,No,No,No,No,
OUT-STRK-221,PER-STK-STRK-221,,BLR-JOB-001,Nama Virmani,Accenture,Global Business Operations & BD Analyst,LinkedIn,Touch 1 InMail,Application: Global Business Operations & BD Analyst — Aditya Mehra,"Subject: Fellow Bangalore Professional / Referral Request for Global Business Operations & BD Analyst (BLR-JOB-001)

Hi Nama,

I hope you're having a productive week! I came across your profile and noticed your journey at Accenture in Bengaluru.

I am currently in my final year at Dayananda Sagar University (DSU), completing my BBA in International Business (Class of 2026). My experience includes:
- Lead Coordinator at AERO India 2025 and 300+ on-ground event operations deployments.
- Structured Tier-1 supplier rate cards and enforced strict delivery SLAs.
- AI Data Operations at Instawork and commercial client operations execution.

Accenture is currently hiring for Global Business Operations & BD Analyst (BLR-JOB-001), and I am ready to submit my application. Would you be open to reviewing my resume and submitting an internal employee referral? I would be glad to share my details and resume link.

Thank you so much for considering!

Best regards,
Aditya Mehra
+91-7003456624 | adityamehra799@gmail.com",READY_FOR_APPROVAL,2026-09-18,,,,NOT_CONTACTED,,,No,No,No,No,
OUT-STRK-222,PER-4612,,BLR-JOB-001,Rucha Mahakulkar,Accenture,Global Business Operations & BD Analyst,LinkedIn,Touch 1 InMail,Application: Global Business Operations & BD Analyst — Aditya Mehra,"Subject: Fellow Bangalore Professional / Referral Request for Global Business Operations & BD Analyst (BLR-JOB-001)

Hi Rucha,

I hope you're having a productive week! I came across your profile and noticed your journey at Accenture in Bengaluru.

I am currently in my final year at Dayananda Sagar University (DSU), completing my BBA in International Business (Class of 2026). My experience includes:
- Lead Coordinator at AERO India 2025 and 300+ on-ground event operations deployments.
- Structured Tier-1 supplier rate cards and enforced strict delivery SLAs.
- AI Data Operations at Instawork and commercial client operations execution.

Accenture is currently hiring for Global Business Operations & BD Analyst (BLR-JOB-001), and I am ready to submit my application. Would you be open to reviewing my resume and submitting an internal employee referral? I would be glad to share my details and resume link.

Thank you so much for considering!

Best regards,
Aditya Mehra
+91-7003456624 | adityamehra799@gmail.com",READY_FOR_APPROVAL,2026-09-18,,,,NOT_CONTACTED,,,No,No,No,No,
OUT-STRK-223,PER-STK-STRK-223,,BLR-JOB-001,Shuvannita Dey,Accenture,Global Business Operations & BD Analyst,LinkedIn,Touch 1 InMail,Application: Global Business Operations & BD Analyst — Aditya Mehra,"Subject: Fellow Bangalore Professional / Referral Request for Global Business Operations & BD Analyst (BLR-JOB-001)

Hi Shuvannita,

I hope you're having a productive week! I came across your profile and noticed your journey at Accenture in Bengaluru.

I am currently in my final year at Dayananda Sagar University (DSU), completing my BBA in International Business (Class of 2026). My experience includes:
- Lead Coordinator at AERO India 2025 and 300+ on-ground event operations deployments.
- Structured Tier-1 supplier rate cards and enforced strict delivery SLAs.
- AI Data Operations at Instawork and commercial client operations execution.

Accenture is currently hiring for Global Business Operations & BD Analyst (BLR-JOB-001), and I am ready to submit my application. Would you be open to reviewing my resume and submitting an internal employee referral? I would be glad to share my details and resume link.

Thank you so much for considering!

Best regards,
Aditya Mehra
+91-7003456624 | adityamehra799@gmail.com",READY_FOR_APPROVAL,2026-09-18,,,,NOT_CONTACTED,,,No,No,No,No,
OUT-STRK-224,PER-4659,,BLR-JOB-001,Akshitha Murali,Accenture,Global Business Operations & BD Analyst,LinkedIn,Touch 1 InMail,Application: Global Business Operations & BD Analyst — Aditya Mehra,"Subject: Fellow Bangalore Professional / Referral Request for Global Business Operations & BD Analyst (BLR-JOB-001)

Hi Akshitha,

I hope you're having a productive week! I came across your profile and noticed your journey at Accenture in Bengaluru.

I am currently in my final year at Dayananda Sagar University (DSU), completing my BBA in International Business (Class of 2026). My experience includes:
- Lead Coordinator at AERO India 2025 and 300+ on-ground event operations deployments.
- Structured Tier-1 supplier rate cards and enforced strict delivery SLAs.
- AI Data Operations at Instawork and commercial client operations execution.

Accenture is currently hiring for Global Business Operations & BD Analyst (BLR-JOB-001), and I am ready to submit my application. Would you be open to reviewing my resume and submitting an internal employee referral? I would be glad to share my details and resume link.

Thank you so much for considering!

Best regards,
Aditya Mehra
+91-7003456624 | adityamehra799@gmail.com",READY_FOR_APPROVAL,2026-09-18,,,,NOT_CONTACTED,,,No,No,No,No,
OUT-STRK-225,PER-4745,,BLR-JOB-001,Akshita .,Accenture,Global Business Operations & BD Analyst,LinkedIn,Touch 1 InMail,Application: Global Business Operations & BD Analyst — Aditya Mehra,"Subject: Fellow Bangalore Professional / Referral Request for Global Business Operations & BD Analyst (BLR-JOB-001)

Hi Akshita,

I hope you're having a productive week! I came across your profile and noticed your journey at Accenture in Bengaluru.

I am currently in my final year at Dayananda Sagar University (DSU), completing my BBA in International Business (Class of 2026). My experience includes:
- Lead Coordinator at AERO India 2025 and 300+ on-ground event operations deployments.
- Structured Tier-1 supplier rate cards and enforced strict delivery SLAs.
- AI Data Operations at Instawork and commercial client operations execution.

Accenture is currently hiring for Global Business Operations & BD Analyst (BLR-JOB-001), and I am ready to submit my application. Would you be open to reviewing my resume and submitting an internal employee referral? I would be glad to share my details and resume link.

Thank you so much for considering!

Best regards,
Aditya Mehra
+91-7003456624 | adityamehra799@gmail.com",READY_FOR_APPROVAL,2026-09-18,,,,NOT_CONTACTED,,,No,No,No,No,
OUT-STRK-226,PER-STK-STRK-226,,BLR-JOB-001,Nishtha Gupta,Accenture,Global Business Operations & BD Analyst,LinkedIn,Touch 1 InMail,Application: Global Business Operations & BD Analyst — Aditya Mehra,"Subject: Fellow Bangalore Professional / Referral Request for Global Business Operations & BD Analyst (BLR-JOB-001)

Hi Nishtha,

I hope you're having a productive week! I came across your profile and noticed your journey at Accenture in Bengaluru.

I am currently in my final year at Dayananda Sagar University (DSU), completing my BBA in International Business (Class of 2026). My experience includes:
- Lead Coordinator at AERO India 2025 and 300+ on-ground event operations deployments.
- Structured Tier-1 supplier rate cards and enforced strict delivery SLAs.
- AI Data Operations at Instawork and commercial client operations execution.

Accenture is currently hiring for Global Business Operations & BD Analyst (BLR-JOB-001), and I am ready to submit my application. Would you be open to reviewing my resume and submitting an internal employee referral? I would be glad to share my details and resume link.

Thank you so much for considering!

Best regards,
Aditya Mehra
+91-7003456624 | adityamehra799@gmail.com",READY_FOR_APPROVAL,2026-09-18,,,,NOT_CONTACTED,,,No,No,No,No,
OUT-STRK-227,PER-4920,,BLR-JOB-001,Maahi Shrivastava,Accenture,Global Business Operations & BD Analyst,LinkedIn,Touch 1 InMail,Application: Global Business Operations & BD Analyst — Aditya Mehra,"Subject: Fellow Bangalore Professional / Referral Request for Global Business Operations & BD Analyst (BLR-JOB-001)

Hi Maahi,

I hope you're having a productive week! I came across your profile and noticed your journey at Accenture in Bengaluru.

I am currently in my final year at Dayananda Sagar University (DSU), completing my BBA in International Business (Class of 2026). My experience includes:
- Lead Coordinator at AERO India 2025 and 300+ on-ground event operations deployments.
- Structured Tier-1 supplier rate cards and enforced strict delivery SLAs.
- AI Data Operations at Instawork and commercial client operations execution.

Accenture is currently hiring for Global Business Operations & BD Analyst (BLR-JOB-001), and I am ready to submit my application. Would you be open to reviewing my resume and submitting an internal employee referral? I would be glad to share my details and resume link.

Thank you so much for considering!

Best regards,
Aditya Mehra
+91-7003456624 | adityamehra799@gmail.com",READY_FOR_APPROVAL,2026-09-18,,,,NOT_CONTACTED,,,No,No,No,No,
OUT-STRK-228,PER-6478,,BLR-JOB-001,Vyshali R,Accenture,Global Business Operations & BD Analyst,LinkedIn,Touch 1 InMail,Application: Global Business Operations & BD Analyst — Aditya Mehra,"Subject: Fellow Bangalore Professional / Referral Request for Global Business Operations & BD Analyst (BLR-JOB-001)

Hi Vyshali,

I hope you're having a productive week! I came across your profile and noticed your journey at Accenture in Bengaluru.

I am currently in my final year at Dayananda Sagar University (DSU), completing my BBA in International Business (Class of 2026). My experience includes:
- Lead Coordinator at AERO India 2025 and 300+ on-ground event operations deployments.
- Structured Tier-1 supplier rate cards and enforced strict delivery SLAs.
- AI Data Operations at Instawork and commercial client operations execution.

Accenture is currently hiring for Global Business Operations & BD Analyst (BLR-JOB-001), and I am ready to submit my application. Would you be open to reviewing my resume and submitting an internal employee referral? I would be glad to share my details and resume link.

Thank you so much for considering!

Best regards,
Aditya Mehra
+91-7003456624 | adityamehra799@gmail.com",READY_FOR_APPROVAL,2026-09-18,,,,NOT_CONTACTED,,,No,No,No,No,
OUT-STRK-229,PER-6591,,BLR-JOB-001,Ankita Gangopadhyay,Accenture,Global Business Operations & BD Analyst,LinkedIn,Touch 1 InMail,Application: Global Business Operations & BD Analyst — Aditya Mehra,"Subject: Fellow Bangalore Professional / Referral Request for Global Business Operations & BD Analyst (BLR-JOB-001)

Hi Ankita,

I hope you're having a productive week! I came across your profile and noticed your journey at Accenture in Bengaluru.

I am currently in my final year at Dayananda Sagar University (DSU), completing my BBA in International Business (Class of 2026). My experience includes:
- Lead Coordinator at AERO India 2025 and 300+ on-ground event operations deployments.
- Structured Tier-1 supplier rate cards and enforced strict delivery SLAs.
- AI Data Operations at Instawork and commercial client operations execution.

Accenture is currently hiring for Global Business Operations & BD Analyst (BLR-JOB-001), and I am ready to submit my application. Would you be open to reviewing my resume and submitting an internal employee referral? I would be glad to share my details and resume link.

Thank you so much for considering!

Best regards,
Aditya Mehra
+91-7003456624 | adityamehra799@gmail.com",READY_FOR_APPROVAL,2026-09-18,,,,NOT_CONTACTED,,,No,No,No,No,
OUT-STRK-230,PER-6883,,BLR-JOB-001,Agni Shikha,Accenture,Global Business Operations & BD Analyst,LinkedIn,Touch 1 InMail,Application: Global Business Operations & BD Analyst — Aditya Mehra,"Subject: Fellow Bangalore Professional / Referral Request for Global Business Operations & BD Analyst (BLR-JOB-001)

Hi Agni,

I hope you're having a productive week! I came across your profile and noticed your journey at Accenture in Bengaluru.

I am currently in my final year at Dayananda Sagar University (DSU), completing my BBA in International Business (Class of 2026). My experience includes:
- Lead Coordinator at AERO India 2025 and 300+ on-ground event operations deployments.
- Structured Tier-1 supplier rate cards and enforced strict delivery SLAs.
- AI Data Operations at Instawork and commercial client operations execution.

Accenture is currently hiring for Global Business Operations & BD Analyst (BLR-JOB-001), and I am ready to submit my application. Would you be open to reviewing my resume and submitting an internal employee referral? I would be glad to share my details and resume link.

Thank you so much for considering!

Best regards,
Aditya Mehra
+91-7003456624 | adityamehra799@gmail.com",READY_FOR_APPROVAL,2026-09-18,,,,NOT_CONTACTED,,,No,No,No,No,
OUT-STRK-231,PER-7066,,BLR-JOB-001,Komal Tiwari,Accenture,Global Business Operations & BD Analyst,LinkedIn,Touch 1 InMail,Application: Global Business Operations & BD Analyst — Aditya Mehra,"Subject: Fellow Bangalore Professional / Referral Request for Global Business Operations & BD Analyst (BLR-JOB-001)

Hi Komal,

I hope you're having a productive week! I came across your profile and noticed your journey at Accenture in Bengaluru.

I am currently in my final year at Dayananda Sagar University (DSU), completing my BBA in International Business (Class of 2026). My experience includes:
- Lead Coordinator at AERO India 2025 and 300+ on-ground event operations deployments.
- Structured Tier-1 supplier rate cards and enforced strict delivery SLAs.
- AI Data Operations at Instawork and commercial client operations execution.

Accenture is currently hiring for Global Business Operations & BD Analyst (BLR-JOB-001), and I am ready to submit my application. Would you be open to reviewing my resume and submitting an internal employee referral? I would be glad to share my details and resume link.

Thank you so much for considering!

Best regards,
Aditya Mehra
+91-7003456624 | adityamehra799@gmail.com",READY_FOR_APPROVAL,2026-09-18,,,,NOT_CONTACTED,,,No,No,No,No,
OUT-STRK-232,PER-STK-STRK-232,,BLR-JOB-001,Manisha Raman,Accenture,Global Business Operations & BD Analyst,LinkedIn,Touch 1 InMail,Application: Global Business Operations & BD Analyst — Aditya Mehra,"Subject: Fellow Bangalore Professional / Referral Request for Global Business Operations & BD Analyst (BLR-JOB-001)

Hi Manisha,

I hope you're having a productive week! I came across your profile and noticed your journey at Accenture in Bengaluru.

I am currently in my final year at Dayananda Sagar University (DSU), completing my BBA in International Business (Class of 2026). My experience includes:
- Lead Coordinator at AERO India 2025 and 300+ on-ground event operations deployments.
- Structured Tier-1 supplier rate cards and enforced strict delivery SLAs.
- AI Data Operations at Instawork and commercial client operations execution.

Accenture is currently hiring for Global Business Operations & BD Analyst (BLR-JOB-001), and I am ready to submit my application. Would you be open to reviewing my resume and submitting an internal employee referral? I would be glad to share my details and resume link.

Thank you so much for considering!

Best regards,
Aditya Mehra
+91-7003456624 | adityamehra799@gmail.com",READY_FOR_APPROVAL,2026-09-18,,,,NOT_CONTACTED,,,No,No,No,No,
OUT-STRK-233,PER-STK-STRK-233,,BLR-JOB-001,Arushi Pandirkar,Accenture,Global Business Operations & BD Analyst,LinkedIn,Touch 1 InMail,Application: Global Business Operations & BD Analyst — Aditya Mehra,"Subject: Fellow Bangalore Professional / Referral Request for Global Business Operations & BD Analyst (BLR-JOB-001)

Hi Arushi,

I hope you're having a productive week! I came across your profile and noticed your journey at Accenture in Bengaluru.

I am currently in my final year at Dayananda Sagar University (DSU), completing my BBA in International Business (Class of 2026). My experience includes:
- Lead Coordinator at AERO India 2025 and 300+ on-ground event operations deployments.
- Structured Tier-1 supplier rate cards and enforced strict delivery SLAs.
- AI Data Operations at Instawork and commercial client operations execution.

Accenture is currently hiring for Global Business Operations & BD Analyst (BLR-JOB-001), and I am ready to submit my application. Would you be open to reviewing my resume and submitting an internal employee referral? I would be glad to share my details and resume link.

Thank you so much for considering!

Best regards,
Aditya Mehra
+91-7003456624 | adityamehra799@gmail.com",READY_FOR_APPROVAL,2026-09-18,,,,NOT_CONTACTED,,,No,No,No,No,
OUT-STRK-234,PER-STK-STRK-234,,BLR-JOB-001,Ahisha Priyadarshini,Accenture,Global Business Operations & BD Analyst,LinkedIn,Touch 1 InMail,Application: Global Business Operations & BD Analyst — Aditya Mehra,"Subject: Fellow Bangalore Professional / Referral Request for Global Business Operations & BD Analyst (BLR-JOB-001)

Hi Ahisha,

I hope you're having a productive week! I came across your profile and noticed your journey at Accenture in Bengaluru.

I am currently in my final year at Dayananda Sagar University (DSU), completing my BBA in International Business (Class of 2026). My experience includes:
- Lead Coordinator at AERO India 2025 and 300+ on-ground event operations deployments.
- Structured Tier-1 supplier rate cards and enforced strict delivery SLAs.
- AI Data Operations at Instawork and commercial client operations execution.

Accenture is currently hiring for Global Business Operations & BD Analyst (BLR-JOB-001), and I am ready to submit my application. Would you be open to reviewing my resume and submitting an internal employee referral? I would be glad to share my details and resume link.

Thank you so much for considering!

Best regards,
Aditya Mehra
+91-7003456624 | adityamehra799@gmail.com",READY_FOR_APPROVAL,2026-09-18,,,,NOT_CONTACTED,,,No,No,No,No,
OUT-STRK-235,PER-8236,,BLR-JOB-001,Akshara Baburaj,Accenture,Global Business Operations & BD Analyst,LinkedIn,Touch 1 InMail,Application: Global Business Operations & BD Analyst — Aditya Mehra,"Subject: Fellow Bangalore Professional / Referral Request for Global Business Operations & BD Analyst (BLR-JOB-001)

Hi Akshara,

I hope you're having a productive week! I came across your profile and noticed your journey at Accenture in Bengaluru.

I am currently in my final year at Dayananda Sagar University (DSU), completing my BBA in International Business (Class of 2026). My experience includes:
- Lead Coordinator at AERO India 2025 and 300+ on-ground event operations deployments.
- Structured Tier-1 supplier rate cards and enforced strict delivery SLAs.
- AI Data Operations at Instawork and commercial client operations execution.

Accenture is currently hiring for Global Business Operations & BD Analyst (BLR-JOB-001), and I am ready to submit my application. Would you be open to reviewing my resume and submitting an internal employee referral? I would be glad to share my details and resume link.

Thank you so much for considering!

Best regards,
Aditya Mehra
+91-7003456624 | adityamehra799@gmail.com",READY_FOR_APPROVAL,2026-09-18,,,,NOT_CONTACTED,,,No,No,No,No,
OUT-STRK-236,PER-STK-STRK-236,,BLR-JOB-001,Heera N,Accenture,Global Business Operations & BD Analyst,LinkedIn,Touch 1 InMail,Application: Global Business Operations & BD Analyst — Aditya Mehra,"Subject: Fellow Bangalore Professional / Referral Request for Global Business Operations & BD Analyst (BLR-JOB-001)

Hi Heera,

I hope you're having a productive week! I came across your profile and noticed your journey at Accenture in Bengaluru.

I am currently in my final year at Dayananda Sagar University (DSU), completing my BBA in International Business (Class of 2026). My experience includes:
- Lead Coordinator at AERO India 2025 and 300+ on-ground event operations deployments.
- Structured Tier-1 supplier rate cards and enforced strict delivery SLAs.
- AI Data Operations at Instawork and commercial client operations execution.

Accenture is currently hiring for Global Business Operations & BD Analyst (BLR-JOB-001), and I am ready to submit my application. Would you be open to reviewing my resume and submitting an internal employee referral? I would be glad to share my details and resume link.

Thank you so much for considering!

Best regards,
Aditya Mehra
+91-7003456624 | adityamehra799@gmail.com",READY_FOR_APPROVAL,2026-09-18,,,,NOT_CONTACTED,,,No,No,No,No,
OUT-STRK-237,PER-8848,,BLR-JOB-001,Sai Sowmya Aasi,Accenture,Global Business Operations & BD Analyst,LinkedIn,Touch 1 InMail,Application: Global Business Operations & BD Analyst — Aditya Mehra,"Subject: Fellow Bangalore Professional / Referral Request for Global Business Operations & BD Analyst (BLR-JOB-001)

Hi Sai,

I hope you're having a productive week! I came across your profile and noticed your journey at Accenture in Bengaluru.

I am currently in my final year at Dayananda Sagar University (DSU), completing my BBA in International Business (Class of 2026). My experience includes:
- Lead Coordinator at AERO India 2025 and 300+ on-ground event operations deployments.
- Structured Tier-1 supplier rate cards and enforced strict delivery SLAs.
- AI Data Operations at Instawork and commercial client operations execution.

Accenture is currently hiring for Global Business Operations & BD Analyst (BLR-JOB-001), and I am ready to submit my application. Would you be open to reviewing my resume and submitting an internal employee referral? I would be glad to share my details and resume link.

Thank you so much for considering!

Best regards,
Aditya Mehra
+91-7003456624 | adityamehra799@gmail.com",READY_FOR_APPROVAL,2026-09-18,,,,NOT_CONTACTED,,,No,No,No,No,
OUT-STRK-238,PER-STK-STRK-238,,BLR-JOB-001,NIVEDITHA VK,Accenture,Global Business Operations & BD Analyst,LinkedIn,Touch 1 InMail,Application: Global Business Operations & BD Analyst — Aditya Mehra,"Subject: Fellow Bangalore Professional / Referral Request for Global Business Operations & BD Analyst (BLR-JOB-001)

Hi NIVEDITHA,

I hope you're having a productive week! I came across your profile and noticed your journey at Accenture in Bengaluru.

I am currently in my final year at Dayananda Sagar University (DSU), completing my BBA in International Business (Class of 2026). My experience includes:
- Lead Coordinator at AERO India 2025 and 300+ on-ground event operations deployments.
- Structured Tier-1 supplier rate cards and enforced strict delivery SLAs.
- AI Data Operations at Instawork and commercial client operations execution.

Accenture is currently hiring for Global Business Operations & BD Analyst (BLR-JOB-001), and I am ready to submit my application. Would you be open to reviewing my resume and submitting an internal employee referral? I would be glad to share my details and resume link.

Thank you so much for considering!

Best regards,
Aditya Mehra
+91-7003456624 | adityamehra799@gmail.com",READY_FOR_APPROVAL,2026-09-18,,,,NOT_CONTACTED,,,No,No,No,No,
OUT-STRK-239,PER-1493,,BLR-JOB-002,Shayana Mohapatra,Deloitte,Risk & Business Operations Advisory Analyst,LinkedIn,Touch 1 InMail,Application: Risk & Business Operations Advisory Analyst — Aditya Mehra,"Subject: Fellow Bangalore Professional / Referral Request for Risk & Business Operations Advisory Analyst (BLR-JOB-002)

Hi Shayana,

I hope you're having a productive week! I came across your profile and noticed your journey at Deloitte in Bengaluru.

I am currently in my final year at Dayananda Sagar University (DSU), completing my BBA in International Business (Class of 2026). My experience includes:
- Lead Coordinator at AERO India 2025 and 300+ on-ground event operations deployments.
- Structured Tier-1 supplier rate cards and enforced strict delivery SLAs.
- AI Data Operations at Instawork and commercial client operations execution.

Deloitte is currently hiring for Risk & Business Operations Advisory Analyst (BLR-JOB-002), and I am ready to submit my application. Would you be open to reviewing my resume and submitting an internal employee referral? I would be glad to share my details and resume link.

Thank you so much for considering!

Best regards,
Aditya Mehra
+91-7003456624 | adityamehra799@gmail.com",READY_FOR_APPROVAL,2026-09-18,,,,NOT_CONTACTED,,,No,No,No,No,
OUT-STRK-240,PER-2117,,BLR-JOB-002,Debanjali Mozumder,Deloitte,Risk & Business Operations Advisory Analyst,LinkedIn,Touch 1 InMail,Application: Risk & Business Operations Advisory Analyst — Aditya Mehra,"Subject: Fellow Bangalore Professional / Referral Request for Risk & Business Operations Advisory Analyst (BLR-JOB-002)

Hi Debanjali,

I hope you're having a productive week! I came across your profile and noticed your journey at Deloitte in Bengaluru.

I am currently in my final year at Dayananda Sagar University (DSU), completing my BBA in International Business (Class of 2026). My experience includes:
- Lead Coordinator at AERO India 2025 and 300+ on-ground event operations deployments.
- Structured Tier-1 supplier rate cards and enforced strict delivery SLAs.
- AI Data Operations at Instawork and commercial client operations execution.

Deloitte is currently hiring for Risk & Business Operations Advisory Analyst (BLR-JOB-002), and I am ready to submit my application. Would you be open to reviewing my resume and submitting an internal employee referral? I would be glad to share my details and resume link.

Thank you so much for considering!

Best regards,
Aditya Mehra
+91-7003456624 | adityamehra799@gmail.com",READY_FOR_APPROVAL,2026-09-18,,,,NOT_CONTACTED,,,No,No,No,No,
OUT-STRK-241,PER-STK-STRK-241,,BLR-JOB-002,Dr. Richa Verma,Deloitte,Risk & Business Operations Advisory Analyst,LinkedIn,Touch 1 InMail,Application: Risk & Business Operations Advisory Analyst — Aditya Mehra,"Subject: Fellow Bangalore Professional / Referral Request for Risk & Business Operations Advisory Analyst (BLR-JOB-002)

Hi Dr.,

I hope you're having a productive week! I came across your profile and noticed your journey at Deloitte in Bengaluru.

I am currently in my final year at Dayananda Sagar University (DSU), completing my BBA in International Business (Class of 2026). My experience includes:
- Lead Coordinator at AERO India 2025 and 300+ on-ground event operations deployments.
- Structured Tier-1 supplier rate cards and enforced strict delivery SLAs.
- AI Data Operations at Instawork and commercial client operations execution.

Deloitte is currently hiring for Risk & Business Operations Advisory Analyst (BLR-JOB-002), and I am ready to submit my application. Would you be open to reviewing my resume and submitting an internal employee referral? I would be glad to share my details and resume link.

Thank you so much for considering!

Best regards,
Aditya Mehra
+91-7003456624 | adityamehra799@gmail.com",READY_FOR_APPROVAL,2026-09-18,,,,NOT_CONTACTED,,,No,No,No,No,
OUT-STRK-242,PER-3365,,BLR-JOB-002,Saswati Sahoo,Deloitte,Risk & Business Operations Advisory Analyst,LinkedIn,Touch 1 InMail,Application: Risk & Business Operations Advisory Analyst — Aditya Mehra,"Subject: Fellow Bangalore Professional / Referral Request for Risk & Business Operations Advisory Analyst (BLR-JOB-002)

Hi Saswati,

I hope you're having a productive week! I came across your profile and noticed your journey at Deloitte in Bengaluru.

I am currently in my final year at Dayananda Sagar University (DSU), completing my BBA in International Business (Class of 2026). My experience includes:
- Lead Coordinator at AERO India 2025 and 300+ on-ground event operations deployments.
- Structured Tier-1 supplier rate cards and enforced strict delivery SLAs.
- AI Data Operations at Instawork and commercial client operations execution.

Deloitte is currently hiring for Risk & Business Operations Advisory Analyst (BLR-JOB-002), and I am ready to submit my application. Would you be open to reviewing my resume and submitting an internal employee referral? I would be glad to share my details and resume link.

Thank you so much for considering!

Best regards,
Aditya Mehra
+91-7003456624 | adityamehra799@gmail.com",READY_FOR_APPROVAL,2026-09-18,,,,NOT_CONTACTED,,,No,No,No,No,
OUT-STRK-243,PER-3639,,BLR-JOB-002,Deepa Sai,Deloitte,Risk & Business Operations Advisory Analyst,LinkedIn,Touch 1 InMail,Application: Risk & Business Operations Advisory Analyst — Aditya Mehra,"Subject: Fellow Bangalore Professional / Referral Request for Risk & Business Operations Advisory Analyst (BLR-JOB-002)

Hi Deepa,

I hope you're having a productive week! I came across your profile and noticed your journey at Deloitte in Bengaluru.

I am currently in my final year at Dayananda Sagar University (DSU), completing my BBA in International Business (Class of 2026). My experience includes:
- Lead Coordinator at AERO India 2025 and 300+ on-ground event operations deployments.
- Structured Tier-1 supplier rate cards and enforced strict delivery SLAs.
- AI Data Operations at Instawork and commercial client operations execution.

Deloitte is currently hiring for Risk & Business Operations Advisory Analyst (BLR-JOB-002), and I am ready to submit my application. Would you be open to reviewing my resume and submitting an internal employee referral? I would be glad to share my details and resume link.

Thank you so much for considering!

Best regards,
Aditya Mehra
+91-7003456624 | adityamehra799@gmail.com",READY_FOR_APPROVAL,2026-09-18,,,,NOT_CONTACTED,,,No,No,No,No,
OUT-STRK-244,PER-3670,,BLR-JOB-002,Ankita Dutta,Deloitte,Risk & Business Operations Advisory Analyst,LinkedIn,Touch 1 InMail,Application: Risk & Business Operations Advisory Analyst — Aditya Mehra,"Subject: Fellow Bangalore Professional / Referral Request for Risk & Business Operations Advisory Analyst (BLR-JOB-002)

Hi Ankita,

I hope you're having a productive week! I came across your profile and noticed your journey at Deloitte in Bengaluru.

I am currently in my final year at Dayananda Sagar University (DSU), completing my BBA in International Business (Class of 2026). My experience includes:
- Lead Coordinator at AERO India 2025 and 300+ on-ground event operations deployments.
- Structured Tier-1 supplier rate cards and enforced strict delivery SLAs.
- AI Data Operations at Instawork and commercial client operations execution.

Deloitte is currently hiring for Risk & Business Operations Advisory Analyst (BLR-JOB-002), and I am ready to submit my application. Would you be open to reviewing my resume and submitting an internal employee referral? I would be glad to share my details and resume link.

Thank you so much for considering!

Best regards,
Aditya Mehra
+91-7003456624 | adityamehra799@gmail.com",READY_FOR_APPROVAL,2026-09-18,,,,NOT_CONTACTED,,,No,No,No,No,
OUT-STRK-245,PER-3693,,BLR-JOB-002,Amogha Raghuram,Deloitte,Risk & Business Operations Advisory Analyst,LinkedIn,Touch 1 InMail,Application: Risk & Business Operations Advisory Analyst — Aditya Mehra,"Subject: Fellow Bangalore Professional / Referral Request for Risk & Business Operations Advisory Analyst (BLR-JOB-002)

Hi Amogha,

I hope you're having a productive week! I came across your profile and noticed your journey at Deloitte in Bengaluru.

I am currently in my final year at Dayananda Sagar University (DSU), completing my BBA in International Business (Class of 2026). My experience includes:
- Lead Coordinator at AERO India 2025 and 300+ on-ground event operations deployments.
- Structured Tier-1 supplier rate cards and enforced strict delivery SLAs.
- AI Data Operations at Instawork and commercial client operations execution.

Deloitte is currently hiring for Risk & Business Operations Advisory Analyst (BLR-JOB-002), and I am ready to submit my application. Would you be open to reviewing my resume and submitting an internal employee referral? I would be glad to share my details and resume link.

Thank you so much for considering!

Best regards,
Aditya Mehra
+91-7003456624 | adityamehra799@gmail.com",READY_FOR_APPROVAL,2026-09-18,,,,NOT_CONTACTED,,,No,No,No,No,
OUT-STRK-246,PER-4211,,BLR-JOB-002,Shreya Raj,Deloitte,Risk & Business Operations Advisory Analyst,LinkedIn,Touch 1 InMail,Application: Risk & Business Operations Advisory Analyst — Aditya Mehra,"Subject: Fellow Bangalore Professional / Referral Request for Risk & Business Operations Advisory Analyst (BLR-JOB-002)

Hi Shreya,

I hope you're having a productive week! I came across your profile and noticed your journey at Deloitte in Bengaluru.

I am currently in my final year at Dayananda Sagar University (DSU), completing my BBA in International Business (Class of 2026). My experience includes:
- Lead Coordinator at AERO India 2025 and 300+ on-ground event operations deployments.
- Structured Tier-1 supplier rate cards and enforced strict delivery SLAs.
- AI Data Operations at Instawork and commercial client operations execution.

Deloitte is currently hiring for Risk & Business Operations Advisory Analyst (BLR-JOB-002), and I am ready to submit my application. Would you be open to reviewing my resume and submitting an internal employee referral? I would be glad to share my details and resume link.

Thank you so much for considering!

Best regards,
Aditya Mehra
+91-7003456624 | adityamehra799@gmail.com",READY_FOR_APPROVAL,2026-09-18,,,,NOT_CONTACTED,,,No,No,No,No,
OUT-STRK-247,PER-4656,,BLR-JOB-002,Poulomi Gupta,Deloitte,Risk & Business Operations Advisory Analyst,LinkedIn,Touch 1 InMail,Application: Risk & Business Operations Advisory Analyst — Aditya Mehra,"Subject: Fellow Bangalore Professional / Referral Request for Risk & Business Operations Advisory Analyst (BLR-JOB-002)

Hi Poulomi,

I hope you're having a productive week! I came across your profile and noticed your journey at Deloitte in Bengaluru.

I am currently in my final year at Dayananda Sagar University (DSU), completing my BBA in International Business (Class of 2026). My experience includes:
- Lead Coordinator at AERO India 2025 and 300+ on-ground event operations deployments.
- Structured Tier-1 supplier rate cards and enforced strict delivery SLAs.
- AI Data Operations at Instawork and commercial client operations execution.

Deloitte is currently hiring for Risk & Business Operations Advisory Analyst (BLR-JOB-002), and I am ready to submit my application. Would you be open to reviewing my resume and submitting an internal employee referral? I would be glad to share my details and resume link.

Thank you so much for considering!

Best regards,
Aditya Mehra
+91-7003456624 | adityamehra799@gmail.com",READY_FOR_APPROVAL,2026-09-18,,,,NOT_CONTACTED,,,No,No,No,No,
OUT-STRK-248,PER-4667,,BLR-JOB-002,Pragya R,Deloitte,Risk & Business Operations Advisory Analyst,LinkedIn,Touch 1 InMail,Application: Risk & Business Operations Advisory Analyst — Aditya Mehra,"Subject: Fellow Bangalore Professional / Referral Request for Risk & Business Operations Advisory Analyst (BLR-JOB-002)

Hi Pragya,

I hope you're having a productive week! I came across your profile and noticed your journey at Deloitte in Bengaluru.

I am currently in my final year at Dayananda Sagar University (DSU), completing my BBA in International Business (Class of 2026). My experience includes:
- Lead Coordinator at AERO India 2025 and 300+ on-ground event operations deployments.
- Structured Tier-1 supplier rate cards and enforced strict delivery SLAs.
- AI Data Operations at Instawork and commercial client operations execution.

Deloitte is currently hiring for Risk & Business Operations Advisory Analyst (BLR-JOB-002), and I am ready to submit my application. Would you be open to reviewing my resume and submitting an internal employee referral? I would be glad to share my details and resume link.

Thank you so much for considering!

Best regards,
Aditya Mehra
+91-7003456624 | adityamehra799@gmail.com",READY_FOR_APPROVAL,2026-09-18,,,,NOT_CONTACTED,,,No,No,No,No,
OUT-STRK-249,PER-5097,,BLR-JOB-002,Manya .,Deloitte,Risk & Business Operations Advisory Analyst,LinkedIn,Touch 1 InMail,Application: Risk & Business Operations Advisory Analyst — Aditya Mehra,"Subject: Fellow Bangalore Professional / Referral Request for Risk & Business Operations Advisory Analyst (BLR-JOB-002)

Hi Manya,

I hope you're having a productive week! I came across your profile and noticed your journey at Deloitte in Bengaluru.

I am currently in my final year at Dayananda Sagar University (DSU), completing my BBA in International Business (Class of 2026). My experience includes:
- Lead Coordinator at AERO India 2025 and 300+ on-ground event operations deployments.
- Structured Tier-1 supplier rate cards and enforced strict delivery SLAs.
- AI Data Operations at Instawork and commercial client operations execution.

Deloitte is currently hiring for Risk & Business Operations Advisory Analyst (BLR-JOB-002), and I am ready to submit my application. Would you be open to reviewing my resume and submitting an internal employee referral? I would be glad to share my details and resume link.

Thank you so much for considering!

Best regards,
Aditya Mehra
+91-7003456624 | adityamehra799@gmail.com",READY_FOR_APPROVAL,2026-09-18,,,,NOT_CONTACTED,,,No,No,No,No,
OUT-STRK-250,PER-5826,,BLR-JOB-002,Ananya Prakash,Deloitte,Risk & Business Operations Advisory Analyst,LinkedIn,Touch 1 InMail,Application: Risk & Business Operations Advisory Analyst — Aditya Mehra,"Subject: Fellow Bangalore Professional / Referral Request for Risk & Business Operations Advisory Analyst (BLR-JOB-002)

Hi Ananya,

I hope you're having a productive week! I came across your profile and noticed your journey at Deloitte in Bengaluru.

I am currently in my final year at Dayananda Sagar University (DSU), completing my BBA in International Business (Class of 2026). My experience includes:
- Lead Coordinator at AERO India 2025 and 300+ on-ground event operations deployments.
- Structured Tier-1 supplier rate cards and enforced strict delivery SLAs.
- AI Data Operations at Instawork and commercial client operations execution.

Deloitte is currently hiring for Risk & Business Operations Advisory Analyst (BLR-JOB-002), and I am ready to submit my application. Would you be open to reviewing my resume and submitting an internal employee referral? I would be glad to share my details and resume link.

Thank you so much for considering!

Best regards,
Aditya Mehra
+91-7003456624 | adityamehra799@gmail.com",READY_FOR_APPROVAL,2026-09-18,,,,NOT_CONTACTED,,,No,No,No,No,
OUT-STRK-251,PER-6314,,BLR-JOB-002,Arushi Handa,Deloitte,Risk & Business Operations Advisory Analyst,LinkedIn,Touch 1 InMail,Application: Risk & Business Operations Advisory Analyst — Aditya Mehra,"Subject: Fellow Bangalore Professional / Referral Request for Risk & Business Operations Advisory Analyst (BLR-JOB-002)

Hi Arushi,

I hope you're having a productive week! I came across your profile and noticed your journey at Deloitte in Bengaluru.

I am currently in my final year at Dayananda Sagar University (DSU), completing my BBA in International Business (Class of 2026). My experience includes:
- Lead Coordinator at AERO India 2025 and 300+ on-ground event operations deployments.
- Structured Tier-1 supplier rate cards and enforced strict delivery SLAs.
- AI Data Operations at Instawork and commercial client operations execution.

Deloitte is currently hiring for Risk & Business Operations Advisory Analyst (BLR-JOB-002), and I am ready to submit my application. Would you be open to reviewing my resume and submitting an internal employee referral? I would be glad to share my details and resume link.

Thank you so much for considering!

Best regards,
Aditya Mehra
+91-7003456624 | adityamehra799@gmail.com",READY_FOR_APPROVAL,2026-09-18,,,,NOT_CONTACTED,,,No,No,No,No,
OUT-STRK-252,PER-7122,,BLR-JOB-002,Shruti Rane,Deloitte,Risk & Business Operations Advisory Analyst,LinkedIn,Touch 1 InMail,Application: Risk & Business Operations Advisory Analyst — Aditya Mehra,"Subject: Fellow Bangalore Professional / Referral Request for Risk & Business Operations Advisory Analyst (BLR-JOB-002)

Hi Shruti,

I hope you're having a productive week! I came across your profile and noticed your journey at Deloitte in Bengaluru.

I am currently in my final year at Dayananda Sagar University (DSU), completing my BBA in International Business (Class of 2026). My experience includes:
- Lead Coordinator at AERO India 2025 and 300+ on-ground event operations deployments.
- Structured Tier-1 supplier rate cards and enforced strict delivery SLAs.
- AI Data Operations at Instawork and commercial client operations execution.

Deloitte is currently hiring for Risk & Business Operations Advisory Analyst (BLR-JOB-002), and I am ready to submit my application. Would you be open to reviewing my resume and submitting an internal employee referral? I would be glad to share my details and resume link.

Thank you so much for considering!

Best regards,
Aditya Mehra
+91-7003456624 | adityamehra799@gmail.com",READY_FOR_APPROVAL,2026-09-18,,,,NOT_CONTACTED,,,No,No,No,No,
OUT-STRK-253,PER-7804,,BLR-JOB-002,Chandana Umashankar,Deloitte,Risk & Business Operations Advisory Analyst,LinkedIn,Touch 1 InMail,Application: Risk & Business Operations Advisory Analyst — Aditya Mehra,"Subject: Fellow Bangalore Professional / Referral Request for Risk & Business Operations Advisory Analyst (BLR-JOB-002)

Hi Chandana,

I hope you're having a productive week! I came across your profile and noticed your journey at Deloitte in Bengaluru.

I am currently in my final year at Dayananda Sagar University (DSU), completing my BBA in International Business (Class of 2026). My experience includes:
- Lead Coordinator at AERO India 2025 and 300+ on-ground event operations deployments.
- Structured Tier-1 supplier rate cards and enforced strict delivery SLAs.
- AI Data Operations at Instawork and commercial client operations execution.

Deloitte is currently hiring for Risk & Business Operations Advisory Analyst (BLR-JOB-002), and I am ready to submit my application. Would you be open to reviewing my resume and submitting an internal employee referral? I would be glad to share my details and resume link.

Thank you so much for considering!

Best regards,
Aditya Mehra
+91-7003456624 | adityamehra799@gmail.com",READY_FOR_APPROVAL,2026-09-18,,,,NOT_CONTACTED,,,No,No,No,No,
OUT-STRK-254,PER-7843,,BLR-JOB-002,Madhuri Balasubramanyam,Deloitte,Risk & Business Operations Advisory Analyst,LinkedIn,Touch 1 InMail,Application: Risk & Business Operations Advisory Analyst — Aditya Mehra,"Subject: Fellow Bangalore Professional / Referral Request for Risk & Business Operations Advisory Analyst (BLR-JOB-002)

Hi Madhuri,

I hope you're having a productive week! I came across your profile and noticed your journey at Deloitte in Bengaluru.

I am currently in my final year at Dayananda Sagar University (DSU), completing my BBA in International Business (Class of 2026). My experience includes:
- Lead Coordinator at AERO India 2025 and 300+ on-ground event operations deployments.
- Structured Tier-1 supplier rate cards and enforced strict delivery SLAs.
- AI Data Operations at Instawork and commercial client operations execution.

Deloitte is currently hiring for Risk & Business Operations Advisory Analyst (BLR-JOB-002), and I am ready to submit my application. Would you be open to reviewing my resume and submitting an internal employee referral? I would be glad to share my details and resume link.

Thank you so much for considering!

Best regards,
Aditya Mehra
+91-7003456624 | adityamehra799@gmail.com",READY_FOR_APPROVAL,2026-09-18,,,,NOT_CONTACTED,,,No,No,No,No,
OUT-STRK-255,PER-7953,,BLR-JOB-002,Jesintha Jackqulin,Deloitte,Risk & Business Operations Advisory Analyst,LinkedIn,Touch 1 InMail,Application: Risk & Business Operations Advisory Analyst — Aditya Mehra,"Subject: Fellow Bangalore Professional / Referral Request for Risk & Business Operations Advisory Analyst (BLR-JOB-002)

Hi Jesintha,

I hope you're having a productive week! I came across your profile and noticed your journey at Deloitte in Bengaluru.

I am currently in my final year at Dayananda Sagar University (DSU), completing my BBA in International Business (Class of 2026). My experience includes:
- Lead Coordinator at AERO India 2025 and 300+ on-ground event operations deployments.
- Structured Tier-1 supplier rate cards and enforced strict delivery SLAs.
- AI Data Operations at Instawork and commercial client operations execution.

Deloitte is currently hiring for Risk & Business Operations Advisory Analyst (BLR-JOB-002), and I am ready to submit my application. Would you be open to reviewing my resume and submitting an internal employee referral? I would be glad to share my details and resume link.

Thank you so much for considering!

Best regards,
Aditya Mehra
+91-7003456624 | adityamehra799@gmail.com",READY_FOR_APPROVAL,2026-09-18,,,,NOT_CONTACTED,,,No,No,No,No,
OUT-STRK-256,PER-8119,,BLR-JOB-002,Shivani Pathak,Deloitte,Risk & Business Operations Advisory Analyst,LinkedIn,Touch 1 InMail,Application: Risk & Business Operations Advisory Analyst — Aditya Mehra,"Subject: Fellow Bangalore Professional / Referral Request for Risk & Business Operations Advisory Analyst (BLR-JOB-002)

Hi Shivani,

I hope you're having a productive week! I came across your profile and noticed your journey at Deloitte in Bengaluru.

I am currently in my final year at Dayananda Sagar University (DSU), completing my BBA in International Business (Class of 2026). My experience includes:
- Lead Coordinator at AERO India 2025 and 300+ on-ground event operations deployments.
- Structured Tier-1 supplier rate cards and enforced strict delivery SLAs.
- AI Data Operations at Instawork and commercial client operations execution.

Deloitte is currently hiring for Risk & Business Operations Advisory Analyst (BLR-JOB-002), and I am ready to submit my application. Would you be open to reviewing my resume and submitting an internal employee referral? I would be glad to share my details and resume link.

Thank you so much for considering!

Best regards,
Aditya Mehra
+91-7003456624 | adityamehra799@gmail.com",READY_FOR_APPROVAL,2026-09-18,,,,NOT_CONTACTED,,,No,No,No,No,
OUT-STRK-257,PER-8376,,BLR-JOB-002,Vasuki M R,Deloitte,Risk & Business Operations Advisory Analyst,LinkedIn,Touch 1 InMail,Application: Risk & Business Operations Advisory Analyst — Aditya Mehra,"Subject: Fellow Bangalore Professional / Referral Request for Risk & Business Operations Advisory Analyst (BLR-JOB-002)

Hi Vasuki,

I hope you're having a productive week! I came across your profile and noticed your journey at Deloitte in Bengaluru.

I am currently in my final year at Dayananda Sagar University (DSU), completing my BBA in International Business (Class of 2026). My experience includes:
- Lead Coordinator at AERO India 2025 and 300+ on-ground event operations deployments.
- Structured Tier-1 supplier rate cards and enforced strict delivery SLAs.
- AI Data Operations at Instawork and commercial client operations execution.

Deloitte is currently hiring for Risk & Business Operations Advisory Analyst (BLR-JOB-002), and I am ready to submit my application. Would you be open to reviewing my resume and submitting an internal employee referral? I would be glad to share my details and resume link.

Thank you so much for considering!

Best regards,
Aditya Mehra
+91-7003456624 | adityamehra799@gmail.com",READY_FOR_APPROVAL,2026-09-18,,,,NOT_CONTACTED,,,No,No,No,No,
OUT-STRK-258,PER-8707,,BLR-JOB-002,Nisarga R,Deloitte,Risk & Business Operations Advisory Analyst,LinkedIn,Touch 1 InMail,Application: Risk & Business Operations Advisory Analyst — Aditya Mehra,"Subject: Fellow Bangalore Professional / Referral Request for Risk & Business Operations Advisory Analyst (BLR-JOB-002)

Hi Nisarga,

I hope you're having a productive week! I came across your profile and noticed your journey at Deloitte in Bengaluru.

I am currently in my final year at Dayananda Sagar University (DSU), completing my BBA in International Business (Class of 2026). My experience includes:
- Lead Coordinator at AERO India 2025 and 300+ on-ground event operations deployments.
- Structured Tier-1 supplier rate cards and enforced strict delivery SLAs.
- AI Data Operations at Instawork and commercial client operations execution.

Deloitte is currently hiring for Risk & Business Operations Advisory Analyst (BLR-JOB-002), and I am ready to submit my application. Would you be open to reviewing my resume and submitting an internal employee referral? I would be glad to share my details and resume link.

Thank you so much for considering!

Best regards,
Aditya Mehra
+91-7003456624 | adityamehra799@gmail.com",READY_FOR_APPROVAL,2026-09-18,,,,NOT_CONTACTED,,,No,No,No,No,
OUT-STRK-259,PER-8873,,BLR-JOB-002,Ishani Sathish,Deloitte,Risk & Business Operations Advisory Analyst,LinkedIn,Touch 1 InMail,Application: Risk & Business Operations Advisory Analyst — Aditya Mehra,"Subject: Fellow Bangalore Professional / Referral Request for Risk & Business Operations Advisory Analyst (BLR-JOB-002)

Hi Ishani,

I hope you're having a productive week! I came across your profile and noticed your journey at Deloitte in Bengaluru.

I am currently in my final year at Dayananda Sagar University (DSU), completing my BBA in International Business (Class of 2026). My experience includes:
- Lead Coordinator at AERO India 2025 and 300+ on-ground event operations deployments.
- Structured Tier-1 supplier rate cards and enforced strict delivery SLAs.
- AI Data Operations at Instawork and commercial client operations execution.

Deloitte is currently hiring for Risk & Business Operations Advisory Analyst (BLR-JOB-002), and I am ready to submit my application. Would you be open to reviewing my resume and submitting an internal employee referral? I would be glad to share my details and resume link.

Thank you so much for considering!

Best regards,
Aditya Mehra
+91-7003456624 | adityamehra799@gmail.com",READY_FOR_APPROVAL,2026-09-18,,,,NOT_CONTACTED,,,No,No,No,No,
OUT-STRK-260,PER-9103,,BLR-JOB-002,Aastha Shukla,Deloitte,Risk & Business Operations Advisory Analyst,LinkedIn,Touch 1 InMail,Application: Risk & Business Operations Advisory Analyst — Aditya Mehra,"Subject: Fellow Bangalore Professional / Referral Request for Risk & Business Operations Advisory Analyst (BLR-JOB-002)

Hi Aastha,

I hope you're having a productive week! I came across your profile and noticed your journey at Deloitte in Bengaluru.

I am currently in my final year at Dayananda Sagar University (DSU), completing my BBA in International Business (Class of 2026). My experience includes:
- Lead Coordinator at AERO India 2025 and 300+ on-ground event operations deployments.
- Structured Tier-1 supplier rate cards and enforced strict delivery SLAs.
- AI Data Operations at Instawork and commercial client operations execution.

Deloitte is currently hiring for Risk & Business Operations Advisory Analyst (BLR-JOB-002), and I am ready to submit my application. Would you be open to reviewing my resume and submitting an internal employee referral? I would be glad to share my details and resume link.

Thank you so much for considering!

Best regards,
Aditya Mehra
+91-7003456624 | adityamehra799@gmail.com",READY_FOR_APPROVAL,2026-09-18,,,,NOT_CONTACTED,,,No,No,No,No,
OUT-STRK-261,PER-STK-STRK-261,,BLR-JOB-003,Mariam Mathew,Ernst & Young (EY),Business Analyst - Global Advisory,LinkedIn,Touch 1 InMail,Application: Business Analyst - Global Advisory — Aditya Mehra,"Subject: Fellow Bangalore Professional / Referral Request for Business Analyst - Global Advisory (BLR-JOB-003)

Hi Mariam,

I hope you're having a productive week! I came across your profile and noticed your journey at Ernst & Young (EY) in Bengaluru.

I am currently in my final year at Dayananda Sagar University (DSU), completing my BBA in International Business (Class of 2026). My experience includes:
- Lead Coordinator at AERO India 2025 and 300+ on-ground event operations deployments.
- Structured Tier-1 supplier rate cards and enforced strict delivery SLAs.
- AI Data Operations at Instawork and commercial client operations execution.

Ernst & Young (EY) is currently hiring for Business Analyst - Global Advisory (BLR-JOB-003), and I am ready to submit my application. Would you be open to reviewing my resume and submitting an internal employee referral? I would be glad to share my details and resume link.

Thank you so much for considering!

Best regards,
Aditya Mehra
+91-7003456624 | adityamehra799@gmail.com",READY_FOR_APPROVAL,2026-09-18,,,,NOT_CONTACTED,,,No,No,No,No,
OUT-STRK-262,PER-STK-STRK-262,,BLR-JOB-003,Shivanshi Dutta,Ernst & Young (EY),Business Analyst - Global Advisory,LinkedIn,Touch 1 InMail,Application: Business Analyst - Global Advisory — Aditya Mehra,"Subject: Fellow Bangalore Professional / Referral Request for Business Analyst - Global Advisory (BLR-JOB-003)

Hi Shivanshi,

I hope you're having a productive week! I came across your profile and noticed your journey at Ernst & Young (EY) in Bengaluru.

I am currently in my final year at Dayananda Sagar University (DSU), completing my BBA in International Business (Class of 2026). My experience includes:
- Lead Coordinator at AERO India 2025 and 300+ on-ground event operations deployments.
- Structured Tier-1 supplier rate cards and enforced strict delivery SLAs.
- AI Data Operations at Instawork and commercial client operations execution.

Ernst & Young (EY) is currently hiring for Business Analyst - Global Advisory (BLR-JOB-003), and I am ready to submit my application. Would you be open to reviewing my resume and submitting an internal employee referral? I would be glad to share my details and resume link.

Thank you so much for considering!

Best regards,
Aditya Mehra
+91-7003456624 | adityamehra799@gmail.com",READY_FOR_APPROVAL,2026-09-18,,,,NOT_CONTACTED,,,No,No,No,No,
OUT-STRK-263,PER-STK-STRK-263,,BLR-JOB-003,Divya Balamurugan,Ernst & Young (EY),Business Analyst - Global Advisory,LinkedIn,Touch 1 InMail,Application: Business Analyst - Global Advisory — Aditya Mehra,"Subject: Fellow Bangalore Professional / Referral Request for Business Analyst - Global Advisory (BLR-JOB-003)

Hi Divya,

I hope you're having a productive week! I came across your profile and noticed your journey at Ernst & Young (EY) in Bengaluru.

I am currently in my final year at Dayananda Sagar University (DSU), completing my BBA in International Business (Class of 2026). My experience includes:
- Lead Coordinator at AERO India 2025 and 300+ on-ground event operations deployments.
- Structured Tier-1 supplier rate cards and enforced strict delivery SLAs.
- AI Data Operations at Instawork and commercial client operations execution.

Ernst & Young (EY) is currently hiring for Business Analyst - Global Advisory (BLR-JOB-003), and I am ready to submit my application. Would you be open to reviewing my resume and submitting an internal employee referral? I would be glad to share my details and resume link.

Thank you so much for considering!

Best regards,
Aditya Mehra
+91-7003456624 | adityamehra799@gmail.com",READY_FOR_APPROVAL,2026-09-18,,,,NOT_CONTACTED,,,No,No,No,No,
OUT-STRK-264,PER-STK-STRK-264,,BLR-JOB-003,Nikita Pareek,Ernst & Young (EY),Business Analyst - Global Advisory,LinkedIn,Touch 1 InMail,Application: Business Analyst - Global Advisory — Aditya Mehra,"Subject: Fellow Bangalore Professional / Referral Request for Business Analyst - Global Advisory (BLR-JOB-003)

Hi Nikita,

I hope you're having a productive week! I came across your profile and noticed your journey at Ernst & Young (EY) in Bengaluru.

I am currently in my final year at Dayananda Sagar University (DSU), completing my BBA in International Business (Class of 2026). My experience includes:
- Lead Coordinator at AERO India 2025 and 300+ on-ground event operations deployments.
- Structured Tier-1 supplier rate cards and enforced strict delivery SLAs.
- AI Data Operations at Instawork and commercial client operations execution.

Ernst & Young (EY) is currently hiring for Business Analyst - Global Advisory (BLR-JOB-003), and I am ready to submit my application. Would you be open to reviewing my resume and submitting an internal employee referral? I would be glad to share my details and resume link.

Thank you so much for considering!

Best regards,
Aditya Mehra
+91-7003456624 | adityamehra799@gmail.com",READY_FOR_APPROVAL,2026-09-18,,,,NOT_CONTACTED,,,No,No,No,No,
OUT-STRK-265,PER-STK-STRK-265,,BLR-JOB-003,Arshavarthini M,Ernst & Young (EY),Business Analyst - Global Advisory,LinkedIn,Touch 1 InMail,Application: Business Analyst - Global Advisory — Aditya Mehra,"Subject: Fellow Bangalore Professional / Referral Request for Business Analyst - Global Advisory (BLR-JOB-003)

Hi Arshavarthini,

I hope you're having a productive week! I came across your profile and noticed your journey at Ernst & Young (EY) in Bengaluru.

I am currently in my final year at Dayananda Sagar University (DSU), completing my BBA in International Business (Class of 2026). My experience includes:
- Lead Coordinator at AERO India 2025 and 300+ on-ground event operations deployments.
- Structured Tier-1 supplier rate cards and enforced strict delivery SLAs.
- AI Data Operations at Instawork and commercial client operations execution.

Ernst & Young (EY) is currently hiring for Business Analyst - Global Advisory (BLR-JOB-003), and I am ready to submit my application. Would you be open to reviewing my resume and submitting an internal employee referral? I would be glad to share my details and resume link.

Thank you so much for considering!

Best regards,
Aditya Mehra
+91-7003456624 | adityamehra799@gmail.com",READY_FOR_APPROVAL,2026-09-18,,,,NOT_CONTACTED,,,No,No,No,No,
OUT-STRK-266,PER-STK-STRK-266,,BLR-JOB-003,Ishika Soni,Ernst & Young (EY),Business Analyst - Global Advisory,LinkedIn,Touch 1 InMail,Application: Business Analyst - Global Advisory — Aditya Mehra,"Subject: Fellow Bangalore Professional / Referral Request for Business Analyst - Global Advisory (BLR-JOB-003)

Hi Ishika,

I hope you're having a productive week! I came across your profile and noticed your journey at Ernst & Young (EY) in Bengaluru.

I am currently in my final year at Dayananda Sagar University (DSU), completing my BBA in International Business (Class of 2026). My experience includes:
- Lead Coordinator at AERO India 2025 and 300+ on-ground event operations deployments.
- Structured Tier-1 supplier rate cards and enforced strict delivery SLAs.
- AI Data Operations at Instawork and commercial client operations execution.

Ernst & Young (EY) is currently hiring for Business Analyst - Global Advisory (BLR-JOB-003), and I am ready to submit my application. Would you be open to reviewing my resume and submitting an internal employee referral? I would be glad to share my details and resume link.

Thank you so much for considering!

Best regards,
Aditya Mehra
+91-7003456624 | adityamehra799@gmail.com",READY_FOR_APPROVAL,2026-09-18,,,,NOT_CONTACTED,,,No,No,No,No,
OUT-STRK-267,PER-STK-STRK-267,,BLR-JOB-003,Advika Gupta,Ernst & Young (EY),Business Analyst - Global Advisory,LinkedIn,Touch 1 InMail,Application: Business Analyst - Global Advisory — Aditya Mehra,"Subject: Fellow Bangalore Professional / Referral Request for Business Analyst - Global Advisory (BLR-JOB-003)

Hi Advika,

I hope you're having a productive week! I came across your profile and noticed your journey at Ernst & Young (EY) in Bengaluru.

I am currently in my final year at Dayananda Sagar University (DSU), completing my BBA in International Business (Class of 2026). My experience includes:
- Lead Coordinator at AERO India 2025 and 300+ on-ground event operations deployments.
- Structured Tier-1 supplier rate cards and enforced strict delivery SLAs.
- AI Data Operations at Instawork and commercial client operations execution.

Ernst & Young (EY) is currently hiring for Business Analyst - Global Advisory (BLR-JOB-003), and I am ready to submit my application. Would you be open to reviewing my resume and submitting an internal employee referral? I would be glad to share my details and resume link.

Thank you so much for considering!

Best regards,
Aditya Mehra
+91-7003456624 | adityamehra799@gmail.com",READY_FOR_APPROVAL,2026-09-18,,,,NOT_CONTACTED,,,No,No,No,No,
OUT-STRK-268,PER-STK-STRK-268,,BLR-JOB-003,Nidhi Koul,Ernst & Young (EY),Business Analyst - Global Advisory,LinkedIn,Touch 1 InMail,Application: Business Analyst - Global Advisory — Aditya Mehra,"Subject: Fellow Bangalore Professional / Referral Request for Business Analyst - Global Advisory (BLR-JOB-003)

Hi Nidhi,

I hope you're having a productive week! I came across your profile and noticed your journey at Ernst & Young (EY) in Bengaluru.

I am currently in my final year at Dayananda Sagar University (DSU), completing my BBA in International Business (Class of 2026). My experience includes:
- Lead Coordinator at AERO India 2025 and 300+ on-ground event operations deployments.
- Structured Tier-1 supplier rate cards and enforced strict delivery SLAs.
- AI Data Operations at Instawork and commercial client operations execution.

Ernst & Young (EY) is currently hiring for Business Analyst - Global Advisory (BLR-JOB-003), and I am ready to submit my application. Would you be open to reviewing my resume and submitting an internal employee referral? I would be glad to share my details and resume link.

Thank you so much for considering!

Best regards,
Aditya Mehra
+91-7003456624 | adityamehra799@gmail.com",READY_FOR_APPROVAL,2026-09-18,,,,NOT_CONTACTED,,,No,No,No,No,
OUT-STRK-269,PER-STK-STRK-269,,BLR-JOB-003,"Sneha Negi, ACA",Ernst & Young (EY),Business Analyst - Global Advisory,LinkedIn,Touch 1 InMail,Application: Business Analyst - Global Advisory — Aditya Mehra,"Subject: Fellow Bangalore Professional / Referral Request for Business Analyst - Global Advisory (BLR-JOB-003)

Hi Sneha,

I hope you're having a productive week! I came across your profile and noticed your journey at Ernst & Young (EY) in Bengaluru.

I am currently in my final year at Dayananda Sagar University (DSU), completing my BBA in International Business (Class of 2026). My experience includes:
- Lead Coordinator at AERO India 2025 and 300+ on-ground event operations deployments.
- Structured Tier-1 supplier rate cards and enforced strict delivery SLAs.
- AI Data Operations at Instawork and commercial client operations execution.

Ernst & Young (EY) is currently hiring for Business Analyst - Global Advisory (BLR-JOB-003), and I am ready to submit my application. Would you be open to reviewing my resume and submitting an internal employee referral? I would be glad to share my details and resume link.

Thank you so much for considering!

Best regards,
Aditya Mehra
+91-7003456624 | adityamehra799@gmail.com",READY_FOR_APPROVAL,2026-09-18,,,,NOT_CONTACTED,,,No,No,No,No,
OUT-STRK-270,PER-STK-STRK-270,,BLR-JOB-003,Avni Jain,Ernst & Young (EY),Business Analyst - Global Advisory,LinkedIn,Touch 1 InMail,Application: Business Analyst - Global Advisory — Aditya Mehra,"Subject: Fellow Bangalore Professional / Referral Request for Business Analyst - Global Advisory (BLR-JOB-003)

Hi Avni,

I hope you're having a productive week! I came across your profile and noticed your journey at Ernst & Young (EY) in Bengaluru.

I am currently in my final year at Dayananda Sagar University (DSU), completing my BBA in International Business (Class of 2026). My experience includes:
- Lead Coordinator at AERO India 2025 and 300+ on-ground event operations deployments.
- Structured Tier-1 supplier rate cards and enforced strict delivery SLAs.
- AI Data Operations at Instawork and commercial client operations execution.

Ernst & Young (EY) is currently hiring for Business Analyst - Global Advisory (BLR-JOB-003), and I am ready to submit my application. Would you be open to reviewing my resume and submitting an internal employee referral? I would be glad to share my details and resume link.

Thank you so much for considering!

Best regards,
Aditya Mehra
+91-7003456624 | adityamehra799@gmail.com",READY_FOR_APPROVAL,2026-09-18,,,,NOT_CONTACTED,,,No,No,No,No,
OUT-STRK-271,PER-STK-STRK-271,,BLR-JOB-003,Janvi Nadkar,Ernst & Young (EY),Business Analyst - Global Advisory,LinkedIn,Touch 1 InMail,Application: Business Analyst - Global Advisory — Aditya Mehra,"Subject: Fellow Bangalore Professional / Referral Request for Business Analyst - Global Advisory (BLR-JOB-003)

Hi Janvi,

I hope you're having a productive week! I came across your profile and noticed your journey at Ernst & Young (EY) in Bengaluru.

I am currently in my final year at Dayananda Sagar University (DSU), completing my BBA in International Business (Class of 2026). My experience includes:
- Lead Coordinator at AERO India 2025 and 300+ on-ground event operations deployments.
- Structured Tier-1 supplier rate cards and enforced strict delivery SLAs.
- AI Data Operations at Instawork and commercial client operations execution.

Ernst & Young (EY) is currently hiring for Business Analyst - Global Advisory (BLR-JOB-003), and I am ready to submit my application. Would you be open to reviewing my resume and submitting an internal employee referral? I would be glad to share my details and resume link.

Thank you so much for considering!

Best regards,
Aditya Mehra
+91-7003456624 | adityamehra799@gmail.com",READY_FOR_APPROVAL,2026-09-18,,,,NOT_CONTACTED,,,No,No,No,No,
OUT-STRK-272,PER-STK-STRK-272,,BLR-JOB-003,Asha Preethi,Ernst & Young (EY),Business Analyst - Global Advisory,LinkedIn,Touch 1 InMail,Application: Business Analyst - Global Advisory — Aditya Mehra,"Subject: Fellow Bangalore Professional / Referral Request for Business Analyst - Global Advisory (BLR-JOB-003)

Hi Asha,

I hope you're having a productive week! I came across your profile and noticed your journey at Ernst & Young (EY) in Bengaluru.

I am currently in my final year at Dayananda Sagar University (DSU), completing my BBA in International Business (Class of 2026). My experience includes:
- Lead Coordinator at AERO India 2025 and 300+ on-ground event operations deployments.
- Structured Tier-1 supplier rate cards and enforced strict delivery SLAs.
- AI Data Operations at Instawork and commercial client operations execution.

Ernst & Young (EY) is currently hiring for Business Analyst - Global Advisory (BLR-JOB-003), and I am ready to submit my application. Would you be open to reviewing my resume and submitting an internal employee referral? I would be glad to share my details and resume link.

Thank you so much for considering!

Best regards,
Aditya Mehra
+91-7003456624 | adityamehra799@gmail.com",READY_FOR_APPROVAL,2026-09-18,,,,NOT_CONTACTED,,,No,No,No,No,
OUT-STRK-273,PER-STK-STRK-273,,BLR-JOB-003,Shailly Sharma,Ernst & Young (EY),Business Analyst - Global Advisory,LinkedIn,Touch 1 InMail,Application: Business Analyst - Global Advisory — Aditya Mehra,"Subject: Fellow Bangalore Professional / Referral Request for Business Analyst - Global Advisory (BLR-JOB-003)

Hi Shailly,

I hope you're having a productive week! I came across your profile and noticed your journey at Ernst & Young (EY) in Bengaluru.

I am currently in my final year at Dayananda Sagar University (DSU), completing my BBA in International Business (Class of 2026). My experience includes:
- Lead Coordinator at AERO India 2025 and 300+ on-ground event operations deployments.
- Structured Tier-1 supplier rate cards and enforced strict delivery SLAs.
- AI Data Operations at Instawork and commercial client operations execution.

Ernst & Young (EY) is currently hiring for Business Analyst - Global Advisory (BLR-JOB-003), and I am ready to submit my application. Would you be open to reviewing my resume and submitting an internal employee referral? I would be glad to share my details and resume link.

Thank you so much for considering!

Best regards,
Aditya Mehra
+91-7003456624 | adityamehra799@gmail.com",READY_FOR_APPROVAL,2026-09-18,,,,NOT_CONTACTED,,,No,No,No,No,
OUT-STRK-274,PER-STK-STRK-274,,BLR-JOB-003,Sandeepi Srimayee Mohakud,Ernst & Young (EY),Business Analyst - Global Advisory,LinkedIn,Touch 1 InMail,Application: Business Analyst - Global Advisory — Aditya Mehra,"Subject: Fellow Bangalore Professional / Referral Request for Business Analyst - Global Advisory (BLR-JOB-003)

Hi Sandeepi,

I hope you're having a productive week! I came across your profile and noticed your journey at Ernst & Young (EY) in Bengaluru.

I am currently in my final year at Dayananda Sagar University (DSU), completing my BBA in International Business (Class of 2026). My experience includes:
- Lead Coordinator at AERO India 2025 and 300+ on-ground event operations deployments.
- Structured Tier-1 supplier rate cards and enforced strict delivery SLAs.
- AI Data Operations at Instawork and commercial client operations execution.

Ernst & Young (EY) is currently hiring for Business Analyst - Global Advisory (BLR-JOB-003), and I am ready to submit my application. Would you be open to reviewing my resume and submitting an internal employee referral? I would be glad to share my details and resume link.

Thank you so much for considering!

Best regards,
Aditya Mehra
+91-7003456624 | adityamehra799@gmail.com",READY_FOR_APPROVAL,2026-09-18,,,,NOT_CONTACTED,,,No,No,No,No,
OUT-STRK-275,PER-STK-STRK-275,,BLR-JOB-003,AASHNA SUNEJA,Ernst & Young (EY),Business Analyst - Global Advisory,LinkedIn,Touch 1 InMail,Application: Business Analyst - Global Advisory — Aditya Mehra,"Subject: Fellow Bangalore Professional / Referral Request for Business Analyst - Global Advisory (BLR-JOB-003)

Hi AASHNA,

I hope you're having a productive week! I came across your profile and noticed your journey at Ernst & Young (EY) in Bengaluru.

I am currently in my final year at Dayananda Sagar University (DSU), completing my BBA in International Business (Class of 2026). My experience includes:
- Lead Coordinator at AERO India 2025 and 300+ on-ground event operations deployments.
- Structured Tier-1 supplier rate cards and enforced strict delivery SLAs.
- AI Data Operations at Instawork and commercial client operations execution.

Ernst & Young (EY) is currently hiring for Business Analyst - Global Advisory (BLR-JOB-003), and I am ready to submit my application. Would you be open to reviewing my resume and submitting an internal employee referral? I would be glad to share my details and resume link.

Thank you so much for considering!

Best regards,
Aditya Mehra
+91-7003456624 | adityamehra799@gmail.com",READY_FOR_APPROVAL,2026-09-18,,,,NOT_CONTACTED,,,No,No,No,No,
OUT-STRK-276,PER-975,,BLR-JOB-004,Bindu Shree M,Amazon,Operations & Vendor Management Executive,LinkedIn,Touch 1 InMail,Application: Operations & Vendor Management Executive — Aditya Mehra,"Subject: Fellow Bangalore Professional / Referral Request for Operations & Vendor Management Executive (BLR-JOB-004)

Hi Bindu,

I hope you're having a productive week! I came across your profile and noticed your journey at Amazon in Bengaluru.

I am currently in my final year at Dayananda Sagar University (DSU), completing my BBA in International Business (Class of 2026). My experience includes:
- Lead Coordinator at AERO India 2025 and 300+ on-ground event operations deployments.
- Structured Tier-1 supplier rate cards and enforced strict delivery SLAs.
- AI Data Operations at Instawork and commercial client operations execution.

Amazon is currently hiring for Operations & Vendor Management Executive (BLR-JOB-004), and I am ready to submit my application. Would you be open to reviewing my resume and submitting an internal employee referral? I would be glad to share my details and resume link.

Thank you so much for considering!

Best regards,
Aditya Mehra
+91-7003456624 | adityamehra799@gmail.com",READY_FOR_APPROVAL,2026-09-18,,,,NOT_CONTACTED,,,No,No,No,No,
OUT-STRK-277,PER-3170,,BLR-JOB-004,Rati Mishra,Amazon,Operations & Vendor Management Executive,LinkedIn,Touch 1 InMail,Application: Operations & Vendor Management Executive — Aditya Mehra,"Subject: Fellow Bangalore Professional / Referral Request for Operations & Vendor Management Executive (BLR-JOB-004)

Hi Rati,

I hope you're having a productive week! I came across your profile and noticed your journey at Amazon in Bengaluru.

I am currently in my final year at Dayananda Sagar University (DSU), completing my BBA in International Business (Class of 2026). My experience includes:
- Lead Coordinator at AERO India 2025 and 300+ on-ground event operations deployments.
- Structured Tier-1 supplier rate cards and enforced strict delivery SLAs.
- AI Data Operations at Instawork and commercial client operations execution.

Amazon is currently hiring for Operations & Vendor Management Executive (BLR-JOB-004), and I am ready to submit my application. Would you be open to reviewing my resume and submitting an internal employee referral? I would be glad to share my details and resume link.

Thank you so much for considering!

Best regards,
Aditya Mehra
+91-7003456624 | adityamehra799@gmail.com",READY_FOR_APPROVAL,2026-09-18,,,,NOT_CONTACTED,,,No,No,No,No,
OUT-STRK-278,PER-22,,BLR-JOB-005,Amisha Jat,Goldman Sachs,Global Markets Operations Analyst,LinkedIn,Touch 1 InMail,Application: Global Markets Operations Analyst — Aditya Mehra,"Subject: Fellow Bangalore Professional / Referral Request for Global Markets Operations Analyst (BLR-JOB-005)

Hi Amisha,

I hope you're having a productive week! I came across your profile and noticed your journey at Goldman Sachs in Bengaluru.

I am currently in my final year at Dayananda Sagar University (DSU), completing my BBA in International Business (Class of 2026). My experience includes:
- Lead Coordinator at AERO India 2025 and 300+ on-ground event operations deployments.
- Structured Tier-1 supplier rate cards and enforced strict delivery SLAs.
- AI Data Operations at Instawork and commercial client operations execution.

Goldman Sachs is currently hiring for Global Markets Operations Analyst (BLR-JOB-005), and I am ready to submit my application. Would you be open to reviewing my resume and submitting an internal employee referral? I would be glad to share my details and resume link.

Thank you so much for considering!

Best regards,
Aditya Mehra
+91-7003456624 | adityamehra799@gmail.com",READY_FOR_APPROVAL,2026-09-18,,,,NOT_CONTACTED,,,No,No,No,No,
OUT-STRK-279,PER-1971,,BLR-JOB-005,Shagun Mittal,Goldman Sachs,Global Markets Operations Analyst,LinkedIn,Touch 1 InMail,Application: Global Markets Operations Analyst — Aditya Mehra,"Subject: Fellow Bangalore Professional / Referral Request for Global Markets Operations Analyst (BLR-JOB-005)

Hi Shagun,

I hope you're having a productive week! I came across your profile and noticed your journey at Goldman Sachs in Bengaluru.

I am currently in my final year at Dayananda Sagar University (DSU), completing my BBA in International Business (Class of 2026). My experience includes:
- Lead Coordinator at AERO India 2025 and 300+ on-ground event operations deployments.
- Structured Tier-1 supplier rate cards and enforced strict delivery SLAs.
- AI Data Operations at Instawork and commercial client operations execution.

Goldman Sachs is currently hiring for Global Markets Operations Analyst (BLR-JOB-005), and I am ready to submit my application. Would you be open to reviewing my resume and submitting an internal employee referral? I would be glad to share my details and resume link.

Thank you so much for considering!

Best regards,
Aditya Mehra
+91-7003456624 | adityamehra799@gmail.com",READY_FOR_APPROVAL,2026-09-18,,,,NOT_CONTACTED,,,No,No,No,No,
OUT-STRK-280,PER-7857,,BLR-JOB-009,Kritika Khandelwal,IBM,Supply Chain & Operations Consultant,LinkedIn,Touch 1 InMail,Application: Supply Chain & Operations Consultant — Aditya Mehra,"Subject: Fellow Bangalore Professional / Referral Request for Supply Chain & Operations Consultant (BLR-JOB-009)

Hi Kritika,

I hope you're having a productive week! I came across your profile and noticed your journey at IBM in Bengaluru.

I am currently in my final year at Dayananda Sagar University (DSU), completing my BBA in International Business (Class of 2026). My experience includes:
- Lead Coordinator at AERO India 2025 and 300+ on-ground event operations deployments.
- Structured Tier-1 supplier rate cards and enforced strict delivery SLAs.
- AI Data Operations at Instawork and commercial client operations execution.

IBM is currently hiring for Supply Chain & Operations Consultant (BLR-JOB-009), and I am ready to submit my application. Would you be open to reviewing my resume and submitting an internal employee referral? I would be glad to share my details and resume link.

Thank you so much for considering!

Best regards,
Aditya Mehra
+91-7003456624 | adityamehra799@gmail.com",READY_FOR_APPROVAL,2026-09-18,,,,NOT_CONTACTED,,,No,No,No,No,
OUT-STRK-281,PER-8013,,BLR-JOB-009,Pravishi Shrivastava,IBM,Supply Chain & Operations Consultant,LinkedIn,Touch 1 InMail,Application: Supply Chain & Operations Consultant — Aditya Mehra,"Subject: Fellow Bangalore Professional / Referral Request for Supply Chain & Operations Consultant (BLR-JOB-009)

Hi Pravishi,

I hope you're having a productive week! I came across your profile and noticed your journey at IBM in Bengaluru.

I am currently in my final year at Dayananda Sagar University (DSU), completing my BBA in International Business (Class of 2026). My experience includes:
- Lead Coordinator at AERO India 2025 and 300+ on-ground event operations deployments.
- Structured Tier-1 supplier rate cards and enforced strict delivery SLAs.
- AI Data Operations at Instawork and commercial client operations execution.

IBM is currently hiring for Supply Chain & Operations Consultant (BLR-JOB-009), and I am ready to submit my application. Would you be open to reviewing my resume and submitting an internal employee referral? I would be glad to share my details and resume link.

Thank you so much for considering!

Best regards,
Aditya Mehra
+91-7003456624 | adityamehra799@gmail.com",READY_FOR_APPROVAL,2026-09-18,,,,NOT_CONTACTED,,,No,No,No,No,
OUT-STRK-282,PER-8027,,BLR-JOB-009,Prantika Sharma,IBM,Supply Chain & Operations Consultant,LinkedIn,Touch 1 InMail,Application: Supply Chain & Operations Consultant — Aditya Mehra,"Subject: Fellow Bangalore Professional / Referral Request for Supply Chain & Operations Consultant (BLR-JOB-009)

Hi Prantika,

I hope you're having a productive week! I came across your profile and noticed your journey at IBM in Bengaluru.

I am currently in my final year at Dayananda Sagar University (DSU), completing my BBA in International Business (Class of 2026). My experience includes:
- Lead Coordinator at AERO India 2025 and 300+ on-ground event operations deployments.
- Structured Tier-1 supplier rate cards and enforced strict delivery SLAs.
- AI Data Operations at Instawork and commercial client operations execution.

IBM is currently hiring for Supply Chain & Operations Consultant (BLR-JOB-009), and I am ready to submit my application. Would you be open to reviewing my resume and submitting an internal employee referral? I would be glad to share my details and resume link.

Thank you so much for considering!

Best regards,
Aditya Mehra
+91-7003456624 | adityamehra799@gmail.com",READY_FOR_APPROVAL,2026-09-18,,,,NOT_CONTACTED,,,No,No,No,No,
OUT-STRK-283,PER-8625,,BLR-JOB-009,Anushika Majumdar,IBM,Supply Chain & Operations Consultant,LinkedIn,Touch 1 InMail,Application: Supply Chain & Operations Consultant — Aditya Mehra,"Subject: Fellow Bangalore Professional / Referral Request for Supply Chain & Operations Consultant (BLR-JOB-009)

Hi Anushika,

I hope you're having a productive week! I came across your profile and noticed your journey at IBM in Bengaluru.

I am currently in my final year at Dayananda Sagar University (DSU), completing my BBA in International Business (Class of 2026). My experience includes:
- Lead Coordinator at AERO India 2025 and 300+ on-ground event operations deployments.
- Structured Tier-1 supplier rate cards and enforced strict delivery SLAs.
- AI Data Operations at Instawork and commercial client operations execution.

IBM is currently hiring for Supply Chain & Operations Consultant (BLR-JOB-009), and I am ready to submit my application. Would you be open to reviewing my resume and submitting an internal employee referral? I would be glad to share my details and resume link.

Thank you so much for considering!

Best regards,
Aditya Mehra
+91-7003456624 | adityamehra799@gmail.com",READY_FOR_APPROVAL,2026-09-18,,,,NOT_CONTACTED,,,No,No,No,No,
OUT-STRK-284,PER-7931,,BLR-JOB-012,Kashvi Shah,KPMG,Global Risk & Management Trainee,LinkedIn,Touch 1 InMail,Application: Global Risk & Management Trainee — Aditya Mehra,"Subject: Fellow Bangalore Professional / Referral Request for Global Risk & Management Trainee (BLR-JOB-012)

Hi Kashvi,

I hope you're having a productive week! I came across your profile and noticed your journey at KPMG in Bengaluru.

I am currently in my final year at Dayananda Sagar University (DSU), completing my BBA in International Business (Class of 2026). My experience includes:
- Lead Coordinator at AERO India 2025 and 300+ on-ground event operations deployments.
- Structured Tier-1 supplier rate cards and enforced strict delivery SLAs.
- AI Data Operations at Instawork and commercial client operations execution.

KPMG is currently hiring for Global Risk & Management Trainee (BLR-JOB-012), and I am ready to submit my application. Would you be open to reviewing my resume and submitting an internal employee referral? I would be glad to share my details and resume link.

Thank you so much for considering!

Best regards,
Aditya Mehra
+91-7003456624 | adityamehra799@gmail.com",READY_FOR_APPROVAL,2026-09-18,,,,NOT_CONTACTED,,,No,No,No,No,
OUT-STRK-285,PER-STK-STRK-285,,BLR-JOB-013,Bhavya Srivastava,PricewaterhouseCoopers (PwC),Business Operations Analyst,LinkedIn,Touch 1 InMail,Application: Business Operations Analyst — Aditya Mehra,"Subject: Fellow Bangalore Professional / Referral Request for Business Operations Analyst (BLR-JOB-013)

Hi Bhavya,

I hope you're having a productive week! I came across your profile and noticed your journey at PricewaterhouseCoopers (PwC) in Bengaluru.

I am currently in my final year at Dayananda Sagar University (DSU), completing my BBA in International Business (Class of 2026). My experience includes:
- Lead Coordinator at AERO India 2025 and 300+ on-ground event operations deployments.
- Structured Tier-1 supplier rate cards and enforced strict delivery SLAs.
- AI Data Operations at Instawork and commercial client operations execution.

PricewaterhouseCoopers (PwC) is currently hiring for Business Operations Analyst (BLR-JOB-013), and I am ready to submit my application. Would you be open to reviewing my resume and submitting an internal employee referral? I would be glad to share my details and resume link.

Thank you so much for considering!

Best regards,
Aditya Mehra
+91-7003456624 | adityamehra799@gmail.com",READY_FOR_APPROVAL,2026-09-18,,,,NOT_CONTACTED,,,No,No,No,No,
OUT-STRK-286,PER-STK-STRK-286,,BLR-JOB-018,Samridhi Bisht,Google,Business Development & Client Operations Lead,LinkedIn,Touch 1 InMail,Application: Business Development & Client Operations Lead — Aditya Mehra,"Subject: Fellow Bangalore Professional / Referral Request for Business Development & Client Operations Lead (BLR-JOB-018)

Hi Samridhi,

I hope you're having a productive week! I came across your profile and noticed your journey at Google in Bengaluru.

I am currently in my final year at Dayananda Sagar University (DSU), completing my BBA in International Business (Class of 2026). My experience includes:
- Lead Coordinator at AERO India 2025 and 300+ on-ground event operations deployments.
- Structured Tier-1 supplier rate cards and enforced strict delivery SLAs.
- AI Data Operations at Instawork and commercial client operations execution.

Google is currently hiring for Business Development & Client Operations Lead (BLR-JOB-018), and I am ready to submit my application. Would you be open to reviewing my resume and submitting an internal employee referral? I would be glad to share my details and resume link.

Thank you so much for considering!

Best regards,
Aditya Mehra
+91-7003456624 | adityamehra799@gmail.com",READY_FOR_APPROVAL,2026-09-18,,,,NOT_CONTACTED,,,No,No,No,No,
OUT-STRK-287,PER-STK-STRK-287,,BLR-JOB-019,Pratiksha Jawanjal,Microsoft,Business Operations Analyst,LinkedIn,Touch 1 InMail,Application: Business Operations Analyst — Aditya Mehra,"Subject: Fellow Bangalore Professional / Referral Request for Business Operations Analyst (BLR-JOB-019)

Hi Pratiksha,

I hope you're having a productive week! I came across your profile and noticed your journey at Microsoft in Bengaluru.

I am currently in my final year at Dayananda Sagar University (DSU), completing my BBA in International Business (Class of 2026). My experience includes:
- Lead Coordinator at AERO India 2025 and 300+ on-ground event operations deployments.
- Structured Tier-1 supplier rate cards and enforced strict delivery SLAs.
- AI Data Operations at Instawork and commercial client operations execution.

Microsoft is currently hiring for Business Operations Analyst (BLR-JOB-019), and I am ready to submit my application. Would you be open to reviewing my resume and submitting an internal employee referral? I would be glad to share my details and resume link.

Thank you so much for considering!

Best regards,
Aditya Mehra
+91-7003456624 | adityamehra799@gmail.com",READY_FOR_APPROVAL,2026-09-18,,,,NOT_CONTACTED,,,No,No,No,No,
OUT-STRK-288,PER-7036,,BLR-JOB-019,Nandini Uttreja,Microsoft,Business Operations Analyst,LinkedIn,Touch 1 InMail,Application: Business Operations Analyst — Aditya Mehra,"Subject: Fellow Bangalore Professional / Referral Request for Business Operations Analyst (BLR-JOB-019)

Hi Nandini,

I hope you're having a productive week! I came across your profile and noticed your journey at Microsoft in Bengaluru.

I am currently in my final year at Dayananda Sagar University (DSU), completing my BBA in International Business (Class of 2026). My experience includes:
- Lead Coordinator at AERO India 2025 and 300+ on-ground event operations deployments.
- Structured Tier-1 supplier rate cards and enforced strict delivery SLAs.
- AI Data Operations at Instawork and commercial client operations execution.

Microsoft is currently hiring for Business Operations Analyst (BLR-JOB-019), and I am ready to submit my application. Would you be open to reviewing my resume and submitting an internal employee referral? I would be glad to share my details and resume link.

Thank you so much for considering!

Best regards,
Aditya Mehra
+91-7003456624 | adityamehra799@gmail.com",READY_FOR_APPROVAL,2026-09-18,,,,NOT_CONTACTED,,,No,No,No,No,
OUT-STRK-289,PER-7948,,BLR-JOB-019,Gopika Jayadev,Microsoft,Business Operations Analyst,LinkedIn,Touch 1 InMail,Application: Business Operations Analyst — Aditya Mehra,"Subject: Fellow Bangalore Professional / Referral Request for Business Operations Analyst (BLR-JOB-019)

Hi Gopika,

I hope you're having a productive week! I came across your profile and noticed your journey at Microsoft in Bengaluru.

I am currently in my final year at Dayananda Sagar University (DSU), completing my BBA in International Business (Class of 2026). My experience includes:
- Lead Coordinator at AERO India 2025 and 300+ on-ground event operations deployments.
- Structured Tier-1 supplier rate cards and enforced strict delivery SLAs.
- AI Data Operations at Instawork and commercial client operations execution.

Microsoft is currently hiring for Business Operations Analyst (BLR-JOB-019), and I am ready to submit my application. Would you be open to reviewing my resume and submitting an internal employee referral? I would be glad to share my details and resume link.

Thank you so much for considering!

Best regards,
Aditya Mehra
+91-7003456624 | adityamehra799@gmail.com",READY_FOR_APPROVAL,2026-09-18,,,,NOT_CONTACTED,,,No,No,No,No,
OUT-STRK-290,PER-STK-STRK-290,,BLR-JOB-001,Prathiba E T,Accenture,Global Business Operations & BD Analyst,LinkedIn,Touch 1 InMail,Application: Global Business Operations & BD Analyst — Aditya Mehra,"Subject: Fellow Bangalore Professional / Referral Request for Global Business Operations & BD Analyst (BLR-JOB-001)

Hi Prathiba,

I hope you're having a productive week! I came across your profile and noticed your journey at Accenture in Bengaluru.

I am currently in my final year at Dayananda Sagar University (DSU), completing my BBA in International Business (Class of 2026). My experience includes:
- Lead Coordinator at AERO India 2025 and 300+ on-ground event operations deployments.
- Structured Tier-1 supplier rate cards and enforced strict delivery SLAs.
- AI Data Operations at Instawork and commercial client operations execution.

Accenture is currently hiring for Global Business Operations & BD Analyst (BLR-JOB-001), and I am ready to submit my application. Would you be open to reviewing my resume and submitting an internal employee referral? I would be glad to share my details and resume link.

Thank you so much for considering!

Best regards,
Aditya Mehra
+91-7003456624 | adityamehra799@gmail.com",READY_FOR_APPROVAL,2026-09-18,,,,NOT_CONTACTED,,,No,No,No,No,
OUT-STRK-291,PER-STK-STRK-291,,BLR-JOB-003,Honey Srinivas,Ernst & Young (EY),Business Analyst - Global Advisory,LinkedIn,Touch 1 InMail,Application: Business Analyst - Global Advisory — Aditya Mehra,"Subject: Fellow Bangalore Professional / Referral Request for Business Analyst - Global Advisory (BLR-JOB-003)

Hi Honey,

I hope you're having a productive week! I came across your profile and noticed your journey at Ernst & Young (EY) in Bengaluru.

I am currently in my final year at Dayananda Sagar University (DSU), completing my BBA in International Business (Class of 2026). My experience includes:
- Lead Coordinator at AERO India 2025 and 300+ on-ground event operations deployments.
- Structured Tier-1 supplier rate cards and enforced strict delivery SLAs.
- AI Data Operations at Instawork and commercial client operations execution.

Ernst & Young (EY) is currently hiring for Business Analyst - Global Advisory (BLR-JOB-003), and I am ready to submit my application. Would you be open to reviewing my resume and submitting an internal employee referral? I would be glad to share my details and resume link.

Thank you so much for considering!

Best regards,
Aditya Mehra
+91-7003456624 | adityamehra799@gmail.com",READY_FOR_APPROVAL,2026-09-18,,,,NOT_CONTACTED,,,No,No,No,No,
OUT-STRK-292,PER-752,,BLR-JOB-012,Jenet Ann Tom,KPMG,Global Risk & Management Trainee,LinkedIn,Touch 1 InMail,Application: Global Risk & Management Trainee — Aditya Mehra,"Subject: Fellow Bangalore Professional / Referral Request for Global Risk & Management Trainee (BLR-JOB-012)

Hi Jenet,

I hope you're having a productive week! I came across your profile and noticed your journey at KPMG in Bengaluru.

I am currently in my final year at Dayananda Sagar University (DSU), completing my BBA in International Business (Class of 2026). My experience includes:
- Lead Coordinator at AERO India 2025 and 300+ on-ground event operations deployments.
- Structured Tier-1 supplier rate cards and enforced strict delivery SLAs.
- AI Data Operations at Instawork and commercial client operations execution.

KPMG is currently hiring for Global Risk & Management Trainee (BLR-JOB-012), and I am ready to submit my application. Would you be open to reviewing my resume and submitting an internal employee referral? I would be glad to share my details and resume link.

Thank you so much for considering!

Best regards,
Aditya Mehra
+91-7003456624 | adityamehra799@gmail.com",READY_FOR_APPROVAL,2026-09-18,,,,NOT_CONTACTED,,,No,No,No,No,
OUT-STRK-293,PER-960,,BLR-JOB-053,Sri Swetha,Wework India,Community & Event Operations Lead,LinkedIn,Touch 1 InMail,Application: Community & Event Operations Lead — Aditya Mehra,"Subject: Fellow Bangalore Professional / Referral Request for Community & Event Operations Lead (BLR-JOB-053)

Hi Sri,

I hope you're having a productive week! I came across your profile and noticed your journey at Wework India in Bengaluru.

I am currently in my final year at Dayananda Sagar University (DSU), completing my BBA in International Business (Class of 2026). My experience includes:
- Lead Coordinator at AERO India 2025 and 300+ on-ground event operations deployments.
- Structured Tier-1 supplier rate cards and enforced strict delivery SLAs.
- AI Data Operations at Instawork and commercial client operations execution.

Wework India is currently hiring for Community & Event Operations Lead (BLR-JOB-053), and I am ready to submit my application. Would you be open to reviewing my resume and submitting an internal employee referral? I would be glad to share my details and resume link.

Thank you so much for considering!

Best regards,
Aditya Mehra
+91-7003456624 | adityamehra799@gmail.com",READY_FOR_APPROVAL,2026-09-18,,,,NOT_CONTACTED,,,No,No,No,No,
OUT-STRK-294,PER-3206,,BLR-JOB-001,Nikita Singh,Accenture,Global Business Operations & BD Analyst,LinkedIn,Touch 1 InMail,Application: Global Business Operations & BD Analyst — Aditya Mehra,"Subject: Fellow Bangalore Professional / Referral Request for Global Business Operations & BD Analyst (BLR-JOB-001)

Hi Nikita,

I hope you're having a productive week! I came across your profile and noticed your journey at Accenture in Bengaluru.

I am currently in my final year at Dayananda Sagar University (DSU), completing my BBA in International Business (Class of 2026). My experience includes:
- Lead Coordinator at AERO India 2025 and 300+ on-ground event operations deployments.
- Structured Tier-1 supplier rate cards and enforced strict delivery SLAs.
- AI Data Operations at Instawork and commercial client operations execution.

Accenture is currently hiring for Global Business Operations & BD Analyst (BLR-JOB-001), and I am ready to submit my application. Would you be open to reviewing my resume and submitting an internal employee referral? I would be glad to share my details and resume link.

Thank you so much for considering!

Best regards,
Aditya Mehra
+91-7003456624 | adityamehra799@gmail.com",READY_FOR_APPROVAL,2026-09-18,,,,NOT_CONTACTED,,,No,No,No,No,
OUT-STRK-295,PER-STK-STRK-295,,BLR-JOB-001,Likhitha V,Accenture,Global Business Operations & BD Analyst,LinkedIn,Touch 1 InMail,Application: Global Business Operations & BD Analyst — Aditya Mehra,"Subject: Fellow Bangalore Professional / Referral Request for Global Business Operations & BD Analyst (BLR-JOB-001)

Hi Likhitha,

I hope you're having a productive week! I came across your profile and noticed your journey at Accenture in Bengaluru.

I am currently in my final year at Dayananda Sagar University (DSU), completing my BBA in International Business (Class of 2026). My experience includes:
- Lead Coordinator at AERO India 2025 and 300+ on-ground event operations deployments.
- Structured Tier-1 supplier rate cards and enforced strict delivery SLAs.
- AI Data Operations at Instawork and commercial client operations execution.

Accenture is currently hiring for Global Business Operations & BD Analyst (BLR-JOB-001), and I am ready to submit my application. Would you be open to reviewing my resume and submitting an internal employee referral? I would be glad to share my details and resume link.

Thank you so much for considering!

Best regards,
Aditya Mehra
+91-7003456624 | adityamehra799@gmail.com",READY_FOR_APPROVAL,2026-09-18,,,,NOT_CONTACTED,,,No,No,No,No,
OUT-STRK-296,PER-STK-STRK-296,,BLR-JOB-001,Smitha G,Accenture,Global Business Operations & BD Analyst,LinkedIn,Touch 1 InMail,Application: Global Business Operations & BD Analyst — Aditya Mehra,"Subject: Fellow Bangalore Professional / Referral Request for Global Business Operations & BD Analyst (BLR-JOB-001)

Hi Smitha,

I hope you're having a productive week! I came across your profile and noticed your journey at Accenture in Bengaluru.

I am currently in my final year at Dayananda Sagar University (DSU), completing my BBA in International Business (Class of 2026). My experience includes:
- Lead Coordinator at AERO India 2025 and 300+ on-ground event operations deployments.
- Structured Tier-1 supplier rate cards and enforced strict delivery SLAs.
- AI Data Operations at Instawork and commercial client operations execution.

Accenture is currently hiring for Global Business Operations & BD Analyst (BLR-JOB-001), and I am ready to submit my application. Would you be open to reviewing my resume and submitting an internal employee referral? I would be glad to share my details and resume link.

Thank you so much for considering!

Best regards,
Aditya Mehra
+91-7003456624 | adityamehra799@gmail.com",READY_FOR_APPROVAL,2026-09-18,,,,NOT_CONTACTED,,,No,No,No,No,
OUT-STRK-297,PER-STK-STRK-297,,BLR-JOB-001,Krishnendhu Harilal Nair,Accenture,Global Business Operations & BD Analyst,LinkedIn,Touch 1 InMail,Application: Global Business Operations & BD Analyst — Aditya Mehra,"Subject: Fellow Bangalore Professional / Referral Request for Global Business Operations & BD Analyst (BLR-JOB-001)

Hi Krishnendhu,

I hope you're having a productive week! I came across your profile and noticed your journey at Accenture in Bengaluru.

I am currently in my final year at Dayananda Sagar University (DSU), completing my BBA in International Business (Class of 2026). My experience includes:
- Lead Coordinator at AERO India 2025 and 300+ on-ground event operations deployments.
- Structured Tier-1 supplier rate cards and enforced strict delivery SLAs.
- AI Data Operations at Instawork and commercial client operations execution.

Accenture is currently hiring for Global Business Operations & BD Analyst (BLR-JOB-001), and I am ready to submit my application. Would you be open to reviewing my resume and submitting an internal employee referral? I would be glad to share my details and resume link.

Thank you so much for considering!

Best regards,
Aditya Mehra
+91-7003456624 | adityamehra799@gmail.com",READY_FOR_APPROVAL,2026-09-18,,,,NOT_CONTACTED,,,No,No,No,No,
OUT-STRK-298,PER-STK-STRK-298,,BLR-JOB-001,Prakrati Singh,Accenture,Global Business Operations & BD Analyst,LinkedIn,Touch 1 InMail,Application: Global Business Operations & BD Analyst — Aditya Mehra,"Subject: Fellow Bangalore Professional / Referral Request for Global Business Operations & BD Analyst (BLR-JOB-001)

Hi Prakrati,

I hope you're having a productive week! I came across your profile and noticed your journey at Accenture in Bengaluru.

I am currently in my final year at Dayananda Sagar University (DSU), completing my BBA in International Business (Class of 2026). My experience includes:
- Lead Coordinator at AERO India 2025 and 300+ on-ground event operations deployments.
- Structured Tier-1 supplier rate cards and enforced strict delivery SLAs.
- AI Data Operations at Instawork and commercial client operations execution.

Accenture is currently hiring for Global Business Operations & BD Analyst (BLR-JOB-001), and I am ready to submit my application. Would you be open to reviewing my resume and submitting an internal employee referral? I would be glad to share my details and resume link.

Thank you so much for considering!

Best regards,
Aditya Mehra
+91-7003456624 | adityamehra799@gmail.com",READY_FOR_APPROVAL,2026-09-18,,,,NOT_CONTACTED,,,No,No,No,No,
OUT-STRK-299,PER-STK-STRK-299,,BLR-JOB-001,Atshaya Sree,Accenture,Global Business Operations & BD Analyst,LinkedIn,Touch 1 InMail,Application: Global Business Operations & BD Analyst — Aditya Mehra,"Subject: Fellow Bangalore Professional / Referral Request for Global Business Operations & BD Analyst (BLR-JOB-001)

Hi Atshaya,

I hope you're having a productive week! I came across your profile and noticed your journey at Accenture in Bengaluru.

I am currently in my final year at Dayananda Sagar University (DSU), completing my BBA in International Business (Class of 2026). My experience includes:
- Lead Coordinator at AERO India 2025 and 300+ on-ground event operations deployments.
- Structured Tier-1 supplier rate cards and enforced strict delivery SLAs.
- AI Data Operations at Instawork and commercial client operations execution.

Accenture is currently hiring for Global Business Operations & BD Analyst (BLR-JOB-001), and I am ready to submit my application. Would you be open to reviewing my resume and submitting an internal employee referral? I would be glad to share my details and resume link.

Thank you so much for considering!

Best regards,
Aditya Mehra
+91-7003456624 | adityamehra799@gmail.com",READY_FOR_APPROVAL,2026-09-18,,,,NOT_CONTACTED,,,No,No,No,No,
OUT-STRK-300,PER-STK-STRK-300,,BLR-JOB-001,TANYA KUNWAR,Accenture,Global Business Operations & BD Analyst,LinkedIn,Touch 1 InMail,Application: Global Business Operations & BD Analyst — Aditya Mehra,"Subject: Fellow Bangalore Professional / Referral Request for Global Business Operations & BD Analyst (BLR-JOB-001)

Hi TANYA,

I hope you're having a productive week! I came across your profile and noticed your journey at Accenture in Bengaluru.

I am currently in my final year at Dayananda Sagar University (DSU), completing my BBA in International Business (Class of 2026). My experience includes:
- Lead Coordinator at AERO India 2025 and 300+ on-ground event operations deployments.
- Structured Tier-1 supplier rate cards and enforced strict delivery SLAs.
- AI Data Operations at Instawork and commercial client operations execution.

Accenture is currently hiring for Global Business Operations & BD Analyst (BLR-JOB-001), and I am ready to submit my application. Would you be open to reviewing my resume and submitting an internal employee referral? I would be glad to share my details and resume link.

Thank you so much for considering!

Best regards,
Aditya Mehra
+91-7003456624 | adityamehra799@gmail.com",READY_FOR_APPROVAL,2026-09-18,,,,NOT_CONTACTED,,,No,No,No,No,
