Job Title,Company,Company Tagline,Category / Track,Location Requirement,Date Posted,Estimated Compensation Band,Jobspresso URL
"Principal Product Manager, Conversational AI",Hopper,"Hopper uses big data to predict flight and hotel prices, and will notify you when it's the best time to book 🐰 🔮 ✈️",Product,Various US States,August 28,"$140,000 - $210,000 USD (₹1.1Cr - ₹1.7Cr INR)",https://jobspresso.co/job/principal-product-manager-conversational-ai/
"Senior Full Stack Engineer, Realtime & Voice",Hopper,"Hopper uses big data to predict flight and hotel prices, and will notify you when it's the best time to book 🐰 🔮 ✈️",Engineer,Canada,August 28,"$90,000 - $165,000 USD (₹75L - ₹1.4Cr INR)",https://jobspresso.co/job/senior-full-stack-engineer-realtime-voice/
Senior Technical Account Manager,1Password,"The best way to keep you, your family and business safe online. Go ahead. Forget your passwords.",Sales,"United States, Canada",August 28,"$90,000 - $165,000 USD (₹75L - ₹1.4Cr INR)",https://jobspresso.co/job/senior-technical-account-manager/
"Senior Staff Product Manager, Device Security",1Password,"The best way to keep you, your family and business safe online. Go ahead. Forget your passwords.",Product,"United States, Canada",August 28,"$140,000 - $210,000 USD (₹1.1Cr - ₹1.7Cr INR)",https://jobspresso.co/job/senior-staff-product-manager-device-security/
Senior Product Designer,The Athletic,The Athletic delivers powerful stories and smart analysis that bring sports fans closer to the heart of the game.,Design,United States,August 9,"$90,000 - $165,000 USD (₹75L - ₹1.4Cr INR)",https://jobspresso.co/job/senior-product-designer-22/
Data Science & Engineering Manager,AllTrails,AllTrails is your guide to the outdoors! Explore 200k trail guides with reviews & photos from 30M+ outdoor enthusiasts.,"AI & Data, Engineer",United States,August 7,"$90,000 - $165,000 USD (₹75L - ₹1.4Cr INR)",https://jobspresso.co/job/data-science-engineering-manager/
Staff Software Engineer,Samsara,"Digitizing the world of physical operations to increase the efficiency, safety, and sustainability of the operations that power the global economy.",Engineer,Canada,August 3,"$140,000 - $210,000 USD (₹1.1Cr - ₹1.7Cr INR)",https://jobspresso.co/job/staff-software-engineer-3/
Senior Software Engineer – k6 Core,Grafana Labs,Understand all of your metrics with dashboards that are easy to create and share.,Engineer,United States (EST Time Zone),July 30,"$90,000 - $165,000 USD (₹75L - ₹1.4Cr INR)",https://jobspresso.co/job/senior-software-engineer-k6-core/
"Remote Stock & Options Trader (Trade Firm Capital, Keep Up to 90% of Profits)",Maverick Trading,Empowering the World One Trader at a Time. Trade our capital and keep 65-90% of the profits,Others,"US, Canada, Americas, Europe, UK, Mexico, Australia, New Zealand, Japan, Singapore",July 23,"$70,000 - $120,000 USD (₹58L - ₹1.0Cr INR)",https://jobspresso.co/job/maverick-trading-worldwide-various-remote-stock-options-trader-trade-firm-capital-keep-up-to-90-of-profits/
Content Reviewer (United States),TELUS Digital,Join our global AI Community of 1 million+ annotators and linguists in helping companies test and improve machine learning models.,"Others, Support",United States,July 22,"$70,000 - $120,000 USD (₹58L - ₹1.0Cr INR)",https://jobspresso.co/job/telus-digital-usa-various-support-content-reviewer-united-states/
Mitarbeiter/in (m/w/d) für Datenanalysen | Remote,WET Beratungs- und Beteiligungsgesellschaft mbH,,Others,"Germany , Austria, Luxemburg",July 16,"$70,000 - $120,000 USD (₹58L - ₹1.0Cr INR)",https://jobspresso.co/job/wet-beratungs-und-beteiligungsgesellschaft-mbh-germany-austria-luxemburg-various-mitarbeiter-in-m-w-d-fur-datenanalysen-remote/
"Back End Engineer, PHP",Airalo,"Alo! The world's first eSIM store, helping people connect in over 200+ countries and regions.",Marketing,"United Kingdom, Spain, Dubai",July 8,"$70,000 - $120,000 USD (₹58L - ₹1.0Cr INR)",https://jobspresso.co/job/back-end-engineer-php/
"Senior Manager, Product Marketing",Airalo,"Alo! The world's first eSIM store, helping people connect in over 200+ countries and regions.",Marketing,"United Kingdom, Spain, Dubai",July 8,"$90,000 - $165,000 USD (₹75L - ₹1.4Cr INR)",https://jobspresso.co/job/senior-manager-product-marketing-2/
Senior DevOps Engineer,Fullscript,Practitioners use Fullscript to build better patient relationships through quality supplementation and intuitive tools for treatment adherence — all at no cost.,Engineer,Canada,July 4,"$90,000 - $165,000 USD (₹75L - ₹1.4Cr INR)",https://jobspresso.co/job/senior-devops-engineer-4/
"Software Developer, Billing Integrations",1Password,"The best way to keep you, your family and business safe online. Go ahead. Forget your passwords.",Engineer,"United States, Canada",June 30,"$70,000 - $120,000 USD (₹58L - ₹1.0Cr INR)",https://jobspresso.co/job/software-developer-billing-integrations/
Senior Administrative Assistant,1Password,"The best way to keep you, your family and business safe online. Go ahead. Forget your passwords.",Support,"United States, Canada",June 30,"$90,000 - $165,000 USD (₹75L - ₹1.4Cr INR)",https://jobspresso.co/job/senior-administrative-assistant/
Senior Staff Software Engineer,Rula,Our mission is to make mental healthcare work for everyone.,Engineer,United States,June 26,"$140,000 - $210,000 USD (₹1.1Cr - ₹1.7Cr INR)",https://jobspresso.co/job/senior-staff-software-engineer/
Senior Product Designer,Super,"Helping people spend less, save more, and build credit.",Design,"United States, Canada",June 22,"$90,000 - $165,000 USD (₹75L - ₹1.4Cr INR)",https://jobspresso.co/job/senior-product-designer-21/
"Senior Software Engineer, Data Platform",Super,"Helping people spend less, save more, and build credit.","AI & Data, Engineer","United States, Canada",June 22,"$90,000 - $165,000 USD (₹75L - ₹1.4Cr INR)",https://jobspresso.co/job/senior-software-engineer-data-platform-4/
"Engineering Manager, Patient",Rula,Our mission is to make mental healthcare work for everyone.,Engineer,United States,June 6,"$90,000 - $165,000 USD (₹75L - ₹1.4Cr INR)",https://jobspresso.co/job/engineering-manager-patient/
Director of Marketing Analytics,Rula,Our mission is to make mental healthcare work for everyone.,Marketing,United States,June 6,"$150,000 - $240,000 USD (₹1.2Cr - ₹2.0Cr INR)",https://jobspresso.co/job/director-marketing-analytics/
Staff Data Scientist,Quora,A place to share knowledge and better understand the world.,AI & Data,Various Countries,June 3,"$140,000 - $210,000 USD (₹1.1Cr - ₹1.7Cr INR)",https://jobspresso.co/job/staff-data-scientist/
"Staff Product Manager, AI Personalization",Airbnb,Opening the door to extraordinary experiences,Product,United States,May 12,"$140,000 - $210,000 USD (₹1.1Cr - ₹1.7Cr INR)",https://jobspresso.co/job/staff-product-manager-ai-personalization/
"Staff Software Engineer, Airfam Products",Airbnb,Opening the door to extraordinary experiences,Engineer,United States,May 12,"$140,000 - $210,000 USD (₹1.1Cr - ₹1.7Cr INR)",https://jobspresso.co/job/staff-software-engineer-airfam-products/
Staff Product Designer,The Athletic,The Athletic delivers powerful stories and smart analysis that bring sports fans closer to the heart of the game.,AI & Data,United States,April 6,"$140,000 - $210,000 USD (₹1.1Cr - ₹1.7Cr INR)",https://jobspresso.co/job/staff-product-designer-3/
"Senior Frontend Developer, Design Systems",1Password,"The best way to keep you, your family and business safe online. Go ahead. Forget your passwords.",Engineer,"United States, Canada",March 10,"$90,000 - $165,000 USD (₹75L - ₹1.4Cr INR)",https://jobspresso.co/job/senior-frontend-developer-design-systems/
"Senior Developer (Windows), Product Security",1Password,"The best way to keep you, your family and business safe online. Go ahead. Forget your passwords.",Engineer,"United States, Canada",March 10,"$90,000 - $165,000 USD (₹75L - ₹1.4Cr INR)",https://jobspresso.co/job/senior-developer-windows-product-security/
Software Engineer II,Samsara,"Digitizing the world of physical operations to increase the efficiency, safety, and sustainability of the operations that power the global economy.",Engineer,United Kingdom,January 20,"$70,000 - $120,000 USD (₹58L - ₹1.0Cr INR)",https://jobspresso.co/job/software-engineer-ii-3/
"Senior Performance Marketing Manager, Paid Media",Samsara,"Digitizing the world of physical operations to increase the efficiency, safety, and sustainability of the operations that power the global economy.",Marketing,United States,January 20,"$90,000 - $165,000 USD (₹75L - ₹1.4Cr INR)",https://jobspresso.co/job/senior-performance-marketing-manager-paid-media/
Software Quality Operations Specialist,Waymo,Waymo is an autonomous driving technology company creating a new way forward in mobility.,Engineer,United States,January 17,"$45,000 - $85,000 USD (₹38L - ₹70L INR)",https://jobspresso.co/job/software-quality-operations-specialist/
"Machine Learning Engineer, Foundation Model Evaluation",Waymo,Waymo is an autonomous driving technology company creating a new way forward in mobility.,AI & Data,United States,January 17,"$70,000 - $120,000 USD (₹58L - ₹1.0Cr INR)",https://jobspresso.co/job/machine-learning-engineer-foundation-model-evaluation-2/
"Analytics Lead, Card Platform",Affirm,"A smarter way to pay. Get what you love and need, and pay over time with no hidden or late fees.",AI & Data,United States,January 15,"$90,000 - $165,000 USD (₹75L - ₹1.4Cr INR)",https://jobspresso.co/job/analytics-lead-card-platform/
"Enterprise Account Executive, Canada Growth",Grafana Labs,Understand all of your metrics with dashboards that are easy to create and share.,Sales,United States (EST Time Zone),January 14,"$70,000 - $120,000 USD (₹58L - ₹1.0Cr INR)",https://jobspresso.co/job/enterprise-account-executive-canada-growth/
Customer Support Specialist,AllTrails,AllTrails is your guide to the outdoors! Explore 200k trail guides with reviews & photos from 30M+ outdoor enthusiasts.,Support,United States,January 9,"$45,000 - $85,000 USD (₹38L - ₹70L INR)",https://jobspresso.co/job/customer-support-specialist-17/
"Customer Support Specialist, USA",Aircall,"With Aircall, teams can quickly connect with customers over WhatsApp, calls, and SMS from a single business number.",Support,United States,January 9,"$45,000 - $85,000 USD (₹38L - ₹70L INR)",https://jobspresso.co/job/customer-support-specialist-usa/
"Senior Developer, Backend",1Password,"The best way to keep you, your family and business safe online. Go ahead. Forget your passwords.",Engineer,"United States, Canada",January 8,"$90,000 - $165,000 USD (₹75L - ₹1.4Cr INR)",https://jobspresso.co/job/senior-developer-backend/
"Principal Product Marketing Manager, Developer",1Password,"The best way to keep you, your family and business safe online. Go ahead. Forget your passwords.",Marketing,"United States, Canada",January 8,"$140,000 - $210,000 USD (₹1.1Cr - ₹1.7Cr INR)",https://jobspresso.co/job/principal-product-marketing-manager-developer/
Product Analyst,Substack,The app for independent voices.,Product,United States,January 6,"$70,000 - $120,000 USD (₹58L - ₹1.0Cr INR)",https://jobspresso.co/job/product-analyst-3/
Mobile Software Engineer – Enterprise,Substack,The app for independent voices.,Engineer,United States,January 6,"$70,000 - $120,000 USD (₹58L - ₹1.0Cr INR)",https://jobspresso.co/job/mobile-software-engineer-enterprise/
"Staff UX Designer, AI Investment",Mozilla,A non-profit with one mission: defend the free and open web.,Design,"United States, Canada, Germany, UK",January 2,"$140,000 - $210,000 USD (₹1.1Cr - ₹1.7Cr INR)",https://jobspresso.co/job/staff-ux-designer-ai-investment/
"Staff Software Engineer, Graphics",Mozilla,A non-profit with one mission: defend the free and open web.,Engineer,"United States, Canada, Germany, UK",January 2,"$140,000 - $210,000 USD (₹1.1Cr - ₹1.7Cr INR)",https://jobspresso.co/job/staff-software-engineer-graphics/
"Technical Program Manager, Release",Waymo,Waymo is an autonomous driving technology company creating a new way forward in mobility.,"Engineer, Others",United States,January 2,"$90,000 - $165,000 USD (₹75L - ₹1.4Cr INR)",https://jobspresso.co/job/technical-program-manager-release-2/
Staff Data Engineer,Databricks,"Databricks is the data and AI company, helping data + AI teams solve the world's toughest problems.",Engineer,"California, United States",January 1,"$140,000 - $210,000 USD (₹1.1Cr - ₹1.7Cr INR)",https://jobspresso.co/job/staff-data-engineer/
Staff Product Security Engineer,Databricks,"Databricks is the data and AI company, helping data + AI teams solve the world's toughest problems.",Engineer,United Kingdom,January 1,"$140,000 - $210,000 USD (₹1.1Cr - ₹1.7Cr INR)",https://jobspresso.co/job/staff-product-security-engineer/
Senior Machine Learning Engineer,Samsara,"Digitizing the world of physical operations to increase the efficiency, safety, and sustainability of the operations that power the global economy.",AI & Data,United States,December 30,"$90,000 - $165,000 USD (₹75L - ₹1.4Cr INR)",https://jobspresso.co/job/senior-machine-learning-engineer-4/
"Technical Support Engineer, Software",Samsara,"Digitizing the world of physical operations to increase the efficiency, safety, and sustainability of the operations that power the global economy.","Engineer, Support",United States,December 30,"$45,000 - $85,000 USD (₹38L - ₹70L INR)",https://jobspresso.co/job/technical-support-engineer-software/
"Senior Software Engineer, AI",Webflow,"Webflow is the way to design, build, and launch powerful websites visually — without coding.","AI & Data, Engineer","United States, Canada",December 28,"$90,000 - $165,000 USD (₹75L - ₹1.4Cr INR)",https://jobspresso.co/job/senior-software-engineer-ai/
"Software Engineer, Profile & Community",Airbnb,Opening the door to extraordinary experiences,Engineer,United States,December 6,"$70,000 - $120,000 USD (₹58L - ₹1.0Cr INR)",https://jobspresso.co/job/software-engineer-profile-community/
"Senior Frontend Engineer, GraphQL & Networking Platform",Airbnb,Opening the door to extraordinary experiences,Engineer,United States,December 6,"$90,000 - $165,000 USD (₹75L - ₹1.4Cr INR)",https://jobspresso.co/job/senior-frontend-engineer-graphql-networking-platform/
"Staff Software Engineer, Online Database Infrastructure – Ingestion",Airbnb,Opening the door to extraordinary experiences,Engineer,United States,December 6,"$140,000 - $210,000 USD (₹1.1Cr - ₹1.7Cr INR)",https://jobspresso.co/job/staff-software-engineer-online-database-infrastructure-ingestion/
"Senior Data Analyst, Fraud",Super,"Helping people spend less, save more, and build credit.",AI & Data,"United States, Canada",December 5,"$90,000 - $165,000 USD (₹75L - ₹1.4Cr INR)",https://jobspresso.co/job/senior-data-analyst-fraud/
"Data Engineer, Analytics",The Athletic,The Athletic delivers powerful stories and smart analysis that bring sports fans closer to the heart of the game.,AI & Data,United States,December 5,"$70,000 - $120,000 USD (₹58L - ₹1.0Cr INR)",https://jobspresso.co/job/data-engineer-analytics/
"Senior Machine Learning Engineer, Automation Platform",Airbnb,Opening the door to extraordinary experiences,AI & Data,United States,November 9,"$90,000 - $165,000 USD (₹75L - ₹1.4Cr INR)",https://jobspresso.co/job/senior-machine-learning-engineer-automation-platform/
"Senior Software Engineer – Full Stack Developer, AWS",Samsara,"Digitizing the world of physical operations to increase the efficiency, safety, and sustainability of the operations that power the global economy.",Engineer,United States,November 9,"$90,000 - $165,000 USD (₹75L - ₹1.4Cr INR)",https://jobspresso.co/job/senior-software-engineer-full-stack-developer-aws/
Business Development Associate,Affirm,"A smarter way to pay. Get what you love and need, and pay over time with no hidden or late fees.",Sales,United States,November 7,"$45,000 - $85,000 USD (₹38L - ₹70L INR)",https://jobspresso.co/job/business-development-associate-2/
"Machine Learning Engineer Intern, Poe",Quora,A place to share knowledge and better understand the world.,AI & Data,Canada,November 4,"$45,000 - $85,000 USD (₹38L - ₹70L INR)",https://jobspresso.co/job/machine-learning-engineer-intern-poe/
Social & Community Manager,Affirm,"A smarter way to pay. Get what you love and need, and pay over time with no hidden or late fees.",Marketing,United States,October 27,"$90,000 - $165,000 USD (₹75L - ₹1.4Cr INR)",https://jobspresso.co/job/social-community-manager/
"Engineering Manager, GenAI Platform",Coinbase,The most trusted crypto exchange.,"AI & Data, Engineer",Canada,October 27,"$90,000 - $165,000 USD (₹75L - ₹1.4Cr INR)",https://jobspresso.co/job/engineering-manager-genai-platform/
Software Engineer,Reddit,"The heart of the internet, where millions gather for conversation and community.",Engineer,"Ontario, Canada",October 26,"$70,000 - $120,000 USD (₹58L - ₹1.0Cr INR)",https://jobspresso.co/job/software-engineer-30/
"Software Engineer, Security Accelerate",Stripe,Stripe is a global technology company that builds economic infrastructure for the internet.,Engineer,"United States, Canada",October 24,"$70,000 - $120,000 USD (₹58L - ₹1.0Cr INR)",https://jobspresso.co/job/software-engineer-security-accelerate/
Senior Product Marketing Manager,Grafana Labs,Understand all of your metrics with dashboards that are easy to create and share.,Marketing,United States (EST Time Zone),October 24,"$90,000 - $165,000 USD (₹75L - ₹1.4Cr INR)",https://jobspresso.co/job/senior-product-marketing-manager-9/
"Senior Frontend Engineer, Grafana Data Transforms",Grafana Labs,Understand all of your metrics with dashboards that are easy to create and share.,Engineer,United States (EST Time Zone),October 24,"$90,000 - $165,000 USD (₹75L - ₹1.4Cr INR)",https://jobspresso.co/job/senior-frontend-engineer-grafana-data-transforms/
"Senior Financial Analyst, Corporate Finance",Webflow,"Webflow is the way to design, build, and launch powerful websites visually — without coding.",Others,United States,October 22,"$90,000 - $165,000 USD (₹75L - ₹1.4Cr INR)",https://jobspresso.co/job/senior-financial-analyst-corporate-finance/
"Manager, Technical Support Level 1",Samsara,"Digitizing the world of physical operations to increase the efficiency, safety, and sustainability of the operations that power the global economy.",Support,Mexico,October 20,"$90,000 - $165,000 USD (₹75L - ₹1.4Cr INR)",https://jobspresso.co/job/manager-technical-support-level-1/
Marketing Operations Manager,Samsara,"Digitizing the world of physical operations to increase the efficiency, safety, and sustainability of the operations that power the global economy.",Marketing,Canada,October 20,"$90,000 - $165,000 USD (₹75L - ₹1.4Cr INR)",https://jobspresso.co/job/marketing-operations-manager/
AI Engineer (12 months or 18 months fixed-term),Khan Academy,"Working to make a free, world-class education available for anyone, anywhere. And having fun while doing it.",AI & Data,United States,October 19,"$70,000 - $120,000 USD (₹58L - ₹1.0Cr INR)",https://jobspresso.co/job/ai-engineer-12-months-18-months-fixed-term/
Operations Senior Associate,Coinbase,The most trusted crypto exchange.,Others,United Kingdom,October 18,"$90,000 - $165,000 USD (₹75L - ₹1.4Cr INR)",https://jobspresso.co/job/operations-senior-associate/
"Account Manager II, Institutional",Coinbase,The most trusted crypto exchange.,Sales,United States,October 18,"$90,000 - $165,000 USD (₹75L - ₹1.4Cr INR)",https://jobspresso.co/job/account-manager-ii-institutional/
Senior Software Engineer,Leonardo.Ai,Leonardo is a Generative AI content production suite.,Engineer,Australia,October 16,"$90,000 - $165,000 USD (₹75L - ₹1.4Cr INR)",https://jobspresso.co/job/senior-software-engineer-43/
Senior Engineering Manager,Rula,Our mission is to make mental healthcare work for everyone.,Engineer,United States,October 12,"$90,000 - $165,000 USD (₹75L - ₹1.4Cr INR)",https://jobspresso.co/job/senior-engineering-manager-2/
"Senior Frontend (Web) Software Engineer, Enterprise / Commerce",Hopper,"Hopper uses big data to predict flight and hotel prices, and will notify you when it's the best time to book 🐰 🔮 ✈️",Engineer,Various US Cities,October 10,"$90,000 - $165,000 USD (₹75L - ₹1.4Cr INR)",https://jobspresso.co/job/senior-frontend-web-software-engineer-enterprise-commerce/
Senior HR Business Partner,1Password,"The best way to keep you, your family and business safe online. Go ahead. Forget your passwords.",Others,United States,October 10,"$90,000 - $165,000 USD (₹75L - ₹1.4Cr INR)",https://jobspresso.co/job/senior-hr-business-partner/
Customer Operations Manager,1Password,"The best way to keep you, your family and business safe online. Go ahead. Forget your passwords.","Others, Support",United States or Canada,October 10,"$90,000 - $165,000 USD (₹75L - ₹1.4Cr INR)",https://jobspresso.co/job/customer-operations-manager/
"Senior Product Manager, Enterprise / Commerce",Hopper,"Hopper uses big data to predict flight and hotel prices, and will notify you when it's the best time to book 🐰 🔮 ✈️",Product,Vancouver or Toronto,October 8,"$90,000 - $165,000 USD (₹75L - ₹1.4Cr INR)",https://jobspresso.co/job/senior-product-manager-enterprise-commerce/
Software Engineer Intern,Khan Academy,"Working to make a free, world-class education available for anyone, anywhere. And having fun while doing it.",Engineer,United States or Canada,October 5,"$45,000 - $85,000 USD (₹38L - ₹70L INR)",https://jobspresso.co/job/software-engineer-intern-2/
Freelance Producer/Editor,Weedmaps,#Weedmaps is a community where businesses and consumers can search and discover #cannabis products.,AI & Data,United States,October 3,"$70,000 - $120,000 USD (₹58L - ₹1.0Cr INR)",https://jobspresso.co/job/freelance-producer-editor/
Customer Service Agent,Jerry,"Jerry is America's first and only AllCar™ app, on a mission to reinvent car ownership.",Support,United States,September 29,"$70,000 - $120,000 USD (₹58L - ₹1.0Cr INR)",https://jobspresso.co/job/customer-service-agent-4/
"Senior Software Engineer, Data Infrastructure",Quora,A place to share knowledge and better understand the world.,Engineer,Worldwide,September 29,"$90,000 - $165,000 USD (₹75L - ₹1.4Cr INR)",https://jobspresso.co/job/senior-software-engineer-data-infrastructure/
AI Engineer,Rula,Our mission is to make mental healthcare work for everyone.,AI & Data,United States,September 28,"$70,000 - $120,000 USD (₹58L - ₹1.0Cr INR)",https://jobspresso.co/job/ai-engineer/
"Staff Developer, AI",1Password,"The best way to keep you, your family and business safe online. Go ahead. Forget your passwords.",Engineer,United States,September 26,"$140,000 - $210,000 USD (₹1.1Cr - ₹1.7Cr INR)",https://jobspresso.co/job/staff-developer-ai/
"Senior Software Engineer, Full Stack",Pinterest,Bringing you the inspiration to create a life you love,Engineer,United States,September 24,"$90,000 - $165,000 USD (₹75L - ₹1.4Cr INR)",https://jobspresso.co/job/senior-software-engineer-full-stack-2/
Software Engineer Intern 2026,Pinterest,Bringing you the inspiration to create a life you love,Engineer,United States,September 24,"$45,000 - $85,000 USD (₹38L - ₹70L INR)",https://jobspresso.co/job/software-engineer-intern-2026/
"Senior Back-End Engineer, Forward Deployed",Deel,The all-in-one payroll & HR platform for global teams,Engineer,United States,September 11,"$90,000 - $165,000 USD (₹75L - ₹1.4Cr INR)",https://jobspresso.co/job/senior-back-end-engineer-forward-deployed/
"Backend Engineer, Node.js/Typescript",Deel,The all-in-one payroll & HR platform for global teams,Engineer,Various Countries,September 11,"$70,000 - $120,000 USD (₹58L - ₹1.0Cr INR)",https://jobspresso.co/job/backend-engineer-node-js-typescript/
Senior Data Scientist,Coinbase,The most trusted crypto exchange.,AI & Data,United States,September 8,"$90,000 - $165,000 USD (₹75L - ₹1.4Cr INR)",https://jobspresso.co/job/senior-data-scientist-3/
"Senior Software Engineer, Fullstack",Coinbase,The most trusted crypto exchange.,Marketing,United States,September 8,"$90,000 - $165,000 USD (₹75L - ₹1.4Cr INR)",https://jobspresso.co/job/senior-software-engineer-fullstack/
"Senior Full Stack Engineer, Ads",Reddit,"The heart of the internet, where millions gather for conversation and community.",Engineer,United States,September 5,"$90,000 - $165,000 USD (₹75L - ₹1.4Cr INR)",https://jobspresso.co/job/senior-full-stack-engineer-ads/
HR Generalist,Mozilla,A non-profit with one mission: defend the free and open web.,Others,"United States, Canada, Germany, UK",September 5,"$70,000 - $120,000 USD (₹58L - ₹1.0Cr INR)",https://jobspresso.co/job/hr-generalist-2/
"Staff Data Engineer, AI",Rula,Our mission is to make mental healthcare work for everyone.,AI & Data,United States,September 3,"$140,000 - $210,000 USD (₹1.1Cr - ₹1.7Cr INR)",https://jobspresso.co/job/staff-data-engineer-ai/
Director of Cloud & Platform Engineering,Rula,Our mission is to make mental healthcare work for everyone.,Engineer,United States,September 3,"$150,000 - $240,000 USD (₹1.2Cr - ₹2.0Cr INR)",https://jobspresso.co/job/director-cloud-platform-engineering/
"Senior Software Engineer, Database Monitoring",Datadog,Datadog is the monitoring and security platform for cloud applications.,Engineer,United States,September 2,"$90,000 - $165,000 USD (₹75L - ₹1.4Cr INR)",https://jobspresso.co/job/senior-software-engineer-database-monitoring/
"Staff Software Engineer, API Platform",Datadog,Datadog is the monitoring and security platform for cloud applications.,Engineer,Europe,September 2,"$140,000 - $210,000 USD (₹1.1Cr - ₹1.7Cr INR)",https://jobspresso.co/job/staff-software-engineer-api-platform/
Content Operations Associate,The Athletic,The Athletic delivers powerful stories and smart analysis that bring sports fans closer to the heart of the game.,Marketing,United States,August 30,"$45,000 - $85,000 USD (₹38L - ₹70L INR)",https://jobspresso.co/job/content-operations-associate/
"Customer Support Specialist, North America",Aircall,"With Aircall, teams can quickly connect with customers over WhatsApp, calls, and SMS from a single business number.",Support,North America,August 30,"$45,000 - $85,000 USD (₹38L - ₹70L INR)",https://jobspresso.co/job/customer-support-specialist-north-america/
"Senior Data Scientist, Crypto Products",Wealthsimple,"All of your investing, made simple.",AI & Data,United States or Canada,August 30,"$90,000 - $165,000 USD (₹75L - ₹1.4Cr INR)",https://jobspresso.co/job/senior-data-scientist-crypto-products/
"Senior User Researcher, AI",Rula,Our mission is to make mental healthcare work for everyone.,"AI & Data, Design",United States,August 28,"$90,000 - $165,000 USD (₹75L - ₹1.4Cr INR)",https://jobspresso.co/job/senior-user-researcher-ai/
Staff Product Designer,Jerry,"Jerry is America's first and only AllCar™ app, on a mission to reinvent car ownership.",Design,United States,August 28,"$140,000 - $210,000 USD (₹1.1Cr - ₹1.7Cr INR)",https://jobspresso.co/job/staff-product-designer-2/
Customer Success Manager (USA),Close.io,CRM + sales productivity tools for startups & small businesses. Remote-first.,Others,United States,August 25,"$90,000 - $165,000 USD (₹75L - ₹1.4Cr INR)",https://jobspresso.co/job/customer-success-manager-usa/
"Senior Software Engineer, Provider Experience",Rula,Our mission is to make mental healthcare work for everyone.,Engineer,United States,August 25,"$90,000 - $165,000 USD (₹75L - ₹1.4Cr INR)",https://jobspresso.co/job/senior-software-engineer-provider-experience/
"Engineering Manager, Developer Experience",Chainlink Labs,Chainlink is the universal platform for builders and financial institutions pioneering the future of global markets onchain. #LinkTheWorld,Engineer,Various Locations,August 24,"$90,000 - $165,000 USD (₹75L - ₹1.4Cr INR)",https://jobspresso.co/job/engineering-manager-developer-experience-2/
Product Marketing Manager,Chainlink Labs,Chainlink is the universal platform for builders and financial institutions pioneering the future of global markets onchain. #LinkTheWorld,Product,United States,August 24,"$90,000 - $165,000 USD (₹75L - ₹1.4Cr INR)",https://jobspresso.co/job/product-marketing-manager-13/
"Senior Manager, Engineering – Trust",Airbnb,Opening the door to extraordinary experiences,Engineer,United States,August 19,"$90,000 - $165,000 USD (₹75L - ₹1.4Cr INR)",https://jobspresso.co/job/senior-manager-engineering-trust/
"Senior Software Engineer, Growth Platform",Airbnb,Opening the door to extraordinary experiences,Engineer,United States,August 19,"$90,000 - $165,000 USD (₹75L - ₹1.4Cr INR)",https://jobspresso.co/job/senior-software-engineer-growth-platform/
"Manager, Cloud Security",Wealthsimple,"All of your investing, made simple.","Engineer, Others",United States or Canada,August 17,"$90,000 - $165,000 USD (₹75L - ₹1.4Cr INR)",https://jobspresso.co/job/manager-cloud-security/
Global Trainer,Rackspace,"Helping you grow your business, increase efficiency and deliver the future. Realize the full value of the cloud. ☁️",Others,United States,August 17,"$70,000 - $120,000 USD (₹58L - ₹1.0Cr INR)",https://jobspresso.co/job/global-trainer/
ModLab Community Coordinator (contract),Reddit,"The heart of the internet, where millions gather for conversation and community.",Others,United States,August 16,"$45,000 - $85,000 USD (₹38L - ₹70L INR)",https://jobspresso.co/job/modlab-community-coordinator-contract/
Principal Software Engineer,Weedmaps,#Weedmaps is a community where businesses and consumers can search and discover #cannabis products.,AI & Data,United States,August 14,"$140,000 - $210,000 USD (₹1.1Cr - ₹1.7Cr INR)",https://jobspresso.co/job/principal-software-engineer-2/
Machine Learning Engineer,Weedmaps,#Weedmaps is a community where businesses and consumers can search and discover #cannabis products.,AI & Data,United States,August 13,"$70,000 - $120,000 USD (₹58L - ₹1.0Cr INR)",https://jobspresso.co/job/machine-learning-engineer-2/
Creative Designer,Airship,We’re revolutionizing the way brands connect with customers.,Design,United States,August 13,"$70,000 - $120,000 USD (₹58L - ₹1.0Cr INR)",https://jobspresso.co/job/creative-designer/
Associate Data Analyst,Airship,We’re revolutionizing the way brands connect with customers.,AI & Data,United States,August 13,"$45,000 - $85,000 USD (₹38L - ₹70L INR)",https://jobspresso.co/job/associate-data-analyst/
"Major Account Executive, Acquisition",Grafana Labs,Understand all of your metrics with dashboards that are easy to create and share.,Sales,United States,August 13,"$70,000 - $120,000 USD (₹58L - ₹1.0Cr INR)",https://jobspresso.co/job/major-account-executive-acquisition/
"Senior Software Engineer, Grafana OSS Big Tent",Grafana Labs,Understand all of your metrics with dashboards that are easy to create and share.,Engineer,Canada,August 13,"$90,000 - $165,000 USD (₹75L - ₹1.4Cr INR)",https://jobspresso.co/job/senior-software-engineer-grafana-oss-big-tent/
Data Scientist,Jerry,"Jerry is America's first and only AllCar™ app, on a mission to reinvent car ownership.",AI & Data,United States,August 12,"$70,000 - $120,000 USD (₹58L - ₹1.0Cr INR)",https://jobspresso.co/job/data-scientist-16/
Senior Product Designer,Jerry,"Jerry is America's first and only AllCar™ app, on a mission to reinvent car ownership.",Design,United States,August 12,"$90,000 - $165,000 USD (₹75L - ₹1.4Cr INR)",https://jobspresso.co/job/senior-product-designer-20/
Senior QA Engineer,Close.io,CRM + sales productivity tools for startups & small businesses. Remote-first.,Engineer,United States,August 12,"$90,000 - $165,000 USD (₹75L - ₹1.4Cr INR)",https://jobspresso.co/job/senior-qa-engineer/
Staff and Senior Product Designer,Wealthsimple,"All of your investing, made simple.",Design,United States or Canada,August 12,"$140,000 - $210,000 USD (₹1.1Cr - ₹1.7Cr INR)",https://jobspresso.co/job/staff-senior-product-designer/
"Senior Software Developer, Product Engineering (Full Stack)",Wealthsimple,"All of your investing, made simple.",Engineer,United States or Canada,August 12,"$90,000 - $165,000 USD (₹75L - ₹1.4Cr INR)",https://jobspresso.co/job/senior-software-developer-product-engineering-full-stack/
"Engineering Manager, Site Reliability",Reddit,"The heart of the internet, where millions gather for conversation and community.",Engineer,United States,August 11,"$90,000 - $165,000 USD (₹75L - ₹1.4Cr INR)",https://jobspresso.co/job/engineering-manager-site-reliability/
"Staff Machine Learning Engineer, Ads Measurement",Reddit,"The heart of the internet, where millions gather for conversation and community.",AI & Data,"Ontario, Canada",August 11,"$140,000 - $210,000 USD (₹1.1Cr - ₹1.7Cr INR)",https://jobspresso.co/job/staff-machine-learning-engineer-ads-measurement/
"Senior Software Engineer, Frontend, Consumer",Kraken,"Kraken is your bridge to the world of crypto. Spot, Futures, Margin, Staking & OTC. Buy, sell, trade, earn, explore and learn.",Engineer,"Europe, France, Germany, Ireland, Netherlands, United Kingdom",August 11,"$90,000 - $165,000 USD (₹75L - ₹1.4Cr INR)",https://jobspresso.co/job/senior-software-engineer-frontend-consumer/
"Senior Software Engineer, Rust, Backend",Kraken,"Kraken is your bridge to the world of crypto. Spot, Futures, Margin, Staking & OTC. Buy, sell, trade, earn, explore and learn.",Engineer,United States,August 11,"$90,000 - $165,000 USD (₹75L - ₹1.4Cr INR)",https://jobspresso.co/job/senior-software-engineer-rust-backend/
Staff Marketing Analyst,Huntress,"Managed #cybersecurity without the complexity. EDR, ITDR, SIEM & SAT crafted for under-resourced IT and Security teams.",Marketing,United States,August 10,"$140,000 - $210,000 USD (₹1.1Cr - ₹1.7Cr INR)",https://jobspresso.co/job/staff-marketing-analyst/
Cloud Infrastructure Engineer Intern,Confluent,The World's Data Streaming Platform,Engineer,United Kingdom,August 10,"$45,000 - $85,000 USD (₹38L - ₹70L INR)",https://jobspresso.co/job/cloud-infrastructure-engineer-intern/
"Software Engineer, WarpStream",Confluent,The World's Data Streaming Platform,Engineer,United States,August 10,"$70,000 - $120,000 USD (₹58L - ₹1.0Cr INR)",https://jobspresso.co/job/software-engineer-warpstream/
Commercial Counsel,Confluent,The World's Data Streaming Platform,Others,"United States, Canada",August 8,"$70,000 - $120,000 USD (₹58L - ₹1.0Cr INR)",https://jobspresso.co/job/commercial-counsel/
"Data Analyst, Product",Kraken,"Kraken is your bridge to the world of crypto. Spot, Futures, Margin, Staking & OTC. Buy, sell, trade, earn, explore and learn.",AI & Data,United States,August 6,"$70,000 - $120,000 USD (₹58L - ₹1.0Cr INR)",https://jobspresso.co/job/data-analyst-product/
Data Scientist,Deel,The all-in-one payroll & HR platform for global teams,AI & Data,"Europe, Middle East, Africa",August 3,"$70,000 - $120,000 USD (₹58L - ₹1.0Cr INR)",https://jobspresso.co/job/data-scientist-15/
"Team Lead, Paid Search Marketing",Deel,The all-in-one payroll & HR platform for global teams,Marketing,Americas,August 3,"$90,000 - $165,000 USD (₹75L - ₹1.4Cr INR)",https://jobspresso.co/job/team-lead-paid-search-marketing/
"Senior Engineering Manager, Developer Experience",Rula,Our mission is to make mental healthcare work for everyone.,Engineer,United States,August 2,"$90,000 - $165,000 USD (₹75L - ₹1.4Cr INR)",https://jobspresso.co/job/senior-engineering-manager-developer-experience/
Senior Affiliate Marketing Manager,Rula,Our mission is to make mental healthcare work for everyone.,Marketing,United States,August 2,"$90,000 - $165,000 USD (₹75L - ₹1.4Cr INR)",https://jobspresso.co/job/senior-affiliate-marketing-manager/
Head of Enterprise Sales,Ramp,"The all‑in‑one financial operations platform designed to save businesses time and money. Trusted by 40,000+ teams.",Sales,United States,August 1,"$150,000 - $240,000 USD (₹1.2Cr - ₹2.0Cr INR)",https://jobspresso.co/job/head-enterprise-sales/
"Staff Backend Engineer, Grafana Databases Pyroscope",Grafana Labs,Understand all of your metrics with dashboards that are easy to create and share.,Engineer,United States,July 31,"$140,000 - $210,000 USD (₹1.1Cr - ₹1.7Cr INR)",https://jobspresso.co/job/staff-backend-engineer-grafana-databases-pyroscope/
Analytics Manager,Grafana Labs,Understand all of your metrics with dashboards that are easy to create and share.,"Marketing, Others, Sales",Canada,July 31,"$90,000 - $165,000 USD (₹75L - ₹1.4Cr INR)",https://jobspresso.co/job/analytics-manager/
Principal Analytics Engineer,Sony PlayStation,Sony Interactive Entertainment (SIE) is responsible for the PlayStation® brand and family of products and services.,AI & Data,United States,July 28,"$140,000 - $210,000 USD (₹1.1Cr - ₹1.7Cr INR)",https://jobspresso.co/job/principal-analytics-engineer/
Lead Data Scientist,Sony PlayStation,Sony Interactive Entertainment (SIE) is responsible for the PlayStation® brand and family of products and services.,AI & Data,United States,July 28,"$90,000 - $165,000 USD (₹75L - ₹1.4Cr INR)",https://jobspresso.co/job/lead-data-scientist/
Developer Advocate,Aircall,"With Aircall, teams can quickly connect with customers over WhatsApp, calls, and SMS from a single business number.","Engineer, Others",North America,July 22,"$70,000 - $120,000 USD (₹58L - ₹1.0Cr INR)",https://jobspresso.co/job/developer-advocate-5/
Customer Support Advocate,TaskRabbit,"Making everyday life easier for everyday people. We connect you with trusted, experienced Taskers to tackle all your home to-do's.",Support,United States,July 21,"$45,000 - $85,000 USD (₹38L - ₹70L INR)",https://jobspresso.co/job/customer-support-advocate-6/
Brand & Marketing Talent Manager,GoDaddy,Radically shifting the global economy one small business at a time.,Marketing,United States,July 20,"$90,000 - $165,000 USD (₹75L - ₹1.4Cr INR)",https://jobspresso.co/job/brand-marketing-talent-manager/
"Marketing Manager, Brand Partnerships",Coinbase,The most trusted crypto exchange.,Marketing,United States,July 19,"$90,000 - $165,000 USD (₹75L - ₹1.4Cr INR)",https://jobspresso.co/job/marketing-manager-brand-partnerships/
"Staff Machine Learning Engineer, AI Platform",Coinbase,The most trusted crypto exchange.,AI & Data,United States,July 19,"$140,000 - $210,000 USD (₹1.1Cr - ₹1.7Cr INR)",https://jobspresso.co/job/staff-machine-learning-engineer-ai-platform/
Full Stack Software Engineer,Atlassian,"Tools for teams, from startup to enterprise: Atlassian provides tools to help every team unleash their full potential.",Engineer,"United States, Canada",July 13,"$70,000 - $120,000 USD (₹58L - ₹1.0Cr INR)",https://jobspresso.co/job/full-stack-software-engineer-9/
"Senior Product Designer, Admin Experience",Atlassian,"Tools for teams, from startup to enterprise: Atlassian provides tools to help every team unleash their full potential.",Design,United States,July 13,"$90,000 - $165,000 USD (₹75L - ₹1.4Cr INR)",https://jobspresso.co/job/senior-product-designer-admin-experience/
People Operations Associate Generalist,Coinbase,The most trusted crypto exchange.,Others,United States,July 9,"$45,000 - $85,000 USD (₹38L - ₹70L INR)",https://jobspresso.co/job/people-operations-associate-generalist/
"Director, Product Management, Platform",Coinbase,The most trusted crypto exchange.,Product,United States,July 9,"$150,000 - $240,000 USD (₹1.2Cr - ₹2.0Cr INR)",https://jobspresso.co/job/director-product-management-platform/
Technical Architect,Miro,We're the innovation workspace where teams come together to create the future.,"Others, Sales",United States,July 7,"$90,000 - $165,000 USD (₹75L - ₹1.4Cr INR)",https://jobspresso.co/job/technical-architect-2/
"Product Designer, AI",Miro,We're the innovation workspace where teams come together to create the future.,Design,"Europe, Middle East, Africa",July 7,"$70,000 - $120,000 USD (₹58L - ₹1.0Cr INR)",https://jobspresso.co/job/product-designer-ai/
"Senior AI Engineer, Google Cloud",Rackspace,"Unlock the leading technologies to grow new revenue streams, increase efficiency, and build the future. #SolvingTogether",AI & Data,Canada,July 5,"$90,000 - $165,000 USD (₹75L - ₹1.4Cr INR)",https://jobspresso.co/job/senior-ai-engineer-google-cloud/
"Software Engineer II, Frontend",AllTrails,AllTrails is your guide to the outdoors! Explore 200k trail guides with reviews & photos from 30M+ outdoor enthusiasts.,Engineer,United States,July 5,"$70,000 - $120,000 USD (₹58L - ₹1.0Cr INR)",https://jobspresso.co/job/software-engineer-ii-frontend/
Senior Social Media Editor,The Athletic,The Athletic delivers powerful stories and smart analysis that bring sports fans closer to the heart of the game.,"Marketing, Writing",United States or Canada,July 4,"$90,000 - $165,000 USD (₹75L - ₹1.4Cr INR)",https://jobspresso.co/job/senior-social-media-editor-2/
Product Manager,The Athletic,The Athletic delivers powerful stories and smart analysis that bring sports fans closer to the heart of the game.,Product,United States,July 3,"$90,000 - $165,000 USD (₹75L - ₹1.4Cr INR)",https://jobspresso.co/job/product-manager-24/
"Machine Learning Engineer II, Ads Response Prediction",Instacart,Instacart invites the world to share love through food. This is how homemade is made.,AI & Data,United States,June 30,"$70,000 - $120,000 USD (₹58L - ₹1.0Cr INR)",https://jobspresso.co/job/machine-learning-engineer-ii-ads-response-prediction/
"Senior Android Engineer, Instacart Business",Instacart,Instacart invites the world to share love through food. This is how homemade is made.,Engineer,United States,June 30,"$90,000 - $165,000 USD (₹75L - ₹1.4Cr INR)",https://jobspresso.co/job/senior-android-engineer-instacart-business/
Senior Backend Developer (Node.js) / SRE,Binance,"Proudly serving the US with 150+ cryptocurrencies, low fees and cutting-edge technology.",Engineer,Europe & Asia,June 30,"$90,000 - $165,000 USD (₹75L - ₹1.4Cr INR)",https://jobspresso.co/job/senior-backend-developer-node-js-sre/
"Frontend Engineer, Compliance AI",Binance,"Proudly serving the US with 150+ cryptocurrencies, low fees and cutting-edge technology.",Engineer,Various Locations,June 30,"$70,000 - $120,000 USD (₹58L - ₹1.0Cr INR)",https://jobspresso.co/job/frontend-engineer-compliance-ai/
"Senior Software Engineer, Mozilla VPN",Mozilla,A non-profit with one mission: defend the free and open web.,Engineer,Various Locations,June 26,"$150,000 - $240,000 USD (₹1.2Cr - ₹2.0Cr INR)",https://jobspresso.co/job/senior-software-engineer-mozilla-vpn/
Senior Communications Manager,Mozilla,A non-profit with one mission: defend the free and open web.,"Marketing, Others",United States,June 26,"$90,000 - $165,000 USD (₹75L - ₹1.4Cr INR)",https://jobspresso.co/job/senior-communications-manager/
"Senior Project Manager, Finance",Hopper,"Hopper uses big data to predict flight and hotel prices, and will notify you when it's the best time to book 🐰 🔮 ✈️",Others,Various US Cities,June 23,"$90,000 - $165,000 USD (₹75L - ₹1.4Cr INR)",https://jobspresso.co/job/senior-project-manager-finance/
"Staff Software Engineer, Patient Experience",Rula,Our mission is to make mental healthcare work for everyone.,Engineer,United States,June 20,"$140,000 - $210,000 USD (₹1.1Cr - ₹1.7Cr INR)",https://jobspresso.co/job/staff-software-engineer-patient-experience/
Lifecycle Marketing Manager,Rula,Our mission is to make mental healthcare work for everyone.,Marketing,United States,June 20,"$90,000 - $165,000 USD (₹75L - ₹1.4Cr INR)",https://jobspresso.co/job/lifecycle-marketing-manager/
Customer Support Manager,Aircall,"Call center software, reinvented: easy to set up, easy to scale, integrates flawlessly with your favorite CRM. Make every conversation count!",Support,United States,June 18,"$90,000 - $165,000 USD (₹75L - ₹1.4Cr INR)",https://jobspresso.co/job/customer-support-manager-2/
"Staff Software Engineer, Onchain DevX",Coinbase,The most trusted crypto exchange.,Engineer,United States,June 16,"$140,000 - $210,000 USD (₹1.1Cr - ₹1.7Cr INR)",https://jobspresso.co/job/staff-software-engineer-onchain-devx/
Software Engineer,Coinbase,The most trusted crypto exchange.,Engineer,United States,June 16,"$70,000 - $120,000 USD (₹58L - ₹1.0Cr INR)",https://jobspresso.co/job/software-engineer-29/
AI Automation Engineer,Quora,A place to share knowledge and better understand the world.,"AI & Data, Engineer",Worldwide,June 13,"$70,000 - $120,000 USD (₹58L - ₹1.0Cr INR)",https://jobspresso.co/job/ai-automation-engineer/
"Senior Product Manager, Patient Experience",Rula,Our mission is to make mental healthcare work for everyone.,Product,United States,June 4,"$90,000 - $165,000 USD (₹75L - ₹1.4Cr INR)",https://jobspresso.co/job/senior-product-manager-patient-experience/
Data Scientist,Rula,Our mission is to make mental healthcare work for everyone.,AI & Data,United States,June 3,"$70,000 - $120,000 USD (₹58L - ₹1.0Cr INR)",https://jobspresso.co/job/data-scientist-14/
"Engineering Manager, Password Manager",1Password,"The best way to keep you, your family and business safe online. Go ahead. Forget your passwords.",Engineer,United States or Canda,May 29,"$90,000 - $165,000 USD (₹75L - ₹1.4Cr INR)",https://jobspresso.co/job/engineering-manager-password-manager/
Senior Social Media Specialist,1Password,"The best way to keep you, your family and business safe online. Go ahead. Forget your passwords.",Marketing,United States or Canda,May 28,"$90,000 - $165,000 USD (₹75L - ₹1.4Cr INR)",https://jobspresso.co/job/senior-social-media-specialist/
"Product Manager, Dashboard",Stripe,Stripe is a global technology company that builds economic infrastructure for the internet.,Product,United States,May 22,"$90,000 - $165,000 USD (₹75L - ₹1.4Cr INR)",https://jobspresso.co/job/product-manager-dashboard/
"Product Designer, Dashboard",Stripe,Stripe is a global technology company that builds economic infrastructure for the internet.,Design,United States,May 22,"$70,000 - $120,000 USD (₹58L - ₹1.0Cr INR)",https://jobspresso.co/job/product-designer-dashboard/
"Backend / API Engineer, Money as a Service",Stripe,Stripe is a global technology company that builds economic infrastructure for the internet.,Engineer,United States,May 22,"$70,000 - $120,000 USD (₹58L - ₹1.0Cr INR)",https://jobspresso.co/job/backend-api-engineer-money-service/
"Staff Backend Engineer, Grafana App Platform",Grafana Labs,Understand all of your metrics with dashboards that are easy to create and share.,Engineer,United Kingdom,May 20,"$140,000 - $210,000 USD (₹1.1Cr - ₹1.7Cr INR)",https://jobspresso.co/job/staff-backend-engineer-grafana-app-platform/
Technical Support and Sales Rep,GoDaddy,Radically shifting the global economy one small business at a time.,"Sales, Support",United States,May 17,"$45,000 - $85,000 USD (₹38L - ₹70L INR)",https://jobspresso.co/job/technical-support-sales-rep/
"Principal Product Manager, Commerce",GoDaddy,Radically shifting the global economy one small business at a time.,Product,United States,May 17,"$140,000 - $210,000 USD (₹1.1Cr - ₹1.7Cr INR)",https://jobspresso.co/job/principal-product-manager-commerce/
"Senior Product Manager, Network Growth",Affirm,"A smarter way to pay. Get what you love and need, and pay over time with no hidden or late fees.",Product,United States,May 13,"$90,000 - $165,000 USD (₹75L - ₹1.4Cr INR)",https://jobspresso.co/job/senior-product-manager-network-growth/
Software Engineer II,Affirm,"A smarter way to pay. Get what you love and need, and pay over time with no hidden or late fees.",Engineer,United States,May 13,"$70,000 - $120,000 USD (₹58L - ₹1.0Cr INR)",https://jobspresso.co/job/software-engineer-ii-2/
Senior Machine Learning Engineer,Affirm,"A smarter way to pay. Get what you love and need, and pay over time with no hidden or late fees.",AI & Data,United States,May 13,"$90,000 - $165,000 USD (₹75L - ₹1.4Cr INR)",https://jobspresso.co/job/senior-machine-learning-engineer-3/
Customer Success Enablement Manager,Miro,We're the innovation workspace where teams come together to create the future.,"Others, Sales",United States,May 12,"$90,000 - $165,000 USD (₹75L - ₹1.4Cr INR)",https://jobspresso.co/job/customer-success-enablement-manager/
Strategic Account Executive,Miro,We're the innovation workspace where teams come together to create the future.,Sales,United States,May 12,"$70,000 - $120,000 USD (₹58L - ₹1.0Cr INR)",https://jobspresso.co/job/strategic-account-executive-2/
"Senior Software Engineer, Scheduling",Rula,Our mission is to make mental healthcare work for everyone.,Engineer,United States,May 12,"$90,000 - $165,000 USD (₹75L - ₹1.4Cr INR)",https://jobspresso.co/job/senior-software-engineer-scheduling/
Senior FP&A Manager,Rula,Our mission is to make mental healthcare work for everyone.,Others,United States,May 12,"$90,000 - $165,000 USD (₹75L - ₹1.4Cr INR)",https://jobspresso.co/job/senior-fpa-manager/
"Customer Success Advocate, DevOps",Sonatype,Develop software fearlessly.,"Engineer, Others, Support",United States,May 9,"$70,000 - $120,000 USD (₹58L - ₹1.0Cr INR)",https://jobspresso.co/job/customer-success-advocate-devops/
Product Manager,Twilio,Changing communications forever by empowering software people to build the future of our modern communications apps.,Product,Anywhere,May 8,"$90,000 - $165,000 USD (₹75L - ₹1.4Cr INR)",https://jobspresso.co/job/product-manager-23/
Senior Data Engineer (L3),Twilio,Changing communications forever by empowering software people to build the future of our modern communications apps.,Engineer,Anywhere,May 8,"$90,000 - $165,000 USD (₹75L - ₹1.4Cr INR)",https://jobspresso.co/job/senior-data-engineer-l3/
"Product Designer II, Consumer",Coinbase,The most trusted crypto exchange.,Design,United States,May 3,"$70,000 - $120,000 USD (₹58L - ₹1.0Cr INR)",https://jobspresso.co/job/product-designer-ii-consumer/
Data Scientist II,Coinbase,The most trusted crypto exchange.,AI & Data,United States,May 3,"$70,000 - $120,000 USD (₹58L - ₹1.0Cr INR)",https://jobspresso.co/job/data-scientist-ii/
"Senior Software Engineer, Backend, Consumer – Coinbase Card",Coinbase,The most trusted crypto exchange.,Engineer,United States,May 3,"$90,000 - $165,000 USD (₹75L - ₹1.4Cr INR)",https://jobspresso.co/job/senior-software-engineer-backend-consumer-coinbase-card/
"Software Engineer, Full Stack, People Innovation",OpenAI,OpenAI’s mission is to ensure that artificial general intelligence benefits all of humanity.,Engineer,United States,May 2,"$70,000 - $120,000 USD (₹58L - ₹1.0Cr INR)",https://jobspresso.co/job/software-engineer-full-stack-people-innovation/
"Distributed Systems Engineer, Security",OpenAI,OpenAI’s mission is to ensure that artificial general intelligence benefits all of humanity.,"Engineer, Others",United States,May 2,"$70,000 - $120,000 USD (₹58L - ₹1.0Cr INR)",https://jobspresso.co/job/distributed-systems-engineer-security/
"Engineering Manager, Hotels",Airbnb,Opening the door to extraordinary experiences,Engineer,United States,May 1,"$90,000 - $165,000 USD (₹75L - ₹1.4Cr INR)",https://jobspresso.co/job/engineering-manager-hotels/
"Staff Software Engineer, Data for ML",Airbnb,Opening the door to extraordinary experiences,"AI & Data, Engineer",United States,May 1,"$140,000 - $210,000 USD (₹1.1Cr - ₹1.7Cr INR)",https://jobspresso.co/job/staff-software-engineer-data-ml/
Junior Developer,1Password,"The best way to keep you, your family and business safe online. Go ahead. Forget your passwords.",Engineer,United States or Canda,May 1,"$45,000 - $85,000 USD (₹38L - ₹70L INR)",https://jobspresso.co/job/junior-developer/
"Senior Product Manager, Data & Access Management",1Password,"The best way to keep you, your family and business safe online. Go ahead. Forget your passwords.",Product,United States or Canda,May 1,"$90,000 - $165,000 USD (₹75L - ₹1.4Cr INR)",https://jobspresso.co/job/senior-product-manager-data-access-management/
"Staff Machine Learning Engineer, Gen AI",Mozilla,A non-profit with one mission: defend the free and open web.,AI & Data,Various Locations,April 27,"$140,000 - $210,000 USD (₹1.1Cr - ₹1.7Cr INR)",https://jobspresso.co/job/staff-machine-learning-engineer-gen-ai/
"Manager, Marketing Data Science",Mozilla,A non-profit with one mission: defend the free and open web.,"AI & Data, Marketing","United States, Canada",April 27,"$90,000 - $165,000 USD (₹75L - ₹1.4Cr INR)",https://jobspresso.co/job/manager-marketing-data-science/
Senior Software Engineer,Mozilla,A non-profit with one mission: defend the free and open web.,Engineer,"United States, Canada",April 27,"$90,000 - $165,000 USD (₹75L - ₹1.4Cr INR)",https://jobspresso.co/job/senior-software-engineer-42/
Full-Stack Software Engineer,Orita,Orita is an AI-powered marketing tool that helps DTC brands maximize sales from their existing customer lists.,Engineer,United States or Canada,April 24,"$70,000 - $120,000 USD (₹58L - ₹1.0Cr INR)",https://jobspresso.co/job/full-stack-software-engineer-8/
Senior Machine Learning Engineer,Orita,Orita is an AI-powered marketing tool that helps DTC brands maximize sales from their existing customer lists.,AI & Data,United States,April 24,"$90,000 - $165,000 USD (₹75L - ₹1.4Cr INR)",https://jobspresso.co/job/senior-machine-learning-engineer-2/
"Senior Android Engineer, Poe",Quora,A place to share knowledge and better understand the world.,Engineer,Worldwide,April 24,"$90,000 - $165,000 USD (₹75L - ₹1.4Cr INR)",https://jobspresso.co/job/senior-android-engineer-poe/
"Machine Learning Engineer, Foundation Model Evaluation",Waymo,Waymo is an autonomous driving technology company creating a new way forward in mobility.,"AI & Data, Engineer",United States,April 22,"$70,000 - $120,000 USD (₹58L - ₹1.0Cr INR)",https://jobspresso.co/job/machine-learning-engineer-foundation-model-evaluation/
"Technical Program Manager, Release",Waymo,Waymo is an autonomous driving technology company creating a new way forward in mobility.,Others,United States,April 22,"$90,000 - $165,000 USD (₹75L - ₹1.4Cr INR)",https://jobspresso.co/job/technical-program-manager-release/
"Software Engineer, Frontend",Chainlink Labs,Chainlink is the universal platform for builders and financial institutions pioneering the future of global markets onchain. #LinkTheWorld,Engineer,Various Locations,April 21,"$70,000 - $120,000 USD (₹58L - ₹1.0Cr INR)",https://jobspresso.co/job/software-engineer-frontend-4/
"Strategic Account Manager, DeFi",Chainlink Labs,Chainlink is the universal platform for builders and financial institutions pioneering the future of global markets onchain. #LinkTheWorld,Sales,United States or Europe,April 21,"$90,000 - $165,000 USD (₹75L - ₹1.4Cr INR)",https://jobspresso.co/job/strategic-account-manager-defi/
"Senior Blockchain Engineer, DEX Data",Binance,"Proudly serving the US with 150+ cryptocurrencies, low fees and cutting-edge technology.",Engineer,Various Locations,April 17,"$90,000 - $165,000 USD (₹75L - ₹1.4Cr INR)",https://jobspresso.co/job/senior-blockchain-engineer-dex-data/
"Senior Software Engineer, Community Support Engineering",Airbnb,Opening the door to extraordinary experiences,Engineer,United States,April 15,"$90,000 - $165,000 USD (₹75L - ₹1.4Cr INR)",https://jobspresso.co/job/senior-software-engineer-community-support-engineering/
Staff Experience Designer,Airbnb,Opening the door to extraordinary experiences,Design,United States,April 15,"$140,000 - $210,000 USD (₹1.1Cr - ₹1.7Cr INR)",https://jobspresso.co/job/staff-experience-designer/
"Staff Data Scientist, Notification & Engagement Strategy",Airbnb,Opening the door to extraordinary experiences,AI & Data,United States,April 15,"$140,000 - $210,000 USD (₹1.1Cr - ₹1.7Cr INR)",https://jobspresso.co/job/staff-data-scientist-notification-engagement-strategy/
"Manager, Growth and AI",Wealthsimple,"All of your investing, made simple.","Others, Sales",United States or Canada,April 13,"$90,000 - $165,000 USD (₹75L - ₹1.4Cr INR)",https://jobspresso.co/job/senior-product-designer-managed-invest-crypto-2/
Associate Project Manager,BenchSci,We empower scientists with the world's most advanced biomedical artificial intelligence to exponentially increase the speed and quality of life-saving research.,Others,Canada,April 13,"$90,000 - $165,000 USD (₹75L - ₹1.4Cr INR)",https://jobspresso.co/job/associate-project-manager/
Associate Programming Editor,The Athletic,The Athletic delivers powerful stories and smart analysis that bring sports fans closer to the heart of the game.,Writing,United States or Canada,April 10,"$45,000 - $85,000 USD (₹38L - ₹70L INR)",https://jobspresso.co/job/associate-programming-editor/
Senior Social Media Editor,The Athletic,The Athletic delivers powerful stories and smart analysis that bring sports fans closer to the heart of the game.,Marketing,United States or Canada,April 10,"$90,000 - $165,000 USD (₹75L - ₹1.4Cr INR)",https://jobspresso.co/job/senior-social-media-editor/
"Senior Software Engineer, NodeJS",Leonardo.Ai,Leonardo is a Generative AI content production suite.,Engineer,Australia,April 6,"$90,000 - $165,000 USD (₹75L - ₹1.4Cr INR)",https://jobspresso.co/job/senior-software-engineer-nodejs/
"Tech Lead, Engineering",Deel,The all-in-one payroll & HR platform for global teams,Engineer,Various Countries,April 6,"$90,000 - $165,000 USD (₹75L - ₹1.4Cr INR)",https://jobspresso.co/job/tech-lead-engineering/
Customer Success Manager,Deel,The all-in-one payroll & HR platform for global teams,Others,"North America, Latin America",April 6,"$90,000 - $165,000 USD (₹75L - ₹1.4Cr INR)",https://jobspresso.co/job/customer-success-manager-22/
HR Business Partner,Rula,Our mission is to make mental healthcare work for everyone.,Others,United States,April 3,"$70,000 - $120,000 USD (₹58L - ₹1.0Cr INR)",https://jobspresso.co/job/hr-business-partner-2/
"Software Engineer II, Partnerships",Rula,Our mission is to make mental healthcare work for everyone.,Engineer,United States,April 2,"$70,000 - $120,000 USD (₹58L - ₹1.0Cr INR)",https://jobspresso.co/job/software-engineer-ii-partnerships/
Technical Sourcer,DuckDuckGo,"Independent internet privacy company. Download our browser on mobile and desktop. Unlike Chrome, it has privacy built in, including our private search engine.",Others,Various Countries,March 22,"$70,000 - $120,000 USD (₹58L - ₹1.0Cr INR)",https://jobspresso.co/job/technical-sourcer-3/
"Senior Product Designer, Managed Invest & Crypto",Wealthsimple,"All of your investing, made simple.",Design,Canada,March 19,"$90,000 - $165,000 USD (₹75L - ₹1.4Cr INR)",https://jobspresso.co/job/senior-product-designer-managed-invest-crypto/
"Customer Success Manager, SMB",1Password,"The best way to keep you, your family and business safe online. Go ahead. Forget your passwords.",Others,United States or Canda,March 19,"$90,000 - $165,000 USD (₹75L - ₹1.4Cr INR)",https://jobspresso.co/job/customer-success-manager-smb-2/
Design Operations Manager,AllTrails,AllTrails is your guide to the outdoors! Explore 200k trail guides with reviews & photos from 30M+ outdoor enthusiasts.,Design,United States,March 18,"$90,000 - $165,000 USD (₹75L - ₹1.4Cr INR)",https://jobspresso.co/job/design-operations-manager/
"Software Engineer, Foundations",Chainlink Labs,Chainlink is the universal platform for builders and financial institutions pioneering the future of global markets onchain. #LinkTheWorld,Engineer,Worldwide,March 14,"$70,000 - $120,000 USD (₹58L - ₹1.0Cr INR)",https://jobspresso.co/job/software-engineer-foundations/
Sales Manager,ModSquad,"We engage, moderate, and support audiences for the world's biggest brands - around the clock and across the globe. 🌎💻",Sales,Various Countries,March 13,"$90,000 - $165,000 USD (₹75L - ₹1.4Cr INR)",https://jobspresso.co/job/sales-manager-6/
Staff Technical Program Manager,1Password,"The best way to keep you, your family and business safe online. Go ahead. Forget your passwords.",Others,United States or Canda,March 10,"$140,000 - $210,000 USD (₹1.1Cr - ₹1.7Cr INR)",https://jobspresso.co/job/staff-technical-program-manager/
Copy Editor,Morning Brew,"The top business news from Wall Street to Silicon Valley, daily.",Writing,United States,March 5,"$70,000 - $120,000 USD (₹58L - ₹1.0Cr INR)",https://jobspresso.co/job/copy-editor-7/
"Sr. Growth Marketing Manager, B2B Partnerships",Rula,Our mission is to make mental healthcare work for everyone.,Marketing,United States,March 1,"$90,000 - $165,000 USD (₹75L - ₹1.4Cr INR)",https://jobspresso.co/job/sr-growth-marketing-manager-b2b-partnerships/
Head of Business Systems,Rula,Our mission is to make mental healthcare work for everyone.,Others,United States,March 1,"$150,000 - $240,000 USD (₹1.2Cr - ₹2.0Cr INR)",https://jobspresso.co/job/head-business-systems/
SEO Manager,Leonardo.Ai,Leonardo is a Generative AI content production suite.,Marketing,Australia,March 1,"$90,000 - $165,000 USD (₹75L - ₹1.4Cr INR)",https://jobspresso.co/job/seo-manager-3/
"Engineering Manager, Revenue",Zapier,Automation that moves you forward. Zapier connects all the apps you use for work so you can focus on what’s next.,Engineer,Americas (PST to EST Time Zones),February 27,"$90,000 - $165,000 USD (₹75L - ₹1.4Cr INR)",https://jobspresso.co/job/engineering-manager-revenue/
Senior Full-Stack Software Engineer,Synthflow AI,"Build human-like voice AI agents at scale, no coding required 🤖","AI & Data, Engineer",Worldwide,February 21,"$90,000 - $165,000 USD (₹75L - ₹1.4Cr INR)",https://jobspresso.co/job/senior-full-stack-software-engineer-6/
Technical Customer Support (L1),Synthflow AI,"Build human-like voice AI agents at scale, no coding required 🤖","AI & Data, Support",Worldwide,February 21,"$45,000 - $85,000 USD (₹38L - ₹70L INR)",https://jobspresso.co/job/technical-customer-support-l1/
Product Manager (Mid/Senior),Synthflow AI,"Build human-like voice AI agents at scale, no coding required 🤖","AI & Data, Product",Worldwide,February 21,"$90,000 - $165,000 USD (₹75L - ₹1.4Cr INR)",https://jobspresso.co/job/product-manager-mid-senior/
"Senior Software Engineer, Machine Learning Platform",Quora,A place to share knowledge and better understand the world.,"AI & Data, Engineer",Worldwide,February 19,"$90,000 - $165,000 USD (₹75L - ₹1.4Cr INR)",https://jobspresso.co/job/senior-software-engineer-machine-learning-platform/
Creative Lead (Web & Brand),Linear,Linear is a purpose-built tool for planning and building products.,"Design, Marketing",North America & Europe,February 18,"$90,000 - $165,000 USD (₹75L - ₹1.4Cr INR)",https://jobspresso.co/job/creative-lead-web-brand/
Product Engineer,Linear,Linear is a purpose-built tool for planning and building products.,Engineer,North America,February 18,"$70,000 - $120,000 USD (₹58L - ₹1.0Cr INR)",https://jobspresso.co/job/product-engineer-6/
"Director, Brand Design",DuckDuckGo,"Independent internet privacy company. Download our browser on mobile and desktop. Unlike Chrome, it has privacy built in, including our private search engine.",Design,"US, Canada, UK",February 9,"$150,000 - $240,000 USD (₹1.2Cr - ₹2.0Cr INR)",https://jobspresso.co/job/director-brand-design/
"Senior Software Engineer, Windows Desktop App",DuckDuckGo,"Independent internet privacy company. Download our browser on mobile and desktop. Unlike Chrome, it has privacy built in, including our private search engine.",Engineer,Worldwide,February 9,"$90,000 - $165,000 USD (₹75L - ₹1.4Cr INR)",https://jobspresso.co/job/senior-software-engineer-windows-desktop-app/
Product Manager,Solace,"Solace’s mission is to empower patients, improve outcomes, and restore the promise of the U.S. healthcare system.",Product,United States,February 8,"$90,000 - $165,000 USD (₹75L - ₹1.4Cr INR)",https://jobspresso.co/job/product-manager-16/
Senior Fullstack Software Engineer,Solace,"Solace’s mission is to empower patients, improve outcomes, and restore the promise of the U.S. healthcare system.",Engineer,United States,February 8,"$90,000 - $165,000 USD (₹75L - ₹1.4Cr INR)",https://jobspresso.co/job/senior-fullstack-software-engineer-2/
Product Designer,Quora,A place to share knowledge and better understand the world.,Design,Worldwide,January 26,"$70,000 - $120,000 USD (₹58L - ₹1.0Cr INR)",https://jobspresso.co/job/product-designer-27/
Senior Business Operations Manager,DuckDuckGo,"Independent internet privacy company. Download our browser on mobile and desktop. Unlike Chrome, it has privacy built in, including our private search engine.",Others,"US, Canada, UK",January 26,"$90,000 - $165,000 USD (₹75L - ₹1.4Cr INR)",https://jobspresso.co/job/senior-business-operations-manager-2/
Business Development Manager,Leonardo.Ai,Leonardo is a Generative AI content production suite.,Sales,United States,January 22,"$90,000 - $165,000 USD (₹75L - ₹1.4Cr INR)",https://jobspresso.co/job/business-development-manager-4/
"Software Engineering Team Lead, SQL/.NET Core/C#",Deel,The all-in-one payroll & HR platform for global teams,Engineer,"Brazil, Argentina",January 20,"$90,000 - $165,000 USD (₹75L - ₹1.4Cr INR)",https://jobspresso.co/job/software-engineering-team-lead-sql-net-core-c-2/
Senior Business Operations Manager,Rula,Our mission is to make mental healthcare work for everyone.,Others,United States,December 16,"$90,000 - $165,000 USD (₹75L - ₹1.4Cr INR)",https://jobspresso.co/job/senior-business-operations-manager/
Head of Brand Marketing,Rula,Our mission is to make mental healthcare work for everyone.,Marketing,United States,December 16,"$150,000 - $240,000 USD (₹1.2Cr - ₹2.0Cr INR)",https://jobspresso.co/job/head-brand-marketing/
Customer Success Manager,Percona,"Open source databases, MongoDB, MySQL, PostgreSQL or MariaDB, run better with Percona. Powered by our people, software, services and 24X7X365 support.",Others,Americas,December 15,"$90,000 - $165,000 USD (₹75L - ₹1.4Cr INR)",https://jobspresso.co/job/customer-success-manager-21/
"Software Engineering Team Lead, SQL/.NET Core/C#",Deel,The all-in-one payroll & HR platform for global teams,Engineer,Latin America,December 13,"$90,000 - $165,000 USD (₹75L - ₹1.4Cr INR)",https://jobspresso.co/job/software-engineering-team-lead-sql-net-core-c/
Senior Product Designer,Jerry,"Jerry is America's first and only AllCar™ app, on a mission to reinvent car ownership.",Design,United States,December 4,"$90,000 - $165,000 USD (₹75L - ₹1.4Cr INR)",https://jobspresso.co/job/senior-product-designer-19/
Product Designer – UI,Jerry,"Jerry is America's first and only AllCar™ app, on a mission to reinvent car ownership.",Design,"United States, Canada",December 4,"$70,000 - $120,000 USD (₹58L - ₹1.0Cr INR)",https://jobspresso.co/job/product-designer-ui/
"Senior Software Engineer, Provider Clinical Team",Rula,Our mission is to make mental healthcare work for everyone.,Engineer,United States,December 4,"$90,000 - $165,000 USD (₹75L - ₹1.4Cr INR)",https://jobspresso.co/job/senior-software-engineer-provider-clinical-team/
"Machine Learning Engineer II, Subscriptions",Spotify,"Music, podcasts, and audiobooks for every moment.",AI & Data,Eastern Time Zone,November 25,"$70,000 - $120,000 USD (₹58L - ₹1.0Cr INR)",https://jobspresso.co/job/machine-learning-engineer-ii-subscriptions/
Technical Support Specialist (APAC),Deel,The all-in-one payroll & HR platform for global teams,"Engineer, Support",Asia Pacific,November 25,"$45,000 - $85,000 USD (₹38L - ₹70L INR)",https://jobspresso.co/job/technical-support-specialist-apac/
"AI Product Manager, Images",Cantina,Building the first social AI platform,"AI & Data, Product",United States,November 24,"$90,000 - $165,000 USD (₹75L - ₹1.4Cr INR)",https://jobspresso.co/job/ai-product-manager-images/
Executive Assistant,Solace,"Solace’s mission is to empower patients, improve outcomes, and restore the promise of the U.S. healthcare system.",Others,United States,November 24,"$45,000 - $85,000 USD (₹38L - ₹70L INR)",https://jobspresso.co/job/executive-assistant-13/
Customer Service Representative (German),Binance,"Proudly serving the US with 150+ cryptocurrencies, low fees and cutting-edge technology.",Support,"Portugal, Lisbon / Greece, Athens / Bulgaria, Sofia / Eastern Europe",November 23,"$70,000 - $120,000 USD (₹58L - ₹1.0Cr INR)",https://jobspresso.co/job/customer-service-representative-german/
Software Engineering Intern,Ethereum Foundation,"EF is a non-profit and part of a community of organizations and people working to fund protocol development, grow the ecosystem, and advocate for Ethereum.",Engineer,Worldwide,November 21,"$45,000 - $85,000 USD (₹38L - ₹70L INR)",https://jobspresso.co/job/software-engineering-intern-2/
Senior Content Designer,Elevate Labs,Helping people improve their minds.,Design,North or South America,November 21,"$90,000 - $165,000 USD (₹75L - ₹1.4Cr INR)",https://jobspresso.co/job/senior-content-designer/
"Brand Designer, Marketing",Rula,Our mission is to make mental healthcare work for everyone.,Design,United States,November 19,"$70,000 - $120,000 USD (₹58L - ₹1.0Cr INR)",https://jobspresso.co/job/brand-designer-marketing/
Marketing Strategy & Operations Manager,AllTrails,AllTrails is your guide to the outdoors! Explore 200k trail guides with reviews & photos from 30M+ outdoor enthusiasts.,Marketing,United States,November 18,"$90,000 - $165,000 USD (₹75L - ₹1.4Cr INR)",https://jobspresso.co/job/marketing-strategy-operations-manager/
Product Marketing Manager,AllTrails,AllTrails is your guide to the outdoors! Explore 200k trail guides with reviews & photos from 30M+ outdoor enthusiasts.,Marketing,United States,November 18,"$90,000 - $165,000 USD (₹75L - ₹1.4Cr INR)",https://jobspresso.co/job/product-marketing-manager-12/
"Customer Success Manager, SMB",1Password,"The best way to keep you, your family and business safe online. Go ahead. Forget your passwords.",Others,United States or Canda,November 15,"$90,000 - $165,000 USD (₹75L - ₹1.4Cr INR)",https://jobspresso.co/job/customer-success-manager-smb/
"Full Stack Engineer, Typescript, Messaging Team",Aircall,"Call center software, reinvented: easy to set up, easy to scale, integrates flawlessly with your favorite CRM. Make every conversation count!",Engineer,"Europe, Middle East, Africa",November 13,"$70,000 - $120,000 USD (₹58L - ₹1.0Cr INR)",https://jobspresso.co/job/full-stack-engineer-typescript-messaging-team/
"Customer Support Representative, Swedish and English",ModSquad,"We engage, moderate, and support audiences for the world's biggest brands - around the clock and across the globe. 🌎💻",Support,Pacific Time Zone,November 10,"$45,000 - $85,000 USD (₹38L - ₹70L INR)",https://jobspresso.co/job/customer-support-representative-swedish-english/
"Senior Data Scientist, ML and Algorithms",AllTrails,AllTrails is your guide to the outdoors! Explore 200k trail guides with reviews & photos from 30M+ outdoor enthusiasts.,Writing,United States,November 10,"$90,000 - $165,000 USD (₹75L - ₹1.4Cr INR)",https://jobspresso.co/job/senior-data-scientist-ml-algorithms-3/
"Senior Software Engineer, Frontend",Persona,"Configurable identity infrastructure for KYC, AML, KYB, fraud detection, onboarding, and more.",Engineer,United States,November 10,"$90,000 - $165,000 USD (₹75L - ₹1.4Cr INR)",https://jobspresso.co/job/senior-software-engineer-frontend-2/
"Software Engineer, Frontend",Persona,"Configurable identity infrastructure for KYC, AML, KYB, fraud detection, onboarding, and more.",Engineer,United States,November 10,"$70,000 - $120,000 USD (₹58L - ₹1.0Cr INR)",https://jobspresso.co/job/software-engineer-frontend-3/
"Senior Software Engineer, Applied AI",Front,"How teams delight their customers, engage their teams, and build stronger businesses 🤝","AI & Data, Engineer",United States,November 9,"$90,000 - $165,000 USD (₹75L - ₹1.4Cr INR)",https://jobspresso.co/job/senior-software-engineer-applied-ai/
Senior AI Researcher,Leonardo.Ai,Leonardo is a Generative AI content production suite.,AI & Data,Worldwide,November 8,"$90,000 - $165,000 USD (₹75L - ₹1.4Cr INR)",https://jobspresso.co/job/senior-ai-researcher/
Machine Learning Engineer Intern,Quora,A place to share knowledge and better understand the world.,AI & Data,Canada,November 6,"$45,000 - $85,000 USD (₹38L - ₹70L INR)",https://jobspresso.co/job/machine-learning-engineer-intern/
Customer Success Manager,Percona,"Percona delivers enterprise-class support, consulting, managed services & software for MySQL, MariaDB, MongoDB & other open source databases.",Others,Buenos Aires,November 4,"$90,000 - $165,000 USD (₹75L - ₹1.4Cr INR)",https://jobspresso.co/job/customer-success-manager-20/
Customer Success Manager,Whereby,Whereby — a world in which anywhere works 🌎 Building the future of real-time video.,Others,United States or United Kingdom,November 1,"$90,000 - $165,000 USD (₹75L - ₹1.4Cr INR)",https://jobspresso.co/job/customer-success-manager-19/
"Software Engineering Intern, 12M Term, Winter 2025",Super,"Helping people spend less, save more, and build credit.",Engineer,Canada,October 27,"$45,000 - $85,000 USD (₹38L - ₹70L INR)",https://jobspresso.co/job/software-engineering-intern-12m-term-winter-2025/
"Business Development Intern, Winter 2025 Term",Super,"Helping people spend less, save more, and build credit.",Sales,Canada,October 27,"$45,000 - $85,000 USD (₹38L - ₹70L INR)",https://jobspresso.co/job/business-development-intern-winter-2025-term/
"Staff Editor, Daily Desk",The Athletic,The Athletic delivers powerful stories and smart analysis that bring sports fans closer to the heart of the game.,Writing,United States or Canada,October 26,"$140,000 - $210,000 USD (₹1.1Cr - ₹1.7Cr INR)",https://jobspresso.co/job/staff-editor-daily-desk/
"Data Science Co-op, July 2025",Jellyfish,Change is easier with the right tools — navigate your engineering teams through it with Jellyfish,AI & Data,United States,October 24,"$70,000 - $120,000 USD (₹58L - ₹1.0Cr INR)",https://jobspresso.co/job/data-science-co-op-july-2025/
"Engineering Manager, Cross-Chain Interoperability Protocol (CCIP)",Chainlink Labs,Chainlink is the universal platform for builders and financial institutions pioneering the future of global markets onchain. #LinkTheWorld,Engineer,Worldwide,October 24,"$90,000 - $165,000 USD (₹75L - ₹1.4Cr INR)",https://jobspresso.co/job/engineering-manager-cross-chain-interoperability-protocol-ccip/
"Manager, Copywriting",Articulate,"Maker of the world’s most popular platform for online training, Articulate 360. Trusted by 120,000+ orgs worldwide.",Writing,United States,October 23,"$90,000 - $165,000 USD (₹75L - ₹1.4Cr INR)",https://jobspresso.co/job/manager-copywriting/
"Senior Backend Engineer, Enterprise Workflows",Webflow,"Webflow is the way to design, build, and launch powerful websites visually — without coding.",Engineer,Mexico City,October 21,"$90,000 - $165,000 USD (₹75L - ₹1.4Cr INR)",https://jobspresso.co/job/senior-backend-engineer-enterprise-workflows/
"Senior Product Designer, Super+",Super,"Helping people spend less, save more, and build credit.",Design,US or Canada,October 21,"$90,000 - $165,000 USD (₹75L - ₹1.4Cr INR)",https://jobspresso.co/job/senior-product-designer-super/
Salesforce Developer,Chainlink Labs,Chainlink is the universal platform for builders and financial institutions pioneering the future of global markets onchain. #LinkTheWorld,Engineer,Worldwide,October 20,"$70,000 - $120,000 USD (₹58L - ₹1.0Cr INR)",https://jobspresso.co/job/salesforce-developer/
Senior Quality Engineer,Khan Academy,"Working to make a free, world-class education available for anyone, anywhere. And having fun while doing it.",Engineer,United States or Canada,October 19,"$90,000 - $165,000 USD (₹75L - ₹1.4Cr INR)",https://jobspresso.co/job/senior-quality-engineer/
"Associate, Crypto Operations",Wealthsimple,"All of your investing, made simple.",Others,Canada,October 18,"$45,000 - $85,000 USD (₹38L - ₹70L INR)",https://jobspresso.co/job/associate-crypto-operations/
"Senior Manager, Research Operations",Wealthsimple,"All of your investing, made simple.",Design,Canada,October 18,"$90,000 - $165,000 USD (₹75L - ₹1.4Cr INR)",https://jobspresso.co/job/senior-manager-research-operations/
"Intern, Finance (Winter 2025)",Wealthsimple,"All of your investing, made simple.",Others,Canada,October 18,"$45,000 - $85,000 USD (₹38L - ₹70L INR)",https://jobspresso.co/job/intern-finance-winter-2025/
Junior Solutions Architect,1Password,"The best way to keep you, your family and business safe online. Go ahead. Forget your passwords.",Others,United States or Canada,October 18,"$90,000 - $165,000 USD (₹75L - ₹1.4Cr INR)",https://jobspresso.co/job/junior-solutions-architect/
"Senior Customer Success Manager, Enterprise",1Password,"The best way to keep you, your family and business safe online. Go ahead. Forget your passwords.",Others,United Kingdom,October 18,"$90,000 - $165,000 USD (₹75L - ₹1.4Cr INR)",https://jobspresso.co/job/senior-customer-success-manager-enterprise/
Revenue Operations Coordinator,Horizon3 AI,Improve your security posture and reduce risk with the NodeZero™ platform.,Sales,United States,October 17,"$45,000 - $85,000 USD (₹38L - ₹70L INR)",https://jobspresso.co/job/revenue-operations-coordinator-2/
"Senior Product Manager, Platform",Horizon3 AI,Improve your security posture and reduce risk with the NodeZero™ platform.,Product,United States,October 17,"$90,000 - $165,000 USD (₹75L - ₹1.4Cr INR)",https://jobspresso.co/job/senior-product-manager-platform/
"Sr. Product Manager, Outcomes",Rula,Our mission is to make mental healthcare work for everyone.,Product,United States,October 17,"$90,000 - $165,000 USD (₹75L - ₹1.4Cr INR)",https://jobspresso.co/job/sr-product-manager-outcomes/
Executive Assistant,Rula,Our mission is to make mental healthcare work for everyone.,Others,United States,October 14,"$45,000 - $85,000 USD (₹38L - ₹70L INR)",https://jobspresso.co/job/executive-assistant-12/
"Head of Communications, Southern Europe",OpenAI,OpenAI’s mission is to ensure that artificial general intelligence benefits all of humanity.,Others,Paris,October 14,"$150,000 - $240,000 USD (₹1.2Cr - ₹2.0Cr INR)",https://jobspresso.co/job/head-communications-southern-europe/
"Senior Product Manager, Compatibility Matrix",Replicated,We help software vendors ship their apps to complex customer environments using Kubernetes and Helm.,Product,United States,October 14,"$90,000 - $165,000 USD (₹75L - ₹1.4Cr INR)",https://jobspresso.co/job/senior-product-manager-compatibility-matrix/
Business Development Manager,Leonardo.Ai,Leonardo is a Generative AI content production suite.,Sales,United States,October 14,"$90,000 - $165,000 USD (₹75L - ₹1.4Cr INR)",https://jobspresso.co/job/business-development-manager-3/
"Senior Software Engineer, .NET Core/C#",Deel,The all-in-one payroll & HR platform for global teams,Engineer,"EMEA, Nigeria, Pakistan, India",October 14,"$90,000 - $165,000 USD (₹75L - ₹1.4Cr INR)",https://jobspresso.co/job/senior-software-engineer-net-core-c/
"Senior Frontend Engineer, Grafana DataViz",Grafana Labs,Understand all of your metrics with dashboards that are easy to create and share.,Engineer,United States,October 11,"$90,000 - $165,000 USD (₹75L - ₹1.4Cr INR)",https://jobspresso.co/job/senior-frontend-engineer-grafana-dataviz/
Customer Retail Marketing Manager,Impossible Foods,We make meat from plants.,Marketing,United States,October 11,"$90,000 - $165,000 USD (₹75L - ₹1.4Cr INR)",https://jobspresso.co/job/customer-retail-marketing-manager/
Senior Data Engineer,Bluesight,The Medication Intelligence Company,AI & Data,United States,October 11,"$90,000 - $165,000 USD (₹75L - ₹1.4Cr INR)",https://jobspresso.co/job/senior-data-engineer-3/
UI/UX Designer,MedScout,A revenue acceleration platform for MedTech commercial teams,Design,United States,October 10,"$70,000 - $120,000 USD (₹58L - ₹1.0Cr INR)",https://jobspresso.co/job/ui-ux-designer-5/
Financial Crime Investigator,Binance,"Proudly serving the US with 150+ cryptocurrencies, low fees and cutting-edge technology.",Others,Latin America,October 10,"$70,000 - $120,000 USD (₹58L - ₹1.0Cr INR)",https://jobspresso.co/job/financial-crime-investigator/
Data Scientist,Big Time,"We are Big Time Studios, a new game company dedicated to crafting online adventures through space and time.",AI & Data,Worldwide,October 10,"$70,000 - $120,000 USD (₹58L - ₹1.0Cr INR)",https://jobspresso.co/job/data-scientist-10/
"Staff Software Engineer, Full Stack",Super,"Helping people spend less, save more, and build credit.",Engineer,United States or Canada,October 10,"$140,000 - $210,000 USD (₹1.1Cr - ₹1.7Cr INR)",https://jobspresso.co/job/staff-software-engineer-full-stack/
Technical Sourcer,OpenAI,OpenAI’s mission is to ensure that artificial general intelligence benefits all of humanity.,Others,United States,October 10,"$70,000 - $120,000 USD (₹58L - ₹1.0Cr INR)",https://jobspresso.co/job/technical-sourcer-2/
Technical Recruiter,OpenAI,OpenAI’s mission is to ensure that artificial general intelligence benefits all of humanity.,Others,United States,October 10,"$70,000 - $120,000 USD (₹58L - ₹1.0Cr INR)",https://jobspresso.co/job/technical-recruiter-11/
"Manager, Backend Platform Engineering",1Password,"The best way to keep you, your family and business safe online. Go ahead. Forget your passwords.",Engineer,United States or Canada,October 9,"$90,000 - $165,000 USD (₹75L - ₹1.4Cr INR)",https://jobspresso.co/job/manager-backend-platform-engineering/
"Senior Front End Engineer, NextJS",Leonardo.Ai,Leonardo is a Generative AI content production suite.,Engineer,Australia,October 9,"$90,000 - $165,000 USD (₹75L - ₹1.4Cr INR)",https://jobspresso.co/job/senior-front-end-engineer-nextjs/
Senior AI Research Engineer,Leonardo.Ai,Leonardo is a Generative AI content production suite.,AI & Data,Australia,October 9,"$90,000 - $165,000 USD (₹75L - ₹1.4Cr INR)",https://jobspresso.co/job/senior-ai-research-engineer/
AI Researcher,Leonardo.Ai,Leonardo is a Generative AI content production suite.,AI & Data,Australia,October 9,"$70,000 - $120,000 USD (₹58L - ₹1.0Cr INR)",https://jobspresso.co/job/ai-researcher/
Senior Full Stack Software Engineer,Solace,"Solace’s mission is to empower patients, improve outcomes, and restore the promise of the U.S. healthcare system.",Engineer,United States,October 9,"$90,000 - $165,000 USD (₹75L - ₹1.4Cr INR)",https://jobspresso.co/job/technical-recruiter-10/
Technical Recruiter,Solace,"Solace’s mission is to empower patients, improve outcomes, and restore the promise of the U.S. healthcare system.",Others,United States,October 9,"$70,000 - $120,000 USD (₹58L - ₹1.0Cr INR)",https://jobspresso.co/job/technical-recruiter-9/
Staff Product Designer,Deel,The all-in-one payroll & HR platform for global teams,Design,"EMEA, Spain, Portugal, Germany, Latin America",October 8,"$140,000 - $210,000 USD (₹1.1Cr - ₹1.7Cr INR)",https://jobspresso.co/job/staff-product-designer/
"Software Engineering Team Lead, .NET Core/C#",Deel,The all-in-one payroll & HR platform for global teams,Engineer,"EMEA, Africa, West Africa, South Africa",October 8,"$90,000 - $165,000 USD (₹75L - ₹1.4Cr INR)",https://jobspresso.co/job/software-engineering-team-lead-net-core-c/
People Operations Generalist,Vida Health,Healthcare designed for body and mind,Others,United States,October 8,"$70,000 - $120,000 USD (₹58L - ₹1.0Cr INR)",https://jobspresso.co/job/people-operations-generalist/
Social Media Coordinator,FanDuel,The premiere gaming destination in the US.,Marketing,United States,October 8,"$45,000 - $85,000 USD (₹38L - ₹70L INR)",https://jobspresso.co/job/social-media-coordinator-3/
Full Stack Software Engineer,Clipboard Health,"A healthcare talent marketplace helping nurses and nursing aids fill open shifts, anytime, anywhere, while getting paid instantly.",Engineer,"North America, South America, Europe",October 7,"$70,000 - $120,000 USD (₹58L - ₹1.0Cr INR)",https://jobspresso.co/job/full-stack-software-engineer-7/
Associate Product Manager,Clipboard Health,"A healthcare talent marketplace helping nurses and nursing aids fill open shifts, anytime, anywhere, while getting paid instantly.",Product,"North America, South America, Europe",October 7,"$90,000 - $165,000 USD (₹75L - ₹1.4Cr INR)",https://jobspresso.co/job/associate-product-manager/
"Customer Support Specialist, LATAM",Lodgify,Leading all-in-one vacation rental software to automate your business and generate more direct bookings.✨,Support,Latin America,October 7,"$45,000 - $85,000 USD (₹38L - ₹70L INR)",https://jobspresso.co/job/customer-support-specialist-latam/
Senior Strategic Customer Success Manager,Miro,We're the innovation workspace where teams come together to create the future.,Others,United States,October 7,"$90,000 - $165,000 USD (₹75L - ₹1.4Cr INR)",https://jobspresso.co/job/senior-strategic-customer-success-manager/
Renewal Manager,Miro,We're the innovation workspace where teams come together to create the future.,Others,United States,October 7,"$90,000 - $165,000 USD (₹75L - ₹1.4Cr INR)",https://jobspresso.co/job/renewal-manager/
Senior Full Stack Software Engineer,Collective[i],Harnessing AI for business growth.,Design,United States,October 6,"$90,000 - $165,000 USD (₹75L - ₹1.4Cr INR)",https://jobspresso.co/job/senior-full-stack-software-engineer-5/
Senior Site Reliability Engineer,Collective[i],Harnessing AI for business growth.,Engineer,Canada,October 6,"$90,000 - $165,000 USD (₹75L - ₹1.4Cr INR)",https://jobspresso.co/job/senior-site-reliability-engineer-5/
"Software Engineer, UI Systems Team",Coinbase,The most trusted crypto exchange.,"Design, Engineer",United States,October 5,"$70,000 - $120,000 USD (₹58L - ₹1.0Cr INR)",https://jobspresso.co/job/software-engineer-ui-systems-team/
Senior Social Media Manager,Elevate Labs,Helping people improve their minds.,Marketing,North or South America,October 3,"$90,000 - $165,000 USD (₹75L - ₹1.4Cr INR)",https://jobspresso.co/job/senior-social-media-manager-3/
Senior Software Engineer,Octopus Deploy,Empowering software teams to deliver,Engineer,Israel,October 2,"$90,000 - $165,000 USD (₹75L - ₹1.4Cr INR)",https://jobspresso.co/job/senior-software-engineer-41/
Financial Accountant,Octopus Deploy,Empowering software teams to deliver,Others,Australia,October 2,"$70,000 - $120,000 USD (₹58L - ₹1.0Cr INR)",https://jobspresso.co/job/financial-accountant/
"Senior Cloud Support Engineer, SQL",Snowflake,"Snowflake is the data warehouse built for the cloud. Your data, no limits. #SnowflakeDB",Engineer,"Texas, United States",October 2,"$90,000 - $165,000 USD (₹75L - ₹1.4Cr INR)",https://jobspresso.co/job/senior-cloud-support-engineer-sql/
"Full Stack Software Engineer, Catering",Olo,Digital ordering and delivery platform helping 400+ restaurant brands interface to the on-demand world.,Engineer,United States,October 1,"$70,000 - $120,000 USD (₹58L - ₹1.0Cr INR)",https://jobspresso.co/job/full-stack-software-engineer-catering/
Product Management Intern – Usability – Winter 2025,1Password,"The best way to keep you, your family and business safe online. Go ahead. Forget your passwords.",Product,Canada,September 30,"$45,000 - $85,000 USD (₹38L - ₹70L INR)",https://jobspresso.co/job/product-management-intern-usability-winter-2025/
Product Design Intern – Design & UX – Winter 2025,1Password,"The best way to keep you, your family and business safe online. Go ahead. Forget your passwords.",Design,Canada,September 30,"$45,000 - $85,000 USD (₹38L - ₹70L INR)",https://jobspresso.co/job/product-design-intern-design-ux-winter-2025/
Data Intern – Data & Analytics Eng – Winter 2025,1Password,"The best way to keep you, your family and business safe online. Go ahead. Forget your passwords.",Engineer,US or Canada,September 30,"$45,000 - $85,000 USD (₹38L - ₹70L INR)",https://jobspresso.co/job/data-intern-data-analytics-eng-winter-2025/
Developer Intern – Developer Ecosystems – Winter 2025,1Password,"The best way to keep you, your family and business safe online. Go ahead. Forget your passwords.",Engineer,Canada,September 30,"$45,000 - $85,000 USD (₹38L - ₹70L INR)",https://jobspresso.co/job/developer-intern-developer-ecosystems-winter-2025/
Global Success Manager,Ontic,Keeping People Safe and Making Organizations Stronger,Others,United States,September 15,"$90,000 - $165,000 USD (₹75L - ₹1.4Cr INR)",https://jobspresso.co/job/global-success-manager/
"Product Manager, Airbnb for Real Estate",Airbnb,Opening the door to extraordinary experiences,Product,United States,September 8,"$90,000 - $165,000 USD (₹75L - ₹1.4Cr INR)",https://jobspresso.co/job/product-manager-airbnb-real-estate/
"Senior Backend Software Engineer, Search Input",Airbnb,Opening the door to extraordinary experiences,Engineer,United States,September 8,"$90,000 - $165,000 USD (₹75L - ₹1.4Cr INR)",https://jobspresso.co/job/senior-backend-software-engineer-search-input/
"Senior Backend Engineer, Grafana Ops, Alerting",Grafana Labs,Understand all of your metrics with dashboards that are easy to create and share.,Engineer,"United States, Canada",September 7,"$90,000 - $165,000 USD (₹75L - ₹1.4Cr INR)",https://jobspresso.co/job/senior-backend-engineer-grafana-ops-alerting/
Talent Development Partner (L&D),Grafana Labs,Understand all of your metrics with dashboards that are easy to create and share.,Others,US Eastern Time Zone,September 7,"$70,000 - $120,000 USD (₹58L - ₹1.0Cr INR)",https://jobspresso.co/job/talent-development-partner-ld/
"Product Manager, Web Platforms",Mozilla,A non-profit with one mission: defend the free and open web.,Product,"United States, Canada",August 29,"$90,000 - $165,000 USD (₹75L - ₹1.4Cr INR)",https://jobspresso.co/job/product-manager-web-platforms-2/
Client Analytics Manager,Mozilla,A non-profit with one mission: defend the free and open web.,Others,"United States, Canada",August 29,"$90,000 - $165,000 USD (₹75L - ₹1.4Cr INR)",https://jobspresso.co/job/client-analytics-manager/
"Senior Front-End Engineer, Firefox",Mozilla,A non-profit with one mission: defend the free and open web.,Engineer,"United States, Canada",August 29,"$90,000 - $165,000 USD (₹75L - ₹1.4Cr INR)",https://jobspresso.co/job/senior-front-end-engineer-firefox/
Picture Desk Editor,Getty Images,Storytelling that moves you.,Others,United States,August 24,"$70,000 - $120,000 USD (₹58L - ₹1.0Cr INR)",https://jobspresso.co/job/picture-desk-editor/
"Senior Software Engineer, Search",Getty Images,Storytelling that moves you.,Engineer,"United States, Canada",August 24,"$90,000 - $165,000 USD (₹75L - ₹1.4Cr INR)",https://jobspresso.co/job/senior-software-engineer-search/
"Senior Software Engineer, Data Platform",Getty Images,Storytelling that moves you.,Engineer,"United States, Canada",August 24,"$90,000 - $165,000 USD (₹75L - ₹1.4Cr INR)",https://jobspresso.co/job/senior-software-engineer-data-platform-3/
Engineering Manager,The Athletic,The Athletic delivers powerful stories and smart analysis that bring sports fans closer to the heart of the game.,Engineer,United States,August 23,"$90,000 - $165,000 USD (₹75L - ₹1.4Cr INR)",https://jobspresso.co/job/engineering-manager-29/
Business Development Representative,1Password,"The best way to keep you, your family and business safe online. Go ahead. Forget your passwords.",Sales,US or Canada,August 20,"$70,000 - $120,000 USD (₹58L - ₹1.0Cr INR)",https://jobspresso.co/job/business-development-representative-4/
Community Manager,1Password,"The best way to keep you, your family and business safe online. Go ahead. Forget your passwords.",Others,US or Canada,August 20,"$90,000 - $165,000 USD (₹75L - ₹1.4Cr INR)",https://jobspresso.co/job/community-manager-5/
"Sr. Engineer, Backend (Payments)",Zapier,Automation that moves you forward. Zapier connects all the apps you use for work so you can focus on what’s next.,Engineer,Americas,August 17,"$70,000 - $120,000 USD (₹58L - ₹1.0Cr INR)",https://jobspresso.co/job/sr-engineer-backend-payments/
"Engineer, Backend (Runner)",Zapier,Automation that moves you forward. Zapier connects all the apps you use for work so you can focus on what’s next.,Engineer,Americas,August 17,"$70,000 - $120,000 USD (₹58L - ₹1.0Cr INR)",https://jobspresso.co/job/engineer-backend-runner/
"Staff Software Engineer, Observability",Reddit,"The heart of the internet, where millions gather for conversation and community.",Engineer,United States,August 16,"$140,000 - $210,000 USD (₹1.1Cr - ₹1.7Cr INR)",https://jobspresso.co/job/staff-software-engineer-observability/
"Software Engineer, Ads Bidding and Pacing",Reddit,"The heart of the internet, where millions gather for conversation and community.",Engineer,United States,August 16,"$70,000 - $120,000 USD (₹58L - ₹1.0Cr INR)",https://jobspresso.co/job/software-engineer-ads-bidding-pacing/
"Senior Product Designer, Cash (Banking)",Wealthsimple,"All of your investing, made simple.",Design,Canada,August 13,"$90,000 - $165,000 USD (₹75L - ₹1.4Cr INR)",https://jobspresso.co/job/senior-product-designer-cash-banking/
"Senior Software Developer, Crypto",Wealthsimple,"All of your investing, made simple.",Engineer,Canada,August 13,"$90,000 - $165,000 USD (₹75L - ₹1.4Cr INR)",https://jobspresso.co/job/senior-software-developer-crypto/
"B2B Product Marketing Lead, Wealthsimple for Business",Wealthsimple,"All of your investing, made simple.",Marketing,Canada,August 13,"$90,000 - $165,000 USD (₹75L - ₹1.4Cr INR)",https://jobspresso.co/job/b2b-product-marketing-lead-wealthsimple-business/
"Senior Product Designer, Consumer Products",Coinbase,The most trusted crypto exchange.,Design,United States,August 8,"$90,000 - $165,000 USD (₹75L - ₹1.4Cr INR)",https://jobspresso.co/job/senior-product-designer-consumer-products/
"Senior Software Engineer, Data Platform",Coinbase,The most trusted crypto exchange.,Engineer,United States,August 8,"$90,000 - $165,000 USD (₹75L - ₹1.4Cr INR)",https://jobspresso.co/job/senior-software-engineer-data-platform-2/
Sr. Machine Learning Research Engineer,HackerRank,Accelerating the world's innovation.,Engineer,United States,August 8,"$70,000 - $120,000 USD (₹58L - ₹1.0Cr INR)",https://jobspresso.co/job/sr-machine-learning-research-engineer/
Backend Developer (Rust),1Password,"The best way to keep you, your family and business safe online. Go ahead. Forget your passwords.",Engineer,US or Canada,August 7,"$70,000 - $120,000 USD (₹58L - ₹1.0Cr INR)",https://jobspresso.co/job/backend-developer-rust/
"Staff Developer, Authentication Experience",1Password,"The best way to keep you, your family and business safe online. Go ahead. Forget your passwords.",Engineer,US or Canada,August 7,"$140,000 - $210,000 USD (₹1.1Cr - ₹1.7Cr INR)",https://jobspresso.co/job/staff-developer-authentication-experience/
Associate Audience Editor,The Athletic,The Athletic delivers powerful stories and smart analysis that bring sports fans closer to the heart of the game.,Writing,United States,August 7,"$45,000 - $85,000 USD (₹38L - ₹70L INR)",https://jobspresso.co/job/associate-audience-editor/
People Team Project Coordinator,Grafana Labs,Understand all of your metrics with dashboards that are easy to create and share.,Others,US Eastern Time Zone,August 6,"$45,000 - $85,000 USD (₹38L - ₹70L INR)",https://jobspresso.co/job/people-team-project-coordinator/
"Senior Site Reliability Engineer, Databases",Grafana Labs,Understand all of your metrics with dashboards that are easy to create and share.,Engineer,"United States, Canada",August 6,"$90,000 - $165,000 USD (₹75L - ₹1.4Cr INR)",https://jobspresso.co/job/senior-site-reliability-engineer-databases/
"Front-End Engineer, Firefox",Mozilla,A non-profit with one mission: defend the free and open web.,Engineer,"United States, Canada",August 5,"$70,000 - $120,000 USD (₹58L - ₹1.0Cr INR)",https://jobspresso.co/job/front-end-engineer-firefox/
"Senior Fullstack Engineer, Ads",Mozilla,A non-profit with one mission: defend the free and open web.,Engineer,"United States, Canada",August 5,"$90,000 - $165,000 USD (₹75L - ₹1.4Cr INR)",https://jobspresso.co/job/senior-fullstack-engineer-ads/
"Product Manager, Web Platforms",Mozilla,A non-profit with one mission: defend the free and open web.,Product,Various Countries,August 5,"$90,000 - $165,000 USD (₹75L - ₹1.4Cr INR)",https://jobspresso.co/job/product-manager-web-platforms/
"Senior Editor, Fantasy and Sports Betting",The Athletic,The Athletic delivers powerful stories and smart analysis that bring sports fans closer to the heart of the game.,Writing,US or Canada,July 31,"$90,000 - $165,000 USD (₹75L - ₹1.4Cr INR)",https://jobspresso.co/job/senior-editor-fantasy-sports-betting/
Director of Talent,Super,"Helping people spend less, save more, and build credit.",Others,US or Canada,July 31,"$150,000 - $240,000 USD (₹1.2Cr - ₹2.0Cr INR)",https://jobspresso.co/job/director-of-talent-2/
Communications Manager,Wikimedia Foundation,Wikimedia Foundation is the non-profit that operates @Wikipedia.,Others,Eastern Time Zone,July 30,"$90,000 - $165,000 USD (₹75L - ₹1.4Cr INR)",https://jobspresso.co/job/communications-manager/
"Creative Lead, Design",Airbnb,Opening the door to extraordinary experiences,Design,United States,July 30,"$90,000 - $165,000 USD (₹75L - ₹1.4Cr INR)",https://jobspresso.co/job/creative-lead-design/
"Senior Fullstack Software Engineer, Financial Fraud",Airbnb,Opening the door to extraordinary experiences,Engineer,United States,July 30,"$90,000 - $165,000 USD (₹75L - ₹1.4Cr INR)",https://jobspresso.co/job/senior-fullstack-software-engineer-financial-fraud/
"Senior Backend Engineer, Client Products & Emerging Technologies",Airbnb,Opening the door to extraordinary experiences,Engineer,United States,July 30,"$90,000 - $165,000 USD (₹75L - ₹1.4Cr INR)",https://jobspresso.co/job/senior-backend-engineer-client-products-emerging-technologies/
"Diversity, Equity, and Inclusion Manager",The Athletic,The Athletic delivers powerful stories and smart analysis that bring sports fans closer to the heart of the game.,Others,US or Canada,July 27,"$90,000 - $165,000 USD (₹75L - ₹1.4Cr INR)",https://jobspresso.co/job/diversity-equity-inclusion-manager/
Senior Infrastructure Engineer,The Athletic,The Athletic delivers powerful stories and smart analysis that bring sports fans closer to the heart of the game.,Engineer,US or Canada,July 27,"$90,000 - $165,000 USD (₹75L - ₹1.4Cr INR)",https://jobspresso.co/job/senior-infrastructure-engineer-4/
"Senior Writer, College",The Athletic,The Athletic delivers powerful stories and smart analysis that bring sports fans closer to the heart of the game.,Writing,US or Canada,July 27,"$90,000 - $165,000 USD (₹75L - ₹1.4Cr INR)",https://jobspresso.co/job/senior-writer-college/
"Product Manager, Data, Reporting, and Alerts",Milk Moovement,Providing actionable intelligence across the dairy supply chain through our cloud-based software.,Product,Canada,July 11,"$90,000 - $165,000 USD (₹75L - ₹1.4Cr INR)",https://jobspresso.co/job/product-manager-data-reporting-alerts/
Intermediate Full Stack Developer,Milk Moovement,Providing actionable intelligence across the dairy supply chain through our cloud-based software.,Engineer,Canada,July 11,"$70,000 - $120,000 USD (₹58L - ₹1.0Cr INR)",https://jobspresso.co/job/intermediate-full-stack-developer/
"Observability Engineer, OpenTelemetry",Rackspace,"Unlock the leading technologies to grow new revenue streams, increase efficiency, and build the future. #SolvingTogether",Engineer,United States,June 27,"$70,000 - $120,000 USD (₹58L - ₹1.0Cr INR)",https://jobspresso.co/job/observability-engineer-opentelemetry/
"Senior Backend Engineer, Java ML",Rackspace,"Unlock the leading technologies to grow new revenue streams, increase efficiency, and build the future. #SolvingTogether",Engineer,United States,June 27,"$90,000 - $165,000 USD (₹75L - ₹1.4Cr INR)",https://jobspresso.co/job/senior-backend-engineer-java-ml/
"Staff Product Designer, Design Systems",Super,"Helping people spend less, save more, and build credit.",Design,US or Canada,May 30,"$140,000 - $210,000 USD (₹1.1Cr - ₹1.7Cr INR)",https://jobspresso.co/job/staff-product-designer-design-systems/
Compliance Communications Specialist,Robinhood,"Robinhood is democratizing finance for all. With customers at the heart of our decisions, Robinhood is lowering barriers, removing fees, and providing greater access to financial information.",Others,United States,May 23,"$45,000 - $85,000 USD (₹38L - ₹70L INR)",https://jobspresso.co/job/compliance-communications-specialist/
"Senior Product Manager, Data",HackerRank,Accelerating the world's innovation.,Product,India,May 23,"$90,000 - $165,000 USD (₹75L - ₹1.4Cr INR)",https://jobspresso.co/job/senior-product-manager-data/
"Director, Data & Platform Engineering",1Password,"The best way to keep you, your family and business safe online. Go ahead. Forget your passwords.",Engineer,US or Canada,May 19,"$150,000 - $240,000 USD (₹1.2Cr - ₹2.0Cr INR)",https://jobspresso.co/job/director-data-platform-engineering/
"Senior Full Stack Developer, Identity",1Password,"The best way to keep you, your family and business safe online. Go ahead. Forget your passwords.",Engineer,United States or Canada,May 19,"$90,000 - $165,000 USD (₹75L - ₹1.4Cr INR)",https://jobspresso.co/job/senior-full-stack-developer-identity/
"Senior Data Scientist, ML and Algorithms",AllTrails,AllTrails is your guide to the outdoors! Explore 200k trail guides with reviews & photos from 30M+ outdoor enthusiasts.,AI & Data,United States,May 15,"$90,000 - $165,000 USD (₹75L - ₹1.4Cr INR)",https://jobspresso.co/job/senior-data-scientist-ml-algorithms-2/
"Software Engineering Intern, Internal Tools, Fall 2024",Super,"Helping people spend less, save more, and build credit.",Engineer,US or Canada,May 9,"$45,000 - $85,000 USD (₹38L - ₹70L INR)",https://jobspresso.co/job/software-engineering-intern-internal-tools-fall-2024/
"QA Analyst Intern, Fall 2024",Super,"Helping people spend less, save more, and build credit.",Engineer,US or Canada,May 9,"$45,000 - $85,000 USD (₹38L - ₹70L INR)",https://jobspresso.co/job/qa-analyst-intern-fall-2024/
"Team Manager, Customer Success, SMB",1Password,"The best way to keep you, your family and business safe online. Go ahead. Forget your passwords.",Others,United States or Canada,May 6,"$90,000 - $165,000 USD (₹75L - ₹1.4Cr INR)",https://jobspresso.co/job/team-manager-customer-success-smb/
"Staff Software Engineer, Mobile",Mozilla,A non-profit with one mission: defend the free and open web.,Engineer,United States,May 1,"$140,000 - $210,000 USD (₹1.1Cr - ₹1.7Cr INR)",https://jobspresso.co/job/staff-software-engineer-mobile/
"Senior Back-End Engineer, Web Scraping",Mozilla,A non-profit with one mission: defend the free and open web.,Engineer,Worldwide,May 1,"$90,000 - $165,000 USD (₹75L - ₹1.4Cr INR)",https://jobspresso.co/job/senior-back-end-engineer-web-scraping/
Software Engineer III,Match,Our mission is to spark meaningful relationships for every single person in the world.,Engineer,United States,April 28,"$70,000 - $120,000 USD (₹58L - ₹1.0Cr INR)",https://jobspresso.co/job/software-engineer-iii/
"Senior Product Manager, Trust & Safety Tools",Match,Our mission is to spark meaningful relationships for every single person in the world.,Product,United States,April 28,"$90,000 - $165,000 USD (₹75L - ₹1.4Cr INR)",https://jobspresso.co/job/senior-product-manager-trust-safety-tools/
"Engineering Manager, Consumer",Coinbase,The most trusted crypto exchange.,Engineer,United States,April 26,"$90,000 - $165,000 USD (₹75L - ₹1.4Cr INR)",https://jobspresso.co/job/engineering-manager-consumer/
"Software Engineer, Frontend",Coinbase,The most trusted crypto exchange.,Engineer,United States,April 26,"$70,000 - $120,000 USD (₹58L - ₹1.0Cr INR)",https://jobspresso.co/job/software-engineer-frontend-2/
"Hospitality Manager, Customer Support",Squarespace,A future where everyone can be an entrepreneur.,Support,Hawaii,April 7,"$90,000 - $165,000 USD (₹75L - ₹1.4Cr INR)",https://jobspresso.co/job/hospitality-manager-customer-support/
Conversation UX Designer,Squarespace,A future where everyone can be an entrepreneur.,Design,United States,April 7,"$70,000 - $120,000 USD (₹58L - ₹1.0Cr INR)",https://jobspresso.co/job/conversation-ux-designer/
"Product Manager, Grafana Datasources",Grafana Labs,Understand all of your metrics with dashboards that are easy to create and share.,Product,Canada Eastern Time Zone,April 5,"$90,000 - $165,000 USD (₹75L - ₹1.4Cr INR)",https://jobspresso.co/job/product-manager-grafana-datasources/
Senior Customer Success Manager,Grafana Labs,Understand all of your metrics with dashboards that are easy to create and share.,Others,US or Canada (Central or Eastern Time Zones),April 5,"$90,000 - $165,000 USD (₹75L - ₹1.4Cr INR)",https://jobspresso.co/job/senior-customer-success-manager/
"Site Reliability Engineer, Client Platform",Coinbase,The most trusted crypto exchange.,Engineer,United States,March 11,"$70,000 - $120,000 USD (₹58L - ₹1.0Cr INR)",https://jobspresso.co/job/site-reliability-engineer-client-platform/
Customer Success Associate,Coinbase,The most trusted crypto exchange.,"Others, Support",United States,March 11,"$45,000 - $85,000 USD (₹38L - ₹70L INR)",https://jobspresso.co/job/customer-success-associate-3/
Senior Account Executive,Indiegogo,Empowering people to unite around ideas that matter to them and together make those ideas come to life.,Sales,United States,March 11,"$90,000 - $165,000 USD (₹75L - ₹1.4Cr INR)",https://jobspresso.co/job/senior-account-executive-2/
Email Marketing & Lifecycle Strategist,Indiegogo,Empowering people to unite around ideas that matter to them and together make those ideas come to life.,Marketing,United States,March 11,"$70,000 - $120,000 USD (₹58L - ₹1.0Cr INR)",https://jobspresso.co/job/email-marketing-lifecycle-strategist/
Customer Experience Team Lead,Milk Moovement,Providing actionable intelligence across the dairy supply chain through our cloud-based software.,Others,Canada,February 23,"$90,000 - $165,000 USD (₹75L - ₹1.4Cr INR)",https://jobspresso.co/job/customer-experience-team-lead/
"Senior Product Manager, Growth",AllTrails,AllTrails is your guide to the outdoors! Explore 200k trail guides with reviews & photos from 30M+ outdoor enthusiasts.,Product,United States,February 15,"$90,000 - $165,000 USD (₹75L - ₹1.4Cr INR)",https://jobspresso.co/job/senior-product-manager-growth/
"Senior Product Manager, Trail Experience",AllTrails,AllTrails is your guide to the outdoors! Explore 200k trail guides with reviews & photos from 30M+ outdoor enthusiasts.,Product,United States,February 13,"$90,000 - $165,000 USD (₹75L - ₹1.4Cr INR)",https://jobspresso.co/job/senior-product-manager-trail-experience/
Talent Recruiter,Mattermost,"Award-winning open source, private cloud Slack-alternative.",Others,Various Countries,February 5,"$70,000 - $120,000 USD (₹58L - ₹1.0Cr INR)",https://jobspresso.co/job/talent-recruiter/
Customer Support Representative – Phone & Emails,ModSquad,"We engage, moderate, and support audiences for the world's biggest brands - around the clock and across the globe. 🌎💻",Support,United States,February 3,"$45,000 - $85,000 USD (₹38L - ₹70L INR)",https://jobspresso.co/job/customer-support-representative-phone-emails/
"Engineering Director, Travel",Super,"Helping people spend less, save more, and build credit.",Engineer,US or Canada,January 29,"$150,000 - $240,000 USD (₹1.2Cr - ₹2.0Cr INR)",https://jobspresso.co/job/engineering-director-travel/
Full Stack Developer II,Milk Moovement,Providing actionable intelligence across the dairy supply chain through our cloud-based software.,Engineer,Canada,January 23,"$70,000 - $120,000 USD (₹58L - ₹1.0Cr INR)",https://jobspresso.co/job/full-stack-developer-ii/
Software Development Engineer in Test,Milk Moovement,Providing actionable intelligence across the dairy supply chain through our cloud-based software.,Engineer,Canada,January 23,"$70,000 - $120,000 USD (₹58L - ₹1.0Cr INR)",https://jobspresso.co/job/software-development-engineer-test-2/
iOS Engineer II,Scribd,"The best books, audiobooks and more in one app.",Engineer,US or Canada,January 17,"$70,000 - $120,000 USD (₹58L - ₹1.0Cr INR)",https://jobspresso.co/job/ios-engineer-ii/
"Software Engineer II, Ruby on Rails",Scribd,"The best books, audiobooks and more in one app.",Engineer,US or Canada,January 17,"$70,000 - $120,000 USD (₹58L - ₹1.0Cr INR)",https://jobspresso.co/job/software-engineer-ii-ruby-rails/
Intermediate Quality Assurance Analyst,Super,"Helping people spend less, save more, and build credit.",Engineer,United States,January 5,"$70,000 - $120,000 USD (₹58L - ₹1.0Cr INR)",https://jobspresso.co/job/intermediate-quality-assurance-analyst/
Social Media Specialist (TikTok),Binance,"Proudly serving the US with 150+ cryptocurrencies, low fees and cutting-edge technology.","Engineer, Marketing",Worldwide,December 6,"$45,000 - $85,000 USD (₹38L - ₹70L INR)",https://jobspresso.co/job/social-media-specialist-tiktok/
Senior DevOps Engineer,Binance,"Proudly serving the US with 150+ cryptocurrencies, low fees and cutting-edge technology.",Engineer,"Europe / Asia / Australia, Melbourne / New Zealand, Auckland / Europe",December 6,"$90,000 - $165,000 USD (₹75L - ₹1.4Cr INR)",https://jobspresso.co/job/senior-devops-engineer-2/
Senior DevOps Engineer,Wonolo,Empowering the In-Demand Workforce.,Engineer,US or Canada,November 19,"$90,000 - $165,000 USD (₹75L - ₹1.4Cr INR)",https://jobspresso.co/job/senior-devops-engineer/
Social Media Associate,The Athletic,The Athletic delivers powerful stories and smart analysis that bring sports fans closer to the heart of the game.,Marketing,US or Canada,November 19,"$45,000 - $85,000 USD (₹38L - ₹70L INR)",https://jobspresso.co/job/social-media-associate/
Backend Software Engineer,Empower,An Inc 5000 company on a mission to expand access to fair credit.,Engineer,Worldwide,November 10,"$70,000 - $120,000 USD (₹58L - ₹1.0Cr INR)",https://jobspresso.co/job/backend-software-engineer-2/
Brand Designer,Empower,An Inc 5000 company on a mission to expand access to fair credit.,Design,United States,November 10,"$70,000 - $120,000 USD (₹58L - ₹1.0Cr INR)",https://jobspresso.co/job/brand-designer-4/
People Operations Specialist,Empower,An Inc 5000 company on a mission to expand access to fair credit.,Others,United States,November 10,"$45,000 - $85,000 USD (₹38L - ₹70L INR)",https://jobspresso.co/job/people-operations-specialist/
Staff Android Engineer,The Athletic,The Athletic delivers powerful stories and smart analysis that bring sports fans closer to the heart of the game.,Engineer,US or Canada,October 26,"$140,000 - $210,000 USD (₹1.1Cr - ₹1.7Cr INR)",https://jobspresso.co/job/staff-android-engineer/
"Engineering Manager, Apps Platform",The Athletic,The Athletic delivers powerful stories and smart analysis that bring sports fans closer to the heart of the game.,Engineer,US or Canada,October 26,"$90,000 - $165,000 USD (₹75L - ₹1.4Cr INR)",https://jobspresso.co/job/engineering-manager-apps-platform/
Content Programming Associate,The Athletic,The Athletic delivers powerful stories and smart analysis that bring sports fans closer to the heart of the game.,Writing,US or Canada,October 26,"$45,000 - $85,000 USD (₹38L - ₹70L INR)",https://jobspresso.co/job/content-programming-associate/
Sales Development Specialist II,Rackspace,"Unlock the leading technologies to grow new revenue streams, increase efficiency, and build the future. #SolvingTogether",Sales,United States,October 22,"$45,000 - $85,000 USD (₹38L - ₹70L INR)",https://jobspresso.co/job/sales-development-specialist-ii/
Senior Cloud Security Engineer,Match,Our mission is to spark meaningful relationships for every single person in the world.,"Engineer, Others",United States,October 2,"$90,000 - $165,000 USD (₹75L - ₹1.4Cr INR)",https://jobspresso.co/job/senior-cloud-security-engineer/
Product Manager,Match,Our mission is to spark meaningful relationships for every single person in the world.,Product,United States,October 2,"$90,000 - $165,000 USD (₹75L - ₹1.4Cr INR)",https://jobspresso.co/job/product-manager-15/
Product Operations Manager,Super,"Helping people spend less, save more, and build credit.",Product,US or Canada,September 28,"$90,000 - $165,000 USD (₹75L - ₹1.4Cr INR)",https://jobspresso.co/job/intermediate-software-engineer-full-stack/
"Intermediate Software Engineer, Full Stack",Super,"Helping people spend less, save more, and build credit.",Engineer,United States or Canada,September 25,"$70,000 - $120,000 USD (₹58L - ₹1.0Cr INR)",https://jobspresso.co/job/intermediate-software-engineer-full-stack-2/
Senior Data Scientist,Sonatype,Develop software fearlessly.,AI & Data,United States,August 27,"$90,000 - $165,000 USD (₹75L - ₹1.4Cr INR)",https://jobspresso.co/job/senior-data-scientist-2/
Product Marketing Manager,Sonatype,Develop software fearlessly.,Marketing,United States,August 27,"$90,000 - $165,000 USD (₹75L - ₹1.4Cr INR)",https://jobspresso.co/job/product-marketing-manager-10/
"Backend Engineer, Java, Creators",Canva,"Canva makes graphic design amazingly simple for everyone, by bringing together a drag-and-drop design tool with a library of more than 1 million stock photographs, graphic elements and fonts.",Engineer,"Australia, New Zealand",August 27,"$70,000 - $120,000 USD (₹58L - ₹1.0Cr INR)",https://jobspresso.co/job/backend-engineer-java-creators/
"Engineering Manager, Mobile",Canva,"Canva makes graphic design amazingly simple for everyone, by bringing together a drag-and-drop design tool with a library of more than 1 million stock photographs, graphic elements and fonts.",Engineer,Australia,August 27,"$90,000 - $165,000 USD (₹75L - ₹1.4Cr INR)",https://jobspresso.co/job/engineering-manager-mobile-2/
"Senior Manager, Growth",Super,"Helping people spend less, save more, and build credit.",Marketing,United States,August 27,"$90,000 - $165,000 USD (₹75L - ₹1.4Cr INR)",https://jobspresso.co/job/senior-manager-growth/
Director of Product Design,Super,"Helping people spend less, save more, and build credit.",Design,United States,July 28,"$150,000 - $240,000 USD (₹1.2Cr - ₹2.0Cr INR)",https://jobspresso.co/job/director-product-design-3/
"Senior Engineering Manager, Ecosystem Experiences",Canva,"Canva makes graphic design amazingly simple for everyone, by bringing together a drag-and-drop design tool with a library of more than 1 million stock photographs, graphic elements and fonts.",Engineer,"Australia, New Zealand",July 27,"$90,000 - $165,000 USD (₹75L - ₹1.4Cr INR)",https://jobspresso.co/job/senior-engineering-manager-ecosystem-experiences/
"Product Manager, Engagement",The Athletic,The Athletic delivers powerful stories and smart analysis that bring sports fans closer to the heart of the game.,Product,United States,July 21,"$90,000 - $165,000 USD (₹75L - ₹1.4Cr INR)",https://jobspresso.co/job/product-manager-engagement/
"Data Analyst, Travel",Super,"Helping people spend less, save more, and build credit.",Others,United States,July 20,"$70,000 - $120,000 USD (₹58L - ₹1.0Cr INR)",https://jobspresso.co/job/data-analyst-travel/
UX Researcher,BenchSci,We empower scientists with the world's most advanced biomedical artificial intelligence to exponentially increase the speed and quality of life-saving research.,Design,Canada,July 19,"$70,000 - $120,000 USD (₹58L - ₹1.0Cr INR)",https://jobspresso.co/job/ux-researcher-3/
Campaign Analyst,Indiegogo,Empowering people to unite around ideas that matter to them and together make those ideas come to life.,Others,United States,July 19,"$70,000 - $120,000 USD (₹58L - ₹1.0Cr INR)",https://jobspresso.co/job/campaign-analyst/
"Software Engineer, Full Stack, Interactive Storytelling",The Athletic,The Athletic delivers powerful stories and smart analysis that bring sports fans closer to the heart of the game.,Engineer,United States,June 25,"$70,000 - $120,000 USD (₹58L - ₹1.0Cr INR)",https://jobspresso.co/job/software-engineer-full-stack-interactive-storytelling/
"Senior Data Scientist, ML and Algorithms",AllTrails,AllTrails is your guide to the outdoors! Explore 200k trail guides with reviews & photos from 30M+ outdoor enthusiasts.,AI & Data,United States,June 25,"$90,000 - $165,000 USD (₹75L - ₹1.4Cr INR)",https://jobspresso.co/job/senior-data-scientist-ml-algorithms/
"Director, Performance Marketing",Indiegogo,Empowering people to unite around ideas that matter to them and together make those ideas come to life.,Product,United States,June 24,"$150,000 - $240,000 USD (₹1.2Cr - ₹2.0Cr INR)",https://jobspresso.co/job/director-performance-marketing/
"Senior Software Engineer, Search & Ranking",Getty Images,Storytelling that moves you.,Engineer,"United States, Canada",June 22,"$90,000 - $165,000 USD (₹75L - ₹1.4Cr INR)",https://jobspresso.co/job/senior-software-engineer-search-ranking/
"Technical Program Manager, Canva Ecosystem",Canva,"Canva makes graphic design amazingly simple for everyone, by bringing together a drag-and-drop design tool with a library of more than 1 million stock photographs, graphic elements and fonts.",Others,"Australia, New Zealand",June 20,"$90,000 - $165,000 USD (₹75L - ₹1.4Cr INR)",https://jobspresso.co/job/technical-program-manager-canva-ecosystem/
"Customer Support Representative – Phone, Ticket, Chat",ModSquad,"We engage, moderate, and support audiences for the world's biggest brands - around the clock and across the globe. 🌎💻",Support,United States,May 29,"$45,000 - $85,000 USD (₹38L - ₹70L INR)",https://jobspresso.co/job/customer-support-representative-phone-ticket-chat/
Marketing Campaign Specialist,ModSquad,"We engage, moderate, and support audiences for the world's biggest brands - around the clock and across the globe. 🌎💻",Marketing,United States,May 29,"$45,000 - $85,000 USD (₹38L - ₹70L INR)",https://jobspresso.co/job/marketing-campaign-specialist/
Director of Customer Marketing,Hinge Health,Hinge Health is the #1 digital clinic for joint and muscle pain.,Marketing,United States,May 29,"$150,000 - $240,000 USD (₹1.2Cr - ₹2.0Cr INR)",https://jobspresso.co/job/director-customer-marketing-2/
"Senior Backend Engineer, Python",Canva,"Canva makes graphic design amazingly simple for everyone, by bringing together a drag-and-drop design tool with a library of more than 1 million stock photographs, graphic elements and fonts.",Engineer,"Australia, New Zealand",April 29,"$90,000 - $165,000 USD (₹75L - ₹1.4Cr INR)",https://jobspresso.co/job/senior-backend-engineer-python/
Senior Product Designer,Super,"Helping people spend less, save more, and build credit.",Design,United States,April 29,"$90,000 - $165,000 USD (₹75L - ₹1.4Cr INR)",https://jobspresso.co/job/senior-product-designer-18/
"Senior Software Engineer, Mobile Full Stack, APAC",Hopper,"Hopper uses big data to predict flight and hotel prices, and will notify you when it's the best time to book 🐰 🔮 ✈️",Engineer,Asia Pacific,April 27,"$90,000 - $165,000 USD (₹75L - ₹1.4Cr INR)",https://jobspresso.co/job/senior-software-engineer-mobile-full-stack-apac/
"Software Engineer, Search & Ranking",Getty Images,Storytelling that moves you.,Engineer,Canada,April 21,"$70,000 - $120,000 USD (₹58L - ₹1.0Cr INR)",https://jobspresso.co/job/software-engineer-search-ranking/
Software Engineer,Getty Images,Storytelling that moves you.,Engineer,United States or Canada,April 21,"$70,000 - $120,000 USD (₹58L - ₹1.0Cr INR)",https://jobspresso.co/job/software-engineer-28/
Android Engineer,The Athletic,The Athletic delivers powerful stories and smart analysis that bring sports fans closer to the heart of the game.,Engineer,United States,April 6,"$70,000 - $120,000 USD (₹58L - ₹1.0Cr INR)",https://jobspresso.co/job/android-engineer-3/
"Frontend Software Engineer, Page Content and Delivery",Canva,"Canva makes graphic design amazingly simple for everyone, by bringing together a drag-and-drop design tool with a library of more than 1 million stock photographs, graphic elements and fonts.",Engineer,"Australia, New Zealand",April 6,"$70,000 - $120,000 USD (₹58L - ₹1.0Cr INR)",https://jobspresso.co/job/frontend-software-engineer-page-content-delivery/
Director of Product,AllTrails,AllTrails is your guide to the outdoors! Explore 200k trail guides with reviews & photos from 30M+ outdoor enthusiasts.,Product,United States,April 6,"$150,000 - $240,000 USD (₹1.2Cr - ₹2.0Cr INR)",https://jobspresso.co/job/director-of-product/
"Senior Frontend Engineer, Experimentation Framework",Canva,"Canva makes graphic design amazingly simple for everyone, by bringing together a drag-and-drop design tool with a library of more than 1 million stock photographs, graphic elements and fonts.",Engineer,"Australia, New Zealand",April 2,"$90,000 - $165,000 USD (₹75L - ₹1.4Cr INR)",https://jobspresso.co/job/senior-frontend-engineer-experimentation-framework/
"Senior Software Developer, Backend/ML, Growth",Hopper,"Hopper uses big data to predict flight and hotel prices, and will notify you when it's the best time to book 🐰 🔮 ✈️",Engineer,Eastern Time Zone or European Time Zone,April 2,"$90,000 - $165,000 USD (₹75L - ₹1.4Cr INR)",https://jobspresso.co/job/senior-software-developer-backend-ml-growth/
"Senior Machine Learning Engineer, Computer Vision",BenchSci,We empower scientists with the world's most advanced biomedical artificial intelligence to exponentially increase the speed and quality of life-saving research.,Engineer,"United States, Canada, United Kingdom",April 2,"$90,000 - $165,000 USD (₹75L - ₹1.4Cr INR)",https://jobspresso.co/job/senior-machine-learning-engineer-computer-vision/
Data Analyst,Super,"Helping people spend less, save more, and build credit.",Others,Worldwide,April 1,"$70,000 - $120,000 USD (₹58L - ₹1.0Cr INR)",https://jobspresso.co/job/data-analyst-9/
"Engineering Manager, Grafana Frontend",Grafana Labs,Understand all of your metrics with dashboards that are easy to create and share.,Engineer,US or Canada (Central or Eastern Time Zones),March 25,"$90,000 - $165,000 USD (₹75L - ₹1.4Cr INR)",https://jobspresso.co/job/engineering-manager-grafana-frontend/
Product Engineering Manager,Super,"Helping people spend less, save more, and build credit.",Engineer,Canada,March 25,"$90,000 - $165,000 USD (₹75L - ₹1.4Cr INR)",https://jobspresso.co/job/product-engineering-manager/
"Product Lead, Canva API Platform",Canva,"Canva makes graphic design amazingly simple for everyone, by bringing together a drag-and-drop design tool with a library of more than 1 million stock photographs, graphic elements and fonts.",Product,Australia,March 25,"$90,000 - $165,000 USD (₹75L - ₹1.4Cr INR)",https://jobspresso.co/job/product-lead-canva-api-platform/
Client Success Associate,Hinge Health,Hinge Health is the #1 digital clinic for joint and muscle pain.,Others,Worldwide,March 17,"$45,000 - $85,000 USD (₹38L - ₹70L INR)",https://jobspresso.co/job/client-success-associate/
Engineering Manager,Hinge Health,Hinge Health is the #1 digital clinic for joint and muscle pain.,Engineer,Worldwide,March 5,"$90,000 - $165,000 USD (₹75L - ₹1.4Cr INR)",https://jobspresso.co/job/engineering-manager-28/
"Senior Content Strategist, Growth Marketing",Hinge Health,Hinge Health is the #1 digital clinic for joint and muscle pain.,Marketing,Worldwide,March 4,"$90,000 - $165,000 USD (₹75L - ₹1.4Cr INR)",https://jobspresso.co/job/senior-content-strategist-growth-marketing/
"Freelance Content Specialist Lead, Mexico",Canva,"Canva makes graphic design amazingly simple for everyone, by bringing together a drag-and-drop design tool with a library of more than 1 million stock photographs, graphic elements and fonts.","Marketing, Others",Mexico,March 4,"$90,000 - $165,000 USD (₹75L - ₹1.4Cr INR)",https://jobspresso.co/job/freelance-content-specialist-lead-mexico/
"Engineering Manager, Platform Risk",FreshBooks,#1 accounting software in the cloud for self-employed professionals and their teams.,Engineer,Canada,March 2,"$90,000 - $165,000 USD (₹75L - ₹1.4Cr INR)",https://jobspresso.co/job/engineering-manager-platform-risk/
Implementation Specialist,Aircall,"Call center software, reinvented: easy to set up, easy to scale, integrates flawlessly with your favorite CRM. Make every conversation count!",Others,Eastern or Central Time Zone,March 2,"$45,000 - $85,000 USD (₹38L - ₹70L INR)",https://jobspresso.co/job/implementation-specialist/
"Senior Software Engineer, Full Stack, Subscriber Experience",The Athletic,The Athletic delivers powerful stories and smart analysis that bring sports fans closer to the heart of the game.,Engineer,United States,February 20,"$90,000 - $165,000 USD (₹75L - ₹1.4Cr INR)",https://jobspresso.co/job/senior-software-engineer-full-stack-subscriber-experience/
"Software Engineer, Full Stack, Subscriber Experience",The Athletic,The Athletic delivers powerful stories and smart analysis that bring sports fans closer to the heart of the game.,Engineer,United States,February 20,"$70,000 - $120,000 USD (₹58L - ₹1.0Cr INR)",https://jobspresso.co/job/software-engineer-full-stack-subscriber-experience/
Full Stack Software Engineer,Super,"Helping people spend less, save more, and build credit.",Engineer,Canada,February 5,"$70,000 - $120,000 USD (₹58L - ₹1.0Cr INR)",https://jobspresso.co/job/full-stack-software-engineer-6/
Total Rewards Specialist,Super,"Helping people spend less, save more, and build credit.",Others,United States,February 5,"$45,000 - $85,000 USD (₹38L - ₹70L INR)",https://jobspresso.co/job/total-rewards-specialist/
"Staff Engineer, CI/CD",BenchSci,We empower scientists with the world's most advanced biomedical artificial intelligence to exponentially increase the speed and quality of life-saving research.,Engineer,"United States, Canada, United Kingdom",February 5,"$140,000 - $210,000 USD (₹1.1Cr - ₹1.7Cr INR)",https://jobspresso.co/job/staff-engineer-ci-cd/
Full-Stack Software Developer Co-op,FreshBooks,#1 accounting software in the cloud for self-employed professionals and their teams.,Engineer,Canada,January 31,"$70,000 - $120,000 USD (₹58L - ₹1.0Cr INR)",https://jobspresso.co/job/full-stack-software-developer-co-op-2/
Mobile Software Developer Co-op,FreshBooks,#1 accounting software in the cloud for self-employed professionals and their teams.,Engineer,Canada,January 31,"$70,000 - $120,000 USD (₹58L - ₹1.0Cr INR)",https://jobspresso.co/job/mobile-software-developer-co-op-canada/
"Senior Product Manager, Corporate Travel",Hopper,"Hopper uses big data to predict flight and hotel prices, and will notify you when it's the best time to book 🐰 🔮 ✈️",Product,United States or Canada,January 31,"$90,000 - $165,000 USD (₹75L - ₹1.4Cr INR)",https://jobspresso.co/job/senior-product-manager-corporate-travel/
"Senior Frontend Engineer, Performance Platform",Canva,"Canva makes graphic design amazingly simple for everyone, by bringing together a drag-and-drop design tool with a library of more than 1 million stock photographs, graphic elements and fonts.",Engineer,"Australia, New Zealand",January 28,"$90,000 - $165,000 USD (₹75L - ₹1.4Cr INR)",https://jobspresso.co/job/senior-frontend-engineer-performance-platform/
"Senior Java Software Engineer, Product & Features",Canva,"Canva makes graphic design amazingly simple for everyone, by bringing together a drag-and-drop design tool with a library of more than 1 million stock photographs, graphic elements and fonts.",Engineer,"Australia, New Zealand",January 28,"$90,000 - $165,000 USD (₹75L - ₹1.4Cr INR)",https://jobspresso.co/job/senior-java-software-engineer-product-features/
"Staff Machine Learning Engineer, NLP",BenchSci,We empower scientists with the world's most advanced biomedical artificial intelligence to exponentially increase the speed and quality of life-saving research.,Engineer,"United States, Canada, United Kingdom",January 28,"$140,000 - $210,000 USD (₹1.1Cr - ₹1.7Cr INR)",https://jobspresso.co/job/staff-machine-learning-engineer-nlp/
"Senior Mobile Engineer, Growth",Hopper,"Hopper uses big data to predict flight and hotel prices, and will notify you when it's the best time to book 🐰 🔮 ✈️",Engineer,United States,January 28,"$90,000 - $165,000 USD (₹75L - ₹1.4Cr INR)",https://jobspresso.co/job/senior-mobile-engineer-growth/
Senior Product Designer,Binance,"Proudly serving the US with 150+ cryptocurrencies, low fees and cutting-edge technology.",Design,US or Canada,January 19,"$90,000 - $165,000 USD (₹75L - ₹1.4Cr INR)",https://jobspresso.co/job/senior-product-designer-17/
"Director, Product Design",Binance,"Proudly serving the US with 150+ cryptocurrencies, low fees and cutting-edge technology.",Design,US or Canada,January 19,"$150,000 - $240,000 USD (₹1.2Cr - ₹2.0Cr INR)",https://jobspresso.co/job/director-product-design-2/
"Software Engineer, Full Stack, Trail Data",AllTrails,AllTrails is your guide to the outdoors! Explore 200k trail guides with reviews & photos from 30M+ outdoor enthusiasts.,Engineer,United States,January 19,"$70,000 - $120,000 USD (₹58L - ₹1.0Cr INR)",https://jobspresso.co/job/software-engineer-full-stack-trail-data/
"Program Manager, Parks",AllTrails,AllTrails is your guide to the outdoors! Explore 200k trail guides with reviews & photos from 30M+ outdoor enthusiasts.,Others,United States,January 19,"$90,000 - $165,000 USD (₹75L - ₹1.4Cr INR)",https://jobspresso.co/job/program-manager-parks/
Senior Software Engineer,Hopper,"Hopper uses big data to predict flight and hotel prices, and will notify you when it's the best time to book 🐰 🔮 ✈️",Engineer,Asia-Pacific,January 17,"$90,000 - $165,000 USD (₹75L - ₹1.4Cr INR)",https://jobspresso.co/job/senior-software-engineer-40/
Freelance Design and Search Optimization (Philippines),Canva,"Canva makes graphic design amazingly simple for everyone, by bringing together a drag-and-drop design tool with a library of more than 1 million stock photographs, graphic elements and fonts.","Design, Others",Philippines,January 16,"$70,000 - $120,000 USD (₹58L - ₹1.0Cr INR)",https://jobspresso.co/job/freelance-design-search-optimization-philippines/
"Staff Developer, Billing & Payments",1Password,"The best way to keep you, your family and business safe online. Go ahead. Forget your passwords.",Engineer,United States or Canada,January 9,"$140,000 - $210,000 USD (₹1.1Cr - ₹1.7Cr INR)",https://jobspresso.co/job/staff-developer-billing-payments/
"Engineering Manager, Build and Release",1Password,"The best way to keep you, your family and business safe online. Go ahead. Forget your passwords.",Engineer,United States or Canada,January 9,"$90,000 - $165,000 USD (₹75L - ₹1.4Cr INR)",https://jobspresso.co/job/senior-apple-developer-2/
Technical Architect,Webflow,"Webflow is the way to design, build, and launch powerful websites visually — without coding.",Engineer,US or Canada,December 16,"$90,000 - $165,000 USD (₹75L - ₹1.4Cr INR)",https://jobspresso.co/job/technical-architect/
"Staff Machine Learning Engineer, Recommendations Systems",Quora,A place to share knowledge and better understand the world.,Engineer,Anywhere (Pacific Time Zone),December 15,"$140,000 - $210,000 USD (₹1.1Cr - ₹1.7Cr INR)",https://jobspresso.co/job/staff-machine-learning-engineer-recommendations-systems/
"Senior Software Engineer, iOS",Hopper,"Hopper uses big data to predict flight and hotel prices, and will notify you when it's the best time to book 🐰 🔮 ✈️",Engineer,Asia-Pacific,December 7,"$90,000 - $165,000 USD (₹75L - ₹1.4Cr INR)",https://jobspresso.co/job/senior-software-engineer-ios-3/
"Product Manager, Integrations",BenchSci,We empower scientists with the world's most advanced biomedical artificial intelligence to exponentially increase the speed and quality of life-saving research.,Product,"United States, Canada",December 7,"$90,000 - $165,000 USD (₹75L - ₹1.4Cr INR)",https://jobspresso.co/job/product-manager-integrations/
"VP of Product, Ads",Yelp,Our mission is simple: to connect people with great local businesses.,Product,United States,December 3,"$150,000 - $240,000 USD (₹1.2Cr - ₹2.0Cr INR)",https://jobspresso.co/job/vp-product-ads/
"Product Manager, Playbooks Team",Mattermost,"Award-winning open source, private cloud Slack-alternative.",Product,Various Countries,December 1,"$90,000 - $165,000 USD (₹75L - ₹1.4Cr INR)",https://jobspresso.co/job/product-manager-playbooks-team/
UX Researcher,BenchSci,We empower scientists with the world's most advanced biomedical artificial intelligence to exponentially increase the speed and quality of life-saving research.,Design,"United States, Canada, United Kingdom",November 19,"$70,000 - $120,000 USD (₹58L - ₹1.0Cr INR)",https://jobspresso.co/job/ux-researcher-2/
Senior Fullstack Engineer,Skillshare,Skillshare is an online learning community for creatives. 🎨 📸 📝 🧶,Engineer,Latin America,November 19,"$90,000 - $165,000 USD (₹75L - ₹1.4Cr INR)",https://jobspresso.co/job/senior-fullstack-engineer-5/
Lead Fullstack Engineer,Skillshare,Skillshare is an online learning community for creatives. 🎨 📸 📝 🧶,Engineer,United States,November 19,"$90,000 - $165,000 USD (₹75L - ₹1.4Cr INR)",https://jobspresso.co/job/lead-fullstack-engineer/
"Software Engineering Lead, User Contact & Automation",Canva,"Canva makes graphic design amazingly simple for everyone, by bringing together a drag-and-drop design tool with a library of more than 1 million stock photographs, graphic elements and fonts.",Engineer,"Australia, New Zealand",November 15,"$90,000 - $165,000 USD (₹75L - ₹1.4Cr INR)",https://jobspresso.co/job/frontend-software-engineer-design-systems-2/
"Frontend Software Engineer, Design Systems",Canva,"Canva makes graphic design amazingly simple for everyone, by bringing together a drag-and-drop design tool with a library of more than 1 million stock photographs, graphic elements and fonts.",Engineer,Australia,November 15,"$70,000 - $120,000 USD (₹58L - ₹1.0Cr INR)",https://jobspresso.co/job/frontend-software-engineer-design-systems/
"Senior Product Manager, Canada Expansion",Hopper,"Hopper uses big data to predict flight and hotel prices, and will notify you when it's the best time to book 🐰 🔮 ✈️",Product,Canada,November 2,"$90,000 - $165,000 USD (₹75L - ₹1.4Cr INR)",https://jobspresso.co/job/senior-product-manager-canada-expansion/
"Senior Program Manager, Product Growth",Atlassian,"Tools for teams, from startup to enterprise: Atlassian provides tools to help every team unleash their full potential.",Product,Pacific Time Zone,November 2,"$90,000 - $165,000 USD (₹75L - ₹1.4Cr INR)",https://jobspresso.co/job/senior-program-manager-product-growth/
"Machine Learning Engineer, Catalog & Knowledge Graph (Staff/Senior)",Instacart,Instacart invites the world to share love through food. This is how homemade is made.,Engineer,United States,October 21,"$140,000 - $210,000 USD (₹1.1Cr - ₹1.7Cr INR)",https://jobspresso.co/job/machine-learning-engineer-catalog-knowledge-graph-staff-senior/
"Staff Software Engineer, Caper",Instacart,Instacart invites the world to share love through food. This is how homemade is made.,Engineer,United States,October 21,"$140,000 - $210,000 USD (₹1.1Cr - ₹1.7Cr INR)",https://jobspresso.co/job/staff-software-engineer-caper/
"Senior Front-End Developer, Public Platform",Stack Overflow,Stack Overflow empowers the world to develop technology through collective knowledge.,Engineer,United States,September 4,"$90,000 - $165,000 USD (₹75L - ₹1.4Cr INR)",https://jobspresso.co/job/senior-front-end-developer-public-platform/
Engineering Manager,Stack Overflow,Stack Overflow empowers the world to develop technology through collective knowledge.,Engineer,United States,September 4,"$90,000 - $165,000 USD (₹75L - ₹1.4Cr INR)",https://jobspresso.co/job/engineering-manager-27/
React Native Engineer,Mattermost,"Award-winning open source, private cloud Slack-alternative.",Engineer,Various Countries,August 1,"$70,000 - $120,000 USD (₹58L - ₹1.0Cr INR)",https://jobspresso.co/job/react-native-engineer-2/
Business Intelligence Associate,Indiegogo,Empowering people to unite around ideas that matter to them and together make those ideas come to life.,Others,United States,August 1,"$45,000 - $85,000 USD (₹38L - ₹70L INR)",https://jobspresso.co/job/business-intelligence-associate/
Affiliate Marketing Associate,AllTrails,AllTrails is your guide to the outdoors! Explore 200k trail guides with reviews & photos from 30M+ outdoor enthusiasts.,Marketing,United States,August 1,"$45,000 - $85,000 USD (₹38L - ₹70L INR)",https://jobspresso.co/job/affiliate-marketing-associate/
"Frontend Engineer, Growth",Webflow,"Webflow is the way to design, build, and launch powerful websites visually — without coding.",Engineer,United States or Canada (ON or BC),July 27,"$70,000 - $120,000 USD (₹58L - ₹1.0Cr INR)",https://jobspresso.co/job/frontend-engineer-growth/
"Executive Assistant, COO",Webflow,"Webflow is the way to design, build, and launch powerful websites visually — without coding.","Others, Support",United States,July 27,"$45,000 - $85,000 USD (₹38L - ₹70L INR)",https://jobspresso.co/job/executive-assistant-coo/
Machine Learning Engineer,HackerRank,Accelerating the world's innovation.,Engineer,India,July 20,"$70,000 - $120,000 USD (₹58L - ₹1.0Cr INR)",https://jobspresso.co/job/machine-learning-engineer/
Senior Visual Designer,FreshBooks,#1 accounting software in the cloud for self-employed professionals and their teams.,Design,Canada,July 15,"$90,000 - $165,000 USD (₹75L - ₹1.4Cr INR)",https://jobspresso.co/job/senior-visual-designer-4/
Customer Support Specialist (Canada – PST/MST),FreshBooks,#1 accounting software in the cloud for self-employed professionals and their teams.,Support,Canada,July 15,"$45,000 - $85,000 USD (₹38L - ₹70L INR)",https://jobspresso.co/job/customer-support-specialist-canada-pst-mst/
"Lead Product Manager, Platform",Yelp,Our mission is simple: to connect people with great local businesses.,Product,"Ontario or Quebec, Canada",July 7,"$90,000 - $165,000 USD (₹75L - ₹1.4Cr INR)",https://jobspresso.co/job/lead-product-manager-platform/
Product Designer,Milk Moovement,Providing actionable intelligence across the dairy supply chain through our cloud-based software.,Design,North America,July 5,"$70,000 - $120,000 USD (₹58L - ₹1.0Cr INR)",https://jobspresso.co/job/product-designer-26/
Senior Full Stack Engineer,FreshBooks,#1 accounting software in the cloud for self-employed professionals and their teams.,Engineer,Europe,June 29,"$90,000 - $165,000 USD (₹75L - ₹1.4Cr INR)",https://jobspresso.co/job/senior-full-stack-engineer-13/
Senior Product Manager,GoDaddy,Radically shifting the global economy one small business at a time.,Product,United States,June 28,"$90,000 - $165,000 USD (₹75L - ₹1.4Cr INR)",https://jobspresso.co/job/senior-product-manager-11/
"Software Engineer, Experimentation Platform",GoDaddy,Radically shifting the global economy one small business at a time.,Engineer,United States,June 27,"$70,000 - $120,000 USD (₹58L - ₹1.0Cr INR)",https://jobspresso.co/job/software-engineer-experimentation-platform/
"Senior Software Developer, Mobile",Hopper,"Hopper uses big data to predict flight and hotel prices, and will notify you when it's the best time to book 🐰 🔮 ✈️",Engineer,Canada,June 22,"$90,000 - $165,000 USD (₹75L - ₹1.4Cr INR)",https://jobspresso.co/job/senior-software-developer-mobile/
"Senior Software Engineer, Full Stack",BenchSci,We empower scientists with the world's most advanced biomedical artificial intelligence to exponentially increase the speed and quality of life-saving research.,Engineer,Worldwide,June 16,"$90,000 - $165,000 USD (₹75L - ₹1.4Cr INR)",https://jobspresso.co/job/senior-software-engineer-full-stack/
"Product Designer, Growth",AllTrails,AllTrails is your guide to the outdoors! Explore 200k trail guides with reviews & photos from 30M+ outdoor enthusiasts.,Design,United States,June 14,"$70,000 - $120,000 USD (₹58L - ₹1.0Cr INR)",https://jobspresso.co/job/product-designer-growth-3/
"Senior Software Engineer, Android, Community",AllTrails,AllTrails is your guide to the outdoors! Explore 200k trail guides with reviews & photos from 30M+ outdoor enthusiasts.,Engineer,United States,June 14,"$90,000 - $165,000 USD (₹75L - ₹1.4Cr INR)",https://jobspresso.co/job/senior-software-engineer-android-community/
"Full Stack Engineer, Calls Team",Mattermost,"Award-winning open source, private cloud Slack-alternative.",Engineer,Various Countries,June 14,"$70,000 - $120,000 USD (₹58L - ₹1.0Cr INR)",https://jobspresso.co/job/full-stack-engineer-calls-team/
Senior Full Stack Engineer,FreshBooks,#1 accounting software in the cloud for self-employed professionals and their teams.,Engineer,Central to Atlantic Time Zone,May 28,"$90,000 - $165,000 USD (₹75L - ₹1.4Cr INR)",https://jobspresso.co/job/senior-full-stack-engineer-12/
Project Manager,BenchSci,We empower scientists with the world's most advanced biomedical artificial intelligence to exponentially increase the speed and quality of life-saving research.,Others,Worldwide,May 20,"$90,000 - $165,000 USD (₹75L - ₹1.4Cr INR)",https://jobspresso.co/job/project-manager-12/
Content Marketing Manager,Quora,A place to share knowledge and better understand the world.,Marketing,US or Canada,April 5,"$90,000 - $165,000 USD (₹75L - ₹1.4Cr INR)",https://jobspresso.co/job/content-marketing-manager-3/
"Engineering Manager, Moderation Platform",Quora,A place to share knowledge and better understand the world.,Engineer,Worldwide,April 5,"$90,000 - $165,000 USD (₹75L - ₹1.4Cr INR)",https://jobspresso.co/job/engineering-manager-moderation-platform/
"Customer Success Specialist, Select Onboarding",FreshBooks,#1 accounting software in the cloud for self-employed professionals and their teams.,Others,Americas,April 5,"$45,000 - $85,000 USD (₹38L - ₹70L INR)",https://jobspresso.co/job/customer-success-specialist-select-onboarding/
Full-Stack Software Developer Co-op,FreshBooks,#1 accounting software in the cloud for self-employed professionals and their teams.,Engineer,Eastern Time Zone,April 5,"$70,000 - $120,000 USD (₹58L - ₹1.0Cr INR)",https://jobspresso.co/job/full-stack-software-developer-co-op/
"Software Engineer, iOS",Yelp,Our mission is simple: to connect people with great local businesses.,Engineer,United Kingdom,March 26,"$70,000 - $120,000 USD (₹58L - ₹1.0Cr INR)",https://jobspresso.co/job/software-engineer-ios-4/
Senior Full Stack Engineer,BenchSci,We empower scientists with the world's most advanced biomedical artificial intelligence to exponentially increase the speed and quality of life-saving research.,Engineer,Worldwide,March 26,"$90,000 - $165,000 USD (₹75L - ₹1.4Cr INR)",https://jobspresso.co/job/senior-full-stack-engineer-11/
Growth Manager,Revolut,One app to manage all things money.,Marketing,United States,March 22,"$90,000 - $165,000 USD (₹75L - ₹1.4Cr INR)",https://jobspresso.co/job/growth-manager/
Recruiter,Revolut,One app to manage all things money.,Others,United States,March 22,"$70,000 - $120,000 USD (₹58L - ₹1.0Cr INR)",https://jobspresso.co/job/recruiter-8/
Customer Experience Intern,Twilio,Changing communications forever by empowering software people to build the future of our modern communications apps.,Others,United States,March 14,"$45,000 - $85,000 USD (₹38L - ₹70L INR)",https://jobspresso.co/job/customer-experience-intern/
"Software Engineer, iOS – Growth",AllTrails,AllTrails is your guide to the outdoors! Explore 200k trail guides with reviews & photos from 30M+ outdoor enthusiasts.,Engineer,United States,March 14,"$70,000 - $120,000 USD (₹58L - ₹1.0Cr INR)",https://jobspresso.co/job/software-engineer-ios-growth/
"Team Lead, International Music, LATAM",Spotify,Passionate music fans. Innovative tech pros. Perfect harmony. Join our band.,Others,Americas,February 27,"$90,000 - $165,000 USD (₹75L - ₹1.4Cr INR)",https://jobspresso.co/job/team-lead-international-music-latam/
Senior Full Stack Developer,Milk Moovement,Providing actionable intelligence across the dairy supply chain through our cloud-based software.,Engineer,North America,February 22,"$90,000 - $165,000 USD (₹75L - ₹1.4Cr INR)",https://jobspresso.co/job/senior-full-stack-developer-2/
Senior Full Stack Engineer,BenchSci,We empower scientists with the world's most advanced biomedical artificial intelligence to exponentially increase the speed and quality of life-saving research.,Engineer,Worldwide,February 15,"$90,000 - $165,000 USD (₹75L - ₹1.4Cr INR)",https://jobspresso.co/job/senior-full-stack-engineer-10/
"Staff Engineer, Infrastructure and SRE",BenchSci,We empower scientists with the world's most advanced biomedical artificial intelligence to exponentially increase the speed and quality of life-saving research.,Engineer,Worldwide,February 15,"$140,000 - $210,000 USD (₹1.1Cr - ₹1.7Cr INR)",https://jobspresso.co/job/staff-engineer-infrastructure-sre/
"Mobile Engineer, iOS",FreshBooks,#1 accounting software in the cloud for self-employed professionals and their teams.,Engineer,Americas,February 13,"$70,000 - $120,000 USD (₹58L - ₹1.0Cr INR)",https://jobspresso.co/job/mobile-engineer-ios/
"Product Manager, Mobile",FreshBooks,#1 accounting software in the cloud for self-employed professionals and their teams.,Product,Latin America,February 13,"$90,000 - $165,000 USD (₹75L - ₹1.4Cr INR)",https://jobspresso.co/job/product-manager-mobile/
"Senior Software Engineer, Third Party Advertising",Hopper,"Hopper uses big data to predict flight and hotel prices, and will notify you when it's the best time to book 🐰 🔮 ✈️",Engineer,United States,February 9,"$90,000 - $165,000 USD (₹75L - ₹1.4Cr INR)",https://jobspresso.co/job/senior-software-engineer-third-party-advertising/
"Engineering Manager, Ad Market Performance",Yelp,Our mission is simple: to connect people with great local businesses.,Engineer,Canada,February 9,"$90,000 - $165,000 USD (₹75L - ₹1.4Cr INR)",https://jobspresso.co/job/engineering-manager-ad-market-performance/
Pre-Sales Solutions Engineer,Grafana Labs,Understand all of your metrics with dashboards that are easy to create and share.,Sales,Pacific Time Zone,February 8,"$70,000 - $120,000 USD (₹58L - ₹1.0Cr INR)",https://jobspresso.co/job/pre-sales-solutions-engineer/
Technical Support Engineer,Airship,We’re revolutionizing the way brands connect with customers.,"Engineer, Support",US West Coast,February 6,"$45,000 - $85,000 USD (₹38L - ₹70L INR)",https://jobspresso.co/job/technical-support-engineer-11/
Enterprise Account Executive,Neo4j,Neo4j is the leader in graph database technology.,Sales,Asia Pacific,February 4,"$70,000 - $120,000 USD (₹58L - ₹1.0Cr INR)",https://jobspresso.co/job/enterprise-account-executive-2/
"Full Stack Engineer, Self-Serve Team",Mattermost,"Award-winning open source, private cloud Slack-alternative.",Engineer,Various Countries,January 28,"$70,000 - $120,000 USD (₹58L - ₹1.0Cr INR)",https://jobspresso.co/job/full-stack-engineer-self-serve-team/
Site Reliability Engineer,Aircall,"Call center software, reinvented: easy to set up, easy to scale, integrates flawlessly with your favorite CRM. Make every conversation count!",Engineer,EMEA,January 28,"$70,000 - $120,000 USD (₹58L - ₹1.0Cr INR)",https://jobspresso.co/job/site-reliability-engineer-26/
Infrastructure Engineers,GitHub,"GitHub is the best place to share code with friends, co-workers, classmates, and complete strangers.",Engineer,United States or Canada,January 27,"$70,000 - $120,000 USD (₹58L - ₹1.0Cr INR)",https://jobspresso.co/job/infrastructure-engineers/
Senior Data Engineer,FreshBooks,#1 accounting software in the cloud for self-employed professionals and their teams.,Engineer,Europe,January 27,"$90,000 - $165,000 USD (₹75L - ₹1.4Cr INR)",https://jobspresso.co/job/senior-data-engineer-2/
"Manager, Data Engineering",FreshBooks,#1 accounting software in the cloud for self-employed professionals and their teams.,AI & Data,Europe,January 27,"$90,000 - $165,000 USD (₹75L - ₹1.4Cr INR)",https://jobspresso.co/job/manager-data-engineering/
Senior Full Stack Software Engineer,Ad Hoc,We build government digital services designed for people.,Engineer,United States,January 27,"$90,000 - $165,000 USD (₹75L - ₹1.4Cr INR)",https://jobspresso.co/job/senior-full-stack-software-engineer-4/
"Software Engineer, Backend",Webflow,"Webflow is the way to design, build, and launch powerful websites visually — without coding.",Engineer,Western Hemisphere,January 25,"$70,000 - $120,000 USD (₹58L - ₹1.0Cr INR)",https://jobspresso.co/job/software-engineer-backend-2/
"Senior Backend Engineer, DevOps",Webflow,"Webflow is the way to design, build, and launch powerful websites visually — without coding.",Engineer,United States,January 25,"$90,000 - $165,000 USD (₹75L - ₹1.4Cr INR)",https://jobspresso.co/job/senior-backend-engineer-devops/
Customer Support Specialist,FreshBooks,#1 accounting software in the cloud for self-employed professionals and their teams.,Support,United States,January 24,"$45,000 - $85,000 USD (₹38L - ₹70L INR)",https://jobspresso.co/job/customer-support-specialist-16/
Full Stack JavaScript Engineer,CloudApp,"CloudApp brings rich video walkthroughs, screen recording/capture, GIF creation to the cloud in an easy-to-use enterprise-grade app.",Engineer,United States,December 21,"$70,000 - $120,000 USD (₹58L - ₹1.0Cr INR)",https://jobspresso.co/job/full-stack-javascript-engineer/
Customer Success Manager,CloudApp,"CloudApp brings rich video walkthroughs, screen recording/capture, GIF creation to the cloud in an easy-to-use enterprise-grade app.","Others, Sales, Support",United States,December 21,"$90,000 - $165,000 USD (₹75L - ₹1.4Cr INR)",https://jobspresso.co/job/customer-success-manager-18/
Product Designer,Quora,A place to share knowledge and better understand the world.,Design,Worldwide,November 28,"$70,000 - $120,000 USD (₹58L - ₹1.0Cr INR)",https://jobspresso.co/job/product-designer-25/
Technical Marketing Engineer,Databricks,"Databricks is the data and AI company, helping data teams solve the world’s toughest problems.","Engineer, Marketing",United States,November 25,"$70,000 - $120,000 USD (₹58L - ₹1.0Cr INR)",https://jobspresso.co/job/technical-marketing-engineer-2/
"Technical Solutions Engineer, Backline Spark",Databricks,"Databricks is the data and AI company, helping data teams solve the world’s toughest problems.","Engineer, Others",United States,November 25,"$70,000 - $120,000 USD (₹58L - ₹1.0Cr INR)",https://jobspresso.co/job/technical-solutions-engineer-backline-spark/
Customer Chat Support Representatives,ModSquad,"We engage, moderate, and support audiences for the world's biggest brands - around the clock and across the globe. 🌎💻",Support,United States,November 22,"$45,000 - $85,000 USD (₹38L - ₹70L INR)",https://jobspresso.co/job/customer-chat-support-representatives/
"Frontend Engineer, Cloud",Grafana Labs,Understand all of your metrics with dashboards that are easy to create and share.,Engineer,Americas (North / South / Central),November 21,"$70,000 - $120,000 USD (₹58L - ₹1.0Cr INR)",https://jobspresso.co/job/frontend-engineer-cloud/
Senior Full Stack Software Engineer (JavaScript),Grafana Labs,Understand all of your metrics with dashboards that are easy to create and share.,Engineer,Americas (North / South / Central),November 21,"$90,000 - $165,000 USD (₹75L - ₹1.4Cr INR)",https://jobspresso.co/job/senior-full-stack-software-engineer-javascript/
Solution Architect,Mattermost,"Award-winning open source, private cloud Slack-alternative.",Sales,Various Countries,November 19,"$90,000 - $165,000 USD (₹75L - ₹1.4Cr INR)",https://jobspresso.co/job/solution-architect-3/
Security Engineer,Mattermost,Mattermost is an #opensource platform for secure collaboration across the entire software development lifecycle.,Engineer,Various Countries,November 19,"$70,000 - $120,000 USD (₹58L - ₹1.0Cr INR)",https://jobspresso.co/job/security-engineer-3/
"Lead Product Manager, Content Platform",Yelp,Our mission is simple: to connect people with great local businesses.,Product,United Kingdom,November 17,"$90,000 - $165,000 USD (₹75L - ₹1.4Cr INR)",https://jobspresso.co/job/lead-product-manager-content-platform/
"Product Manager, Community",AllTrails,AllTrails is your guide to the outdoors! Explore 200k trail guides with reviews & photos from 30M+ outdoor enthusiasts.,Product,United States,November 15,"$90,000 - $165,000 USD (₹75L - ₹1.4Cr INR)",https://jobspresso.co/job/product-manager-community/
"Senior Software Engineer, Data Platform",Wealthsimple,"Wealthsimple is investing on autopilot. We build you a personal, low-cost portfolio and put your money to work like the world’s smartest investors.",Engineer,Canada,November 13,"$90,000 - $165,000 USD (₹75L - ₹1.4Cr INR)",https://jobspresso.co/job/senior-software-engineer-data-platform/
Client Experience Associate,Wealthsimple,"Wealthsimple is investing on autopilot. We build you a personal, low-cost portfolio and put your money to work like the world’s smartest investors.",Support,Canada,November 13,"$45,000 - $85,000 USD (₹38L - ₹70L INR)",https://jobspresso.co/job/client-experience-associate-2/
Remote-First Employee Experience Manager,HackerRank,Accelerating the world's innovation.,Others,United States,November 2,"$90,000 - $165,000 USD (₹75L - ₹1.4Cr INR)",https://jobspresso.co/job/remote-first-employee-experience-manager/
Senior Backend Engineer,HackerRank,Accelerating the world's innovation.,Engineer,United States,November 2,"$90,000 - $165,000 USD (₹75L - ₹1.4Cr INR)",https://jobspresso.co/job/senior-backend-engineer-4/
"Product Manager, Advertising Products",Yelp,Our mission is simple: to connect people with great local businesses.,Product,United Kingdom,October 24,"$90,000 - $165,000 USD (₹75L - ₹1.4Cr INR)",https://jobspresso.co/job/product-manager-advertising-products/
Senior Blockchain Engineer,Robinhood,"Robinhood is democratizing finance for all. With customers at the heart of our decisions, Robinhood is lowering barriers, removing fees, and providing greater access to financial information.",Engineer,United States,October 24,"$90,000 - $165,000 USD (₹75L - ₹1.4Cr INR)",https://jobspresso.co/job/senior-blockchain-engineer-3/
Project Delivery Analyst,Airship,We’re revolutionizing the way brands connect with customers.,"Engineer, Support",United States,October 13,"$70,000 - $120,000 USD (₹58L - ₹1.0Cr INR)",https://jobspresso.co/job/project-delivery-analyst-2/
"Senior Software Engineer, Service Discovery & Communication",Robinhood,"Robinhood is democratizing finance for all. With customers at the heart of our decisions, Robinhood is lowering barriers, removing fees, and providing greater access to financial information.",Engineer,United States,October 8,"$90,000 - $165,000 USD (₹75L - ₹1.4Cr INR)",https://jobspresso.co/job/senior-software-engineer-service-discovery-communication/
"Software Engineer, Frontend",Webflow,"Webflow is the way to design, build, and launch powerful websites visually — without coding.",Engineer,Worldwide,October 1,"$70,000 - $120,000 USD (₹58L - ₹1.0Cr INR)",https://jobspresso.co/job/software-engineer-frontend/
Technical Customer Support Associate (Weekend),Webflow,"Webflow is the way to design, build, and launch powerful websites visually — without coding.",Support,United States,October 1,"$45,000 - $85,000 USD (₹38L - ₹70L INR)",https://jobspresso.co/job/technical-customer-support-associate-weekend/
"JavaScript Engineer, Ecommerce",Fender,"Since 1946, Fender has been the world’s foremost manufacturer of electric and acoustic guitars, bass guitars, amplifiers & accessories.",Engineer,United States,September 23,"$70,000 - $120,000 USD (₹58L - ₹1.0Cr INR)",https://jobspresso.co/job/javascript-engineer-ecommerce/
"Software Engineer II, Music Application (Mobile/Desktop)",Fender,"Since 1946, Fender has been the world’s foremost manufacturer of electric and acoustic guitars, bass guitars, amplifiers & accessories.",Engineer,United States,September 23,"$70,000 - $120,000 USD (₹58L - ₹1.0Cr INR)",https://jobspresso.co/job/software-engineer-ii-music-application-mobile-desktop/
Marketing Events Specialist,Cloud Academy,Cloud Academy is the leading technology training platform for enterprise multi-cloud infrastructure.,"Marketing, Others",United States,September 20,"$45,000 - $85,000 USD (₹38L - ₹70L INR)",https://jobspresso.co/job/marketing-events-specialist/
"Experienced Software Engineer, Full Stack (Developer Experience)",Plaid,Our mission is to unlock financial freedom for everyone.,Engineer,Worldwide,September 16,"$70,000 - $120,000 USD (₹58L - ₹1.0Cr INR)",https://jobspresso.co/job/experienced-software-engineer-full-stack-developer-experience/
Engineering Manager,Plaid,Our mission is to unlock financial freedom for everyone.,Engineer,Worldwide,September 16,"$90,000 - $165,000 USD (₹75L - ₹1.4Cr INR)",https://jobspresso.co/job/engineering-manager-26/
Infrastructure Engineer,Plaid,Our mission is to unlock financial freedom for everyone.,Engineer,US East Coast,September 15,"$70,000 - $120,000 USD (₹58L - ₹1.0Cr INR)",https://jobspresso.co/job/infrastructure-engineer-13/
Lead Product Designer,Yelp,Our mission is simple: to connect people with great local businesses.,Design,"Ontario, Canada",September 13,"$90,000 - $165,000 USD (₹75L - ₹1.4Cr INR)",https://jobspresso.co/job/lead-product-designer-4/
"Senior Full Stack Engineer, Developer Experience",Olo,Digital ordering and delivery platform helping 400+ restaurant brands interface to the on-demand world.,Engineer,United States,September 11,"$90,000 - $165,000 USD (₹75L - ₹1.4Cr INR)",https://jobspresso.co/job/recruiting-coordinator-5/
Recruiting Coordinator,Olo,Digital ordering and delivery platform helping 400+ restaurant brands interface to the on-demand world.,Others,United States,September 11,"$45,000 - $85,000 USD (₹38L - ₹70L INR)",https://jobspresso.co/job/recruiting-coordinator-4/
Product Designer,Yelp,Our mission is simple: to connect people with great local businesses.,Design,Germany,September 8,"$70,000 - $120,000 USD (₹58L - ₹1.0Cr INR)",https://jobspresso.co/job/product-designer-24/
Customer Success Manager,Atlassian,"Tools for teams, from startup to enterprise: Atlassian provides tools to help every team unleash their full potential.",Others,United States,September 5,"$90,000 - $165,000 USD (₹75L - ₹1.4Cr INR)",https://jobspresso.co/job/customer-success-manager-17/
Customer Success Representative,Yelp,Our mission is simple: to connect people with great local businesses.,Support,United States,August 21,"$70,000 - $120,000 USD (₹58L - ₹1.0Cr INR)",https://jobspresso.co/job/customer-success-representative-3/
Digital Events Specialist (Contractor),Neo4j,Neo4j is the leader in graph database technology.,Others,United States West Coast,August 20,"$45,000 - $85,000 USD (₹38L - ₹70L INR)",https://jobspresso.co/job/digital-events-specialist-contractor/
Customer Support Representative,MURAL,"MURAL is a digital workspace for visual collaboration, enabling innovative teams to solve important problems.",Support,United States,August 9,"$45,000 - $85,000 USD (₹38L - ₹70L INR)",https://jobspresso.co/job/customer-support-representative-12/
Front End Developer,MURAL,"MURAL is a digital workspace for visual collaboration, enabling innovative teams to solve important problems.",Engineer,United States,August 9,"$70,000 - $120,000 USD (₹58L - ₹1.0Cr INR)",https://jobspresso.co/job/front-end-developer-9/
"Senior Software Engineer, Infrastructure",Quora,A place to share knowledge and better understand the world.,Engineer,Worldwide,August 9,"$90,000 - $165,000 USD (₹75L - ₹1.4Cr INR)",https://jobspresso.co/job/senior-software-engineer-infrastructure/
"Engineering Manager, Core Product",Quora,A place to share knowledge and better understand the world.,Engineer,Worldwide,August 9,"$90,000 - $165,000 USD (₹75L - ₹1.4Cr INR)",https://jobspresso.co/job/engineering-manager-core-product/
"Community Manager, Content Marketing & Social",Robinhood,"Robinhood is democratizing finance for all. With customers at the heart of our decisions, Robinhood is lowering barriers, removing fees, and providing greater access to financial information.","Marketing, Others",United States,July 26,"$90,000 - $165,000 USD (₹75L - ₹1.4Cr INR)",https://jobspresso.co/job/senior-blockchain-engineer/
Senior Blockchain Engineer,Robinhood,"Robinhood is democratizing finance for all. With customers at the heart of our decisions, Robinhood is lowering barriers, removing fees, and providing greater access to financial information.",Engineer,United States,July 26,"$90,000 - $165,000 USD (₹75L - ₹1.4Cr INR)",https://jobspresso.co/job/senior-blockchain-engineer-2/
Content Designer,Atlassian,"Tools for teams, from startup to enterprise: Atlassian provides tools to help every team unleash their full potential.",Design,United States,July 25,"$70,000 - $120,000 USD (₹58L - ₹1.0Cr INR)",https://jobspresso.co/job/content-designer/
"Data Scientist, Product Analytics",Atlassian,"Tools for teams, from startup to enterprise: Atlassian provides tools to help every team unleash their full potential.",AI & Data,United States,July 25,"$70,000 - $120,000 USD (₹58L - ₹1.0Cr INR)",https://jobspresso.co/job/data-scientist-product-analytics/
Infrastructure Platform Engineer,Wealthsimple,"Wealthsimple is investing on autopilot. We build you a personal, low-cost portfolio and put your money to work like the world’s smartest investors.",Engineer,Canada,July 13,"$70,000 - $120,000 USD (₹58L - ₹1.0Cr INR)",https://jobspresso.co/job/infrastructure-platform-engineer/
"Senior Software Engineer, Java",Wealthsimple,"Wealthsimple is investing on autopilot. We build you a personal, low-cost portfolio and put your money to work like the world’s smartest investors.",Engineer,Canada,July 13,"$90,000 - $165,000 USD (₹75L - ₹1.4Cr INR)",https://jobspresso.co/job/senior-software-engineer-java/
"Senior Front End Software Engineer, Confluence Analytics",Atlassian,"Tools for teams, from startup to enterprise: Atlassian provides tools to help every team unleash their full potential.",Engineer,United States,July 11,"$90,000 - $165,000 USD (₹75L - ₹1.4Cr INR)",https://jobspresso.co/job/senior-front-end-software-engineer-confluence-analytics/
"Front End Software Engineer, Trello",Atlassian,"Tools for teams, from startup to enterprise: Atlassian provides tools to help every team unleash their full potential.",Engineer,United States,July 11,"$70,000 - $120,000 USD (₹58L - ₹1.0Cr INR)",https://jobspresso.co/job/front-end-software-engineer-trello/
Guest Experience Customer Support Specialist,Olo,The interface between restaurants and the on-demand world. Powering 250 brands and 100 million+ guests.,Support,United States,June 21,"$45,000 - $85,000 USD (₹38L - ₹70L INR)",https://jobspresso.co/job/guest-experience-customer-support-specialist/
React Native Engineer,Mattermost,"Award-winning open source, private cloud Slack-alternative.",Engineer,Various Countries,June 21,"$70,000 - $120,000 USD (₹58L - ₹1.0Cr INR)",https://jobspresso.co/job/react-native-engineer/
"Senior Software Engineer, Product",Quora,A place to share knowledge and better understand the world.,Engineer,Worldwide,June 21,"$90,000 - $165,000 USD (₹75L - ₹1.4Cr INR)",https://jobspresso.co/job/senior-software-engineer-product/
Product Manager,Mozilla,A non-profit with one mission: defend the free and open web.,Product,United States,May 30,"$90,000 - $165,000 USD (₹75L - ₹1.4Cr INR)",https://jobspresso.co/job/product-manager-14/
Site Reliability Engineer,Mozilla,A non-profit with one mission: defend the free and open web.,Engineer,United States or Canada,May 30,"$70,000 - $120,000 USD (₹58L - ₹1.0Cr INR)",https://jobspresso.co/job/site-reliability-engineer-25/
Product Designer,Change.org,"Empowering anyone, anywhere to start, join and win campaigns for social change.",Design,"San Francisco, Seattle, Victoria Canada",May 28,"$70,000 - $120,000 USD (₹58L - ₹1.0Cr INR)",https://jobspresso.co/job/product-designer-23/
Senior Software Engineer,Change.org,"Empowering anyone, anywhere to start, join and win campaigns for social change.",Engineer,Worldwide,May 28,"$90,000 - $165,000 USD (₹75L - ₹1.4Cr INR)",https://jobspresso.co/job/senior-software-engineer-39/
"Staff Software Engineer, Service Discovery & Communication",Robinhood,"Robinhood is democratizing finance for all. With customers at the heart of our decisions, Robinhood is lowering barriers, removing fees, and providing greater access to financial information.",Engineer,United States,May 27,"$140,000 - $210,000 USD (₹1.1Cr - ₹1.7Cr INR)",https://jobspresso.co/job/staff-software-engineer-service-discovery-communication/
"Full Stack Engineer, Playbooks Team",Mattermost,"Award-winning open source, private cloud Slack-alternative.",Engineer,Various Countries,May 25,"$70,000 - $120,000 USD (₹58L - ₹1.0Cr INR)",https://jobspresso.co/job/full-stack-engineer-playbooks-team/
"Marketing Content Specialist (Part-Time, Contractor, B2B)",Calm,"Take a deep breath. We're the #1 app for sleep, relaxation and meditation.","Marketing, Writing",United States,May 22,"$45,000 - $85,000 USD (₹38L - ₹70L INR)",https://jobspresso.co/job/marketing-content-specialist-part-time-contractor-b2b/
"Software Engineer, iOS",Calm,"Take a deep breath. We're the #1 app for sleep, relaxation and meditation.",Engineer,United States,May 22,"$70,000 - $120,000 USD (₹58L - ₹1.0Cr INR)",https://jobspresso.co/job/software-engineer-ios-3/
"Software Engineer, Search Infrastructure",Yelp,Our mission is simple: to connect people with great local businesses.,Engineer,"Ontario, Canada",May 17,"$70,000 - $120,000 USD (₹58L - ₹1.0Cr INR)",https://jobspresso.co/job/software-engineer-search-infrastructure/
"Senior Product Manager, Design Tools",Webflow,"Webflow is the way to design, build, and launch powerful websites visually — without coding.",Product,Western Hemisphere,April 19,"$90,000 - $165,000 USD (₹75L - ₹1.4Cr INR)",https://jobspresso.co/job/senior-product-manager-design-tools/
Senior Fullstack Software Engineer,Webflow,"Webflow is the way to design, build, and launch powerful websites visually — without coding.",Engineer,Western Hemisphere,April 19,"$90,000 - $165,000 USD (₹75L - ₹1.4Cr INR)",https://jobspresso.co/job/senior-fullstack-software-engineer/
"Engineering Manager, Client Data",Yelp,Our mission is simple: to connect people with great local businesses.,Engineer,"Ontario, Canada",April 16,"$90,000 - $165,000 USD (₹75L - ₹1.4Cr INR)",https://jobspresso.co/job/engineering-manager-client-data/
Client Platform Engineer,Yelp,Our mission is simple: to connect people with great local businesses.,Engineer,"Ontario, Canada",April 16,"$70,000 - $120,000 USD (₹58L - ₹1.0Cr INR)",https://jobspresso.co/job/client-platform-engineer-2/
Customer Success Manager (US West),Neo4j,Neo4j is the leader in graph database technology.,Others,United States West Coast,April 11,"$90,000 - $165,000 USD (₹75L - ₹1.4Cr INR)",https://jobspresso.co/job/customer-success-manager-us-west/
Cloud Architect,Rackspace,"Unlock the leading technologies to grow new revenue streams, increase efficiency, and build the future. #SolvingTogether",Engineer,United States,April 9,"$90,000 - $165,000 USD (₹75L - ₹1.4Cr INR)",https://jobspresso.co/job/cloud-architect-2/
Customer Support Representative,ModSquad,"#ModSourcing: Outsourcing Modernized! The world’s best brands engage, moderate & support their audiences with our 10k+ Mods around the clock & across the globe.",Support,Pacific Time Zone,April 7,"$45,000 - $85,000 USD (₹38L - ₹70L INR)",https://jobspresso.co/job/customer-support-representative-11/
"Associate Customer Success Manager, Digital Ad Sales",Quora,A place to share knowledge and better understand the world.,Engineer,United States or Canada,April 6,"$90,000 - $165,000 USD (₹75L - ₹1.4Cr INR)",https://jobspresso.co/job/associate-customer-success-manager-digital-ad-sales/
Site Reliability Engineer (SRE),Yelp,Our mission is simple: to connect people with great local businesses.,Engineer,United Kingdom,April 5,"$70,000 - $120,000 USD (₹58L - ₹1.0Cr INR)",https://jobspresso.co/job/site-reliability-engineer-sre/
"Software Engineer, Application Backend",Yelp,Our mission is simple: to connect people with great local businesses.,Engineer,Canada,April 3,"$70,000 - $120,000 USD (₹58L - ₹1.0Cr INR)",https://jobspresso.co/job/software-engineer-application-backend/
Technical Support Specialist,Vidyard,"Vidyard is the easiest way to create, host, and share videos so you can keep connecting with customers and colleagues when everything else feels remote.",Support,Canada,March 30,"$45,000 - $85,000 USD (₹38L - ₹70L INR)",https://jobspresso.co/job/technical-support-specialist-3/
Senior Software Developer,Vidyard,"Vidyard is the easiest way to create, host, and share videos so you can keep connecting with customers and colleagues when everything else feels remote.",Engineer,Canada,March 30,"$90,000 - $165,000 USD (₹75L - ₹1.4Cr INR)",https://jobspresso.co/job/senior-software-developer-3/
"Manager, Customer Success Managers",Glassdoor,One of the world’s largest job and recruiting sites on a mission to help people everywhere find a job and company they love.,Others,United States,March 29,"$90,000 - $165,000 USD (₹75L - ₹1.4Cr INR)",https://jobspresso.co/job/manager-customer-success-managers/
Technical Talent Acquisition Partner,Twilio,Changing communications forever by empowering software people to build the future of our modern communications apps.,Others,United States,March 27,"$70,000 - $120,000 USD (₹58L - ₹1.0Cr INR)",https://jobspresso.co/job/technical-talent-acquisition-partner-2/
"Staff Product Manager, Sendgrid.com",Twilio,Changing communications forever by empowering software people to build the future of our modern communications apps.,Product,United States,March 27,"$140,000 - $210,000 USD (₹1.1Cr - ₹1.7Cr INR)",https://jobspresso.co/job/technical-talent-acquisition-partner/
Software Engineer,CareMessage,Patient Engagement for Underserved Populations. We envision a world where all people regardless of income or background achieve equitable health outcomes.,Engineer,United States,March 25,"$70,000 - $120,000 USD (₹58L - ₹1.0Cr INR)",https://jobspresso.co/job/software-engineer-27/
"Client Engineer, React Native",Gametime,Last-minute tickets at the best price in seconds.,Engineer,United States,March 23,"$70,000 - $120,000 USD (₹58L - ₹1.0Cr INR)",https://jobspresso.co/job/client-engineer-react-native/
"Software Engineer, Backend",Yelp,Our mission is simple: to connect people with great local businesses.,Engineer,Canada,March 18,"$70,000 - $120,000 USD (₹58L - ₹1.0Cr INR)",https://jobspresso.co/job/software-engineer-backend/
Senior Global Mobility Specialist,Yelp,Our mission is simple: to connect people with great local businesses.,Others,United States,March 18,"$90,000 - $165,000 USD (₹75L - ₹1.4Cr INR)",https://jobspresso.co/job/senior-global-mobility-specialist/
Community Lead,Neo4j,Neo4j is the leader in graph database technology.,"Engineer, Others",United States,March 13,"$90,000 - $165,000 USD (₹75L - ₹1.4Cr INR)",https://jobspresso.co/job/community-lead-3/
Customer Success Manager,Neo4j,Neo4j is the leader in graph database technology.,"Others, Sales",United States,March 13,"$90,000 - $165,000 USD (₹75L - ₹1.4Cr INR)",https://jobspresso.co/job/customer-success-manager-16/
Support Engineer,Neo4j,Neo4j is the leader in graph database technology.,"Engineer, Support",Canada,March 13,"$45,000 - $85,000 USD (₹38L - ₹70L INR)",https://jobspresso.co/job/support-engineer-3/
Customer Support Advocate,Typeform,"The future of online forms is here. Power your brand interactions with beautifully designed, professional-looking forms that people love.",Support,US Pacific Time Zone,March 2,"$45,000 - $85,000 USD (₹38L - ₹70L INR)",https://jobspresso.co/job/customer-support-advocate-5/
Senior Product Marketing Manager,Typeform,"The future of online forms is here. Power your brand interactions with beautifully designed, professional-looking forms that people love.",Product,United States,March 2,"$90,000 - $165,000 USD (₹75L - ₹1.4Cr INR)",https://jobspresso.co/job/senior-product-marketing-manager-8/
"Senior Frontend Engineer, Ads",Reddit,The front page of the internet.,Engineer,Worldwide,March 2,"$90,000 - $165,000 USD (₹75L - ₹1.4Cr INR)",https://jobspresso.co/job/senior-frontend-engineer-ads/
"Software Engineer, Machine Learning Data",Reddit,The front page of the internet.,Engineer,Worldwide,March 2,"$70,000 - $120,000 USD (₹58L - ₹1.0Cr INR)",https://jobspresso.co/job/software-engineer-machine-learning-data/
Data Analytics Engineer,Mattermost,"Award-winning open source, private cloud Slack-alternative.",AI & Data,Various Countries,February 26,"$70,000 - $120,000 USD (₹58L - ₹1.0Cr INR)",https://jobspresso.co/job/data-analytics-engineer/
Content Marketing Specialist,Yelp,Our mission is simple: to connect people with great local businesses.,"Marketing, Writing",United States,February 23,"$45,000 - $85,000 USD (₹38L - ₹70L INR)",https://jobspresso.co/job/content-marketing-specialist-2/
"Senior UX Tech Lead, Consumer App",Yelp,Our mission is simple: to connect people with great local businesses.,Engineer,Canada,February 23,"$90,000 - $165,000 USD (₹75L - ₹1.4Cr INR)",https://jobspresso.co/job/senior-ux-tech-lead-consumer-app/
Senior Full Stack Software Engineer,Webflow,"Webflow is the way to design, build, and launch powerful websites visually — without coding.",Engineer,United States,February 18,"$90,000 - $165,000 USD (₹75L - ₹1.4Cr INR)",https://jobspresso.co/job/senior-full-stack-software-engineer-3/
"Senior Manager, Premium Support",GitHub,"GitHub is the best place to share code with friends, co-workers, classmates, and complete strangers.",Support,Asia Pacific,February 18,"$90,000 - $165,000 USD (₹75L - ₹1.4Cr INR)",https://jobspresso.co/job/senior-manager-premium-support/
"Software Engineer, Platform",GitHub,"GitHub is the best place to share code with friends, co-workers, classmates, and complete strangers.",Engineer,Europe,February 18,"$70,000 - $120,000 USD (₹58L - ₹1.0Cr INR)",https://jobspresso.co/job/software-engineer-platform-3/
Executive Assistant,Mattermost,"Award-winning open source, private cloud Slack-alternative.","Others, Support",Various Countries,February 17,"$45,000 - $85,000 USD (₹38L - ₹70L INR)",https://jobspresso.co/job/executive-assistant-11/
Data Scientist,Headspace,Your guide to health and happiness. Learn to meditate and live mindfully.,AI & Data,Various US States,February 17,"$70,000 - $120,000 USD (₹58L - ₹1.0Cr INR)",https://jobspresso.co/job/data-scientist-9/
Customer Operations Advisors,Monzo,"We're a bank that lives on your phone, on a mission to make money work for everyone.",Support,United Kingdom,February 15,"$70,000 - $120,000 USD (₹58L - ₹1.0Cr INR)",https://jobspresso.co/job/customer-operations-advisors/
Engineering Manager,Deliveroo,"Your favourite restaurants, shops and supermarkets delivered to your door.",Engineer,United Kingdom,February 15,"$90,000 - $165,000 USD (₹75L - ₹1.4Cr INR)",https://jobspresso.co/job/engineering-manager-25/
Engineering Director,Deliveroo,"Your favourite restaurants, shops and supermarkets delivered to your door.",Engineer,United Kingdom,February 15,"$150,000 - $240,000 USD (₹1.2Cr - ₹2.0Cr INR)",https://jobspresso.co/job/engineering-director/
"Senior Software Engineer, Frontend Platform",Quora,A place to share knowledge and better understand the world.,Engineer,Worldwide (Pacific Time Zone),February 15,"$90,000 - $165,000 USD (₹75L - ₹1.4Cr INR)",https://jobspresso.co/job/senior-software-engineer-frontend-platform/
"Engineering Manager, Monetization",Quora,A place to share knowledge and better understand the world.,Engineer,Worldwide,February 15,"$90,000 - $165,000 USD (₹75L - ₹1.4Cr INR)",https://jobspresso.co/job/engineering-manager-monetization/
"Community Manager, Customer Success & Support",GitHub,"GitHub is the best place to share code with friends, co-workers, classmates, and complete strangers.","Others, Support",United States,February 14,"$90,000 - $165,000 USD (₹75L - ₹1.4Cr INR)",https://jobspresso.co/job/community-manager-customer-success-support/
"Software Engineer, Accessibility",GitHub,"GitHub is the best place to share code with friends, co-workers, classmates, and complete strangers.",Engineer,United States or Canada,February 14,"$70,000 - $120,000 USD (₹58L - ₹1.0Cr INR)",https://jobspresso.co/job/software-engineer-accessibility/
"Infrastructure Engineer, Cloud Providers",HashiCorp,HashiCorp is the leader in infrastructure automation for multi-cloud environments.,Engineer,United States,January 9,"$70,000 - $120,000 USD (₹58L - ₹1.0Cr INR)",https://jobspresso.co/job/infrastructure-engineer-cloud-providers/
"Product Designer, Terraform",HashiCorp,HashiCorp is the leader in infrastructure automation for multi-cloud environments.,"Design, Engineer",United States,January 9,"$70,000 - $120,000 USD (₹58L - ₹1.0Cr INR)",https://jobspresso.co/job/product-designer-terraform/
"Senior Backend Engineer, Trello",Atlassian,"Tools for teams, from startup to enterprise: Atlassian provides tools to help every team unleash their full potential.",Engineer,United States,January 7,"$90,000 - $165,000 USD (₹75L - ₹1.4Cr INR)",https://jobspresso.co/job/senior-backend-engineer-trello/
"Product Manager, Consumer",Yelp,Our mission is simple: to connect people with great local businesses.,Product,United Kingdom,January 5,"$90,000 - $165,000 USD (₹75L - ₹1.4Cr INR)",https://jobspresso.co/job/product-manager-consumer/
Recruiting Coordinator (Contract),Coursera,We provide universal access to the world’s best education.,Others,United States,January 5,"$45,000 - $85,000 USD (₹38L - ₹70L INR)",https://jobspresso.co/job/recruiting-coordinator-contract/
Back End Software Developer (Lead/Staff/Senior),Coursera,We provide universal access to the world’s best education.,Engineer,United States,January 5,"$140,000 - $210,000 USD (₹1.1Cr - ₹1.7Cr INR)",https://jobspresso.co/job/back-end-software-developer-lead-staff-senior/
Product Design Lead,Quora,A place to share knowledge and better understand the world.,Design,Worldwide,December 28,"$90,000 - $165,000 USD (₹75L - ₹1.4Cr INR)",https://jobspresso.co/job/product-design-lead-2/
"Software Engineer, Monetization",Quora,A place to share knowledge and better understand the world.,Engineer,Worldwide,December 28,"$70,000 - $120,000 USD (₹58L - ₹1.0Cr INR)",https://jobspresso.co/job/software-engineer-monetization/
Senior People Partner,SurveyMonkey,We're on a mission to help forward-thinkers turn their curiosity into action.,Others,United States,December 27,"$90,000 - $165,000 USD (₹75L - ₹1.4Cr INR)",https://jobspresso.co/job/senior-people-partner/
Design Systems Lead,SurveyMonkey,We're on a mission to help forward-thinkers turn their curiosity into action.,"Engineer, Others",United States,December 27,"$90,000 - $165,000 USD (₹75L - ₹1.4Cr INR)",https://jobspresso.co/job/design-systems-lead/
Technical Support Specialist,Sketch,The best products start with Sketch. What have you #MadeWithSketch?,Support,United States,December 26,"$45,000 - $85,000 USD (₹38L - ₹70L INR)",https://jobspresso.co/job/technical-support-specialist-2/
"Senior Product Manager, SEO",Yelp,Our mission is simple: to connect people with great local businesses.,Product,United Kingdom,December 23,"$90,000 - $165,000 USD (₹75L - ₹1.4Cr INR)",https://jobspresso.co/job/senior-product-manager-seo/
"Engineering Manager, Data and Analytics",Yelp,Our mission is simple: to connect people with great local businesses.,Engineer,United Kingdom,December 22,"$90,000 - $165,000 USD (₹75L - ₹1.4Cr INR)",https://jobspresso.co/job/engineering-manager-data-analytics/
"Enterprise Advocate, Halp",Atlassian,"Tools for teams, from startup to enterprise: Atlassian provides tools to help every team unleash their full potential.",Design,United States,December 20,"$70,000 - $120,000 USD (₹58L - ₹1.0Cr INR)",https://jobspresso.co/job/enterprise-advocate-halp/
"Senior Engineering Manager, Bitbucket Cloud",Atlassian,"Tools for teams, from startup to enterprise: Atlassian provides tools to help every team unleash their full potential.",Design,United States,December 20,"$90,000 - $165,000 USD (₹75L - ₹1.4Cr INR)",https://jobspresso.co/job/senior-engineering-manager-bitbucket-cloud/
"Staff Software Developer (Backend, Mobile, UX or Web Development)",Shopify,"Sell online, in-store, and everywhere in between.",Others,Europe,December 19,"$140,000 - $210,000 USD (₹1.1Cr - ₹1.7Cr INR)",https://jobspresso.co/job/staff-software-developer-backend-mobile-ux-web-development/
Client Experience Associate,Wealthsimple,"Wealthsimple is investing on autopilot. We build you a personal, low-cost portfolio and put your money to work like the world’s smartest investors.",Support,Canada,November 25,"$45,000 - $85,000 USD (₹38L - ₹70L INR)",https://jobspresso.co/job/client-experience-associate/
Senior Apple Developer,1Password,"The best way to keep you, your family and business safe online. Go ahead. Forget your passwords.",Engineer,United States or Canada,November 22,"$90,000 - $165,000 USD (₹75L - ₹1.4Cr INR)",https://jobspresso.co/job/senior-apple-developer/
IT Helpdesk Technician,Yelp,Our mission is simple: to connect people with great local businesses.,Others,Canada,November 21,"$70,000 - $120,000 USD (₹58L - ₹1.0Cr INR)",https://jobspresso.co/job/it-helpdesk-technician/
Head of Community,Mattermost,"Award-winning open source, private cloud Slack-alternative.",Others,Various Countries,November 20,"$150,000 - $240,000 USD (₹1.2Cr - ₹2.0Cr INR)",https://jobspresso.co/job/head-of-community-2/
"Customer Support Associate, 401(k)",Betterment,"We’re your smart money manager, on a mission to help you make the most of your money.",Support,Most US States,November 18,"$45,000 - $85,000 USD (₹38L - ₹70L INR)",https://jobspresso.co/job/customer-support-associate-401k/
"Backend Engineer, Video",Reddit,The front page of the internet.,Engineer,Worldwide,November 16,"$70,000 - $120,000 USD (₹58L - ₹1.0Cr INR)",https://jobspresso.co/job/backend-engineer-video/
"Senior Product Manager, Ads Marketplace",Reddit,The front page of the internet.,Product,Worldwide,November 16,"$90,000 - $165,000 USD (₹75L - ₹1.4Cr INR)",https://jobspresso.co/job/senior-product-manager-ads-marketplace/
"Product Manager, Platform Observability",Twilio,Changing communications forever by empowering software people to build the future of our modern communications apps.,Product,United States,November 15,"$90,000 - $165,000 USD (₹75L - ₹1.4Cr INR)",https://jobspresso.co/job/product-manager-platform-observability/
"Software Development Manager, Billing",GitHub,"GitHub is the best place to share code with friends, co-workers, classmates, and complete strangers.",Engineer,Worldwide,November 14,"$90,000 - $165,000 USD (₹75L - ₹1.4Cr INR)",https://jobspresso.co/job/software-development-manager-billing/
"Senior Program Manager, Customer Success and Support",GitHub,"GitHub is the best place to share code with friends, co-workers, classmates, and complete strangers.",Others,US or Canada,November 13,"$90,000 - $165,000 USD (₹75L - ₹1.4Cr INR)",https://jobspresso.co/job/senior-program-manager-customer-success-support/
Customer Support Specialist,Loom,"Record and instantly share video messages of your screen, cam, or both. Faster than typing an email or meeting live.",Support,US Time Zones,November 11,"$45,000 - $85,000 USD (₹38L - ₹70L INR)",https://jobspresso.co/job/customer-support-specialist-15/
HR Generalist,Mattermost,"Award-winning open source, private cloud Slack-alternative.",Others,Various Countries,November 10,"$70,000 - $120,000 USD (₹58L - ₹1.0Cr INR)",https://jobspresso.co/job/hr-generalist/
"Backend Developer, Admin Tools",1Password,"The best way to keep you, your family and business safe online. Go ahead. Forget your passwords.",Engineer,United States or Canada,November 8,"$70,000 - $120,000 USD (₹58L - ₹1.0Cr INR)",https://jobspresso.co/job/backend-developer-admin-tools/
Senior Web App Developer,1Password,"The best way to keep you, your family and business safe online. Go ahead. Forget your passwords.",Engineer,United States or Canada,November 8,"$90,000 - $165,000 USD (₹75L - ₹1.4Cr INR)",https://jobspresso.co/job/senior-web-app-developer/
"Product Manager, Restaurants",Yelp,Our mission is simple: to connect people with great local businesses.,"Marketing, Product",Canada,November 5,"$90,000 - $165,000 USD (₹75L - ₹1.4Cr INR)",https://jobspresso.co/job/product-manager-restaurants/
Customer Marketing Manager,Headspace,Your guide to health and happiness. Learn to meditate and live mindfully.,Marketing,Various US State,November 3,"$90,000 - $165,000 USD (₹75L - ₹1.4Cr INR)",https://jobspresso.co/job/customer-marketing-manager-2/
"Senior Software Engineer, Web",Headspace,Your guide to health and happiness. Learn to meditate and live mindfully.,Engineer,Various US State,November 3,"$90,000 - $165,000 USD (₹75L - ₹1.4Cr INR)",https://jobspresso.co/job/senior-software-engineer-web/
"Senior Full Stack Developer, Cloud Features",Mattermost,"Award-winning open source, private cloud Slack-alternative.",Engineer,Worldwide,November 1,"$90,000 - $165,000 USD (₹75L - ₹1.4Cr INR)",https://jobspresso.co/job/senior-full-stack-developer-cloud-features/
"Lead Product Designer, Buyer Experience",Atlassian,"Tools for teams, from startup to enterprise: Atlassian provides tools to help every team unleash their full potential.",Design,United States,October 29,"$90,000 - $165,000 USD (₹75L - ₹1.4Cr INR)",https://jobspresso.co/job/lead-product-designer-buyer-experience/
Business Development Manager,1Password,"The best way to keep you, your family and business safe online. Go ahead. Forget your passwords.",Sales,United States or Canada,October 27,"$90,000 - $165,000 USD (₹75L - ₹1.4Cr INR)",https://jobspresso.co/job/business-development-manager-2/
"Senior Software Engineer, SEO",Houzz,The new way to design your home!,Engineer,Minnesota,October 25,"$90,000 - $165,000 USD (₹75L - ₹1.4Cr INR)",https://jobspresso.co/job/senior-software-engineer-seo/
Community Media Manager,Mozilla,A non-profit with one mission: defend the free and open web.,"Marketing, Others",United States or Canada,October 20,"$90,000 - $165,000 USD (₹75L - ₹1.4Cr INR)",https://jobspresso.co/job/community-media-manager/
Senior Front End Software Engineer,Mozilla,A non-profit with one mission: defend the free and open web.,Engineer,United States or Canada,October 20,"$90,000 - $165,000 USD (₹75L - ₹1.4Cr INR)",https://jobspresso.co/job/senior-front-end-software-engineer-4/
Content Writer,1Password,"The best way to keep you, your family and business safe online. Go ahead. Forget your passwords.","Marketing, Writing",United States or Canada,October 17,"$70,000 - $120,000 USD (₹58L - ₹1.0Cr INR)",https://jobspresso.co/job/content-writer-2/
Engineering Manager,1Password,"The best way to keep you, your family and business safe online. Go ahead. Forget your passwords.",Engineer,United States or Canada,October 17,"$90,000 - $165,000 USD (₹75L - ₹1.4Cr INR)",https://jobspresso.co/job/engineering-manager-24/
Client Platform Engineer,Yelp,Our mission is simple: to connect people with great local businesses.,Engineer,Canada,October 15,"$70,000 - $120,000 USD (₹58L - ₹1.0Cr INR)",https://jobspresso.co/job/client-platform-engineer/
"Software Engineer, Android",Yelp,Our mission is simple: to connect people with great local businesses.,Engineer,United Kingdom,October 15,"$70,000 - $120,000 USD (₹58L - ₹1.0Cr INR)",https://jobspresso.co/job/software-engineer-android/
"Software Engineer, Trello",Atlassian,"Tools for teams, from startup to enterprise: Atlassian provides tools to help every team unleash their full potential.",Engineer,Worldwide,October 12,"$70,000 - $120,000 USD (₹58L - ₹1.0Cr INR)",https://jobspresso.co/job/software-engineer-trello/
Customer Support Specialist,FreshBooks,#1 accounting software in the cloud for self-employed professionals and their teams.,Support,Anywhere in Canada,October 6,"$45,000 - $85,000 USD (₹38L - ₹70L INR)",https://jobspresso.co/job/customer-support-specialist-14/
"Senior Product Designer, Product Growth",Webflow,"Webflow is the way to design, build, and launch powerful websites visually — without coding.",Design,United States,October 3,"$90,000 - $165,000 USD (₹75L - ₹1.4Cr INR)",https://jobspresso.co/job/senior-product-designer-product-growth-2/
"Senior Fullstack Software Engineer, Growth",Webflow,"Webflow is the way to design, build, and launch powerful websites visually — without coding.",Engineer,Western Hemisphere,October 3,"$90,000 - $165,000 USD (₹75L - ₹1.4Cr INR)",https://jobspresso.co/job/senior-fullstack-software-engineer-growth/
"Software Engineer, Infrastructure",Figma,A design platform for teams who build products together.,Engineer,United States,September 30,"$70,000 - $120,000 USD (₹58L - ₹1.0Cr INR)",https://jobspresso.co/job/software-engineer-infrastructure-2/
Product Design Intern (2021),Figma,A design platform for teams who build products together.,Design,United States,September 30,"$45,000 - $85,000 USD (₹38L - ₹70L INR)",https://jobspresso.co/job/product-design-intern-2021/
Software Engineer Intern (2021),Figma,A design platform for teams who build products together.,Engineer,United States,September 30,"$45,000 - $85,000 USD (₹38L - ₹70L INR)",https://jobspresso.co/job/software-engineer-intern-2021/
"Software Engineer, Data Backend",Yelp,Our mission is simple: to connect people with great local businesses.,Engineer,Canada,September 28,"$70,000 - $120,000 USD (₹58L - ₹1.0Cr INR)",https://jobspresso.co/job/software-engineer-data-backend/
"Senior Data Scientist, Finance",Shopify,"Sell online, in-store, and everywhere in between.",AI & Data,Americas,September 27,"$90,000 - $165,000 USD (₹75L - ₹1.4Cr INR)",https://jobspresso.co/job/senior-data-scientist-finance/
Customer Support Engineer,Mattermost,"Award-winning open source, private cloud Slack-alternative.","Engineer, Support",United States,September 25,"$45,000 - $85,000 USD (₹38L - ₹70L INR)",https://jobspresso.co/job/customer-support-engineer-4/
"Android Developer Intern, Remote Winter 2021",PagerDuty,"PagerDuty helps #developers, #ITOps, #DevOps and #teams across the business provide a perfect digital experience to their customers, every time.",Engineer,US or Canada,September 18,"$45,000 - $85,000 USD (₹38L - ₹70L INR)",https://jobspresso.co/job/android-developer-intern-remote-winter-2021/
"Client Experience Associate (Bilingual, French/English)",Wealthsimple,"Wealthsimple is investing on autopilot. We build you a personal, low-cost portfolio and put your money to work like the world’s smartest investors.",Support,Canada,September 18,"$45,000 - $85,000 USD (₹38L - ₹70L INR)",https://jobspresso.co/job/client-experience-associate-bilingual-french-english/
Senior Machine Learning Engineer,Twilio,Changing communications forever by empowering software people to build the future of our modern communications apps.,AI & Data,United States,September 18,"$90,000 - $165,000 USD (₹75L - ₹1.4Cr INR)",https://jobspresso.co/job/senior-machine-learning-engineer/
"Senior Project Manager, People Team",Twilio,Changing communications forever by empowering software people to build the future of our modern communications apps.,Others,United States,September 18,"$90,000 - $165,000 USD (₹75L - ₹1.4Cr INR)",https://jobspresso.co/job/senior-project-manager-people-team/
Senior Social Media Manager,MURAL,"MURAL is a digital workspace for visual collaboration, enabling innovative teams to solve important problems.",Marketing,United States,September 16,"$90,000 - $165,000 USD (₹75L - ₹1.4Cr INR)",https://jobspresso.co/job/senior-social-media-manager-2/
"Senior Cloud Engineer, SRE",MURAL,"MURAL is a digital workspace for visual collaboration, enabling innovative teams to solve important problems.",Engineer,Worldwide,September 16,"$90,000 - $165,000 USD (₹75L - ₹1.4Cr INR)",https://jobspresso.co/job/senior-cloud-engineer-sre/
"Customer Experience Associate (M-F, 1p-10p)",Rent the Runway,Dispatch from the future of fashion. Buy less. Wear more. Be you.,Support,US Eastern Time Zone,September 15,"$45,000 - $85,000 USD (₹38L - ₹70L INR)",https://jobspresso.co/job/customer-experience-associate-m-f-1p-10p/
"Senior Software Engineer, Security",Reddit,The front page of the internet.,Engineer,Worldwide,September 14,"$90,000 - $165,000 USD (₹75L - ₹1.4Cr INR)",https://jobspresso.co/job/senior-software-engineer-security/
"Senior Backend Engineer, Ads Billing and Payments",Reddit,The front page of the internet.,Engineer,Worldwide,September 14,"$90,000 - $165,000 USD (₹75L - ₹1.4Cr INR)",https://jobspresso.co/job/senior-backend-engineer-ads-billing-payments/
"Software Engineer, Admin Experiences",GitHub,"GitHub is the best place to share code with friends, co-workers, classmates, and complete strangers.",Engineer,US or Canada,September 13,"$70,000 - $120,000 USD (₹58L - ₹1.0Cr INR)",https://jobspresso.co/job/software-engineer-admin-experiences/
"Senior Software Engineer, Actions",GitHub,"GitHub is the best place to share code with friends, co-workers, classmates, and complete strangers.",Engineer,US or Canada,September 13,"$90,000 - $165,000 USD (₹75L - ₹1.4Cr INR)",https://jobspresso.co/job/senior-software-engineer-actions/
Senior Solutions Engineer,SurveyMonkey,We're on a mission to help forward-thinkers turn their curiosity into action.,"Engineer, Others",Various European Countries,September 11,"$90,000 - $165,000 USD (₹75L - ₹1.4Cr INR)",https://jobspresso.co/job/senior-solutions-engineer/
Senior Cloud Engineer,SurveyMonkey,We're on a mission to help forward-thinkers turn their curiosity into action.,Engineer,United States,September 11,"$90,000 - $165,000 USD (₹75L - ₹1.4Cr INR)",https://jobspresso.co/job/senior-cloud-engineer/
Head of Mobile,Mozilla,A non-profit with one mission: defend the free and open web.,Product,Eastern Time Zone,September 9,"$150,000 - $240,000 USD (₹1.2Cr - ₹2.0Cr INR)",https://jobspresso.co/job/head-of-mobile/
Product Designer,1Password,"The best way to keep you, your family and business safe online. Go ahead. Forget your passwords.",Design,United States or Canada,September 7,"$70,000 - $120,000 USD (₹58L - ₹1.0Cr INR)",https://jobspresso.co/job/product-designer-22/
Senior React Native Developer,Mattermost,"Award-winning open source, private cloud Slack-alternative.",Engineer,Worldwide,September 7,"$90,000 - $165,000 USD (₹75L - ₹1.4Cr INR)",https://jobspresso.co/job/senior-react-native-developer/
Technical Writer,Mattermost,"Award-winning open source, private cloud Slack-alternative.",Writing,Worldwide,September 7,"$70,000 - $120,000 USD (₹58L - ₹1.0Cr INR)",https://jobspresso.co/job/technical-writer-12/
Customer Support Research Lead,Shopify,"Sell online, in-store, and everywhere in between.",Others,Canada,September 5,"$90,000 - $165,000 USD (₹75L - ₹1.4Cr INR)",https://jobspresso.co/job/support-research-lead/
"Engineering Manager, Security Development",Atlassian,"Tools for teams, from startup to enterprise: Atlassian provides tools to help every team unleash their full potential.",Engineer,United States,September 4,"$90,000 - $165,000 USD (₹75L - ₹1.4Cr INR)",https://jobspresso.co/job/engineering-manager-security-development/
Technical Support Representative,ModSquad,"#ModSourcing: Outsourcing Modernized! The world’s best brands engage, moderate & support their audiences with our 10k+ Mods around the clock & across the globe.","Engineer, Support",United States,September 3,"$45,000 - $85,000 USD (₹38L - ₹70L INR)",https://jobspresso.co/job/technical-support-representative/
Senior Database Reliability Engineer,Yelp,Our mission is simple: to connect people with great local businesses.,Engineer,Germany or United Kingdom,September 2,"$90,000 - $165,000 USD (₹75L - ₹1.4Cr INR)",https://jobspresso.co/job/senior-database-reliability-engineer/
"Software Engineer, Data Back End",Yelp,Our mission is simple: to connect people with great local businesses.,Engineer,United Kingdom,September 2,"$70,000 - $120,000 USD (₹58L - ₹1.0Cr INR)",https://jobspresso.co/job/software-engineer-data-back-end/
Android Developer,1Password,"The best way to keep you, your family and business safe online. Go ahead. Forget your passwords.",Engineer,United States or Canada,September 1,"$70,000 - $120,000 USD (₹58L - ₹1.0Cr INR)",https://jobspresso.co/job/android-developer-4/
"Software Engineer, Money Movement",Wealthsimple,"Wealthsimple is investing on autopilot. We build you a personal, low-cost portfolio and put your money to work like the world’s smartest investors.",Engineer,Canada,August 30,"$70,000 - $120,000 USD (₹58L - ₹1.0Cr INR)",https://jobspresso.co/job/software-engineer-money-movement/
"Full Stack Engineer, Empower",Wealthsimple,"Wealthsimple is investing on autopilot. We build you a personal, low-cost portfolio and put your money to work like the world’s smartest investors.",Engineer,Canada,August 30,"$70,000 - $120,000 USD (₹58L - ₹1.0Cr INR)",https://jobspresso.co/job/full-stack-engineer-empower/
Mobile Engineer,Mattermost,"Award-winning open source, private cloud Slack-alternative.",Engineer,Various Countries,August 26,"$70,000 - $120,000 USD (₹58L - ₹1.0Cr INR)",https://jobspresso.co/job/mobile-engineer-4/
Project Delivery Analyst,Airship,We’re revolutionizing the way brands connect with customers.,Others,United States,August 25,"$70,000 - $120,000 USD (₹58L - ₹1.0Cr INR)",https://jobspresso.co/job/project-delivery-analyst/
"Software Engineer, Machine Learning",Quora,A place to share knowledge and better understand the world.,Engineer,Worldwide,August 21,"$70,000 - $120,000 USD (₹58L - ₹1.0Cr INR)",https://jobspresso.co/job/software-engineer-machine-learning/
Backend Engineer,Netlify,The platform for modern websites and applications.,Engineer,Worldwide,August 19,"$70,000 - $120,000 USD (₹58L - ₹1.0Cr INR)",https://jobspresso.co/job/backend-engineer-8/
Senior Site Reliability Engineer,Netlify,The platform for modern websites and applications.,Engineer,Worldwide,August 19,"$90,000 - $165,000 USD (₹75L - ₹1.4Cr INR)",https://jobspresso.co/job/senior-site-reliability-engineer-4/
"Senior Product Designer, Product Growth",Webflow,"Webflow is the way to design, build, and launch powerful websites visually — without coding.",Design,United States,August 18,"$90,000 - $165,000 USD (₹75L - ₹1.4Cr INR)",https://jobspresso.co/job/senior-product-designer-product-growth/
Senior Technical Recruiter,Webflow,"Webflow is the way to design, build, and launch powerful websites visually — without coding.",Others,United States,August 18,"$90,000 - $165,000 USD (₹75L - ₹1.4Cr INR)",https://jobspresso.co/job/senior-technical-recruiter-2/
Staff Software Engineer,Airship,We’re revolutionizing the way brands connect with customers.,Engineer,United States,August 15,"$140,000 - $210,000 USD (₹1.1Cr - ₹1.7Cr INR)",https://jobspresso.co/job/staff-software-engineer-2/
Marketing Operations Associate,Yelp,Our mission is simple: to connect people with great local businesses.,Marketing,United States,August 15,"$45,000 - $85,000 USD (₹38L - ₹70L INR)",https://jobspresso.co/job/marketing-operations-associate/
Inside Sales Representative,Yelp,Our mission is simple: to connect people with great local businesses.,Sales,United States West Region,August 15,"$70,000 - $120,000 USD (₹58L - ₹1.0Cr INR)",https://jobspresso.co/job/inside-sales-representative-3/
"Software Engineer, Marketing Engineering",Yelp,Our mission is simple: to connect people with great local businesses.,Engineer,Canada,August 15,"$70,000 - $120,000 USD (₹58L - ₹1.0Cr INR)",https://jobspresso.co/job/software-engineer-marketing-engineering/
Global Customer Support,ModSquad,"#ModSourcing: Outsourcing Modernized! The world’s best brands engage, moderate & support their audiences with our 10k+ Mods around the clock & across the globe.",Support,Worldwide,August 9,"$45,000 - $85,000 USD (₹38L - ₹70L INR)",https://jobspresso.co/job/global-customer-support/
Delight Center Agent,Stella & Dot,A jewelry & accessories company that gives every woman the means to style her own life.,Support,United States,August 4,"$70,000 - $120,000 USD (₹58L - ₹1.0Cr INR)",https://jobspresso.co/job/delight-center-agent/
Senior Frontend Engineer,Fast,"Forget passwords. Skip long entry forms. Shop online and securely check out with a single click. It’s safe, easy, and yep, fast.",Engineer,Worldwide,August 3,"$90,000 - $165,000 USD (₹75L - ₹1.4Cr INR)",https://jobspresso.co/job/senior-frontend-engineer-4/
Senior Product Designer,Fast,"Forget passwords. Skip long entry forms. Shop online and securely check out with a single click. It’s safe, easy, and yep, fast.",Design,United States,August 3,"$90,000 - $165,000 USD (₹75L - ₹1.4Cr INR)",https://jobspresso.co/job/senior-product-designer-16/
"Product Marketing Manager, Developer Products",Shopify,"Sell online, in-store, and everywhere in between.",Marketing,Americas,July 29,"$90,000 - $165,000 USD (₹75L - ₹1.4Cr INR)",https://jobspresso.co/job/product-marketing-manager-developer-products/
"Lead Engineer, End-User Features",Mattermost,"Award-winning open source, private cloud Slack-alternative.",Engineer,Various Countries,July 25,"$90,000 - $165,000 USD (₹75L - ₹1.4Cr INR)",https://jobspresso.co/job/lead-engineer-end-user-features/
Customer Support Engineer,Mattermost,"Award-winning open source, private cloud Slack-alternative.","Design, Support",Various Countries,July 25,"$45,000 - $85,000 USD (₹38L - ₹70L INR)",https://jobspresso.co/job/customer-support-engineer-3/
Infrastructure Engineer,Ad Hoc,We build government digital services designed for people.,Engineer,United States,July 22,"$70,000 - $120,000 USD (₹58L - ₹1.0Cr INR)",https://jobspresso.co/job/infrastructure-engineer-12/
Front End Engineer,Ad Hoc,We build government digital services designed for people.,Engineer,United States,July 22,"$70,000 - $120,000 USD (₹58L - ₹1.0Cr INR)",https://jobspresso.co/job/front-end-engineer-15/
"Staff Software Engineering Manager, Code Search",GitHub,"GitHub is the best place to share code with friends, co-workers, classmates, and complete strangers.",Engineer,US or Canada,July 19,"$140,000 - $210,000 USD (₹1.1Cr - ₹1.7Cr INR)",https://jobspresso.co/job/staff-software-engineering-manager-code-search/
Full-stack Engineer,Creative Market,"Creative Market is a platform for handcrafted, mousemade design content from independent creatives around the world.",Engineer,United States & Canada,July 16,"$70,000 - $120,000 USD (₹58L - ₹1.0Cr INR)",https://jobspresso.co/job/full-stack-engineer-12/
Trello Support Engineer,Atlassian,"Tools for teams, from startup to enterprise: Atlassian provides tools to help every team unleash their full potential.","Engineer, Support",Australia,July 16,"$45,000 - $85,000 USD (₹38L - ₹70L INR)",https://jobspresso.co/job/trello-support-engineer/
"Senior UX Designer, Cloud",Mattermost,"Award-winning open source, private cloud Slack-alternative.",Design,Canada,June 10,"$90,000 - $165,000 USD (₹75L - ₹1.4Cr INR)",https://jobspresso.co/job/senior-ux-designer-cloud/
Lead Site Reliability Engineer,Mattermost,"Award-winning open source, private cloud Slack-alternative.",Engineer,Canada,June 10,"$90,000 - $165,000 USD (₹75L - ₹1.4Cr INR)",https://jobspresso.co/job/lead-site-reliability-engineer/
"Campaigner, Campaign Success Team",Change.org,"Empowering anyone, anywhere to start, join and win campaigns for social change.",Others,United States,April 10,"$70,000 - $120,000 USD (₹58L - ₹1.0Cr INR)",https://jobspresso.co/job/campaigner-campaign-success-team/
Online Math Coach / Tutor,Tech / Remote Employer,Prodigy is a free curriculum aligned #Math game for grades/years 1-8 kids love to play. Get your class started in under 5 minutes #MakeMathFun #EdTech,Others,Anywhere,November 27,"$70,000 - $120,000 USD (₹58L - ₹1.0Cr INR)",https://jobspresso.co/job/online-math-coach-tutor/
International Partnership Coordinator,Girls Who Code,"We're a non-profit that works to inspire, educate, and equip girls with the computing skills to pursue 21st century opportunities. Join the movement!",Others,Anywhere (Canadian or Indian Time Zones),January 11,"$45,000 - $85,000 USD (₹38L - ₹70L INR)",https://jobspresso.co/job/international-partnership-coordinator/
Software Engineer,Wikimedia Foundation,Wikimedia Foundation is the non-profit that operates @Wikipedia.,Engineer,Anywhere,December 11,"$70,000 - $120,000 USD (₹58L - ₹1.0Cr INR)",https://jobspresso.co/job/software-engineer-26/
Full Stack Engineer,HelloSign,"HelloSign is powering the future of intelligent business. The company’s software platform converts process to revenue for over 50,000 companies around the world.",Engineer,Various US States,July 27,"$70,000 - $120,000 USD (₹58L - ₹1.0Cr INR)",https://jobspresso.co/job/hellosign-full-stack-engineer/
Dating Writers,Bustle,"Bustle.com is a new force in media: a news, entertainment, lifestyle, and fashion site for young women",Writing,Eastern Time Zone,December 11,"$70,000 - $120,000 USD (₹58L - ₹1.0Cr INR)",https://jobspresso.co/job/dating-writers/
UI / UX Designer,FormAssembly,The Web Form Builder for Everyone! Create awesome web forms in minutes.,Design,Eastern Time Zone,October 14,"$70,000 - $120,000 USD (₹58L - ₹1.0Cr INR)",https://jobspresso.co/job/ui-ux-designer-2/
"Data Analyst, Customer Service",Amazon,Earth's most customer-centric company.,Others,Various US States,September 25,"$70,000 - $120,000 USD (₹58L - ₹1.0Cr INR)",https://jobspresso.co/job/data-analyst-customer-service/
"Customer Service Team Manager, Bilingual",Amazon,Earth's most customer-centric company.,Support,Various US States,September 17,"$90,000 - $165,000 USD (₹75L - ₹1.4Cr INR)",https://jobspresso.co/job/customer-service-team-manager-bilingual/
Full Stack Web Programmer,FormAssembly,The Web Form Builder for Everyone! Create awesome web forms in minutes.,Engineer,Eastern Time Zone,September 14,"$70,000 - $120,000 USD (₹58L - ₹1.0Cr INR)",https://jobspresso.co/job/full-stack-web-programmer/
Quality Assurance Engineer,FormAssembly,The Web Form Builder for Everyone! Create awesome web forms in minutes.,Engineer,Eastern Time Zone,September 14,"$70,000 - $120,000 USD (₹58L - ₹1.0Cr INR)",https://jobspresso.co/job/quality-assurance-engineer/
Customer Service Associate,Amazon,Earth's most customer-centric company.,Support,Various US States,September 6,"$45,000 - $85,000 USD (₹38L - ₹70L INR)",https://jobspresso.co/job/customer-service-associate/
DevOps Engineer,Lonely Planet,"Love travel? Plan and book your perfect trip with expert advice, travel tips, destination information and inspiration from Lonely Planet.",AI & Data,Anywhere,August 30,"$70,000 - $120,000 USD (₹58L - ₹1.0Cr INR)",https://jobspresso.co/job/devops-engineer-17/
Customer Success Manager,FormAssembly,The Web Form Builder for Everyone! Create awesome web forms in minutes.,Others,Anywhere in US,August 24,"$90,000 - $165,000 USD (₹75L - ₹1.4Cr INR)",https://jobspresso.co/job/customer-success-manager-3/
Customer Support Specialist,FormAssembly,The Web Form Builder for Everyone! Create awesome web forms in minutes.,Support,Anywhere in US,August 1,"$45,000 - $85,000 USD (₹38L - ₹70L INR)",https://jobspresso.co/job/customer-support-specialist-5/
Infrastructure Engineer,FormAssembly,The Web Form Builder for Everyone! Create awesome web forms in minutes.,AI & Data,Anywhere in US,August 1,"$70,000 - $120,000 USD (₹58L - ₹1.0Cr INR)",https://jobspresso.co/job/infrastructure-engineer/
Strategic Pricing Analyst,Formstack,"Formstack is an easy-to-use, 508 compliant online form building tool. Quickly create and deploy the web forms you need without any coding knowledge",Marketing,Anywhere,July 31,"$70,000 - $120,000 USD (₹58L - ₹1.0Cr INR)",https://jobspresso.co/job/strategic-pricing-analyst/
Front End Developer,Formstack,"Formstack is an easy-to-use, 508 compliant online form building tool. Quickly create and deploy the web forms you need without any coding knowledge",Engineer,Anywhere,July 31,"$70,000 - $120,000 USD (₹58L - ₹1.0Cr INR)",https://jobspresso.co/job/front-end-developer-23/
Engineering Manager,Formstack,"Formstack is an easy-to-use, 508 compliant online form building tool. Quickly create and deploy the web forms you need without any coding knowledge",Engineer,Anywhere,July 31,"$90,000 - $165,000 USD (₹75L - ₹1.4Cr INR)",https://jobspresso.co/job/engineering-manager-16/
Customer Service Associate,Amazon,Earth's most customer-centric company.,Support,Various US States,July 5,"$45,000 - $85,000 USD (₹38L - ₹70L INR)",https://jobspresso.co/job/customer-service-associate-5/
Product Manager,Formstack,"Formstack is an easy-to-use, 508 compliant online form building tool. Quickly create and deploy the web forms you need without any coding knowledge",Marketing,Anywhere,June 30,"$90,000 - $165,000 USD (₹75L - ₹1.4Cr INR)",https://jobspresso.co/job/product-manager-21/
Customer Support Specialist,FormAssembly,The Web Form Builder for Everyone! Create awesome web forms in minutes.,Support,Singapore Time Zone,June 25,"$45,000 - $85,000 USD (₹38L - ₹70L INR)",https://jobspresso.co/job/customer-support-specialist-7/
Political Reporter,Bustle,"Bustle.com is a new force in media: a news, entertainment, lifestyle, and fashion site for young women",Writing,Eastern Time Zone,June 7,"$70,000 - $120,000 USD (₹58L - ₹1.0Cr INR)",https://jobspresso.co/job/political-reporter/
Mobile Developer,Formstack,"Formstack is an easy-to-use, 508 compliant online form building tool. Quickly create and deploy the web forms you need without any coding knowledge",Engineer,Anywhere,June 1,"$70,000 - $120,000 USD (₹58L - ₹1.0Cr INR)",https://jobspresso.co/job/mobile-developer-2/
Customer Support Expert,Harvest,"Harvest is a leader in online time tracking and invoicing. Work better, and make smarter decisions for your business.",Support,Eastern Time Zone,May 31,"$45,000 - $85,000 USD (₹38L - ₹70L INR)",https://jobspresso.co/job/customer-support-expert/
Client Services Contractor,Knewton,Knewton's mission is to personalize learning for the world. #adaptivelearning,Support,Eastern Time Zone,May 21,"$70,000 - $120,000 USD (₹58L - ₹1.0Cr INR)",https://jobspresso.co/job/client-services-contractor/
Fitness Writers,Bustle,"Bustle.com is a new force in media: a news, entertainment, lifestyle, and fashion site for young women",Writing,Eastern Time Zone,May 6,"$70,000 - $120,000 USD (₹58L - ₹1.0Cr INR)",https://jobspresso.co/job/fitness-writers/
Trending News Writers,Bustle,"Bustle.com is a new force in media: a news, entertainment, lifestyle, and fashion site for young women",Writing,Eastern Time Zone,May 6,"$70,000 - $120,000 USD (₹58L - ₹1.0Cr INR)",https://jobspresso.co/job/trending-news-writers/
Marketing Automation Specialist,Formstack,"Formstack is an easy-to-use, 508 compliant online form building tool. Quickly create and deploy the web forms you need without any coding knowledge",Marketing,Anywhere,April 27,"$45,000 - $85,000 USD (₹38L - ₹70L INR)",https://jobspresso.co/job/marketing-automation-specialist/
Support Engineer,Formstack,"Formstack is an easy-to-use, 508 compliant online form building tool. Quickly create and deploy the web forms you need without any coding knowledge",Engineer,US Pacific to European Time Zones,April 27,"$45,000 - $85,000 USD (₹38L - ₹70L INR)",https://jobspresso.co/job/support-engineer-16/
Senior Data Operations Engineer,Mozilla,A non-profit with one mission: defend the free and open web.,AI & Data,Eastern Time Zone,April 26,"$90,000 - $165,000 USD (₹75L - ₹1.4Cr INR)",https://jobspresso.co/job/senior-data-operations-engineer-3/
"Mentor, Design Fundamentals",Bloc,Intensive online coding bootcamp. 1-on-1 mentorship & an industry-vetted curriculum provide a more accessible & effective alternative to an offline bootcamp.,Design,Various US States,April 25,"$70,000 - $120,000 USD (₹58L - ₹1.0Cr INR)",https://jobspresso.co/job/mentor-design-fundamentals/
"Mentor, Programming Fundamentals",Bloc,Intensive online coding bootcamp. 1-on-1 mentorship & an industry-vetted curriculum provide a more accessible & effective alternative to an offline bootcamp.,Engineer,Various US States,April 25,"$70,000 - $120,000 USD (₹58L - ₹1.0Cr INR)",https://jobspresso.co/job/mentor-programming-fundamentals/
Customer Service Associate,Amazon,Earth's most customer-centric company.,Support,Anywhere in US,April 19,"$45,000 - $85,000 USD (₹38L - ₹70L INR)",https://jobspresso.co/job/customer-service-associate-4/
Senior Education Outreach Specialist,Rosetta Stone,Changing the way the world learns language.,Others,Western or Central US,April 13,"$90,000 - $165,000 USD (₹75L - ₹1.4Cr INR)",https://jobspresso.co/job/senior-education-outreach-specialist/
Human Resources Business Partner,Amazon,Earth's most customer-centric company.,Others,Anywhere in US,March 13,"$70,000 - $120,000 USD (₹58L - ₹1.0Cr INR)",https://jobspresso.co/job/human-resources-business-partner/
Product Marketing Manager,InVision,"A prototyping, collaboration, and workflow platform for designers.",Marketing,Anywhere in US,February 28,"$90,000 - $165,000 USD (₹75L - ₹1.4Cr INR)",https://jobspresso.co/job/product-marketing-manager-2/
Business Operations Associate (BizOps),InVision,"A prototyping, collaboration, and workflow platform for designers.",Others,Anywhere in US,February 28,"$45,000 - $85,000 USD (₹38L - ₹70L INR)",https://jobspresso.co/job/business-operations-associate-bizops/
Design Programs Manager,InVision,"A prototyping, collaboration, and workflow platform for designers.",Design,Anywhere in US,February 28,"$90,000 - $165,000 USD (₹75L - ₹1.4Cr INR)",https://jobspresso.co/job/design-programs-manager/
Senior Security Site Reliability Engineer,InVision,"A prototyping, collaboration, and workflow platform for designers.",AI & Data,Anywhere in US,February 28,"$90,000 - $165,000 USD (₹75L - ₹1.4Cr INR)",https://jobspresso.co/job/senior-security-site-reliability-engineer/
Director of Engineering,InVision,"A prototyping, collaboration, and workflow platform for designers.",Engineer,Anywhere in US,February 28,"$150,000 - $240,000 USD (₹1.2Cr - ₹2.0Cr INR)",https://jobspresso.co/job/director-of-engineering/
Business Development Representative,Formstack,"Formstack is an easy-to-use, 508 compliant online form building tool. Quickly create and deploy the web forms you need without any coding knowledge",Others,Anywhere in US,February 23,"$70,000 - $120,000 USD (₹58L - ₹1.0Cr INR)",https://jobspresso.co/job/product-designer-15/
English Language Assessment Specialist,Amazon,Earth's most customer-centric company.,Others,Anywhere in US,January 29,"$45,000 - $85,000 USD (₹38L - ₹70L INR)",https://jobspresso.co/job/english-language-assesment-linguist/
Product Designer,Formstack,"Formstack is an easy-to-use, 508 compliant online form building tool. Quickly create and deploy the web forms you need without any coding knowledge",Design,Anywhere in US,January 14,"$70,000 - $120,000 USD (₹58L - ₹1.0Cr INR)",https://jobspresso.co/job/product-designer-13/
Front End Developer,Formstack,"Formstack is an easy-to-use, 508 compliant online form building tool. Quickly create and deploy the web forms you need without any coding knowledge",Engineer,Anywhere in US,January 14,"$70,000 - $120,000 USD (₹58L - ₹1.0Cr INR)",https://jobspresso.co/job/front-end-developer-5/
Human Resources Analyst,Formstack,"Formstack is an easy-to-use, 508 compliant online form building tool. Quickly create and deploy the web forms you need without any coding knowledge",Others,Anywhere in US,January 14,"$70,000 - $120,000 USD (₹58L - ₹1.0Cr INR)",https://jobspresso.co/job/human-resources-analyst-2/
Social Media Strategist,Formstack,"Formstack is an easy-to-use, 508 compliant online form building tool. Quickly create and deploy the web forms you need without any coding knowledge",Marketing,Anywhere in US,January 13,"$70,000 - $120,000 USD (₹58L - ₹1.0Cr INR)",https://jobspresso.co/job/social-media-strategist/
Senior HR Business Partner (Customer Service),Amazon,Earth's most customer-centric company.,Others,Anywhere in US,January 4,"$90,000 - $165,000 USD (₹75L - ₹1.4Cr INR)",https://jobspresso.co/job/senior-hr-business-partner-customer-service/
UX Design Mentor,Bloc,Intensive online coding bootcamp. 1-on-1 mentorship & an industry-vetted curriculum provide a more accessible & effective alternative to an offline bootcamp.,Design,Various US States,December 14,"$70,000 - $120,000 USD (₹58L - ₹1.0Cr INR)",https://jobspresso.co/job/ux-design-mentor/
New Markets Sales Executive,Formstack,"Formstack is an easy-to-use, 508 compliant online form building tool. Quickly create and deploy the web forms you need without any coding knowledge",Others,Anywhere in US,December 7,"$70,000 - $120,000 USD (₹58L - ₹1.0Cr INR)",https://jobspresso.co/job/new-markets-sales-executive/
Executive Administrator and Junior Analyst,Formstack,"Formstack is an easy-to-use, 508 compliant online form building tool. Quickly create and deploy the web forms you need without any coding knowledge",Support,Anywhere in US,December 7,"$45,000 - $85,000 USD (₹38L - ₹70L INR)",https://jobspresso.co/job/executive-administrator-junior-analyst/
