lead_id,name,company,position,linkedin_url,touch1_subject,touch1_body,touch2_subject,touch2_body,touch3_subject,touch3_body
LEAD-090,Najiha Kulsum,3J Market Research LLP,Sr. Manager Head of Sales and Operations,https://www.linkedin.com/in/najiha-kulsum-6b880b239,Zero-risk export document audit for 3J Market Research LLP,"Hi Najiha,

I noticed your work leading Sr. Manager Head of Sales and Operations at 3J Market Research LLP. We built an autonomous compliance gateway (VECTIS TRADE) calibrated to ICC UCP 600 and ISBP 745 banking rules.

We know European and US banks routinely reject export shipping dockets over minor typographical differences in description or gross weight rounding, causing €150 refusal fees and 30-day payment delays.

We'd love to audit your upcoming export shipment docket for zero fee. If your bank accepts the documents with zero discrepancy charges, you only pay us ₹1,500 on subsequent shipments. If your bank rejects any document our system certified clean, we will pay your bank discrepancy penalty ourselves.

Could we review your draft documents for your upcoming shipment this week?

Best regards,
Aditya Mehra
Founder, VECTIS TRADE (Bengaluru)",Quick case study on export LC discrepancy fees (3J Market Research LLP),"Hi Najiha,

Following up on my previous note. We recently audited a €180,000 export shipment of precision parts to Germany where the Certificate of Origin stated 15,400 KG, but the draft Bill of Lading had rounded up to 15,850 KG.

Under ISBP 745 Para E28, this conflict guarantees an immediate SWIFT MT734 refusal notice and a €150 bank penalty fee, trapping working capital for 45 days. We caught it in 60 seconds before bank submission.

Happy to run a free pre-check on your next trade docket whenever convenient.

Best,
Aditya",10-Point UCP 600 Checklist for 3J Market Research LLP export documentation,"Hi Najiha,

Sharing our 1-page ICC UCP 600 pre-submission checklist covering the top 10 discrepancies flagged by international negotiating banks (including Field 45A verbatim consistency and on-board notations).

Feel free to drop any draft docket into our free self-serve portal at any time to verify compliance in 60 seconds.

Best regards,
Aditya Mehra"
LEAD-388,Meghali Joshi,AB InBev India,Trade Marketing Manager,https://www.linkedin.com/in/meghalijoshi,Zero-risk export document audit for AB InBev India,"Hi Meghali,

I noticed your work leading Trade Marketing Manager at AB InBev India. We built an autonomous compliance gateway (VECTIS TRADE) calibrated to ICC UCP 600 and ISBP 745 banking rules.

We know European and US banks routinely reject export shipping dockets over minor typographical differences in description or gross weight rounding, causing €150 refusal fees and 30-day payment delays.

We'd love to audit your upcoming export shipment docket for zero fee. If your bank accepts the documents with zero discrepancy charges, you only pay us ₹1,500 on subsequent shipments. If your bank rejects any document our system certified clean, we will pay your bank discrepancy penalty ourselves.

Could we review your draft documents for your upcoming shipment this week?

Best regards,
Aditya Mehra
Founder, VECTIS TRADE (Bengaluru)",Quick case study on export LC discrepancy fees (AB InBev India),"Hi Meghali,

Following up on my previous note. We recently audited a €180,000 export shipment of precision parts to Germany where the Certificate of Origin stated 15,400 KG, but the draft Bill of Lading had rounded up to 15,850 KG.

Under ISBP 745 Para E28, this conflict guarantees an immediate SWIFT MT734 refusal notice and a €150 bank penalty fee, trapping working capital for 45 days. We caught it in 60 seconds before bank submission.

Happy to run a free pre-check on your next trade docket whenever convenient.

Best,
Aditya",10-Point UCP 600 Checklist for AB InBev India export documentation,"Hi Meghali,

Sharing our 1-page ICC UCP 600 pre-submission checklist covering the top 10 discrepancies flagged by international negotiating banks (including Field 45A verbatim consistency and on-board notations).

Feel free to drop any draft docket into our free self-serve portal at any time to verify compliance in 60 seconds.

Best regards,
Aditya Mehra"
LEAD-303,Kritika Thakur,ANAROCK Property Consultants Private Limited,HR Operations Manager,https://www.linkedin.com/in/kritika-thakur-8060a1b8,Zero-risk export document audit for ANAROCK Property Consultants Private Limited,"Hi Kritika,

I noticed your work leading HR Operations Manager at ANAROCK Property Consultants Private Limited. We built an autonomous compliance gateway (VECTIS TRADE) calibrated to ICC UCP 600 and ISBP 745 banking rules.

We know European and US banks routinely reject export shipping dockets over minor typographical differences in description or gross weight rounding, causing €150 refusal fees and 30-day payment delays.

We'd love to audit your upcoming export shipment docket for zero fee. If your bank accepts the documents with zero discrepancy charges, you only pay us ₹1,500 on subsequent shipments. If your bank rejects any document our system certified clean, we will pay your bank discrepancy penalty ourselves.

Could we review your draft documents for your upcoming shipment this week?

Best regards,
Aditya Mehra
Founder, VECTIS TRADE (Bengaluru)",Quick case study on export LC discrepancy fees (ANAROCK Property Consultants Private Limited),"Hi Kritika,

Following up on my previous note. We recently audited a €180,000 export shipment of precision parts to Germany where the Certificate of Origin stated 15,400 KG, but the draft Bill of Lading had rounded up to 15,850 KG.

Under ISBP 745 Para E28, this conflict guarantees an immediate SWIFT MT734 refusal notice and a €150 bank penalty fee, trapping working capital for 45 days. We caught it in 60 seconds before bank submission.

Happy to run a free pre-check on your next trade docket whenever convenient.

Best,
Aditya",10-Point UCP 600 Checklist for ANAROCK Property Consultants Private Limited export documentation,"Hi Kritika,

Sharing our 1-page ICC UCP 600 pre-submission checklist covering the top 10 discrepancies flagged by international negotiating banks (including Field 45A verbatim consistency and on-board notations).

Feel free to drop any draft docket into our free self-serve portal at any time to verify compliance in 60 seconds.

Best regards,
Aditya Mehra"
LEAD-360,Jesseca Benny K,ANZ,Senior banking operations analyst,https://www.linkedin.com/in/jesseca-benny-k-49006a246,Zero-risk export document audit for ANZ,"Hi Jesseca,

I noticed your work leading Senior banking operations analyst at ANZ. We built an autonomous compliance gateway (VECTIS TRADE) calibrated to ICC UCP 600 and ISBP 745 banking rules.

We know European and US banks routinely reject export shipping dockets over minor typographical differences in description or gross weight rounding, causing €150 refusal fees and 30-day payment delays.

We'd love to audit your upcoming export shipment docket for zero fee. If your bank accepts the documents with zero discrepancy charges, you only pay us ₹1,500 on subsequent shipments. If your bank rejects any document our system certified clean, we will pay your bank discrepancy penalty ourselves.

Could we review your draft documents for your upcoming shipment this week?

Best regards,
Aditya Mehra
Founder, VECTIS TRADE (Bengaluru)",Quick case study on export LC discrepancy fees (ANZ),"Hi Jesseca,

Following up on my previous note. We recently audited a €180,000 export shipment of precision parts to Germany where the Certificate of Origin stated 15,400 KG, but the draft Bill of Lading had rounded up to 15,850 KG.

Under ISBP 745 Para E28, this conflict guarantees an immediate SWIFT MT734 refusal notice and a €150 bank penalty fee, trapping working capital for 45 days. We caught it in 60 seconds before bank submission.

Happy to run a free pre-check on your next trade docket whenever convenient.

Best,
Aditya",10-Point UCP 600 Checklist for ANZ export documentation,"Hi Jesseca,

Sharing our 1-page ICC UCP 600 pre-submission checklist covering the top 10 discrepancies flagged by international negotiating banks (including Field 45A verbatim consistency and on-board notations).

Feel free to drop any draft docket into our free self-serve portal at any time to verify compliance in 60 seconds.

Best regards,
Aditya Mehra"
LEAD-309,Agni Shikha,Accenture,Delivery Operations Senior Analyst,https://www.linkedin.com/in/agni-shikha-6905a9180,Zero-risk export document audit for Accenture,"Hi Agni,

I noticed your work leading Delivery Operations Senior Analyst at Accenture. We built an autonomous compliance gateway (VECTIS TRADE) calibrated to ICC UCP 600 and ISBP 745 banking rules.

We know European and US banks routinely reject export shipping dockets over minor typographical differences in description or gross weight rounding, causing €150 refusal fees and 30-day payment delays.

We'd love to audit your upcoming export shipment docket for zero fee. If your bank accepts the documents with zero discrepancy charges, you only pay us ₹1,500 on subsequent shipments. If your bank rejects any document our system certified clean, we will pay your bank discrepancy penalty ourselves.

Could we review your draft documents for your upcoming shipment this week?

Best regards,
Aditya Mehra
Founder, VECTIS TRADE (Bengaluru)",Quick case study on export LC discrepancy fees (Accenture),"Hi Agni,

Following up on my previous note. We recently audited a €180,000 export shipment of precision parts to Germany where the Certificate of Origin stated 15,400 KG, but the draft Bill of Lading had rounded up to 15,850 KG.

Under ISBP 745 Para E28, this conflict guarantees an immediate SWIFT MT734 refusal notice and a €150 bank penalty fee, trapping working capital for 45 days. We caught it in 60 seconds before bank submission.

Happy to run a free pre-check on your next trade docket whenever convenient.

Best,
Aditya",10-Point UCP 600 Checklist for Accenture export documentation,"Hi Agni,

Sharing our 1-page ICC UCP 600 pre-submission checklist covering the top 10 discrepancies flagged by international negotiating banks (including Field 45A verbatim consistency and on-board notations).

Feel free to drop any draft docket into our free self-serve portal at any time to verify compliance in 60 seconds.

Best regards,
Aditya Mehra"
LEAD-333,Anisha Mani,Adani Cement,Regional Logistics Manager - Kerala & South Tamilnadu,https://www.linkedin.com/in/anisha-mani-65b298214,Zero-risk export document audit for Adani Cement,"Hi Anisha,

I noticed your work leading Regional Logistics Manager - Kerala & South Tamilnadu at Adani Cement. We built an autonomous compliance gateway (VECTIS TRADE) calibrated to ICC UCP 600 and ISBP 745 banking rules.

We know European and US banks routinely reject export shipping dockets over minor typographical differences in description or gross weight rounding, causing €150 refusal fees and 30-day payment delays.

We'd love to audit your upcoming export shipment docket for zero fee. If your bank accepts the documents with zero discrepancy charges, you only pay us ₹1,500 on subsequent shipments. If your bank rejects any document our system certified clean, we will pay your bank discrepancy penalty ourselves.

Could we review your draft documents for your upcoming shipment this week?

Best regards,
Aditya Mehra
Founder, VECTIS TRADE (Bengaluru)",Quick case study on export LC discrepancy fees (Adani Cement),"Hi Anisha,

Following up on my previous note. We recently audited a €180,000 export shipment of precision parts to Germany where the Certificate of Origin stated 15,400 KG, but the draft Bill of Lading had rounded up to 15,850 KG.

Under ISBP 745 Para E28, this conflict guarantees an immediate SWIFT MT734 refusal notice and a €150 bank penalty fee, trapping working capital for 45 days. We caught it in 60 seconds before bank submission.

Happy to run a free pre-check on your next trade docket whenever convenient.

Best,
Aditya",10-Point UCP 600 Checklist for Adani Cement export documentation,"Hi Anisha,

Sharing our 1-page ICC UCP 600 pre-submission checklist covering the top 10 discrepancies flagged by international negotiating banks (including Field 45A verbatim consistency and on-board notations).

Feel free to drop any draft docket into our free self-serve portal at any time to verify compliance in 60 seconds.

Best regards,
Aditya Mehra"
LEAD-292,Blessintha Suresh,Adecco,"Senior HR Professional | Onboarding, HR Operations & People Experience",https://www.linkedin.com/in/blessintha-suresh,Zero-risk export document audit for Adecco,"Hi Blessintha,

I noticed your work leading Senior HR Professional | Onboarding, HR Operations & People Experience at Adecco. We built an autonomous compliance gateway (VECTIS TRADE) calibrated to ICC UCP 600 and ISBP 745 banking rules.

We know European and US banks routinely reject export shipping dockets over minor typographical differences in description or gross weight rounding, causing €150 refusal fees and 30-day payment delays.

We'd love to audit your upcoming export shipment docket for zero fee. If your bank accepts the documents with zero discrepancy charges, you only pay us ₹1,500 on subsequent shipments. If your bank rejects any document our system certified clean, we will pay your bank discrepancy penalty ourselves.

Could we review your draft documents for your upcoming shipment this week?

Best regards,
Aditya Mehra
Founder, VECTIS TRADE (Bengaluru)",Quick case study on export LC discrepancy fees (Adecco),"Hi Blessintha,

Following up on my previous note. We recently audited a €180,000 export shipment of precision parts to Germany where the Certificate of Origin stated 15,400 KG, but the draft Bill of Lading had rounded up to 15,850 KG.

Under ISBP 745 Para E28, this conflict guarantees an immediate SWIFT MT734 refusal notice and a €150 bank penalty fee, trapping working capital for 45 days. We caught it in 60 seconds before bank submission.

Happy to run a free pre-check on your next trade docket whenever convenient.

Best,
Aditya",10-Point UCP 600 Checklist for Adecco export documentation,"Hi Blessintha,

Sharing our 1-page ICC UCP 600 pre-submission checklist covering the top 10 discrepancies flagged by international negotiating banks (including Field 45A verbatim consistency and on-board notations).

Feel free to drop any draft docket into our free self-serve portal at any time to verify compliance in 60 seconds.

Best regards,
Aditya Mehra"
LEAD-307,Anamika Roy,Aditya Birla Fashion and Retail Ltd.,HR Lead-Operations and Payroll,https://www.linkedin.com/in/anamikaroy25,Zero-risk export document audit for Aditya Birla Fashion and Retail Ltd.,"Hi Anamika,

I noticed your work leading HR Lead-Operations and Payroll at Aditya Birla Fashion and Retail Ltd.. We built an autonomous compliance gateway (VECTIS TRADE) calibrated to ICC UCP 600 and ISBP 745 banking rules.

We know European and US banks routinely reject export shipping dockets over minor typographical differences in description or gross weight rounding, causing €150 refusal fees and 30-day payment delays.

We'd love to audit your upcoming export shipment docket for zero fee. If your bank accepts the documents with zero discrepancy charges, you only pay us ₹1,500 on subsequent shipments. If your bank rejects any document our system certified clean, we will pay your bank discrepancy penalty ourselves.

Could we review your draft documents for your upcoming shipment this week?

Best regards,
Aditya Mehra
Founder, VECTIS TRADE (Bengaluru)",Quick case study on export LC discrepancy fees (Aditya Birla Fashion and Retail Ltd.),"Hi Anamika,

Following up on my previous note. We recently audited a €180,000 export shipment of precision parts to Germany where the Certificate of Origin stated 15,400 KG, but the draft Bill of Lading had rounded up to 15,850 KG.

Under ISBP 745 Para E28, this conflict guarantees an immediate SWIFT MT734 refusal notice and a €150 bank penalty fee, trapping working capital for 45 days. We caught it in 60 seconds before bank submission.

Happy to run a free pre-check on your next trade docket whenever convenient.

Best,
Aditya",10-Point UCP 600 Checklist for Aditya Birla Fashion and Retail Ltd. export documentation,"Hi Anamika,

Sharing our 1-page ICC UCP 600 pre-submission checklist covering the top 10 discrepancies flagged by international negotiating banks (including Field 45A verbatim consistency and on-board notations).

Feel free to drop any draft docket into our free self-serve portal at any time to verify compliance in 60 seconds.

Best regards,
Aditya Mehra"
LEAD-122,Simran Pandey,AgentC,Senior Digital Operations Executive,https://www.linkedin.com/in/simran-pandey-5264a126a,Zero-risk export document audit for AgentC,"Hi Simran,

I noticed your work leading Senior Digital Operations Executive at AgentC. We built an autonomous compliance gateway (VECTIS TRADE) calibrated to ICC UCP 600 and ISBP 745 banking rules.

We know European and US banks routinely reject export shipping dockets over minor typographical differences in description or gross weight rounding, causing €150 refusal fees and 30-day payment delays.

We'd love to audit your upcoming export shipment docket for zero fee. If your bank accepts the documents with zero discrepancy charges, you only pay us ₹1,500 on subsequent shipments. If your bank rejects any document our system certified clean, we will pay your bank discrepancy penalty ourselves.

Could we review your draft documents for your upcoming shipment this week?

Best regards,
Aditya Mehra
Founder, VECTIS TRADE (Bengaluru)",Quick case study on export LC discrepancy fees (AgentC),"Hi Simran,

Following up on my previous note. We recently audited a €180,000 export shipment of precision parts to Germany where the Certificate of Origin stated 15,400 KG, but the draft Bill of Lading had rounded up to 15,850 KG.

Under ISBP 745 Para E28, this conflict guarantees an immediate SWIFT MT734 refusal notice and a €150 bank penalty fee, trapping working capital for 45 days. We caught it in 60 seconds before bank submission.

Happy to run a free pre-check on your next trade docket whenever convenient.

Best,
Aditya",10-Point UCP 600 Checklist for AgentC export documentation,"Hi Simran,

Sharing our 1-page ICC UCP 600 pre-submission checklist covering the top 10 discrepancies flagged by international negotiating banks (including Field 45A verbatim consistency and on-board notations).

Feel free to drop any draft docket into our free self-serve portal at any time to verify compliance in 60 seconds.

Best regards,
Aditya Mehra"
LEAD-265,Nandana Madhu Chandrath,Alchemy Techsol,Team Lead -  HR Operations,https://www.linkedin.com/in/nandana-madhu-chandrath-7a54971a4,Zero-risk export document audit for Alchemy Techsol,"Hi Nandana,

I noticed your work leading Team Lead -  HR Operations at Alchemy Techsol. We built an autonomous compliance gateway (VECTIS TRADE) calibrated to ICC UCP 600 and ISBP 745 banking rules.

We know European and US banks routinely reject export shipping dockets over minor typographical differences in description or gross weight rounding, causing €150 refusal fees and 30-day payment delays.

We'd love to audit your upcoming export shipment docket for zero fee. If your bank accepts the documents with zero discrepancy charges, you only pay us ₹1,500 on subsequent shipments. If your bank rejects any document our system certified clean, we will pay your bank discrepancy penalty ourselves.

Could we review your draft documents for your upcoming shipment this week?

Best regards,
Aditya Mehra
Founder, VECTIS TRADE (Bengaluru)",Quick case study on export LC discrepancy fees (Alchemy Techsol),"Hi Nandana,

Following up on my previous note. We recently audited a €180,000 export shipment of precision parts to Germany where the Certificate of Origin stated 15,400 KG, but the draft Bill of Lading had rounded up to 15,850 KG.

Under ISBP 745 Para E28, this conflict guarantees an immediate SWIFT MT734 refusal notice and a €150 bank penalty fee, trapping working capital for 45 days. We caught it in 60 seconds before bank submission.

Happy to run a free pre-check on your next trade docket whenever convenient.

Best,
Aditya",10-Point UCP 600 Checklist for Alchemy Techsol export documentation,"Hi Nandana,

Sharing our 1-page ICC UCP 600 pre-submission checklist covering the top 10 discrepancies flagged by international negotiating banks (including Field 45A verbatim consistency and on-board notations).

Feel free to drop any draft docket into our free self-serve portal at any time to verify compliance in 60 seconds.

Best regards,
Aditya Mehra"
LEAD-133,Rati Mishra,Amazon,Senior Operations Associate,https://www.linkedin.com/in/rati-mishra-3760771a7,Zero-risk export document audit for Amazon,"Hi Rati,

I noticed your work leading Senior Operations Associate at Amazon. We built an autonomous compliance gateway (VECTIS TRADE) calibrated to ICC UCP 600 and ISBP 745 banking rules.

We know European and US banks routinely reject export shipping dockets over minor typographical differences in description or gross weight rounding, causing €150 refusal fees and 30-day payment delays.

We'd love to audit your upcoming export shipment docket for zero fee. If your bank accepts the documents with zero discrepancy charges, you only pay us ₹1,500 on subsequent shipments. If your bank rejects any document our system certified clean, we will pay your bank discrepancy penalty ourselves.

Could we review your draft documents for your upcoming shipment this week?

Best regards,
Aditya Mehra
Founder, VECTIS TRADE (Bengaluru)",Quick case study on export LC discrepancy fees (Amazon),"Hi Rati,

Following up on my previous note. We recently audited a €180,000 export shipment of precision parts to Germany where the Certificate of Origin stated 15,400 KG, but the draft Bill of Lading had rounded up to 15,850 KG.

Under ISBP 745 Para E28, this conflict guarantees an immediate SWIFT MT734 refusal notice and a €150 bank penalty fee, trapping working capital for 45 days. We caught it in 60 seconds before bank submission.

Happy to run a free pre-check on your next trade docket whenever convenient.

Best,
Aditya",10-Point UCP 600 Checklist for Amazon export documentation,"Hi Rati,

Sharing our 1-page ICC UCP 600 pre-submission checklist covering the top 10 discrepancies flagged by international negotiating banks (including Field 45A verbatim consistency and on-board notations).

Feel free to drop any draft docket into our free self-serve portal at any time to verify compliance in 60 seconds.

Best regards,
Aditya Mehra"
LEAD-185,Renu Chaubey,Amazon,Sr Supply Chain Manager,https://www.linkedin.com/in/renu-chaubey,Zero-risk export document audit for Amazon,"Hi Renu,

I noticed your work leading Sr Supply Chain Manager at Amazon. We built an autonomous compliance gateway (VECTIS TRADE) calibrated to ICC UCP 600 and ISBP 745 banking rules.

We know European and US banks routinely reject export shipping dockets over minor typographical differences in description or gross weight rounding, causing €150 refusal fees and 30-day payment delays.

We'd love to audit your upcoming export shipment docket for zero fee. If your bank accepts the documents with zero discrepancy charges, you only pay us ₹1,500 on subsequent shipments. If your bank rejects any document our system certified clean, we will pay your bank discrepancy penalty ourselves.

Could we review your draft documents for your upcoming shipment this week?

Best regards,
Aditya Mehra
Founder, VECTIS TRADE (Bengaluru)",Quick case study on export LC discrepancy fees (Amazon),"Hi Renu,

Following up on my previous note. We recently audited a €180,000 export shipment of precision parts to Germany where the Certificate of Origin stated 15,400 KG, but the draft Bill of Lading had rounded up to 15,850 KG.

Under ISBP 745 Para E28, this conflict guarantees an immediate SWIFT MT734 refusal notice and a €150 bank penalty fee, trapping working capital for 45 days. We caught it in 60 seconds before bank submission.

Happy to run a free pre-check on your next trade docket whenever convenient.

Best,
Aditya",10-Point UCP 600 Checklist for Amazon export documentation,"Hi Renu,

Sharing our 1-page ICC UCP 600 pre-submission checklist covering the top 10 discrepancies flagged by international negotiating banks (including Field 45A verbatim consistency and on-board notations).

Feel free to drop any draft docket into our free self-serve portal at any time to verify compliance in 60 seconds.

Best regards,
Aditya Mehra"
LEAD-387,Tejashree Kadbe,Amazon,"Strategic Account Manager, Global Trade",https://www.linkedin.com/in/tejashreekadbe,Zero-risk export document audit for Amazon,"Hi Tejashree,

I noticed your work leading Strategic Account Manager, Global Trade at Amazon. We built an autonomous compliance gateway (VECTIS TRADE) calibrated to ICC UCP 600 and ISBP 745 banking rules.

We know European and US banks routinely reject export shipping dockets over minor typographical differences in description or gross weight rounding, causing €150 refusal fees and 30-day payment delays.

We'd love to audit your upcoming export shipment docket for zero fee. If your bank accepts the documents with zero discrepancy charges, you only pay us ₹1,500 on subsequent shipments. If your bank rejects any document our system certified clean, we will pay your bank discrepancy penalty ourselves.

Could we review your draft documents for your upcoming shipment this week?

Best regards,
Aditya Mehra
Founder, VECTIS TRADE (Bengaluru)",Quick case study on export LC discrepancy fees (Amazon),"Hi Tejashree,

Following up on my previous note. We recently audited a €180,000 export shipment of precision parts to Germany where the Certificate of Origin stated 15,400 KG, but the draft Bill of Lading had rounded up to 15,850 KG.

Under ISBP 745 Para E28, this conflict guarantees an immediate SWIFT MT734 refusal notice and a €150 bank penalty fee, trapping working capital for 45 days. We caught it in 60 seconds before bank submission.

Happy to run a free pre-check on your next trade docket whenever convenient.

Best,
Aditya",10-Point UCP 600 Checklist for Amazon export documentation,"Hi Tejashree,

Sharing our 1-page ICC UCP 600 pre-submission checklist covering the top 10 discrepancies flagged by international negotiating banks (including Field 45A verbatim consistency and on-board notations).

Feel free to drop any draft docket into our free self-serve portal at any time to verify compliance in 60 seconds.

Best regards,
Aditya Mehra"
LEAD-221,Karolina Minasyan,American Youth Association,National Director Of State Operations,https://www.linkedin.com/in/karolina-minasyan-090402228,Zero-risk export document audit for American Youth Association,"Hi Karolina,

I noticed your work leading National Director Of State Operations at American Youth Association. We built an autonomous compliance gateway (VECTIS TRADE) calibrated to ICC UCP 600 and ISBP 745 banking rules.

We know European and US banks routinely reject export shipping dockets over minor typographical differences in description or gross weight rounding, causing €150 refusal fees and 30-day payment delays.

We'd love to audit your upcoming export shipment docket for zero fee. If your bank accepts the documents with zero discrepancy charges, you only pay us ₹1,500 on subsequent shipments. If your bank rejects any document our system certified clean, we will pay your bank discrepancy penalty ourselves.

Could we review your draft documents for your upcoming shipment this week?

Best regards,
Aditya Mehra
Founder, VECTIS TRADE (Bengaluru)",Quick case study on export LC discrepancy fees (American Youth Association),"Hi Karolina,

Following up on my previous note. We recently audited a €180,000 export shipment of precision parts to Germany where the Certificate of Origin stated 15,400 KG, but the draft Bill of Lading had rounded up to 15,850 KG.

Under ISBP 745 Para E28, this conflict guarantees an immediate SWIFT MT734 refusal notice and a €150 bank penalty fee, trapping working capital for 45 days. We caught it in 60 seconds before bank submission.

Happy to run a free pre-check on your next trade docket whenever convenient.

Best,
Aditya",10-Point UCP 600 Checklist for American Youth Association export documentation,"Hi Karolina,

Sharing our 1-page ICC UCP 600 pre-submission checklist covering the top 10 discrepancies flagged by international negotiating banks (including Field 45A verbatim consistency and on-board notations).

Feel free to drop any draft docket into our free self-serve portal at any time to verify compliance in 60 seconds.

Best regards,
Aditya Mehra"
LEAD-009,Kalyani V.,Angel Edunext Pvt Ltd | Student Visa Expert in Ahmedabad,Assistant Operations Manager,https://www.linkedin.com/in/kalyani-v-5b1a67373,Zero-risk export document audit for Angel Edunext Pvt Ltd | Student Visa Expert in Ahmedabad,"Hi Kalyani,

I noticed your work leading Assistant Operations Manager at Angel Edunext Pvt Ltd | Student Visa Expert in Ahmedabad. We built an autonomous compliance gateway (VECTIS TRADE) calibrated to ICC UCP 600 and ISBP 745 banking rules.

We know European and US banks routinely reject export shipping dockets over minor typographical differences in description or gross weight rounding, causing €150 refusal fees and 30-day payment delays.

We'd love to audit your upcoming export shipment docket for zero fee. If your bank accepts the documents with zero discrepancy charges, you only pay us ₹1,500 on subsequent shipments. If your bank rejects any document our system certified clean, we will pay your bank discrepancy penalty ourselves.

Could we review your draft documents for your upcoming shipment this week?

Best regards,
Aditya Mehra
Founder, VECTIS TRADE (Bengaluru)",Quick case study on export LC discrepancy fees (Angel Edunext Pvt Ltd | Student Visa Expert in Ahmedabad),"Hi Kalyani,

Following up on my previous note. We recently audited a €180,000 export shipment of precision parts to Germany where the Certificate of Origin stated 15,400 KG, but the draft Bill of Lading had rounded up to 15,850 KG.

Under ISBP 745 Para E28, this conflict guarantees an immediate SWIFT MT734 refusal notice and a €150 bank penalty fee, trapping working capital for 45 days. We caught it in 60 seconds before bank submission.

Happy to run a free pre-check on your next trade docket whenever convenient.

Best,
Aditya",10-Point UCP 600 Checklist for Angel Edunext Pvt Ltd | Student Visa Expert in Ahmedabad export documentation,"Hi Kalyani,

Sharing our 1-page ICC UCP 600 pre-submission checklist covering the top 10 discrepancies flagged by international negotiating banks (including Field 45A verbatim consistency and on-board notations).

Feel free to drop any draft docket into our free self-serve portal at any time to verify compliance in 60 seconds.

Best regards,
Aditya Mehra"
LEAD-361,Aishwarya Prakash,Astria Digital,Director - Client Success and Operations,https://www.linkedin.com/in/aishwarya-prakash-7388b31a0,Zero-risk export document audit for Astria Digital,"Hi Aishwarya,

I noticed your work leading Director - Client Success and Operations at Astria Digital. We built an autonomous compliance gateway (VECTIS TRADE) calibrated to ICC UCP 600 and ISBP 745 banking rules.

We know European and US banks routinely reject export shipping dockets over minor typographical differences in description or gross weight rounding, causing €150 refusal fees and 30-day payment delays.

We'd love to audit your upcoming export shipment docket for zero fee. If your bank accepts the documents with zero discrepancy charges, you only pay us ₹1,500 on subsequent shipments. If your bank rejects any document our system certified clean, we will pay your bank discrepancy penalty ourselves.

Could we review your draft documents for your upcoming shipment this week?

Best regards,
Aditya Mehra
Founder, VECTIS TRADE (Bengaluru)",Quick case study on export LC discrepancy fees (Astria Digital),"Hi Aishwarya,

Following up on my previous note. We recently audited a €180,000 export shipment of precision parts to Germany where the Certificate of Origin stated 15,400 KG, but the draft Bill of Lading had rounded up to 15,850 KG.

Under ISBP 745 Para E28, this conflict guarantees an immediate SWIFT MT734 refusal notice and a €150 bank penalty fee, trapping working capital for 45 days. We caught it in 60 seconds before bank submission.

Happy to run a free pre-check on your next trade docket whenever convenient.

Best,
Aditya",10-Point UCP 600 Checklist for Astria Digital export documentation,"Hi Aishwarya,

Sharing our 1-page ICC UCP 600 pre-submission checklist covering the top 10 discrepancies flagged by international negotiating banks (including Field 45A verbatim consistency and on-board notations).

Feel free to drop any draft docket into our free self-serve portal at any time to verify compliance in 60 seconds.

Best regards,
Aditya Mehra"
LEAD-301,Usha D,AtkinsRéalis,Senior Analyst - Talent Acquisition Operations,https://www.linkedin.com/in/usha-d-592a28219,Zero-risk export document audit for AtkinsRéalis,"Hi Usha,

I noticed your work leading Senior Analyst - Talent Acquisition Operations at AtkinsRéalis. We built an autonomous compliance gateway (VECTIS TRADE) calibrated to ICC UCP 600 and ISBP 745 banking rules.

We know European and US banks routinely reject export shipping dockets over minor typographical differences in description or gross weight rounding, causing €150 refusal fees and 30-day payment delays.

We'd love to audit your upcoming export shipment docket for zero fee. If your bank accepts the documents with zero discrepancy charges, you only pay us ₹1,500 on subsequent shipments. If your bank rejects any document our system certified clean, we will pay your bank discrepancy penalty ourselves.

Could we review your draft documents for your upcoming shipment this week?

Best regards,
Aditya Mehra
Founder, VECTIS TRADE (Bengaluru)",Quick case study on export LC discrepancy fees (AtkinsRéalis),"Hi Usha,

Following up on my previous note. We recently audited a €180,000 export shipment of precision parts to Germany where the Certificate of Origin stated 15,400 KG, but the draft Bill of Lading had rounded up to 15,850 KG.

Under ISBP 745 Para E28, this conflict guarantees an immediate SWIFT MT734 refusal notice and a €150 bank penalty fee, trapping working capital for 45 days. We caught it in 60 seconds before bank submission.

Happy to run a free pre-check on your next trade docket whenever convenient.

Best,
Aditya",10-Point UCP 600 Checklist for AtkinsRéalis export documentation,"Hi Usha,

Sharing our 1-page ICC UCP 600 pre-submission checklist covering the top 10 discrepancies flagged by international negotiating banks (including Field 45A verbatim consistency and on-board notations).

Feel free to drop any draft docket into our free self-serve portal at any time to verify compliance in 60 seconds.

Best regards,
Aditya Mehra"
LEAD-109,Drishti Bhadra,AutoVRse,Manager - HR operations,https://www.linkedin.com/in/drishti-bhadra-hr,Zero-risk export document audit for AutoVRse,"Hi Drishti,

I noticed your work leading Manager - HR operations at AutoVRse. We built an autonomous compliance gateway (VECTIS TRADE) calibrated to ICC UCP 600 and ISBP 745 banking rules.

We know European and US banks routinely reject export shipping dockets over minor typographical differences in description or gross weight rounding, causing €150 refusal fees and 30-day payment delays.

We'd love to audit your upcoming export shipment docket for zero fee. If your bank accepts the documents with zero discrepancy charges, you only pay us ₹1,500 on subsequent shipments. If your bank rejects any document our system certified clean, we will pay your bank discrepancy penalty ourselves.

Could we review your draft documents for your upcoming shipment this week?

Best regards,
Aditya Mehra
Founder, VECTIS TRADE (Bengaluru)",Quick case study on export LC discrepancy fees (AutoVRse),"Hi Drishti,

Following up on my previous note. We recently audited a €180,000 export shipment of precision parts to Germany where the Certificate of Origin stated 15,400 KG, but the draft Bill of Lading had rounded up to 15,850 KG.

Under ISBP 745 Para E28, this conflict guarantees an immediate SWIFT MT734 refusal notice and a €150 bank penalty fee, trapping working capital for 45 days. We caught it in 60 seconds before bank submission.

Happy to run a free pre-check on your next trade docket whenever convenient.

Best,
Aditya",10-Point UCP 600 Checklist for AutoVRse export documentation,"Hi Drishti,

Sharing our 1-page ICC UCP 600 pre-submission checklist covering the top 10 discrepancies flagged by international negotiating banks (including Field 45A verbatim consistency and on-board notations).

Feel free to drop any draft docket into our free self-serve portal at any time to verify compliance in 60 seconds.

Best regards,
Aditya Mehra"
LEAD-359,Tanya Verma,Avo Automation,Assistant Manager- HR Operations,https://www.linkedin.com/in/tanya-verma-hr,Zero-risk export document audit for Avo Automation,"Hi Tanya,

I noticed your work leading Assistant Manager- HR Operations at Avo Automation. We built an autonomous compliance gateway (VECTIS TRADE) calibrated to ICC UCP 600 and ISBP 745 banking rules.

We know European and US banks routinely reject export shipping dockets over minor typographical differences in description or gross weight rounding, causing €150 refusal fees and 30-day payment delays.

We'd love to audit your upcoming export shipment docket for zero fee. If your bank accepts the documents with zero discrepancy charges, you only pay us ₹1,500 on subsequent shipments. If your bank rejects any document our system certified clean, we will pay your bank discrepancy penalty ourselves.

Could we review your draft documents for your upcoming shipment this week?

Best regards,
Aditya Mehra
Founder, VECTIS TRADE (Bengaluru)",Quick case study on export LC discrepancy fees (Avo Automation),"Hi Tanya,

Following up on my previous note. We recently audited a €180,000 export shipment of precision parts to Germany where the Certificate of Origin stated 15,400 KG, but the draft Bill of Lading had rounded up to 15,850 KG.

Under ISBP 745 Para E28, this conflict guarantees an immediate SWIFT MT734 refusal notice and a €150 bank penalty fee, trapping working capital for 45 days. We caught it in 60 seconds before bank submission.

Happy to run a free pre-check on your next trade docket whenever convenient.

Best,
Aditya",10-Point UCP 600 Checklist for Avo Automation export documentation,"Hi Tanya,

Sharing our 1-page ICC UCP 600 pre-submission checklist covering the top 10 discrepancies flagged by international negotiating banks (including Field 45A verbatim consistency and on-board notations).

Feel free to drop any draft docket into our free self-serve portal at any time to verify compliance in 60 seconds.

Best regards,
Aditya Mehra"
LEAD-125,Teesta Banerjee,Balrampur Chini Mills Limited,Operations Manager,https://www.linkedin.com/in/teesta-banerjee-3a1660203,Zero-risk export document audit for Balrampur Chini Mills Limited,"Hi Teesta,

I noticed your work leading Operations Manager at Balrampur Chini Mills Limited. We built an autonomous compliance gateway (VECTIS TRADE) calibrated to ICC UCP 600 and ISBP 745 banking rules.

We know European and US banks routinely reject export shipping dockets over minor typographical differences in description or gross weight rounding, causing €150 refusal fees and 30-day payment delays.

We'd love to audit your upcoming export shipment docket for zero fee. If your bank accepts the documents with zero discrepancy charges, you only pay us ₹1,500 on subsequent shipments. If your bank rejects any document our system certified clean, we will pay your bank discrepancy penalty ourselves.

Could we review your draft documents for your upcoming shipment this week?

Best regards,
Aditya Mehra
Founder, VECTIS TRADE (Bengaluru)",Quick case study on export LC discrepancy fees (Balrampur Chini Mills Limited),"Hi Teesta,

Following up on my previous note. We recently audited a €180,000 export shipment of precision parts to Germany where the Certificate of Origin stated 15,400 KG, but the draft Bill of Lading had rounded up to 15,850 KG.

Under ISBP 745 Para E28, this conflict guarantees an immediate SWIFT MT734 refusal notice and a €150 bank penalty fee, trapping working capital for 45 days. We caught it in 60 seconds before bank submission.

Happy to run a free pre-check on your next trade docket whenever convenient.

Best,
Aditya",10-Point UCP 600 Checklist for Balrampur Chini Mills Limited export documentation,"Hi Teesta,

Sharing our 1-page ICC UCP 600 pre-submission checklist covering the top 10 discrepancies flagged by international negotiating banks (including Field 45A verbatim consistency and on-board notations).

Feel free to drop any draft docket into our free self-serve portal at any time to verify compliance in 60 seconds.

Best regards,
Aditya Mehra"
LEAD-118,Gurveen Kaur,Bluevine,Senior Business Operations Analyst,https://www.linkedin.com/in/gurveenkaur0110,Zero-risk export document audit for Bluevine,"Hi Gurveen,

I noticed your work leading Senior Business Operations Analyst at Bluevine. We built an autonomous compliance gateway (VECTIS TRADE) calibrated to ICC UCP 600 and ISBP 745 banking rules.

We know European and US banks routinely reject export shipping dockets over minor typographical differences in description or gross weight rounding, causing €150 refusal fees and 30-day payment delays.

We'd love to audit your upcoming export shipment docket for zero fee. If your bank accepts the documents with zero discrepancy charges, you only pay us ₹1,500 on subsequent shipments. If your bank rejects any document our system certified clean, we will pay your bank discrepancy penalty ourselves.

Could we review your draft documents for your upcoming shipment this week?

Best regards,
Aditya Mehra
Founder, VECTIS TRADE (Bengaluru)",Quick case study on export LC discrepancy fees (Bluevine),"Hi Gurveen,

Following up on my previous note. We recently audited a €180,000 export shipment of precision parts to Germany where the Certificate of Origin stated 15,400 KG, but the draft Bill of Lading had rounded up to 15,850 KG.

Under ISBP 745 Para E28, this conflict guarantees an immediate SWIFT MT734 refusal notice and a €150 bank penalty fee, trapping working capital for 45 days. We caught it in 60 seconds before bank submission.

Happy to run a free pre-check on your next trade docket whenever convenient.

Best,
Aditya",10-Point UCP 600 Checklist for Bluevine export documentation,"Hi Gurveen,

Sharing our 1-page ICC UCP 600 pre-submission checklist covering the top 10 discrepancies flagged by international negotiating banks (including Field 45A verbatim consistency and on-board notations).

Feel free to drop any draft docket into our free self-serve portal at any time to verify compliance in 60 seconds.

Best regards,
Aditya Mehra"
LEAD-231,Sakshi Jain,Bridgegold,System Operations Manager,https://www.linkedin.com/in/sakshi-jain-revops,Zero-risk export document audit for Bridgegold,"Hi Sakshi,

I noticed your work leading System Operations Manager at Bridgegold. We built an autonomous compliance gateway (VECTIS TRADE) calibrated to ICC UCP 600 and ISBP 745 banking rules.

We know European and US banks routinely reject export shipping dockets over minor typographical differences in description or gross weight rounding, causing €150 refusal fees and 30-day payment delays.

We'd love to audit your upcoming export shipment docket for zero fee. If your bank accepts the documents with zero discrepancy charges, you only pay us ₹1,500 on subsequent shipments. If your bank rejects any document our system certified clean, we will pay your bank discrepancy penalty ourselves.

Could we review your draft documents for your upcoming shipment this week?

Best regards,
Aditya Mehra
Founder, VECTIS TRADE (Bengaluru)",Quick case study on export LC discrepancy fees (Bridgegold),"Hi Sakshi,

Following up on my previous note. We recently audited a €180,000 export shipment of precision parts to Germany where the Certificate of Origin stated 15,400 KG, but the draft Bill of Lading had rounded up to 15,850 KG.

Under ISBP 745 Para E28, this conflict guarantees an immediate SWIFT MT734 refusal notice and a €150 bank penalty fee, trapping working capital for 45 days. We caught it in 60 seconds before bank submission.

Happy to run a free pre-check on your next trade docket whenever convenient.

Best,
Aditya",10-Point UCP 600 Checklist for Bridgegold export documentation,"Hi Sakshi,

Sharing our 1-page ICC UCP 600 pre-submission checklist covering the top 10 discrepancies flagged by international negotiating banks (including Field 45A verbatim consistency and on-board notations).

Feel free to drop any draft docket into our free self-serve portal at any time to verify compliance in 60 seconds.

Best regards,
Aditya Mehra"
LEAD-098,Ria Sharma,CAPS - BRC (Centre for Academic And Professional Support),Operations Team Lead,https://www.linkedin.com/in/ria-sharma-737926324,Zero-risk export document audit for CAPS - BRC (Centre for Academic And Professional Support),"Hi Ria,

I noticed your work leading Operations Team Lead at CAPS - BRC (Centre for Academic And Professional Support). We built an autonomous compliance gateway (VECTIS TRADE) calibrated to ICC UCP 600 and ISBP 745 banking rules.

We know European and US banks routinely reject export shipping dockets over minor typographical differences in description or gross weight rounding, causing €150 refusal fees and 30-day payment delays.

We'd love to audit your upcoming export shipment docket for zero fee. If your bank accepts the documents with zero discrepancy charges, you only pay us ₹1,500 on subsequent shipments. If your bank rejects any document our system certified clean, we will pay your bank discrepancy penalty ourselves.

Could we review your draft documents for your upcoming shipment this week?

Best regards,
Aditya Mehra
Founder, VECTIS TRADE (Bengaluru)",Quick case study on export LC discrepancy fees (CAPS - BRC (Centre for Academic And Professional Support)),"Hi Ria,

Following up on my previous note. We recently audited a €180,000 export shipment of precision parts to Germany where the Certificate of Origin stated 15,400 KG, but the draft Bill of Lading had rounded up to 15,850 KG.

Under ISBP 745 Para E28, this conflict guarantees an immediate SWIFT MT734 refusal notice and a €150 bank penalty fee, trapping working capital for 45 days. We caught it in 60 seconds before bank submission.

Happy to run a free pre-check on your next trade docket whenever convenient.

Best,
Aditya",10-Point UCP 600 Checklist for CAPS - BRC (Centre for Academic And Professional Support) export documentation,"Hi Ria,

Sharing our 1-page ICC UCP 600 pre-submission checklist covering the top 10 discrepancies flagged by international negotiating banks (including Field 45A verbatim consistency and on-board notations).

Feel free to drop any draft docket into our free self-serve portal at any time to verify compliance in 60 seconds.

Best regards,
Aditya Mehra"
LEAD-078,Ummadi Siri Chandana,CHRIST Incubation and Consultancy Foundation,Head of Events and Operations,https://www.linkedin.com/in/ummadisiri,Zero-risk export document audit for CHRIST Incubation and Consultancy Foundation,"Hi Ummadi,

I noticed your work leading Head of Events and Operations at CHRIST Incubation and Consultancy Foundation. We built an autonomous compliance gateway (VECTIS TRADE) calibrated to ICC UCP 600 and ISBP 745 banking rules.

We know European and US banks routinely reject export shipping dockets over minor typographical differences in description or gross weight rounding, causing €150 refusal fees and 30-day payment delays.

We'd love to audit your upcoming export shipment docket for zero fee. If your bank accepts the documents with zero discrepancy charges, you only pay us ₹1,500 on subsequent shipments. If your bank rejects any document our system certified clean, we will pay your bank discrepancy penalty ourselves.

Could we review your draft documents for your upcoming shipment this week?

Best regards,
Aditya Mehra
Founder, VECTIS TRADE (Bengaluru)",Quick case study on export LC discrepancy fees (CHRIST Incubation and Consultancy Foundation),"Hi Ummadi,

Following up on my previous note. We recently audited a €180,000 export shipment of precision parts to Germany where the Certificate of Origin stated 15,400 KG, but the draft Bill of Lading had rounded up to 15,850 KG.

Under ISBP 745 Para E28, this conflict guarantees an immediate SWIFT MT734 refusal notice and a €150 bank penalty fee, trapping working capital for 45 days. We caught it in 60 seconds before bank submission.

Happy to run a free pre-check on your next trade docket whenever convenient.

Best,
Aditya",10-Point UCP 600 Checklist for CHRIST Incubation and Consultancy Foundation export documentation,"Hi Ummadi,

Sharing our 1-page ICC UCP 600 pre-submission checklist covering the top 10 discrepancies flagged by international negotiating banks (including Field 45A verbatim consistency and on-board notations).

Feel free to drop any draft docket into our free self-serve portal at any time to verify compliance in 60 seconds.

Best regards,
Aditya Mehra"
LEAD-017,Aaditi Soni,CUSBMA,Head of Logistics,https://www.linkedin.com/in/aaditi-soni-145a9a286,Zero-risk export document audit for CUSBMA,"Hi Aaditi,

I noticed your work leading Head of Logistics at CUSBMA. We built an autonomous compliance gateway (VECTIS TRADE) calibrated to ICC UCP 600 and ISBP 745 banking rules.

We know European and US banks routinely reject export shipping dockets over minor typographical differences in description or gross weight rounding, causing €150 refusal fees and 30-day payment delays.

We'd love to audit your upcoming export shipment docket for zero fee. If your bank accepts the documents with zero discrepancy charges, you only pay us ₹1,500 on subsequent shipments. If your bank rejects any document our system certified clean, we will pay your bank discrepancy penalty ourselves.

Could we review your draft documents for your upcoming shipment this week?

Best regards,
Aditya Mehra
Founder, VECTIS TRADE (Bengaluru)",Quick case study on export LC discrepancy fees (CUSBMA),"Hi Aaditi,

Following up on my previous note. We recently audited a €180,000 export shipment of precision parts to Germany where the Certificate of Origin stated 15,400 KG, but the draft Bill of Lading had rounded up to 15,850 KG.

Under ISBP 745 Para E28, this conflict guarantees an immediate SWIFT MT734 refusal notice and a €150 bank penalty fee, trapping working capital for 45 days. We caught it in 60 seconds before bank submission.

Happy to run a free pre-check on your next trade docket whenever convenient.

Best,
Aditya",10-Point UCP 600 Checklist for CUSBMA export documentation,"Hi Aaditi,

Sharing our 1-page ICC UCP 600 pre-submission checklist covering the top 10 discrepancies flagged by international negotiating banks (including Field 45A verbatim consistency and on-board notations).

Feel free to drop any draft docket into our free self-serve portal at any time to verify compliance in 60 seconds.

Best regards,
Aditya Mehra"
LEAD-369,Deepti Rai,CereOne Media Pvt Ltd,Senior Operations Manager,https://www.linkedin.com/in/deepti-rai-bb4b1a96,Zero-risk export document audit for CereOne Media Pvt Ltd,"Hi Deepti,

I noticed your work leading Senior Operations Manager at CereOne Media Pvt Ltd. We built an autonomous compliance gateway (VECTIS TRADE) calibrated to ICC UCP 600 and ISBP 745 banking rules.

We know European and US banks routinely reject export shipping dockets over minor typographical differences in description or gross weight rounding, causing €150 refusal fees and 30-day payment delays.

We'd love to audit your upcoming export shipment docket for zero fee. If your bank accepts the documents with zero discrepancy charges, you only pay us ₹1,500 on subsequent shipments. If your bank rejects any document our system certified clean, we will pay your bank discrepancy penalty ourselves.

Could we review your draft documents for your upcoming shipment this week?

Best regards,
Aditya Mehra
Founder, VECTIS TRADE (Bengaluru)",Quick case study on export LC discrepancy fees (CereOne Media Pvt Ltd),"Hi Deepti,

Following up on my previous note. We recently audited a €180,000 export shipment of precision parts to Germany where the Certificate of Origin stated 15,400 KG, but the draft Bill of Lading had rounded up to 15,850 KG.

Under ISBP 745 Para E28, this conflict guarantees an immediate SWIFT MT734 refusal notice and a €150 bank penalty fee, trapping working capital for 45 days. We caught it in 60 seconds before bank submission.

Happy to run a free pre-check on your next trade docket whenever convenient.

Best,
Aditya",10-Point UCP 600 Checklist for CereOne Media Pvt Ltd export documentation,"Hi Deepti,

Sharing our 1-page ICC UCP 600 pre-submission checklist covering the top 10 discrepancies flagged by international negotiating banks (including Field 45A verbatim consistency and on-board notations).

Feel free to drop any draft docket into our free self-serve portal at any time to verify compliance in 60 seconds.

Best regards,
Aditya Mehra"
LEAD-081,Leisha Sanghvi,"Christ University, Bangalore",Head of Operations,https://www.linkedin.com/in/leisha-sanghvi-7493202b1,"Zero-risk export document audit for Christ University, Bangalore","Hi Leisha,

I noticed your work leading Head of Operations at Christ University, Bangalore. We built an autonomous compliance gateway (VECTIS TRADE) calibrated to ICC UCP 600 and ISBP 745 banking rules.

We know European and US banks routinely reject export shipping dockets over minor typographical differences in description or gross weight rounding, causing €150 refusal fees and 30-day payment delays.

We'd love to audit your upcoming export shipment docket for zero fee. If your bank accepts the documents with zero discrepancy charges, you only pay us ₹1,500 on subsequent shipments. If your bank rejects any document our system certified clean, we will pay your bank discrepancy penalty ourselves.

Could we review your draft documents for your upcoming shipment this week?

Best regards,
Aditya Mehra
Founder, VECTIS TRADE (Bengaluru)","Quick case study on export LC discrepancy fees (Christ University, Bangalore)","Hi Leisha,

Following up on my previous note. We recently audited a €180,000 export shipment of precision parts to Germany where the Certificate of Origin stated 15,400 KG, but the draft Bill of Lading had rounded up to 15,850 KG.

Under ISBP 745 Para E28, this conflict guarantees an immediate SWIFT MT734 refusal notice and a €150 bank penalty fee, trapping working capital for 45 days. We caught it in 60 seconds before bank submission.

Happy to run a free pre-check on your next trade docket whenever convenient.

Best,
Aditya","10-Point UCP 600 Checklist for Christ University, Bangalore export documentation","Hi Leisha,

Sharing our 1-page ICC UCP 600 pre-submission checklist covering the top 10 discrepancies flagged by international negotiating banks (including Field 45A verbatim consistency and on-board notations).

Feel free to drop any draft docket into our free self-serve portal at any time to verify compliance in 60 seconds.

Best regards,
Aditya Mehra"
LEAD-194,Shweta Bansod,Codeyoung,Senior Operations associate,https://www.linkedin.com/in/shweta-bansod-5b52b4226,Zero-risk export document audit for Codeyoung,"Hi Shweta,

I noticed your work leading Senior Operations associate at Codeyoung. We built an autonomous compliance gateway (VECTIS TRADE) calibrated to ICC UCP 600 and ISBP 745 banking rules.

We know European and US banks routinely reject export shipping dockets over minor typographical differences in description or gross weight rounding, causing €150 refusal fees and 30-day payment delays.

We'd love to audit your upcoming export shipment docket for zero fee. If your bank accepts the documents with zero discrepancy charges, you only pay us ₹1,500 on subsequent shipments. If your bank rejects any document our system certified clean, we will pay your bank discrepancy penalty ourselves.

Could we review your draft documents for your upcoming shipment this week?

Best regards,
Aditya Mehra
Founder, VECTIS TRADE (Bengaluru)",Quick case study on export LC discrepancy fees (Codeyoung),"Hi Shweta,

Following up on my previous note. We recently audited a €180,000 export shipment of precision parts to Germany where the Certificate of Origin stated 15,400 KG, but the draft Bill of Lading had rounded up to 15,850 KG.

Under ISBP 745 Para E28, this conflict guarantees an immediate SWIFT MT734 refusal notice and a €150 bank penalty fee, trapping working capital for 45 days. We caught it in 60 seconds before bank submission.

Happy to run a free pre-check on your next trade docket whenever convenient.

Best,
Aditya",10-Point UCP 600 Checklist for Codeyoung export documentation,"Hi Shweta,

Sharing our 1-page ICC UCP 600 pre-submission checklist covering the top 10 discrepancies flagged by international negotiating banks (including Field 45A verbatim consistency and on-board notations).

Feel free to drop any draft docket into our free self-serve portal at any time to verify compliance in 60 seconds.

Best regards,
Aditya Mehra"
LEAD-286,Akshata Kudagi,Concentrix,Senior Operations Representative,https://www.linkedin.com/in/akshata-kudagi-79166a266,Zero-risk export document audit for Concentrix,"Hi Akshata,

I noticed your work leading Senior Operations Representative at Concentrix. We built an autonomous compliance gateway (VECTIS TRADE) calibrated to ICC UCP 600 and ISBP 745 banking rules.

We know European and US banks routinely reject export shipping dockets over minor typographical differences in description or gross weight rounding, causing €150 refusal fees and 30-day payment delays.

We'd love to audit your upcoming export shipment docket for zero fee. If your bank accepts the documents with zero discrepancy charges, you only pay us ₹1,500 on subsequent shipments. If your bank rejects any document our system certified clean, we will pay your bank discrepancy penalty ourselves.

Could we review your draft documents for your upcoming shipment this week?

Best regards,
Aditya Mehra
Founder, VECTIS TRADE (Bengaluru)",Quick case study on export LC discrepancy fees (Concentrix),"Hi Akshata,

Following up on my previous note. We recently audited a €180,000 export shipment of precision parts to Germany where the Certificate of Origin stated 15,400 KG, but the draft Bill of Lading had rounded up to 15,850 KG.

Under ISBP 745 Para E28, this conflict guarantees an immediate SWIFT MT734 refusal notice and a €150 bank penalty fee, trapping working capital for 45 days. We caught it in 60 seconds before bank submission.

Happy to run a free pre-check on your next trade docket whenever convenient.

Best,
Aditya",10-Point UCP 600 Checklist for Concentrix export documentation,"Hi Akshata,

Sharing our 1-page ICC UCP 600 pre-submission checklist covering the top 10 discrepancies flagged by international negotiating banks (including Field 45A verbatim consistency and on-board notations).

Feel free to drop any draft docket into our free self-serve portal at any time to verify compliance in 60 seconds.

Best regards,
Aditya Mehra"
LEAD-392,Priyanka.M Gowda,Concentrix,Senior Operations Representative- underwriting analyst,https://www.linkedin.com/in/priyanka-m-gowda-mba-graduate,Zero-risk export document audit for Concentrix,"Hi Priyanka.M,

I noticed your work leading Senior Operations Representative- underwriting analyst at Concentrix. We built an autonomous compliance gateway (VECTIS TRADE) calibrated to ICC UCP 600 and ISBP 745 banking rules.

We know European and US banks routinely reject export shipping dockets over minor typographical differences in description or gross weight rounding, causing €150 refusal fees and 30-day payment delays.

We'd love to audit your upcoming export shipment docket for zero fee. If your bank accepts the documents with zero discrepancy charges, you only pay us ₹1,500 on subsequent shipments. If your bank rejects any document our system certified clean, we will pay your bank discrepancy penalty ourselves.

Could we review your draft documents for your upcoming shipment this week?

Best regards,
Aditya Mehra
Founder, VECTIS TRADE (Bengaluru)",Quick case study on export LC discrepancy fees (Concentrix),"Hi Priyanka.M,

Following up on my previous note. We recently audited a €180,000 export shipment of precision parts to Germany where the Certificate of Origin stated 15,400 KG, but the draft Bill of Lading had rounded up to 15,850 KG.

Under ISBP 745 Para E28, this conflict guarantees an immediate SWIFT MT734 refusal notice and a €150 bank penalty fee, trapping working capital for 45 days. We caught it in 60 seconds before bank submission.

Happy to run a free pre-check on your next trade docket whenever convenient.

Best,
Aditya",10-Point UCP 600 Checklist for Concentrix export documentation,"Hi Priyanka.M,

Sharing our 1-page ICC UCP 600 pre-submission checklist covering the top 10 discrepancies flagged by international negotiating banks (including Field 45A verbatim consistency and on-board notations).

Feel free to drop any draft docket into our free self-serve portal at any time to verify compliance in 60 seconds.

Best regards,
Aditya Mehra"
LEAD-393,Shreyashi Banik,Concentrix,Operations Lead,https://www.linkedin.com/in/shreyashi-banik123,Zero-risk export document audit for Concentrix,"Hi Shreyashi,

I noticed your work leading Operations Lead at Concentrix. We built an autonomous compliance gateway (VECTIS TRADE) calibrated to ICC UCP 600 and ISBP 745 banking rules.

We know European and US banks routinely reject export shipping dockets over minor typographical differences in description or gross weight rounding, causing €150 refusal fees and 30-day payment delays.

We'd love to audit your upcoming export shipment docket for zero fee. If your bank accepts the documents with zero discrepancy charges, you only pay us ₹1,500 on subsequent shipments. If your bank rejects any document our system certified clean, we will pay your bank discrepancy penalty ourselves.

Could we review your draft documents for your upcoming shipment this week?

Best regards,
Aditya Mehra
Founder, VECTIS TRADE (Bengaluru)",Quick case study on export LC discrepancy fees (Concentrix),"Hi Shreyashi,

Following up on my previous note. We recently audited a €180,000 export shipment of precision parts to Germany where the Certificate of Origin stated 15,400 KG, but the draft Bill of Lading had rounded up to 15,850 KG.

Under ISBP 745 Para E28, this conflict guarantees an immediate SWIFT MT734 refusal notice and a €150 bank penalty fee, trapping working capital for 45 days. We caught it in 60 seconds before bank submission.

Happy to run a free pre-check on your next trade docket whenever convenient.

Best,
Aditya",10-Point UCP 600 Checklist for Concentrix export documentation,"Hi Shreyashi,

Sharing our 1-page ICC UCP 600 pre-submission checklist covering the top 10 discrepancies flagged by international negotiating banks (including Field 45A verbatim consistency and on-board notations).

Feel free to drop any draft docket into our free self-serve portal at any time to verify compliance in 60 seconds.

Best regards,
Aditya Mehra"
LEAD-016,Shivani Mohanty,Condé Nast,Senior Associate - People Operations,https://www.linkedin.com/in/shivani-mohanty-868096a1,Zero-risk export document audit for Condé Nast,"Hi Shivani,

I noticed your work leading Senior Associate - People Operations at Condé Nast. We built an autonomous compliance gateway (VECTIS TRADE) calibrated to ICC UCP 600 and ISBP 745 banking rules.

We know European and US banks routinely reject export shipping dockets over minor typographical differences in description or gross weight rounding, causing €150 refusal fees and 30-day payment delays.

We'd love to audit your upcoming export shipment docket for zero fee. If your bank accepts the documents with zero discrepancy charges, you only pay us ₹1,500 on subsequent shipments. If your bank rejects any document our system certified clean, we will pay your bank discrepancy penalty ourselves.

Could we review your draft documents for your upcoming shipment this week?

Best regards,
Aditya Mehra
Founder, VECTIS TRADE (Bengaluru)",Quick case study on export LC discrepancy fees (Condé Nast),"Hi Shivani,

Following up on my previous note. We recently audited a €180,000 export shipment of precision parts to Germany where the Certificate of Origin stated 15,400 KG, but the draft Bill of Lading had rounded up to 15,850 KG.

Under ISBP 745 Para E28, this conflict guarantees an immediate SWIFT MT734 refusal notice and a €150 bank penalty fee, trapping working capital for 45 days. We caught it in 60 seconds before bank submission.

Happy to run a free pre-check on your next trade docket whenever convenient.

Best,
Aditya",10-Point UCP 600 Checklist for Condé Nast export documentation,"Hi Shivani,

Sharing our 1-page ICC UCP 600 pre-submission checklist covering the top 10 discrepancies flagged by international negotiating banks (including Field 45A verbatim consistency and on-board notations).

Feel free to drop any draft docket into our free self-serve portal at any time to verify compliance in 60 seconds.

Best regards,
Aditya Mehra"
LEAD-103,Vanamala.R .,CredO,Operations Manager,https://www.linkedin.com/in/vanamala-r-461846252,Zero-risk export document audit for CredO,"Hi Vanamala.R,

I noticed your work leading Operations Manager at CredO. We built an autonomous compliance gateway (VECTIS TRADE) calibrated to ICC UCP 600 and ISBP 745 banking rules.

We know European and US banks routinely reject export shipping dockets over minor typographical differences in description or gross weight rounding, causing €150 refusal fees and 30-day payment delays.

We'd love to audit your upcoming export shipment docket for zero fee. If your bank accepts the documents with zero discrepancy charges, you only pay us ₹1,500 on subsequent shipments. If your bank rejects any document our system certified clean, we will pay your bank discrepancy penalty ourselves.

Could we review your draft documents for your upcoming shipment this week?

Best regards,
Aditya Mehra
Founder, VECTIS TRADE (Bengaluru)",Quick case study on export LC discrepancy fees (CredO),"Hi Vanamala.R,

Following up on my previous note. We recently audited a €180,000 export shipment of precision parts to Germany where the Certificate of Origin stated 15,400 KG, but the draft Bill of Lading had rounded up to 15,850 KG.

Under ISBP 745 Para E28, this conflict guarantees an immediate SWIFT MT734 refusal notice and a €150 bank penalty fee, trapping working capital for 45 days. We caught it in 60 seconds before bank submission.

Happy to run a free pre-check on your next trade docket whenever convenient.

Best,
Aditya",10-Point UCP 600 Checklist for CredO export documentation,"Hi Vanamala.R,

Sharing our 1-page ICC UCP 600 pre-submission checklist covering the top 10 discrepancies flagged by international negotiating banks (including Field 45A verbatim consistency and on-board notations).

Feel free to drop any draft docket into our free self-serve portal at any time to verify compliance in 60 seconds.

Best regards,
Aditya Mehra"
LEAD-315,S Sunidhi,DQS,Senior Sales Operations executive,https://www.linkedin.com/in/s-sunidhi13,Zero-risk export document audit for DQS,"Hi S,

I noticed your work leading Senior Sales Operations executive at DQS. We built an autonomous compliance gateway (VECTIS TRADE) calibrated to ICC UCP 600 and ISBP 745 banking rules.

We know European and US banks routinely reject export shipping dockets over minor typographical differences in description or gross weight rounding, causing €150 refusal fees and 30-day payment delays.

We'd love to audit your upcoming export shipment docket for zero fee. If your bank accepts the documents with zero discrepancy charges, you only pay us ₹1,500 on subsequent shipments. If your bank rejects any document our system certified clean, we will pay your bank discrepancy penalty ourselves.

Could we review your draft documents for your upcoming shipment this week?

Best regards,
Aditya Mehra
Founder, VECTIS TRADE (Bengaluru)",Quick case study on export LC discrepancy fees (DQS),"Hi S,

Following up on my previous note. We recently audited a €180,000 export shipment of precision parts to Germany where the Certificate of Origin stated 15,400 KG, but the draft Bill of Lading had rounded up to 15,850 KG.

Under ISBP 745 Para E28, this conflict guarantees an immediate SWIFT MT734 refusal notice and a €150 bank penalty fee, trapping working capital for 45 days. We caught it in 60 seconds before bank submission.

Happy to run a free pre-check on your next trade docket whenever convenient.

Best,
Aditya",10-Point UCP 600 Checklist for DQS export documentation,"Hi S,

Sharing our 1-page ICC UCP 600 pre-submission checklist covering the top 10 discrepancies flagged by international negotiating banks (including Field 45A verbatim consistency and on-board notations).

Feel free to drop any draft docket into our free self-serve portal at any time to verify compliance in 60 seconds.

Best regards,
Aditya Mehra"
LEAD-344,Sharanniya Gopakumar,DTDC Express Limited,People Operations Manager,https://www.linkedin.com/in/sharanniya-gopakumar-3570351ba,Zero-risk export document audit for DTDC Express Limited,"Hi Sharanniya,

I noticed your work leading People Operations Manager at DTDC Express Limited. We built an autonomous compliance gateway (VECTIS TRADE) calibrated to ICC UCP 600 and ISBP 745 banking rules.

We know European and US banks routinely reject export shipping dockets over minor typographical differences in description or gross weight rounding, causing €150 refusal fees and 30-day payment delays.

We'd love to audit your upcoming export shipment docket for zero fee. If your bank accepts the documents with zero discrepancy charges, you only pay us ₹1,500 on subsequent shipments. If your bank rejects any document our system certified clean, we will pay your bank discrepancy penalty ourselves.

Could we review your draft documents for your upcoming shipment this week?

Best regards,
Aditya Mehra
Founder, VECTIS TRADE (Bengaluru)",Quick case study on export LC discrepancy fees (DTDC Express Limited),"Hi Sharanniya,

Following up on my previous note. We recently audited a €180,000 export shipment of precision parts to Germany where the Certificate of Origin stated 15,400 KG, but the draft Bill of Lading had rounded up to 15,850 KG.

Under ISBP 745 Para E28, this conflict guarantees an immediate SWIFT MT734 refusal notice and a €150 bank penalty fee, trapping working capital for 45 days. We caught it in 60 seconds before bank submission.

Happy to run a free pre-check on your next trade docket whenever convenient.

Best,
Aditya",10-Point UCP 600 Checklist for DTDC Express Limited export documentation,"Hi Sharanniya,

Sharing our 1-page ICC UCP 600 pre-submission checklist covering the top 10 discrepancies flagged by international negotiating banks (including Field 45A verbatim consistency and on-board notations).

Feel free to drop any draft docket into our free self-serve portal at any time to verify compliance in 60 seconds.

Best regards,
Aditya Mehra"
LEAD-112,Arzeena Fulwadiwala,DWF group,"Senior Advisor - Legal Operations, Technology and Consulting",https://www.linkedin.com/in/arzeenafulwadiwalalegaltech,Zero-risk export document audit for DWF group,"Hi Arzeena,

I noticed your work leading Senior Advisor - Legal Operations, Technology and Consulting at DWF group. We built an autonomous compliance gateway (VECTIS TRADE) calibrated to ICC UCP 600 and ISBP 745 banking rules.

We know European and US banks routinely reject export shipping dockets over minor typographical differences in description or gross weight rounding, causing €150 refusal fees and 30-day payment delays.

We'd love to audit your upcoming export shipment docket for zero fee. If your bank accepts the documents with zero discrepancy charges, you only pay us ₹1,500 on subsequent shipments. If your bank rejects any document our system certified clean, we will pay your bank discrepancy penalty ourselves.

Could we review your draft documents for your upcoming shipment this week?

Best regards,
Aditya Mehra
Founder, VECTIS TRADE (Bengaluru)",Quick case study on export LC discrepancy fees (DWF group),"Hi Arzeena,

Following up on my previous note. We recently audited a €180,000 export shipment of precision parts to Germany where the Certificate of Origin stated 15,400 KG, but the draft Bill of Lading had rounded up to 15,850 KG.

Under ISBP 745 Para E28, this conflict guarantees an immediate SWIFT MT734 refusal notice and a €150 bank penalty fee, trapping working capital for 45 days. We caught it in 60 seconds before bank submission.

Happy to run a free pre-check on your next trade docket whenever convenient.

Best,
Aditya",10-Point UCP 600 Checklist for DWF group export documentation,"Hi Arzeena,

Sharing our 1-page ICC UCP 600 pre-submission checklist covering the top 10 discrepancies flagged by international negotiating banks (including Field 45A verbatim consistency and on-board notations).

Feel free to drop any draft docket into our free self-serve portal at any time to verify compliance in 60 seconds.

Best regards,
Aditya Mehra"
LEAD-168,Dhriti P. S,DataZymes,Senior HR Operations Specialist,https://www.linkedin.com/in/dhriti-p-s,Zero-risk export document audit for DataZymes,"Hi Dhriti,

I noticed your work leading Senior HR Operations Specialist at DataZymes. We built an autonomous compliance gateway (VECTIS TRADE) calibrated to ICC UCP 600 and ISBP 745 banking rules.

We know European and US banks routinely reject export shipping dockets over minor typographical differences in description or gross weight rounding, causing €150 refusal fees and 30-day payment delays.

We'd love to audit your upcoming export shipment docket for zero fee. If your bank accepts the documents with zero discrepancy charges, you only pay us ₹1,500 on subsequent shipments. If your bank rejects any document our system certified clean, we will pay your bank discrepancy penalty ourselves.

Could we review your draft documents for your upcoming shipment this week?

Best regards,
Aditya Mehra
Founder, VECTIS TRADE (Bengaluru)",Quick case study on export LC discrepancy fees (DataZymes),"Hi Dhriti,

Following up on my previous note. We recently audited a €180,000 export shipment of precision parts to Germany where the Certificate of Origin stated 15,400 KG, but the draft Bill of Lading had rounded up to 15,850 KG.

Under ISBP 745 Para E28, this conflict guarantees an immediate SWIFT MT734 refusal notice and a €150 bank penalty fee, trapping working capital for 45 days. We caught it in 60 seconds before bank submission.

Happy to run a free pre-check on your next trade docket whenever convenient.

Best,
Aditya",10-Point UCP 600 Checklist for DataZymes export documentation,"Hi Dhriti,

Sharing our 1-page ICC UCP 600 pre-submission checklist covering the top 10 discrepancies flagged by international negotiating banks (including Field 45A verbatim consistency and on-board notations).

Feel free to drop any draft docket into our free self-serve portal at any time to verify compliance in 60 seconds.

Best regards,
Aditya Mehra"
LEAD-174,Meenakshi SM,"Department of International Studies, Political Science and History (Christ University, BRC campus)",logistics head- AGORA Logistics,https://www.linkedin.com/in/meenakshi-sm-b19b8636b,"Zero-risk export document audit for Department of International Studies, Political Science and History (Christ University, BRC campus)","Hi Meenakshi,

I noticed your work leading logistics head- AGORA Logistics at Department of International Studies, Political Science and History (Christ University, BRC campus). We built an autonomous compliance gateway (VECTIS TRADE) calibrated to ICC UCP 600 and ISBP 745 banking rules.

We know European and US banks routinely reject export shipping dockets over minor typographical differences in description or gross weight rounding, causing €150 refusal fees and 30-day payment delays.

We'd love to audit your upcoming export shipment docket for zero fee. If your bank accepts the documents with zero discrepancy charges, you only pay us ₹1,500 on subsequent shipments. If your bank rejects any document our system certified clean, we will pay your bank discrepancy penalty ourselves.

Could we review your draft documents for your upcoming shipment this week?

Best regards,
Aditya Mehra
Founder, VECTIS TRADE (Bengaluru)","Quick case study on export LC discrepancy fees (Department of International Studies, Political Science and History (Christ University, BRC campus))","Hi Meenakshi,

Following up on my previous note. We recently audited a €180,000 export shipment of precision parts to Germany where the Certificate of Origin stated 15,400 KG, but the draft Bill of Lading had rounded up to 15,850 KG.

Under ISBP 745 Para E28, this conflict guarantees an immediate SWIFT MT734 refusal notice and a €150 bank penalty fee, trapping working capital for 45 days. We caught it in 60 seconds before bank submission.

Happy to run a free pre-check on your next trade docket whenever convenient.

Best,
Aditya","10-Point UCP 600 Checklist for Department of International Studies, Political Science and History (Christ University, BRC campus) export documentation","Hi Meenakshi,

Sharing our 1-page ICC UCP 600 pre-submission checklist covering the top 10 discrepancies flagged by international negotiating banks (including Field 45A verbatim consistency and on-board notations).

Feel free to drop any draft docket into our free self-serve portal at any time to verify compliance in 60 seconds.

Best regards,
Aditya Mehra"
LEAD-036,Shreya Agarwalla,Digit Insurance,Claims Operations Manager,https://www.linkedin.com/in/shreya-agarwalla-9966a8301,Zero-risk export document audit for Digit Insurance,"Hi Shreya,

I noticed your work leading Claims Operations Manager at Digit Insurance. We built an autonomous compliance gateway (VECTIS TRADE) calibrated to ICC UCP 600 and ISBP 745 banking rules.

We know European and US banks routinely reject export shipping dockets over minor typographical differences in description or gross weight rounding, causing €150 refusal fees and 30-day payment delays.

We'd love to audit your upcoming export shipment docket for zero fee. If your bank accepts the documents with zero discrepancy charges, you only pay us ₹1,500 on subsequent shipments. If your bank rejects any document our system certified clean, we will pay your bank discrepancy penalty ourselves.

Could we review your draft documents for your upcoming shipment this week?

Best regards,
Aditya Mehra
Founder, VECTIS TRADE (Bengaluru)",Quick case study on export LC discrepancy fees (Digit Insurance),"Hi Shreya,

Following up on my previous note. We recently audited a €180,000 export shipment of precision parts to Germany where the Certificate of Origin stated 15,400 KG, but the draft Bill of Lading had rounded up to 15,850 KG.

Under ISBP 745 Para E28, this conflict guarantees an immediate SWIFT MT734 refusal notice and a €150 bank penalty fee, trapping working capital for 45 days. We caught it in 60 seconds before bank submission.

Happy to run a free pre-check on your next trade docket whenever convenient.

Best,
Aditya",10-Point UCP 600 Checklist for Digit Insurance export documentation,"Hi Shreya,

Sharing our 1-page ICC UCP 600 pre-submission checklist covering the top 10 discrepancies flagged by international negotiating banks (including Field 45A verbatim consistency and on-board notations).

Feel free to drop any draft docket into our free self-serve portal at any time to verify compliance in 60 seconds.

Best regards,
Aditya Mehra"
LEAD-318,Purrvi Soni,Dodo Payments,Founder’s Office Operations,https://www.linkedin.com/in/purrvisoni111,Zero-risk export document audit for Dodo Payments,"Hi Purrvi,

I noticed your work leading Founder’s Office Operations at Dodo Payments. We built an autonomous compliance gateway (VECTIS TRADE) calibrated to ICC UCP 600 and ISBP 745 banking rules.

We know European and US banks routinely reject export shipping dockets over minor typographical differences in description or gross weight rounding, causing €150 refusal fees and 30-day payment delays.

We'd love to audit your upcoming export shipment docket for zero fee. If your bank accepts the documents with zero discrepancy charges, you only pay us ₹1,500 on subsequent shipments. If your bank rejects any document our system certified clean, we will pay your bank discrepancy penalty ourselves.

Could we review your draft documents for your upcoming shipment this week?

Best regards,
Aditya Mehra
Founder, VECTIS TRADE (Bengaluru)",Quick case study on export LC discrepancy fees (Dodo Payments),"Hi Purrvi,

Following up on my previous note. We recently audited a €180,000 export shipment of precision parts to Germany where the Certificate of Origin stated 15,400 KG, but the draft Bill of Lading had rounded up to 15,850 KG.

Under ISBP 745 Para E28, this conflict guarantees an immediate SWIFT MT734 refusal notice and a €150 bank penalty fee, trapping working capital for 45 days. We caught it in 60 seconds before bank submission.

Happy to run a free pre-check on your next trade docket whenever convenient.

Best,
Aditya",10-Point UCP 600 Checklist for Dodo Payments export documentation,"Hi Purrvi,

Sharing our 1-page ICC UCP 600 pre-submission checklist covering the top 10 discrepancies flagged by international negotiating banks (including Field 45A verbatim consistency and on-board notations).

Feel free to drop any draft docket into our free self-serve portal at any time to verify compliance in 60 seconds.

Best regards,
Aditya Mehra"
LEAD-377,Parinaya Gupta,Eclipse Financial Management,Operations Lead,https://www.linkedin.com/in/parinaya-gupta-573933189,Zero-risk export document audit for Eclipse Financial Management,"Hi Parinaya,

I noticed your work leading Operations Lead at Eclipse Financial Management. We built an autonomous compliance gateway (VECTIS TRADE) calibrated to ICC UCP 600 and ISBP 745 banking rules.

We know European and US banks routinely reject export shipping dockets over minor typographical differences in description or gross weight rounding, causing €150 refusal fees and 30-day payment delays.

We'd love to audit your upcoming export shipment docket for zero fee. If your bank accepts the documents with zero discrepancy charges, you only pay us ₹1,500 on subsequent shipments. If your bank rejects any document our system certified clean, we will pay your bank discrepancy penalty ourselves.

Could we review your draft documents for your upcoming shipment this week?

Best regards,
Aditya Mehra
Founder, VECTIS TRADE (Bengaluru)",Quick case study on export LC discrepancy fees (Eclipse Financial Management),"Hi Parinaya,

Following up on my previous note. We recently audited a €180,000 export shipment of precision parts to Germany where the Certificate of Origin stated 15,400 KG, but the draft Bill of Lading had rounded up to 15,850 KG.

Under ISBP 745 Para E28, this conflict guarantees an immediate SWIFT MT734 refusal notice and a €150 bank penalty fee, trapping working capital for 45 days. We caught it in 60 seconds before bank submission.

Happy to run a free pre-check on your next trade docket whenever convenient.

Best,
Aditya",10-Point UCP 600 Checklist for Eclipse Financial Management export documentation,"Hi Parinaya,

Sharing our 1-page ICC UCP 600 pre-submission checklist covering the top 10 discrepancies flagged by international negotiating banks (including Field 45A verbatim consistency and on-board notations).

Feel free to drop any draft docket into our free self-serve portal at any time to verify compliance in 60 seconds.

Best regards,
Aditya Mehra"
LEAD-338,Arpitha Shankarnarayana Mase,Emversity,HR Business Partner – IT (Operations & Scale),https://www.linkedin.com/in/arpitha-shankarnarayana-mase-81687410a,Zero-risk export document audit for Emversity,"Hi Arpitha,

I noticed your work leading HR Business Partner – IT (Operations & Scale) at Emversity. We built an autonomous compliance gateway (VECTIS TRADE) calibrated to ICC UCP 600 and ISBP 745 banking rules.

We know European and US banks routinely reject export shipping dockets over minor typographical differences in description or gross weight rounding, causing €150 refusal fees and 30-day payment delays.

We'd love to audit your upcoming export shipment docket for zero fee. If your bank accepts the documents with zero discrepancy charges, you only pay us ₹1,500 on subsequent shipments. If your bank rejects any document our system certified clean, we will pay your bank discrepancy penalty ourselves.

Could we review your draft documents for your upcoming shipment this week?

Best regards,
Aditya Mehra
Founder, VECTIS TRADE (Bengaluru)",Quick case study on export LC discrepancy fees (Emversity),"Hi Arpitha,

Following up on my previous note. We recently audited a €180,000 export shipment of precision parts to Germany where the Certificate of Origin stated 15,400 KG, but the draft Bill of Lading had rounded up to 15,850 KG.

Under ISBP 745 Para E28, this conflict guarantees an immediate SWIFT MT734 refusal notice and a €150 bank penalty fee, trapping working capital for 45 days. We caught it in 60 seconds before bank submission.

Happy to run a free pre-check on your next trade docket whenever convenient.

Best,
Aditya",10-Point UCP 600 Checklist for Emversity export documentation,"Hi Arpitha,

Sharing our 1-page ICC UCP 600 pre-submission checklist covering the top 10 discrepancies flagged by international negotiating banks (including Field 45A verbatim consistency and on-board notations).

Feel free to drop any draft docket into our free self-serve portal at any time to verify compliance in 60 seconds.

Best regards,
Aditya Mehra"
LEAD-283,Juhi Dujari,Finance and Economics Cell,Head of Hospitality and Logistics,https://www.linkedin.com/in/juhi-dujari-43a455318,Zero-risk export document audit for Finance and Economics Cell,"Hi Juhi,

I noticed your work leading Head of Hospitality and Logistics at Finance and Economics Cell. We built an autonomous compliance gateway (VECTIS TRADE) calibrated to ICC UCP 600 and ISBP 745 banking rules.

We know European and US banks routinely reject export shipping dockets over minor typographical differences in description or gross weight rounding, causing €150 refusal fees and 30-day payment delays.

We'd love to audit your upcoming export shipment docket for zero fee. If your bank accepts the documents with zero discrepancy charges, you only pay us ₹1,500 on subsequent shipments. If your bank rejects any document our system certified clean, we will pay your bank discrepancy penalty ourselves.

Could we review your draft documents for your upcoming shipment this week?

Best regards,
Aditya Mehra
Founder, VECTIS TRADE (Bengaluru)",Quick case study on export LC discrepancy fees (Finance and Economics Cell),"Hi Juhi,

Following up on my previous note. We recently audited a €180,000 export shipment of precision parts to Germany where the Certificate of Origin stated 15,400 KG, but the draft Bill of Lading had rounded up to 15,850 KG.

Under ISBP 745 Para E28, this conflict guarantees an immediate SWIFT MT734 refusal notice and a €150 bank penalty fee, trapping working capital for 45 days. We caught it in 60 seconds before bank submission.

Happy to run a free pre-check on your next trade docket whenever convenient.

Best,
Aditya",10-Point UCP 600 Checklist for Finance and Economics Cell export documentation,"Hi Juhi,

Sharing our 1-page ICC UCP 600 pre-submission checklist covering the top 10 discrepancies flagged by international negotiating banks (including Field 45A verbatim consistency and on-board notations).

Feel free to drop any draft docket into our free self-serve portal at any time to verify compliance in 60 seconds.

Best regards,
Aditya Mehra"
LEAD-147,Deepika Joshi,Finmark BYC,"Sub-Head, Logistics Committee - FINMARK (Finance & Marketing) Club",https://www.linkedin.com/in/deepika-joshi-081369373,Zero-risk export document audit for Finmark BYC,"Hi Deepika,

I noticed your work leading Sub-Head, Logistics Committee - FINMARK (Finance & Marketing) Club at Finmark BYC. We built an autonomous compliance gateway (VECTIS TRADE) calibrated to ICC UCP 600 and ISBP 745 banking rules.

We know European and US banks routinely reject export shipping dockets over minor typographical differences in description or gross weight rounding, causing €150 refusal fees and 30-day payment delays.

We'd love to audit your upcoming export shipment docket for zero fee. If your bank accepts the documents with zero discrepancy charges, you only pay us ₹1,500 on subsequent shipments. If your bank rejects any document our system certified clean, we will pay your bank discrepancy penalty ourselves.

Could we review your draft documents for your upcoming shipment this week?

Best regards,
Aditya Mehra
Founder, VECTIS TRADE (Bengaluru)",Quick case study on export LC discrepancy fees (Finmark BYC),"Hi Deepika,

Following up on my previous note. We recently audited a €180,000 export shipment of precision parts to Germany where the Certificate of Origin stated 15,400 KG, but the draft Bill of Lading had rounded up to 15,850 KG.

Under ISBP 745 Para E28, this conflict guarantees an immediate SWIFT MT734 refusal notice and a €150 bank penalty fee, trapping working capital for 45 days. We caught it in 60 seconds before bank submission.

Happy to run a free pre-check on your next trade docket whenever convenient.

Best,
Aditya",10-Point UCP 600 Checklist for Finmark BYC export documentation,"Hi Deepika,

Sharing our 1-page ICC UCP 600 pre-submission checklist covering the top 10 discrepancies flagged by international negotiating banks (including Field 45A verbatim consistency and on-board notations).

Feel free to drop any draft docket into our free self-serve portal at any time to verify compliance in 60 seconds.

Best regards,
Aditya Mehra"
LEAD-347,Geethu Pradeep,Followyourchild,Head of Operations,https://www.linkedin.com/in/geethu-pradeep-3aa593221,Zero-risk export document audit for Followyourchild,"Hi Geethu,

I noticed your work leading Head of Operations at Followyourchild. We built an autonomous compliance gateway (VECTIS TRADE) calibrated to ICC UCP 600 and ISBP 745 banking rules.

We know European and US banks routinely reject export shipping dockets over minor typographical differences in description or gross weight rounding, causing €150 refusal fees and 30-day payment delays.

We'd love to audit your upcoming export shipment docket for zero fee. If your bank accepts the documents with zero discrepancy charges, you only pay us ₹1,500 on subsequent shipments. If your bank rejects any document our system certified clean, we will pay your bank discrepancy penalty ourselves.

Could we review your draft documents for your upcoming shipment this week?

Best regards,
Aditya Mehra
Founder, VECTIS TRADE (Bengaluru)",Quick case study on export LC discrepancy fees (Followyourchild),"Hi Geethu,

Following up on my previous note. We recently audited a €180,000 export shipment of precision parts to Germany where the Certificate of Origin stated 15,400 KG, but the draft Bill of Lading had rounded up to 15,850 KG.

Under ISBP 745 Para E28, this conflict guarantees an immediate SWIFT MT734 refusal notice and a €150 bank penalty fee, trapping working capital for 45 days. We caught it in 60 seconds before bank submission.

Happy to run a free pre-check on your next trade docket whenever convenient.

Best,
Aditya",10-Point UCP 600 Checklist for Followyourchild export documentation,"Hi Geethu,

Sharing our 1-page ICC UCP 600 pre-submission checklist covering the top 10 discrepancies flagged by international negotiating banks (including Field 45A verbatim consistency and on-board notations).

Feel free to drop any draft docket into our free self-serve portal at any time to verify compliance in 60 seconds.

Best regards,
Aditya Mehra"
LEAD-317,Rishita Singh,Ghar Aaja Par Desi,Head of Operations,https://www.linkedin.com/in/rishita-singh-337961273,Zero-risk export document audit for Ghar Aaja Par Desi,"Hi Rishita,

I noticed your work leading Head of Operations at Ghar Aaja Par Desi. We built an autonomous compliance gateway (VECTIS TRADE) calibrated to ICC UCP 600 and ISBP 745 banking rules.

We know European and US banks routinely reject export shipping dockets over minor typographical differences in description or gross weight rounding, causing €150 refusal fees and 30-day payment delays.

We'd love to audit your upcoming export shipment docket for zero fee. If your bank accepts the documents with zero discrepancy charges, you only pay us ₹1,500 on subsequent shipments. If your bank rejects any document our system certified clean, we will pay your bank discrepancy penalty ourselves.

Could we review your draft documents for your upcoming shipment this week?

Best regards,
Aditya Mehra
Founder, VECTIS TRADE (Bengaluru)",Quick case study on export LC discrepancy fees (Ghar Aaja Par Desi),"Hi Rishita,

Following up on my previous note. We recently audited a €180,000 export shipment of precision parts to Germany where the Certificate of Origin stated 15,400 KG, but the draft Bill of Lading had rounded up to 15,850 KG.

Under ISBP 745 Para E28, this conflict guarantees an immediate SWIFT MT734 refusal notice and a €150 bank penalty fee, trapping working capital for 45 days. We caught it in 60 seconds before bank submission.

Happy to run a free pre-check on your next trade docket whenever convenient.

Best,
Aditya",10-Point UCP 600 Checklist for Ghar Aaja Par Desi export documentation,"Hi Rishita,

Sharing our 1-page ICC UCP 600 pre-submission checklist covering the top 10 discrepancies flagged by international negotiating banks (including Field 45A verbatim consistency and on-board notations).

Feel free to drop any draft docket into our free self-serve portal at any time to verify compliance in 60 seconds.

Best regards,
Aditya Mehra"
LEAD-001,Amisha Jat,Goldman Sachs,Senior Operations Analyst,https://www.linkedin.com/in/amisha-jat-38b30b258,Zero-risk export document audit for Goldman Sachs,"Hi Amisha,

I noticed your work leading Senior Operations Analyst at Goldman Sachs. We built an autonomous compliance gateway (VECTIS TRADE) calibrated to ICC UCP 600 and ISBP 745 banking rules.

We know European and US banks routinely reject export shipping dockets over minor typographical differences in description or gross weight rounding, causing €150 refusal fees and 30-day payment delays.

We'd love to audit your upcoming export shipment docket for zero fee. If your bank accepts the documents with zero discrepancy charges, you only pay us ₹1,500 on subsequent shipments. If your bank rejects any document our system certified clean, we will pay your bank discrepancy penalty ourselves.

Could we review your draft documents for your upcoming shipment this week?

Best regards,
Aditya Mehra
Founder, VECTIS TRADE (Bengaluru)",Quick case study on export LC discrepancy fees (Goldman Sachs),"Hi Amisha,

Following up on my previous note. We recently audited a €180,000 export shipment of precision parts to Germany where the Certificate of Origin stated 15,400 KG, but the draft Bill of Lading had rounded up to 15,850 KG.

Under ISBP 745 Para E28, this conflict guarantees an immediate SWIFT MT734 refusal notice and a €150 bank penalty fee, trapping working capital for 45 days. We caught it in 60 seconds before bank submission.

Happy to run a free pre-check on your next trade docket whenever convenient.

Best,
Aditya",10-Point UCP 600 Checklist for Goldman Sachs export documentation,"Hi Amisha,

Sharing our 1-page ICC UCP 600 pre-submission checklist covering the top 10 discrepancies flagged by international negotiating banks (including Field 45A verbatim consistency and on-board notations).

Feel free to drop any draft docket into our free self-serve portal at any time to verify compliance in 60 seconds.

Best regards,
Aditya Mehra"
LEAD-061,Tushi Saha,Google Operations Center,Senior Implementation Analyst,https://www.linkedin.com/in/tushi-saha,Zero-risk export document audit for Google Operations Center,"Hi Tushi,

I noticed your work leading Senior Implementation Analyst at Google Operations Center. We built an autonomous compliance gateway (VECTIS TRADE) calibrated to ICC UCP 600 and ISBP 745 banking rules.

We know European and US banks routinely reject export shipping dockets over minor typographical differences in description or gross weight rounding, causing €150 refusal fees and 30-day payment delays.

We'd love to audit your upcoming export shipment docket for zero fee. If your bank accepts the documents with zero discrepancy charges, you only pay us ₹1,500 on subsequent shipments. If your bank rejects any document our system certified clean, we will pay your bank discrepancy penalty ourselves.

Could we review your draft documents for your upcoming shipment this week?

Best regards,
Aditya Mehra
Founder, VECTIS TRADE (Bengaluru)",Quick case study on export LC discrepancy fees (Google Operations Center),"Hi Tushi,

Following up on my previous note. We recently audited a €180,000 export shipment of precision parts to Germany where the Certificate of Origin stated 15,400 KG, but the draft Bill of Lading had rounded up to 15,850 KG.

Under ISBP 745 Para E28, this conflict guarantees an immediate SWIFT MT734 refusal notice and a €150 bank penalty fee, trapping working capital for 45 days. We caught it in 60 seconds before bank submission.

Happy to run a free pre-check on your next trade docket whenever convenient.

Best,
Aditya",10-Point UCP 600 Checklist for Google Operations Center export documentation,"Hi Tushi,

Sharing our 1-page ICC UCP 600 pre-submission checklist covering the top 10 discrepancies flagged by international negotiating banks (including Field 45A verbatim consistency and on-board notations).

Feel free to drop any draft docket into our free self-serve portal at any time to verify compliance in 60 seconds.

Best regards,
Aditya Mehra"
LEAD-134,Amrutha Allimada,Happiest Minds Technologies,Associate Manager Business Operations,https://www.linkedin.com/in/amrutha-allimada-8b7a43118,Zero-risk export document audit for Happiest Minds Technologies,"Hi Amrutha,

I noticed your work leading Associate Manager Business Operations at Happiest Minds Technologies. We built an autonomous compliance gateway (VECTIS TRADE) calibrated to ICC UCP 600 and ISBP 745 banking rules.

We know European and US banks routinely reject export shipping dockets over minor typographical differences in description or gross weight rounding, causing €150 refusal fees and 30-day payment delays.

We'd love to audit your upcoming export shipment docket for zero fee. If your bank accepts the documents with zero discrepancy charges, you only pay us ₹1,500 on subsequent shipments. If your bank rejects any document our system certified clean, we will pay your bank discrepancy penalty ourselves.

Could we review your draft documents for your upcoming shipment this week?

Best regards,
Aditya Mehra
Founder, VECTIS TRADE (Bengaluru)",Quick case study on export LC discrepancy fees (Happiest Minds Technologies),"Hi Amrutha,

Following up on my previous note. We recently audited a €180,000 export shipment of precision parts to Germany where the Certificate of Origin stated 15,400 KG, but the draft Bill of Lading had rounded up to 15,850 KG.

Under ISBP 745 Para E28, this conflict guarantees an immediate SWIFT MT734 refusal notice and a €150 bank penalty fee, trapping working capital for 45 days. We caught it in 60 seconds before bank submission.

Happy to run a free pre-check on your next trade docket whenever convenient.

Best,
Aditya",10-Point UCP 600 Checklist for Happiest Minds Technologies export documentation,"Hi Amrutha,

Sharing our 1-page ICC UCP 600 pre-submission checklist covering the top 10 discrepancies flagged by international negotiating banks (including Field 45A verbatim consistency and on-board notations).

Feel free to drop any draft docket into our free self-serve portal at any time to verify compliance in 60 seconds.

Best regards,
Aditya Mehra"
LEAD-341,Chandana Sree K,HeiDigi,Operations and Client Success Manager,https://www.linkedin.com/in/chandana-sree-k-31a158184,Zero-risk export document audit for HeiDigi,"Hi Chandana,

I noticed your work leading Operations and Client Success Manager at HeiDigi. We built an autonomous compliance gateway (VECTIS TRADE) calibrated to ICC UCP 600 and ISBP 745 banking rules.

We know European and US banks routinely reject export shipping dockets over minor typographical differences in description or gross weight rounding, causing €150 refusal fees and 30-day payment delays.

We'd love to audit your upcoming export shipment docket for zero fee. If your bank accepts the documents with zero discrepancy charges, you only pay us ₹1,500 on subsequent shipments. If your bank rejects any document our system certified clean, we will pay your bank discrepancy penalty ourselves.

Could we review your draft documents for your upcoming shipment this week?

Best regards,
Aditya Mehra
Founder, VECTIS TRADE (Bengaluru)",Quick case study on export LC discrepancy fees (HeiDigi),"Hi Chandana,

Following up on my previous note. We recently audited a €180,000 export shipment of precision parts to Germany where the Certificate of Origin stated 15,400 KG, but the draft Bill of Lading had rounded up to 15,850 KG.

Under ISBP 745 Para E28, this conflict guarantees an immediate SWIFT MT734 refusal notice and a €150 bank penalty fee, trapping working capital for 45 days. We caught it in 60 seconds before bank submission.

Happy to run a free pre-check on your next trade docket whenever convenient.

Best,
Aditya",10-Point UCP 600 Checklist for HeiDigi export documentation,"Hi Chandana,

Sharing our 1-page ICC UCP 600 pre-submission checklist covering the top 10 discrepancies flagged by international negotiating banks (including Field 45A verbatim consistency and on-board notations).

Feel free to drop any draft docket into our free self-serve portal at any time to verify compliance in 60 seconds.

Best regards,
Aditya Mehra"
