From,To,Sent At,Message,Direction,inviterProfileUrl,inviteeProfileUrl
Aditya Mehra,Tanishka Golande,"8/17/26, 7:36 AM",,OUTGOING,https://www.linkedin.com/in/aditya-mehra-b8644b326,https://www.linkedin.com/in/tanishka-golande-96a2b5290
Aditya Mehra,Deekshitha H K,"8/17/26, 7:36 AM",,OUTGOING,https://www.linkedin.com/in/aditya-mehra-b8644b326,https://www.linkedin.com/in/deekshitha-h-k-700183370
Aditya Mehra,Satyashree G.,"8/17/26, 7:36 AM",,OUTGOING,https://www.linkedin.com/in/aditya-mehra-b8644b326,https://www.linkedin.com/in/satyashreeginka
Aditya Mehra,Anushka Shanker,"8/17/26, 7:36 AM",,OUTGOING,https://www.linkedin.com/in/aditya-mehra-b8644b326,https://www.linkedin.com/in/anushka-shanker-39481b334
Aditya Mehra,K Usha Rani,"8/17/26, 7:36 AM",,OUTGOING,https://www.linkedin.com/in/aditya-mehra-b8644b326,https://www.linkedin.com/in/k-usha-rani
Aditya Mehra,Aparana Todurkar,"8/17/26, 7:36 AM",,OUTGOING,https://www.linkedin.com/in/aditya-mehra-b8644b326,https://www.linkedin.com/in/aparana-todurkar-495452295
Aditya Mehra,Lavanya K N,"8/17/26, 7:36 AM",,OUTGOING,https://www.linkedin.com/in/aditya-mehra-b8644b326,https://www.linkedin.com/in/lavanya-k-n-bb5a4b39a
Aditya Mehra,Keerthana .M,"8/17/26, 7:36 AM",,OUTGOING,https://www.linkedin.com/in/aditya-mehra-b8644b326,https://www.linkedin.com/in/keerthana-m-5b9310303
Aditya Mehra,Dhruvi Kinge,"8/17/26, 7:36 AM",,OUTGOING,https://www.linkedin.com/in/aditya-mehra-b8644b326,https://www.linkedin.com/in/dhruvikinge
Aditya Mehra,Ankita Ghosh,"8/17/26, 7:36 AM",,OUTGOING,https://www.linkedin.com/in/aditya-mehra-b8644b326,https://www.linkedin.com/in/ankita-ghosh-anki23
Aditya Mehra,Archana S,"8/17/26, 7:36 AM",,OUTGOING,https://www.linkedin.com/in/aditya-mehra-b8644b326,https://www.linkedin.com/in/archana-s-15ba01249
Aditya Mehra,Isiri N,"8/17/26, 7:36 AM",,OUTGOING,https://www.linkedin.com/in/aditya-mehra-b8644b326,https://www.linkedin.com/in/isiri-n-97809431b
Aditya Mehra,Sumbul Faizani,"8/17/26, 7:36 AM",,OUTGOING,https://www.linkedin.com/in/aditya-mehra-b8644b326,https://www.linkedin.com/in/sumbul-faizani-11b01a301
Aditya Mehra,Arrzuman Saniya,"8/17/26, 7:36 AM",,OUTGOING,https://www.linkedin.com/in/aditya-mehra-b8644b326,https://www.linkedin.com/in/arrzuman-saniya
Aditya Mehra,Roopali hulswar,"8/17/26, 7:36 AM",,OUTGOING,https://www.linkedin.com/in/aditya-mehra-b8644b326,https://www.linkedin.com/in/roopali-hulswar-60376829b
Aditya Mehra,Girijamba  Naragund,"8/17/26, 7:36 AM",,OUTGOING,https://www.linkedin.com/in/aditya-mehra-b8644b326,https://www.linkedin.com/in/girijamba-naragund-754017247
Aditya Mehra,Sampada Shinde,"8/17/26, 7:36 AM",,OUTGOING,https://www.linkedin.com/in/aditya-mehra-b8644b326,https://www.linkedin.com/in/sampada-s-a7774b31b
Aditya Mehra,khushi Kumari,"8/17/26, 7:36 AM",,OUTGOING,https://www.linkedin.com/in/aditya-mehra-b8644b326,https://www.linkedin.com/in/khushi-kumari-a29558379
Aditya Mehra,Smruti Deshpande,"8/17/26, 7:36 AM",,OUTGOING,https://www.linkedin.com/in/aditya-mehra-b8644b326,https://www.linkedin.com/in/smruti-deshpande-abb2371a9
Aditya Mehra,Ritika Nagdev,"8/17/26, 7:36 AM",,OUTGOING,https://www.linkedin.com/in/aditya-mehra-b8644b326,https://www.linkedin.com/in/ritika-nagdev-324955304
Aditya Mehra,Keerthana S,"8/17/26, 7:36 AM",,OUTGOING,https://www.linkedin.com/in/aditya-mehra-b8644b326,https://www.linkedin.com/in/keerthanashashi
Aditya Mehra,Itasha Palit,"8/17/26, 7:35 AM",,OUTGOING,https://www.linkedin.com/in/aditya-mehra-b8644b326,https://www.linkedin.com/in/itasha-palit-a047882b5
Aditya Mehra,Shwetha M,"8/17/26, 7:35 AM",,OUTGOING,https://www.linkedin.com/in/aditya-mehra-b8644b326,https://www.linkedin.com/in/shweatwork
Aditya Mehra,Shranya Sharma,"8/17/26, 7:36 AM",,OUTGOING,https://www.linkedin.com/in/aditya-mehra-b8644b326,https://www.linkedin.com/in/shranya-sharma-a308a9423
Aditya Mehra,Isha Singh,"8/17/26, 7:36 AM",,OUTGOING,https://www.linkedin.com/in/aditya-mehra-b8644b326,https://www.linkedin.com/in/isha-singh-b5a54936b
Aditya Mehra,Saanvi Mishra,"8/17/26, 7:36 AM",,OUTGOING,https://www.linkedin.com/in/aditya-mehra-b8644b326,https://www.linkedin.com/in/saanvi-mishra-5b68a8361
Aditya Mehra,Sahana Gowda,"8/17/26, 7:36 AM",,OUTGOING,https://www.linkedin.com/in/aditya-mehra-b8644b326,https://www.linkedin.com/in/sahana-gowda-0a034b263
Aditya Mehra,RICHA JIMMY,"8/17/26, 7:36 AM",,OUTGOING,https://www.linkedin.com/in/aditya-mehra-b8644b326,https://www.linkedin.com/in/richajimmy
Aditya Mehra,Sakshi R,"8/17/26, 7:36 AM",,OUTGOING,https://www.linkedin.com/in/aditya-mehra-b8644b326,https://www.linkedin.com/in/sakshi-r-1a8374380
Aditya Mehra,Megha Saha,"8/17/26, 7:36 AM",,OUTGOING,https://www.linkedin.com/in/aditya-mehra-b8644b326,https://www.linkedin.com/in/megha-saha-aa1278227
Aditya Mehra,VANSHIKA KASHYAP,"8/17/26, 7:35 AM",,OUTGOING,https://www.linkedin.com/in/aditya-mehra-b8644b326,https://www.linkedin.com/in/vanshika-kashyap-a5a16929a
Aditya Mehra,Lakshana S,"8/17/26, 7:35 AM",,OUTGOING,https://www.linkedin.com/in/aditya-mehra-b8644b326,https://www.linkedin.com/in/lakshana-s-0b0489286
Aditya Mehra,Moina Mohammed,"8/17/26, 7:36 AM",,OUTGOING,https://www.linkedin.com/in/aditya-mehra-b8644b326,https://www.linkedin.com/in/moina-mohammed-95a30a333
Aditya Mehra,Ans Roshan,"8/17/26, 7:35 AM",,OUTGOING,https://www.linkedin.com/in/aditya-mehra-b8644b326,https://www.linkedin.com/in/ansroshan
Aditya Mehra,Akhila A,"8/17/26, 7:36 AM",,OUTGOING,https://www.linkedin.com/in/aditya-mehra-b8644b326,https://www.linkedin.com/in/akhila-a-3230b7385
Aditya Mehra,ANUSHREE MAZUMDAR,"8/17/26, 7:36 AM",,OUTGOING,https://www.linkedin.com/in/aditya-mehra-b8644b326,https://www.linkedin.com/in/anushree-mazumdar-66a575390
Aditya Mehra,Kirthi Ravikumar,"8/17/26, 7:35 AM",,OUTGOING,https://www.linkedin.com/in/aditya-mehra-b8644b326,https://www.linkedin.com/in/kirthi-ravikumar-a510a83a6
Aditya Mehra,Swetha Kotam,"8/17/26, 7:35 AM",,OUTGOING,https://www.linkedin.com/in/aditya-mehra-b8644b326,https://www.linkedin.com/in/swetha-kotam-972400313
Aditya Mehra,Taneeshaa M,"8/17/26, 7:36 AM",,OUTGOING,https://www.linkedin.com/in/aditya-mehra-b8644b326,https://www.linkedin.com/in/taneeshaa-m
Aditya Mehra,Vineela Adabala,"8/17/26, 7:35 AM",,OUTGOING,https://www.linkedin.com/in/aditya-mehra-b8644b326,https://www.linkedin.com/in/vineela-adabala-46a933237
Aditya Mehra,Swathi Kumari G,"8/17/26, 7:36 AM",,OUTGOING,https://www.linkedin.com/in/aditya-mehra-b8644b326,https://www.linkedin.com/in/swathi-kumari-g-068a80318
Aditya Mehra,Maitreyi Rathi,"8/17/26, 7:36 AM",,OUTGOING,https://www.linkedin.com/in/aditya-mehra-b8644b326,https://www.linkedin.com/in/maitreyi-rathi-649443282
Aditya Mehra,Divya Singh,"8/17/26, 7:35 AM",,OUTGOING,https://www.linkedin.com/in/aditya-mehra-b8644b326,https://www.linkedin.com/in/divya-singh-b25102294
Aditya Mehra,Nagaveni Naik,"8/17/26, 7:35 AM",,OUTGOING,https://www.linkedin.com/in/aditya-mehra-b8644b326,https://www.linkedin.com/in/nagaveni-naik-6171a937b
Aditya Mehra,Rushali Gupta,"8/17/26, 7:35 AM",,OUTGOING,https://www.linkedin.com/in/aditya-mehra-b8644b326,https://www.linkedin.com/in/rushali-gupta-8652a0218
Aditya Mehra,Rakshitha Ynr,"8/17/26, 7:35 AM",,OUTGOING,https://www.linkedin.com/in/aditya-mehra-b8644b326,https://www.linkedin.com/in/rakshitha-ynr-a2986a349
Aditya Mehra,Aryaa Parvathi,"8/17/26, 7:35 AM",,OUTGOING,https://www.linkedin.com/in/aditya-mehra-b8644b326,https://www.linkedin.com/in/aryaa-parvathi-aa80b627b
Aditya Mehra,Disha M D,"8/17/26, 7:35 AM",,OUTGOING,https://www.linkedin.com/in/aditya-mehra-b8644b326,https://www.linkedin.com/in/disha-m-d-4b9065349
Aditya Mehra,Anjali Bardia,"8/17/26, 7:35 AM",,OUTGOING,https://www.linkedin.com/in/aditya-mehra-b8644b326,https://www.linkedin.com/in/anjali-bardia-732361300
Aditya Mehra,Rachel Varghese,"8/17/26, 7:35 AM",,OUTGOING,https://www.linkedin.com/in/aditya-mehra-b8644b326,https://www.linkedin.com/in/rachel-varghese-b218182b7
Aditya Mehra,Aditi Mishra,"8/17/26, 7:35 AM",,OUTGOING,https://www.linkedin.com/in/aditya-mehra-b8644b326,https://www.linkedin.com/in/aditi-mishra-468b5b284
Aditya Mehra,Yana Fanasiya,"8/17/26, 7:35 AM",,OUTGOING,https://www.linkedin.com/in/aditya-mehra-b8644b326,https://www.linkedin.com/in/yana-fanasiya-3b4700360
Aditya Mehra,Madhavi  Sanskriti,"8/17/26, 7:35 AM",,OUTGOING,https://www.linkedin.com/in/aditya-mehra-b8644b326,https://www.linkedin.com/in/madhavi-sanskriti-3a6bba22a
Aditya Mehra,Himani Malhotra,"8/17/26, 7:35 AM",,OUTGOING,https://www.linkedin.com/in/aditya-mehra-b8644b326,https://www.linkedin.com/in/himani-malhotra-77618a359
Aditya Mehra,Mrunal Kevale,"8/17/26, 7:35 AM",,OUTGOING,https://www.linkedin.com/in/aditya-mehra-b8644b326,https://www.linkedin.com/in/mrunal-kevale
Aditya Mehra,Nikarika M Vaserger,"8/17/26, 7:35 AM",,OUTGOING,https://www.linkedin.com/in/aditya-mehra-b8644b326,https://www.linkedin.com/in/nikarikamvaserger
Aditya Mehra,Sonali  Roy,"8/17/26, 7:35 AM",,OUTGOING,https://www.linkedin.com/in/aditya-mehra-b8644b326,https://www.linkedin.com/in/sonali-roy-99b60b1a9
Aditya Mehra,Sushmitha K R,"8/17/26, 7:35 AM",,OUTGOING,https://www.linkedin.com/in/aditya-mehra-b8644b326,https://www.linkedin.com/in/sushmitha-k-r-487802294
Aditya Mehra,Manju Bhatt,"8/17/26, 7:35 AM",,OUTGOING,https://www.linkedin.com/in/aditya-mehra-b8644b326,https://www.linkedin.com/in/manju-bhatt-0584bb172
Aditya Mehra,Chaitra Bulli,"8/17/26, 7:35 AM",,OUTGOING,https://www.linkedin.com/in/aditya-mehra-b8644b326,https://www.linkedin.com/in/chaitra-bulli-b8518432a
Aditya Mehra,Anusha A,"8/17/26, 7:35 AM",,OUTGOING,https://www.linkedin.com/in/aditya-mehra-b8644b326,https://www.linkedin.com/in/anusha-a-964b74294
Aditya Mehra,Laxmi Ganiger,"8/17/26, 7:35 AM",,OUTGOING,https://www.linkedin.com/in/aditya-mehra-b8644b326,https://www.linkedin.com/in/laxmi-ganiger-b01a1a339
Aditya Mehra,Ayesha Shaw,"8/17/26, 7:35 AM",,OUTGOING,https://www.linkedin.com/in/aditya-mehra-b8644b326,https://www.linkedin.com/in/ayesha-shaw-aab534261
Aditya Mehra,Bhavya Singh,"8/17/26, 7:35 AM",,OUTGOING,https://www.linkedin.com/in/aditya-mehra-b8644b326,https://www.linkedin.com/in/bhavya-singh-858a991ba
Aditya Mehra,Dewashri Kadu,"8/17/26, 7:35 AM",,OUTGOING,https://www.linkedin.com/in/aditya-mehra-b8644b326,https://www.linkedin.com/in/dewashri-kadu-622048213
Aditya Mehra,Vaidehi Deshmukh,"8/17/26, 7:35 AM",,OUTGOING,https://www.linkedin.com/in/aditya-mehra-b8644b326,https://www.linkedin.com/in/vaidehi-deshmukh-19917423a
Aditya Mehra,Aanya tripathi,"8/17/26, 7:35 AM",,OUTGOING,https://www.linkedin.com/in/aditya-mehra-b8644b326,https://www.linkedin.com/in/aanya-tripathi-a94053313
Aditya Mehra,Syeda Tasnima Afreen,"8/17/26, 7:35 AM",,OUTGOING,https://www.linkedin.com/in/aditya-mehra-b8644b326,https://www.linkedin.com/in/syeda-tasnima-afreen-024757214
Aditya Mehra,KOVVURI GOLEKYA REDDY,"8/17/26, 7:35 AM",,OUTGOING,https://www.linkedin.com/in/aditya-mehra-b8644b326,https://www.linkedin.com/in/golekyareddykovvuri
Aditya Mehra,Monika Suthar,"8/17/26, 7:35 AM",,OUTGOING,https://www.linkedin.com/in/aditya-mehra-b8644b326,https://www.linkedin.com/in/sutharmonika
Aditya Mehra,Taruni Agrawal,"8/17/26, 7:35 AM",,OUTGOING,https://www.linkedin.com/in/aditya-mehra-b8644b326,https://www.linkedin.com/in/taruniagrawal
Aditya Mehra,Nandhitha Reddy,"8/17/26, 7:35 AM",,OUTGOING,https://www.linkedin.com/in/aditya-mehra-b8644b326,https://www.linkedin.com/in/nandhitha-reddy-0b9023346
Aditya Mehra,Poorvi Dubey,"8/17/26, 7:35 AM",,OUTGOING,https://www.linkedin.com/in/aditya-mehra-b8644b326,https://www.linkedin.com/in/poorvi-dubey-a86b03354
Aditya Mehra,Aishwarya Dubey,"8/17/26, 7:35 AM",,OUTGOING,https://www.linkedin.com/in/aditya-mehra-b8644b326,https://www.linkedin.com/in/aishwarya-dubey-523b621a6
Aditya Mehra,Lakshita Khandelwal,"8/17/26, 7:35 AM",,OUTGOING,https://www.linkedin.com/in/aditya-mehra-b8644b326,https://www.linkedin.com/in/lakshita-khandelwal-4276b3383
Aditya Mehra,Adithi Nakshathri S,"8/17/26, 7:35 AM",,OUTGOING,https://www.linkedin.com/in/aditya-mehra-b8644b326,https://www.linkedin.com/in/adithi-nakshathri-s-25b385229
Aditya Mehra,Debosmita Saha,"8/17/26, 7:34 AM",,OUTGOING,https://www.linkedin.com/in/aditya-mehra-b8644b326,https://www.linkedin.com/in/debosmita-saha22
Aditya Mehra,Sindhu Priya Ananthula,"8/17/26, 7:34 AM",,OUTGOING,https://www.linkedin.com/in/aditya-mehra-b8644b326,https://www.linkedin.com/in/sindhu-priya-ananthula-b581852a1
Aditya Mehra,Vaishnavi Kodolli,"8/17/26, 7:34 AM",,OUTGOING,https://www.linkedin.com/in/aditya-mehra-b8644b326,https://www.linkedin.com/in/vaishnavi-kodolli-1a5331351
Aditya Mehra,Shruti Mhaskar,"8/17/26, 7:34 AM",,OUTGOING,https://www.linkedin.com/in/aditya-mehra-b8644b326,https://www.linkedin.com/in/shrutimhaskar
Aditya Mehra,Nayana katwe,"8/17/26, 7:34 AM",,OUTGOING,https://www.linkedin.com/in/aditya-mehra-b8644b326,https://www.linkedin.com/in/nayana-katwe-680413373
Aditya Mehra,Pranjal Tilokani,"8/17/26, 7:34 AM",,OUTGOING,https://www.linkedin.com/in/aditya-mehra-b8644b326,https://www.linkedin.com/in/pranjal-tilokani-4740a1362
Aditya Mehra,Rishita Sharma,"8/17/26, 7:34 AM",,OUTGOING,https://www.linkedin.com/in/aditya-mehra-b8644b326,https://www.linkedin.com/in/rishitasharmaanalytics
Aditya Mehra,Anjana Priya D,"8/17/26, 7:34 AM",,OUTGOING,https://www.linkedin.com/in/aditya-mehra-b8644b326,https://www.linkedin.com/in/anjana-priya-d-8a0ab0215
Aditya Mehra,Sriparna Banerjee,"8/17/26, 7:34 AM",,OUTGOING,https://www.linkedin.com/in/aditya-mehra-b8644b326,https://www.linkedin.com/in/sriparna-banerjee-95872b216
Aditya Mehra,Jigyasa  Pandey,"8/17/26, 7:34 AM",,OUTGOING,https://www.linkedin.com/in/aditya-mehra-b8644b326,https://www.linkedin.com/in/jigyasa-pandey-1ab529328
Aditya Mehra,Divya Rane,"8/17/26, 7:34 AM",,OUTGOING,https://www.linkedin.com/in/aditya-mehra-b8644b326,https://www.linkedin.com/in/divya-rane-181b19372
Aditya Mehra,Trupti Shivalli,"8/17/26, 7:34 AM",,OUTGOING,https://www.linkedin.com/in/aditya-mehra-b8644b326,https://www.linkedin.com/in/trupti-shivalli-20a22932a
Aditya Mehra,Preeti Patil,"8/17/26, 7:34 AM",,OUTGOING,https://www.linkedin.com/in/aditya-mehra-b8644b326,https://www.linkedin.com/in/preeti-patil-4413a1324
Aditya Mehra,Anushree Bhattacharyya,"8/17/26, 7:34 AM",,OUTGOING,https://www.linkedin.com/in/aditya-mehra-b8644b326,https://www.linkedin.com/in/anushree-bhattacharyya-9948742a6
Aditya Mehra,Stefy Mathew,"8/17/26, 7:34 AM",,OUTGOING,https://www.linkedin.com/in/aditya-mehra-b8644b326,https://www.linkedin.com/in/stefy-mathew-405564218
Aditya Mehra,Lavanya  S Patil,"8/17/26, 7:34 AM",,OUTGOING,https://www.linkedin.com/in/aditya-mehra-b8644b326,https://www.linkedin.com/in/lavanya-s-patil
Aditya Mehra,Ditrisha Bose,"8/17/26, 7:34 AM",,OUTGOING,https://www.linkedin.com/in/aditya-mehra-b8644b326,https://www.linkedin.com/in/ditrisha-bose
Aditya Mehra,Soumya Maloo Jain,"8/17/26, 7:34 AM",,OUTGOING,https://www.linkedin.com/in/aditya-mehra-b8644b326,https://www.linkedin.com/in/soumya-maloo-jain-00a95b272
Aditya Mehra,Rashmi Yadav,"8/17/26, 7:34 AM",,OUTGOING,https://www.linkedin.com/in/aditya-mehra-b8644b326,https://www.linkedin.com/in/rashmi-yadav-ab1b22375
Aditya Mehra,Urvi Chawla,"8/17/26, 7:34 AM",,OUTGOING,https://www.linkedin.com/in/aditya-mehra-b8644b326,https://www.linkedin.com/in/urvi-chawla-b22405214
Aditya Mehra,"Meghana Rajeev, GMBPsS","8/17/26, 7:34 AM",,OUTGOING,https://www.linkedin.com/in/aditya-mehra-b8644b326,https://www.linkedin.com/in/meghanarajeev
Aditya Mehra,Preeti Bhatt,"8/17/26, 7:34 AM",,OUTGOING,https://www.linkedin.com/in/aditya-mehra-b8644b326,https://www.linkedin.com/in/preeti-bhatt-52b849140
Aditya Mehra,Navdha Sharma,"8/17/26, 7:34 AM",,OUTGOING,https://www.linkedin.com/in/aditya-mehra-b8644b326,https://www.linkedin.com/in/navdha-a-sharma
Aditya Mehra,Shivanshi Dutta,"8/17/26, 7:34 AM",,OUTGOING,https://www.linkedin.com/in/aditya-mehra-b8644b326,https://www.linkedin.com/in/shivanshi-dutta-b0b6b6266
Aditya Mehra,Khushi Raju,"8/17/26, 7:34 AM",,OUTGOING,https://www.linkedin.com/in/aditya-mehra-b8644b326,https://www.linkedin.com/in/khushi-raju-184427321
Aditya Mehra,Amritha Biju,"8/17/26, 7:34 AM",,OUTGOING,https://www.linkedin.com/in/aditya-mehra-b8644b326,https://www.linkedin.com/in/amritha1127
Aditya Mehra,Nithya Reddy,"8/17/26, 7:34 AM",,OUTGOING,https://www.linkedin.com/in/aditya-mehra-b8644b326,https://www.linkedin.com/in/nithya-reddy-87a063202
Aditya Mehra,Deblina Chakravarty,"8/17/26, 7:34 AM",,OUTGOING,https://www.linkedin.com/in/aditya-mehra-b8644b326,https://www.linkedin.com/in/deblina-chakravarty-2b8499286
Aditya Mehra,Ankita Mallik,"8/17/26, 7:34 AM",,OUTGOING,https://www.linkedin.com/in/aditya-mehra-b8644b326,https://www.linkedin.com/in/ankita-mallik-730565225
Aditya Mehra,SANGEETHA GOWDA,"8/17/26, 7:34 AM",,OUTGOING,https://www.linkedin.com/in/aditya-mehra-b8644b326,https://www.linkedin.com/in/sangeetha-gowda-69a9501ab
Aditya Mehra,Inchara N,"8/17/26, 7:34 AM",,OUTGOING,https://www.linkedin.com/in/aditya-mehra-b8644b326,https://www.linkedin.com/in/inchara-n-8052522a5
Aditya Mehra,Sanjivani Tripathi,"8/17/26, 7:34 AM",,OUTGOING,https://www.linkedin.com/in/aditya-mehra-b8644b326,https://www.linkedin.com/in/sanjivani-tripathi11
Aditya Mehra,"Aishwarya Arya, MBA, PMP","8/17/26, 7:34 AM",,OUTGOING,https://www.linkedin.com/in/aditya-mehra-b8644b326,https://www.linkedin.com/in/aishwarya-arya
Aditya Mehra,Adrija Hazra,"8/17/26, 7:34 AM",,OUTGOING,https://www.linkedin.com/in/aditya-mehra-b8644b326,https://www.linkedin.com/in/adrija-hazra-a65a81308
Aditya Mehra,Shambhavi Sharma,"8/17/26, 7:34 AM",,OUTGOING,https://www.linkedin.com/in/aditya-mehra-b8644b326,https://www.linkedin.com/in/shambhavi-sharma-a4a85824b
Aditya Mehra,Vinodhini Bala,"8/17/26, 7:34 AM",,OUTGOING,https://www.linkedin.com/in/aditya-mehra-b8644b326,https://www.linkedin.com/in/vinodhini-bala-24b5aa1a3
Aditya Mehra,Harshitha Rapaka,"8/17/26, 7:34 AM",,OUTGOING,https://www.linkedin.com/in/aditya-mehra-b8644b326,https://www.linkedin.com/in/harshitha-rapaka
Aditya Mehra,Gayathri Vishwanath,"8/17/26, 7:34 AM",,OUTGOING,https://www.linkedin.com/in/aditya-mehra-b8644b326,https://www.linkedin.com/in/gayathri-vishwanath
Aditya Mehra,Zahraa  Ilyas,"8/17/26, 7:34 AM",,OUTGOING,https://www.linkedin.com/in/aditya-mehra-b8644b326,https://www.linkedin.com/in/zahraa-ilyas-321398297
Aditya Mehra,Jhanavi Kannan,"8/17/26, 7:34 AM",,OUTGOING,https://www.linkedin.com/in/aditya-mehra-b8644b326,https://www.linkedin.com/in/jhanavikannan
Aditya Mehra,Alankrati Shinde,"8/17/26, 7:33 AM",,OUTGOING,https://www.linkedin.com/in/aditya-mehra-b8644b326,https://www.linkedin.com/in/alankratishinde317
Aditya Mehra,Soumya Kadkol,"8/17/26, 7:34 AM",,OUTGOING,https://www.linkedin.com/in/aditya-mehra-b8644b326,https://www.linkedin.com/in/soumya-kadkol-637072245
Aditya Mehra,Meghana P,"8/17/26, 7:34 AM",,OUTGOING,https://www.linkedin.com/in/aditya-mehra-b8644b326,https://www.linkedin.com/in/meghana-p910
Aditya Mehra,Jessica Thomas,"8/17/26, 7:34 AM",,OUTGOING,https://www.linkedin.com/in/aditya-mehra-b8644b326,https://www.linkedin.com/in/jessica-thomas-29a5721ba
Aditya Mehra,Maria Tresa,"8/17/26, 7:33 AM",,OUTGOING,https://www.linkedin.com/in/aditya-mehra-b8644b326,https://www.linkedin.com/in/maria-tresa
Aditya Mehra,Kriti Kumari,"8/17/26, 7:34 AM",,OUTGOING,https://www.linkedin.com/in/aditya-mehra-b8644b326,https://www.linkedin.com/in/kriti-kumari-462511287
Aditya Mehra,Charlotte McNee,"8/17/26, 7:34 AM",,OUTGOING,https://www.linkedin.com/in/aditya-mehra-b8644b326,https://www.linkedin.com/in/charlottemcnee
Aditya Mehra,CA Nikki Sahal,"8/17/26, 7:34 AM",,OUTGOING,https://www.linkedin.com/in/aditya-mehra-b8644b326,https://www.linkedin.com/in/ca-nikki-sahal-a40789266
Aditya Mehra,Shruti Mukherjee,"8/17/26, 7:33 AM",,OUTGOING,https://www.linkedin.com/in/aditya-mehra-b8644b326,https://www.linkedin.com/in/shruti-mukherjee-48a741256
Aditya Mehra,Keerthana V,"8/17/26, 7:33 AM",,OUTGOING,https://www.linkedin.com/in/aditya-mehra-b8644b326,https://www.linkedin.com/in/keerthana-v-a75a89255
Aditya Mehra,Disha Chandra,"8/17/26, 7:33 AM",,OUTGOING,https://www.linkedin.com/in/aditya-mehra-b8644b326,https://www.linkedin.com/in/disha-chandra-47145b238
Aditya Mehra,Avni Karan,"8/17/26, 7:31 AM",,OUTGOING,https://www.linkedin.com/in/aditya-mehra-b8644b326,https://www.linkedin.com/in/avni-karan-79a394117
Aditya Mehra,Pragya Nagpal,"8/17/26, 7:31 AM",,OUTGOING,https://www.linkedin.com/in/aditya-mehra-b8644b326,https://www.linkedin.com/in/pragya-nagpal-99492490
Aditya Mehra,Sai Shruthi S,"8/17/26, 7:31 AM",,OUTGOING,https://www.linkedin.com/in/aditya-mehra-b8644b326,https://www.linkedin.com/in/sai-shruthi-s-6652a81a2
Aditya Mehra,Keerthana Saravanan,"8/17/26, 7:31 AM",,OUTGOING,https://www.linkedin.com/in/aditya-mehra-b8644b326,https://www.linkedin.com/in/keerthana-saravanan-2b7246142
Aditya Mehra,"Kriti Kanoria,CFA ","8/17/26, 7:31 AM",,OUTGOING,https://www.linkedin.com/in/aditya-mehra-b8644b326,https://www.linkedin.com/in/kriti-kanoria
Aditya Mehra,KAVYA S V,"8/17/26, 7:30 AM",,OUTGOING,https://www.linkedin.com/in/aditya-mehra-b8644b326,https://www.linkedin.com/in/kavya-s-v
Aditya Mehra,Ritika Turkhede,"8/17/26, 7:30 AM",,OUTGOING,https://www.linkedin.com/in/aditya-mehra-b8644b326,https://www.linkedin.com/in/ritika-turkhede
Aditya Mehra,Anshika Awasthi,"8/17/26, 7:30 AM",,OUTGOING,https://www.linkedin.com/in/aditya-mehra-b8644b326,https://www.linkedin.com/in/anshika-awasthi-86a047165
Aditya Mehra,Gyata Jain,"8/17/26, 7:30 AM",,OUTGOING,https://www.linkedin.com/in/aditya-mehra-b8644b326,https://www.linkedin.com/in/gyata-jain-21804b228
Aditya Mehra,Uditi Dedhia,"8/17/26, 7:30 AM",,OUTGOING,https://www.linkedin.com/in/aditya-mehra-b8644b326,https://www.linkedin.com/in/uditi-dedhia-b9a849213
Aditya Mehra,Madhumita  V Kulkarni,"8/17/26, 7:30 AM",,OUTGOING,https://www.linkedin.com/in/aditya-mehra-b8644b326,https://www.linkedin.com/in/madhumita-v-kulkarni-6746781b3
Aditya Mehra,Tejashree A,"8/17/26, 7:30 AM",,OUTGOING,https://www.linkedin.com/in/aditya-mehra-b8644b326,https://www.linkedin.com/in/atejashree
Aditya Mehra,"Rinu Pereira, CAMS","8/17/26, 7:30 AM",,OUTGOING,https://www.linkedin.com/in/aditya-mehra-b8644b326,https://www.linkedin.com/in/rinu-pereira
Aditya Mehra,Naadia Ghalib Sheriff,"8/17/26, 7:30 AM",,OUTGOING,https://www.linkedin.com/in/aditya-mehra-b8644b326,https://www.linkedin.com/in/naadia-ghalib-sheriff
Aditya Mehra,Kalyani Pillai,"8/17/26, 7:30 AM",,OUTGOING,https://www.linkedin.com/in/aditya-mehra-b8644b326,https://www.linkedin.com/in/kalyanipillai2005
Aditya Mehra,Shreya Roy,"8/17/26, 7:29 AM",,OUTGOING,https://www.linkedin.com/in/aditya-mehra-b8644b326,https://www.linkedin.com/in/shreya-roy-14745628a
Aditya Mehra,Keerthana  Gowda,"8/17/26, 7:30 AM",,OUTGOING,https://www.linkedin.com/in/aditya-mehra-b8644b326,https://www.linkedin.com/in/keerthana-gowda-65a497196
Aditya Mehra,Nikitha Dasari,"8/17/26, 7:29 AM",,OUTGOING,https://www.linkedin.com/in/aditya-mehra-b8644b326,https://www.linkedin.com/in/nikitha-dasari-b18714103
Aditya Mehra,Sherina Samtani,"8/17/26, 7:29 AM",,OUTGOING,https://www.linkedin.com/in/aditya-mehra-b8644b326,https://www.linkedin.com/in/sherina-samtani-
Aditya Mehra, Syed Sumbul Shahbaz,"8/17/26, 7:29 AM",,OUTGOING,https://www.linkedin.com/in/aditya-mehra-b8644b326,https://www.linkedin.com/in/syed-sumbul-shahbaz-b53210107
Aditya Mehra,Anup Laxmipur,"8/17/26, 7:29 AM",,OUTGOING,https://www.linkedin.com/in/aditya-mehra-b8644b326,https://www.linkedin.com/in/anup-laxmipur
Aditya Mehra,Pallavi Kushwaha,"8/17/26, 7:29 AM",,OUTGOING,https://www.linkedin.com/in/aditya-mehra-b8644b326,https://www.linkedin.com/in/pallavikushwaha
Aditya Mehra,Rakshita Agarwal,"8/17/26, 7:28 AM",,OUTGOING,https://www.linkedin.com/in/aditya-mehra-b8644b326,https://www.linkedin.com/in/rakshita-agarwal-a82354194
Aditya Mehra,Ananya Sindaghatta,"8/17/26, 7:28 AM",,OUTGOING,https://www.linkedin.com/in/aditya-mehra-b8644b326,https://www.linkedin.com/in/ananya-sindaghatta
Aditya Mehra,"Pamela Saha, CFA","8/17/26, 7:28 AM",,OUTGOING,https://www.linkedin.com/in/aditya-mehra-b8644b326,https://www.linkedin.com/in/pamela-saha-cfa-12a098bb
Aditya Mehra,Samriddhi  Rastogi,"8/17/26, 7:28 AM",,OUTGOING,https://www.linkedin.com/in/aditya-mehra-b8644b326,https://www.linkedin.com/in/samriddhi-rastogi-b92901284
Aditya Mehra,Diksha Chhalani,"8/17/26, 7:28 AM",,OUTGOING,https://www.linkedin.com/in/aditya-mehra-b8644b326,https://www.linkedin.com/in/diksha-chhalani-330788191
Aditya Mehra,Ashmita Yadav,"8/17/26, 7:28 AM",,OUTGOING,https://www.linkedin.com/in/aditya-mehra-b8644b326,https://www.linkedin.com/in/ashmitay167
Aditya Mehra,Amruta Jantali,"8/17/26, 7:28 AM",,OUTGOING,https://www.linkedin.com/in/aditya-mehra-b8644b326,https://www.linkedin.com/in/amruta-jantali-b2754825b
Aditya Mehra,Aarohi Mehrotra,"8/17/26, 7:28 AM",,OUTGOING,https://www.linkedin.com/in/aditya-mehra-b8644b326,https://www.linkedin.com/in/aarohimehrotra
Aditya Mehra,Aishwarya Singh,"8/17/26, 7:28 AM",,OUTGOING,https://www.linkedin.com/in/aditya-mehra-b8644b326,https://www.linkedin.com/in/aishwarya-singh-99571120b
Aditya Mehra,Arya Aishwarya,"8/17/26, 7:28 AM",,OUTGOING,https://www.linkedin.com/in/aditya-mehra-b8644b326,https://www.linkedin.com/in/aryaaishwarya
Aditya Mehra,Mahi Mody,"8/17/26, 7:28 AM",,OUTGOING,https://www.linkedin.com/in/aditya-mehra-b8644b326,https://www.linkedin.com/in/mahi-mody-84a5762a0
Aditya Mehra,Minka Bhargava,"8/17/26, 7:28 AM",,OUTGOING,https://www.linkedin.com/in/aditya-mehra-b8644b326,https://www.linkedin.com/in/minka-bhargava
Aditya Mehra,Ayesha Khan,"8/17/26, 7:27 AM",,OUTGOING,https://www.linkedin.com/in/aditya-mehra-b8644b326,https://www.linkedin.com/in/ayeshakhan04
Aditya Mehra,Omja Dwivedi,"8/17/26, 7:28 AM",,OUTGOING,https://www.linkedin.com/in/aditya-mehra-b8644b326,https://www.linkedin.com/in/omjadwivedi35
Aditya Mehra,Shreya D Nanda,"8/17/26, 7:28 AM",,OUTGOING,https://www.linkedin.com/in/aditya-mehra-b8644b326,https://www.linkedin.com/in/shreya-d-nanda
Aditya Mehra,Roshini C,"8/17/26, 7:27 AM",,OUTGOING,https://www.linkedin.com/in/aditya-mehra-b8644b326,https://www.linkedin.com/in/roshini-c-ai-ml-pm
Aditya Mehra,Akriti Upadhyay,"8/17/26, 7:27 AM",,OUTGOING,https://www.linkedin.com/in/aditya-mehra-b8644b326,https://www.linkedin.com/in/akriti-upadhyay-1b91322a0
Aditya Mehra,Sumedha Singh,"8/17/26, 7:27 AM",,OUTGOING,https://www.linkedin.com/in/aditya-mehra-b8644b326,https://www.linkedin.com/in/sumedha-singh-ab034725b
Aditya Mehra,Crystal O.,"8/17/26, 7:04 AM",,OUTGOING,https://www.linkedin.com/in/aditya-mehra-b8644b326,https://www.linkedin.com/in/crystaloommen
Aditya Mehra,Ayushi Mishra,"8/17/26, 7:04 AM",,OUTGOING,https://www.linkedin.com/in/aditya-mehra-b8644b326,https://www.linkedin.com/in/ayushi-mishra-2019
Aditya Mehra,Bijaya Sethi,"8/17/26, 7:03 AM",,OUTGOING,https://www.linkedin.com/in/aditya-mehra-b8644b326,https://www.linkedin.com/in/bijaya-sethi-23272313b
Aditya Mehra,Sandra Suresh,"8/17/26, 7:02 AM",,OUTGOING,https://www.linkedin.com/in/aditya-mehra-b8644b326,https://www.linkedin.com/in/sandrasuresh001
Aditya Mehra,Tanisha Sharma,"8/17/26, 7:02 AM",,OUTGOING,https://www.linkedin.com/in/aditya-mehra-b8644b326,https://www.linkedin.com/in/tanisha-sharma-4b20221b2
Aditya Mehra,Jisha S,"8/17/26, 7:02 AM",,OUTGOING,https://www.linkedin.com/in/aditya-mehra-b8644b326,https://www.linkedin.com/in/jisha-s-242227282
Aditya Mehra,Sejal Dixit,"8/17/26, 7:02 AM",,OUTGOING,https://www.linkedin.com/in/aditya-mehra-b8644b326,https://www.linkedin.com/in/sejal-dixit-20176019a
Aditya Mehra,Ramasubramanian Dharmaraj,"8/17/26, 7:02 AM",,OUTGOING,https://www.linkedin.com/in/aditya-mehra-b8644b326,https://www.linkedin.com/in/mani4142
Aditya Mehra,Juhi Saklani ,"8/17/26, 7:02 AM",,OUTGOING,https://www.linkedin.com/in/aditya-mehra-b8644b326,https://www.linkedin.com/in/juhi-saklani-361bb5215
Aditya Mehra,Neha Shekar,"8/17/26, 7:02 AM",,OUTGOING,https://www.linkedin.com/in/aditya-mehra-b8644b326,https://www.linkedin.com/in/neha-shekar-0a46b120b
Aditya Mehra,Rithika Miskin,"8/17/26, 7:02 AM",,OUTGOING,https://www.linkedin.com/in/aditya-mehra-b8644b326,https://www.linkedin.com/in/rithika-miskin-0739b1a6
Aditya Mehra,Ruma Gopani,"8/17/26, 7:02 AM",,OUTGOING,https://www.linkedin.com/in/aditya-mehra-b8644b326,https://www.linkedin.com/in/ruma-gopani-42117bb3
Aditya Mehra,Tanisha Agarwal,"8/17/26, 7:02 AM",,OUTGOING,https://www.linkedin.com/in/aditya-mehra-b8644b326,https://www.linkedin.com/in/tanisha-agarwal-5258627b
Aditya Mehra,Damini Singhal,"8/17/26, 7:02 AM",,OUTGOING,https://www.linkedin.com/in/aditya-mehra-b8644b326,https://www.linkedin.com/in/damini-singhal-a00a3162
Aditya Mehra,Aditi Sengupta,"8/17/26, 7:01 AM",,OUTGOING,https://www.linkedin.com/in/aditya-mehra-b8644b326,https://www.linkedin.com/in/aditi-sengupta-021291
Aditya Mehra,Naveena George,"8/17/26, 7:02 AM",,OUTGOING,https://www.linkedin.com/in/aditya-mehra-b8644b326,https://www.linkedin.com/in/naveena-george-162118138
Aditya Mehra,Ashreen Fazal,"8/17/26, 7:01 AM",,OUTGOING,https://www.linkedin.com/in/aditya-mehra-b8644b326,https://www.linkedin.com/in/ashreen-fazal-b9389059
Aditya Mehra,Velinka Alfonso,"8/17/26, 7:02 AM",,OUTGOING,https://www.linkedin.com/in/aditya-mehra-b8644b326,https://www.linkedin.com/in/velinka-alfonso-49a63369
Aditya Mehra,Anupriya Chatterjee,"8/17/26, 7:01 AM",,OUTGOING,https://www.linkedin.com/in/aditya-mehra-b8644b326,https://www.linkedin.com/in/anupriya-chatterjee
Aditya Mehra,Gnana Bharathi,"8/17/26, 7:01 AM",,OUTGOING,https://www.linkedin.com/in/aditya-mehra-b8644b326,https://www.linkedin.com/in/gnana-bharathi-936532260
Aditya Mehra,Jiya Yashaswi,"8/17/26, 7:01 AM",,OUTGOING,https://www.linkedin.com/in/aditya-mehra-b8644b326,https://www.linkedin.com/in/jiya-yashaswi-a20a69261
Aditya Mehra,Nikita Sharma,"8/17/26, 7:01 AM",,OUTGOING,https://www.linkedin.com/in/aditya-mehra-b8644b326,https://www.linkedin.com/in/nikita-sharma-73ab4918b
Aditya Mehra,Amrin Susan Thomas,"8/17/26, 7:00 AM",,OUTGOING,https://www.linkedin.com/in/aditya-mehra-b8644b326,https://www.linkedin.com/in/amrin-susan-thomas-966150406
Aditya Mehra,Swathi S,"8/17/26, 7:00 AM",,OUTGOING,https://www.linkedin.com/in/aditya-mehra-b8644b326,https://www.linkedin.com/in/swathis1963
Aditya Mehra,Chitranshi Agnihotri,"8/17/26, 7:00 AM",,OUTGOING,https://www.linkedin.com/in/aditya-mehra-b8644b326,https://www.linkedin.com/in/chitranshi-agnihotri-604809398
Aditya Mehra,Praakshi Ahuja,"8/17/26, 7:00 AM",,OUTGOING,https://www.linkedin.com/in/aditya-mehra-b8644b326,https://www.linkedin.com/in/praakshi24
Aditya Mehra,Manasvi Kirkire,"8/17/26, 7:00 AM",,OUTGOING,https://www.linkedin.com/in/aditya-mehra-b8644b326,https://www.linkedin.com/in/manasvi-kirkire-33688639b
Aditya Mehra,Geetika Gupta,"8/17/26, 7:00 AM",,OUTGOING,https://www.linkedin.com/in/aditya-mehra-b8644b326,https://www.linkedin.com/in/geetika-gupta-71a123289
Aditya Mehra,Keerthi Priya  G,"8/17/26, 7:00 AM",,OUTGOING,https://www.linkedin.com/in/aditya-mehra-b8644b326,https://www.linkedin.com/in/keerthi-priya-g-692b11373
Aditya Mehra,Aarushi Vishnu,"8/17/26, 7:00 AM",,OUTGOING,https://www.linkedin.com/in/aditya-mehra-b8644b326,https://www.linkedin.com/in/aarushi-vishnu-a20171429
Aditya Mehra,Amrit Kaur,"8/17/26, 7:00 AM",,OUTGOING,https://www.linkedin.com/in/aditya-mehra-b8644b326,https://www.linkedin.com/in/amrit-kaur-509101341
Aditya Mehra,SHIVANGI  KHURANA,"8/11/26, 1:48 AM",,OUTGOING,https://www.linkedin.com/in/aditya-mehra-b8644b326,https://www.linkedin.com/in/shivangi-khurana-a053a031a
Aditya Mehra,Manasi Marathe,"8/11/26, 1:48 AM",,OUTGOING,https://www.linkedin.com/in/aditya-mehra-b8644b326,https://www.linkedin.com/in/manasi-marathe
Aditya Mehra,Mansi -,"8/11/26, 1:48 AM",,OUTGOING,https://www.linkedin.com/in/aditya-mehra-b8644b326,https://www.linkedin.com/in/mansi-
Aditya Mehra,Dipsikha Mazumdar,"8/11/26, 1:48 AM",,OUTGOING,https://www.linkedin.com/in/aditya-mehra-b8644b326,https://www.linkedin.com/in/dipsikha-mazumdar
Aditya Mehra,Vanshika Shobhnani,"8/11/26, 1:48 AM",,OUTGOING,https://www.linkedin.com/in/aditya-mehra-b8644b326,https://www.linkedin.com/in/vanshika-shobhnani-938b0a282
Aditya Mehra,Janvi Rakhecha,"8/11/26, 1:48 AM",,OUTGOING,https://www.linkedin.com/in/aditya-mehra-b8644b326,https://www.linkedin.com/in/janvi-rakhecha-55959022a
Aditya Mehra,Saumya Verma,"8/11/26, 1:48 AM",,OUTGOING,https://www.linkedin.com/in/aditya-mehra-b8644b326,https://www.linkedin.com/in/saumya-verma-0738211a9
Aditya Mehra,Ananya Paul,"8/11/26, 1:48 AM",,OUTGOING,https://www.linkedin.com/in/aditya-mehra-b8644b326,https://www.linkedin.com/in/ananya-paul-289924278
Aditya Mehra,Bandhavya .,"8/11/26, 1:47 AM",,OUTGOING,https://www.linkedin.com/in/aditya-mehra-b8644b326,https://www.linkedin.com/in/bandhavya-19810540a
Aditya Mehra,Kanisha S,"8/11/26, 1:47 AM",,OUTGOING,https://www.linkedin.com/in/aditya-mehra-b8644b326,https://www.linkedin.com/in/kanisha-s-944815245
Aditya Mehra,Ridhima Dubey,"8/11/26, 1:47 AM",,OUTGOING,https://www.linkedin.com/in/aditya-mehra-b8644b326,https://www.linkedin.com/in/ridhima-dubey-4ab632226
Aditya Mehra,Payal Kumari,"8/11/26, 1:47 AM",,OUTGOING,https://www.linkedin.com/in/aditya-mehra-b8644b326,https://www.linkedin.com/in/payal-kumari-87134225b
Aditya Mehra,Kashish Singh,"8/11/26, 1:47 AM",,OUTGOING,https://www.linkedin.com/in/aditya-mehra-b8644b326,https://www.linkedin.com/in/kashish-singh-705263300
Aditya Mehra,Krishlaya  Maitra,"8/11/26, 1:47 AM",,OUTGOING,https://www.linkedin.com/in/aditya-mehra-b8644b326,https://www.linkedin.com/in/krishlaya-maitra-9374b8217
Aditya Mehra,yashika bhardwaj,"8/11/26, 1:47 AM",,OUTGOING,https://www.linkedin.com/in/aditya-mehra-b8644b326,https://www.linkedin.com/in/yashika-bhardwaj-b8886b190
Aditya Mehra,Trisha S,"8/11/26, 1:47 AM",,OUTGOING,https://www.linkedin.com/in/aditya-mehra-b8644b326,https://www.linkedin.com/in/trisha-s-698298302
Aditya Mehra,Mishael Mariya Sunny,"8/11/26, 1:47 AM",,OUTGOING,https://www.linkedin.com/in/aditya-mehra-b8644b326,https://www.linkedin.com/in/mishael-mariya-sunny
Aditya Mehra,Nishtha Priyadarshi,"8/11/26, 1:47 AM",,OUTGOING,https://www.linkedin.com/in/aditya-mehra-b8644b326,https://www.linkedin.com/in/nishtha-priyadarshi-764250286
Aditya Mehra,Jaskamal Kaur,"8/11/26, 1:47 AM",,OUTGOING,https://www.linkedin.com/in/aditya-mehra-b8644b326,https://www.linkedin.com/in/jaskamal-kaur-3b12751a1
Aditya Mehra,Gurpreet Kaur,"8/11/26, 1:47 AM",,OUTGOING,https://www.linkedin.com/in/aditya-mehra-b8644b326,https://www.linkedin.com/in/gurpreet-kaur-a5837b305
Aditya Mehra,Sanskriti Vishwakarma,"8/11/26, 1:47 AM",,OUTGOING,https://www.linkedin.com/in/aditya-mehra-b8644b326,https://www.linkedin.com/in/sanskriti-vishwakarma-9b854934a
Aditya Mehra,Navnoor Bevli,"8/11/26, 1:47 AM",,OUTGOING,https://www.linkedin.com/in/aditya-mehra-b8644b326,https://www.linkedin.com/in/navnoorbevli
Aditya Mehra,Vidhi Baheti,"8/11/26, 1:47 AM",,OUTGOING,https://www.linkedin.com/in/aditya-mehra-b8644b326,https://www.linkedin.com/in/vidhi-baheti-279b4230a
Aditya Mehra,Ashwini R,"8/11/26, 1:47 AM",,OUTGOING,https://www.linkedin.com/in/aditya-mehra-b8644b326,https://www.linkedin.com/in/ashwini-r-a0976a3ab
Aditya Mehra,Ayushi  kumari,"8/11/26, 1:47 AM",,OUTGOING,https://www.linkedin.com/in/aditya-mehra-b8644b326,https://www.linkedin.com/in/ayushi-kumari-82308b222
Aditya Mehra,Ishita Mankotia,"8/11/26, 1:47 AM",,OUTGOING,https://www.linkedin.com/in/aditya-mehra-b8644b326,https://www.linkedin.com/in/ishita-mankotia-24661633b
Aditya Mehra,Shivangi Singh,"8/11/26, 1:47 AM",,OUTGOING,https://www.linkedin.com/in/aditya-mehra-b8644b326,https://www.linkedin.com/in/shivangi-singh-4aa448289
Aditya Mehra,krrish thakur,"8/11/26, 1:47 AM",,OUTGOING,https://www.linkedin.com/in/aditya-mehra-b8644b326,https://www.linkedin.com/in/krrish-thakur-1bb818267
Aditya Mehra,neha verma,"8/11/26, 1:47 AM",,OUTGOING,https://www.linkedin.com/in/aditya-mehra-b8644b326,https://www.linkedin.com/in/neha-verma-244490245
Aditya Mehra,Jelisha I,"8/11/26, 1:47 AM",,OUTGOING,https://www.linkedin.com/in/aditya-mehra-b8644b326,https://www.linkedin.com/in/jelisha-i-16462a344
Aditya Mehra,Dr Purna Ganguly Ahmad,"8/11/26, 1:47 AM",,OUTGOING,https://www.linkedin.com/in/aditya-mehra-b8644b326,https://www.linkedin.com/in/gangulypurna
Aditya Mehra,Anagha R,"8/11/26, 1:47 AM",,OUTGOING,https://www.linkedin.com/in/aditya-mehra-b8644b326,https://www.linkedin.com/in/anagha-r-4ba2973aa
Aditya Mehra,Apoorva Suresh,"8/11/26, 1:47 AM",,OUTGOING,https://www.linkedin.com/in/aditya-mehra-b8644b326,https://www.linkedin.com/in/apoorva-suresh-441b2725b
Aditya Mehra,Oishika Ghoshal,"8/11/26, 1:47 AM",,OUTGOING,https://www.linkedin.com/in/aditya-mehra-b8644b326,https://www.linkedin.com/in/oishika-ghoshal-2a7b42227
Aditya Mehra,Mansi Jangid,"8/11/26, 1:47 AM",,OUTGOING,https://www.linkedin.com/in/aditya-mehra-b8644b326,https://www.linkedin.com/in/mansi-jangid-965508320
Aditya Mehra,Diya Parmar,"8/11/26, 1:47 AM",,OUTGOING,https://www.linkedin.com/in/aditya-mehra-b8644b326,https://www.linkedin.com/in/diya-parmar-521404244
Aditya Mehra,Priya Kumari,"8/11/26, 1:47 AM",,OUTGOING,https://www.linkedin.com/in/aditya-mehra-b8644b326,https://www.linkedin.com/in/priya-kumari-4a2567221
Aditya Mehra,Deepshikha kumari,"8/11/26, 1:47 AM",,OUTGOING,https://www.linkedin.com/in/aditya-mehra-b8644b326,https://www.linkedin.com/in/deepshikha-kumari-202746326
Aditya Mehra,Nivedita Patel,"8/11/26, 1:47 AM",,OUTGOING,https://www.linkedin.com/in/aditya-mehra-b8644b326,https://www.linkedin.com/in/nivedita-patel-b61598272
Aditya Mehra,Sara N,"8/11/26, 1:47 AM",,OUTGOING,https://www.linkedin.com/in/aditya-mehra-b8644b326,https://www.linkedin.com/in/sara-n-65053887
Aditya Mehra,Nidhi Bajariya,"8/11/26, 1:47 AM",,OUTGOING,https://www.linkedin.com/in/aditya-mehra-b8644b326,https://www.linkedin.com/in/nidhi-bajariya3
Aditya Mehra,Sai Tanaya,"8/11/26, 1:47 AM",,OUTGOING,https://www.linkedin.com/in/aditya-mehra-b8644b326,https://www.linkedin.com/in/sai-tanaya17
Aditya Mehra,Palak Goyal,"8/11/26, 1:47 AM",,OUTGOING,https://www.linkedin.com/in/aditya-mehra-b8644b326,https://www.linkedin.com/in/palak-goyal-89027a229
Aditya Mehra,Simerpreet  Chhatwal,"8/11/26, 1:47 AM",,OUTGOING,https://www.linkedin.com/in/aditya-mehra-b8644b326,https://www.linkedin.com/in/simerpreet-chhatwal-955a47323
Aditya Mehra,Divya Lachheta,"8/11/26, 1:47 AM",,OUTGOING,https://www.linkedin.com/in/aditya-mehra-b8644b326,https://www.linkedin.com/in/divya-lachheta-398036194
Aditya Mehra,Kanak Khamora,"8/11/26, 1:46 AM",,OUTGOING,https://www.linkedin.com/in/aditya-mehra-b8644b326,https://www.linkedin.com/in/kanak-khamora-08b82b353
Aditya Mehra,Ishika Dewda,"8/11/26, 1:47 AM",,OUTGOING,https://www.linkedin.com/in/aditya-mehra-b8644b326,https://www.linkedin.com/in/ishika-dewda-4a7b15245
Aditya Mehra,Gunjan Thakkar,"8/11/26, 1:47 AM",,OUTGOING,https://www.linkedin.com/in/aditya-mehra-b8644b326,https://www.linkedin.com/in/gunjan-thakkar-6074a3236
Aditya Mehra,Angela Lydia,"8/11/26, 1:47 AM",,OUTGOING,https://www.linkedin.com/in/aditya-mehra-b8644b326,https://www.linkedin.com/in/angelalydia
Aditya Mehra,Anushri Kalaskar,"8/11/26, 1:47 AM",,OUTGOING,https://www.linkedin.com/in/aditya-mehra-b8644b326,https://www.linkedin.com/in/anushri-kalaskar0310
Aditya Mehra,Sharon Sundara,"8/11/26, 1:47 AM",,OUTGOING,https://www.linkedin.com/in/aditya-mehra-b8644b326,https://www.linkedin.com/in/sharon-sundara-974094410
Aditya Mehra,Anna Rose T. J,"8/11/26, 1:46 AM",,OUTGOING,https://www.linkedin.com/in/aditya-mehra-b8644b326,https://www.linkedin.com/in/anna-rose-t-j-402714305
Aditya Mehra,Aradhana Sharma,"8/11/26, 1:47 AM",,OUTGOING,https://www.linkedin.com/in/aditya-mehra-b8644b326,https://www.linkedin.com/in/aradhana-sharma-515b77274
Aditya Mehra,Kajal .,"8/11/26, 1:47 AM",,OUTGOING,https://www.linkedin.com/in/aditya-mehra-b8644b326,https://www.linkedin.com/in/kajal-b2830236b
Aditya Mehra,Sarmistha Bakshi,"8/11/26, 1:47 AM",,OUTGOING,https://www.linkedin.com/in/aditya-mehra-b8644b326,https://www.linkedin.com/in/sarmistha-bakshi
Aditya Mehra,Seema Tomar,"8/11/26, 1:47 AM",,OUTGOING,https://www.linkedin.com/in/aditya-mehra-b8644b326,https://www.linkedin.com/in/seema-tomar-44b442347
Aditya Mehra,Aashi Kashyap,"8/11/26, 1:46 AM",,OUTGOING,https://www.linkedin.com/in/aditya-mehra-b8644b326,https://www.linkedin.com/in/aashi-kashyap-b32734218
Aditya Mehra,Mehak Sharma,"8/11/26, 1:47 AM",,OUTGOING,https://www.linkedin.com/in/aditya-mehra-b8644b326,https://www.linkedin.com/in/mehaksharma1
Aditya Mehra,Dr. POOJA YADAV,"8/11/26, 1:47 AM",,OUTGOING,https://www.linkedin.com/in/aditya-mehra-b8644b326,https://www.linkedin.com/in/dr-pooja-yadav-004570105
Aditya Mehra,Divya Chauhan,"8/11/26, 1:47 AM",,OUTGOING,https://www.linkedin.com/in/aditya-mehra-b8644b326,https://www.linkedin.com/in/idivyachauhan
Aditya Mehra,AASHNA MATHEW,"8/11/26, 1:46 AM",,OUTGOING,https://www.linkedin.com/in/aditya-mehra-b8644b326,https://www.linkedin.com/in/aashna-mathew-68b624256
Aditya Mehra,Sakina Sayed,"8/11/26, 1:46 AM",,OUTGOING,https://www.linkedin.com/in/aditya-mehra-b8644b326,https://www.linkedin.com/in/sakina-sayed-97a088277
Aditya Mehra,Shruti Vernekar,"8/11/26, 1:46 AM",,OUTGOING,https://www.linkedin.com/in/aditya-mehra-b8644b326,https://www.linkedin.com/in/shruti-vernekar-
Aditya Mehra,Molly Singh,"8/11/26, 1:46 AM",,OUTGOING,https://www.linkedin.com/in/aditya-mehra-b8644b326,https://www.linkedin.com/in/molly-singh-85b57225a
Aditya Mehra,Deepti Pai,"8/11/26, 1:46 AM",,OUTGOING,https://www.linkedin.com/in/aditya-mehra-b8644b326,https://www.linkedin.com/in/deepti-pai
Aditya Mehra,Anjali Maheshwari,"8/11/26, 1:46 AM",,OUTGOING,https://www.linkedin.com/in/aditya-mehra-b8644b326,https://www.linkedin.com/in/anjali-maheshwari-89132b326
Aditya Mehra,Muskan Bhushan,"8/11/26, 1:46 AM",,OUTGOING,https://www.linkedin.com/in/aditya-mehra-b8644b326,https://www.linkedin.com/in/muskan-bh
Aditya Mehra,Divya S,"8/11/26, 1:46 AM",,OUTGOING,https://www.linkedin.com/in/aditya-mehra-b8644b326,https://www.linkedin.com/in/divyanaidus
Aditya Mehra,Evangel Tenshon,"8/11/26, 1:46 AM",,OUTGOING,https://www.linkedin.com/in/aditya-mehra-b8644b326,https://www.linkedin.com/in/evangel-tenshon-34b32038b
Aditya Mehra,Vinakshi Sharma,"8/11/26, 1:46 AM",,OUTGOING,https://www.linkedin.com/in/aditya-mehra-b8644b326,https://www.linkedin.com/in/vinakshi-sharma-049090320
Aditya Mehra,Niyati Raiyani,"8/11/26, 1:46 AM",,OUTGOING,https://www.linkedin.com/in/aditya-mehra-b8644b326,https://www.linkedin.com/in/niyati-raiyani-484387320
Aditya Mehra,Riddhi Sasani,"8/11/26, 1:46 AM",,OUTGOING,https://www.linkedin.com/in/aditya-mehra-b8644b326,https://www.linkedin.com/in/riddhisasani
Aditya Mehra,Kinjal Shah,"8/11/26, 1:46 AM",,OUTGOING,https://www.linkedin.com/in/aditya-mehra-b8644b326,https://www.linkedin.com/in/kinjal-shah-700388204
Aditya Mehra,Bharti Paul,"8/11/26, 1:46 AM",,OUTGOING,https://www.linkedin.com/in/aditya-mehra-b8644b326,https://www.linkedin.com/in/bharti-paul-565418294
Aditya Mehra,Pantwi Debbarma,"8/11/26, 1:46 AM",,OUTGOING,https://www.linkedin.com/in/aditya-mehra-b8644b326,https://www.linkedin.com/in/pantwi-debbarma-b167652a0
Aditya Mehra,Nandani Singh,"8/11/26, 1:46 AM",,OUTGOING,https://www.linkedin.com/in/aditya-mehra-b8644b326,https://www.linkedin.com/in/nandani-singh-17319b23a
Aditya Mehra,Ritika Parmar,"8/11/26, 1:46 AM",,OUTGOING,https://www.linkedin.com/in/aditya-mehra-b8644b326,https://www.linkedin.com/in/ritika-parmar261918
Aditya Mehra,Neelam Gupta,"8/11/26, 1:46 AM",,OUTGOING,https://www.linkedin.com/in/aditya-mehra-b8644b326,https://www.linkedin.com/in/neelam-gupta-934928250
Aditya Mehra,Ravleen Kaur,"8/11/26, 1:46 AM",,OUTGOING,https://www.linkedin.com/in/aditya-mehra-b8644b326,https://www.linkedin.com/in/ravleen-kaur-designer
Aditya Mehra,Jasneet Kaur,"8/11/26, 1:46 AM",,OUTGOING,https://www.linkedin.com/in/aditya-mehra-b8644b326,https://www.linkedin.com/in/jasneet-kaur-53a57b328
Aditya Mehra,Jasmeen Kaur,"8/11/26, 1:46 AM",,OUTGOING,https://www.linkedin.com/in/aditya-mehra-b8644b326,https://www.linkedin.com/in/jasmeen-kaur-20s00
Aditya Mehra,Ayushi Singh,"8/11/26, 1:46 AM",,OUTGOING,https://www.linkedin.com/in/aditya-mehra-b8644b326,https://www.linkedin.com/in/ayushi-singh-fshn
Aditya Mehra,Harisha T G,"8/11/26, 1:46 AM",,OUTGOING,https://www.linkedin.com/in/aditya-mehra-b8644b326,https://www.linkedin.com/in/harishatg
Aditya Mehra,ARUNA VERONICA MINZ,"8/11/26, 1:46 AM",,OUTGOING,https://www.linkedin.com/in/aditya-mehra-b8644b326,https://www.linkedin.com/in/aruna-veronica-minz-313761294
Aditya Mehra,Honey Shah,"8/11/26, 1:46 AM",,OUTGOING,https://www.linkedin.com/in/aditya-mehra-b8644b326,https://www.linkedin.com/in/honey-shah-5a3b73234
Aditya Mehra,Deeksha Chauhan,"8/11/26, 1:46 AM",,OUTGOING,https://www.linkedin.com/in/aditya-mehra-b8644b326,https://www.linkedin.com/in/deeksha-chauhan-217396252
Aditya Mehra,Purvi Doud,"8/11/26, 1:46 AM",,OUTGOING,https://www.linkedin.com/in/aditya-mehra-b8644b326,https://www.linkedin.com/in/purvi-doud-655961326
Aditya Mehra,Briti Reddy Jaggavarapu,"8/11/26, 1:46 AM",,OUTGOING,https://www.linkedin.com/in/aditya-mehra-b8644b326,https://www.linkedin.com/in/briti-reddy-jaggavarapu
Aditya Mehra,Anindita Nayak,"8/11/26, 1:46 AM",,OUTGOING,https://www.linkedin.com/in/aditya-mehra-b8644b326,https://www.linkedin.com/in/anindita-nayak2011
Aditya Mehra,Kalyani V.,"8/11/26, 1:46 AM",,OUTGOING,https://www.linkedin.com/in/aditya-mehra-b8644b326,https://www.linkedin.com/in/kalyani-v-5b1a67373
Aditya Mehra,Sharishma Manukindi,"8/11/26, 1:46 AM",,OUTGOING,https://www.linkedin.com/in/aditya-mehra-b8644b326,https://www.linkedin.com/in/sharishma-manukindi-8147a7380
Aditya Mehra,Saloni Dhawan,"8/11/26, 1:45 AM",,OUTGOING,https://www.linkedin.com/in/aditya-mehra-b8644b326,https://www.linkedin.com/in/saloni-dhawan04
Aditya Mehra,Shivi Agarwal,"8/11/26, 1:45 AM",,OUTGOING,https://www.linkedin.com/in/aditya-mehra-b8644b326,https://www.linkedin.com/in/shiviagarwal678
Aditya Mehra,Muskan Khandelwal,"8/11/26, 1:46 AM",,OUTGOING,https://www.linkedin.com/in/aditya-mehra-b8644b326,https://www.linkedin.com/in/-muskankhandelwal
Aditya Mehra,Suhani Das,"8/11/26, 1:46 AM",,OUTGOING,https://www.linkedin.com/in/aditya-mehra-b8644b326,https://www.linkedin.com/in/suhanidas
Aditya Mehra,Christine Alex,"8/11/26, 1:46 AM",,OUTGOING,https://www.linkedin.com/in/aditya-mehra-b8644b326,https://www.linkedin.com/in/christine-alex-844833317
Aditya Mehra,Annie Jesha,"8/11/26, 1:45 AM",,OUTGOING,https://www.linkedin.com/in/aditya-mehra-b8644b326,https://www.linkedin.com/in/annie-jesha-095abb320
Aditya Mehra,Abhirami Nair,"8/11/26, 1:46 AM",,OUTGOING,https://www.linkedin.com/in/aditya-mehra-b8644b326,https://www.linkedin.com/in/abhirami-nair-246920259
Aditya Mehra,Shrungali Hirapara,"8/11/26, 1:46 AM",,OUTGOING,https://www.linkedin.com/in/aditya-mehra-b8644b326,https://www.linkedin.com/in/shrungali-hirapara
Aditya Mehra,Shivani Kapoor,"8/11/26, 1:46 AM",,OUTGOING,https://www.linkedin.com/in/aditya-mehra-b8644b326,https://www.linkedin.com/in/shivani-kapoor-541a059
Aditya Mehra,Karishma Brahambhatt,"8/11/26, 1:45 AM",,OUTGOING,https://www.linkedin.com/in/aditya-mehra-b8644b326,https://www.linkedin.com/in/karishma-brahambhatt-246322173
Aditya Mehra,Prachi Kumari,"8/11/26, 1:46 AM",,OUTGOING,https://www.linkedin.com/in/aditya-mehra-b8644b326,https://www.linkedin.com/in/prachi-kumari-604991394
Aditya Mehra,Savani Mane,"8/11/26, 1:46 AM",,OUTGOING,https://www.linkedin.com/in/aditya-mehra-b8644b326,https://www.linkedin.com/in/savani-mane
Aditya Mehra,Jiya Kishnani,"8/11/26, 1:46 AM",,OUTGOING,https://www.linkedin.com/in/aditya-mehra-b8644b326,https://www.linkedin.com/in/jiya-kishnani-b326162b8
Aditya Mehra,Shreya Govindaraj,"8/11/26, 1:45 AM",,OUTGOING,https://www.linkedin.com/in/aditya-mehra-b8644b326,https://www.linkedin.com/in/shreya-govindaraj-a909393a7
Aditya Mehra,Lavanya P,"8/11/26, 1:45 AM",,OUTGOING,https://www.linkedin.com/in/aditya-mehra-b8644b326,https://www.linkedin.com/in/lavanya188p
Aditya Mehra,Tanvi Singh,"8/11/26, 1:45 AM",,OUTGOING,https://www.linkedin.com/in/aditya-mehra-b8644b326,https://www.linkedin.com/in/tanvi-singh-611b62371
Aditya Mehra,Uzma Malek,"8/11/26, 1:45 AM",,OUTGOING,https://www.linkedin.com/in/aditya-mehra-b8644b326,https://www.linkedin.com/in/uzma-malek-74864a305
Aditya Mehra,Pratima Nanda,"8/11/26, 1:45 AM",,OUTGOING,https://www.linkedin.com/in/aditya-mehra-b8644b326,https://www.linkedin.com/in/pratima-nanda-0808aa353
Aditya Mehra,Akshatha Parshuram,"8/11/26, 1:45 AM",,OUTGOING,https://www.linkedin.com/in/aditya-mehra-b8644b326,https://www.linkedin.com/in/akshatha-parshuram-868088333
Aditya Mehra,Edna Anna Vilot,"8/10/26, 5:09 AM",,OUTGOING,https://www.linkedin.com/in/aditya-mehra-b8644b326,https://www.linkedin.com/in/edna-anna-vilot
Aditya Mehra,Riddhima  Rathi,"8/10/26, 5:09 AM",,OUTGOING,https://www.linkedin.com/in/aditya-mehra-b8644b326,https://www.linkedin.com/in/riddhima-rathi-34a159387
Aditya Mehra,Yukta Masand,"8/10/26, 5:09 AM",,OUTGOING,https://www.linkedin.com/in/aditya-mehra-b8644b326,https://www.linkedin.com/in/yukta-masand-666973424
Aditya Mehra,Jovita S J,"8/10/26, 5:08 AM",,OUTGOING,https://www.linkedin.com/in/aditya-mehra-b8644b326,https://www.linkedin.com/in/jovita-s-j-0250a938b
Aditya Mehra,Mehak Agarwal,"8/10/26, 5:08 AM",,OUTGOING,https://www.linkedin.com/in/aditya-mehra-b8644b326,https://www.linkedin.com/in/mehak-agarwal-455747211
Aditya Mehra,Suhani Iyer,"8/10/26, 5:08 AM",,OUTGOING,https://www.linkedin.com/in/aditya-mehra-b8644b326,https://www.linkedin.com/in/suhani-iyer-46154a3b3
Aditya Mehra,Anshika Khemka,"8/10/26, 5:08 AM",,OUTGOING,https://www.linkedin.com/in/aditya-mehra-b8644b326,https://www.linkedin.com/in/anshika-khemka-886556416
Aditya Mehra,HEENA SHAIKH,"8/10/26, 5:07 AM",,OUTGOING,https://www.linkedin.com/in/aditya-mehra-b8644b326,https://www.linkedin.com/in/heenashaikh25
Aditya Mehra,Punya Shree,"8/10/26, 5:07 AM",,OUTGOING,https://www.linkedin.com/in/aditya-mehra-b8644b326,https://www.linkedin.com/in/punya-shree-692388399
Aditya Mehra,Jeba  Janet D,"8/10/26, 5:07 AM",,OUTGOING,https://www.linkedin.com/in/aditya-mehra-b8644b326,https://www.linkedin.com/in/jeba-janet-d-bb1438272
Aditya Mehra,Mariam Mathew,"8/10/26, 5:07 AM",,OUTGOING,https://www.linkedin.com/in/aditya-mehra-b8644b326,https://www.linkedin.com/in/mariam-mathew-56a086315
Aditya Mehra,Khanak Khurana,"8/10/26, 5:07 AM",,OUTGOING,https://www.linkedin.com/in/aditya-mehra-b8644b326,https://www.linkedin.com/in/khanak-khurana-1961803b9
Aditya Mehra,Ipsha Mohalik,"8/10/26, 5:07 AM",,OUTGOING,https://www.linkedin.com/in/aditya-mehra-b8644b326,https://www.linkedin.com/in/ipsha-mohalik-712163328
Aditya Mehra,Vrinda Bhardwaj,"8/10/26, 5:07 AM",,OUTGOING,https://www.linkedin.com/in/aditya-mehra-b8644b326,https://www.linkedin.com/in/vrindaxbhardwaj
Aditya Mehra,Vismaya P Reddy,"8/10/26, 5:07 AM",,OUTGOING,https://www.linkedin.com/in/aditya-mehra-b8644b326,https://www.linkedin.com/in/vismaya-p-reddy-b91933287
Aditya Mehra,Dinashree M,"8/10/26, 5:07 AM",,OUTGOING,https://www.linkedin.com/in/aditya-mehra-b8644b326,https://www.linkedin.com/in/dinashree-m-309790317
Aditya Mehra,swaathi sanil,"8/10/26, 5:06 AM",,OUTGOING,https://www.linkedin.com/in/aditya-mehra-b8644b326,https://www.linkedin.com/in/swaathi-sanil
Aditya Mehra,Aishwarya Vhatkar,"8/10/26, 5:06 AM",,OUTGOING,https://www.linkedin.com/in/aditya-mehra-b8644b326,https://www.linkedin.com/in/aishwarya-vhatkar-3a0743246
Aditya Mehra,Ashna Prince,"8/10/26, 5:06 AM",,OUTGOING,https://www.linkedin.com/in/aditya-mehra-b8644b326,https://www.linkedin.com/in/ashna-prince-676295327
Aditya Mehra,Riya Shibu,"8/10/26, 5:06 AM",,OUTGOING,https://www.linkedin.com/in/aditya-mehra-b8644b326,https://www.linkedin.com/in/riya-shibu-14627a374
Aditya Mehra,Tanvi kathpal,"8/10/26, 5:06 AM",,OUTGOING,https://www.linkedin.com/in/aditya-mehra-b8644b326,https://www.linkedin.com/in/tanvi-kathpal-691aa8385
Aditya Mehra,Namarta Ahuja,"8/10/26, 5:06 AM",,OUTGOING,https://www.linkedin.com/in/aditya-mehra-b8644b326,https://www.linkedin.com/in/namarta-ahuja-b7a1a0375
Aditya Mehra,Khushi Saria,"8/10/26, 5:06 AM",,OUTGOING,https://www.linkedin.com/in/aditya-mehra-b8644b326,https://www.linkedin.com/in/khushi-saria-bb585937b
Aditya Mehra,Mehak Ahmed Hesarur,"8/10/26, 5:06 AM",,OUTGOING,https://www.linkedin.com/in/aditya-mehra-b8644b326,https://www.linkedin.com/in/mehak-ahmed-hesarur-536243393
Aditya Mehra,Hamsini L,"8/10/26, 5:06 AM",,OUTGOING,https://www.linkedin.com/in/aditya-mehra-b8644b326,https://www.linkedin.com/in/hamsini-l
Aditya Mehra,Ishita Panda,"8/10/26, 5:06 AM",,OUTGOING,https://www.linkedin.com/in/aditya-mehra-b8644b326,https://www.linkedin.com/in/ishita-panda-9931a5262
Aditya Mehra,Samruddhi Kamdi,"8/10/26, 5:05 AM",,OUTGOING,https://www.linkedin.com/in/aditya-mehra-b8644b326,https://www.linkedin.com/in/samruddhi-kamdi-481531148
Aditya Mehra,Riya Rathore,"8/10/26, 5:05 AM",,OUTGOING,https://www.linkedin.com/in/aditya-mehra-b8644b326,https://www.linkedin.com/in/riya-rathore-2b3b93215
Aditya Mehra,Shreya  Shashi,"8/10/26, 5:05 AM",,OUTGOING,https://www.linkedin.com/in/aditya-mehra-b8644b326,https://www.linkedin.com/in/shreya-shashi-8a16b3314
Aditya Mehra,Sowmya Sharma,"8/10/26, 5:05 AM",,OUTGOING,https://www.linkedin.com/in/aditya-mehra-b8644b326,https://www.linkedin.com/in/sharmasowmya
Aditya Mehra,Varsha Nagaraj,"8/10/26, 5:05 AM",,OUTGOING,https://www.linkedin.com/in/aditya-mehra-b8644b326,https://www.linkedin.com/in/varsha-nagaraj-786439359
Aditya Mehra,Priya kandoi,"8/10/26, 5:05 AM",,OUTGOING,https://www.linkedin.com/in/aditya-mehra-b8644b326,https://www.linkedin.com/in/priya-kandoi-77383b400
Aditya Mehra,Keerthana Senthilkumar,"8/10/26, 5:05 AM",,OUTGOING,https://www.linkedin.com/in/aditya-mehra-b8644b326,https://www.linkedin.com/in/keerthana-senthilkumar-552614380
Aditya Mehra,Meenakshi M Chandra,"8/10/26, 5:05 AM",,OUTGOING,https://www.linkedin.com/in/aditya-mehra-b8644b326,https://www.linkedin.com/in/meenakshi-m-chandra-5a11a2266
Aditya Mehra,Aastha Patra,"8/10/26, 5:05 AM",,OUTGOING,https://www.linkedin.com/in/aditya-mehra-b8644b326,https://www.linkedin.com/in/aastha-patra-07913836b
Aditya Mehra,Meghana Gopal,"8/10/26, 5:05 AM",,OUTGOING,https://www.linkedin.com/in/aditya-mehra-b8644b326,https://www.linkedin.com/in/meghana-gopal-6b4602423
Aditya Mehra,Heta Khimsuriya,"8/10/26, 5:05 AM",,OUTGOING,https://www.linkedin.com/in/aditya-mehra-b8644b326,https://www.linkedin.com/in/heta-khimsuriya-a78471139
Aditya Mehra,Heena Kherani,"8/10/26, 5:05 AM",,OUTGOING,https://www.linkedin.com/in/aditya-mehra-b8644b326,https://www.linkedin.com/in/heena-kherani-526a5a1b3
Aditya Mehra,Isha Sharma,"8/10/26, 5:05 AM",,OUTGOING,https://www.linkedin.com/in/aditya-mehra-b8644b326,https://www.linkedin.com/in/isha-sharma-667309333
Aditya Mehra,Nikita kaur Badwal,"8/10/26, 5:04 AM",,OUTGOING,https://www.linkedin.com/in/aditya-mehra-b8644b326,https://www.linkedin.com/in/nikita-kaur-badwal-47a35718a
Aditya Mehra,Taniya Sharma ,"8/10/26, 5:04 AM",,OUTGOING,https://www.linkedin.com/in/aditya-mehra-b8644b326,https://www.linkedin.com/in/taniya-sharma-277b223a9
Aditya Mehra,Kinjal Patidar,"8/10/26, 5:04 AM",,OUTGOING,https://www.linkedin.com/in/aditya-mehra-b8644b326,https://www.linkedin.com/in/kinjal-patidar-2095ab328
Aditya Mehra,Shejal Patel,"8/10/26, 5:04 AM",,OUTGOING,https://www.linkedin.com/in/aditya-mehra-b8644b326,https://www.linkedin.com/in/shejal-patel-835197178
Aditya Mehra,HR Jayshree Chauhan,"8/10/26, 5:04 AM",,OUTGOING,https://www.linkedin.com/in/aditya-mehra-b8644b326,https://www.linkedin.com/in/jayshree2908
Aditya Mehra,Sachi Dhrangadharia,"8/10/26, 5:04 AM",,OUTGOING,https://www.linkedin.com/in/aditya-mehra-b8644b326,https://www.linkedin.com/in/sachi-dhrangadharia-hr-voiceoverartist
Aditya Mehra,Akanksha Sharma,"8/10/26, 5:04 AM",,OUTGOING,https://www.linkedin.com/in/aditya-mehra-b8644b326,https://www.linkedin.com/in/akanksha-peopleculture
Aditya Mehra,Shruti Khemka,"8/10/26, 5:03 AM",,OUTGOING,https://www.linkedin.com/in/aditya-mehra-b8644b326,https://www.linkedin.com/in/shruti-khemka-51009824a
Aditya Mehra,Shreya Solanki,"8/10/26, 5:04 AM",,OUTGOING,https://www.linkedin.com/in/aditya-mehra-b8644b326,https://www.linkedin.com/in/shreya-solanki-3404a2398
Aditya Mehra,Abhi Kadiya,"8/10/26, 5:04 AM",,OUTGOING,https://www.linkedin.com/in/aditya-mehra-b8644b326,https://www.linkedin.com/in/abhi-kadiya-7624b93b0
Aditya Mehra,Janvi Patel,"8/10/26, 5:04 AM",,OUTGOING,https://www.linkedin.com/in/aditya-mehra-b8644b326,https://www.linkedin.com/in/janvi-patel-336271333
Aditya Mehra,Nushra Shaikh,"8/10/26, 5:03 AM",,OUTGOING,https://www.linkedin.com/in/aditya-mehra-b8644b326,https://www.linkedin.com/in/nushra-shaikh-0b3233228
Aditya Mehra,Pinnal Nisarta,"8/10/26, 5:03 AM",,OUTGOING,https://www.linkedin.com/in/aditya-mehra-b8644b326,https://www.linkedin.com/in/pinnal-nisarta-6ab9a0412
Aditya Mehra,Nisha Panchal,"8/10/26, 5:04 AM",,OUTGOING,https://www.linkedin.com/in/aditya-mehra-b8644b326,https://www.linkedin.com/in/nisha-panchal-20192b3b9
Aditya Mehra,Sonali Rathod,"8/10/26, 5:03 AM",,OUTGOING,https://www.linkedin.com/in/aditya-mehra-b8644b326,https://www.linkedin.com/in/sonali-rathod-b2a170186
Aditya Mehra,Anushree Singh,"8/10/26, 5:03 AM",,OUTGOING,https://www.linkedin.com/in/aditya-mehra-b8644b326,https://www.linkedin.com/in/anushree-singh-b892681ba
Aditya Mehra,CS JAYA LOKESH KHESKWANI (AHUJA),"8/10/26, 5:03 AM",,OUTGOING,https://www.linkedin.com/in/aditya-mehra-b8644b326,https://www.linkedin.com/in/cs-jaya-ahuja
Aditya Mehra,Maitri Shah,"8/10/26, 5:03 AM",,OUTGOING,https://www.linkedin.com/in/aditya-mehra-b8644b326,https://www.linkedin.com/in/maitri-shah-b399a93ab
Aditya Mehra,Juhini Shah,"8/10/26, 5:03 AM",,OUTGOING,https://www.linkedin.com/in/aditya-mehra-b8644b326,https://www.linkedin.com/in/juhini-shah-0842a5184
Aditya Mehra,Tushti Gupta,"8/10/26, 5:03 AM",,OUTGOING,https://www.linkedin.com/in/aditya-mehra-b8644b326,https://www.linkedin.com/in/tushtigupta
Aditya Mehra,Shivangi Agrawal,"8/10/26, 5:03 AM",,OUTGOING,https://www.linkedin.com/in/aditya-mehra-b8644b326,https://www.linkedin.com/in/shivangi-agrawal-87036a26a
Aditya Mehra,Supriya Ganjur,"8/10/26, 5:02 AM",,OUTGOING,https://www.linkedin.com/in/aditya-mehra-b8644b326,https://www.linkedin.com/in/supriya-ganjur-9b71a350
Aditya Mehra,Tushita Singh,"8/10/26, 5:03 AM",,OUTGOING,https://www.linkedin.com/in/aditya-mehra-b8644b326,https://www.linkedin.com/in/tushita-singh-458669142
Aditya Mehra,PRARTHANA DATTA S,"8/10/26, 5:02 AM",,OUTGOING,https://www.linkedin.com/in/aditya-mehra-b8644b326,https://www.linkedin.com/in/prarthana-datta-s-440110294
Aditya Mehra,Akanksha N.,"8/10/26, 5:02 AM",,OUTGOING,https://www.linkedin.com/in/aditya-mehra-b8644b326,https://www.linkedin.com/in/akankshanene
Aditya Mehra,Anandita Rohi,"8/10/26, 5:02 AM",,OUTGOING,https://www.linkedin.com/in/aditya-mehra-b8644b326,https://www.linkedin.com/in/anandita-rohi
Aditya Mehra,Deepti  Christy,"8/10/26, 5:01 AM",,OUTGOING,https://www.linkedin.com/in/aditya-mehra-b8644b326,https://www.linkedin.com/in/deepti-c-154b4b360
Aditya Mehra,Freya Soral,"8/10/26, 5:01 AM",,OUTGOING,https://www.linkedin.com/in/aditya-mehra-b8644b326,https://www.linkedin.com/in/freya-soral-90b2a8277
Aditya Mehra,Megha Shenoy,"8/10/26, 5:01 AM",,OUTGOING,https://www.linkedin.com/in/aditya-mehra-b8644b326,https://www.linkedin.com/in/meghaashenoy
Aditya Mehra,CA Charvi Khera,"8/10/26, 5:01 AM",,OUTGOING,https://www.linkedin.com/in/aditya-mehra-b8644b326,https://www.linkedin.com/in/charvikhera014
Aditya Mehra,Rhea Maben,"8/10/26, 5:01 AM",,OUTGOING,https://www.linkedin.com/in/aditya-mehra-b8644b326,https://www.linkedin.com/in/rhea-maben
Aditya Mehra,Amisha Jat,"8/10/26, 5:00 AM",,OUTGOING,https://www.linkedin.com/in/aditya-mehra-b8644b326,https://www.linkedin.com/in/amisha-jat-38b30b258
Aditya Mehra,Vijetha Salian,"8/10/26, 5:00 AM",,OUTGOING,https://www.linkedin.com/in/aditya-mehra-b8644b326,https://www.linkedin.com/in/vijethasalian
Aditya Mehra,Aryaman Malik,"8/10/26, 5:00 AM",,OUTGOING,https://www.linkedin.com/in/aditya-mehra-b8644b326,https://www.linkedin.com/in/aryamanmalik
Aditya Mehra,Palakh Mutha,"8/10/26, 5:00 AM",,OUTGOING,https://www.linkedin.com/in/aditya-mehra-b8644b326,https://www.linkedin.com/in/palakh-mutha-348612254
Aditya Mehra,Heena Manav,"8/10/26, 5:00 AM",,OUTGOING,https://www.linkedin.com/in/aditya-mehra-b8644b326,https://www.linkedin.com/in/heenamanav
Aditya Mehra,Bhavana Sahukar,"8/10/26, 5:00 AM",,OUTGOING,https://www.linkedin.com/in/aditya-mehra-b8644b326,https://www.linkedin.com/in/bhavana-sahukar-303954104
Aditya Mehra,Simran Bansal,"8/10/26, 4:59 AM",,OUTGOING,https://www.linkedin.com/in/aditya-mehra-b8644b326,https://www.linkedin.com/in/simran-bansal-73a279131
Aditya Mehra,Solomon Susainathan,"8/10/26, 4:59 AM",,OUTGOING,https://www.linkedin.com/in/aditya-mehra-b8644b326,https://www.linkedin.com/in/solomon-susainathan-7b306a78
Aditya Mehra,Angelique Dhama,"8/10/26, 4:59 AM",,OUTGOING,https://www.linkedin.com/in/aditya-mehra-b8644b326,https://www.linkedin.com/in/angelique-dhama-31410019
Aditya Mehra,Lavi Singh A,"8/10/26, 4:59 AM",,OUTGOING,https://www.linkedin.com/in/aditya-mehra-b8644b326,https://www.linkedin.com/in/lavisingh28
Aditya Mehra,Manjula Menon,"8/10/26, 4:58 AM",,OUTGOING,https://www.linkedin.com/in/aditya-mehra-b8644b326,https://www.linkedin.com/in/manjulamenon
Aditya Mehra,Rohan Jha,"8/10/26, 4:58 AM",,OUTGOING,https://www.linkedin.com/in/aditya-mehra-b8644b326,https://www.linkedin.com/in/rohan-jha-13a3962b
Aditya Mehra,Shifa Mulla,"8/10/26, 4:58 AM",,OUTGOING,https://www.linkedin.com/in/aditya-mehra-b8644b326,https://www.linkedin.com/in/shifa-mulla-039529240
Aditya Mehra,Shweta Phadnis,"8/10/26, 4:57 AM",,OUTGOING,https://www.linkedin.com/in/aditya-mehra-b8644b326,https://www.linkedin.com/in/shweta-phadnis-404423185
Aditya Mehra,Anandi Ravikumar,"8/10/26, 4:57 AM",,OUTGOING,https://www.linkedin.com/in/aditya-mehra-b8644b326,https://www.linkedin.com/in/anandi-ravikumar-a09b11209
Aditya Mehra,Prisha Jain,"8/10/26, 4:57 AM",,OUTGOING,https://www.linkedin.com/in/aditya-mehra-b8644b326,https://www.linkedin.com/in/prishajain156
Aditya Mehra,Yahvi Mutta,"8/2/26, 9:35 PM",,OUTGOING,https://www.linkedin.com/in/aditya-mehra-b8644b326,https://www.linkedin.com/in/yahvi-mutta-4b6a27376
Aditya Mehra,Siddhika Kamble,"8/2/26, 9:35 PM",,OUTGOING,https://www.linkedin.com/in/aditya-mehra-b8644b326,https://www.linkedin.com/in/siddhikakamble
Aditya Mehra,Thoshitha  B C ,"8/2/26, 9:35 PM",,OUTGOING,https://www.linkedin.com/in/aditya-mehra-b8644b326,https://www.linkedin.com/in/thoshitha-b-c-a65676297
Aditya Mehra,Nikhitha S,"8/2/26, 9:35 PM",,OUTGOING,https://www.linkedin.com/in/aditya-mehra-b8644b326,https://www.linkedin.com/in/nikhitha-s-reddy
Aditya Mehra,saumya bansal,"8/2/26, 9:35 PM",,OUTGOING,https://www.linkedin.com/in/aditya-mehra-b8644b326,https://www.linkedin.com/in/saumya-bansal-2961571bb
Aditya Mehra,RIDHI AGGARWAL,"8/2/26, 9:35 PM",,OUTGOING,https://www.linkedin.com/in/aditya-mehra-b8644b326,https://www.linkedin.com/in/ridhi-aggarwal-81297928a
Aditya Mehra,Jhansi N,"8/2/26, 9:35 PM",,OUTGOING,https://www.linkedin.com/in/aditya-mehra-b8644b326,https://www.linkedin.com/in/jhansi-n-35a71825a
Aditya Mehra,Ryssa Lemos,"8/2/26, 9:35 PM",,OUTGOING,https://www.linkedin.com/in/aditya-mehra-b8644b326,https://www.linkedin.com/in/ryssa-lemos-b66712224
Aditya Mehra,Geethika Yamalapalli,"8/2/26, 9:34 PM",,OUTGOING,https://www.linkedin.com/in/aditya-mehra-b8644b326,https://www.linkedin.com/in/geethika-yamalapalli
Aditya Mehra,Sumedha Ghose,"8/2/26, 9:34 PM",,OUTGOING,https://www.linkedin.com/in/aditya-mehra-b8644b326,https://www.linkedin.com/in/sumedha-ghose-99b8a9378
Aditya Mehra,Shaily Solanki,"8/2/26, 9:34 PM",,OUTGOING,https://www.linkedin.com/in/aditya-mehra-b8644b326,https://www.linkedin.com/in/shaily-solanki
Aditya Mehra,Aahana Dharmadhikari,"8/2/26, 9:34 PM",,OUTGOING,https://www.linkedin.com/in/aditya-mehra-b8644b326,https://www.linkedin.com/in/aahanadharmadhikari
Aditya Mehra,Shruti Navayath,"8/2/26, 9:35 PM",,OUTGOING,https://www.linkedin.com/in/aditya-mehra-b8644b326,https://www.linkedin.com/in/shrutinavayath
Aditya Mehra,Shreya Gondhale,"8/2/26, 9:34 PM",,OUTGOING,https://www.linkedin.com/in/aditya-mehra-b8644b326,https://www.linkedin.com/in/shreya-gondhale-56b5982aa
Aditya Mehra,Abha Agrawal,"8/2/26, 9:34 PM",,OUTGOING,https://www.linkedin.com/in/aditya-mehra-b8644b326,https://www.linkedin.com/in/abhaagrawal1
Aditya Mehra,Akansha Dwivedi,"8/2/26, 9:34 PM",,OUTGOING,https://www.linkedin.com/in/aditya-mehra-b8644b326,https://www.linkedin.com/in/akansha-dwivedi-485706254
Aditya Mehra,Nidhi Rungta,"8/2/26, 9:34 PM",,OUTGOING,https://www.linkedin.com/in/aditya-mehra-b8644b326,https://www.linkedin.com/in/nidhi-rungta-7b8661398
Aditya Mehra,Pratishtha  Shree,"8/2/26, 9:34 PM",,OUTGOING,https://www.linkedin.com/in/aditya-mehra-b8644b326,https://www.linkedin.com/in/pratishtha-shree
Aditya Mehra,Komal Shirsat,"8/2/26, 9:34 PM",,OUTGOING,https://www.linkedin.com/in/aditya-mehra-b8644b326,https://www.linkedin.com/in/komal-shirsat-0141ba286
Aditya Mehra,Paridhi Gupta,"8/2/26, 9:34 PM",,OUTGOING,https://www.linkedin.com/in/aditya-mehra-b8644b326,https://www.linkedin.com/in/paridhi-gupta-179772119
Aditya Mehra,Prisha Kapoor,"8/2/26, 9:34 PM",,OUTGOING,https://www.linkedin.com/in/aditya-mehra-b8644b326,https://www.linkedin.com/in/prisha-k-27bbb7305
Aditya Mehra,Saloni Thakare,"8/2/26, 9:34 PM",,OUTGOING,https://www.linkedin.com/in/aditya-mehra-b8644b326,https://www.linkedin.com/in/saloni-thakare-294792358
Aditya Mehra,Tridha Mitra,"8/2/26, 9:34 PM",,OUTGOING,https://www.linkedin.com/in/aditya-mehra-b8644b326,https://www.linkedin.com/in/tridha-mitra-986856328
Aditya Mehra,Anshu Kumari,"8/2/26, 9:34 PM",,OUTGOING,https://www.linkedin.com/in/aditya-mehra-b8644b326,https://www.linkedin.com/in/anshu-kumari-32766222a
Aditya Mehra,Shyamala R,"8/2/26, 9:34 PM",,OUTGOING,https://www.linkedin.com/in/aditya-mehra-b8644b326,https://www.linkedin.com/in/shyamala-r-78017126a
Aditya Mehra,Vedika Mundra ,"8/2/26, 9:34 PM",,OUTGOING,https://www.linkedin.com/in/aditya-mehra-b8644b326,https://www.linkedin.com/in/vedika-mundra-a50b20225
Aditya Mehra,Sreevaasini S,"8/2/26, 9:34 PM",,OUTGOING,https://www.linkedin.com/in/aditya-mehra-b8644b326,https://www.linkedin.com/in/sreev123
Aditya Mehra,Shreya  Shipurkar,"8/2/26, 9:34 PM",,OUTGOING,https://www.linkedin.com/in/aditya-mehra-b8644b326,https://www.linkedin.com/in/shreya-shipurkar-0061411a3
Aditya Mehra,Ananya Mishra,"8/2/26, 9:34 PM",,OUTGOING,https://www.linkedin.com/in/aditya-mehra-b8644b326,https://www.linkedin.com/in/ananya-mishra-b79549321
Aditya Mehra,Tanvi Sharma,"8/2/26, 9:34 PM",,OUTGOING,https://www.linkedin.com/in/aditya-mehra-b8644b326,https://www.linkedin.com/in/tanvi-sharma-7b847125b
Aditya Mehra,Sakshi Tomar,"8/2/26, 9:34 PM",,OUTGOING,https://www.linkedin.com/in/aditya-mehra-b8644b326,https://www.linkedin.com/in/sakshi-tomar-02661a282
Aditya Mehra,Ritika Bajaj,"8/2/26, 9:33 PM",,OUTGOING,https://www.linkedin.com/in/aditya-mehra-b8644b326,https://www.linkedin.com/in/ritika-bajaj213
Aditya Mehra,Himani Taneja,"8/2/26, 9:34 PM",,OUTGOING,https://www.linkedin.com/in/aditya-mehra-b8644b326,https://www.linkedin.com/in/himani-taneja-a987b5320
Aditya Mehra,Arushi Rohilla,"8/2/26, 9:33 PM",,OUTGOING,https://www.linkedin.com/in/aditya-mehra-b8644b326,https://www.linkedin.com/in/arushi-rohilla-20455424b
Aditya Mehra,Naisa Oswal,"8/2/26, 9:33 PM",,OUTGOING,https://www.linkedin.com/in/aditya-mehra-b8644b326,https://www.linkedin.com/in/naisa-oswal
Aditya Mehra,Pari B,"8/2/26, 9:34 PM",,OUTGOING,https://www.linkedin.com/in/aditya-mehra-b8644b326,https://www.linkedin.com/in/pari15
Aditya Mehra,Keerti Desai,"8/2/26, 9:33 PM",,OUTGOING,https://www.linkedin.com/in/aditya-mehra-b8644b326,https://www.linkedin.com/in/keerti-desai
Aditya Mehra,Sajal Sharma,"8/2/26, 9:33 PM",,OUTGOING,https://www.linkedin.com/in/aditya-mehra-b8644b326,https://www.linkedin.com/in/sajalsharma12
Aditya Mehra,Anshika Jain,"8/2/26, 9:33 PM",,OUTGOING,https://www.linkedin.com/in/aditya-mehra-b8644b326,https://www.linkedin.com/in/anshikajain19
Aditya Mehra,Rashmi Tapariya,"8/2/26, 9:33 PM",,OUTGOING,https://www.linkedin.com/in/aditya-mehra-b8644b326,https://www.linkedin.com/in/rashmi-tapariya-bba73637
Aditya Mehra,Tamanna Goyal,"8/2/26, 9:33 PM",,OUTGOING,https://www.linkedin.com/in/aditya-mehra-b8644b326,https://www.linkedin.com/in/tamanna-goyal-1393b1195
Aditya Mehra,Rutuja Pawaar,"8/2/26, 9:33 PM",,OUTGOING,https://www.linkedin.com/in/aditya-mehra-b8644b326,https://www.linkedin.com/in/rutuja-pawaar-918000352
Aditya Mehra,Riddhi Aggarwal,"8/2/26, 9:33 PM",,OUTGOING,https://www.linkedin.com/in/aditya-mehra-b8644b326,https://www.linkedin.com/in/riddhi-aggarwal-b2114025b
Aditya Mehra,Anushka Raspayle,"8/2/26, 9:33 PM",,OUTGOING,https://www.linkedin.com/in/aditya-mehra-b8644b326,https://www.linkedin.com/in/anushka-raspayle-852290288
Aditya Mehra,Aayushi T Agarwal,"8/2/26, 9:33 PM",,OUTGOING,https://www.linkedin.com/in/aditya-mehra-b8644b326,https://www.linkedin.com/in/aayushi-t-agarwal-7b0327379
Aditya Mehra,Rishika Mishra,"8/2/26, 9:33 PM",,OUTGOING,https://www.linkedin.com/in/aditya-mehra-b8644b326,https://www.linkedin.com/in/rishika-mishra-a1b155261
Aditya Mehra,Manswi Mishra,"8/2/26, 9:33 PM",,OUTGOING,https://www.linkedin.com/in/aditya-mehra-b8644b326,https://www.linkedin.com/in/manswi-mishra-81a31b281
Aditya Mehra,Lehar Matai,"8/2/26, 9:33 PM",,OUTGOING,https://www.linkedin.com/in/aditya-mehra-b8644b326,https://www.linkedin.com/in/lehar-matai-b882a530b
Aditya Mehra,Bhaanvi bhadoria,"8/2/26, 9:33 PM",,OUTGOING,https://www.linkedin.com/in/aditya-mehra-b8644b326,https://www.linkedin.com/in/bhaanvibhadoria
Aditya Mehra,Arushi Wazir,"8/2/26, 9:33 PM",,OUTGOING,https://www.linkedin.com/in/aditya-mehra-b8644b326,https://www.linkedin.com/in/arushi-wazir-511871289
Aditya Mehra,Vedika Sharma,"8/2/26, 9:33 PM",,OUTGOING,https://www.linkedin.com/in/aditya-mehra-b8644b326,https://www.linkedin.com/in/vedika-sharmaa
Aditya Mehra,Kannkshita Shetty,"8/2/26, 9:33 PM",,OUTGOING,https://www.linkedin.com/in/aditya-mehra-b8644b326,https://www.linkedin.com/in/kannkshita-shetty-a56a241b2
Aditya Mehra,Reva Modi,"8/2/26, 9:33 PM",,OUTGOING,https://www.linkedin.com/in/aditya-mehra-b8644b326,https://www.linkedin.com/in/reva-modi
Aditya Mehra,Riya Kumari,"8/2/26, 9:33 PM",,OUTGOING,https://www.linkedin.com/in/aditya-mehra-b8644b326,https://www.linkedin.com/in/riya-kumari-b3914a372
Aditya Mehra,Fatma Khan,"8/2/26, 9:33 PM",,OUTGOING,https://www.linkedin.com/in/aditya-mehra-b8644b326,https://www.linkedin.com/in/fatma-khan-53110b178
Aditya Mehra,Sneha Singh,"8/2/26, 9:33 PM",,OUTGOING,https://www.linkedin.com/in/aditya-mehra-b8644b326,https://www.linkedin.com/in/sneha-singh-7624162a8
Aditya Mehra,Shreya Giri,"8/2/26, 9:33 PM",,OUTGOING,https://www.linkedin.com/in/aditya-mehra-b8644b326,https://www.linkedin.com/in/shreyagiri88
Aditya Mehra,Khushi Mandal,"8/2/26, 9:33 PM",,OUTGOING,https://www.linkedin.com/in/aditya-mehra-b8644b326,https://www.linkedin.com/in/khushi-mandal-506616233
Aditya Mehra,Tanisha Sharma,"8/2/26, 9:32 PM",,OUTGOING,https://www.linkedin.com/in/aditya-mehra-b8644b326,https://www.linkedin.com/in/tanisha-sharma-12660837a
Aditya Mehra,Priyanka R.,"8/2/26, 9:33 PM",,OUTGOING,https://www.linkedin.com/in/aditya-mehra-b8644b326,https://www.linkedin.com/in/priyanka-r-296ba8266
Aditya Mehra,Riya agrawal,"8/2/26, 9:33 PM",,OUTGOING,https://www.linkedin.com/in/aditya-mehra-b8644b326,https://www.linkedin.com/in/riya-agrawal-1680ab25a
Aditya Mehra,Kashvi Bisht,"8/2/26, 9:33 PM",,OUTGOING,https://www.linkedin.com/in/aditya-mehra-b8644b326,https://www.linkedin.com/in/kashvi-bisht-7971b3357
Aditya Mehra,Pritika Khastgir,"8/2/26, 9:33 PM",,OUTGOING,https://www.linkedin.com/in/aditya-mehra-b8644b326,https://www.linkedin.com/in/pritika-khastgir-311507381
Aditya Mehra,Nandini .,"8/2/26, 9:33 PM",,OUTGOING,https://www.linkedin.com/in/aditya-mehra-b8644b326,https://www.linkedin.com/in/nandini-here-39r27372
Aditya Mehra,Nyasa Raut,"8/2/26, 9:33 PM",,OUTGOING,https://www.linkedin.com/in/aditya-mehra-b8644b326,https://www.linkedin.com/in/nyasa-raut-4a938428b
Aditya Mehra,Aarya Morde ,"8/2/26, 9:33 PM",,OUTGOING,https://www.linkedin.com/in/aditya-mehra-b8644b326,https://www.linkedin.com/in/aarya-morde-800611253
Aditya Mehra,Vaidehi Bobde,"8/2/26, 9:33 PM",,OUTGOING,https://www.linkedin.com/in/aditya-mehra-b8644b326,https://www.linkedin.com/in/vaidehi-bobde-291b05216
Aditya Mehra,Yuvika Agarwal,"8/2/26, 9:33 PM",,OUTGOING,https://www.linkedin.com/in/aditya-mehra-b8644b326,https://www.linkedin.com/in/yuvika-agarwal-42895a304
Aditya Mehra,Samiksha Sahu,"8/2/26, 9:32 PM",,OUTGOING,https://www.linkedin.com/in/aditya-mehra-b8644b326,https://www.linkedin.com/in/samiksha-sahu-240723310
Aditya Mehra,Mamta Bhadra,"8/2/26, 9:33 PM",,OUTGOING,https://www.linkedin.com/in/aditya-mehra-b8644b326,https://www.linkedin.com/in/mamta-bhadra-a773783a3
Aditya Mehra,Anandita Palan,"8/2/26, 9:33 PM",,OUTGOING,https://www.linkedin.com/in/aditya-mehra-b8644b326,https://www.linkedin.com/in/anandita-palan-29377737a
Aditya Mehra,Disha  Rathi,"8/2/26, 9:32 PM",,OUTGOING,https://www.linkedin.com/in/aditya-mehra-b8644b326,https://www.linkedin.com/in/disha-rathi-b52665370
Aditya Mehra,Anshita Yadav,"8/2/26, 9:32 PM",,OUTGOING,https://www.linkedin.com/in/aditya-mehra-b8644b326,https://www.linkedin.com/in/anshita-yadav
Aditya Mehra,Ayushi Bidhat,"8/2/26, 9:32 PM",,OUTGOING,https://www.linkedin.com/in/aditya-mehra-b8644b326,https://www.linkedin.com/in/ayushi-bidhat-ab70ba236
Aditya Mehra,Bhavya Goyal,"8/2/26, 9:32 PM",,OUTGOING,https://www.linkedin.com/in/aditya-mehra-b8644b326,https://www.linkedin.com/in/bhavya-goyal-94966a295
Aditya Mehra,Shiwani Sharma,"8/2/26, 9:32 PM",,OUTGOING,https://www.linkedin.com/in/aditya-mehra-b8644b326,https://www.linkedin.com/in/shiwani-sharma-a73a59251
Aditya Mehra,Sneha Sarkar,"8/2/26, 9:32 PM",,OUTGOING,https://www.linkedin.com/in/aditya-mehra-b8644b326,https://www.linkedin.com/in/sneha-sarkar15
Aditya Mehra,Mihika Chauhan,"8/2/26, 9:32 PM",,OUTGOING,https://www.linkedin.com/in/aditya-mehra-b8644b326,https://www.linkedin.com/in/mihika-chauhan-113546367
Aditya Mehra,Rashee Salecha,"8/2/26, 9:32 PM",,OUTGOING,https://www.linkedin.com/in/aditya-mehra-b8644b326,https://www.linkedin.com/in/rashee-salecha-847b48378
Aditya Mehra,Ananya Sharma,"8/2/26, 9:32 PM",,OUTGOING,https://www.linkedin.com/in/aditya-mehra-b8644b326,https://www.linkedin.com/in/ananya-sharma-ab1234257
Aditya Mehra,Kriya Raval,"8/2/26, 9:32 PM",,OUTGOING,https://www.linkedin.com/in/aditya-mehra-b8644b326,https://www.linkedin.com/in/kriyaraval8
Aditya Mehra,Tejas  Chavan,"8/2/26, 9:32 PM",,OUTGOING,https://www.linkedin.com/in/aditya-mehra-b8644b326,https://www.linkedin.com/in/tejas-chavan-52759b2a9
Aditya Mehra,Sharayu Gajapure,"8/2/26, 9:32 PM",,OUTGOING,https://www.linkedin.com/in/aditya-mehra-b8644b326,https://www.linkedin.com/in/sharayu-gajapure-6732a2322
Aditya Mehra,Aayushi Chauhan,"8/2/26, 9:32 PM",,OUTGOING,https://www.linkedin.com/in/aditya-mehra-b8644b326,https://www.linkedin.com/in/aayushi-chauhan-65500024b
Aditya Mehra,Tripti Singh,"8/2/26, 9:32 PM",,OUTGOING,https://www.linkedin.com/in/aditya-mehra-b8644b326,https://www.linkedin.com/in/tripti-singh-a82910268
Aditya Mehra,Barbie Singh,"8/2/26, 9:32 PM",,OUTGOING,https://www.linkedin.com/in/aditya-mehra-b8644b326,https://www.linkedin.com/in/barbie-singh
Aditya Mehra,Sushma Reddy,"8/2/26, 9:32 PM",,OUTGOING,https://www.linkedin.com/in/aditya-mehra-b8644b326,https://www.linkedin.com/in/sushma-reddy-85236021b
Aditya Mehra,Preeti Gunagi,"8/2/26, 9:31 PM",,OUTGOING,https://www.linkedin.com/in/aditya-mehra-b8644b326,https://www.linkedin.com/in/preeti-gunagi
Aditya Mehra,Kaveesha Kochar,"8/2/26, 9:31 PM",,OUTGOING,https://www.linkedin.com/in/aditya-mehra-b8644b326,https://www.linkedin.com/in/kaveesha-kochar-39575721b
Aditya Mehra,Shreya Jaiswal,"8/2/26, 9:32 PM",,OUTGOING,https://www.linkedin.com/in/aditya-mehra-b8644b326,https://www.linkedin.com/in/shreya-jaiswal-967663205
Aditya Mehra,Rhea Jain,"8/2/26, 9:31 PM",,OUTGOING,https://www.linkedin.com/in/aditya-mehra-b8644b326,https://www.linkedin.com/in/rhea123
Aditya Mehra,Adiba Khan,"8/2/26, 9:32 PM",,OUTGOING,https://www.linkedin.com/in/aditya-mehra-b8644b326,https://www.linkedin.com/in/adiba-khan-b5b606340
Aditya Mehra,Saanvi Gupta,"8/2/26, 9:31 PM",,OUTGOING,https://www.linkedin.com/in/aditya-mehra-b8644b326,https://www.linkedin.com/in/saanvi-gupta-b3a9a62aa
Aditya Mehra,Udayati Dinkar,"8/2/26, 9:31 PM",,OUTGOING,https://www.linkedin.com/in/aditya-mehra-b8644b326,https://www.linkedin.com/in/udayati
Aditya Mehra,Shriauli Ballal,"8/2/26, 9:31 PM",,OUTGOING,https://www.linkedin.com/in/aditya-mehra-b8644b326,https://www.linkedin.com/in/shriauli-ballal-062776369
Aditya Mehra,Nandini Malhan,"8/2/26, 9:31 PM",,OUTGOING,https://www.linkedin.com/in/aditya-mehra-b8644b326,https://www.linkedin.com/in/nandini-malhan-8101b525a
Aditya Mehra,Aadishree Dimri,"8/2/26, 9:31 PM",,OUTGOING,https://www.linkedin.com/in/aditya-mehra-b8644b326,https://www.linkedin.com/in/aadishree-dimri-981781293
Aditya Mehra,Meher Hemnani,"8/2/26, 9:31 PM",,OUTGOING,https://www.linkedin.com/in/aditya-mehra-b8644b326,https://www.linkedin.com/in/meher-hemnani-a93592281
Aditya Mehra,Samaira Gupta,"8/2/26, 9:31 PM",,OUTGOING,https://www.linkedin.com/in/aditya-mehra-b8644b326,https://www.linkedin.com/in/samaira-gupta-416802286
Aditya Mehra,Prathyaksha Mogaveera,"8/2/26, 9:31 PM",,OUTGOING,https://www.linkedin.com/in/aditya-mehra-b8644b326,https://www.linkedin.com/in/prathyaksha-mogaveera-25aa58202
Aditya Mehra,Sarah diwan,"8/2/26, 9:31 PM",,OUTGOING,https://www.linkedin.com/in/aditya-mehra-b8644b326,https://www.linkedin.com/in/sarah-diwan-b80002253
Aditya Mehra,Anandi Ghosh,"8/2/26, 9:31 PM",,OUTGOING,https://www.linkedin.com/in/aditya-mehra-b8644b326,https://www.linkedin.com/in/anandi-ghosh-992742322
Aditya Mehra,Yashasvi Goyal,"8/2/26, 9:31 PM",,OUTGOING,https://www.linkedin.com/in/aditya-mehra-b8644b326,https://www.linkedin.com/in/yashasvi-goyal-387490377
Aditya Mehra,Manya Khaitan,"8/2/26, 9:31 PM",,OUTGOING,https://www.linkedin.com/in/aditya-mehra-b8644b326,https://www.linkedin.com/in/manyakhaitan49
Aditya Mehra,Jyoti Lodhi,"8/2/26, 9:31 PM",,OUTGOING,https://www.linkedin.com/in/aditya-mehra-b8644b326,https://www.linkedin.com/in/jyoti-lodhi-2330a823a
Aditya Mehra,Sanjana Poojary,"8/2/26, 9:31 PM",,OUTGOING,https://www.linkedin.com/in/aditya-mehra-b8644b326,https://www.linkedin.com/in/sanjana-poojary
Aditya Mehra,CA Shilpi Kulshrestha,"8/2/26, 9:31 PM",,OUTGOING,https://www.linkedin.com/in/aditya-mehra-b8644b326,https://www.linkedin.com/in/ca-shilpi-kulshrestha-460687127
Aditya Mehra,Donakshi Samriya,"8/2/26, 9:31 PM",,OUTGOING,https://www.linkedin.com/in/aditya-mehra-b8644b326,https://www.linkedin.com/in/donakshi-samriya-629b55358
Aditya Mehra,Bhavya Shetty,"8/2/26, 9:31 PM",,OUTGOING,https://www.linkedin.com/in/aditya-mehra-b8644b326,https://www.linkedin.com/in/bhavya-shetty-b14ab831b
Aditya Mehra,Muskan Sewani,"8/2/26, 9:30 PM",,OUTGOING,https://www.linkedin.com/in/aditya-mehra-b8644b326,https://www.linkedin.com/in/muskan-sewani
Aditya Mehra,Maria Paul,"8/2/26, 9:30 PM",,OUTGOING,https://www.linkedin.com/in/aditya-mehra-b8644b326,https://www.linkedin.com/in/maria-paul-514750334
Aditya Mehra,Saanvi  Jain ,"8/2/26, 9:31 PM",,OUTGOING,https://www.linkedin.com/in/aditya-mehra-b8644b326,https://www.linkedin.com/in/saanvisamitjain
Aditya Mehra,Prachita Sethi,"8/2/26, 9:30 PM",,OUTGOING,https://www.linkedin.com/in/aditya-mehra-b8644b326,https://www.linkedin.com/in/prachita-sethi-541967362
Aditya Mehra,Niyati Jain,"8/2/26, 9:31 PM",,OUTGOING,https://www.linkedin.com/in/aditya-mehra-b8644b326,https://www.linkedin.com/in/niyati-jain-35b95128a
Aditya Mehra,Teesha Sanghavi,"8/2/26, 9:30 PM",,OUTGOING,https://www.linkedin.com/in/aditya-mehra-b8644b326,https://www.linkedin.com/in/teesha-sanghavi-698027302
Aditya Mehra,Yashaswini M,"8/2/26, 9:30 PM",,OUTGOING,https://www.linkedin.com/in/aditya-mehra-b8644b326,https://www.linkedin.com/in/yashaswini-m-374b5b284
Aditya Mehra,Janhvi Kulshreshtha,"8/2/26, 9:30 PM",,OUTGOING,https://www.linkedin.com/in/aditya-mehra-b8644b326,https://www.linkedin.com/in/janhvi-kulshreshtha-5146b8245
Aditya Mehra,Meha Shah,"8/2/26, 9:30 PM",,OUTGOING,https://www.linkedin.com/in/aditya-mehra-b8644b326,https://www.linkedin.com/in/mehashah26
Aditya Mehra,Pooja Kanoujiya,"8/2/26, 9:30 PM",,OUTGOING,https://www.linkedin.com/in/aditya-mehra-b8644b326,https://www.linkedin.com/in/pooja-kanoujiya
Aditya Mehra,Vyoma Gandhi,"8/2/26, 9:30 PM",,OUTGOING,https://www.linkedin.com/in/aditya-mehra-b8644b326,https://www.linkedin.com/in/vyoma-gandhi-443159221
Aditya Mehra,Aishwarya Behera,"8/2/26, 9:30 PM",,OUTGOING,https://www.linkedin.com/in/aditya-mehra-b8644b326,https://www.linkedin.com/in/aishwaryabehera
Aditya Mehra,Suhani Chauhan,"8/2/26, 9:30 PM",,OUTGOING,https://www.linkedin.com/in/aditya-mehra-b8644b326,https://www.linkedin.com/in/suhanichauhaan
Aditya Mehra,Nidhi  Shah,"8/2/26, 9:30 PM",,OUTGOING,https://www.linkedin.com/in/aditya-mehra-b8644b326,https://www.linkedin.com/in/nidhi-shah-a5b282201
Aditya Mehra,Kasak Vora,"8/2/26, 9:30 PM",,OUTGOING,https://www.linkedin.com/in/aditya-mehra-b8644b326,https://www.linkedin.com/in/kasakvora
Aditya Mehra,Dhiral Satra,"8/2/26, 9:30 PM",,OUTGOING,https://www.linkedin.com/in/aditya-mehra-b8644b326,https://www.linkedin.com/in/dhiral-satra-a599b9247
Aditya Mehra,Shraddha Patadia,"8/2/26, 9:29 PM",,OUTGOING,https://www.linkedin.com/in/aditya-mehra-b8644b326,https://www.linkedin.com/in/shraddha-patadia
Aditya Mehra,Sachi Gujrati,"8/2/26, 9:29 PM",,OUTGOING,https://www.linkedin.com/in/aditya-mehra-b8644b326,https://www.linkedin.com/in/sachi-gujrati-8a3868290
Aditya Mehra,Daini Gada,"8/2/26, 9:29 PM",,OUTGOING,https://www.linkedin.com/in/aditya-mehra-b8644b326,https://www.linkedin.com/in/daini-gada-a10643286
Aditya Mehra,Bhoomi Singh,"8/2/26, 9:29 PM",,OUTGOING,https://www.linkedin.com/in/aditya-mehra-b8644b326,https://www.linkedin.com/in/bhoomi-singh-34642931b
Aditya Mehra,Hetvi Vora,"8/2/26, 9:30 PM",,OUTGOING,https://www.linkedin.com/in/aditya-mehra-b8644b326,https://www.linkedin.com/in/hetvi-vora-905a5833a
Aditya Mehra,Riddhi Mehta,"8/2/26, 9:30 PM",,OUTGOING,https://www.linkedin.com/in/aditya-mehra-b8644b326,https://www.linkedin.com/in/riddhi-mehta-97682332b
Aditya Mehra,Nikita Kamat,"8/2/26, 9:29 PM",,OUTGOING,https://www.linkedin.com/in/aditya-mehra-b8644b326,https://www.linkedin.com/in/nikitakamat2005
Aditya Mehra,Aditi Jain,"8/2/26, 9:30 PM",,OUTGOING,https://www.linkedin.com/in/aditya-mehra-b8644b326,https://www.linkedin.com/in/aditi-jain-a33819288
Aditya Mehra,Parthavi Parikh,"8/2/26, 9:30 PM",,OUTGOING,https://www.linkedin.com/in/aditya-mehra-b8644b326,https://www.linkedin.com/in/parthavi-parikh-76b8b5213
Aditya Mehra,Gungeet Kaur,"8/2/26, 9:29 PM",,OUTGOING,https://www.linkedin.com/in/aditya-mehra-b8644b326,https://www.linkedin.com/in/gungeet-kaur
Aditya Mehra,Stuti Rawat,"8/2/26, 9:29 PM",,OUTGOING,https://www.linkedin.com/in/aditya-mehra-b8644b326,https://www.linkedin.com/in/stuti-rawat-
Aditya Mehra,Ananya Parihar,"8/2/26, 9:29 PM",,OUTGOING,https://www.linkedin.com/in/aditya-mehra-b8644b326,https://www.linkedin.com/in/ananya-parihar-2846441b7
Aditya Mehra,Aashna Bareja,"8/2/26, 9:29 PM",,OUTGOING,https://www.linkedin.com/in/aditya-mehra-b8644b326,https://www.linkedin.com/in/aashna-bareja-a485a1284
Aditya Mehra,Tisha Surana,"8/2/26, 9:29 PM",,OUTGOING,https://www.linkedin.com/in/aditya-mehra-b8644b326,https://www.linkedin.com/in/tishasurana
Aditya Mehra,Ashi Trivedi,"8/2/26, 9:29 PM",,OUTGOING,https://www.linkedin.com/in/aditya-mehra-b8644b326,https://www.linkedin.com/in/ashi-trivedi-8469b3304
Aditya Mehra,Yashaswi Majethiya,"8/2/26, 9:29 PM",,OUTGOING,https://www.linkedin.com/in/aditya-mehra-b8644b326,https://www.linkedin.com/in/yashaswi-majethiya-a066b42b1
Aditya Mehra,Jiya Buch,"8/2/26, 9:29 PM",,OUTGOING,https://www.linkedin.com/in/aditya-mehra-b8644b326,https://www.linkedin.com/in/jiyafinanceenthusiast
Aditya Mehra,Anika Reddy,"8/2/26, 9:29 PM",,OUTGOING,https://www.linkedin.com/in/aditya-mehra-b8644b326,https://www.linkedin.com/in/anika---reddy
Aditya Mehra,Dhruvi Kataria,"8/2/26, 9:29 PM",,OUTGOING,https://www.linkedin.com/in/aditya-mehra-b8644b326,https://www.linkedin.com/in/dhruvi-kataria
Aditya Mehra,SHRAJAL SACHAN,"8/2/26, 9:29 PM",,OUTGOING,https://www.linkedin.com/in/aditya-mehra-b8644b326,https://www.linkedin.com/in/shrajal-sachan-12862b35b
Aditya Mehra,Jeenal Khatuwala,"8/2/26, 9:29 PM",,OUTGOING,https://www.linkedin.com/in/aditya-mehra-b8644b326,https://www.linkedin.com/in/jeenalkhatuwala
Aditya Mehra,Nysha Khattar ,"8/2/26, 9:28 PM",,OUTGOING,https://www.linkedin.com/in/aditya-mehra-b8644b326,https://www.linkedin.com/in/nysha-khattar-990461259
Aditya Mehra,Padmashree .,"8/2/26, 9:29 PM",,OUTGOING,https://www.linkedin.com/in/aditya-mehra-b8644b326,https://www.linkedin.com/in/padmashree-7269b2314
Aditya Mehra,Kareena Goswami,"8/2/26, 9:29 PM",,OUTGOING,https://www.linkedin.com/in/aditya-mehra-b8644b326,https://www.linkedin.com/in/kareena-goswami
Aditya Mehra,Gunjan Awatramani,"8/2/26, 9:28 PM",,OUTGOING,https://www.linkedin.com/in/aditya-mehra-b8644b326,https://www.linkedin.com/in/gunjanawatramani
Aditya Mehra,Isha Sedani,"8/2/26, 9:28 PM",,OUTGOING,https://www.linkedin.com/in/aditya-mehra-b8644b326,https://www.linkedin.com/in/ishasedanifinance11
Aditya Mehra,Nishtha Sharma,"8/2/26, 9:28 PM",,OUTGOING,https://www.linkedin.com/in/aditya-mehra-b8644b326,https://www.linkedin.com/in/nishtha-sharma-657939283
Aditya Mehra,Mrunmayi Joglekar,"8/2/26, 9:28 PM",,OUTGOING,https://www.linkedin.com/in/aditya-mehra-b8644b326,https://www.linkedin.com/in/mrunmayi-joglekar-208354389
Aditya Mehra,Anisha Agarwalla,"8/2/26, 9:28 PM",,OUTGOING,https://www.linkedin.com/in/aditya-mehra-b8644b326,https://www.linkedin.com/in/anishaagarwalla
Aditya Mehra,Kavya Gupta,"8/2/26, 9:28 PM",,OUTGOING,https://www.linkedin.com/in/aditya-mehra-b8644b326,https://www.linkedin.com/in/kavya2409
Aditya Mehra,Aashi Bhungalia,"8/2/26, 9:28 PM",,OUTGOING,https://www.linkedin.com/in/aditya-mehra-b8644b326,https://www.linkedin.com/in/aashibhungalia
Aditya Mehra,Purvakshi Dhote,"8/2/26, 9:28 PM",,OUTGOING,https://www.linkedin.com/in/aditya-mehra-b8644b326,https://www.linkedin.com/in/purvakshi-dhote-aa4531273
Aditya Mehra,Aastha Kashyap ,"8/2/26, 9:28 PM",,OUTGOING,https://www.linkedin.com/in/aditya-mehra-b8644b326,https://www.linkedin.com/in/aastha-kashyap-999ab9371
Aditya Mehra,Gitansha  Chadha ,"8/2/26, 9:28 PM",,OUTGOING,https://www.linkedin.com/in/aditya-mehra-b8644b326,https://www.linkedin.com/in/gitansha-chadha-2086a8285
Aditya Mehra,Vagisha  Singh Rajput ,"8/2/26, 9:28 PM",,OUTGOING,https://www.linkedin.com/in/aditya-mehra-b8644b326,https://www.linkedin.com/in/vagisha-singh-rajput-a3b7b7343
Aditya Mehra,Haafizah Khatri,"8/2/26, 9:28 PM",,OUTGOING,https://www.linkedin.com/in/aditya-mehra-b8644b326,https://www.linkedin.com/in/haafizah-khatri-579739285
Aditya Mehra,Graci Pathak,"8/2/26, 9:28 PM",,OUTGOING,https://www.linkedin.com/in/aditya-mehra-b8644b326,https://www.linkedin.com/in/graci-pathak
Aditya Mehra,Bhabna Biswal,"8/2/26, 9:28 PM",,OUTGOING,https://www.linkedin.com/in/aditya-mehra-b8644b326,https://www.linkedin.com/in/bhabna-biswal-2256a0377
Aditya Mehra,Priya Nayak,"8/2/26, 9:28 PM",,OUTGOING,https://www.linkedin.com/in/aditya-mehra-b8644b326,https://www.linkedin.com/in/priya-nayak-752b68300
Aditya Mehra,Anamya Jain,"8/2/26, 9:27 PM",,OUTGOING,https://www.linkedin.com/in/aditya-mehra-b8644b326,https://www.linkedin.com/in/anamya-jain-1431a8289
Aditya Mehra,Avni Sharma,"8/2/26, 9:27 PM",,OUTGOING,https://www.linkedin.com/in/aditya-mehra-b8644b326,https://www.linkedin.com/in/avni-sharma-98b3a12b7
Aditya Mehra,Anvesha Gupta,"8/2/26, 9:27 PM",,OUTGOING,https://www.linkedin.com/in/aditya-mehra-b8644b326,https://www.linkedin.com/in/anvesha-gupta-244536322
Aditya Mehra,Anjana Ramesh,"8/2/26, 9:27 PM",,OUTGOING,https://www.linkedin.com/in/aditya-mehra-b8644b326,https://www.linkedin.com/in/anjana-ramesh-2a3b3a218
Aditya Mehra,Supriya GS,"8/2/26, 9:27 PM",,OUTGOING,https://www.linkedin.com/in/aditya-mehra-b8644b326,https://www.linkedin.com/in/supriya-gs-946430334
Aditya Mehra,Komal Halwai,"8/2/26, 9:27 PM",,OUTGOING,https://www.linkedin.com/in/aditya-mehra-b8644b326,https://www.linkedin.com/in/komal-halwai-6b90ba2a9
Aditya Mehra,Anushka Agarwal,"8/2/26, 9:27 PM",,OUTGOING,https://www.linkedin.com/in/aditya-mehra-b8644b326,https://www.linkedin.com/in/anushka-agarwal-4b2607332
Aditya Mehra,Viansha Pancholi,"8/2/26, 9:27 PM",,OUTGOING,https://www.linkedin.com/in/aditya-mehra-b8644b326,https://www.linkedin.com/in/viansha-pancholi-96a57630a
Aditya Mehra,arushi agrawal,"8/2/26, 9:27 PM",,OUTGOING,https://www.linkedin.com/in/aditya-mehra-b8644b326,https://www.linkedin.com/in/arushi-agrawal-0a4a38283
Aditya Mehra,Pragati Mohanti,"8/2/26, 9:27 PM",,OUTGOING,https://www.linkedin.com/in/aditya-mehra-b8644b326,https://www.linkedin.com/in/pragati-mohanti-716629302
Aditya Mehra,Sonal Preethi Dsouza,"8/2/26, 9:27 PM",,OUTGOING,https://www.linkedin.com/in/aditya-mehra-b8644b326,https://www.linkedin.com/in/sonal-preethi-dsouza-b33821312
Aditya Mehra,Swara Vora,"8/2/26, 9:26 PM",,OUTGOING,https://www.linkedin.com/in/aditya-mehra-b8644b326,https://www.linkedin.com/in/swara-vora-621637312
Aditya Mehra,Arshpreet Kaur,"8/2/26, 9:27 PM",,OUTGOING,https://www.linkedin.com/in/aditya-mehra-b8644b326,https://www.linkedin.com/in/arshpreet-kaur-a65017228
Aditya Mehra,Vidhi Aggarwal,"8/2/26, 9:27 PM",,OUTGOING,https://www.linkedin.com/in/aditya-mehra-b8644b326,https://www.linkedin.com/in/vidhi-aggarwal-8182292a2
Aditya Mehra,Anarose S.,"8/2/26, 9:26 PM",,OUTGOING,https://www.linkedin.com/in/aditya-mehra-b8644b326,https://www.linkedin.com/in/anarose-s-601ab3268
Aditya Mehra,Harshitha Shaji,"8/2/26, 9:26 PM",,OUTGOING,https://www.linkedin.com/in/aditya-mehra-b8644b326,https://www.linkedin.com/in/harshitha-shaji
Aditya Mehra,Rakshitha Shetty,"8/2/26, 9:26 PM",,OUTGOING,https://www.linkedin.com/in/aditya-mehra-b8644b326,https://www.linkedin.com/in/rakshithashetty1611
Aditya Mehra,Rashi Sheth,"8/2/26, 9:26 PM",,OUTGOING,https://www.linkedin.com/in/aditya-mehra-b8644b326,https://www.linkedin.com/in/rashisheth07
Aditya Mehra,Nishtha Sarawgi,"8/2/26, 9:26 PM",,OUTGOING,https://www.linkedin.com/in/aditya-mehra-b8644b326,https://www.linkedin.com/in/nishtha-sarawgi
Aditya Mehra,Mansi Bothra,"8/2/26, 9:26 PM",,OUTGOING,https://www.linkedin.com/in/aditya-mehra-b8644b326,https://www.linkedin.com/in/mansi-bothra-18328b293
Aditya Mehra,Pranjal Trivedi,"8/2/26, 9:26 PM",,OUTGOING,https://www.linkedin.com/in/aditya-mehra-b8644b326,https://www.linkedin.com/in/pranjaltrivedi666
Aditya Mehra,Akshara Sankhyadhar,"8/2/26, 9:26 PM",,OUTGOING,https://www.linkedin.com/in/aditya-mehra-b8644b326,https://www.linkedin.com/in/akshara-sankhyadhar-1032a6378
Aditya Mehra,Nishitha R,"8/2/26, 9:26 PM",,OUTGOING,https://www.linkedin.com/in/aditya-mehra-b8644b326,https://www.linkedin.com/in/nishitha-r-91b090272
Aditya Mehra,Rithika G. Vinod,"8/2/26, 9:26 PM",,OUTGOING,https://www.linkedin.com/in/aditya-mehra-b8644b326,https://www.linkedin.com/in/rithika-g-vinod-63a32933b
Aditya Mehra,Aleena Mary Anil,"8/2/26, 9:26 PM",,OUTGOING,https://www.linkedin.com/in/aditya-mehra-b8644b326,https://www.linkedin.com/in/aleena-mary-anil-0a35b7281
Aditya Mehra,Writtika Das,"8/2/26, 9:26 PM",,OUTGOING,https://www.linkedin.com/in/aditya-mehra-b8644b326,https://www.linkedin.com/in/writtika-das-3917b9179
Aditya Mehra,Avantika Mittal,"8/2/26, 9:26 PM",,OUTGOING,https://www.linkedin.com/in/aditya-mehra-b8644b326,https://www.linkedin.com/in/avantika-mittal-
Aditya Mehra,Naurin Faisal,"8/2/26, 9:25 PM",,OUTGOING,https://www.linkedin.com/in/aditya-mehra-b8644b326,https://www.linkedin.com/in/naurin-faisal-941205360
Aditya Mehra,Twinkle Shetiya,"8/2/26, 9:25 PM",,OUTGOING,https://www.linkedin.com/in/aditya-mehra-b8644b326,https://www.linkedin.com/in/twinkle-shetiya-b999aa363
Aditya Mehra,Shubhangi Kandpal,"8/2/26, 9:25 PM",,OUTGOING,https://www.linkedin.com/in/aditya-mehra-b8644b326,https://www.linkedin.com/in/shubhangi-k-45ab30312
Aditya Mehra,Vibha V,"8/2/26, 9:25 PM",,OUTGOING,https://www.linkedin.com/in/aditya-mehra-b8644b326,https://www.linkedin.com/in/vibha-v--
Aditya Mehra,Shivani Mohanty,"8/2/26, 9:25 PM",,OUTGOING,https://www.linkedin.com/in/aditya-mehra-b8644b326,https://www.linkedin.com/in/shivani-mohanty-868096a1
Aditya Mehra,Pournami S,"8/2/26, 9:25 PM",,OUTGOING,https://www.linkedin.com/in/aditya-mehra-b8644b326,https://www.linkedin.com/in/pournami-s-a914a62b1
Aditya Mehra,Khushi Sampat,"8/2/26, 9:25 PM",,OUTGOING,https://www.linkedin.com/in/aditya-mehra-b8644b326,https://www.linkedin.com/in/khushi-sampat
Aditya Mehra,Yashita Ghosh,"8/2/26, 9:25 PM",,OUTGOING,https://www.linkedin.com/in/aditya-mehra-b8644b326,https://www.linkedin.com/in/yashita-ghosh-681452422
Aditya Mehra,Aarya Prakash,"7/28/26, 3:18 PM",,OUTGOING,https://www.linkedin.com/in/aditya-mehra-b8644b326,https://www.linkedin.com/in/aarya-prakash-aaab0436a
Aditya Mehra,Ridam Kaur,"7/28/26, 3:18 PM",,OUTGOING,https://www.linkedin.com/in/aditya-mehra-b8644b326,https://www.linkedin.com/in/ridam-kaur-b5783630a
Aditya Mehra,Amrita Vidhu,"7/28/26, 3:18 PM",,OUTGOING,https://www.linkedin.com/in/aditya-mehra-b8644b326,https://www.linkedin.com/in/amritavidhu
Aditya Mehra,Samiksha Sharma,"7/28/26, 3:18 PM",,OUTGOING,https://www.linkedin.com/in/aditya-mehra-b8644b326,https://www.linkedin.com/in/samiksha-sharma1470
Aditya Mehra,Mahi Suryawanshi,"7/28/26, 3:18 PM",,OUTGOING,https://www.linkedin.com/in/aditya-mehra-b8644b326,https://www.linkedin.com/in/mahi-suryawanshi-63741332b
Aditya Mehra,Suditi Mallik,"7/28/26, 3:18 PM",,OUTGOING,https://www.linkedin.com/in/aditya-mehra-b8644b326,https://www.linkedin.com/in/suditi-mallik
Aditya Mehra,Nitisha Dhirwani,"7/28/26, 3:18 PM",,OUTGOING,https://www.linkedin.com/in/aditya-mehra-b8644b326,https://www.linkedin.com/in/nitisha-dhirwani-a45520350
Aditya Mehra,Anna Irene Britto,"7/28/26, 3:18 PM",,OUTGOING,https://www.linkedin.com/in/aditya-mehra-b8644b326,https://www.linkedin.com/in/anna-irene-britto-238309366
Aditya Mehra,Teisya Bhatnagar,"7/28/26, 3:18 PM",,OUTGOING,https://www.linkedin.com/in/aditya-mehra-b8644b326,https://www.linkedin.com/in/teisya-bhatnagar
Aditya Mehra,Mitali Bhimani,"7/28/26, 3:18 PM",,OUTGOING,https://www.linkedin.com/in/aditya-mehra-b8644b326,https://www.linkedin.com/in/mitali-bhimani-5242242a4
Aditya Mehra,Ishmeet Kaur Nandre,"7/28/26, 3:18 PM",,OUTGOING,https://www.linkedin.com/in/aditya-mehra-b8644b326,https://www.linkedin.com/in/ishmeet-kaur-nandre-2759b432a
Aditya Mehra,Hemanshi Bhagwat,"7/28/26, 3:18 PM",,OUTGOING,https://www.linkedin.com/in/aditya-mehra-b8644b326,https://www.linkedin.com/in/hemanshi-bhagwat-0a0537412
Aditya Mehra,Aadya Thakur,"7/28/26, 3:18 PM",,OUTGOING,https://www.linkedin.com/in/aditya-mehra-b8644b326,https://www.linkedin.com/in/aadyathakur
Aditya Mehra,Aditi Vadhia,"7/28/26, 3:18 PM",,OUTGOING,https://www.linkedin.com/in/aditya-mehra-b8644b326,https://www.linkedin.com/in/aditi-vadhia-b690972a5
Aditya Mehra,Richa Kandhway,"7/28/26, 3:18 PM",,OUTGOING,https://www.linkedin.com/in/aditya-mehra-b8644b326,https://www.linkedin.com/in/richa-kandhway-782655330
Aditya Mehra,Mahek Jaiswal,"7/28/26, 3:18 PM",,OUTGOING,https://www.linkedin.com/in/aditya-mehra-b8644b326,https://www.linkedin.com/in/mahekjaiswal
Aditya Mehra,Rani Singh,"7/28/26, 3:18 PM",,OUTGOING,https://www.linkedin.com/in/aditya-mehra-b8644b326,https://www.linkedin.com/in/rani-singh-06901b41a
Aditya Mehra,Shathabi M.L,"7/28/26, 3:18 PM",,OUTGOING,https://www.linkedin.com/in/aditya-mehra-b8644b326,https://www.linkedin.com/in/shathabi-m-l-501558238
Aditya Mehra,Khushi Sachin Rane,"7/28/26, 3:18 PM",,OUTGOING,https://www.linkedin.com/in/aditya-mehra-b8644b326,https://www.linkedin.com/in/khushi-sachin-rane-b66313202
Aditya Mehra,Arfa Shariff Aain,"7/28/26, 3:18 PM",,OUTGOING,https://www.linkedin.com/in/aditya-mehra-b8644b326,https://www.linkedin.com/in/arfa-shariff-aain-799393405
Aditya Mehra,Harshita N,"7/28/26, 3:18 PM",,OUTGOING,https://www.linkedin.com/in/aditya-mehra-b8644b326,https://www.linkedin.com/in/harshita-n-104267383
Aditya Mehra,Vrudhi Pai,"7/28/26, 3:17 PM",,OUTGOING,https://www.linkedin.com/in/aditya-mehra-b8644b326,https://www.linkedin.com/in/vrudhi-pai-048095388
Aditya Mehra,Dewangi Bhatia,"7/28/26, 3:18 PM",,OUTGOING,https://www.linkedin.com/in/aditya-mehra-b8644b326,https://www.linkedin.com/in/dewangi-bhatia
Aditya Mehra,Mary Clare Anil,"7/28/26, 3:18 PM",,OUTGOING,https://www.linkedin.com/in/aditya-mehra-b8644b326,https://www.linkedin.com/in/maryclareanil
Aditya Mehra,Supritha MV,"7/28/26, 3:18 PM",,OUTGOING,https://www.linkedin.com/in/aditya-mehra-b8644b326,https://www.linkedin.com/in/supritha-mv-5452b5294
Aditya Mehra,Poornima Namboodiri,"7/28/26, 3:18 PM",,OUTGOING,https://www.linkedin.com/in/aditya-mehra-b8644b326,https://www.linkedin.com/in/poornima-namboodiri-29b4872b3
Aditya Mehra,Saloni Tomar,"7/28/26, 3:18 PM",,OUTGOING,https://www.linkedin.com/in/aditya-mehra-b8644b326,https://www.linkedin.com/in/saloni-tomar-615257421
Aditya Mehra,Titiksha Bisht,"7/28/26, 3:17 PM",,OUTGOING,https://www.linkedin.com/in/aditya-mehra-b8644b326,https://www.linkedin.com/in/titiksha-bisht
Aditya Mehra,Tanaya Das,"7/28/26, 3:17 PM",,OUTGOING,https://www.linkedin.com/in/aditya-mehra-b8644b326,https://www.linkedin.com/in/tanaya-das07
Aditya Mehra,Vidhi Methwani,"7/28/26, 3:18 PM",,OUTGOING,https://www.linkedin.com/in/aditya-mehra-b8644b326,https://www.linkedin.com/in/vidhi-methwani-88069a360
Aditya Mehra,Diya Sharma,"7/28/26, 3:17 PM",,OUTGOING,https://www.linkedin.com/in/aditya-mehra-b8644b326,https://www.linkedin.com/in/diya-sharma-171959243
Aditya Mehra,Ananya Bhamidipati,"7/28/26, 3:17 PM",,OUTGOING,https://www.linkedin.com/in/aditya-mehra-b8644b326,https://www.linkedin.com/in/ananya-bhamidipati-b28047316
Aditya Mehra,Saachi Kaur,"7/28/26, 3:17 PM",,OUTGOING,https://www.linkedin.com/in/aditya-mehra-b8644b326,https://www.linkedin.com/in/saachi-k-b633922bb
Aditya Mehra,Anusha Kusabikal,"7/28/26, 3:17 PM",,OUTGOING,https://www.linkedin.com/in/aditya-mehra-b8644b326,https://www.linkedin.com/in/anusha-kusabikal-248146421
Aditya Mehra,Bhumika Nagpal,"7/28/26, 3:17 PM",,OUTGOING,https://www.linkedin.com/in/aditya-mehra-b8644b326,https://www.linkedin.com/in/bhumika-nagpal
Aditya Mehra,Clara Philip,"7/28/26, 3:17 PM",,OUTGOING,https://www.linkedin.com/in/aditya-mehra-b8644b326,https://www.linkedin.com/in/clara-philip-49b37332b
Aditya Mehra,Rithika Voruganti,"7/28/26, 3:17 PM",,OUTGOING,https://www.linkedin.com/in/aditya-mehra-b8644b326,https://www.linkedin.com/in/rithika-voruganti-284b3925b
Aditya Mehra,Ramita Kapoor,"7/28/26, 3:17 PM",,OUTGOING,https://www.linkedin.com/in/aditya-mehra-b8644b326,https://www.linkedin.com/in/ramita-kapoor-a54419319
Aditya Mehra,Anuja Polawar,"7/28/26, 2:55 PM",,OUTGOING,https://www.linkedin.com/in/aditya-mehra-b8644b326,https://www.linkedin.com/in/anuja-polawar-84627841b
Aditya Mehra,POORNIKA SRI,"7/28/26, 2:55 PM",,OUTGOING,https://www.linkedin.com/in/aditya-mehra-b8644b326,https://www.linkedin.com/in/poornikasri12
Aditya Mehra,Prerna Agrawal,"7/28/26, 2:55 PM",,OUTGOING,https://www.linkedin.com/in/aditya-mehra-b8644b326,https://www.linkedin.com/in/prerna-agrawal-3b1628316
Aditya Mehra,Shreya Nandurkar ,"7/28/26, 2:55 PM",,OUTGOING,https://www.linkedin.com/in/aditya-mehra-b8644b326,https://www.linkedin.com/in/shreya-nandurkar-15310a166
Aditya Mehra,Drishti Lilha,"7/28/26, 2:55 PM",,OUTGOING,https://www.linkedin.com/in/aditya-mehra-b8644b326,https://www.linkedin.com/in/drishti-lilha
Aditya Mehra,Manushree Bansal,"7/28/26, 2:55 PM",,OUTGOING,https://www.linkedin.com/in/aditya-mehra-b8644b326,https://www.linkedin.com/in/manushree-bansal
Aditya Mehra,Vidhi Daiya,"7/28/26, 2:55 PM",,OUTGOING,https://www.linkedin.com/in/aditya-mehra-b8644b326,https://www.linkedin.com/in/vidhidaiya
Aditya Mehra,Preethi Joshi,"7/28/26, 2:54 PM",,OUTGOING,https://www.linkedin.com/in/aditya-mehra-b8644b326,https://www.linkedin.com/in/preethi-joshi-280531418
Aditya Mehra,Chahat Yadav,"7/28/26, 2:54 PM",,OUTGOING,https://www.linkedin.com/in/aditya-mehra-b8644b326,https://www.linkedin.com/in/chahat-yadav-3317b8365
Aditya Mehra,Bhoomi Desai,"7/28/26, 2:54 PM",,OUTGOING,https://www.linkedin.com/in/aditya-mehra-b8644b326,https://www.linkedin.com/in/bhoomi-desai-202b39211
Aditya Mehra,Srividya NR,"7/28/26, 2:54 PM",,OUTGOING,https://www.linkedin.com/in/aditya-mehra-b8644b326,https://www.linkedin.com/in/srividya-nr-05782078
Aditya Mehra,Akanksha Tiwary,"7/28/26, 2:54 PM",,OUTGOING,https://www.linkedin.com/in/aditya-mehra-b8644b326,https://www.linkedin.com/in/akanksha-tiwary
Aditya Mehra,Shriya Gattani,"7/28/26, 2:53 PM",,OUTGOING,https://www.linkedin.com/in/aditya-mehra-b8644b326,https://www.linkedin.com/in/shriya-gattani-07641a215
Aditya Mehra,Anushri Chatterjee,"7/28/26, 2:52 PM",,OUTGOING,https://www.linkedin.com/in/aditya-mehra-b8644b326,https://www.linkedin.com/in/anushri-chatterjee
Aditya Mehra,Aarushi .,"7/28/26, 2:48 PM",,OUTGOING,https://www.linkedin.com/in/aditya-mehra-b8644b326,https://www.linkedin.com/in/aarushi19
Aditya Mehra,Vanshika Agarwal,"7/28/26, 2:48 PM",,OUTGOING,https://www.linkedin.com/in/aditya-mehra-b8644b326,https://www.linkedin.com/in/vanshika-isb
Aditya Mehra,Mahika Khare,"7/28/26, 2:48 PM",,OUTGOING,https://www.linkedin.com/in/aditya-mehra-b8644b326,https://www.linkedin.com/in/mahika-khare
Aditya Mehra,Pallavi Agrawal,"7/28/26, 2:48 PM",,OUTGOING,https://www.linkedin.com/in/aditya-mehra-b8644b326,https://www.linkedin.com/in/pallavi-agrawal-027954141
Aditya Mehra,Rachana Kamath,"7/28/26, 2:47 PM",,OUTGOING,https://www.linkedin.com/in/aditya-mehra-b8644b326,https://www.linkedin.com/in/rachana-kamath-990415160
Aditya Mehra,Amritha Varshni,"7/28/26, 2:46 PM",,OUTGOING,https://www.linkedin.com/in/aditya-mehra-b8644b326,https://www.linkedin.com/in/amritha-varshni-307086359
Aditya Mehra,Kena Kapoor,"7/28/26, 2:45 PM",,OUTGOING,https://www.linkedin.com/in/aditya-mehra-b8644b326,https://www.linkedin.com/in/kena-kapoor-a5b4112bb
Aditya Mehra,Monica Meena,"7/28/26, 2:46 PM",,OUTGOING,https://www.linkedin.com/in/aditya-mehra-b8644b326,https://www.linkedin.com/in/monica-meena-8b5432304
Aditya Mehra,Khushi Bhujannavar,"7/28/26, 2:46 PM",,OUTGOING,https://www.linkedin.com/in/aditya-mehra-b8644b326,https://www.linkedin.com/in/khushi-bhujannavar-48535231a
Aditya Mehra,Priyanka Chakraborty,"7/28/26, 2:46 PM",,OUTGOING,https://www.linkedin.com/in/aditya-mehra-b8644b326,https://www.linkedin.com/in/priyanka-chakraborty-9a5442239
Aditya Mehra,Surarita Chakraborty,"7/28/26, 2:45 PM",,OUTGOING,https://www.linkedin.com/in/aditya-mehra-b8644b326,https://www.linkedin.com/in/surarita-chakraborty-93676b145
Aditya Mehra,Moumita Sarkar,"7/28/26, 2:45 PM",,OUTGOING,https://www.linkedin.com/in/aditya-mehra-b8644b326,https://www.linkedin.com/in/moumita-sarkar-95b009167
Aditya Mehra,Mahima Das,"7/28/26, 2:45 PM",,OUTGOING,https://www.linkedin.com/in/aditya-mehra-b8644b326,https://www.linkedin.com/in/mahima-das-622674313
Aditya Mehra,Shayani Singha,"7/28/26, 2:45 PM",,OUTGOING,https://www.linkedin.com/in/aditya-mehra-b8644b326,https://www.linkedin.com/in/shayani-singha-90490b114
Aditya Mehra,Ayushi Verma,"7/28/26, 2:43 PM",,OUTGOING,https://www.linkedin.com/in/aditya-mehra-b8644b326,https://www.linkedin.com/in/ayushi-verma-882a68379
Aditya Mehra,Pushpavalli J,"7/28/26, 2:42 PM",,OUTGOING,https://www.linkedin.com/in/aditya-mehra-b8644b326,https://www.linkedin.com/in/pushpavalli-j-990884410
Aditya Mehra,Shreekala k,"7/28/26, 2:41 PM",,OUTGOING,https://www.linkedin.com/in/aditya-mehra-b8644b326,https://www.linkedin.com/in/shreekala-k-421139389
Aditya Mehra,Sagar Baiju,"7/28/26, 2:41 PM",,OUTGOING,https://www.linkedin.com/in/aditya-mehra-b8644b326,https://www.linkedin.com/in/sagarbaiju
Aditya Mehra,Anjali Bellur,"7/28/26, 2:41 PM",,OUTGOING,https://www.linkedin.com/in/aditya-mehra-b8644b326,https://www.linkedin.com/in/anjali-bellur-04bbb7352
Aditya Mehra,Varsha TR,"7/28/26, 2:41 PM",,OUTGOING,https://www.linkedin.com/in/aditya-mehra-b8644b326,https://www.linkedin.com/in/varshareddy27
Aditya Mehra,Anjali Kumari,"7/28/26, 2:41 PM",,OUTGOING,https://www.linkedin.com/in/aditya-mehra-b8644b326,https://www.linkedin.com/in/anjali-kumari-5490353a9
Aditya Mehra,Ayumi  Das,"7/28/26, 2:41 PM",,OUTGOING,https://www.linkedin.com/in/aditya-mehra-b8644b326,https://www.linkedin.com/in/ayumi-das-232681380
Aditya Mehra,Mansi Sharma,"7/28/26, 2:41 PM",,OUTGOING,https://www.linkedin.com/in/aditya-mehra-b8644b326,https://www.linkedin.com/in/mansi-sharma-671748359
Aditya Mehra,Mounika K,"7/28/26, 2:41 PM",,OUTGOING,https://www.linkedin.com/in/aditya-mehra-b8644b326,https://www.linkedin.com/in/mounika-k-7ba906413
Aditya Mehra,Manya Bhatia,"7/28/26, 2:41 PM",,OUTGOING,https://www.linkedin.com/in/aditya-mehra-b8644b326,https://www.linkedin.com/in/manya-bhatia-4a50312a6
Aditya Mehra,Poojitha M V,"7/28/26, 2:41 PM",,OUTGOING,https://www.linkedin.com/in/aditya-mehra-b8644b326,https://www.linkedin.com/in/poojitha-m-v-313a45417
Aditya Mehra,Yogitha Srinivas,"7/28/26, 2:41 PM",,OUTGOING,https://www.linkedin.com/in/aditya-mehra-b8644b326,https://www.linkedin.com/in/yogitha-srinivas-a7139a416
Aditya Mehra,Divya Jain,"7/28/26, 2:41 PM",,OUTGOING,https://www.linkedin.com/in/aditya-mehra-b8644b326,https://www.linkedin.com/in/divya-jain14
Aditya Mehra,Abhirami B H,"7/28/26, 2:41 PM",,OUTGOING,https://www.linkedin.com/in/aditya-mehra-b8644b326,https://www.linkedin.com/in/abhirami-b-h-86015141a
Aditya Mehra,Chaya B.L,"7/28/26, 2:41 PM",,OUTGOING,https://www.linkedin.com/in/aditya-mehra-b8644b326,https://www.linkedin.com/in/chaya-b-l-a20426383
Aditya Mehra,Aron V,"7/28/26, 1:30 PM",,OUTGOING,https://www.linkedin.com/in/aditya-mehra-b8644b326,https://www.linkedin.com/in/aron-v-30a071389
Aditya Mehra,Keerthana Cg,"7/28/26, 1:29 PM",,OUTGOING,https://www.linkedin.com/in/aditya-mehra-b8644b326,https://www.linkedin.com/in/keerthana-cg-079674295
Aditya Mehra,SAMRUDHI  V,"7/28/26, 1:29 PM",,OUTGOING,https://www.linkedin.com/in/aditya-mehra-b8644b326,https://www.linkedin.com/in/samrudhi-v-a6382b384
Aditya Mehra,Anushree R K,"7/28/26, 1:29 PM",,OUTGOING,https://www.linkedin.com/in/aditya-mehra-b8644b326,https://www.linkedin.com/in/anushree-r-k-861610410
Aditya Mehra,Nirjala Rai,"7/28/26, 1:28 PM",,OUTGOING,https://www.linkedin.com/in/aditya-mehra-b8644b326,https://www.linkedin.com/in/nirjala-rai-458772422
Aditya Mehra,Noelyn Pandiño,"7/28/26, 1:28 PM",,OUTGOING,https://www.linkedin.com/in/aditya-mehra-b8644b326,https://www.linkedin.com/in/noelynnn
Aditya Mehra,Raya Fathima,"7/28/26, 1:26 PM",,OUTGOING,https://www.linkedin.com/in/aditya-mehra-b8644b326,https://www.linkedin.com/in/raya-fathima-a82335316
Aditya Mehra,Pranati Sharan,"7/28/26, 1:26 PM",,OUTGOING,https://www.linkedin.com/in/aditya-mehra-b8644b326,https://www.linkedin.com/in/pranati-sharan-137b42340
Aditya Mehra,Neha Chinthala,"7/28/26, 1:26 PM",,OUTGOING,https://www.linkedin.com/in/aditya-mehra-b8644b326,https://www.linkedin.com/in/neha-chinthala-a78336265
Aditya Mehra,Akshitha Ashok,"7/28/26, 1:26 PM",,OUTGOING,https://www.linkedin.com/in/aditya-mehra-b8644b326,https://www.linkedin.com/in/akshitha-ashok-34840036a
Aditya Mehra,Shivangi  Khandelwal,"7/28/26, 1:26 PM",,OUTGOING,https://www.linkedin.com/in/aditya-mehra-b8644b326,https://www.linkedin.com/in/shivangi-khandelwal-419380416
Aditya Mehra,alayna dabhi,"7/28/26, 1:26 PM",,OUTGOING,https://www.linkedin.com/in/aditya-mehra-b8644b326,https://www.linkedin.com/in/alayna-dabhi-395396415
Aditya Mehra,Yanamala Sai Divya,"7/28/26, 1:26 PM",,OUTGOING,https://www.linkedin.com/in/aditya-mehra-b8644b326,https://www.linkedin.com/in/yanamala-sai-divya-563580393
Aditya Mehra,Bhoomi Mittal,"7/28/26, 1:26 PM",,OUTGOING,https://www.linkedin.com/in/aditya-mehra-b8644b326,https://www.linkedin.com/in/bhoomimittal18
Aditya Mehra,Krishna Daga M,"7/28/26, 1:25 PM",,OUTGOING,https://www.linkedin.com/in/aditya-mehra-b8644b326,https://www.linkedin.com/in/krishna-daga-m-a33635373
Aditya Mehra,Ashrita Kadiyala,"7/28/26, 1:26 PM",,OUTGOING,https://www.linkedin.com/in/aditya-mehra-b8644b326,https://www.linkedin.com/in/ashrita-kadiyala
Aditya Mehra,Chandana Gangadhar,"7/28/26, 1:26 PM",,OUTGOING,https://www.linkedin.com/in/aditya-mehra-b8644b326,https://www.linkedin.com/in/chandanagangadhar
Aditya Mehra,Anushka Kashyap,"7/28/26, 1:25 PM",,OUTGOING,https://www.linkedin.com/in/aditya-mehra-b8644b326,https://www.linkedin.com/in/anushka-kashyap-349b50422
Aditya Mehra,Ribhya Dhirasaria,"7/28/26, 1:26 PM",,OUTGOING,https://www.linkedin.com/in/aditya-mehra-b8644b326,https://www.linkedin.com/in/ribhya-dhirasaria
Aditya Mehra,Sana Shaji,"7/28/26, 1:25 PM",,OUTGOING,https://www.linkedin.com/in/aditya-mehra-b8644b326,https://www.linkedin.com/in/sana-shaji-b21bab2a6
Aditya Mehra,Tanvi P,"7/28/26, 1:25 PM",,OUTGOING,https://www.linkedin.com/in/aditya-mehra-b8644b326,https://www.linkedin.com/in/tanvi-p-2676a6416
Aditya Mehra,Yashvi Doshi,"7/28/26, 1:25 PM",,OUTGOING,https://www.linkedin.com/in/aditya-mehra-b8644b326,https://www.linkedin.com/in/yashvidoshi-discplined-goaldriven
Aditya Mehra,Manya R,"7/28/26, 1:25 PM",,OUTGOING,https://www.linkedin.com/in/aditya-mehra-b8644b326,https://www.linkedin.com/in/manya-r-4617ba363
Aditya Mehra,Vibha A,"7/28/26, 1:25 PM",,OUTGOING,https://www.linkedin.com/in/aditya-mehra-b8644b326,https://www.linkedin.com/in/vibha-a-02ab94321
Aditya Mehra,Tejasvi Ramesh,"7/28/26, 1:24 PM",,OUTGOING,https://www.linkedin.com/in/aditya-mehra-b8644b326,https://www.linkedin.com/in/tejasvi-ramesh-77ba61419
Aditya Mehra,Shubhangi Dubey,"7/28/26, 1:24 PM",,OUTGOING,https://www.linkedin.com/in/aditya-mehra-b8644b326,https://www.linkedin.com/in/shubhangi-dubey-0b6676321
Aditya Mehra,Samanvitha T R,"7/28/26, 1:24 PM",,OUTGOING,https://www.linkedin.com/in/aditya-mehra-b8644b326,https://www.linkedin.com/in/samanvitha-t-r-b2154a416
Aditya Mehra,Maanvitha Reddy,"7/28/26, 1:24 PM",,OUTGOING,https://www.linkedin.com/in/aditya-mehra-b8644b326,https://www.linkedin.com/in/maanvitha-reddy-a3b702366
Aditya Mehra,Sumedha Shenoy,"7/28/26, 1:24 PM",,OUTGOING,https://www.linkedin.com/in/aditya-mehra-b8644b326,https://www.linkedin.com/in/sumedha-shenoy-4998533a9
Aditya Mehra,Namrata Premani,"7/28/26, 1:24 PM",,OUTGOING,https://www.linkedin.com/in/aditya-mehra-b8644b326,https://www.linkedin.com/in/namrata-premani-6b430b301
Aditya Mehra,Shahrzad Jalali fard,"7/28/26, 1:24 PM",,OUTGOING,https://www.linkedin.com/in/aditya-mehra-b8644b326,https://www.linkedin.com/in/shahrzad-jalali-fard-845273415
Aditya Mehra,Parul Khandare,"7/28/26, 1:24 PM",,OUTGOING,https://www.linkedin.com/in/aditya-mehra-b8644b326,https://www.linkedin.com/in/parul-khandare-a27b5b411
Aditya Mehra,Shristi Pradhan,"7/28/26, 1:24 PM",,OUTGOING,https://www.linkedin.com/in/aditya-mehra-b8644b326,https://www.linkedin.com/in/shristi-pradhan-a1a21a357
Aditya Mehra,Anagha Shanbhog,"7/28/26, 1:24 PM",,OUTGOING,https://www.linkedin.com/in/aditya-mehra-b8644b326,https://www.linkedin.com/in/anagha-shanbhog-a8870b372
Aditya Mehra,Gitanjali Puthumana Ramachandran,"7/28/26, 1:24 PM",,OUTGOING,https://www.linkedin.com/in/aditya-mehra-b8644b326,https://www.linkedin.com/in/gitanjali-ramachandran
Aditya Mehra,Bhavya Mishra,"7/28/26, 1:24 PM",,OUTGOING,https://www.linkedin.com/in/aditya-mehra-b8644b326,https://www.linkedin.com/in/bhavya-mishra-a861062a5
Aditya Mehra,Saniya S,"7/28/26, 1:24 PM",,OUTGOING,https://www.linkedin.com/in/aditya-mehra-b8644b326,https://www.linkedin.com/in/saniya-s-82981a288
Aditya Mehra,Divya B,"7/28/26, 1:24 PM",,OUTGOING,https://www.linkedin.com/in/aditya-mehra-b8644b326,https://www.linkedin.com/in/divya-b-53b91b369
Aditya Mehra,Sindhu Gopal Krishna,"7/28/26, 1:24 PM",,OUTGOING,https://www.linkedin.com/in/aditya-mehra-b8644b326,https://www.linkedin.com/in/sindhu-gopal-krishna
Aditya Mehra,Shreya Verma,"7/28/26, 1:24 PM",,OUTGOING,https://www.linkedin.com/in/aditya-mehra-b8644b326,https://www.linkedin.com/in/shreya-verma-8xp
Aditya Mehra,Nandini Garg,"7/28/26, 1:24 PM",,OUTGOING,https://www.linkedin.com/in/aditya-mehra-b8644b326,https://www.linkedin.com/in/nandini-garg-543182412
Aditya Mehra,Ranya Chandna ,"7/28/26, 1:23 PM",,OUTGOING,https://www.linkedin.com/in/aditya-mehra-b8644b326,https://www.linkedin.com/in/ranya-chandna-6229b8356
Aditya Mehra,Palak Sharma,"7/28/26, 1:24 PM",,OUTGOING,https://www.linkedin.com/in/aditya-mehra-b8644b326,https://www.linkedin.com/in/palak-sharma-33a922380
Aditya Mehra,Vanshika Kajani,"7/28/26, 1:24 PM",,OUTGOING,https://www.linkedin.com/in/aditya-mehra-b8644b326,https://www.linkedin.com/in/vanshika-kajani-406032304
Aditya Mehra,Poosha Sariya,"7/28/26, 1:23 PM",,OUTGOING,https://www.linkedin.com/in/aditya-mehra-b8644b326,https://www.linkedin.com/in/poosha-sariya
Aditya Mehra,Sasha Menon,"7/28/26, 1:23 PM",,OUTGOING,https://www.linkedin.com/in/aditya-mehra-b8644b326,https://www.linkedin.com/in/sasha-menon-13002a366
Aditya Mehra,Trisha Abraham,"7/28/26, 1:23 PM",,OUTGOING,https://www.linkedin.com/in/aditya-mehra-b8644b326,https://www.linkedin.com/in/trisha-abraham
Aditya Mehra,Simon Bapodia,"7/28/26, 1:23 PM",,OUTGOING,https://www.linkedin.com/in/aditya-mehra-b8644b326,https://www.linkedin.com/in/simon-bapodia
Aditya Mehra,Sneha Pathak,"7/28/26, 1:23 PM",,OUTGOING,https://www.linkedin.com/in/aditya-mehra-b8644b326,https://www.linkedin.com/in/sneha-pathak-991b4740a
Aditya Mehra,Lakshmi V,"7/28/26, 1:23 PM",,OUTGOING,https://www.linkedin.com/in/aditya-mehra-b8644b326,https://www.linkedin.com/in/lakshmi-v1
Aditya Mehra,Huzaifa Hafeez,"7/28/26, 1:23 PM",,OUTGOING,https://www.linkedin.com/in/aditya-mehra-b8644b326,https://www.linkedin.com/in/huzaifahafeez1
Aditya Mehra,Jeevitha J,"7/28/26, 1:23 PM",,OUTGOING,https://www.linkedin.com/in/aditya-mehra-b8644b326,https://www.linkedin.com/in/jeevitha-j-33829736b
Aditya Mehra,Yashica D Jain,"7/28/26, 1:23 PM",,OUTGOING,https://www.linkedin.com/in/aditya-mehra-b8644b326,https://www.linkedin.com/in/yashica-d-jain-88201531a
Aditya Mehra,Vinutha V. N,"7/28/26, 1:23 PM",,OUTGOING,https://www.linkedin.com/in/aditya-mehra-b8644b326,https://www.linkedin.com/in/vinutha-v-n-b0b45a2a9
Aditya Mehra,Atrayee Banerjee ,"7/28/26, 1:23 PM",,OUTGOING,https://www.linkedin.com/in/aditya-mehra-b8644b326,https://www.linkedin.com/in/atrayee-banerjee-68b1b2391
Aditya Mehra,Vanya  Goyal,"7/28/26, 1:23 PM",,OUTGOING,https://www.linkedin.com/in/aditya-mehra-b8644b326,https://www.linkedin.com/in/vanya-goyal-33233b416
Aditya Mehra,Rajashree Ghosh,"7/28/26, 1:23 PM",,OUTGOING,https://www.linkedin.com/in/aditya-mehra-b8644b326,https://www.linkedin.com/in/rajashree-ghosh-79b4a1383
Aditya Mehra,Alima Khanum,"7/28/26, 1:23 PM",,OUTGOING,https://www.linkedin.com/in/aditya-mehra-b8644b326,https://www.linkedin.com/in/alima-khanum-602aa131a
Aditya Mehra,Sumayya Najmul Jafri,"7/28/26, 1:23 PM",,OUTGOING,https://www.linkedin.com/in/aditya-mehra-b8644b326,https://www.linkedin.com/in/sumayya-najmul-jafri-62a365416
Aditya Mehra,Sarmina Yeasmin,"7/28/26, 1:23 PM",,OUTGOING,https://www.linkedin.com/in/aditya-mehra-b8644b326,https://www.linkedin.com/in/sarmina-yeasmin-bb1915414
Aditya Mehra,Meenakshi T,"7/28/26, 1:22 PM",,OUTGOING,https://www.linkedin.com/in/aditya-mehra-b8644b326,https://www.linkedin.com/in/meenakshi-t-3119803a8
Aditya Mehra,Sreesha Hukkeri,"7/28/26, 1:23 PM",,OUTGOING,https://www.linkedin.com/in/aditya-mehra-b8644b326,https://www.linkedin.com/in/sreesha-hukkeri-1094a9372
Aditya Mehra,Anita Yadav,"7/28/26, 1:23 PM",,OUTGOING,https://www.linkedin.com/in/aditya-mehra-b8644b326,https://www.linkedin.com/in/anita-yadav-3215ar
Aditya Mehra,Jeeveetha  Seal,"7/28/26, 1:22 PM",,OUTGOING,https://www.linkedin.com/in/aditya-mehra-b8644b326,https://www.linkedin.com/in/jeeveetha-seal-b255b1416
Aditya Mehra,Stuti Nuwal,"7/28/26, 1:23 PM",,OUTGOING,https://www.linkedin.com/in/aditya-mehra-b8644b326,https://www.linkedin.com/in/stuti-nuwal-052794418
Aditya Mehra,Manogna A Somlar,"7/28/26, 1:23 PM",,OUTGOING,https://www.linkedin.com/in/aditya-mehra-b8644b326,https://www.linkedin.com/in/manogna-a-somlar-5171873a5
Aditya Mehra,Jiya kumari,"7/28/26, 1:23 PM",,OUTGOING,https://www.linkedin.com/in/aditya-mehra-b8644b326,https://www.linkedin.com/in/jiya-kumari-710b313a0
Aditya Mehra,Hibba Khan,"7/28/26, 1:23 PM",,OUTGOING,https://www.linkedin.com/in/aditya-mehra-b8644b326,https://www.linkedin.com/in/hibba-khan-542bba357
Aditya Mehra,Tanishka Munshi,"7/28/26, 1:22 PM",,OUTGOING,https://www.linkedin.com/in/aditya-mehra-b8644b326,https://www.linkedin.com/in/tanishka-munshi-9ab48a366
Aditya Mehra,siddhi patole,"7/28/26, 1:23 PM",,OUTGOING,https://www.linkedin.com/in/aditya-mehra-b8644b326,https://www.linkedin.com/in/siddhi-patole-044066252
Aditya Mehra,Madhu Mishra,"7/28/26, 1:22 PM",,OUTGOING,https://www.linkedin.com/in/aditya-mehra-b8644b326,https://www.linkedin.com/in/madhu-mishra-88b11237b
Aditya Mehra,Rupanjana Khanra,"7/28/26, 1:22 PM",,OUTGOING,https://www.linkedin.com/in/aditya-mehra-b8644b326,https://www.linkedin.com/in/rupanjana-khanra-334b69309
Aditya Mehra,Tanusri Anumula,"7/28/26, 1:22 PM",,OUTGOING,https://www.linkedin.com/in/aditya-mehra-b8644b326,https://www.linkedin.com/in/tanusri-anumula
Aditya Mehra,Ananya Shibu,"7/28/26, 1:22 PM",,OUTGOING,https://www.linkedin.com/in/aditya-mehra-b8644b326,https://www.linkedin.com/in/ananya-shibu-17i102k7
Aditya Mehra,Mohana Chakraborty,"7/28/26, 1:05 PM",,OUTGOING,https://www.linkedin.com/in/aditya-mehra-b8644b326,https://www.linkedin.com/in/mohana-chakraborty
Aditya Mehra,Moonalika Dixit,"7/28/26, 2:27 AM",,OUTGOING,https://www.linkedin.com/in/aditya-mehra-b8644b326,https://www.linkedin.com/in/moonalika-dixit-303b15421
Aditya Mehra,Subin Kim,"7/28/26, 2:27 AM",,OUTGOING,https://www.linkedin.com/in/aditya-mehra-b8644b326,https://www.linkedin.com/in/subin-kim-a19b92181
Aditya Mehra,Anshika Verma,"7/28/26, 2:27 AM",,OUTGOING,https://www.linkedin.com/in/aditya-mehra-b8644b326,https://www.linkedin.com/in/anshika-verma-656483289
Aditya Mehra,Sanika Khoche,"7/28/26, 2:26 AM",,OUTGOING,https://www.linkedin.com/in/aditya-mehra-b8644b326,https://www.linkedin.com/in/sanika-khoche-1b075922b
Aditya Mehra,"Ilaha Hajiyeva, PSPO II","7/28/26, 2:26 AM",,OUTGOING,https://www.linkedin.com/in/aditya-mehra-b8644b326,https://www.linkedin.com/in/ilahahajiyeva
Aditya Mehra,Divyanshi Hooda,"7/28/26, 2:26 AM",,OUTGOING,https://www.linkedin.com/in/aditya-mehra-b8644b326,https://www.linkedin.com/in/divyanshi-hooda-553712414
Aditya Mehra,Soumi Mitra,"7/28/26, 2:26 AM",,OUTGOING,https://www.linkedin.com/in/aditya-mehra-b8644b326,https://www.linkedin.com/in/soumi-mitra-695ba5318
Aditya Mehra,Gouri Krishna,"7/28/26, 2:26 AM",,OUTGOING,https://www.linkedin.com/in/aditya-mehra-b8644b326,https://www.linkedin.com/in/gouri-krishna-676393416
Aditya Mehra,Kanika K S,"7/28/26, 2:26 AM",,OUTGOING,https://www.linkedin.com/in/aditya-mehra-b8644b326,https://www.linkedin.com/in/kanikaks
Aditya Mehra,Stuti Shah,"7/28/26, 2:26 AM",,OUTGOING,https://www.linkedin.com/in/aditya-mehra-b8644b326,https://www.linkedin.com/in/stuti-shah-6ba50b417
Aditya Mehra,Sheelarani Sahoo,"7/28/26, 2:26 AM",,OUTGOING,https://www.linkedin.com/in/aditya-mehra-b8644b326,https://www.linkedin.com/in/sheelarani-sahoo-456ba8414
Aditya Mehra,Riya Singh,"7/28/26, 2:26 AM",,OUTGOING,https://www.linkedin.com/in/aditya-mehra-b8644b326,https://www.linkedin.com/in/riya-singh-6250aa231
Aditya Mehra,Diya P,"7/28/26, 1:43 AM",,OUTGOING,https://www.linkedin.com/in/aditya-mehra-b8644b326,https://www.linkedin.com/in/diya-p12
Aditya Mehra,Ahana Kundu,"7/28/26, 1:43 AM",,OUTGOING,https://www.linkedin.com/in/aditya-mehra-b8644b326,https://www.linkedin.com/in/ahanakundu04
Aditya Mehra,Arya Shrivastava,"7/28/26, 1:43 AM",,OUTGOING,https://www.linkedin.com/in/aditya-mehra-b8644b326,https://www.linkedin.com/in/arya-shrivastava-480a77298
Aditya Mehra,Vibhuti Saraogi,"7/28/26, 1:43 AM",,OUTGOING,https://www.linkedin.com/in/aditya-mehra-b8644b326,https://www.linkedin.com/in/vibhuti-saraogi-82061b416
Aditya Mehra,Namita Agarwal,"7/28/26, 1:43 AM",,OUTGOING,https://www.linkedin.com/in/aditya-mehra-b8644b326,https://www.linkedin.com/in/namita-agarwal-72321a300
Aditya Mehra,Hargun Kaur,"7/28/26, 1:43 AM",,OUTGOING,https://www.linkedin.com/in/aditya-mehra-b8644b326,https://www.linkedin.com/in/hargun-kaur-b39068362
Aditya Mehra,Bhidishaa Kar,"7/28/26, 1:42 AM",,OUTGOING,https://www.linkedin.com/in/aditya-mehra-b8644b326,https://www.linkedin.com/in/bhidishaa-kar-157133381
Aditya Mehra,Saloni Pandey,"7/28/26, 1:43 AM",,OUTGOING,https://www.linkedin.com/in/aditya-mehra-b8644b326,https://www.linkedin.com/in/saloni-pandey21
Aditya Mehra,Pragati K,"7/28/26, 1:42 AM",,OUTGOING,https://www.linkedin.com/in/aditya-mehra-b8644b326,https://www.linkedin.com/in/pragati-k-3a12a0372
Aditya Mehra,Yashasvini R,"7/28/26, 1:42 AM",,OUTGOING,https://www.linkedin.com/in/aditya-mehra-b8644b326,https://www.linkedin.com/in/yashasvini-r-568363416
Aditya Mehra,Mahi Singh,"7/28/26, 1:42 AM",,OUTGOING,https://www.linkedin.com/in/aditya-mehra-b8644b326,https://www.linkedin.com/in/mahi-singh-5704553b6
Aditya Mehra,Shonali Pai Raikar,"7/28/26, 1:42 AM",,OUTGOING,https://www.linkedin.com/in/aditya-mehra-b8644b326,https://www.linkedin.com/in/shonali-pai-raikar-348771372
Aditya Mehra,Ria G.,"7/28/26, 1:42 AM",,OUTGOING,https://www.linkedin.com/in/aditya-mehra-b8644b326,https://www.linkedin.com/in/ria-g-533722279
Aditya Mehra,Mridusmita bhadra,"7/28/26, 1:41 AM",,OUTGOING,https://www.linkedin.com/in/aditya-mehra-b8644b326,https://www.linkedin.com/in/mridusmita-bhadra
Aditya Mehra,Sneha Singha Roy,"7/28/26, 1:41 AM",,OUTGOING,https://www.linkedin.com/in/aditya-mehra-b8644b326,https://www.linkedin.com/in/sneha-singha-roy-239409299
Aditya Mehra,Shambhavi Shukla,"7/28/26, 1:41 AM",,OUTGOING,https://www.linkedin.com/in/aditya-mehra-b8644b326,https://www.linkedin.com/in/shambhavi-shukla-818664416
Aditya Mehra,Ojasvini chauhan,"7/28/26, 1:41 AM",,OUTGOING,https://www.linkedin.com/in/aditya-mehra-b8644b326,https://www.linkedin.com/in/ojasvini-chauhan-794b31395
Aditya Mehra,Saloni S,"7/28/26, 1:41 AM",,OUTGOING,https://www.linkedin.com/in/aditya-mehra-b8644b326,https://www.linkedin.com/in/saloni-s-81674b356
Aditya Mehra,Aastha Sangwan,"7/28/26, 1:41 AM",,OUTGOING,https://www.linkedin.com/in/aditya-mehra-b8644b326,https://www.linkedin.com/in/aastha-sangwan-362a41415
Aditya Mehra,Shreyashi Tripathi,"7/28/26, 1:40 AM",,OUTGOING,https://www.linkedin.com/in/aditya-mehra-b8644b326,https://www.linkedin.com/in/shreyashi-tripathi-83340b27a
Aditya Mehra,Sai Netritha D,"7/28/26, 1:40 AM",,OUTGOING,https://www.linkedin.com/in/aditya-mehra-b8644b326,https://www.linkedin.com/in/sainetritha
Aditya Mehra,Sameeksha  Ullal,"7/28/26, 1:40 AM",,OUTGOING,https://www.linkedin.com/in/aditya-mehra-b8644b326,https://www.linkedin.com/in/sameeksha-ullal-3065b3373
Aditya Mehra,Eesha Sai Narasimham,"7/28/26, 1:40 AM",,OUTGOING,https://www.linkedin.com/in/aditya-mehra-b8644b326,https://www.linkedin.com/in/eesha-sai-narasimham-61b54641b
Aditya Mehra,Anamika Seervi,"7/28/26, 1:40 AM",,OUTGOING,https://www.linkedin.com/in/aditya-mehra-b8644b326,https://www.linkedin.com/in/anamika-seervi-885474370
Aditya Mehra,sanjana saravanakumaran,"7/28/26, 1:40 AM",,OUTGOING,https://www.linkedin.com/in/aditya-mehra-b8644b326,https://www.linkedin.com/in/sanjana-saravanakumaran-6b6b9137b
Aditya Mehra,Chalcy singh,"7/20/26, 10:36 AM",,OUTGOING,https://www.linkedin.com/in/aditya-mehra-b8644b326,https://www.linkedin.com/in/chalcy-singh-43560419b
Aditya Mehra,Eva Bhatnagar,"7/20/26, 10:36 AM",,OUTGOING,https://www.linkedin.com/in/aditya-mehra-b8644b326,https://www.linkedin.com/in/evabhatnagar68347
Aditya Mehra,Hima Baijuraj,"7/20/26, 10:36 AM",,OUTGOING,https://www.linkedin.com/in/aditya-mehra-b8644b326,https://www.linkedin.com/in/hima-baijuraj
Aditya Mehra,Farhat Parveen,"7/20/26, 10:36 AM",,OUTGOING,https://www.linkedin.com/in/aditya-mehra-b8644b326,https://www.linkedin.com/in/farhat-parveen-907859361
Aditya Mehra,Naisha Sahay,"7/20/26, 10:36 AM",,OUTGOING,https://www.linkedin.com/in/aditya-mehra-b8644b326,https://www.linkedin.com/in/naisha-sahay
Aditya Mehra,Archana Kumar,"7/20/26, 10:36 AM",,OUTGOING,https://www.linkedin.com/in/aditya-mehra-b8644b326,https://www.linkedin.com/in/archanakumar20
Aditya Mehra,Varshini Holla,"7/20/26, 10:36 AM",,OUTGOING,https://www.linkedin.com/in/aditya-mehra-b8644b326,https://www.linkedin.com/in/varshini192003
Aditya Mehra,Kshamya V,"7/20/26, 10:36 AM",,OUTGOING,https://www.linkedin.com/in/aditya-mehra-b8644b326,https://www.linkedin.com/in/kshamya-v-525258351
Aditya Mehra,Aditi Maktedar,"7/20/26, 10:36 AM",,OUTGOING,https://www.linkedin.com/in/aditya-mehra-b8644b326,https://www.linkedin.com/in/aditi-maktedar-a71617295
Aditya Mehra,Ayesha Chhatoi,"7/20/26, 10:36 AM",,OUTGOING,https://www.linkedin.com/in/aditya-mehra-b8644b326,https://www.linkedin.com/in/ayesha-chhatoi-734792228
Aditya Mehra,Nayana Kb,"7/20/26, 10:36 AM",,OUTGOING,https://www.linkedin.com/in/aditya-mehra-b8644b326,https://www.linkedin.com/in/nayana-kb
Aditya Mehra,Tanishka Singh,"7/20/26, 10:36 AM",,OUTGOING,https://www.linkedin.com/in/aditya-mehra-b8644b326,https://www.linkedin.com/in/tanishka-singh-339828288
Aditya Mehra,SAHANA SANDESH KUMAR,"7/20/26, 10:36 AM",,OUTGOING,https://www.linkedin.com/in/aditya-mehra-b8644b326,https://www.linkedin.com/in/sahana-sandesh-kumar-8861382a0
Aditya Mehra,Bhavya Sivaraj,"7/20/26, 10:36 AM",,OUTGOING,https://www.linkedin.com/in/aditya-mehra-b8644b326,https://www.linkedin.com/in/bhavya-sivaraj-561b65278
Aditya Mehra,Vaishnavi S,"7/20/26, 10:36 AM",,OUTGOING,https://www.linkedin.com/in/aditya-mehra-b8644b326,https://www.linkedin.com/in/vaishnavi-s-756a3025a
Aditya Mehra,Anushka Chakraborty,"7/20/26, 10:36 AM",,OUTGOING,https://www.linkedin.com/in/aditya-mehra-b8644b326,https://www.linkedin.com/in/anushka-chakraborty-428677234
Aditya Mehra,Kaashvi Malviya,"7/20/26, 10:36 AM",,OUTGOING,https://www.linkedin.com/in/aditya-mehra-b8644b326,https://www.linkedin.com/in/kaashvimalviya
Aditya Mehra,Keerthana Chilakuri,"7/20/26, 10:36 AM",,OUTGOING,https://www.linkedin.com/in/aditya-mehra-b8644b326,https://www.linkedin.com/in/keerthana-chilakuri-545789381
Aditya Mehra,Angel Darjee,"7/20/26, 10:36 AM",,OUTGOING,https://www.linkedin.com/in/aditya-mehra-b8644b326,https://www.linkedin.com/in/angel-darjee-8510342a6
Aditya Mehra,Sathvigha Sundararajan,"7/20/26, 10:35 AM",,OUTGOING,https://www.linkedin.com/in/aditya-mehra-b8644b326,https://www.linkedin.com/in/sathvigha-sundararajan-8a7109235
Aditya Mehra,Ananya Siriki,"7/20/26, 10:35 AM",,OUTGOING,https://www.linkedin.com/in/aditya-mehra-b8644b326,https://www.linkedin.com/in/ananyasiriki
Aditya Mehra,Bhavya Kapoor,"7/20/26, 10:35 AM",,OUTGOING,https://www.linkedin.com/in/aditya-mehra-b8644b326,https://www.linkedin.com/in/bhavya-kapoor-59a735216
Aditya Mehra,Titas Dawn,"7/20/26, 10:36 AM",,OUTGOING,https://www.linkedin.com/in/aditya-mehra-b8644b326,https://www.linkedin.com/in/titas-dawn-3b4313222
Aditya Mehra,Kanika Banerjee,"7/20/26, 10:35 AM",,OUTGOING,https://www.linkedin.com/in/aditya-mehra-b8644b326,https://www.linkedin.com/in/kanika-banerjee19
Aditya Mehra,Sakshi Kumari,"7/20/26, 10:36 AM",,OUTGOING,https://www.linkedin.com/in/aditya-mehra-b8644b326,https://www.linkedin.com/in/sakshi-k-762922260
Aditya Mehra,Divya N,"7/20/26, 10:35 AM",,OUTGOING,https://www.linkedin.com/in/aditya-mehra-b8644b326,https://www.linkedin.com/in/divyan2206
Aditya Mehra,jyoti singh,"7/20/26, 10:36 AM",,OUTGOING,https://www.linkedin.com/in/aditya-mehra-b8644b326,https://www.linkedin.com/in/jyoti-singh-134798265
Aditya Mehra,Neha Palegar,"7/20/26, 10:35 AM",,OUTGOING,https://www.linkedin.com/in/aditya-mehra-b8644b326,https://www.linkedin.com/in/neha-palegar-88008829a
Aditya Mehra,Neha Chugh,"7/20/26, 10:35 AM",,OUTGOING,https://www.linkedin.com/in/aditya-mehra-b8644b326,https://www.linkedin.com/in/neha-chugh-152b7a205
Aditya Mehra,Vaibhavi Gowda,"7/20/26, 10:35 AM",,OUTGOING,https://www.linkedin.com/in/aditya-mehra-b8644b326,https://www.linkedin.com/in/vaibhavi-gowda-ab2b28341
Aditya Mehra,Hana Dilha,"7/20/26, 10:35 AM",,OUTGOING,https://www.linkedin.com/in/aditya-mehra-b8644b326,https://www.linkedin.com/in/hana-dilha
Aditya Mehra,Smruti Satabdi,"7/20/26, 10:35 AM",,OUTGOING,https://www.linkedin.com/in/aditya-mehra-b8644b326,https://www.linkedin.com/in/smruti-satabdi-1459301b7
Aditya Mehra,Baisakhi  Das,"7/20/26, 10:35 AM",,OUTGOING,https://www.linkedin.com/in/aditya-mehra-b8644b326,https://www.linkedin.com/in/baisakhi-das-000b59329
Aditya Mehra,Sparshi Singh,"7/20/26, 10:35 AM",,OUTGOING,https://www.linkedin.com/in/aditya-mehra-b8644b326,https://www.linkedin.com/in/sparshi-singh-50640a271
Aditya Mehra,Neethu Sajeeve,"7/20/26, 10:35 AM",,OUTGOING,https://www.linkedin.com/in/aditya-mehra-b8644b326,https://www.linkedin.com/in/neethu-sajeeve-88925231a
Aditya Mehra,Andria Burchett,"7/20/26, 10:35 AM",,OUTGOING,https://www.linkedin.com/in/aditya-mehra-b8644b326,https://www.linkedin.com/in/andria-burchett-111288248
Aditya Mehra,Leelasuki T,"7/20/26, 10:35 AM",,OUTGOING,https://www.linkedin.com/in/aditya-mehra-b8644b326,https://www.linkedin.com/in/leelasuki-t-84b48b250
Aditya Mehra,Dilsha K Dinesan,"7/20/26, 10:35 AM",,OUTGOING,https://www.linkedin.com/in/aditya-mehra-b8644b326,https://www.linkedin.com/in/dilsha-k-dinesan-911877326
Aditya Mehra,Nandana Pradeep,"7/20/26, 10:35 AM",,OUTGOING,https://www.linkedin.com/in/aditya-mehra-b8644b326,https://www.linkedin.com/in/nandana-pradeep-b5a250302
Aditya Mehra,Ananya Srivastava,"7/20/26, 10:35 AM",,OUTGOING,https://www.linkedin.com/in/aditya-mehra-b8644b326,https://www.linkedin.com/in/ananya-srivastava-738a82372
Aditya Mehra,Jenet Ann Tom,"7/20/26, 10:35 AM",,OUTGOING,https://www.linkedin.com/in/aditya-mehra-b8644b326,https://www.linkedin.com/in/jenet-ann-tom-b522b430b
Aditya Mehra,Suhita Salaka,"7/20/26, 10:35 AM",,OUTGOING,https://www.linkedin.com/in/aditya-mehra-b8644b326,https://www.linkedin.com/in/suhitasalaka
Aditya Mehra,Sezal  Tiwari,"7/20/26, 10:35 AM",,OUTGOING,https://www.linkedin.com/in/aditya-mehra-b8644b326,https://www.linkedin.com/in/sezaltiwari09
Aditya Mehra,Rhea Jayaraj,"7/20/26, 10:35 AM",,OUTGOING,https://www.linkedin.com/in/aditya-mehra-b8644b326,https://www.linkedin.com/in/rhea-jayaraj-b68a23220
Aditya Mehra,Joanna Maria George,"7/20/26, 10:35 AM",,OUTGOING,https://www.linkedin.com/in/aditya-mehra-b8644b326,https://www.linkedin.com/in/joanna-maria-george
Aditya Mehra,Ishani Bhattacharjee,"7/20/26, 10:35 AM",,OUTGOING,https://www.linkedin.com/in/aditya-mehra-b8644b326,https://www.linkedin.com/in/ishani-bhattacharjee-b02515324
Aditya Mehra,Sharon Siby,"7/20/26, 10:35 AM",,OUTGOING,https://www.linkedin.com/in/aditya-mehra-b8644b326,https://www.linkedin.com/in/sharon-siby-29184b323
Aditya Mehra,Sheetal Raj,"7/20/26, 10:35 AM",,OUTGOING,https://www.linkedin.com/in/aditya-mehra-b8644b326,https://www.linkedin.com/in/sheetal-raj
Aditya Mehra,Anushitha Babu,"7/20/26, 10:35 AM",,OUTGOING,https://www.linkedin.com/in/aditya-mehra-b8644b326,https://www.linkedin.com/in/anushitha-babu-0734b0154
Aditya Mehra,AKSHAYA P,"7/20/26, 10:35 AM",,OUTGOING,https://www.linkedin.com/in/aditya-mehra-b8644b326,https://www.linkedin.com/in/akshaya-p-4a234b378
Aditya Mehra,Grishma Kolloori,"7/20/26, 10:34 AM",,OUTGOING,https://www.linkedin.com/in/aditya-mehra-b8644b326,https://www.linkedin.com/in/grishma-kolloori-052509379
Aditya Mehra,Mansi .,"7/20/26, 10:35 AM",,OUTGOING,https://www.linkedin.com/in/aditya-mehra-b8644b326,https://www.linkedin.com/in/mansi-32a937314
Aditya Mehra,SINCHANA CR,"7/20/26, 10:35 AM",,OUTGOING,https://www.linkedin.com/in/aditya-mehra-b8644b326,https://www.linkedin.com/in/sinchana-cr-385318385
Aditya Mehra,Chaithanya  V,"7/20/26, 10:35 AM",,OUTGOING,https://www.linkedin.com/in/aditya-mehra-b8644b326,https://www.linkedin.com/in/chaithanyav2610
Aditya Mehra,Manjiri Bansode,"7/20/26, 10:35 AM",,OUTGOING,https://www.linkedin.com/in/aditya-mehra-b8644b326,https://www.linkedin.com/in/manjiri-bansode-0830811aa
Aditya Mehra,Prachi Soni,"7/20/26, 10:31 AM",,OUTGOING,https://www.linkedin.com/in/aditya-mehra-b8644b326,https://www.linkedin.com/in/prachi-soni-4a32ba301
Aditya Mehra,Isha Chauhan,"7/20/26, 10:31 AM",,OUTGOING,https://www.linkedin.com/in/aditya-mehra-b8644b326,https://www.linkedin.com/in/isha-chauhan-894bba22a
Aditya Mehra,Sharanya Manjunath,"7/20/26, 10:31 AM",,OUTGOING,https://www.linkedin.com/in/aditya-mehra-b8644b326,https://www.linkedin.com/in/sharanya-manjunath-931720283
Aditya Mehra,Khushi Rai,"7/20/26, 10:31 AM",,OUTGOING,https://www.linkedin.com/in/aditya-mehra-b8644b326,https://www.linkedin.com/in/khushi-rai
Aditya Mehra,Kanak Chaudhary,"7/20/26, 10:31 AM",,OUTGOING,https://www.linkedin.com/in/aditya-mehra-b8644b326,https://www.linkedin.com/in/kanak-chaudhary-4a1169316
Aditya Mehra,Sweta Jha,"7/20/26, 10:31 AM",,OUTGOING,https://www.linkedin.com/in/aditya-mehra-b8644b326,https://www.linkedin.com/in/sweta-jha-77959222b
Aditya Mehra,Meghna Mishra,"7/20/26, 10:31 AM",,OUTGOING,https://www.linkedin.com/in/aditya-mehra-b8644b326,https://www.linkedin.com/in/meghna-mishra-5267531a6
Aditya Mehra,Harshita Singh,"7/20/26, 10:31 AM",,OUTGOING,https://www.linkedin.com/in/aditya-mehra-b8644b326,https://www.linkedin.com/in/harshita-singh-b88620258
Aditya Mehra,Rajni Choudhary,"7/20/26, 10:31 AM",,OUTGOING,https://www.linkedin.com/in/aditya-mehra-b8644b326,https://www.linkedin.com/in/rajni-choudhary-04b538268
Aditya Mehra,Shreya Joji Pallan,"7/20/26, 10:31 AM",,OUTGOING,https://www.linkedin.com/in/aditya-mehra-b8644b326,https://www.linkedin.com/in/shreya-pallan14
Aditya Mehra,Lahari D,"7/20/26, 10:31 AM",,OUTGOING,https://www.linkedin.com/in/aditya-mehra-b8644b326,https://www.linkedin.com/in/lahari-d-977872194
Aditya Mehra,Yejaswi Agrawal,"7/20/26, 10:31 AM",,OUTGOING,https://www.linkedin.com/in/aditya-mehra-b8644b326,https://www.linkedin.com/in/yejaswi-agrawal-063a78189
Aditya Mehra,Janvi Mahapatra,"7/20/26, 10:31 AM",,OUTGOING,https://www.linkedin.com/in/aditya-mehra-b8644b326,https://www.linkedin.com/in/janvi-mahapatra-90b49223a
Aditya Mehra,Pramyuktha R,"7/20/26, 10:31 AM",,OUTGOING,https://www.linkedin.com/in/aditya-mehra-b8644b326,https://www.linkedin.com/in/pramyuktha-r-8867b120b
Aditya Mehra,ANJALI B N,"7/20/26, 10:31 AM",,OUTGOING,https://www.linkedin.com/in/aditya-mehra-b8644b326,https://www.linkedin.com/in/anjali-b-n-5459a6316
Aditya Mehra,Priya Mukherjee,"7/20/26, 10:31 AM",,OUTGOING,https://www.linkedin.com/in/aditya-mehra-b8644b326,https://www.linkedin.com/in/priya-mukherjee
Aditya Mehra,Archita Pillai,"7/20/26, 10:30 AM",,OUTGOING,https://www.linkedin.com/in/aditya-mehra-b8644b326,https://www.linkedin.com/in/archita-pillai-b30473139
Aditya Mehra,Alpa Oza,"7/20/26, 10:30 AM",,OUTGOING,https://www.linkedin.com/in/aditya-mehra-b8644b326,https://www.linkedin.com/in/alpa-oza-046481233
Aditya Mehra,Arya Jayachandran,"7/20/26, 10:31 AM",,OUTGOING,https://www.linkedin.com/in/aditya-mehra-b8644b326,https://www.linkedin.com/in/arya-jayachandran
Aditya Mehra,Shalvi Kapoor,"7/20/26, 10:31 AM",,OUTGOING,https://www.linkedin.com/in/aditya-mehra-b8644b326,https://www.linkedin.com/in/shalvi-kapoor
Aditya Mehra,Shraddha Chandrashekar,"7/20/26, 10:31 AM",,OUTGOING,https://www.linkedin.com/in/aditya-mehra-b8644b326,https://www.linkedin.com/in/shraddhachandrashekar
Aditya Mehra,Ramyakrishna R Rao,"7/20/26, 10:31 AM",,OUTGOING,https://www.linkedin.com/in/aditya-mehra-b8644b326,https://www.linkedin.com/in/ramyakrishna-r-rao-872688223
Aditya Mehra,Madhushree L,"7/20/26, 10:31 AM",,OUTGOING,https://www.linkedin.com/in/aditya-mehra-b8644b326,https://www.linkedin.com/in/madhushree-l-05ab2a315
Aditya Mehra,Snigdha Abbineni,"7/20/26, 10:30 AM",,OUTGOING,https://www.linkedin.com/in/aditya-mehra-b8644b326,https://www.linkedin.com/in/snigdha-abbineni-856a58264
Aditya Mehra,Anshika Singh,"7/20/26, 10:30 AM",,OUTGOING,https://www.linkedin.com/in/aditya-mehra-b8644b326,https://www.linkedin.com/in/anshika-singh-203a30250
Aditya Mehra,Ankita Priya,"7/20/26, 10:31 AM",,OUTGOING,https://www.linkedin.com/in/aditya-mehra-b8644b326,https://www.linkedin.com/in/ankita-priya-74000a256
Aditya Mehra,Alisha Verma,"7/20/26, 10:31 AM",,OUTGOING,https://www.linkedin.com/in/aditya-mehra-b8644b326,https://www.linkedin.com/in/alisha-verma-baa48b1b3
Aditya Mehra,Ayushi Trivedi,"7/20/26, 10:30 AM",,OUTGOING,https://www.linkedin.com/in/aditya-mehra-b8644b326,https://www.linkedin.com/in/ayushi-trivedi-82a080281
Aditya Mehra,Lalita Mehta,"7/20/26, 10:31 AM",,OUTGOING,https://www.linkedin.com/in/aditya-mehra-b8644b326,https://www.linkedin.com/in/lalita-mehta-1b6866196
Aditya Mehra,Sneha S,"7/20/26, 10:31 AM",,OUTGOING,https://www.linkedin.com/in/aditya-mehra-b8644b326,https://www.linkedin.com/in/sneha-s-369347243
Aditya Mehra,Likitha Shree N,"7/20/26, 10:30 AM",,OUTGOING,https://www.linkedin.com/in/aditya-mehra-b8644b326,https://www.linkedin.com/in/likitha-shree-n-08b9ab3a4
Aditya Mehra,Kiranmayi R,"7/20/26, 10:30 AM",,OUTGOING,https://www.linkedin.com/in/aditya-mehra-b8644b326,https://www.linkedin.com/in/kiranmayir
Aditya Mehra,Priya Bhalotia,"7/20/26, 10:30 AM",,OUTGOING,https://www.linkedin.com/in/aditya-mehra-b8644b326,https://www.linkedin.com/in/priya-bhalotia
Aditya Mehra,Monisha Harish,"7/20/26, 10:30 AM",,OUTGOING,https://www.linkedin.com/in/aditya-mehra-b8644b326,https://www.linkedin.com/in/monisha-harish-3a100a254
Aditya Mehra,Melisa Maria Mario,"7/20/26, 10:30 AM",,OUTGOING,https://www.linkedin.com/in/aditya-mehra-b8644b326,https://www.linkedin.com/in/melisa-maria-mario-582b48335
Aditya Mehra,MONOSWINI SARKAR,"7/20/26, 10:27 AM",,OUTGOING,https://www.linkedin.com/in/aditya-mehra-b8644b326,https://www.linkedin.com/in/monoswini-sarkar-566b0b225
Aditya Mehra,Khushi Singh,"7/20/26, 10:27 AM",,OUTGOING,https://www.linkedin.com/in/aditya-mehra-b8644b326,https://www.linkedin.com/in/khushisinghindia
Aditya Mehra,Shubhra Singh,"7/20/26, 10:27 AM",,OUTGOING,https://www.linkedin.com/in/aditya-mehra-b8644b326,https://www.linkedin.com/in/shubhra-singh333
Aditya Mehra,Thirumaladevi Jeganathan,"7/20/26, 10:26 AM",,OUTGOING,https://www.linkedin.com/in/aditya-mehra-b8644b326,https://www.linkedin.com/in/thirumaladevi
Aditya Mehra,Rishika Saxena,"7/20/26, 10:26 AM",,OUTGOING,https://www.linkedin.com/in/aditya-mehra-b8644b326,https://www.linkedin.com/in/rishikasaxena24
Aditya Mehra,"Reshma M, PhD","7/20/26, 10:25 AM",,OUTGOING,https://www.linkedin.com/in/aditya-mehra-b8644b326,https://www.linkedin.com/in/reshma21
Aditya Mehra,Kirubhavani B,"7/20/26, 10:25 AM",,OUTGOING,https://www.linkedin.com/in/aditya-mehra-b8644b326,https://www.linkedin.com/in/kirubhavani-b-629444277
Aditya Mehra,Darshika  Jain,"7/20/26, 10:25 AM",,OUTGOING,https://www.linkedin.com/in/aditya-mehra-b8644b326,https://www.linkedin.com/in/darshika-jain-769040307
Aditya Mehra,Prerna Pathak,"7/20/26, 10:25 AM",,OUTGOING,https://www.linkedin.com/in/aditya-mehra-b8644b326,https://www.linkedin.com/in/prerna-pathak-522063230
Aditya Mehra,Aarthy J R,"7/20/26, 10:25 AM",,OUTGOING,https://www.linkedin.com/in/aditya-mehra-b8644b326,https://www.linkedin.com/in/aarthyjr
Aditya Mehra,Teja Reddy,"7/20/26, 10:25 AM",,OUTGOING,https://www.linkedin.com/in/aditya-mehra-b8644b326,https://www.linkedin.com/in/teja-boreddy
Aditya Mehra,Aastha Tandon,"7/20/26, 10:24 AM",,OUTGOING,https://www.linkedin.com/in/aditya-mehra-b8644b326,https://www.linkedin.com/in/aastha-tandon-49a515242
Aditya Mehra,Sneha C,"7/20/26, 10:21 AM",,OUTGOING,https://www.linkedin.com/in/aditya-mehra-b8644b326,https://www.linkedin.com/in/sneha-c-638345301
Aditya Mehra,VARSHINI B,"7/20/26, 10:21 AM",,OUTGOING,https://www.linkedin.com/in/aditya-mehra-b8644b326,https://www.linkedin.com/in/varshini-b-ba47aa398
Aditya Mehra,Anushka Choudhary,"7/20/26, 10:20 AM",,OUTGOING,https://www.linkedin.com/in/aditya-mehra-b8644b326,https://www.linkedin.com/in/anushka-choudhary-09b902320
Aditya Mehra,Yamuna p Shetty,"7/20/26, 10:21 AM",,OUTGOING,https://www.linkedin.com/in/aditya-mehra-b8644b326,https://www.linkedin.com/in/yamuna-p-shetty-5912a6344
Aditya Mehra,Sri Poojitha,"7/20/26, 10:21 AM",,OUTGOING,https://www.linkedin.com/in/aditya-mehra-b8644b326,https://www.linkedin.com/in/sri-poojitha-a86971381
Aditya Mehra,Divya Deshpande,"7/20/26, 9:59 AM",,OUTGOING,https://www.linkedin.com/in/aditya-mehra-b8644b326,https://www.linkedin.com/in/divya-deshpande-a02147309
Aditya Mehra,Erna Nurhayati,"7/20/26, 9:59 AM",,OUTGOING,https://www.linkedin.com/in/aditya-mehra-b8644b326,https://www.linkedin.com/in/erna-nurhayati-294989234
Aditya Mehra,Neethi Srinivas,"7/20/26, 9:59 AM",,OUTGOING,https://www.linkedin.com/in/aditya-mehra-b8644b326,https://www.linkedin.com/in/neethi-srinivas-791b1814
Aditya Mehra,Raval Aditi,"7/20/26, 9:59 AM",,OUTGOING,https://www.linkedin.com/in/aditya-mehra-b8644b326,https://www.linkedin.com/in/raval-aditi-133b8324b
Aditya Mehra,Sreelekshmi S Jyothi,"7/20/26, 9:58 AM",,OUTGOING,https://www.linkedin.com/in/aditya-mehra-b8644b326,https://www.linkedin.com/in/sreelekshmi-s-jyothi-237043279
Aditya Mehra,Vipassana Gautam,"7/20/26, 9:58 AM",,OUTGOING,https://www.linkedin.com/in/aditya-mehra-b8644b326,https://www.linkedin.com/in/vipassana-gautam-334866200
Aditya Mehra,Kumuda Kanatti,"7/20/26, 9:58 AM",,OUTGOING,https://www.linkedin.com/in/aditya-mehra-b8644b326,https://www.linkedin.com/in/kumuda-kanatti-26279020b
Aditya Mehra,Greeshma Harikumar,"7/20/26, 9:56 AM",,OUTGOING,https://www.linkedin.com/in/aditya-mehra-b8644b326,https://www.linkedin.com/in/greeshma-harikumar-99438a22a
Aditya Mehra,Dalima Upadhyaya,"7/20/26, 9:55 AM",,OUTGOING,https://www.linkedin.com/in/aditya-mehra-b8644b326,https://www.linkedin.com/in/dalima-upadhyaya-a451051a9
Aditya Mehra,GAYATHRI R NAIR,"7/20/26, 9:54 AM",,OUTGOING,https://www.linkedin.com/in/aditya-mehra-b8644b326,https://www.linkedin.com/in/gayathrinair0137
Aditya Mehra,Kushala M,"7/20/26, 9:54 AM",,OUTGOING,https://www.linkedin.com/in/aditya-mehra-b8644b326,https://www.linkedin.com/in/kushala-m-6736bb296
Aditya Mehra,Anshi  S.,"7/20/26, 9:54 AM",,OUTGOING,https://www.linkedin.com/in/aditya-mehra-b8644b326,https://www.linkedin.com/in/anshi-s-6151a4411
Aditya Mehra,Mahek Gupta,"7/20/26, 9:53 AM",,OUTGOING,https://www.linkedin.com/in/aditya-mehra-b8644b326,https://www.linkedin.com/in/mahek-gupta-320b57414
Aditya Mehra,Aadya Thakur,"7/20/26, 9:54 AM",,OUTGOING,https://www.linkedin.com/in/aditya-mehra-b8644b326,https://www.linkedin.com/in/aadya-thakur-15b88640b
Aditya Mehra,Drithi Bohara,"7/20/26, 9:53 AM",,OUTGOING,https://www.linkedin.com/in/aditya-mehra-b8644b326,https://www.linkedin.com/in/drithi-bohara-7a6082272
Aditya Mehra,Tejaswini B K,"7/20/26, 9:53 AM",,OUTGOING,https://www.linkedin.com/in/aditya-mehra-b8644b326,https://www.linkedin.com/in/tejaswini-b-k-4198543a3
Aditya Mehra,Niranjana Baburaj,"7/20/26, 9:53 AM",,OUTGOING,https://www.linkedin.com/in/aditya-mehra-b8644b326,https://www.linkedin.com/in/niranjana-baburaj-58a432304
Aditya Mehra,rhea boury,"7/20/26, 9:54 AM",,OUTGOING,https://www.linkedin.com/in/aditya-mehra-b8644b326,https://www.linkedin.com/in/rhea-boury-421103234
Aditya Mehra,NAIFA THALHATH,"7/20/26, 9:53 AM",,OUTGOING,https://www.linkedin.com/in/aditya-mehra-b8644b326,https://www.linkedin.com/in/naifa-thalhath-966660319
Aditya Mehra,Palak Pathak,"7/20/26, 9:53 AM",,OUTGOING,https://www.linkedin.com/in/aditya-mehra-b8644b326,https://www.linkedin.com/in/palakpathak1515
Aditya Mehra,Aiswarya Francis,"7/20/26, 9:53 AM",,OUTGOING,https://www.linkedin.com/in/aditya-mehra-b8644b326,https://www.linkedin.com/in/aiswarya-francis-52b92a318
Aditya Mehra,Varsha Bhaskar,"7/20/26, 9:53 AM",,OUTGOING,https://www.linkedin.com/in/aditya-mehra-b8644b326,https://www.linkedin.com/in/varsha-bhaskar-0b4331230
Aditya Mehra,Pragati Batra,"7/20/26, 9:53 AM",,OUTGOING,https://www.linkedin.com/in/aditya-mehra-b8644b326,https://www.linkedin.com/in/pragati-batra-7622563b6
Aditya Mehra,Priyanka Kumari,"7/20/26, 9:53 AM",,OUTGOING,https://www.linkedin.com/in/aditya-mehra-b8644b326,https://www.linkedin.com/in/priyanka-kumari-3a3921397
Aditya Mehra,Hamsini  Rao,"7/20/26, 9:53 AM",,OUTGOING,https://www.linkedin.com/in/aditya-mehra-b8644b326,https://www.linkedin.com/in/hamsini-rao-13456a319
Aditya Mehra,Vidhika Singh,"7/20/26, 9:53 AM",,OUTGOING,https://www.linkedin.com/in/aditya-mehra-b8644b326,https://www.linkedin.com/in/vidhikasingh12
Aditya Mehra,Umme Saara,"7/20/26, 9:53 AM",,OUTGOING,https://www.linkedin.com/in/aditya-mehra-b8644b326,https://www.linkedin.com/in/umme-saara-a29645373
Aditya Mehra,AKSHAYAA T,"7/20/26, 9:53 AM",,OUTGOING,https://www.linkedin.com/in/aditya-mehra-b8644b326,https://www.linkedin.com/in/akshayaa-t
Aditya Mehra,diya bohara,"7/20/26, 9:53 AM",,OUTGOING,https://www.linkedin.com/in/aditya-mehra-b8644b326,https://www.linkedin.com/in/diya-bohara-31b47841a
Aditya Mehra,Preksha Barmat,"7/20/26, 9:53 AM",,OUTGOING,https://www.linkedin.com/in/aditya-mehra-b8644b326,https://www.linkedin.com/in/preksha-barmat-197448387
Aditya Mehra,Yamini  Niharika,"7/20/26, 9:53 AM",,OUTGOING,https://www.linkedin.com/in/aditya-mehra-b8644b326,https://www.linkedin.com/in/yamini-niharika-290b06253
Aditya Mehra,Disha Thakkar,"7/20/26, 9:53 AM",,OUTGOING,https://www.linkedin.com/in/aditya-mehra-b8644b326,https://www.linkedin.com/in/disha-thakkar-8b2879418
Aditya Mehra,Sashwat Kumar,"7/20/26, 9:52 AM",,OUTGOING,https://www.linkedin.com/in/aditya-mehra-b8644b326,https://www.linkedin.com/in/sashwat-kumar-5264a5326
Aditya Mehra,SNEHA GHOSH,"7/20/26, 9:52 AM",,OUTGOING,https://www.linkedin.com/in/aditya-mehra-b8644b326,https://www.linkedin.com/in/snehabellaghosh
Aditya Mehra,SHARVAANI  V,"7/20/26, 9:52 AM",,OUTGOING,https://www.linkedin.com/in/aditya-mehra-b8644b326,https://www.linkedin.com/in/sharvaani-v-675b21412
Aditya Mehra,Akshatha Shrivastava,"7/20/26, 9:52 AM",,OUTGOING,https://www.linkedin.com/in/aditya-mehra-b8644b326,https://www.linkedin.com/in/akshathashrivastava
Aditya Mehra,Hemangi Dadhich,"7/20/26, 9:51 AM",,OUTGOING,https://www.linkedin.com/in/aditya-mehra-b8644b326,https://www.linkedin.com/in/hemangi-dadhich-693800400
Aditya Mehra,Archanaa P,"7/20/26, 9:51 AM",,OUTGOING,https://www.linkedin.com/in/aditya-mehra-b8644b326,https://www.linkedin.com/in/archanaa-p-b0241a36b
Aditya Mehra,Siddhi Vijjan,"7/20/26, 9:51 AM",,OUTGOING,https://www.linkedin.com/in/aditya-mehra-b8644b326,https://www.linkedin.com/in/siddhi-vijjan-
Aditya Mehra,Tejeshwani Pandit,"7/20/26, 9:51 AM",,OUTGOING,https://www.linkedin.com/in/aditya-mehra-b8644b326,https://www.linkedin.com/in/tejeshwanipandit
Aditya Mehra,Lakshmipriya Manojkumar,"7/20/26, 9:51 AM",,OUTGOING,https://www.linkedin.com/in/aditya-mehra-b8644b326,https://www.linkedin.com/in/lakshmipriya-manojkumar-3a9257341
Aditya Mehra,Abhineswari Lingala,"7/20/26, 9:51 AM",,OUTGOING,https://www.linkedin.com/in/aditya-mehra-b8644b326,https://www.linkedin.com/in/abhineswari-lingala-bba1002a5
Aditya Mehra,Urvija Kapila,"7/20/26, 9:51 AM",,OUTGOING,https://www.linkedin.com/in/aditya-mehra-b8644b326,https://www.linkedin.com/in/urvija-kapila-872443267
Aditya Mehra,Tanishka Rathore,"7/20/26, 9:51 AM",,OUTGOING,https://www.linkedin.com/in/aditya-mehra-b8644b326,https://www.linkedin.com/in/tanishka-rathore-948979313
Aditya Mehra,Bhavika Pawar,"7/20/26, 9:51 AM",,OUTGOING,https://www.linkedin.com/in/aditya-mehra-b8644b326,https://www.linkedin.com/in/bhavika-pawar-039634372
Aditya Mehra,Adv. Kavana Gowda,"7/20/26, 9:51 AM",,OUTGOING,https://www.linkedin.com/in/aditya-mehra-b8644b326,https://www.linkedin.com/in/adv-kavana-gowda-b00965265
Aditya Mehra,Devika Keerthi,"7/20/26, 9:51 AM",,OUTGOING,https://www.linkedin.com/in/aditya-mehra-b8644b326,https://www.linkedin.com/in/devika-keerthi
Aditya Mehra,Nithya L,"7/20/26, 9:51 AM",,OUTGOING,https://www.linkedin.com/in/aditya-mehra-b8644b326,https://www.linkedin.com/in/nithya-l
Aditya Mehra,Monisha Rajashekhar,"7/20/26, 9:51 AM",,OUTGOING,https://www.linkedin.com/in/aditya-mehra-b8644b326,https://www.linkedin.com/in/monisha-rajashekhar-9801b3246
Aditya Mehra,Priyanshi Varshney,"7/20/26, 9:51 AM",,OUTGOING,https://www.linkedin.com/in/aditya-mehra-b8644b326,https://www.linkedin.com/in/priya2004
Aditya Mehra,Karisma C R,"7/20/26, 9:50 AM",,OUTGOING,https://www.linkedin.com/in/aditya-mehra-b8644b326,https://www.linkedin.com/in/karismacr
Aditya Mehra,Ankitha Lahari M N,"7/20/26, 9:51 AM",,OUTGOING,https://www.linkedin.com/in/aditya-mehra-b8644b326,https://www.linkedin.com/in/ankithalaharimn
Aditya Mehra,Sai Shriya,"7/20/26, 9:51 AM",,OUTGOING,https://www.linkedin.com/in/aditya-mehra-b8644b326,https://www.linkedin.com/in/sai-shriya-500839378
Aditya Mehra,SRISHTI G,"7/20/26, 9:51 AM",,OUTGOING,https://www.linkedin.com/in/aditya-mehra-b8644b326,https://www.linkedin.com/in/srishti-g-4559ab345
Aditya Mehra,Vaishnavi S D,"7/20/26, 9:51 AM",,OUTGOING,https://www.linkedin.com/in/aditya-mehra-b8644b326,https://www.linkedin.com/in/vaishnavi-s-d-68540a292
Aditya Mehra,Khushi Singh,"7/20/26, 9:51 AM",,OUTGOING,https://www.linkedin.com/in/aditya-mehra-b8644b326,https://www.linkedin.com/in/khushi-singh-653622366
Aditya Mehra,Snigdha Priya Venktesh,"7/20/26, 9:51 AM",,OUTGOING,https://www.linkedin.com/in/aditya-mehra-b8644b326,https://www.linkedin.com/in/snigdha-priya-venktesh-18959b35b
Aditya Mehra,Miss Pallavi Prasad,"7/20/26, 9:50 AM",,OUTGOING,https://www.linkedin.com/in/aditya-mehra-b8644b326,https://www.linkedin.com/in/miss-pallavi-prasad-9b606b254
Aditya Mehra,Mitali Gour,"7/20/26, 9:50 AM",,OUTGOING,https://www.linkedin.com/in/aditya-mehra-b8644b326,https://www.linkedin.com/in/mitali-gour-147609261
Aditya Mehra,Chiguru A S,"7/20/26, 9:50 AM",,OUTGOING,https://www.linkedin.com/in/aditya-mehra-b8644b326,https://www.linkedin.com/in/chiguru-a-s-795b44351
Aditya Mehra,Shreya Shreeja,"7/20/26, 9:51 AM",,OUTGOING,https://www.linkedin.com/in/aditya-mehra-b8644b326,https://www.linkedin.com/in/shreya-shreeja-965415166
Aditya Mehra,Adv Sugapriya Subbaiah S,"7/20/26, 9:50 AM",,OUTGOING,https://www.linkedin.com/in/aditya-mehra-b8644b326,https://www.linkedin.com/in/sugapriyas
Aditya Mehra,Aishwarya Raj,"7/20/26, 9:50 AM",,OUTGOING,https://www.linkedin.com/in/aditya-mehra-b8644b326,https://www.linkedin.com/in/aishwarya-raj-acc1303
Aditya Mehra,Aditi Chirania,"7/20/26, 9:50 AM",,OUTGOING,https://www.linkedin.com/in/aditya-mehra-b8644b326,https://www.linkedin.com/in/aditi-chirania-92689031a
Aditya Mehra,Vinti kumari,"7/20/26, 9:50 AM",,OUTGOING,https://www.linkedin.com/in/aditya-mehra-b8644b326,https://www.linkedin.com/in/vinti-kumari-92443529b
Aditya Mehra,Ganga.V. Chitti,"7/20/26, 9:50 AM",,OUTGOING,https://www.linkedin.com/in/aditya-mehra-b8644b326,https://www.linkedin.com/in/ganga-chitti
Aditya Mehra,Ranjitha Shanmugasundaram,"7/20/26, 9:50 AM",,OUTGOING,https://www.linkedin.com/in/aditya-mehra-b8644b326,https://www.linkedin.com/in/ranjitha-shanmugasundaram-1a2558349
Aditya Mehra,Aiswarya CT,"7/20/26, 9:50 AM",,OUTGOING,https://www.linkedin.com/in/aditya-mehra-b8644b326,https://www.linkedin.com/in/aiswarya-ct-094b0732a
Aditya Mehra,Shreyaa Patnaik,"7/20/26, 9:50 AM",,OUTGOING,https://www.linkedin.com/in/aditya-mehra-b8644b326,https://www.linkedin.com/in/shreyaapatnaik
Aditya Mehra,Vaibhavi Mantale,"7/20/26, 9:50 AM",,OUTGOING,https://www.linkedin.com/in/aditya-mehra-b8644b326,https://www.linkedin.com/in/vaibhavi-mantale-475a54377
Aditya Mehra,Ancy PM,"7/20/26, 9:50 AM",,OUTGOING,https://www.linkedin.com/in/aditya-mehra-b8644b326,https://www.linkedin.com/in/ancy-pm
Aditya Mehra,Vismaya K S,"7/20/26, 9:50 AM",,OUTGOING,https://www.linkedin.com/in/aditya-mehra-b8644b326,https://www.linkedin.com/in/vismaya-k-s-a52a17237
Aditya Mehra,Jigyasa Kathuria,"7/20/26, 9:50 AM",,OUTGOING,https://www.linkedin.com/in/aditya-mehra-b8644b326,https://www.linkedin.com/in/jigyasa-jigyasa
Aditya Mehra,Theja Shree KM,"7/20/26, 9:50 AM",,OUTGOING,https://www.linkedin.com/in/aditya-mehra-b8644b326,https://www.linkedin.com/in/thejashreekm
Aditya Mehra,Naina  Anoop ,"7/20/26, 9:50 AM",,OUTGOING,https://www.linkedin.com/in/aditya-mehra-b8644b326,https://www.linkedin.com/in/naina-anoop-7718b41b8
Aditya Mehra,Sudheeksha S,"7/20/26, 9:50 AM",,OUTGOING,https://www.linkedin.com/in/aditya-mehra-b8644b326,https://www.linkedin.com/in/sudheeksha-s
Aditya Mehra,Aahana Pandey,"7/20/26, 9:50 AM",,OUTGOING,https://www.linkedin.com/in/aditya-mehra-b8644b326,https://www.linkedin.com/in/aahana-pandey-51b401227
Aditya Mehra,Sanjana Shankar,"7/20/26, 9:50 AM",,OUTGOING,https://www.linkedin.com/in/aditya-mehra-b8644b326,https://www.linkedin.com/in/sanjana-shankar-528880303
Aditya Mehra,Adrija Chakraborty,"7/20/26, 9:50 AM",,OUTGOING,https://www.linkedin.com/in/aditya-mehra-b8644b326,https://www.linkedin.com/in/adrija-chakraborty-6a0393217
Aditya Mehra,Harini P,"7/20/26, 9:50 AM",,OUTGOING,https://www.linkedin.com/in/aditya-mehra-b8644b326,https://www.linkedin.com/in/harini-p-61081335b
Aditya Mehra,Bandhan jha,"7/20/26, 9:50 AM",,OUTGOING,https://www.linkedin.com/in/aditya-mehra-b8644b326,https://www.linkedin.com/in/bandhan12
Aditya Mehra,Varshini P B,"7/20/26, 9:50 AM",,OUTGOING,https://www.linkedin.com/in/aditya-mehra-b8644b326,https://www.linkedin.com/in/varshinipb24
Aditya Mehra,Charu Vaishnav,"7/20/26, 9:50 AM",,OUTGOING,https://www.linkedin.com/in/aditya-mehra-b8644b326,https://www.linkedin.com/in/charu-vaishnav-3a35561b5
Aditya Mehra,Pearl Shah,"7/20/26, 9:50 AM",,OUTGOING,https://www.linkedin.com/in/aditya-mehra-b8644b326,https://www.linkedin.com/in/pearlshah415
Aditya Mehra,Arunadevi G,"7/20/26, 9:50 AM",,OUTGOING,https://www.linkedin.com/in/aditya-mehra-b8644b326,https://www.linkedin.com/in/arunadevi-g-779b62290
Aditya Mehra,Reshma Rajan,"7/20/26, 9:50 AM",,OUTGOING,https://www.linkedin.com/in/aditya-mehra-b8644b326,https://www.linkedin.com/in/reshma-rajan-1425a2298
Aditya Mehra,ALANKRITI SINGH,"7/20/26, 9:50 AM",,OUTGOING,https://www.linkedin.com/in/aditya-mehra-b8644b326,https://www.linkedin.com/in/alankriti-singh-40934a293
Aditya Mehra,Anjana S,"7/20/26, 9:50 AM",,OUTGOING,https://www.linkedin.com/in/aditya-mehra-b8644b326,https://www.linkedin.com/in/advanjana
Aditya Mehra,SAMMY M,"7/20/26, 9:50 AM",,OUTGOING,https://www.linkedin.com/in/aditya-mehra-b8644b326,https://www.linkedin.com/in/sammy-m-56275b3a9
Aditya Mehra,Shreya Viseashwar  ,"7/20/26, 9:50 AM",,OUTGOING,https://www.linkedin.com/in/aditya-mehra-b8644b326,https://www.linkedin.com/in/shreya-viseashwar-3a4110306
Aditya Mehra,ASHRETHA M,"7/20/26, 9:49 AM",,OUTGOING,https://www.linkedin.com/in/aditya-mehra-b8644b326,https://www.linkedin.com/in/ashretha-m-a00477379
Aditya Mehra,Madhura Revanna,"7/20/26, 9:49 AM",,OUTGOING,https://www.linkedin.com/in/aditya-mehra-b8644b326,https://www.linkedin.com/in/madhura-revanna-6a7228326
Aditya Mehra,Nithyashree Manickam,"7/14/26, 3:24 PM",,OUTGOING,https://www.linkedin.com/in/aditya-mehra-b8644b326,https://www.linkedin.com/in/nithyashreemanickam
Aditya Mehra,Aiswarya M,"7/14/26, 3:24 PM",,OUTGOING,https://www.linkedin.com/in/aditya-mehra-b8644b326,https://www.linkedin.com/in/aiswaryarameshkumar
Aditya Mehra,Noorul Rukshana,"7/14/26, 3:24 PM",,OUTGOING,https://www.linkedin.com/in/aditya-mehra-b8644b326,https://www.linkedin.com/in/noorul-rukshana-a5b0a7247
Aditya Mehra,Aswani p,"7/14/26, 3:24 PM",,OUTGOING,https://www.linkedin.com/in/aditya-mehra-b8644b326,https://www.linkedin.com/in/aswani-p-a54440219
Aditya Mehra,Aboorva Sivapragasam,"7/14/26, 3:24 PM",,OUTGOING,https://www.linkedin.com/in/aditya-mehra-b8644b326,https://www.linkedin.com/in/aboorva-sivapragasam-s
Aditya Mehra,Hiba Mol T,"7/14/26, 3:24 PM",,OUTGOING,https://www.linkedin.com/in/aditya-mehra-b8644b326,https://www.linkedin.com/in/hiba-mol-t-0b3ab0255
Aditya Mehra,Anagha TS,"7/14/26, 3:24 PM",,OUTGOING,https://www.linkedin.com/in/aditya-mehra-b8644b326,https://www.linkedin.com/in/anagha-ts-6b3a23392
Aditya Mehra,Vandana Sivadasan,"7/14/26, 3:24 PM",,OUTGOING,https://www.linkedin.com/in/aditya-mehra-b8644b326,https://www.linkedin.com/in/vandana-sivadasan-5aa35a319
Aditya Mehra,Bhoomiga Saravanan,"7/14/26, 3:24 PM",,OUTGOING,https://www.linkedin.com/in/aditya-mehra-b8644b326,https://www.linkedin.com/in/bhoomiga-saravanan-1064322b2
Aditya Mehra,Arunima Sahadevan,"7/14/26, 3:24 PM",,OUTGOING,https://www.linkedin.com/in/aditya-mehra-b8644b326,https://www.linkedin.com/in/arunima-sahadevan-592313216
Aditya Mehra,Adv Sarga Surendran,"7/14/26, 3:21 PM",,OUTGOING,https://www.linkedin.com/in/aditya-mehra-b8644b326,https://www.linkedin.com/in/sarga-surendran-legal
Aditya Mehra,Sai Dyuthi K V,"7/14/26, 3:21 PM",,OUTGOING,https://www.linkedin.com/in/aditya-mehra-b8644b326,https://www.linkedin.com/in/sai-dyuthi-k-v-726020253
Aditya Mehra,Sree Dhakshini,"7/14/26, 3:21 PM",,OUTGOING,https://www.linkedin.com/in/aditya-mehra-b8644b326,https://www.linkedin.com/in/sree-dhakshini-8593a9247
Aditya Mehra,Samhitha M.R,"7/14/26, 3:21 PM",,OUTGOING,https://www.linkedin.com/in/aditya-mehra-b8644b326,https://www.linkedin.com/in/samhitha-m-r-75443b2a3
Aditya Mehra,Likitha Reddy,"7/14/26, 3:21 PM",,OUTGOING,https://www.linkedin.com/in/aditya-mehra-b8644b326,https://www.linkedin.com/in/iamlikithareddy
Aditya Mehra,Prajval Rane,"7/14/26, 3:20 PM",,OUTGOING,https://www.linkedin.com/in/aditya-mehra-b8644b326,https://www.linkedin.com/in/prajvalrane
Aditya Mehra,Adv. Merin K Jimmy,"7/14/26, 3:21 PM",,OUTGOING,https://www.linkedin.com/in/aditya-mehra-b8644b326,https://www.linkedin.com/in/adv-merin-k-jimmy-630164213
Aditya Mehra,Tisa Agarwal,"7/14/26, 3:21 PM",,OUTGOING,https://www.linkedin.com/in/aditya-mehra-b8644b326,https://www.linkedin.com/in/tisa-agarwal-411659248
Aditya Mehra,Khyathi  penna,"7/14/26, 3:21 PM",,OUTGOING,https://www.linkedin.com/in/aditya-mehra-b8644b326,https://www.linkedin.com/in/khyathi-penna-556a5123a
Aditya Mehra,RS Mridula,"7/14/26, 3:21 PM",,OUTGOING,https://www.linkedin.com/in/aditya-mehra-b8644b326,https://www.linkedin.com/in/rs-mridula-825383285
Aditya Mehra,KOMAL GOSWAMI,"7/14/26, 3:21 PM",,OUTGOING,https://www.linkedin.com/in/aditya-mehra-b8644b326,https://www.linkedin.com/in/komal-goswami-934150288
Aditya Mehra,Manasi Digamber Ghodekar,"7/14/26, 3:21 PM",,OUTGOING,https://www.linkedin.com/in/aditya-mehra-b8644b326,https://www.linkedin.com/in/manasi-digamber-ghodekar-48579827b
Aditya Mehra,Gaanashree Manjunath,"7/14/26, 3:21 PM",,OUTGOING,https://www.linkedin.com/in/aditya-mehra-b8644b326,https://www.linkedin.com/in/gaanashree-manjunath
Aditya Mehra,Vijeta Verma,"7/14/26, 3:21 PM",,OUTGOING,https://www.linkedin.com/in/aditya-mehra-b8644b326,https://www.linkedin.com/in/vijeta-verma-1622a7291
Aditya Mehra,SOMSUTA PAUL,"7/14/26, 3:20 PM",,OUTGOING,https://www.linkedin.com/in/aditya-mehra-b8644b326,https://www.linkedin.com/in/somsuta-paul-61298a2a5
Aditya Mehra,Nandini Haripriya,"7/14/26, 3:20 PM",,OUTGOING,https://www.linkedin.com/in/aditya-mehra-b8644b326,https://www.linkedin.com/in/nandini-haripriya-16112001nh
Aditya Mehra,Siyaa Sujith,"7/14/26, 3:20 PM",,OUTGOING,https://www.linkedin.com/in/aditya-mehra-b8644b326,https://www.linkedin.com/in/siyaa-sujith-a33820213
Aditya Mehra,Harsha S,"7/14/26, 3:20 PM",,OUTGOING,https://www.linkedin.com/in/aditya-mehra-b8644b326,https://www.linkedin.com/in/harsha-s-b36a04184
Aditya Mehra,Vanshika Gupta,"7/14/26, 3:20 PM",,OUTGOING,https://www.linkedin.com/in/aditya-mehra-b8644b326,https://www.linkedin.com/in/vanshika-gupta-934bb730b
Aditya Mehra,Ayisha Falah,"7/14/26, 3:20 PM",,OUTGOING,https://www.linkedin.com/in/aditya-mehra-b8644b326,https://www.linkedin.com/in/ayisha-falah-562085200
Aditya Mehra,Charu Sabharwal,"7/14/26, 3:20 PM",,OUTGOING,https://www.linkedin.com/in/aditya-mehra-b8644b326,https://www.linkedin.com/in/charu-sabharwal-661816264
Aditya Mehra,Advocate Kirti Patil,"7/14/26, 3:20 PM",,OUTGOING,https://www.linkedin.com/in/aditya-mehra-b8644b326,https://www.linkedin.com/in/advocate-kirti-patil-10098526a
Aditya Mehra,Harshita Nistala,"7/14/26, 3:20 PM",,OUTGOING,https://www.linkedin.com/in/aditya-mehra-b8644b326,https://www.linkedin.com/in/harshita-nistala-
Aditya Mehra,Padmamrutha Turaga,"7/14/26, 3:20 PM",,OUTGOING,https://www.linkedin.com/in/aditya-mehra-b8644b326,https://www.linkedin.com/in/padmamrutha-turaga-8a23a531a
Aditya Mehra,Saloni Agarwal,"7/14/26, 3:19 PM",,OUTGOING,https://www.linkedin.com/in/aditya-mehra-b8644b326,https://www.linkedin.com/in/saloni-agarwal-340733175
Aditya Mehra,V Ezhil Nethra,"7/14/26, 3:19 PM",,OUTGOING,https://www.linkedin.com/in/aditya-mehra-b8644b326,https://www.linkedin.com/in/v-ezhil-nethra-97218132a
Aditya Mehra,Bijolpita Bhaduri,"7/14/26, 3:19 PM",,OUTGOING,https://www.linkedin.com/in/aditya-mehra-b8644b326,https://www.linkedin.com/in/bijolpita-bh
Aditya Mehra,Rachna Edakandy,"7/14/26, 3:19 PM",,OUTGOING,https://www.linkedin.com/in/aditya-mehra-b8644b326,https://www.linkedin.com/in/rachna-edakandy-12b65674
Aditya Mehra,Jayashree M,"7/14/26, 3:19 PM",,OUTGOING,https://www.linkedin.com/in/aditya-mehra-b8644b326,https://www.linkedin.com/in/jayashree-mahesh
Aditya Mehra,Sangini Sahay,"7/14/26, 3:19 PM",,OUTGOING,https://www.linkedin.com/in/aditya-mehra-b8644b326,https://www.linkedin.com/in/sangini-sahay-4779b424b
Aditya Mehra,Tanushree R ,"7/14/26, 3:19 PM",,OUTGOING,https://www.linkedin.com/in/aditya-mehra-b8644b326,https://www.linkedin.com/in/tanushree-r-302ab1219
Aditya Mehra,Tanvi J V,"7/14/26, 3:18 PM",,OUTGOING,https://www.linkedin.com/in/aditya-mehra-b8644b326,https://www.linkedin.com/in/tanvi-j-v
Aditya Mehra,Nikitha Abraham,"7/14/26, 3:18 PM",,OUTGOING,https://www.linkedin.com/in/aditya-mehra-b8644b326,https://www.linkedin.com/in/nikithaabraham239561211
Aditya Mehra,Clemency A.J,"7/14/26, 3:18 PM",,OUTGOING,https://www.linkedin.com/in/aditya-mehra-b8644b326,https://www.linkedin.com/in/clemency-a-j-607839184
Aditya Mehra,Pratibha Sharma,"7/14/26, 3:18 PM",,OUTGOING,https://www.linkedin.com/in/aditya-mehra-b8644b326,https://www.linkedin.com/in/pratibha-sharma-2180b4169
Aditya Mehra,Vengalil Anjana,"7/14/26, 3:18 PM",,OUTGOING,https://www.linkedin.com/in/aditya-mehra-b8644b326,https://www.linkedin.com/in/vengalil-anjana-903651166
Aditya Mehra,Purva Kanade,"7/14/26, 3:18 PM",,OUTGOING,https://www.linkedin.com/in/aditya-mehra-b8644b326,https://www.linkedin.com/in/purva-kanade-3700a2291
Aditya Mehra,Hrithika Balamurugan,"7/14/26, 3:18 PM",,OUTGOING,https://www.linkedin.com/in/aditya-mehra-b8644b326,https://www.linkedin.com/in/hrithika-balamurugan-b70224330
Aditya Mehra,Bhavana Achari,"7/14/26, 3:18 PM",,OUTGOING,https://www.linkedin.com/in/aditya-mehra-b8644b326,https://www.linkedin.com/in/bhavana-achari-6b496a22a
Aditya Mehra,Vernika  Vajpayee ,"7/14/26, 3:18 PM",,OUTGOING,https://www.linkedin.com/in/aditya-mehra-b8644b326,https://www.linkedin.com/in/vernika-vajpayee-3253502b6
Aditya Mehra,Rithanya Shanmugam,"7/14/26, 3:18 PM",,OUTGOING,https://www.linkedin.com/in/aditya-mehra-b8644b326,https://www.linkedin.com/in/rithanyashanmugam
Aditya Mehra,Prashansa Chadha,"7/14/26, 3:17 PM",,OUTGOING,https://www.linkedin.com/in/aditya-mehra-b8644b326,https://www.linkedin.com/in/prashansa-chadha-b850b62bb
Aditya Mehra,Rwijuta Bhadra,"7/14/26, 3:18 PM",,OUTGOING,https://www.linkedin.com/in/aditya-mehra-b8644b326,https://www.linkedin.com/in/rwijuta-bhadra
Aditya Mehra,Akankshya Acharya,"7/14/26, 3:18 PM",,OUTGOING,https://www.linkedin.com/in/aditya-mehra-b8644b326,https://www.linkedin.com/in/akankshya-acharya-53460079
Aditya Mehra,Garima Kashyap,"7/14/26, 3:18 PM",,OUTGOING,https://www.linkedin.com/in/aditya-mehra-b8644b326,https://www.linkedin.com/in/garima-kashyap-a5bb72124
Aditya Mehra,Sanskriti  Choudhary,"7/14/26, 3:18 PM",,OUTGOING,https://www.linkedin.com/in/aditya-mehra-b8644b326,https://www.linkedin.com/in/sanskriti-choudhary-342b63319
Aditya Mehra,Nandhini Bhokisham,"7/14/26, 3:18 PM",,OUTGOING,https://www.linkedin.com/in/aditya-mehra-b8644b326,https://www.linkedin.com/in/nandhini-b-838024b
Aditya Mehra,Sruthi Das,"7/14/26, 3:17 PM",,OUTGOING,https://www.linkedin.com/in/aditya-mehra-b8644b326,https://www.linkedin.com/in/sruthi-das-66b894237
Aditya Mehra,Vidya Hanabar,"7/14/26, 3:17 PM",,OUTGOING,https://www.linkedin.com/in/aditya-mehra-b8644b326,https://www.linkedin.com/in/vidya-hanabar-19621783
Aditya Mehra,Sakshi Srivastava,"7/14/26, 3:17 PM",,OUTGOING,https://www.linkedin.com/in/aditya-mehra-b8644b326,https://www.linkedin.com/in/sakshi2
Aditya Mehra,Shreya  Binu,"7/14/26, 3:17 PM",,OUTGOING,https://www.linkedin.com/in/aditya-mehra-b8644b326,https://www.linkedin.com/in/shreya-binu-79b280224
Aditya Mehra,Ayushi Sharma,"7/14/26, 3:17 PM",,OUTGOING,https://www.linkedin.com/in/aditya-mehra-b8644b326,https://www.linkedin.com/in/ayushisharma2110
Aditya Mehra,Antara Krishnamurthy,"7/14/26, 3:17 PM",,OUTGOING,https://www.linkedin.com/in/aditya-mehra-b8644b326,https://www.linkedin.com/in/antara-krishnamurthy-70171bb9
Aditya Mehra,Shiney Paul,"7/14/26, 3:17 PM",,OUTGOING,https://www.linkedin.com/in/aditya-mehra-b8644b326,https://www.linkedin.com/in/shiney-paul-831b06244
Aditya Mehra,Anjana R,"7/14/26, 3:17 PM",,OUTGOING,https://www.linkedin.com/in/aditya-mehra-b8644b326,https://www.linkedin.com/in/anjana-r-35ba431b3
Aditya Mehra,Asmita Jain,"7/14/26, 3:17 PM",,OUTGOING,https://www.linkedin.com/in/aditya-mehra-b8644b326,https://www.linkedin.com/in/asmitajain2004
Aditya Mehra,Adithi K,"7/14/26, 3:17 PM",,OUTGOING,https://www.linkedin.com/in/aditya-mehra-b8644b326,https://www.linkedin.com/in/adithi-kazhutholan
Aditya Mehra,Prerna Yadav,"7/14/26, 3:17 PM",,OUTGOING,https://www.linkedin.com/in/aditya-mehra-b8644b326,https://www.linkedin.com/in/prerna-yadav15
Aditya Mehra,Keerthana V,"7/14/26, 3:17 PM",,OUTGOING,https://www.linkedin.com/in/aditya-mehra-b8644b326,https://www.linkedin.com/in/keerthanavenugopal
Aditya Mehra,Anzee Nahid,"7/14/26, 3:17 PM",,OUTGOING,https://www.linkedin.com/in/aditya-mehra-b8644b326,https://www.linkedin.com/in/anzee-nahid-89439a195
Aditya Mehra,Priyanka S,"7/14/26, 3:17 PM",,OUTGOING,https://www.linkedin.com/in/aditya-mehra-b8644b326,https://www.linkedin.com/in/spriyanka02
Aditya Mehra,Deepthi  Anival,"7/14/26, 3:16 PM",,OUTGOING,https://www.linkedin.com/in/aditya-mehra-b8644b326,https://www.linkedin.com/in/deepthianival
Aditya Mehra,Reenu Sharma K ,"7/14/26, 3:16 PM",,OUTGOING,https://www.linkedin.com/in/aditya-mehra-b8644b326,https://www.linkedin.com/in/reenu-sharma-k-a13727210
Aditya Mehra,Shravani H M,"7/14/26, 3:17 PM",,OUTGOING,https://www.linkedin.com/in/aditya-mehra-b8644b326,https://www.linkedin.com/in/shravani-h-m-a12860200
Aditya Mehra,Monali Mohapatra,"7/14/26, 3:17 PM",,OUTGOING,https://www.linkedin.com/in/aditya-mehra-b8644b326,https://www.linkedin.com/in/enthusiasticmonali
Aditya Mehra,Eeshika Singhvi,"7/14/26, 3:17 PM",,OUTGOING,https://www.linkedin.com/in/aditya-mehra-b8644b326,https://www.linkedin.com/in/eeshika-singhvi-47034925a
Aditya Mehra,Vasanthi Naidu,"7/14/26, 3:16 PM",,OUTGOING,https://www.linkedin.com/in/aditya-mehra-b8644b326,https://www.linkedin.com/in/vasanthi-naidu
Aditya Mehra,JAHNAVI AGARWAL,"7/14/26, 3:16 PM",,OUTGOING,https://www.linkedin.com/in/aditya-mehra-b8644b326,https://www.linkedin.com/in/-jahnavi-agarwal
Aditya Mehra,Ravleen Kaur Bhatia,"7/14/26, 3:16 PM",,OUTGOING,https://www.linkedin.com/in/aditya-mehra-b8644b326,https://www.linkedin.com/in/ravleen-kaur-bhatia-b9171a262
Aditya Mehra,Amirthavarshini R,"7/14/26, 3:16 PM",,OUTGOING,https://www.linkedin.com/in/aditya-mehra-b8644b326,https://www.linkedin.com/in/amirthavarshini-r-a57026166
Aditya Mehra,Aastha Amitendu Agarwal,"7/14/26, 3:16 PM",,OUTGOING,https://www.linkedin.com/in/aditya-mehra-b8644b326,https://www.linkedin.com/in/aasthaamitendu
Aditya Mehra,Aiswarya mr,"7/14/26, 3:16 PM",,OUTGOING,https://www.linkedin.com/in/aditya-mehra-b8644b326,https://www.linkedin.com/in/aiswarya-mr-728932254
Aditya Mehra,Tuhina Arora,"7/14/26, 3:16 PM",,OUTGOING,https://www.linkedin.com/in/aditya-mehra-b8644b326,https://www.linkedin.com/in/tuhinaarora
Aditya Mehra,Adrija Guha,"7/14/26, 3:15 PM",,OUTGOING,https://www.linkedin.com/in/aditya-mehra-b8644b326,https://www.linkedin.com/in/adrija-guha-23b9292ba
Aditya Mehra,Srijita Bysack,"7/14/26, 3:15 PM",,OUTGOING,https://www.linkedin.com/in/aditya-mehra-b8644b326,https://www.linkedin.com/in/srijita-bysack
Aditya Mehra,Ayushi Modi,"7/14/26, 3:15 PM",,OUTGOING,https://www.linkedin.com/in/aditya-mehra-b8644b326,https://www.linkedin.com/in/ayushi-modi-6804aa257
Aditya Mehra,Money Jain,"7/14/26, 3:14 PM",,OUTGOING,https://www.linkedin.com/in/aditya-mehra-b8644b326,https://www.linkedin.com/in/money-jain-b06a65169
Aditya Mehra,Kopal Chaplot,"7/14/26, 3:14 PM",,OUTGOING,https://www.linkedin.com/in/aditya-mehra-b8644b326,https://www.linkedin.com/in/kopal-chaplot-5952aa6b
Aditya Mehra,Donna Dominic,"7/14/26, 3:14 PM",,OUTGOING,https://www.linkedin.com/in/aditya-mehra-b8644b326,https://www.linkedin.com/in/donnaaaaaa
Aditya Mehra,Anushka Sharma,"7/14/26, 3:14 PM",,OUTGOING,https://www.linkedin.com/in/aditya-mehra-b8644b326,https://www.linkedin.com/in/anushka-sharma-1b3817233
Aditya Mehra,Pavithra Dhanapalraj,"7/14/26, 3:14 PM",,OUTGOING,https://www.linkedin.com/in/aditya-mehra-b8644b326,https://www.linkedin.com/in/pavithra-dhanapalraj-2b587a1b1
Aditya Mehra,Anamika V,"7/14/26, 3:13 PM",,OUTGOING,https://www.linkedin.com/in/aditya-mehra-b8644b326,https://www.linkedin.com/in/anamika-v
Aditya Mehra,Ankita Gantayat,"7/14/26, 3:14 PM",,OUTGOING,https://www.linkedin.com/in/aditya-mehra-b8644b326,https://www.linkedin.com/in/ankita-gantayat
Aditya Mehra,Asharani Anantrao,"7/14/26, 3:13 PM",,OUTGOING,https://www.linkedin.com/in/aditya-mehra-b8644b326,https://www.linkedin.com/in/asharani-anantrao-895395195
Aditya Mehra,Sulakshana Senthamaraikannan,"7/14/26, 3:13 PM",,OUTGOING,https://www.linkedin.com/in/aditya-mehra-b8644b326,https://www.linkedin.com/in/sulakshanakannan
Aditya Mehra,Varshitha Kn,"7/14/26, 3:13 PM",,OUTGOING,https://www.linkedin.com/in/aditya-mehra-b8644b326,https://www.linkedin.com/in/varshitha-kn-613a8b313
Aditya Mehra,Surbhi Jain,"7/14/26, 3:13 PM",,OUTGOING,https://www.linkedin.com/in/aditya-mehra-b8644b326,https://www.linkedin.com/in/surbhi-jain985
Aditya Mehra,Riti Gupta,"7/14/26, 3:13 PM",,OUTGOING,https://www.linkedin.com/in/aditya-mehra-b8644b326,https://www.linkedin.com/in/riti-gupta-56858a207
Aditya Mehra,Teena Parashar,"7/14/26, 3:13 PM",,OUTGOING,https://www.linkedin.com/in/aditya-mehra-b8644b326,https://www.linkedin.com/in/teena-parashar-197318167
Aditya Mehra,Suman Singh,"7/14/26, 3:13 PM",,OUTGOING,https://www.linkedin.com/in/aditya-mehra-b8644b326,https://www.linkedin.com/in/sumanschone
Aditya Mehra,Soumya Nath,"7/14/26, 3:13 PM",,OUTGOING,https://www.linkedin.com/in/aditya-mehra-b8644b326,https://www.linkedin.com/in/soumya-nath-30102bb2
Aditya Mehra,Ritika Kumar,"7/14/26, 3:13 PM",,OUTGOING,https://www.linkedin.com/in/aditya-mehra-b8644b326,https://www.linkedin.com/in/ritika-394ba6172
Aditya Mehra,Hana Fathima,"7/14/26, 3:12 PM",,OUTGOING,https://www.linkedin.com/in/aditya-mehra-b8644b326,https://www.linkedin.com/in/hana-fathima-2926611b1
Aditya Mehra,Vrushal Gurbaxani,"7/14/26, 3:12 PM",,OUTGOING,https://www.linkedin.com/in/aditya-mehra-b8644b326,https://www.linkedin.com/in/vrushalgurbaxani
Aditya Mehra,Thrisshikha Aravind,"7/14/26, 3:12 PM",,OUTGOING,https://www.linkedin.com/in/aditya-mehra-b8644b326,https://www.linkedin.com/in/thrisshikha-aravind-6a9808215
Aditya Mehra,Divya Jain,"7/14/26, 3:12 PM",,OUTGOING,https://www.linkedin.com/in/aditya-mehra-b8644b326,https://www.linkedin.com/in/divya-jain-599117b1
Aditya Mehra,Neha S.,"7/14/26, 3:12 PM",,OUTGOING,https://www.linkedin.com/in/aditya-mehra-b8644b326,https://www.linkedin.com/in/neha-s-8416198a
Aditya Mehra,Ramyashree A,"7/14/26, 3:12 PM",,OUTGOING,https://www.linkedin.com/in/aditya-mehra-b8644b326,https://www.linkedin.com/in/ramyashree-a-8b3976214
Aditya Mehra,Mantrana Mahi Agarwal,"7/14/26, 3:12 PM",,OUTGOING,https://www.linkedin.com/in/aditya-mehra-b8644b326,https://www.linkedin.com/in/mantrana-mahi-agarwal-a1b907242
Aditya Mehra,Shailaja Singh,"7/14/26, 3:11 PM",,OUTGOING,https://www.linkedin.com/in/aditya-mehra-b8644b326,https://www.linkedin.com/in/shailaja-singh-9815665
Aditya Mehra,Ishika Mittal,"7/14/26, 3:12 PM",,OUTGOING,https://www.linkedin.com/in/aditya-mehra-b8644b326,https://www.linkedin.com/in/ishika-mittal-0330b0217
Aditya Mehra,Garima Dayal,"7/14/26, 3:11 PM",,OUTGOING,https://www.linkedin.com/in/aditya-mehra-b8644b326,https://www.linkedin.com/in/garima-dayal
Aditya Mehra,Divya V Rajan,"7/14/26, 3:11 PM",,OUTGOING,https://www.linkedin.com/in/aditya-mehra-b8644b326,https://www.linkedin.com/in/divya-v-rajan-441531190
Aditya Mehra,Vadrevu Pratyusha,"7/14/26, 3:11 PM",,OUTGOING,https://www.linkedin.com/in/aditya-mehra-b8644b326,https://www.linkedin.com/in/vadrevu-pratyusha
Aditya Mehra,Tanya Kapoor,"7/14/26, 3:11 PM",,OUTGOING,https://www.linkedin.com/in/aditya-mehra-b8644b326,https://www.linkedin.com/in/tanya-kapoor-54b0951a0
Aditya Mehra,Sonal Deora,"7/14/26, 3:11 PM",,OUTGOING,https://www.linkedin.com/in/aditya-mehra-b8644b326,https://www.linkedin.com/in/sonal-deora-08056417b
Aditya Mehra,Sweta Kumari,"7/14/26, 3:11 PM",,OUTGOING,https://www.linkedin.com/in/aditya-mehra-b8644b326,https://www.linkedin.com/in/swetakumari9
Aditya Mehra,Bhagyashree Meena,"7/14/26, 3:11 PM",,OUTGOING,https://www.linkedin.com/in/aditya-mehra-b8644b326,https://www.linkedin.com/in/bhagyashree-meena-37914318a
Aditya Mehra,Yashasvi Sharma,"7/14/26, 3:11 PM",,OUTGOING,https://www.linkedin.com/in/aditya-mehra-b8644b326,https://www.linkedin.com/in/yashasvi-sharma-
Aditya Mehra,Sakshi Mathapati,"7/14/26, 3:11 PM",,OUTGOING,https://www.linkedin.com/in/aditya-mehra-b8644b326,https://www.linkedin.com/in/sakshimathapati
Aditya Mehra,V Saraswathi,"7/14/26, 3:11 PM",,OUTGOING,https://www.linkedin.com/in/aditya-mehra-b8644b326,https://www.linkedin.com/in/v-saraswathi-11089528b
Aditya Mehra,Shailza Gupta,"7/14/26, 3:11 PM",,OUTGOING,https://www.linkedin.com/in/aditya-mehra-b8644b326,https://www.linkedin.com/in/shailza-gupta
Aditya Mehra,Sudiksha Shree,"7/14/26, 3:11 PM",,OUTGOING,https://www.linkedin.com/in/aditya-mehra-b8644b326,https://www.linkedin.com/in/sudikshashree
Aditya Mehra,Rajeshwari  Hiremath,"7/14/26, 3:11 PM",,OUTGOING,https://www.linkedin.com/in/aditya-mehra-b8644b326,https://www.linkedin.com/in/rajeshwari-hiremath
Aditya Mehra,Shubhashree Jena,"7/14/26, 3:10 PM",,OUTGOING,https://www.linkedin.com/in/aditya-mehra-b8644b326,https://www.linkedin.com/in/shubhashree-jena-075238105
Aditya Mehra,Himaja Teni,"7/14/26, 3:11 PM",,OUTGOING,https://www.linkedin.com/in/aditya-mehra-b8644b326,https://www.linkedin.com/in/himaja-teni
Aditya Mehra,Aadya Batra,"7/14/26, 3:11 PM",,OUTGOING,https://www.linkedin.com/in/aditya-mehra-b8644b326,https://www.linkedin.com/in/aadyabatra
Aditya Mehra,Isha Kalra,"7/14/26, 12:59 AM",,OUTGOING,https://www.linkedin.com/in/aditya-mehra-b8644b326,https://www.linkedin.com/in/isha-kalra-960160141
Aditya Mehra,Sambratha Shetty,"7/14/26, 12:58 AM",,OUTGOING,https://www.linkedin.com/in/aditya-mehra-b8644b326,https://www.linkedin.com/in/sambratha-shetty-744a1641
Aditya Mehra,Divya G,"7/14/26, 12:58 AM",,OUTGOING,https://www.linkedin.com/in/aditya-mehra-b8644b326,https://www.linkedin.com/in/divya-g-70482244
Aditya Mehra,Madhuri Kumbar,"7/14/26, 12:58 AM",,OUTGOING,https://www.linkedin.com/in/aditya-mehra-b8644b326,https://www.linkedin.com/in/madhuri-kumbar-a6396ab2
Aditya Mehra,Anurima Mahalanobis,"7/14/26, 12:57 AM",,OUTGOING,https://www.linkedin.com/in/aditya-mehra-b8644b326,https://www.linkedin.com/in/anurima-mahalanobis-219678197
Aditya Mehra,Kritika  Thakur ,"7/14/26, 12:56 AM",,OUTGOING,https://www.linkedin.com/in/aditya-mehra-b8644b326,https://www.linkedin.com/in/kritika-thakur-726028237
Aditya Mehra,Rekha T,"7/14/26, 12:56 AM",,OUTGOING,https://www.linkedin.com/in/aditya-mehra-b8644b326,https://www.linkedin.com/in/rekhatripathi
Aditya Mehra,Vineetha Chidambaran,"7/14/26, 12:55 AM",,OUTGOING,https://www.linkedin.com/in/aditya-mehra-b8644b326,https://www.linkedin.com/in/vineetha-chidambaran
Aditya Mehra,asha nagaraju,"7/14/26, 12:55 AM",,OUTGOING,https://www.linkedin.com/in/aditya-mehra-b8644b326,https://www.linkedin.com/in/asha-nagaraju-62226021
Aditya Mehra,Shraddha Pingale,"7/14/26, 12:55 AM",,OUTGOING,https://www.linkedin.com/in/aditya-mehra-b8644b326,https://www.linkedin.com/in/shraddha-pingale-4306b66a
Aditya Mehra,Pragati Tulsyan,"7/14/26, 12:54 AM",,OUTGOING,https://www.linkedin.com/in/aditya-mehra-b8644b326,https://www.linkedin.com/in/pragati-tulsyan-a45131139
Aditya Mehra,Surabhi Rakhecha,"7/14/26, 12:55 AM",,OUTGOING,https://www.linkedin.com/in/aditya-mehra-b8644b326,https://www.linkedin.com/in/surabhi-rakhecha-5b85a2130
Aditya Mehra,Samatha Jaiswal,"7/14/26, 12:55 AM",,OUTGOING,https://www.linkedin.com/in/aditya-mehra-b8644b326,https://www.linkedin.com/in/samatha-jaiswal
Aditya Mehra,Sushmita Nayak,"7/14/26, 12:54 AM",,OUTGOING,https://www.linkedin.com/in/aditya-mehra-b8644b326,https://www.linkedin.com/in/sushmitanayak
Aditya Mehra,Kumud Sharma,"7/14/26, 12:54 AM",,OUTGOING,https://www.linkedin.com/in/aditya-mehra-b8644b326,https://www.linkedin.com/in/kumuds
Aditya Mehra,Swechha Jha,"7/14/26, 12:53 AM",,OUTGOING,https://www.linkedin.com/in/aditya-mehra-b8644b326,https://www.linkedin.com/in/swechhajha12
Aditya Mehra,Arushi Ashi,"7/14/26, 12:53 AM",,OUTGOING,https://www.linkedin.com/in/aditya-mehra-b8644b326,https://www.linkedin.com/in/arushi-ashi-a72396101
Aditya Mehra,Kriti Arora,"7/14/26, 12:53 AM",,OUTGOING,https://www.linkedin.com/in/aditya-mehra-b8644b326,https://www.linkedin.com/in/kriti-arora-28b281320
Aditya Mehra,Shivani R,"7/14/26, 12:53 AM",,OUTGOING,https://www.linkedin.com/in/aditya-mehra-b8644b326,https://www.linkedin.com/in/shivani-r-a6908244
Aditya Mehra,Deepashree R,"7/14/26, 12:52 AM",,OUTGOING,https://www.linkedin.com/in/aditya-mehra-b8644b326,https://www.linkedin.com/in/deepashree-r-4bb8b11a1
Aditya Mehra,Kavya G,"7/14/26, 12:52 AM",,OUTGOING,https://www.linkedin.com/in/aditya-mehra-b8644b326,https://www.linkedin.com/in/kavya-g-b18a54269
Aditya Mehra,Vindhya M,"7/14/26, 12:52 AM",,OUTGOING,https://www.linkedin.com/in/aditya-mehra-b8644b326,https://www.linkedin.com/in/vindhya-m-94601a161
Aditya Mehra,Sharmila Shaik,"7/14/26, 12:52 AM",,OUTGOING,https://www.linkedin.com/in/aditya-mehra-b8644b326,https://www.linkedin.com/in/sharmila-shaik-8a845524a
Aditya Mehra,Roja R,"7/14/26, 12:52 AM",,OUTGOING,https://www.linkedin.com/in/aditya-mehra-b8644b326,https://www.linkedin.com/in/roja-r-2923991a4
Aditya Mehra,Pavithra Satish,"7/14/26, 12:52 AM",,OUTGOING,https://www.linkedin.com/in/aditya-mehra-b8644b326,https://www.linkedin.com/in/pavithra-satish-6a9055209
Aditya Mehra,Asha G T,"7/14/26, 12:51 AM",,OUTGOING,https://www.linkedin.com/in/aditya-mehra-b8644b326,https://www.linkedin.com/in/asha-g-t-031189248
Aditya Mehra,Yashashwini G K,"7/14/26, 12:51 AM",,OUTGOING,https://www.linkedin.com/in/aditya-mehra-b8644b326,https://www.linkedin.com/in/yashashwini-g-k-58b5301b2
Aditya Mehra,Kajal F,"7/14/26, 12:51 AM",,OUTGOING,https://www.linkedin.com/in/aditya-mehra-b8644b326,https://www.linkedin.com/in/kajalrecruiter
Aditya Mehra,Gowshika SM,"7/14/26, 12:50 AM",,OUTGOING,https://www.linkedin.com/in/aditya-mehra-b8644b326,https://www.linkedin.com/in/gowshika-sm-1a56ab2a0
Aditya Mehra,Adyasha Behera,"7/14/26, 12:51 AM",,OUTGOING,https://www.linkedin.com/in/aditya-mehra-b8644b326,https://www.linkedin.com/in/adyasha-behera-78b98b47
Aditya Mehra,Monica Singh,"7/14/26, 12:51 AM",,OUTGOING,https://www.linkedin.com/in/aditya-mehra-b8644b326,https://www.linkedin.com/in/monica-narr
Aditya Mehra,Shravani Kl,"7/14/26, 12:50 AM",,OUTGOING,https://www.linkedin.com/in/aditya-mehra-b8644b326,https://www.linkedin.com/in/shravani-kl-a9aa111a9
Aditya Mehra,Ashwini N,"7/14/26, 12:51 AM",,OUTGOING,https://www.linkedin.com/in/aditya-mehra-b8644b326,https://www.linkedin.com/in/ashwini-n-2595bb233
Aditya Mehra,samhita as,"7/14/26, 12:51 AM",,OUTGOING,https://www.linkedin.com/in/aditya-mehra-b8644b326,https://www.linkedin.com/in/samhita-as-b10618273
Aditya Mehra,Surbhi Rajput,"7/14/26, 12:50 AM",,OUTGOING,https://www.linkedin.com/in/aditya-mehra-b8644b326,https://www.linkedin.com/in/surbhi-rajput-5806b321a
Aditya Mehra,Manasi Dharwadkar,"7/14/26, 12:50 AM",,OUTGOING,https://www.linkedin.com/in/aditya-mehra-b8644b326,https://www.linkedin.com/in/manasi-dharwadkar-48861b237
Aditya Mehra,Aprathi S,"7/14/26, 12:50 AM",,OUTGOING,https://www.linkedin.com/in/aditya-mehra-b8644b326,https://www.linkedin.com/in/aprathi-s-848836242
Aditya Mehra,Madhavi T,"7/14/26, 12:50 AM",,OUTGOING,https://www.linkedin.com/in/aditya-mehra-b8644b326,https://www.linkedin.com/in/madhavi-t-525849244
Aditya Mehra,Chandana Mallappa,"7/14/26, 12:50 AM",,OUTGOING,https://www.linkedin.com/in/aditya-mehra-b8644b326,https://www.linkedin.com/in/chandana-mallappa-97694778
Aditya Mehra,Arthi V,"7/14/26, 12:50 AM",,OUTGOING,https://www.linkedin.com/in/aditya-mehra-b8644b326,https://www.linkedin.com/in/arthi-v-812b122b1
Aditya Mehra,Anagha Velayudhan,"7/14/26, 12:50 AM",,OUTGOING,https://www.linkedin.com/in/aditya-mehra-b8644b326,https://www.linkedin.com/in/anagha-velayudhan-990414322
Aditya Mehra,suragani sri manvitha,"7/14/26, 12:50 AM",,OUTGOING,https://www.linkedin.com/in/aditya-mehra-b8644b326,https://www.linkedin.com/in/suragani-sri-manvitha-601ba7b8
Aditya Mehra,Maria M,"7/14/26, 12:50 AM",,OUTGOING,https://www.linkedin.com/in/aditya-mehra-b8644b326,https://www.linkedin.com/in/maria-m-7b66a7201
Aditya Mehra,Shubha K,"7/14/26, 12:50 AM",,OUTGOING,https://www.linkedin.com/in/aditya-mehra-b8644b326,https://www.linkedin.com/in/shubha-k-824a4a287
Aditya Mehra,Sneha Tahilyani ,"7/14/26, 12:49 AM",,OUTGOING,https://www.linkedin.com/in/aditya-mehra-b8644b326,https://www.linkedin.com/in/sneha-tahilyani-83b59a1ba
Aditya Mehra,Bhoomika B,"7/14/26, 12:50 AM",,OUTGOING,https://www.linkedin.com/in/aditya-mehra-b8644b326,https://www.linkedin.com/in/bhoomika-b-962039215
Aditya Mehra,Sravanthi Eluri,"7/14/26, 12:50 AM",,OUTGOING,https://www.linkedin.com/in/aditya-mehra-b8644b326,https://www.linkedin.com/in/sravanthi-eluri-2a4464201
Aditya Mehra,Then Mozhi,"7/14/26, 12:50 AM",,OUTGOING,https://www.linkedin.com/in/aditya-mehra-b8644b326,https://www.linkedin.com/in/then-mozhi-92a7855a
Aditya Mehra,Sushmitha   Reddy,"7/14/26, 12:50 AM",,OUTGOING,https://www.linkedin.com/in/aditya-mehra-b8644b326,https://www.linkedin.com/in/sushmitha-reddy-863a54124
Aditya Mehra,Apoorva Kannari,"7/14/26, 12:49 AM",,OUTGOING,https://www.linkedin.com/in/aditya-mehra-b8644b326,https://www.linkedin.com/in/apoorva-kannari-04b227224
Aditya Mehra,Prathiksha MP,"7/14/26, 12:49 AM",,OUTGOING,https://www.linkedin.com/in/aditya-mehra-b8644b326,https://www.linkedin.com/in/prathiksha-mp-827384186
Aditya Mehra,Tejashwini Kanashetti,"7/14/26, 12:49 AM",,OUTGOING,https://www.linkedin.com/in/aditya-mehra-b8644b326,https://www.linkedin.com/in/tejashwini-kanashetti-110ab766
Aditya Mehra,Jimcy Raphael,"7/14/26, 12:49 AM",,OUTGOING,https://www.linkedin.com/in/aditya-mehra-b8644b326,https://www.linkedin.com/in/jimcy203
Aditya Mehra,Sandhya Amati,"7/14/26, 12:49 AM",,OUTGOING,https://www.linkedin.com/in/aditya-mehra-b8644b326,https://www.linkedin.com/in/sandhyaamati
Aditya Mehra,Vasavi Yadav,"7/14/26, 12:49 AM",,OUTGOING,https://www.linkedin.com/in/aditya-mehra-b8644b326,https://www.linkedin.com/in/vasavi-yadav-2524b7222
Aditya Mehra,Srushti GD,"7/14/26, 12:48 AM",,OUTGOING,https://www.linkedin.com/in/aditya-mehra-b8644b326,https://www.linkedin.com/in/srushti-gd-3b753322a
Aditya Mehra,Nirmala S,"7/14/26, 12:48 AM",,OUTGOING,https://www.linkedin.com/in/aditya-mehra-b8644b326,https://www.linkedin.com/in/nirmala-s-37947a142
Aditya Mehra,Meghna Jaiswal,"7/14/26, 12:49 AM",,OUTGOING,https://www.linkedin.com/in/aditya-mehra-b8644b326,https://www.linkedin.com/in/meghnajaiswal
Aditya Mehra,Anuradha Rao,"7/14/26, 12:49 AM",,OUTGOING,https://www.linkedin.com/in/aditya-mehra-b8644b326,https://www.linkedin.com/in/anuradha-rao-a5666927
Aditya Mehra,Bhavyashree M,"7/14/26, 12:48 AM",,OUTGOING,https://www.linkedin.com/in/aditya-mehra-b8644b326,https://www.linkedin.com/in/bhavyashree-m-044985201
Aditya Mehra,Vaishnavi Asati,"7/14/26, 12:48 AM",,OUTGOING,https://www.linkedin.com/in/aditya-mehra-b8644b326,https://www.linkedin.com/in/vaishnavi-asati-679a742a0
Aditya Mehra, Bhagya Sharan,"7/14/26, 12:48 AM",,OUTGOING,https://www.linkedin.com/in/aditya-mehra-b8644b326,https://www.linkedin.com/in/bhagya-sharan-234747222
Aditya Mehra,Melita N,"7/14/26, 12:48 AM",,OUTGOING,https://www.linkedin.com/in/aditya-mehra-b8644b326,https://www.linkedin.com/in/melita-n-6b4363223
Aditya Mehra,Prashansa Singh,"7/14/26, 12:48 AM",,OUTGOING,https://www.linkedin.com/in/aditya-mehra-b8644b326,https://www.linkedin.com/in/prashansa-singh-b10333140
Aditya Mehra,Surbhi Gupta,"7/14/26, 12:48 AM",,OUTGOING,https://www.linkedin.com/in/aditya-mehra-b8644b326,https://www.linkedin.com/in/surbhi-gupta-56372a101
Aditya Mehra,Parul Shriwatri,"7/14/26, 12:48 AM",,OUTGOING,https://www.linkedin.com/in/aditya-mehra-b8644b326,https://www.linkedin.com/in/parul-shriwatri-045416105
Aditya Mehra,Liza Roy,"7/14/26, 12:48 AM",,OUTGOING,https://www.linkedin.com/in/aditya-mehra-b8644b326,https://www.linkedin.com/in/liza-roy-6138798
Aditya Mehra,Shiny Angel,"7/14/26, 12:47 AM",,OUTGOING,https://www.linkedin.com/in/aditya-mehra-b8644b326,https://www.linkedin.com/in/shiny-angel
Aditya Mehra,Mounica K Y,"7/14/26, 12:47 AM",,OUTGOING,https://www.linkedin.com/in/aditya-mehra-b8644b326,https://www.linkedin.com/in/mounica-ky
Aditya Mehra,Swathi MG,"7/14/26, 12:47 AM",,OUTGOING,https://www.linkedin.com/in/aditya-mehra-b8644b326,https://www.linkedin.com/in/swathi-mg-36a2b5158
Aditya Mehra,Varshini Thangavel,"7/14/26, 12:47 AM",,OUTGOING,https://www.linkedin.com/in/aditya-mehra-b8644b326,https://www.linkedin.com/in/varshini-thangavel-8a68601a7
Aditya Mehra,Athiya Syed,"7/14/26, 12:47 AM",,OUTGOING,https://www.linkedin.com/in/aditya-mehra-b8644b326,https://www.linkedin.com/in/athiya-syed-b09a932b9
Aditya Mehra,Thulasiveena D,"7/1/26, 9:12 AM",,OUTGOING,https://www.linkedin.com/in/aditya-mehra-b8644b326,https://www.linkedin.com/in/thulasiveena-d-778a8b249
Aditya Mehra,Isha Aditi,"7/1/26, 9:12 AM",,OUTGOING,https://www.linkedin.com/in/aditya-mehra-b8644b326,https://www.linkedin.com/in/isha-aditi-a6b088247
Aditya Mehra,Amala George,"7/1/26, 9:12 AM",,OUTGOING,https://www.linkedin.com/in/aditya-mehra-b8644b326,https://www.linkedin.com/in/amala-george-17361519b
Aditya Mehra,Sonali Phutane,"7/1/26, 9:12 AM",,OUTGOING,https://www.linkedin.com/in/aditya-mehra-b8644b326,https://www.linkedin.com/in/sonali-phutane-115b9a153
Aditya Mehra,Akanksha Malde,"7/1/26, 9:12 AM",,OUTGOING,https://www.linkedin.com/in/aditya-mehra-b8644b326,https://www.linkedin.com/in/akanksha-malde-31b1a7231
Aditya Mehra,Bhavana Shivashankar,"7/1/26, 9:12 AM",,OUTGOING,https://www.linkedin.com/in/aditya-mehra-b8644b326,https://www.linkedin.com/in/bhavana-shivashankar-708b34151
Aditya Mehra,Chitralekha Chedurupalli,"7/1/26, 9:12 AM",,OUTGOING,https://www.linkedin.com/in/aditya-mehra-b8644b326,https://www.linkedin.com/in/chitralekha-chedurupalli-b12371193
Aditya Mehra,Dolly Tiwari,"7/1/26, 9:11 AM",,OUTGOING,https://www.linkedin.com/in/aditya-mehra-b8644b326,https://www.linkedin.com/in/dolly-tiwari-2b6a2119a
Aditya Mehra,Mahak Jain,"7/1/26, 9:12 AM",,OUTGOING,https://www.linkedin.com/in/aditya-mehra-b8644b326,https://www.linkedin.com/in/mahak-jain-46342823b
Aditya Mehra,Gouri Meenakshi,"7/1/26, 9:12 AM",,OUTGOING,https://www.linkedin.com/in/aditya-mehra-b8644b326,https://www.linkedin.com/in/gourimeenakshi
Aditya Mehra,Neelakshee Bose,"7/1/26, 9:11 AM",,OUTGOING,https://www.linkedin.com/in/aditya-mehra-b8644b326,https://www.linkedin.com/in/neelakshee-bose-b9b54b248
Aditya Mehra,Ritika S.,"7/1/26, 9:11 AM",,OUTGOING,https://www.linkedin.com/in/aditya-mehra-b8644b326,https://www.linkedin.com/in/ritika-s-506349aa
Aditya Mehra,SOUMYA SHOBHANA .,"7/1/26, 9:12 AM",,OUTGOING,https://www.linkedin.com/in/aditya-mehra-b8644b326,https://www.linkedin.com/in/soumya-shobhana-a760b6233
Aditya Mehra,"Mahek Singhal, FRM","7/1/26, 9:11 AM",,OUTGOING,https://www.linkedin.com/in/aditya-mehra-b8644b326,https://www.linkedin.com/in/mahek-singhal-frm-316144129
Aditya Mehra,"Archita S, CFA","7/1/26, 9:12 AM",,OUTGOING,https://www.linkedin.com/in/aditya-mehra-b8644b326,https://www.linkedin.com/in/architas
Aditya Mehra,Prachi Sanghvi,"7/1/26, 9:11 AM",,OUTGOING,https://www.linkedin.com/in/aditya-mehra-b8644b326,https://www.linkedin.com/in/prachi-sanghvi-
Aditya Mehra,Bharath Suja,"7/1/26, 9:11 AM",,OUTGOING,https://www.linkedin.com/in/aditya-mehra-b8644b326,https://www.linkedin.com/in/bharath-suja-b7b10581
Aditya Mehra,Bichithra Biswal,"7/1/26, 9:11 AM",,OUTGOING,https://www.linkedin.com/in/aditya-mehra-b8644b326,https://www.linkedin.com/in/bichithra
Aditya Mehra,Kaushik Kelkar,"7/1/26, 9:11 AM",,OUTGOING,https://www.linkedin.com/in/aditya-mehra-b8644b326,https://www.linkedin.com/in/kaushik-kelkar-5517a2269
Aditya Mehra,PRIYA A.,"7/1/26, 9:11 AM",,OUTGOING,https://www.linkedin.com/in/aditya-mehra-b8644b326,https://www.linkedin.com/in/priya-a-39516b78
Aditya Mehra,Dr. Anita Mary,"7/1/26, 9:11 AM",,OUTGOING,https://www.linkedin.com/in/aditya-mehra-b8644b326,https://www.linkedin.com/in/dr-anita-mary-7343671b3
Aditya Mehra,Aman Panchal,"7/1/26, 9:11 AM",,OUTGOING,https://www.linkedin.com/in/aditya-mehra-b8644b326,https://www.linkedin.com/in/aman-panchal-02932928a
Aditya Mehra,Ananyaa M,"7/1/26, 9:11 AM",,OUTGOING,https://www.linkedin.com/in/aditya-mehra-b8644b326,https://www.linkedin.com/in/ananyaa-m-48a556276
Aditya Mehra,Alice Rethi,"7/1/26, 9:11 AM",,OUTGOING,https://www.linkedin.com/in/aditya-mehra-b8644b326,https://www.linkedin.com/in/alice-rethi-b783b4262
Aditya Mehra,Chaithra S,"7/1/26, 9:11 AM",,OUTGOING,https://www.linkedin.com/in/aditya-mehra-b8644b326,https://www.linkedin.com/in/chaithras98
Aditya Mehra,Divya S,"7/1/26, 9:11 AM",,OUTGOING,https://www.linkedin.com/in/aditya-mehra-b8644b326,https://www.linkedin.com/in/divya-s-340b6717b
Aditya Mehra,Tulasi Brahma,"7/1/26, 9:11 AM",,OUTGOING,https://www.linkedin.com/in/aditya-mehra-b8644b326,https://www.linkedin.com/in/tulasi-brahma
Aditya Mehra,Saurav Jacob,"7/1/26, 9:11 AM",,OUTGOING,https://www.linkedin.com/in/aditya-mehra-b8644b326,https://www.linkedin.com/in/sauravjacob
Aditya Mehra,Ananya  Dutta,"7/1/26, 9:11 AM",,OUTGOING,https://www.linkedin.com/in/aditya-mehra-b8644b326,https://www.linkedin.com/in/ananya-dutta-b89052227
Aditya Mehra,Aarthi Shetty,"7/1/26, 9:11 AM",,OUTGOING,https://www.linkedin.com/in/aditya-mehra-b8644b326,https://www.linkedin.com/in/aarthi-shetty-236690164
Aditya Mehra,Poorna G,"7/1/26, 9:11 AM",,OUTGOING,https://www.linkedin.com/in/aditya-mehra-b8644b326,https://www.linkedin.com/in/poorna-g-79a160167
Aditya Mehra,Kripa  Chandy ,"7/1/26, 9:10 AM",,OUTGOING,https://www.linkedin.com/in/aditya-mehra-b8644b326,https://www.linkedin.com/in/kripa-chandy-b30415240
Aditya Mehra,Ananya  Chaudhuri,"7/1/26, 9:10 AM",,OUTGOING,https://www.linkedin.com/in/aditya-mehra-b8644b326,https://www.linkedin.com/in/ananya-chaudhuri-
Aditya Mehra,Rasuka Kishore,"7/1/26, 9:10 AM",,OUTGOING,https://www.linkedin.com/in/aditya-mehra-b8644b326,https://www.linkedin.com/in/rasuka-kishore-b7b64b17
Aditya Mehra,Nitika Garg,"7/1/26, 9:10 AM",,OUTGOING,https://www.linkedin.com/in/aditya-mehra-b8644b326,https://www.linkedin.com/in/nitika-garg-071059184
Aditya Mehra,Muskaan Sharma,"7/1/26, 9:10 AM",,OUTGOING,https://www.linkedin.com/in/aditya-mehra-b8644b326,https://www.linkedin.com/in/muskaan-sharma-86937b182
Aditya Mehra,Ashwini Kardile,"7/1/26, 9:10 AM",,OUTGOING,https://www.linkedin.com/in/aditya-mehra-b8644b326,https://www.linkedin.com/in/ashwini-kardile-89729a1a9
Aditya Mehra,Priya Aggarwal,"7/1/26, 9:09 AM",,OUTGOING,https://www.linkedin.com/in/aditya-mehra-b8644b326,https://www.linkedin.com/in/aggarwalpriya
Aditya Mehra,Shanmukhi Banala,"7/1/26, 9:10 AM",,OUTGOING,https://www.linkedin.com/in/aditya-mehra-b8644b326,https://www.linkedin.com/in/shanmukhi-banala-539650150
Aditya Mehra,Devrathi Singh,"7/1/26, 9:09 AM",,OUTGOING,https://www.linkedin.com/in/aditya-mehra-b8644b326,https://www.linkedin.com/in/devrathi-singh-515914195
Aditya Mehra,Prachi Gupta,"7/1/26, 9:09 AM",,OUTGOING,https://www.linkedin.com/in/aditya-mehra-b8644b326,https://www.linkedin.com/in/prachigupta6
Aditya Mehra,Kavita Lahoti,"7/1/26, 9:09 AM",,OUTGOING,https://www.linkedin.com/in/aditya-mehra-b8644b326,https://www.linkedin.com/in/kavita-l-b79039165
Aditya Mehra,Muskan Asnani,"7/1/26, 9:09 AM",,OUTGOING,https://www.linkedin.com/in/aditya-mehra-b8644b326,https://www.linkedin.com/in/muskan-asnani
Aditya Mehra,Roopa Vaidya,"7/1/26, 9:09 AM",,OUTGOING,https://www.linkedin.com/in/aditya-mehra-b8644b326,https://www.linkedin.com/in/roopavaidya
Aditya Mehra,Divya Nakra,"7/1/26, 9:09 AM",,OUTGOING,https://www.linkedin.com/in/aditya-mehra-b8644b326,https://www.linkedin.com/in/divya-nakra-b728b499
Aditya Mehra,Gagandeep Kaur,"7/1/26, 9:09 AM",,OUTGOING,https://www.linkedin.com/in/aditya-mehra-b8644b326,https://www.linkedin.com/in/gagandeep-kaur-b40624167
Aditya Mehra,Shreyas Singh,"7/1/26, 9:09 AM",,OUTGOING,https://www.linkedin.com/in/aditya-mehra-b8644b326,https://www.linkedin.com/in/shreyas-singh-1589a3143
Aditya Mehra,Mounica Kunta,"7/1/26, 9:09 AM",,OUTGOING,https://www.linkedin.com/in/aditya-mehra-b8644b326,https://www.linkedin.com/in/kuntamounica
Aditya Mehra,Sanjana Rout,"7/1/26, 9:09 AM",,OUTGOING,https://www.linkedin.com/in/aditya-mehra-b8644b326,https://www.linkedin.com/in/sanjana-rout
Aditya Mehra,Nandini Gandhadmath,"7/1/26, 9:09 AM",,OUTGOING,https://www.linkedin.com/in/aditya-mehra-b8644b326,https://www.linkedin.com/in/nandini-gandhadmath-66bb4b227
Aditya Mehra,ANKITA SARKAR,"7/1/26, 9:09 AM",,OUTGOING,https://www.linkedin.com/in/aditya-mehra-b8644b326,https://www.linkedin.com/in/ankita-sarkar-44921016a
Aditya Mehra,Priyadarshini Biswal,"7/1/26, 9:09 AM",,OUTGOING,https://www.linkedin.com/in/aditya-mehra-b8644b326,https://www.linkedin.com/in/priyadarshini-biswal-318645177
Aditya Mehra,Shweta Goyal,"7/1/26, 9:09 AM",,OUTGOING,https://www.linkedin.com/in/aditya-mehra-b8644b326,https://www.linkedin.com/in/shweta-goyal-057197189
Aditya Mehra,Yashi Jangid,"7/1/26, 9:09 AM",,OUTGOING,https://www.linkedin.com/in/aditya-mehra-b8644b326,https://www.linkedin.com/in/yashi-jangid-094b9418a
Aditya Mehra,Shreya Barguzer,"7/1/26, 9:09 AM",,OUTGOING,https://www.linkedin.com/in/aditya-mehra-b8644b326,https://www.linkedin.com/in/shreya-barguzer-09b84a184
Aditya Mehra,Suviegya Sinha,"7/1/26, 9:08 AM",,OUTGOING,https://www.linkedin.com/in/aditya-mehra-b8644b326,https://www.linkedin.com/in/suviegya-sinha-340714106
Aditya Mehra,Surbhi Sahu,"7/1/26, 9:08 AM",,OUTGOING,https://www.linkedin.com/in/aditya-mehra-b8644b326,https://www.linkedin.com/in/surbhi-sahu-925093102
Aditya Mehra,Muhammed Kabeer P,"7/1/26, 9:05 AM",,OUTGOING,https://www.linkedin.com/in/aditya-mehra-b8644b326,https://www.linkedin.com/in/muhammed-kabeer-p-b4344814a
Aditya Mehra,Mahendra Kumar,"7/1/26, 9:06 AM",,OUTGOING,https://www.linkedin.com/in/aditya-mehra-b8644b326,https://www.linkedin.com/in/mahendra-kumar-96559686
Aditya Mehra,Nikhil Kamath,"7/1/26, 9:05 AM",,OUTGOING,https://www.linkedin.com/in/aditya-mehra-b8644b326,https://www.linkedin.com/in/nikhilkamathcio
Aditya Mehra,Khushi M,"7/1/26, 9:04 AM",,OUTGOING,https://www.linkedin.com/in/aditya-mehra-b8644b326,https://www.linkedin.com/in/khushim25
Aditya Mehra,Gita Anjali B,"7/1/26, 9:04 AM",,OUTGOING,https://www.linkedin.com/in/aditya-mehra-b8644b326,https://www.linkedin.com/in/gita-anjali-b-3a3650340
Aditya Mehra,Lavanya Pachisia,"7/1/26, 9:03 AM",,OUTGOING,https://www.linkedin.com/in/aditya-mehra-b8644b326,https://www.linkedin.com/in/lavanya-pachisia-0808b47
Aditya Mehra,Vidya Shree,"7/1/26, 9:03 AM",,OUTGOING,https://www.linkedin.com/in/aditya-mehra-b8644b326,https://www.linkedin.com/in/vidya-shree-0a29107a
Aditya Mehra,Krishnaranjani Raju,"7/1/26, 9:02 AM",,OUTGOING,https://www.linkedin.com/in/aditya-mehra-b8644b326,https://www.linkedin.com/in/krishnaranjani
Aditya Mehra,Purnima Mallick,"7/1/26, 9:01 AM",,OUTGOING,https://www.linkedin.com/in/aditya-mehra-b8644b326,https://www.linkedin.com/in/purnimamallick
Aditya Mehra,Palak Agarwal,"7/1/26, 9:01 AM",,OUTGOING,https://www.linkedin.com/in/aditya-mehra-b8644b326,https://www.linkedin.com/in/palak-agarwal-5b8153255
Aditya Mehra,Lakshmipathi Chockalingam,"7/1/26, 9:01 AM",,OUTGOING,https://www.linkedin.com/in/aditya-mehra-b8644b326,https://www.linkedin.com/in/lakshmipathi-chockalingam-aa622119
Aditya Mehra,"Rashmi Soni, SCPM®","7/1/26, 9:00 AM",,OUTGOING,https://www.linkedin.com/in/aditya-mehra-b8644b326,https://www.linkedin.com/in/rashmi-soni-scpm®-227ba51
Aditya Mehra,Shaon Manna,"7/1/26, 9:01 AM",,OUTGOING,https://www.linkedin.com/in/aditya-mehra-b8644b326,https://www.linkedin.com/in/shaon-manna-0710942b6
Aditya Mehra,Ashwini (Jain) Mutha,"7/1/26, 9:01 AM",,OUTGOING,https://www.linkedin.com/in/aditya-mehra-b8644b326,https://www.linkedin.com/in/ashwini-jain-mutha-7794b42aa
Aditya Mehra,Gowri Prabhu,"7/1/26, 9:00 AM",,OUTGOING,https://www.linkedin.com/in/aditya-mehra-b8644b326,https://www.linkedin.com/in/gowri-prabhu-072ba529
Aditya Mehra,Khushbhu Nimbawat,"7/1/26, 9:00 AM",,OUTGOING,https://www.linkedin.com/in/aditya-mehra-b8644b326,https://www.linkedin.com/in/khushbhu-nimbawat
Aditya Mehra,Radhika Berwal,"7/1/26, 9:00 AM",,OUTGOING,https://www.linkedin.com/in/aditya-mehra-b8644b326,https://www.linkedin.com/in/radhika-berwal-216b04250
Aditya Mehra,Raman Anand,"7/1/26, 9:00 AM",,OUTGOING,https://www.linkedin.com/in/aditya-mehra-b8644b326,https://www.linkedin.com/in/raman-anand-
Aditya Mehra,Aakangsha Agarwal,"7/1/26, 9:00 AM",,OUTGOING,https://www.linkedin.com/in/aditya-mehra-b8644b326,https://www.linkedin.com/in/aakangsha-agarwal-14a064288
Aditya Mehra,Bhavya Bhuwal,"7/1/26, 8:59 AM",,OUTGOING,https://www.linkedin.com/in/aditya-mehra-b8644b326,https://www.linkedin.com/in/bhavya-bhuwal-95a5231b3
Aditya Mehra,Yazhini Raja,"7/1/26, 8:59 AM",,OUTGOING,https://www.linkedin.com/in/aditya-mehra-b8644b326,https://www.linkedin.com/in/yazhini-raja-1b070833b
Aditya Mehra,CA Abhilasha CB,"7/1/26, 8:59 AM",,OUTGOING,https://www.linkedin.com/in/aditya-mehra-b8644b326,https://www.linkedin.com/in/ca-abhilasha-cb-92bb501a2
Aditya Mehra,Prachi Chawla,"7/1/26, 8:58 AM",,OUTGOING,https://www.linkedin.com/in/aditya-mehra-b8644b326,https://www.linkedin.com/in/prachi-chawla0216
Aditya Mehra,Yashika Kapoor,"7/1/26, 8:59 AM",,OUTGOING,https://www.linkedin.com/in/aditya-mehra-b8644b326,https://www.linkedin.com/in/yashika-kapoor26
Aditya Mehra,Lakshmy C.R.,"7/1/26, 8:58 AM",,OUTGOING,https://www.linkedin.com/in/aditya-mehra-b8644b326,https://www.linkedin.com/in/lakshmycr
Aditya Mehra,Merenkala Jamir,"7/1/26, 8:59 AM",,OUTGOING,https://www.linkedin.com/in/aditya-mehra-b8644b326,https://www.linkedin.com/in/merenkala-jamir-aa6155b6
Aditya Mehra,Charishma Darisi,"7/1/26, 8:59 AM",,OUTGOING,https://www.linkedin.com/in/aditya-mehra-b8644b326,https://www.linkedin.com/in/charishma-darisi-b2a262237
Aditya Mehra,Paridhi Jain,"7/1/26, 8:59 AM",,OUTGOING,https://www.linkedin.com/in/aditya-mehra-b8644b326,https://www.linkedin.com/in/paridhi-jain-7b38a924a
Aditya Mehra,Nandita  Shankar,"7/1/26, 8:58 AM",,OUTGOING,https://www.linkedin.com/in/aditya-mehra-b8644b326,https://www.linkedin.com/in/nandita-shankar-89b72a289
Aditya Mehra,Tushti S Raju,"7/1/26, 8:58 AM",,OUTGOING,https://www.linkedin.com/in/aditya-mehra-b8644b326,https://www.linkedin.com/in/tushti-s-raju
Aditya Mehra,Jennifer Joseph,"7/1/26, 8:57 AM",,OUTGOING,https://www.linkedin.com/in/aditya-mehra-b8644b326,https://www.linkedin.com/in/jennifer-joseph-a04b2a2a3
Aditya Mehra,Rittika Neog,"7/1/26, 8:58 AM",,OUTGOING,https://www.linkedin.com/in/aditya-mehra-b8644b326,https://www.linkedin.com/in/rittika-neog
Aditya Mehra,Mehenaz Begum,"7/1/26, 8:57 AM",,OUTGOING,https://www.linkedin.com/in/aditya-mehra-b8644b326,https://www.linkedin.com/in/mehenaz-begum-874b7338a
Aditya Mehra,Joicy Pinto,"7/1/26, 8:57 AM",,OUTGOING,https://www.linkedin.com/in/aditya-mehra-b8644b326,https://www.linkedin.com/in/joicy-pinto
Aditya Mehra,Denica Melani D Souza,"7/1/26, 8:57 AM",,OUTGOING,https://www.linkedin.com/in/aditya-mehra-b8644b326,https://www.linkedin.com/in/denica-melani-dsouza
Aditya Mehra,Floella Jessica Moras,"7/1/26, 8:57 AM",,OUTGOING,https://www.linkedin.com/in/aditya-mehra-b8644b326,https://www.linkedin.com/in/floella
Aditya Mehra,Rakshanya Raj,"7/1/26, 8:57 AM",,OUTGOING,https://www.linkedin.com/in/aditya-mehra-b8644b326,https://www.linkedin.com/in/rakshanya-raj-4a716246
Aditya Mehra,Chaithra V M,"7/1/26, 8:57 AM",,OUTGOING,https://www.linkedin.com/in/aditya-mehra-b8644b326,https://www.linkedin.com/in/chaithra-vm
Aditya Mehra,Pravna Prasad K,"7/1/26, 8:57 AM",,OUTGOING,https://www.linkedin.com/in/aditya-mehra-b8644b326,https://www.linkedin.com/in/pravna-prasad-k-758385258
Aditya Mehra,Ashley Roy,"7/1/26, 8:57 AM",,OUTGOING,https://www.linkedin.com/in/aditya-mehra-b8644b326,https://www.linkedin.com/in/ashley-roy-1bb53936b
Aditya Mehra,Mariya Joshy,"7/1/26, 8:57 AM",,OUTGOING,https://www.linkedin.com/in/aditya-mehra-b8644b326,https://www.linkedin.com/in/mariya-joshy75
Aditya Mehra,Jelisha Dsouza,"7/1/26, 8:57 AM",,OUTGOING,https://www.linkedin.com/in/aditya-mehra-b8644b326,https://www.linkedin.com/in/jelishadsouza
Aditya Mehra,Sushmitha Rachel Veigas,"7/1/26, 8:57 AM",,OUTGOING,https://www.linkedin.com/in/aditya-mehra-b8644b326,https://www.linkedin.com/in/sushmitharv
Aditya Mehra,Sanjana  Venkat,"7/1/26, 8:57 AM",,OUTGOING,https://www.linkedin.com/in/aditya-mehra-b8644b326,https://www.linkedin.com/in/sanjanavenkat2
Aditya Mehra,Rinee Noronha,"7/1/26, 8:57 AM",,OUTGOING,https://www.linkedin.com/in/aditya-mehra-b8644b326,https://www.linkedin.com/in/rinee-noronha-6bba50253
Aditya Mehra,Anoushka Kundu,"7/1/26, 8:57 AM",,OUTGOING,https://www.linkedin.com/in/aditya-mehra-b8644b326,https://www.linkedin.com/in/anoushka-kundu-a3a1a7283
Aditya Mehra,Minnu Maria Binoj,"7/1/26, 8:57 AM",,OUTGOING,https://www.linkedin.com/in/aditya-mehra-b8644b326,https://www.linkedin.com/in/minnumariabinoj
Aditya Mehra,Tanvi K,"7/1/26, 8:57 AM",,OUTGOING,https://www.linkedin.com/in/aditya-mehra-b8644b326,https://www.linkedin.com/in/tanvi-k-1590bb254
Aditya Mehra,Diya Swedal  Rebello ,"7/1/26, 8:56 AM",,OUTGOING,https://www.linkedin.com/in/aditya-mehra-b8644b326,https://www.linkedin.com/in/diya-swedal-rebello-6aa4162a5
Aditya Mehra,Ananya A. S. A,"7/1/26, 8:57 AM",,OUTGOING,https://www.linkedin.com/in/aditya-mehra-b8644b326,https://www.linkedin.com/in/ananya-a-s-a-285305358
Aditya Mehra,Anashuya Das,"7/1/26, 8:56 AM",,OUTGOING,https://www.linkedin.com/in/aditya-mehra-b8644b326,https://www.linkedin.com/in/anashuya-das-b1ab4a266
Aditya Mehra,Malavika Rajesh,"7/1/26, 8:56 AM",,OUTGOING,https://www.linkedin.com/in/aditya-mehra-b8644b326,https://www.linkedin.com/in/malavika-rajesh-859b98368
Aditya Mehra,Cliza Ruth Moras,"7/1/26, 8:56 AM",,OUTGOING,https://www.linkedin.com/in/aditya-mehra-b8644b326,https://www.linkedin.com/in/cliza-ruth-moras-0aa680308
Aditya Mehra,Sanghamitra Deb,"7/1/26, 8:56 AM",,OUTGOING,https://www.linkedin.com/in/aditya-mehra-b8644b326,https://www.linkedin.com/in/sanghamitra-deb-762279187
Aditya Mehra,Rishita Srivastav,"7/1/26, 8:56 AM",,OUTGOING,https://www.linkedin.com/in/aditya-mehra-b8644b326,https://www.linkedin.com/in/rishita-srivastav-73a9b8250
Aditya Mehra,Gouri P,"7/1/26, 8:56 AM",,OUTGOING,https://www.linkedin.com/in/aditya-mehra-b8644b326,https://www.linkedin.com/in/gouri-p-890943379
Aditya Mehra,Dr Niva Kalita,"7/1/26, 8:56 AM",,OUTGOING,https://www.linkedin.com/in/aditya-mehra-b8644b326,https://www.linkedin.com/in/dr-niva-kalita-63559a1b1
Aditya Mehra,Rekha  Girish,"7/1/26, 8:56 AM",,OUTGOING,https://www.linkedin.com/in/aditya-mehra-b8644b326,https://www.linkedin.com/in/rekha-girish-91a805375
Aditya Mehra,Malavika A,"7/1/26, 8:56 AM",,OUTGOING,https://www.linkedin.com/in/aditya-mehra-b8644b326,https://www.linkedin.com/in/malavika-a-3491a5292
Aditya Mehra,Larrel Rodrigues,"7/1/26, 8:56 AM",,OUTGOING,https://www.linkedin.com/in/aditya-mehra-b8644b326,https://www.linkedin.com/in/larrel-rodrigues-81068a261
Aditya Mehra,Kirti Priya Das,"7/1/26, 8:56 AM",,OUTGOING,https://www.linkedin.com/in/aditya-mehra-b8644b326,https://www.linkedin.com/in/kirti-priya-das-7848b5306
Aditya Mehra,Priya Dutta,"7/1/26, 8:56 AM",,OUTGOING,https://www.linkedin.com/in/aditya-mehra-b8644b326,https://www.linkedin.com/in/priya-dutta-a8042b211
Aditya Mehra,Dr. Vaishali Singh,"7/1/26, 8:56 AM",,OUTGOING,https://www.linkedin.com/in/aditya-mehra-b8644b326,https://www.linkedin.com/in/dr-vaishali-singh-6056711a5
Aditya Mehra,Khushi Soni,"7/1/26, 8:56 AM",,OUTGOING,https://www.linkedin.com/in/aditya-mehra-b8644b326,https://www.linkedin.com/in/khushi-soni-71a818285
Aditya Mehra,POOJA AMBASTHA,"7/1/26, 8:55 AM",,OUTGOING,https://www.linkedin.com/in/aditya-mehra-b8644b326,https://www.linkedin.com/in/pooja-ambastha-316236246
Aditya Mehra,Shreya Srivastava,"7/1/26, 8:56 AM",,OUTGOING,https://www.linkedin.com/in/aditya-mehra-b8644b326,https://www.linkedin.com/in/shreya-srivastava-438328268
Aditya Mehra,Janice Avena Fernandes,"7/1/26, 8:55 AM",,OUTGOING,https://www.linkedin.com/in/aditya-mehra-b8644b326,https://www.linkedin.com/in/janicefernandes16
Aditya Mehra,Sarah Taufik,"7/1/26, 8:55 AM",,OUTGOING,https://www.linkedin.com/in/aditya-mehra-b8644b326,https://www.linkedin.com/in/sarah-taufik
Aditya Mehra,Pavithra sai  Jawahar,"7/1/26, 8:56 AM",,OUTGOING,https://www.linkedin.com/in/aditya-mehra-b8644b326,https://www.linkedin.com/in/pavithra-sai-jawahar-ab0220203
Aditya Mehra,Varjina Khakhlari,"7/1/26, 8:55 AM",,OUTGOING,https://www.linkedin.com/in/aditya-mehra-b8644b326,https://www.linkedin.com/in/varjina-khakhlari-aa045a31a
Aditya Mehra,Ankita Raj,"7/1/26, 8:55 AM",,OUTGOING,https://www.linkedin.com/in/aditya-mehra-b8644b326,https://www.linkedin.com/in/ankita-raj-04ab44227
Aditya Mehra,SUSAN .K. BIJU,"7/1/26, 8:56 AM",,OUTGOING,https://www.linkedin.com/in/aditya-mehra-b8644b326,https://www.linkedin.com/in/susan-k-biju
Aditya Mehra,Gorvi Agarwal,"7/1/26, 8:55 AM",,OUTGOING,https://www.linkedin.com/in/aditya-mehra-b8644b326,https://www.linkedin.com/in/gorviagarwal
Aditya Mehra,Vanshika Khurana,"7/1/26, 8:56 AM",,OUTGOING,https://www.linkedin.com/in/aditya-mehra-b8644b326,https://www.linkedin.com/in/vanshika-khuranaaaa
Aditya Mehra,Dristi Darsana Kashyap,"7/1/26, 8:55 AM",,OUTGOING,https://www.linkedin.com/in/aditya-mehra-b8644b326,https://www.linkedin.com/in/dristi-darsana-kashyap-a62762377
Aditya Mehra,Priya Baral,"7/1/26, 8:55 AM",,OUTGOING,https://www.linkedin.com/in/aditya-mehra-b8644b326,https://www.linkedin.com/in/priyabaral
Aditya Mehra,Gonsha  pm,"7/1/26, 8:56 AM",,OUTGOING,https://www.linkedin.com/in/aditya-mehra-b8644b326,https://www.linkedin.com/in/gonsha-pm-ab5236386
Aditya Mehra,BHARATI KUHIKAR,"7/1/26, 8:55 AM",,OUTGOING,https://www.linkedin.com/in/aditya-mehra-b8644b326,https://www.linkedin.com/in/bharati-k
Aditya Mehra,Neha Mary Mammen,"7/1/26, 8:55 AM",,OUTGOING,https://www.linkedin.com/in/aditya-mehra-b8644b326,https://www.linkedin.com/in/neha-mary-mammen-08a8b8232
Aditya Mehra,Nabamallika Bordoloi,"7/1/26, 8:55 AM",,OUTGOING,https://www.linkedin.com/in/aditya-mehra-b8644b326,https://www.linkedin.com/in/nabamallika-bordoloi-025580189
Aditya Mehra,Danica Rochelle  Correa,"7/1/26, 8:55 AM",,OUTGOING,https://www.linkedin.com/in/aditya-mehra-b8644b326,https://www.linkedin.com/in/danica-rochelle-correa-9854122b8
Aditya Mehra,Arya Chouhan,"7/1/26, 8:55 AM",,OUTGOING,https://www.linkedin.com/in/aditya-mehra-b8644b326,https://www.linkedin.com/in/arya-chouhan-09b886309
Aditya Mehra,Vaagishwari T S,"7/1/26, 8:55 AM",,OUTGOING,https://www.linkedin.com/in/aditya-mehra-b8644b326,https://www.linkedin.com/in/vaagishwari-t-s-
Aditya Mehra,Gayatri V,"7/1/26, 8:55 AM",,OUTGOING,https://www.linkedin.com/in/aditya-mehra-b8644b326,https://www.linkedin.com/in/gayatri-v-970bb7270
Aditya Mehra,Varsha K,"7/1/26, 8:55 AM",,OUTGOING,https://www.linkedin.com/in/aditya-mehra-b8644b326,https://www.linkedin.com/in/varsha-k31
Aditya Mehra,Astha Mishra,"7/1/26, 8:55 AM",,OUTGOING,https://www.linkedin.com/in/aditya-mehra-b8644b326,https://www.linkedin.com/in/astha-mishra-1b2baa1ba
Aditya Mehra,Aditi Said,"7/1/26, 8:55 AM",,OUTGOING,https://www.linkedin.com/in/aditya-mehra-b8644b326,https://www.linkedin.com/in/aditi-said-254532254
Aditya Mehra,Pragya Singh,"7/1/26, 8:55 AM",,OUTGOING,https://www.linkedin.com/in/aditya-mehra-b8644b326,https://www.linkedin.com/in/pragya-singh-6091472a5
Aditya Mehra,Sumiran Sookti,"7/1/26, 8:55 AM",,OUTGOING,https://www.linkedin.com/in/aditya-mehra-b8644b326,https://www.linkedin.com/in/sumiran-sookti
Aditya Mehra,Madhvi Dangwal,"7/1/26, 8:55 AM",,OUTGOING,https://www.linkedin.com/in/aditya-mehra-b8644b326,https://www.linkedin.com/in/madhvi-dangwal-
Aditya Mehra,Bhumika Jain,"7/1/26, 8:55 AM",,OUTGOING,https://www.linkedin.com/in/aditya-mehra-b8644b326,https://www.linkedin.com/in/bhumika-jain-0a3499302
Aditya Mehra,Sri Swetha,"7/1/26, 8:55 AM",,OUTGOING,https://www.linkedin.com/in/aditya-mehra-b8644b326,https://www.linkedin.com/in/sri-swetha-9b0158250
Aditya Mehra,Kavya Shetty,"7/1/26, 8:55 AM",,OUTGOING,https://www.linkedin.com/in/aditya-mehra-b8644b326,https://www.linkedin.com/in/shettykavya16052002
Aditya Mehra,Monam Pal,"7/1/26, 8:55 AM",,OUTGOING,https://www.linkedin.com/in/aditya-mehra-b8644b326,https://www.linkedin.com/in/monam-pal
Aditya Mehra,Sneha Gupta,"7/1/26, 8:55 AM",,OUTGOING,https://www.linkedin.com/in/aditya-mehra-b8644b326,https://www.linkedin.com/in/sneha-gupta-59a042328
Aditya Mehra,Kajal Singh,"7/1/26, 8:54 AM",,OUTGOING,https://www.linkedin.com/in/aditya-mehra-b8644b326,https://www.linkedin.com/in/kajal-singh-70a889249
Aditya Mehra,Mohana Krishna Madhumitha .,"7/1/26, 8:55 AM",,OUTGOING,https://www.linkedin.com/in/aditya-mehra-b8644b326,https://www.linkedin.com/in/madhumitha0501
Aditya Mehra,Vaishnavy  Balakrishnan ,"7/1/26, 8:55 AM",,OUTGOING,https://www.linkedin.com/in/aditya-mehra-b8644b326,https://www.linkedin.com/in/vaishnavy-balakrishnan-55b929215
Aditya Mehra,Annet Jose,"7/1/26, 8:55 AM",,OUTGOING,https://www.linkedin.com/in/aditya-mehra-b8644b326,https://www.linkedin.com/in/annet-jose-58a773350
Aditya Mehra,B Archana Baliga,"7/1/26, 8:55 AM",,OUTGOING,https://www.linkedin.com/in/aditya-mehra-b8644b326,https://www.linkedin.com/in/b-archana-baliga-426691245
Aditya Mehra,Mariya Susan Mathew,"7/1/26, 8:54 AM",,OUTGOING,https://www.linkedin.com/in/aditya-mehra-b8644b326,https://www.linkedin.com/in/mariyasusanmathew
Aditya Mehra,Dharshini Ramesh ,"7/1/26, 8:55 AM",,OUTGOING,https://www.linkedin.com/in/aditya-mehra-b8644b326,https://www.linkedin.com/in/dharshini-ramesh
Aditya Mehra,Hanna Jacob,"7/1/26, 8:54 AM",,OUTGOING,https://www.linkedin.com/in/aditya-mehra-b8644b326,https://www.linkedin.com/in/hanna-jacob
Aditya Mehra,Dr Prabakar Srinivasan,"7/1/26, 8:55 AM",,OUTGOING,https://www.linkedin.com/in/aditya-mehra-b8644b326,https://www.linkedin.com/in/drsp26051976
Aditya Mehra,Kopal Gupta,"7/1/26, 8:55 AM",,OUTGOING,https://www.linkedin.com/in/aditya-mehra-b8644b326,https://www.linkedin.com/in/kopal1-gupta
Aditya Mehra,Iheena Chaudhury,"7/1/26, 8:54 AM",,OUTGOING,https://www.linkedin.com/in/aditya-mehra-b8644b326,https://www.linkedin.com/in/iheena-chaudhury-1a250a293
Aditya Mehra,Srijita Dutta,"7/1/26, 8:55 AM",,OUTGOING,https://www.linkedin.com/in/aditya-mehra-b8644b326,https://www.linkedin.com/in/srijita-dutta-a17a58292
Aditya Mehra,Devika S,"7/1/26, 8:54 AM",,OUTGOING,https://www.linkedin.com/in/aditya-mehra-b8644b326,https://www.linkedin.com/in/devika-malimel
Aditya Mehra,Nidhi Shastri,"7/1/26, 8:54 AM",,OUTGOING,https://www.linkedin.com/in/aditya-mehra-b8644b326,https://www.linkedin.com/in/nidhi-shastri-73710321a
Aditya Mehra,Abha Gaur,"7/1/26, 8:54 AM",,OUTGOING,https://www.linkedin.com/in/aditya-mehra-b8644b326,https://www.linkedin.com/in/abhagaur16
Aditya Mehra,Aqsabano Patel,"7/1/26, 8:54 AM",,OUTGOING,https://www.linkedin.com/in/aditya-mehra-b8644b326,https://www.linkedin.com/in/aqsabano-patel-477993242
Aditya Mehra,Atmakuri Sree Harshini,"7/1/26, 8:54 AM",,OUTGOING,https://www.linkedin.com/in/aditya-mehra-b8644b326,https://www.linkedin.com/in/atmakuri-sree-harshini-83993a271
Aditya Mehra,Rima Joseph,"7/1/26, 8:54 AM",,OUTGOING,https://www.linkedin.com/in/aditya-mehra-b8644b326,https://www.linkedin.com/in/rimajoseph
Aditya Mehra,Rosanne Chugh,"7/1/26, 8:54 AM",,OUTGOING,https://www.linkedin.com/in/aditya-mehra-b8644b326,https://www.linkedin.com/in/rosanne-chugh-34b795304
Aditya Mehra,Ryka Bhardwaj,"7/1/26, 8:54 AM",,OUTGOING,https://www.linkedin.com/in/aditya-mehra-b8644b326,https://www.linkedin.com/in/ryka-bhardwaj-897197299
Aditya Mehra,Sivabharathi E,"7/1/26, 8:54 AM",,OUTGOING,https://www.linkedin.com/in/aditya-mehra-b8644b326,https://www.linkedin.com/in/sivabharathi-e-a5818b235
Aditya Mehra,Shafa Nasim,"7/1/26, 8:54 AM",,OUTGOING,https://www.linkedin.com/in/aditya-mehra-b8644b326,https://www.linkedin.com/in/shafa-nasim-016196ab
Aditya Mehra,Tamara Kuzmanovic,"7/1/26, 8:54 AM",,OUTGOING,https://www.linkedin.com/in/aditya-mehra-b8644b326,https://www.linkedin.com/in/tamara-kuzmanovic
Aditya Mehra,Mahekk Baig,"7/1/26, 8:54 AM",,OUTGOING,https://www.linkedin.com/in/aditya-mehra-b8644b326,https://www.linkedin.com/in/mahekk-baig
Aditya Mehra,Khushi Bakliwal,"7/1/26, 8:54 AM",,OUTGOING,https://www.linkedin.com/in/aditya-mehra-b8644b326,https://www.linkedin.com/in/khushi-bakliwal-385712302
Aditya Mehra,Nanditha S Kumar,"7/1/26, 8:54 AM",,OUTGOING,https://www.linkedin.com/in/aditya-mehra-b8644b326,https://www.linkedin.com/in/nanditha-s-kumar
Aditya Mehra,Nain Bohra ,"7/1/26, 8:54 AM",,OUTGOING,https://www.linkedin.com/in/aditya-mehra-b8644b326,https://www.linkedin.com/in/nain-bohra-627576179
Aditya Mehra,Shruti Bandawane,"7/1/26, 8:54 AM",,OUTGOING,https://www.linkedin.com/in/aditya-mehra-b8644b326,https://www.linkedin.com/in/shruti-bandawane-477423288
Aditya Mehra,Janavi Jangra,"7/1/26, 8:54 AM",,OUTGOING,https://www.linkedin.com/in/aditya-mehra-b8644b326,https://www.linkedin.com/in/janavi-jangra-072525217
Aditya Mehra,Rijooll Ghaatge,"7/1/26, 8:54 AM",,OUTGOING,https://www.linkedin.com/in/aditya-mehra-b8644b326,https://www.linkedin.com/in/rijooll-ghaatge
Aditya Mehra,Federica Grassi,"7/1/26, 8:54 AM",,OUTGOING,https://www.linkedin.com/in/aditya-mehra-b8644b326,https://www.linkedin.com/in/grassi-federica
Aditya Mehra,Alda N,"7/1/26, 8:54 AM",,OUTGOING,https://www.linkedin.com/in/aditya-mehra-b8644b326,https://www.linkedin.com/in/aldanongmeikapam
Aditya Mehra,Gauri Arora,"7/1/26, 8:54 AM",,OUTGOING,https://www.linkedin.com/in/aditya-mehra-b8644b326,https://www.linkedin.com/in/gauri-arora-887a94376
Aditya Mehra,Alka Mariam Jays,"7/1/26, 8:54 AM",,OUTGOING,https://www.linkedin.com/in/aditya-mehra-b8644b326,https://www.linkedin.com/in/alka-mariam-jays
Aditya Mehra,Shubhani Purohit,"7/1/26, 8:53 AM",,OUTGOING,https://www.linkedin.com/in/aditya-mehra-b8644b326,https://www.linkedin.com/in/shubhani-purohit
Aditya Mehra,Sherone D'Souza,"7/1/26, 8:54 AM",,OUTGOING,https://www.linkedin.com/in/aditya-mehra-b8644b326,https://www.linkedin.com/in/sheronedsouza
Aditya Mehra,Nanda Jyothish K,"7/1/26, 8:53 AM",,OUTGOING,https://www.linkedin.com/in/aditya-mehra-b8644b326,https://www.linkedin.com/in/nanda-jyothish-k-b37493331
Aditya Mehra,Dr. LAKSHMI KARLEKAR,"7/1/26, 8:53 AM",,OUTGOING,https://www.linkedin.com/in/aditya-mehra-b8644b326,https://www.linkedin.com/in/dr-lakshmi-karlekar-11286b219
Aditya Mehra,Sanskrata Tripathi,"7/1/26, 8:54 AM",,OUTGOING,https://www.linkedin.com/in/aditya-mehra-b8644b326,https://www.linkedin.com/in/sanskrata-tripathi-778524216
Aditya Mehra,Tania Binu,"7/1/26, 8:53 AM",,OUTGOING,https://www.linkedin.com/in/aditya-mehra-b8644b326,https://www.linkedin.com/in/tania-binu-820025300
Aditya Mehra,Dr.Truptha Shankar,"7/1/26, 8:53 AM",,OUTGOING,https://www.linkedin.com/in/aditya-mehra-b8644b326,https://www.linkedin.com/in/dr-truptha-s-243b7620
Aditya Mehra,Ritu Bhattad,"7/1/26, 8:53 AM",,OUTGOING,https://www.linkedin.com/in/aditya-mehra-b8644b326,https://www.linkedin.com/in/ritu-bhattad-b960861b6
Aditya Mehra,Prof.Suneeta Hegde,"7/1/26, 8:53 AM",,OUTGOING,https://www.linkedin.com/in/aditya-mehra-b8644b326,https://www.linkedin.com/in/prof-suneeta-hegde-09136a10
Aditya Mehra,Divyata  Shri,"7/1/26, 8:53 AM",,OUTGOING,https://www.linkedin.com/in/aditya-mehra-b8644b326,https://www.linkedin.com/in/divyata-shri
Aditya Mehra,Joan Lilly,"7/1/26, 8:53 AM",,OUTGOING,https://www.linkedin.com/in/aditya-mehra-b8644b326,https://www.linkedin.com/in/joan-lilly-721367142
Aditya Mehra,Aditi Girish,"7/1/26, 8:53 AM",,OUTGOING,https://www.linkedin.com/in/aditya-mehra-b8644b326,https://www.linkedin.com/in/aditi-girish-447903318
Aditya Mehra,Diya Dey,"6/29/26, 2:05 AM",,OUTGOING,https://www.linkedin.com/in/aditya-mehra-b8644b326,https://www.linkedin.com/in/diya-dey-659612305
Aditya Mehra,Numa Hangma Subba,"6/23/26, 4:37 AM",,OUTGOING,https://www.linkedin.com/in/aditya-mehra-b8644b326,https://www.linkedin.com/in/numa-hangma-subba-250952319
Aditya Mehra,Sanya Jain,"6/23/26, 4:36 AM",,OUTGOING,https://www.linkedin.com/in/aditya-mehra-b8644b326,https://www.linkedin.com/in/sanya-jain-718ba9278
Aditya Mehra,Tanvi Rao P,"6/23/26, 4:36 AM",,OUTGOING,https://www.linkedin.com/in/aditya-mehra-b8644b326,https://www.linkedin.com/in/tanvi-rao-p-5b5065285
Aditya Mehra,Samiksha Sahu,"6/23/26, 4:36 AM",,OUTGOING,https://www.linkedin.com/in/aditya-mehra-b8644b326,https://www.linkedin.com/in/samikshasahu0409
Aditya Mehra,Sreyosri Paul,"6/23/26, 4:34 AM",,OUTGOING,https://www.linkedin.com/in/aditya-mehra-b8644b326,https://www.linkedin.com/in/sreyosri-paul-52ba1a272
Aditya Mehra,Chanchal Vora,"6/23/26, 4:35 AM",,OUTGOING,https://www.linkedin.com/in/aditya-mehra-b8644b326,https://www.linkedin.com/in/chanchal-vora-385a78315
Aditya Mehra,Aditi Prabhu,"6/23/26, 4:35 AM",,OUTGOING,https://www.linkedin.com/in/aditya-mehra-b8644b326,https://www.linkedin.com/in/aditi-prabhu-1b0114398
Aditya Mehra,Amritha B Satyajit,"6/23/26, 4:35 AM",,OUTGOING,https://www.linkedin.com/in/aditya-mehra-b8644b326,https://www.linkedin.com/in/amrithabsatyajit2006
Aditya Mehra,Aabidah Rakhange,"6/23/26, 4:34 AM",,OUTGOING,https://www.linkedin.com/in/aditya-mehra-b8644b326,https://www.linkedin.com/in/aabidah-rakhange-aa558a267
Aditya Mehra,Rupali Rajesh,"6/23/26, 4:34 AM",,OUTGOING,https://www.linkedin.com/in/aditya-mehra-b8644b326,https://www.linkedin.com/in/rupali-rajesh-948913396
Aditya Mehra,Shanvi  Sneh,"6/23/26, 4:34 AM",,OUTGOING,https://www.linkedin.com/in/aditya-mehra-b8644b326,https://www.linkedin.com/in/shanvi-sneh
Aditya Mehra,Lochana Bangalore Suraj,"6/23/26, 4:34 AM",,OUTGOING,https://www.linkedin.com/in/aditya-mehra-b8644b326,https://www.linkedin.com/in/lochana-bangalore-suraj-7588a4244
Aditya Mehra,𝙎𝙃𝙍𝙀𝙔𝘼𝙎𝙃𝙄 𝘿𝘼𝙎,"6/23/26, 4:34 AM",,OUTGOING,https://www.linkedin.com/in/aditya-mehra-b8644b326,https://www.linkedin.com/in/𝙎𝙃𝙍𝙀𝙔𝘼𝙎𝙃𝙄-𝘿𝘼𝙎-5523a6174
Aditya Mehra,Ayesha Siddiqa,"6/23/26, 4:34 AM",,OUTGOING,https://www.linkedin.com/in/aditya-mehra-b8644b326,https://www.linkedin.com/in/ayesha-siddiqa-78a22a297
Aditya Mehra,Andrea Bettoni,"6/23/26, 4:34 AM",,OUTGOING,https://www.linkedin.com/in/aditya-mehra-b8644b326,https://www.linkedin.com/in/andrea-bettoni-0b13214
Aditya Mehra,Ashiya Sayyed,"6/23/26, 4:34 AM",,OUTGOING,https://www.linkedin.com/in/aditya-mehra-b8644b326,https://www.linkedin.com/in/ashiya-sayyed-logistics
Aditya Mehra,Muskan Begum,"6/23/26, 4:33 AM",,OUTGOING,https://www.linkedin.com/in/aditya-mehra-b8644b326,https://www.linkedin.com/in/muskanbegum37
Aditya Mehra,Christinal Manivannan ,"6/23/26, 4:32 AM",,OUTGOING,https://www.linkedin.com/in/aditya-mehra-b8644b326,https://www.linkedin.com/in/christinal-manivannan-159216155
Aditya Mehra,Pragya Singhal,"6/23/26, 4:33 AM",,OUTGOING,https://www.linkedin.com/in/aditya-mehra-b8644b326,https://www.linkedin.com/in/pragya-singhal-8a8101206
Aditya Mehra,Raman Kumar S,"6/23/26, 4:31 AM",,OUTGOING,https://www.linkedin.com/in/aditya-mehra-b8644b326,https://www.linkedin.com/in/raman-kumar-s-62594618b
Aditya Mehra,Santhosh HG,"6/23/26, 4:30 AM",,OUTGOING,https://www.linkedin.com/in/aditya-mehra-b8644b326,https://www.linkedin.com/in/hg-santhosh
Aditya Mehra,Dr Melvin Victor,"6/23/26, 4:30 AM",,OUTGOING,https://www.linkedin.com/in/aditya-mehra-b8644b326,https://www.linkedin.com/in/melvinvictor
Aditya Mehra,Tashvi Matta,"6/23/26, 4:30 AM",,OUTGOING,https://www.linkedin.com/in/aditya-mehra-b8644b326,https://www.linkedin.com/in/tashvi-matta-501a1a374
Aditya Mehra,Naina Kumari,"6/23/26, 4:29 AM",,OUTGOING,https://www.linkedin.com/in/aditya-mehra-b8644b326,https://www.linkedin.com/in/naina-kumari-100398
Aditya Mehra,Anoop  C V,"6/23/26, 4:29 AM",,OUTGOING,https://www.linkedin.com/in/aditya-mehra-b8644b326,https://www.linkedin.com/in/anoop-c-v-a968b71b9
Aditya Mehra,Neel Patel,"6/23/26, 4:29 AM",,OUTGOING,https://www.linkedin.com/in/aditya-mehra-b8644b326,https://www.linkedin.com/in/neelpatel2307
Aditya Mehra,Parul Sharma,"6/23/26, 4:29 AM",,OUTGOING,https://www.linkedin.com/in/aditya-mehra-b8644b326,https://www.linkedin.com/in/parul-sharma-28b086101
Aditya Mehra,Nuttatida Kongsawang,"6/23/26, 4:28 AM",,OUTGOING,https://www.linkedin.com/in/aditya-mehra-b8644b326,https://www.linkedin.com/in/nuttatida96
Aditya Mehra,Aditi Bajaj,"6/23/26, 4:28 AM",,OUTGOING,https://www.linkedin.com/in/aditya-mehra-b8644b326,https://www.linkedin.com/in/aditi-bajaj19
Aditya Mehra,Saizal Dengre,"6/23/26, 4:29 AM",,OUTGOING,https://www.linkedin.com/in/aditya-mehra-b8644b326,https://www.linkedin.com/in/saizal-dengre-4195451b6
Aditya Mehra,Sofia d'Alessandro,"6/23/26, 4:28 AM",,OUTGOING,https://www.linkedin.com/in/aditya-mehra-b8644b326,https://www.linkedin.com/in/sofia-d-alessandro-711605190
Aditya Mehra,Michela Grassi,"6/23/26, 4:28 AM",,OUTGOING,https://www.linkedin.com/in/aditya-mehra-b8644b326,https://www.linkedin.com/in/michela-grassi-938372244
Aditya Mehra,kaushiki singh,"6/23/26, 4:28 AM",,OUTGOING,https://www.linkedin.com/in/aditya-mehra-b8644b326,https://www.linkedin.com/in/kaushiki-singh-aa2713242
Aditya Mehra,Zoja Duric,"6/23/26, 4:28 AM",,OUTGOING,https://www.linkedin.com/in/aditya-mehra-b8644b326,https://www.linkedin.com/in/zoja-duric
Aditya Mehra,Mahek Paraswani,"6/23/26, 4:28 AM",,OUTGOING,https://www.linkedin.com/in/aditya-mehra-b8644b326,https://www.linkedin.com/in/mahek-paraswani-19523a210
Aditya Mehra,Simona Di Giorgi,"6/23/26, 4:28 AM",,OUTGOING,https://www.linkedin.com/in/aditya-mehra-b8644b326,https://www.linkedin.com/in/simona-di-giorgi-5265791a8
Aditya Mehra,Jaanhavi Baabar,"6/23/26, 4:28 AM",,OUTGOING,https://www.linkedin.com/in/aditya-mehra-b8644b326,https://www.linkedin.com/in/jaanhavi-baabar-2bb102228
Aditya Mehra,Alessandra Caiazzo,"6/23/26, 4:28 AM",,OUTGOING,https://www.linkedin.com/in/aditya-mehra-b8644b326,https://www.linkedin.com/in/alessandra-caiazzo-362766190
Aditya Mehra,Martina Cosenza,"6/23/26, 4:28 AM",,OUTGOING,https://www.linkedin.com/in/aditya-mehra-b8644b326,https://www.linkedin.com/in/martina-cosenza-22a93917a
Aditya Mehra,Enrica Formaglio,"6/23/26, 4:28 AM",,OUTGOING,https://www.linkedin.com/in/aditya-mehra-b8644b326,https://www.linkedin.com/in/enrica-formaglio-b5a4341aa
Aditya Mehra,Stefania Lo Sicco,"6/23/26, 4:28 AM",,OUTGOING,https://www.linkedin.com/in/aditya-mehra-b8644b326,https://www.linkedin.com/in/stefania-lo-sicco
Aditya Mehra,Alisa Matijević,"6/23/26, 4:28 AM",,OUTGOING,https://www.linkedin.com/in/aditya-mehra-b8644b326,https://www.linkedin.com/in/alisa-matijević-0aa046211
Aditya Mehra,Richa Sharma,"6/23/26, 4:28 AM",,OUTGOING,https://www.linkedin.com/in/aditya-mehra-b8644b326,https://www.linkedin.com/in/richasharma28
Aditya Mehra,Sonam Rampal,"6/23/26, 4:28 AM",,OUTGOING,https://www.linkedin.com/in/aditya-mehra-b8644b326,https://www.linkedin.com/in/sonam-rampal-21b207212
Aditya Mehra,Vigneshwar Ramraj,"6/23/26, 4:27 AM",,OUTGOING,https://www.linkedin.com/in/aditya-mehra-b8644b326,https://www.linkedin.com/in/vigneshwar-ramraj-sales
Aditya Mehra,Yashwanth Omprakash,"6/23/26, 4:27 AM",,OUTGOING,https://www.linkedin.com/in/aditya-mehra-b8644b326,https://www.linkedin.com/in/yashwanth-omprakash-3605b0239
Aditya Mehra,Teena Estes,"6/23/26, 4:27 AM",,OUTGOING,https://www.linkedin.com/in/aditya-mehra-b8644b326,https://www.linkedin.com/in/teena-estes-9a1863228
Aditya Mehra,Arnav Anmadwar,"6/23/26, 4:27 AM",,OUTGOING,https://www.linkedin.com/in/aditya-mehra-b8644b326,https://www.linkedin.com/in/arnav-anmadwar-110259220
Aditya Mehra,Ayusha Yadav,"6/23/26, 4:27 AM",,OUTGOING,https://www.linkedin.com/in/aditya-mehra-b8644b326,https://www.linkedin.com/in/ayusha-yadav-0983ba229
Aditya Mehra,Samaksh Singhal,"6/23/26, 4:26 AM",,OUTGOING,https://www.linkedin.com/in/aditya-mehra-b8644b326,https://www.linkedin.com/in/samakshsinghal
Aditya Mehra,Rahul Pandey,"6/23/26, 4:26 AM",,OUTGOING,https://www.linkedin.com/in/aditya-mehra-b8644b326,https://www.linkedin.com/in/rahul-pandey-rhp06
Aditya Mehra,Kristine Joean Dimas,"6/23/26, 4:25 AM",,OUTGOING,https://www.linkedin.com/in/aditya-mehra-b8644b326,https://www.linkedin.com/in/kristine-joean-dimas-1192a6409
Aditya Mehra,Riya Garg,"6/23/26, 4:25 AM",,OUTGOING,https://www.linkedin.com/in/aditya-mehra-b8644b326,https://www.linkedin.com/in/riya-garg-826a12312
Aditya Mehra,Puja Paul,"6/23/26, 4:25 AM",,OUTGOING,https://www.linkedin.com/in/aditya-mehra-b8644b326,https://www.linkedin.com/in/puja-paul-2001
Aditya Mehra,Chandana Hc,"6/23/26, 4:25 AM",,OUTGOING,https://www.linkedin.com/in/aditya-mehra-b8644b326,https://www.linkedin.com/in/chandana-hc-5b4b68413
Aditya Mehra,Sakshi Bhatt,"6/23/26, 4:24 AM",,OUTGOING,https://www.linkedin.com/in/aditya-mehra-b8644b326,https://www.linkedin.com/in/sakshi-b-a16bb4214
Aditya Mehra,Bhavika Aggarwal,"6/23/26, 4:24 AM",,OUTGOING,https://www.linkedin.com/in/aditya-mehra-b8644b326,https://www.linkedin.com/in/bhavika--aggarwal
Aditya Mehra,Guddeti Teja sri,"6/23/26, 4:24 AM",,OUTGOING,https://www.linkedin.com/in/aditya-mehra-b8644b326,https://www.linkedin.com/in/guddeti-teja-sri-4a4166332
Aditya Mehra,Clarence Pereira,"6/23/26, 4:24 AM",,OUTGOING,https://www.linkedin.com/in/aditya-mehra-b8644b326,https://www.linkedin.com/in/clarence-pereira-737a67141
Aditya Mehra,Sia Jain,"6/23/26, 4:24 AM",,OUTGOING,https://www.linkedin.com/in/aditya-mehra-b8644b326,https://www.linkedin.com/in/sia-jain-996066350
Aditya Mehra,Dr. Darsana Sudharsan,"6/23/26, 4:24 AM",,OUTGOING,https://www.linkedin.com/in/aditya-mehra-b8644b326,https://www.linkedin.com/in/dr-darsana-sudharsan-a45ba5275
Aditya Mehra,Bhavani  V,"6/23/26, 4:24 AM",,OUTGOING,https://www.linkedin.com/in/aditya-mehra-b8644b326,https://www.linkedin.com/in/bhavani-v-a644b03a0
Aditya Mehra,Anas Sayed,"6/23/26, 4:24 AM",,OUTGOING,https://www.linkedin.com/in/aditya-mehra-b8644b326,https://www.linkedin.com/in/anas-sayed2102
Aditya Mehra,Sarthak Sahu,"6/23/26, 4:24 AM",,OUTGOING,https://www.linkedin.com/in/aditya-mehra-b8644b326,https://www.linkedin.com/in/sarthak-sahu-37a647255
Aditya Mehra,Aryan Chincholikar,"6/23/26, 4:24 AM",,OUTGOING,https://www.linkedin.com/in/aditya-mehra-b8644b326,https://www.linkedin.com/in/aryan-chincholikar-728308363
Aditya Mehra,Shloka Gupta Thatipalli,"6/23/26, 4:24 AM",,OUTGOING,https://www.linkedin.com/in/aditya-mehra-b8644b326,https://www.linkedin.com/in/shloka-gupta-thatipalli-6774103a8
Aditya Mehra,Atheena Prince,"6/23/26, 4:23 AM",,OUTGOING,https://www.linkedin.com/in/aditya-mehra-b8644b326,https://www.linkedin.com/in/atheena-prince-662796365
Aditya Mehra,Prakruthi N Banwasi,"6/23/26, 4:23 AM",,OUTGOING,https://www.linkedin.com/in/aditya-mehra-b8644b326,https://www.linkedin.com/in/prax
Aditya Mehra,Asmita Paul,"6/23/26, 4:22 AM",,OUTGOING,https://www.linkedin.com/in/aditya-mehra-b8644b326,https://www.linkedin.com/in/asmitapaul01
Aditya Mehra,Trapti Mishra,"6/23/26, 4:23 AM",,OUTGOING,https://www.linkedin.com/in/aditya-mehra-b8644b326,https://www.linkedin.com/in/trapti-mishra-81954864
Aditya Mehra,SHREE LAKSHMI M,"6/23/26, 4:22 AM",,OUTGOING,https://www.linkedin.com/in/aditya-mehra-b8644b326,https://www.linkedin.com/in/shree-lakshmi-m-83b0302b1
Aditya Mehra,Pooja S,"6/23/26, 4:22 AM",,OUTGOING,https://www.linkedin.com/in/aditya-mehra-b8644b326,https://www.linkedin.com/in/pooja-s-b843522b1
Aditya Mehra,Gouri Narayanankutty,"6/23/26, 4:22 AM",,OUTGOING,https://www.linkedin.com/in/aditya-mehra-b8644b326,https://www.linkedin.com/in/gouri-narayanankutty-n2005
Aditya Mehra,Archita Soni,"6/23/26, 4:22 AM",,OUTGOING,https://www.linkedin.com/in/aditya-mehra-b8644b326,https://www.linkedin.com/in/architasoni
Aditya Mehra,Ann K Rogy,"6/23/26, 4:22 AM",,OUTGOING,https://www.linkedin.com/in/aditya-mehra-b8644b326,https://www.linkedin.com/in/ann-k-rogy-86b928342
Aditya Mehra,Priyanka .V,"6/23/26, 4:22 AM",,OUTGOING,https://www.linkedin.com/in/aditya-mehra-b8644b326,https://www.linkedin.com/in/priyanka-v-627019273
Aditya Mehra,Ananya agrawal,"6/23/26, 4:22 AM",,OUTGOING,https://www.linkedin.com/in/aditya-mehra-b8644b326,https://www.linkedin.com/in/ananya-agrawal-71152a418
Aditya Mehra,Pallavi M,"6/23/26, 4:22 AM",,OUTGOING,https://www.linkedin.com/in/aditya-mehra-b8644b326,https://www.linkedin.com/in/pallavi-m-29a12b320
Aditya Mehra,Aanya Sharma,"6/23/26, 4:21 AM",,OUTGOING,https://www.linkedin.com/in/aditya-mehra-b8644b326,https://www.linkedin.com/in/aanya-sharma-01b113271
Aditya Mehra,Sneha Roy Chowdhury,"6/23/26, 4:21 AM",,OUTGOING,https://www.linkedin.com/in/aditya-mehra-b8644b326,https://www.linkedin.com/in/sneha-roy-chowdhury-bb78b1249
Aditya Mehra,Tanaya Behera,"6/23/26, 4:21 AM",,OUTGOING,https://www.linkedin.com/in/aditya-mehra-b8644b326,https://www.linkedin.com/in/tanaya-behera-4304a93a4
Aditya Mehra,Pragati Chola,"6/23/26, 4:21 AM",,OUTGOING,https://www.linkedin.com/in/aditya-mehra-b8644b326,https://www.linkedin.com/in/pragatichola
Aditya Mehra,Sreya Sethu Pillai,"6/23/26, 4:20 AM",,OUTGOING,https://www.linkedin.com/in/aditya-mehra-b8644b326,https://www.linkedin.com/in/sreya-sethu-pillai-819033373
Aditya Mehra,Priya Gupta,"6/23/26, 4:21 AM",,OUTGOING,https://www.linkedin.com/in/aditya-mehra-b8644b326,https://www.linkedin.com/in/priya-gupta-42b902391
Aditya Mehra,Triyasa Barat,"6/23/26, 4:21 AM",,OUTGOING,https://www.linkedin.com/in/aditya-mehra-b8644b326,https://www.linkedin.com/in/triyasa-barat-86492a200
Aditya Mehra,SHALINI ALAMELU S V,"6/23/26, 4:20 AM",,OUTGOING,https://www.linkedin.com/in/aditya-mehra-b8644b326,https://www.linkedin.com/in/shalini-alamelu-s-v-604a09399
Aditya Mehra,Sneha Dey,"6/23/26, 4:20 AM",,OUTGOING,https://www.linkedin.com/in/aditya-mehra-b8644b326,https://www.linkedin.com/in/sneha-dey-b68245320
Aditya Mehra,Jayasree T V,"6/23/26, 4:20 AM",,OUTGOING,https://www.linkedin.com/in/aditya-mehra-b8644b326,https://www.linkedin.com/in/jayasree-t-v-067a47258
Aditya Mehra,Sristi Goswami,"6/23/26, 4:20 AM",,OUTGOING,https://www.linkedin.com/in/aditya-mehra-b8644b326,https://www.linkedin.com/in/sristi-goswami-1766a0337
Aditya Mehra,Emily N Poothully ,"6/23/26, 4:20 AM",,OUTGOING,https://www.linkedin.com/in/aditya-mehra-b8644b326,https://www.linkedin.com/in/emilynpoothully
Aditya Mehra,Anushka bonu,"6/23/26, 4:20 AM",,OUTGOING,https://www.linkedin.com/in/aditya-mehra-b8644b326,https://www.linkedin.com/in/anushkabonu
Aditya Mehra,Rashmi Ranjan,"6/23/26, 4:19 AM",,OUTGOING,https://www.linkedin.com/in/aditya-mehra-b8644b326,https://www.linkedin.com/in/rashmi-ranjan-09721a299
Aditya Mehra,Mayuri E S,"6/23/26, 4:20 AM",,OUTGOING,https://www.linkedin.com/in/aditya-mehra-b8644b326,https://www.linkedin.com/in/mayuri-e-s
Aditya Mehra,Glena Saha,"6/23/26, 4:19 AM",,OUTGOING,https://www.linkedin.com/in/aditya-mehra-b8644b326,https://www.linkedin.com/in/glena64
Aditya Mehra,Priya Singh,"6/23/26, 4:18 AM",,OUTGOING,https://www.linkedin.com/in/aditya-mehra-b8644b326,https://www.linkedin.com/in/priya-singh-a91969147
Aditya Mehra,Mega S,"6/23/26, 4:18 AM",,OUTGOING,https://www.linkedin.com/in/aditya-mehra-b8644b326,https://www.linkedin.com/in/mega-s-461457396
Aditya Mehra,Nandini Singh,"6/23/26, 4:18 AM",,OUTGOING,https://www.linkedin.com/in/aditya-mehra-b8644b326,https://www.linkedin.com/in/nandini-singh-1a54923a5
Aditya Mehra,Lincy Dsouza,"6/23/26, 4:17 AM",,OUTGOING,https://www.linkedin.com/in/aditya-mehra-b8644b326,https://www.linkedin.com/in/lincy-dsouza
Aditya Mehra,Bhavana Ravikiran ,"6/23/26, 4:18 AM",,OUTGOING,https://www.linkedin.com/in/aditya-mehra-b8644b326,https://www.linkedin.com/in/bhavana-ravikiran-69ab352aa
Aditya Mehra,Ananya R,"6/23/26, 4:17 AM",,OUTGOING,https://www.linkedin.com/in/aditya-mehra-b8644b326,https://www.linkedin.com/in/ananya-r-5a33b3269
Aditya Mehra,Dhruvi Chovatia,"6/23/26, 4:17 AM",,OUTGOING,https://www.linkedin.com/in/aditya-mehra-b8644b326,https://www.linkedin.com/in/dhruvi-chovatia-83164b379
Aditya Mehra,Prakruthi J,"6/23/26, 4:17 AM",,OUTGOING,https://www.linkedin.com/in/aditya-mehra-b8644b326,https://www.linkedin.com/in/prakruthi-j-a89a6437a
Aditya Mehra,Jidhina P Jimmy,"6/23/26, 4:17 AM",,OUTGOING,https://www.linkedin.com/in/aditya-mehra-b8644b326,https://www.linkedin.com/in/jidhina-p-jimmy-ba3932370
Aditya Mehra,Aritraa Das,"6/23/26, 4:17 AM",,OUTGOING,https://www.linkedin.com/in/aditya-mehra-b8644b326,https://www.linkedin.com/in/aritraa-das-000521378
Aditya Mehra,ANUSHYA CM,"6/23/26, 4:17 AM",,OUTGOING,https://www.linkedin.com/in/aditya-mehra-b8644b326,https://www.linkedin.com/in/anushya-cm-061a3835b
Aditya Mehra,Sania Dessai,"6/23/26, 4:17 AM",,OUTGOING,https://www.linkedin.com/in/aditya-mehra-b8644b326,https://www.linkedin.com/in/sania-dessai-316bb6384
Aditya Mehra,R Eepsitha,"6/23/26, 4:17 AM",,OUTGOING,https://www.linkedin.com/in/aditya-mehra-b8644b326,https://www.linkedin.com/in/r-eepsitha-8872093a5
Aditya Mehra,Tvisha Soin,"6/23/26, 4:17 AM",,OUTGOING,https://www.linkedin.com/in/aditya-mehra-b8644b326,https://www.linkedin.com/in/tvisha-soin
Aditya Mehra,Lakshitha S,"6/23/26, 4:17 AM",,OUTGOING,https://www.linkedin.com/in/aditya-mehra-b8644b326,https://www.linkedin.com/in/lakshitha-s-410097272
Aditya Mehra,Nancy Albert,"6/23/26, 3:59 AM",,OUTGOING,https://www.linkedin.com/in/aditya-mehra-b8644b326,https://www.linkedin.com/in/nancyalbert-qa
Aditya Mehra,sudipti tewari,"6/23/26, 3:58 AM",,OUTGOING,https://www.linkedin.com/in/aditya-mehra-b8644b326,https://www.linkedin.com/in/sudipti-tewari-457379387
Aditya Mehra,Sakshi .,"6/23/26, 3:58 AM",,OUTGOING,https://www.linkedin.com/in/aditya-mehra-b8644b326,https://www.linkedin.com/in/sakshi-38a93a379
Aditya Mehra,Punitha Achar,"6/23/26, 3:58 AM",,OUTGOING,https://www.linkedin.com/in/aditya-mehra-b8644b326,https://www.linkedin.com/in/punitha-achar
Aditya Mehra,Sushmitha N,"6/23/26, 3:58 AM",,OUTGOING,https://www.linkedin.com/in/aditya-mehra-b8644b326,https://www.linkedin.com/in/sushmitha-n-386217375
Aditya Mehra,anushka kaushal,"6/23/26, 3:58 AM",,OUTGOING,https://www.linkedin.com/in/aditya-mehra-b8644b326,https://www.linkedin.com/in/anushka-k-4a5766409
Aditya Mehra,Rimpa Roy,"6/23/26, 3:58 AM",,OUTGOING,https://www.linkedin.com/in/aditya-mehra-b8644b326,https://www.linkedin.com/in/rimpa-roy-6710a9410
Aditya Mehra,Madhura.D Patel,"6/23/26, 3:58 AM",,OUTGOING,https://www.linkedin.com/in/aditya-mehra-b8644b326,https://www.linkedin.com/in/madhura-d-patel-81005b384
Aditya Mehra,Pranathi Kugarthi,"6/23/26, 3:58 AM",,OUTGOING,https://www.linkedin.com/in/aditya-mehra-b8644b326,https://www.linkedin.com/in/pranathi-kugarthi-722331400
Aditya Mehra,Yashmitha P,"6/23/26, 3:58 AM",,OUTGOING,https://www.linkedin.com/in/aditya-mehra-b8644b326,https://www.linkedin.com/in/yashmitha-p-7a9987358
Aditya Mehra,Shubha Ashok,"6/23/26, 3:57 AM",,OUTGOING,https://www.linkedin.com/in/aditya-mehra-b8644b326,https://www.linkedin.com/in/shubha-ashok
Aditya Mehra,Meghana L,"6/23/26, 3:58 AM",,OUTGOING,https://www.linkedin.com/in/aditya-mehra-b8644b326,https://www.linkedin.com/in/meghana-l-b80b46392
Aditya Mehra,Bindu Shree M,"6/23/26, 3:58 AM",,OUTGOING,https://www.linkedin.com/in/aditya-mehra-b8644b326,https://www.linkedin.com/in/bindu-shree-m-935b41396
Aditya Mehra,Pushya Poovamma K N,"6/23/26, 3:57 AM",,OUTGOING,https://www.linkedin.com/in/aditya-mehra-b8644b326,https://www.linkedin.com/in/pushya-poovamma-k-n
Aditya Mehra,SANJANA N,"6/23/26, 3:57 AM",,OUTGOING,https://www.linkedin.com/in/aditya-mehra-b8644b326,https://www.linkedin.com/in/sanjana-n-a99b35371
Aditya Mehra,Shruthi  babu,"6/23/26, 3:57 AM",,OUTGOING,https://www.linkedin.com/in/aditya-mehra-b8644b326,https://www.linkedin.com/in/shruthi-babu-8253b1372
Aditya Mehra,Ayushi N,"6/23/26, 3:57 AM",,OUTGOING,https://www.linkedin.com/in/aditya-mehra-b8644b326,https://www.linkedin.com/in/ayushi-n-70b465311
Aditya Mehra,Rohini Rao,"6/23/26, 3:57 AM",,OUTGOING,https://www.linkedin.com/in/aditya-mehra-b8644b326,https://www.linkedin.com/in/rohini-rao-a1500b394
Aditya Mehra,Athmeeya MJ,"6/23/26, 3:57 AM",,OUTGOING,https://www.linkedin.com/in/aditya-mehra-b8644b326,https://www.linkedin.com/in/athmeeyajagannath
Aditya Mehra,Vidhi Jain,"6/23/26, 3:57 AM",,OUTGOING,https://www.linkedin.com/in/aditya-mehra-b8644b326,https://www.linkedin.com/in/vidhi-jain-b825a3378
Aditya Mehra,Arya Dandgawal,"6/23/26, 3:57 AM",,OUTGOING,https://www.linkedin.com/in/aditya-mehra-b8644b326,https://www.linkedin.com/in/arya-dandgawal-45509a36a
Aditya Mehra,Shreya G,"6/23/26, 3:57 AM",,OUTGOING,https://www.linkedin.com/in/aditya-mehra-b8644b326,https://www.linkedin.com/in/shreya-g-a881b6367
Aditya Mehra,Aparna  Kanekal ,"6/23/26, 3:57 AM",,OUTGOING,https://www.linkedin.com/in/aditya-mehra-b8644b326,https://www.linkedin.com/in/aparna-kanekal-8078a035b
Aditya Mehra,Pannaga Shetty,"6/23/26, 3:57 AM",,OUTGOING,https://www.linkedin.com/in/aditya-mehra-b8644b326,https://www.linkedin.com/in/pannaga-k-shetty
Aditya Mehra,Sara Mohammed,"6/23/26, 3:57 AM",,OUTGOING,https://www.linkedin.com/in/aditya-mehra-b8644b326,https://www.linkedin.com/in/sara-mohammed18
Aditya Mehra,Tejaswini V,"6/23/26, 3:57 AM",,OUTGOING,https://www.linkedin.com/in/aditya-mehra-b8644b326,https://www.linkedin.com/in/tejaswini-v-350b12332
Aditya Mehra,Snehalini Dutta,"6/23/26, 3:56 AM",,OUTGOING,https://www.linkedin.com/in/aditya-mehra-b8644b326,https://www.linkedin.com/in/snehalini-dutta-4b2ba6327
Aditya Mehra,Vriddhi Saini,"6/23/26, 3:56 AM",,OUTGOING,https://www.linkedin.com/in/aditya-mehra-b8644b326,https://www.linkedin.com/in/vriddhi-saini
Aditya Mehra,Soniya A,"6/23/26, 3:56 AM",,OUTGOING,https://www.linkedin.com/in/aditya-mehra-b8644b326,https://www.linkedin.com/in/soniya-a-85328a372
Aditya Mehra,Sshyamolika Gungun,"6/23/26, 3:56 AM",,OUTGOING,https://www.linkedin.com/in/aditya-mehra-b8644b326,https://www.linkedin.com/in/sshyamolika-gungun-6ba5ba328
Aditya Mehra,Rachana D,"6/23/26, 3:56 AM",,OUTGOING,https://www.linkedin.com/in/aditya-mehra-b8644b326,https://www.linkedin.com/in/rachana-d-719b06411
Aditya Mehra,Aditi Kundur,"6/23/26, 3:56 AM",,OUTGOING,https://www.linkedin.com/in/aditya-mehra-b8644b326,https://www.linkedin.com/in/aditi-kundur201
Aditya Mehra,Pragnya .T,"6/23/26, 3:56 AM",,OUTGOING,https://www.linkedin.com/in/aditya-mehra-b8644b326,https://www.linkedin.com/in/pragnya-t-17315b332
Aditya Mehra,THANYA NAGARAJA,"6/23/26, 3:56 AM",,OUTGOING,https://www.linkedin.com/in/aditya-mehra-b8644b326,https://www.linkedin.com/in/thanya-nagaraja-637978384
Aditya Mehra,AISHWARYA JAISWAL,"6/23/26, 3:56 AM",,OUTGOING,https://www.linkedin.com/in/aditya-mehra-b8644b326,https://www.linkedin.com/in/aishwarya-jaiswal-in
Aditya Mehra,Adeeti Singh,"6/23/26, 3:56 AM",,OUTGOING,https://www.linkedin.com/in/aditya-mehra-b8644b326,https://www.linkedin.com/in/adeeti-singh-05d12t2006
Aditya Mehra,Tanuja Ganesh Gopalpur,"6/23/26, 3:55 AM",,OUTGOING,https://www.linkedin.com/in/aditya-mehra-b8644b326,https://www.linkedin.com/in/tanuja-ganesh-gopalpur-9518aa3a0
Aditya Mehra,Suryashmita Saha,"6/23/26, 3:56 AM",,OUTGOING,https://www.linkedin.com/in/aditya-mehra-b8644b326,https://www.linkedin.com/in/suryashmita-saha-063528318
Aditya Mehra,Roja B,"6/23/26, 3:55 AM",,OUTGOING,https://www.linkedin.com/in/aditya-mehra-b8644b326,https://www.linkedin.com/in/roja-b-04314133b
Aditya Mehra,Anseeba Reshi,"6/23/26, 3:55 AM",,OUTGOING,https://www.linkedin.com/in/aditya-mehra-b8644b326,https://www.linkedin.com/in/anseeba-reshi-b63142403
Aditya Mehra,Pritam Kumar Dhal,"6/23/26, 3:55 AM",,OUTGOING,https://www.linkedin.com/in/aditya-mehra-b8644b326,https://www.linkedin.com/in/pritam-kumar-dhal-08a376299
Aditya Mehra,Disha Kulkarni ,"6/23/26, 3:54 AM",,OUTGOING,https://www.linkedin.com/in/aditya-mehra-b8644b326,https://www.linkedin.com/in/disha-kulkarni-3ba549372
Aditya Mehra,Tejaswini R,"6/23/26, 3:54 AM",,OUTGOING,https://www.linkedin.com/in/aditya-mehra-b8644b326,https://www.linkedin.com/in/tejaswini-r-996929380
Aditya Mehra,VARSHA  L,"6/23/26, 3:55 AM",,OUTGOING,https://www.linkedin.com/in/aditya-mehra-b8644b326,https://www.linkedin.com/in/varshabiotechbioinfo
Aditya Mehra,Yashodha H R,"6/23/26, 3:54 AM",,OUTGOING,https://www.linkedin.com/in/aditya-mehra-b8644b326,https://www.linkedin.com/in/yashodha-h-r-994a4b331
Aditya Mehra,Mamata Shetty,"6/23/26, 3:54 AM",,OUTGOING,https://www.linkedin.com/in/aditya-mehra-b8644b326,https://www.linkedin.com/in/mamata-shetty-2a61693b5
Aditya Mehra,Dr Veena s,"6/23/26, 3:54 AM",,OUTGOING,https://www.linkedin.com/in/aditya-mehra-b8644b326,https://www.linkedin.com/in/dr-veena-s-25624a39a
Aditya Mehra,Likitha Lamani,"6/23/26, 3:54 AM",,OUTGOING,https://www.linkedin.com/in/aditya-mehra-b8644b326,https://www.linkedin.com/in/likitha-lamani-0b99533b9
Aditya Mehra,Payal Telisara,"6/23/26, 3:54 AM",,OUTGOING,https://www.linkedin.com/in/aditya-mehra-b8644b326,https://www.linkedin.com/in/payal-telisara25
Aditya Mehra,Varshita Chauhan,"6/23/26, 3:54 AM",,OUTGOING,https://www.linkedin.com/in/aditya-mehra-b8644b326,https://www.linkedin.com/in/varshita-chauhan-124157306
Aditya Mehra,Ashwini H L,"6/23/26, 3:54 AM",,OUTGOING,https://www.linkedin.com/in/aditya-mehra-b8644b326,https://www.linkedin.com/in/ashwini806
Aditya Mehra,Pragna Prasad,"6/23/26, 3:54 AM",,OUTGOING,https://www.linkedin.com/in/aditya-mehra-b8644b326,https://www.linkedin.com/in/pragnaprasad
Aditya Mehra,TRIPARNA SARKHEL,"6/23/26, 3:52 AM",,OUTGOING,https://www.linkedin.com/in/aditya-mehra-b8644b326,https://www.linkedin.com/in/triparnasarkhel
Aditya Mehra,Shubhomita Das,"6/23/26, 3:52 AM",,OUTGOING,https://www.linkedin.com/in/aditya-mehra-b8644b326,https://www.linkedin.com/in/shubhomita-das-a240b128a
Aditya Mehra,Vishal S,"7/20/26, 9:52 AM",,OUTGOING,https://www.linkedin.com/in/aditya-mehra-b8644b326,https://www.linkedin.com/in/vishalesblr
Aditya Mehra,Shreya Kejariwal,"6/23/26, 3:51 AM",,OUTGOING,https://www.linkedin.com/in/aditya-mehra-b8644b326,https://www.linkedin.com/in/shreya-kejariwal-9058b736b
Aditya Mehra,Anushka Bhatia,"6/23/26, 3:51 AM",,OUTGOING,https://www.linkedin.com/in/aditya-mehra-b8644b326,https://www.linkedin.com/in/anushka-bhatia-068451404
Aditya Mehra,Bindu M,"6/23/26, 3:51 AM",,OUTGOING,https://www.linkedin.com/in/aditya-mehra-b8644b326,https://www.linkedin.com/in/binduila
Aditya Mehra,Avleen Kaur Bhatia,"6/23/26, 3:51 AM",,OUTGOING,https://www.linkedin.com/in/aditya-mehra-b8644b326,https://www.linkedin.com/in/avleen-kaur-bhatia
Aditya Mehra,Arshia Nongthombam,"6/23/26, 3:51 AM",,OUTGOING,https://www.linkedin.com/in/aditya-mehra-b8644b326,https://www.linkedin.com/in/arshia2006
Aditya Mehra,Nimi Saji,"6/23/26, 3:51 AM",,OUTGOING,https://www.linkedin.com/in/aditya-mehra-b8644b326,https://www.linkedin.com/in/nimi-saji-229a42250
Aditya Mehra,SUMEDHA SARKAR,"6/23/26, 3:51 AM",,OUTGOING,https://www.linkedin.com/in/aditya-mehra-b8644b326,https://www.linkedin.com/in/sumedha-sarkar-3b9110245
Aditya Mehra,ayushi ladha,"6/23/26, 3:51 AM",,OUTGOING,https://www.linkedin.com/in/aditya-mehra-b8644b326,https://www.linkedin.com/in/ayushi-ladha-999a163b7
Aditya Mehra,Ishika Gupta,"6/23/26, 3:50 AM",,OUTGOING,https://www.linkedin.com/in/aditya-mehra-b8644b326,https://www.linkedin.com/in/ishika-gupta-689b84325
Aditya Mehra,Aditi Yadav,"6/23/26, 3:50 AM",,OUTGOING,https://www.linkedin.com/in/aditya-mehra-b8644b326,https://www.linkedin.com/in/aditi-yadav-442146402
Aditya Mehra,Vidhika Sareen,"6/23/26, 3:50 AM",,OUTGOING,https://www.linkedin.com/in/aditya-mehra-b8644b326,https://www.linkedin.com/in/vidhika-sareen-9b4360359
Aditya Mehra,Anshi Avipsha,"6/23/26, 3:50 AM",,OUTGOING,https://www.linkedin.com/in/aditya-mehra-b8644b326,https://www.linkedin.com/in/anshi-avipsha-017035364
Aditya Mehra,Ananya Ravishankar,"6/23/26, 3:50 AM",,OUTGOING,https://www.linkedin.com/in/aditya-mehra-b8644b326,https://www.linkedin.com/in/ananya-ravishankar-41a00938a
Aditya Mehra,Ganavi N,"6/23/26, 3:50 AM",,OUTGOING,https://www.linkedin.com/in/aditya-mehra-b8644b326,https://www.linkedin.com/in/ganavi-n-01755533b
Aditya Mehra,Lasya K,"6/23/26, 3:50 AM",,OUTGOING,https://www.linkedin.com/in/aditya-mehra-b8644b326,https://www.linkedin.com/in/lasya-k-a47165362
Aditya Mehra,Sahasra Chinnathangal,"6/23/26, 3:49 AM",,OUTGOING,https://www.linkedin.com/in/aditya-mehra-b8644b326,https://www.linkedin.com/in/sahasra-chinnathangal
Aditya Mehra,Riya Sen,"6/23/26, 3:49 AM",,OUTGOING,https://www.linkedin.com/in/aditya-mehra-b8644b326,https://www.linkedin.com/in/sen-riya
Aditya Mehra,Harshika R,"6/23/26, 3:50 AM",,OUTGOING,https://www.linkedin.com/in/aditya-mehra-b8644b326,https://www.linkedin.com/in/harshika-r-97a352407
Aditya Mehra,Vani Sharan,"6/23/26, 3:49 AM",,OUTGOING,https://www.linkedin.com/in/aditya-mehra-b8644b326,https://www.linkedin.com/in/vani-sharan-710b03375
Aditya Mehra,Aishwarya Jaiswal,"6/23/26, 3:50 AM",,OUTGOING,https://www.linkedin.com/in/aditya-mehra-b8644b326,https://www.linkedin.com/in/aishwarya-jaiswal16
Aditya Mehra,Bagisha Sharma,"6/23/26, 3:49 AM",,OUTGOING,https://www.linkedin.com/in/aditya-mehra-b8644b326,https://www.linkedin.com/in/bagisha-sharma-22622a10b
Aditya Mehra,Priyanshi Agarwal,"6/15/26, 2:50 AM",,OUTGOING,https://www.linkedin.com/in/aditya-mehra-b8644b326,https://www.linkedin.com/in/priyanshi-ag
Aditya Mehra,Maiyra Sharma,"6/15/26, 2:49 AM",,OUTGOING,https://www.linkedin.com/in/aditya-mehra-b8644b326,https://www.linkedin.com/in/maiyra-sharma
Aditya Mehra,Diya Vinish,"6/15/26, 2:50 AM",,OUTGOING,https://www.linkedin.com/in/aditya-mehra-b8644b326,https://www.linkedin.com/in/diya-vinish-69124236a
Aditya Mehra,Anushree Khetan,"6/15/26, 2:49 AM",,OUTGOING,https://www.linkedin.com/in/aditya-mehra-b8644b326,https://www.linkedin.com/in/anushree-khetan
Aditya Mehra,Sharon Rachel Thomas,"6/15/26, 2:49 AM",,OUTGOING,https://www.linkedin.com/in/aditya-mehra-b8644b326,https://www.linkedin.com/in/sharon-rachel-thomas
Aditya Mehra,Kripa Makhani,"6/15/26, 2:49 AM",,OUTGOING,https://www.linkedin.com/in/aditya-mehra-b8644b326,https://www.linkedin.com/in/kripa-makhani-49a4332a3
Aditya Mehra,Chhavi Bindal,"6/15/26, 2:49 AM",,OUTGOING,https://www.linkedin.com/in/aditya-mehra-b8644b326,https://www.linkedin.com/in/chhavi-bindal
Aditya Mehra,Komal Haokip Chaurasia,"6/15/26, 2:49 AM",,OUTGOING,https://www.linkedin.com/in/aditya-mehra-b8644b326,https://www.linkedin.com/in/komal-haokip-chaurasia-a79763283
Aditya Mehra,Rashi Agarwal,"6/15/26, 2:49 AM",,OUTGOING,https://www.linkedin.com/in/aditya-mehra-b8644b326,https://www.linkedin.com/in/rashi-agarwal23
Aditya Mehra,Soha Malhotra ,"6/15/26, 2:49 AM",,OUTGOING,https://www.linkedin.com/in/aditya-mehra-b8644b326,https://www.linkedin.com/in/soha-malhotra-321199277
Aditya Mehra,Ananiah Jacob,"6/15/26, 2:49 AM",,OUTGOING,https://www.linkedin.com/in/aditya-mehra-b8644b326,https://www.linkedin.com/in/ananiah-jacob-39a97426a
Aditya Mehra,Isha Deb Lala,"6/15/26, 2:45 AM",,OUTGOING,https://www.linkedin.com/in/aditya-mehra-b8644b326,https://www.linkedin.com/in/ishadeblala
Aditya Mehra,Tanya Gupta,"6/15/26, 2:45 AM",,OUTGOING,https://www.linkedin.com/in/aditya-mehra-b8644b326,https://www.linkedin.com/in/tanya-gupta-35bb782a1
Aditya Mehra,Dhivya A,"6/15/26, 2:45 AM",,OUTGOING,https://www.linkedin.com/in/aditya-mehra-b8644b326,https://www.linkedin.com/in/dhivya-a-306141156
Aditya Mehra,CA Prachi Garg,"6/15/26, 2:44 AM",,OUTGOING,https://www.linkedin.com/in/aditya-mehra-b8644b326,https://www.linkedin.com/in/ca-prachi-garg-12410822a
Aditya Mehra,Divya Balamurugan,"6/15/26, 2:44 AM",,OUTGOING,https://www.linkedin.com/in/aditya-mehra-b8644b326,https://www.linkedin.com/in/divya-balamurugan-1b162b2a0
Aditya Mehra,Ruchitha CJ,"6/15/26, 2:43 AM",,OUTGOING,https://www.linkedin.com/in/aditya-mehra-b8644b326,https://www.linkedin.com/in/ruchitha-cj-b8b692329
Aditya Mehra,Merlin Anish,"6/15/26, 2:44 AM",,OUTGOING,https://www.linkedin.com/in/aditya-mehra-b8644b326,https://www.linkedin.com/in/merlin-anish
Aditya Mehra,Anuka Vanditha ,"6/15/26, 2:43 AM",,OUTGOING,https://www.linkedin.com/in/aditya-mehra-b8644b326,https://www.linkedin.com/in/anuka-vanditha-0a6a15295
Aditya Mehra,Meghaa Arun,"6/15/26, 2:43 AM",,OUTGOING,https://www.linkedin.com/in/aditya-mehra-b8644b326,https://www.linkedin.com/in/meghaa-arun-5b8538256
Aditya Mehra,Srikriti K.,"6/15/26, 2:43 AM",,OUTGOING,https://www.linkedin.com/in/aditya-mehra-b8644b326,https://www.linkedin.com/in/srikriti-k
Aditya Mehra,Kanchan Kumari,"6/15/26, 2:42 AM",,OUTGOING,https://www.linkedin.com/in/aditya-mehra-b8644b326,https://www.linkedin.com/in/kanchan-kumari-421942377
Aditya Mehra,Diya Aravind,"6/15/26, 2:43 AM",,OUTGOING,https://www.linkedin.com/in/aditya-mehra-b8644b326,https://www.linkedin.com/in/diyaaravind
Aditya Mehra,Arushi Agrawal,"6/15/26, 2:43 AM",,OUTGOING,https://www.linkedin.com/in/aditya-mehra-b8644b326,https://www.linkedin.com/in/arushi-agrawal2222
Aditya Mehra,Sujane Tanaz Sheikh,"6/15/26, 2:42 AM",,OUTGOING,https://www.linkedin.com/in/aditya-mehra-b8644b326,https://www.linkedin.com/in/sujane-tanaz-sheikh-1839aa377
Aditya Mehra,Asha H,"6/15/26, 2:42 AM",,OUTGOING,https://www.linkedin.com/in/aditya-mehra-b8644b326,https://www.linkedin.com/in/asha-h
Aditya Mehra,Cheshta Luhana,"6/15/26, 2:42 AM",,OUTGOING,https://www.linkedin.com/in/aditya-mehra-b8644b326,https://www.linkedin.com/in/cheshta-luhana
Aditya Mehra,Tanvi Chhabra,"6/15/26, 2:42 AM",,OUTGOING,https://www.linkedin.com/in/aditya-mehra-b8644b326,https://www.linkedin.com/in/tanvi-chhabra-39337240b
Aditya Mehra,Gauri Priya C Nair,"6/15/26, 2:42 AM",,OUTGOING,https://www.linkedin.com/in/aditya-mehra-b8644b326,https://www.linkedin.com/in/gauri-priya-c-nair-4b2784218
Aditya Mehra,Ashwini Barve,"6/15/26, 2:42 AM",,OUTGOING,https://www.linkedin.com/in/aditya-mehra-b8644b326,https://www.linkedin.com/in/ashwini-barve-509382212
Aditya Mehra,Anshika Rai,"6/15/26, 2:42 AM",,OUTGOING,https://www.linkedin.com/in/aditya-mehra-b8644b326,https://www.linkedin.com/in/anshika-rai730
Aditya Mehra,Arpita Gogeri,"6/15/26, 2:42 AM",,OUTGOING,https://www.linkedin.com/in/aditya-mehra-b8644b326,https://www.linkedin.com/in/arpita-gogeri-ab6311317
Aditya Mehra,Sera Mariam David,"6/15/26, 2:42 AM",,OUTGOING,https://www.linkedin.com/in/aditya-mehra-b8644b326,https://www.linkedin.com/in/sera-mariam-david-751107370
Aditya Mehra,Shilpa Singh ,"6/15/26, 2:42 AM",,OUTGOING,https://www.linkedin.com/in/aditya-mehra-b8644b326,https://www.linkedin.com/in/shilpa-singh-3a8a48410
Aditya Mehra,Hiya Rastogi,"6/15/26, 2:42 AM",,OUTGOING,https://www.linkedin.com/in/aditya-mehra-b8644b326,https://www.linkedin.com/in/hiya-rastogi-7108042a6
Aditya Mehra,Tamanna Gupta,"6/15/26, 2:41 AM",,OUTGOING,https://www.linkedin.com/in/aditya-mehra-b8644b326,https://www.linkedin.com/in/tamanna-gupta-366853317
Aditya Mehra,Ashika Jain,"6/15/26, 2:42 AM",,OUTGOING,https://www.linkedin.com/in/aditya-mehra-b8644b326,https://www.linkedin.com/in/ashika-jain-1b6aa2390
Aditya Mehra,Avanthika TG,"6/15/26, 2:42 AM",,OUTGOING,https://www.linkedin.com/in/aditya-mehra-b8644b326,https://www.linkedin.com/in/avanthika-tg-09861a249
Aditya Mehra,Samridhi Chauhan,"6/15/26, 2:42 AM",,OUTGOING,https://www.linkedin.com/in/aditya-mehra-b8644b326,https://www.linkedin.com/in/samridhi-chauhan-6a4112243
Aditya Mehra,Pranitha Prakash,"6/15/26, 2:42 AM",,OUTGOING,https://www.linkedin.com/in/aditya-mehra-b8644b326,https://www.linkedin.com/in/pranitha-prakash-b355b4398
Aditya Mehra,Shreena  Singh,"6/15/26, 2:42 AM",,OUTGOING,https://www.linkedin.com/in/aditya-mehra-b8644b326,https://www.linkedin.com/in/shreena-singh
Aditya Mehra,LOPAMUDRA DASH,"6/15/26, 2:42 AM",,OUTGOING,https://www.linkedin.com/in/aditya-mehra-b8644b326,https://www.linkedin.com/in/lopamudra-dash-787285205
Aditya Mehra,Pihu Pant,"6/15/26, 2:42 AM",,OUTGOING,https://www.linkedin.com/in/aditya-mehra-b8644b326,https://www.linkedin.com/in/pihupant
Aditya Mehra,Gouri Majhi,"6/15/26, 2:41 AM",,OUTGOING,https://www.linkedin.com/in/aditya-mehra-b8644b326,https://www.linkedin.com/in/gouri-majhi-579867240
Aditya Mehra,Amrutha Poovamma,"6/15/26, 2:41 AM",,OUTGOING,https://www.linkedin.com/in/aditya-mehra-b8644b326,https://www.linkedin.com/in/amrutha-poovamma-366abb37b
Aditya Mehra,Mahek Singhania ,"6/15/26, 2:42 AM",,OUTGOING,https://www.linkedin.com/in/aditya-mehra-b8644b326,https://www.linkedin.com/in/mahek-singhania-2a29ab27b
Aditya Mehra,Prachi Singh,"6/15/26, 2:41 AM",,OUTGOING,https://www.linkedin.com/in/aditya-mehra-b8644b326,https://www.linkedin.com/in/prachi-singh-094610380
Aditya Mehra,Meghna Manjunath,"6/15/26, 2:41 AM",,OUTGOING,https://www.linkedin.com/in/aditya-mehra-b8644b326,https://www.linkedin.com/in/meghna-manjunath
Aditya Mehra,Binesa Sajan Joseph,"6/15/26, 2:41 AM",,OUTGOING,https://www.linkedin.com/in/aditya-mehra-b8644b326,https://www.linkedin.com/in/binesa-sajan-joseph-a5a551339
Aditya Mehra,Divya Rungta,"6/15/26, 2:41 AM",,OUTGOING,https://www.linkedin.com/in/aditya-mehra-b8644b326,https://www.linkedin.com/in/divya-rungta-343989409
Aditya Mehra,Ayesha Siddiqua,"6/15/26, 2:41 AM",,OUTGOING,https://www.linkedin.com/in/aditya-mehra-b8644b326,https://www.linkedin.com/in/ayesha-siddiqua29
Aditya Mehra,Rochelle Mary Marshall,"6/15/26, 2:41 AM",,OUTGOING,https://www.linkedin.com/in/aditya-mehra-b8644b326,https://www.linkedin.com/in/rochelle-mary-marshall-0b1386324
Aditya Mehra,Karthika Jayaraj,"6/15/26, 2:41 AM",,OUTGOING,https://www.linkedin.com/in/aditya-mehra-b8644b326,https://www.linkedin.com/in/karthika-jayaraj-b78ab3125
Aditya Mehra,Shubhangi Jaiswal,"6/15/26, 2:41 AM",,OUTGOING,https://www.linkedin.com/in/aditya-mehra-b8644b326,https://www.linkedin.com/in/shubhangi-jaiswal-1b81a2339
Aditya Mehra,Arshia Gupta,"6/15/26, 2:41 AM",,OUTGOING,https://www.linkedin.com/in/aditya-mehra-b8644b326,https://www.linkedin.com/in/arshia-gupta-68075140b
Aditya Mehra,Manasa C Atul,"6/15/26, 2:41 AM",,OUTGOING,https://www.linkedin.com/in/aditya-mehra-b8644b326,https://www.linkedin.com/in/manasacatul
Aditya Mehra,Nithya M Skariya,"6/15/26, 2:41 AM",,OUTGOING,https://www.linkedin.com/in/aditya-mehra-b8644b326,https://www.linkedin.com/in/nithya-m-skariya-a8808134a
Aditya Mehra,Annapureddy Lahari,"6/15/26, 2:29 AM",,OUTGOING,https://www.linkedin.com/in/aditya-mehra-b8644b326,https://www.linkedin.com/in/annapureddy-lahari
Aditya Mehra,Aditi Singh,"6/15/26, 2:29 AM",,OUTGOING,https://www.linkedin.com/in/aditya-mehra-b8644b326,https://www.linkedin.com/in/aditi-singh-b69404281
Aditya Mehra,Jiya Begwani,"6/15/26, 2:29 AM",,OUTGOING,https://www.linkedin.com/in/aditya-mehra-b8644b326,https://www.linkedin.com/in/jiyabegwani
Aditya Mehra,Renu Tejashwi Paidimarri,"6/15/26, 2:29 AM",,OUTGOING,https://www.linkedin.com/in/aditya-mehra-b8644b326,https://www.linkedin.com/in/renu-tejashwi-paidimarri
Aditya Mehra,Arshiya Zoha,"6/15/26, 2:29 AM",,OUTGOING,https://www.linkedin.com/in/aditya-mehra-b8644b326,https://www.linkedin.com/in/arshiya-zoha
Aditya Mehra,Sakshi Shinde,"6/15/26, 2:29 AM",,OUTGOING,https://www.linkedin.com/in/aditya-mehra-b8644b326,https://www.linkedin.com/in/sakshi-shinde-7aa0b6273
Aditya Mehra,Sahana T J,"6/15/26, 2:28 AM",,OUTGOING,https://www.linkedin.com/in/aditya-mehra-b8644b326,https://www.linkedin.com/in/sahana-t-j
Aditya Mehra,Sakshi Tripathi,"6/15/26, 2:29 AM",,OUTGOING,https://www.linkedin.com/in/aditya-mehra-b8644b326,https://www.linkedin.com/in/sakshi-tripathi-684584a3
Aditya Mehra,Shweta Das,"6/15/26, 2:29 AM",,OUTGOING,https://www.linkedin.com/in/aditya-mehra-b8644b326,https://www.linkedin.com/in/shwetadas0912
Aditya Mehra,Briny Bosco,"6/15/26, 2:17 AM",,OUTGOING,https://www.linkedin.com/in/aditya-mehra-b8644b326,https://www.linkedin.com/in/briny-bosco
Aditya Mehra,Aishwarya C A,"6/15/26, 2:16 AM",,OUTGOING,https://www.linkedin.com/in/aditya-mehra-b8644b326,https://www.linkedin.com/in/aishwarya-cotha03
Aditya Mehra,Sapna Agarwal,"6/15/26, 2:16 AM",,OUTGOING,https://www.linkedin.com/in/aditya-mehra-b8644b326,https://www.linkedin.com/in/sapna-agarwal-70357a207
Aditya Mehra,Syeda Javeria,"6/15/26, 2:16 AM",,OUTGOING,https://www.linkedin.com/in/aditya-mehra-b8644b326,https://www.linkedin.com/in/syeda-javeria-225a4528a
Aditya Mehra,Vanshika Khetan,"6/15/26, 2:16 AM",,OUTGOING,https://www.linkedin.com/in/aditya-mehra-b8644b326,https://www.linkedin.com/in/vanshikakhetan
Aditya Mehra,Naquiyah Ghadiyali Aga,"6/15/26, 2:16 AM",,OUTGOING,https://www.linkedin.com/in/aditya-mehra-b8644b326,https://www.linkedin.com/in/naquiyah-ghadiyali-aga-70250ab
Aditya Mehra,Varsha G,"6/15/26, 2:16 AM",,OUTGOING,https://www.linkedin.com/in/aditya-mehra-b8644b326,https://www.linkedin.com/in/varsha-g-2531b11a0
Aditya Mehra,Goury  Siji,"6/15/26, 2:16 AM",,OUTGOING,https://www.linkedin.com/in/aditya-mehra-b8644b326,https://www.linkedin.com/in/goury-siji-3b3a03248
Aditya Mehra,Bhanumathi Bai,"6/15/26, 2:16 AM",,OUTGOING,https://www.linkedin.com/in/aditya-mehra-b8644b326,https://www.linkedin.com/in/bhanumathi-bai-54120a18
Aditya Mehra,Iona Philip,"6/15/26, 2:15 AM",,OUTGOING,https://www.linkedin.com/in/aditya-mehra-b8644b326,https://www.linkedin.com/in/ionaphilip
Aditya Mehra,Aishwarya S C,"6/15/26, 2:15 AM",,OUTGOING,https://www.linkedin.com/in/aditya-mehra-b8644b326,https://www.linkedin.com/in/aishwarya-s-c-847211262
Aditya Mehra,SWATI JAIN,"6/15/26, 2:15 AM",,OUTGOING,https://www.linkedin.com/in/aditya-mehra-b8644b326,https://www.linkedin.com/in/swati-jain9186
Aditya Mehra,Sneha Jadhav,"6/15/26, 2:16 AM",,OUTGOING,https://www.linkedin.com/in/aditya-mehra-b8644b326,https://www.linkedin.com/in/sneha-jadhav
Aditya Mehra,Leenita Joseph Albert,"6/15/26, 2:15 AM",,OUTGOING,https://www.linkedin.com/in/aditya-mehra-b8644b326,https://www.linkedin.com/in/leenita-j-4a0788b6
Aditya Mehra,Rachel Wilson,"6/15/26, 2:15 AM",,OUTGOING,https://www.linkedin.com/in/aditya-mehra-b8644b326,https://www.linkedin.com/in/rachel-wilson-724353334
Aditya Mehra,Bismita Deka,"6/15/26, 2:15 AM",,OUTGOING,https://www.linkedin.com/in/aditya-mehra-b8644b326,https://www.linkedin.com/in/bismitadeka
Aditya Mehra,Shravya Chowta,"6/15/26, 2:15 AM",,OUTGOING,https://www.linkedin.com/in/aditya-mehra-b8644b326,https://www.linkedin.com/in/shravya-chowta-b133bb162
Aditya Mehra,Dipti Shelar,"6/15/26, 2:15 AM",,OUTGOING,https://www.linkedin.com/in/aditya-mehra-b8644b326,https://www.linkedin.com/in/dipti-shelar-1baa1a184
Aditya Mehra,pavipriya Rajendran,"6/15/26, 2:15 AM",,OUTGOING,https://www.linkedin.com/in/aditya-mehra-b8644b326,https://www.linkedin.com/in/pavipriya-rajendran-093a34314
Aditya Mehra,Nidhi Pandya,"6/15/26, 2:14 AM",,OUTGOING,https://www.linkedin.com/in/aditya-mehra-b8644b326,https://www.linkedin.com/in/nidhi-pandya-88b33b9a
Aditya Mehra,Srijal Singh,"6/15/26, 2:14 AM",,OUTGOING,https://www.linkedin.com/in/aditya-mehra-b8644b326,https://www.linkedin.com/in/srijal-singh
Aditya Mehra,Arpitha shivaprakash,"6/15/26, 2:14 AM",,OUTGOING,https://www.linkedin.com/in/aditya-mehra-b8644b326,https://www.linkedin.com/in/arpitha-shivaprakash-bb442b16a
Aditya Mehra,Thanu Sri,"6/15/26, 2:14 AM",,OUTGOING,https://www.linkedin.com/in/aditya-mehra-b8644b326,https://www.linkedin.com/in/thanu-sri-9636961b6
Aditya Mehra,CHIRASHREE M,"6/15/26, 2:13 AM",,OUTGOING,https://www.linkedin.com/in/aditya-mehra-b8644b326,https://www.linkedin.com/in/chirashree-m-29a7391b9
Aditya Mehra,Suzanne Sachanandani,"6/15/26, 2:13 AM",,OUTGOING,https://www.linkedin.com/in/aditya-mehra-b8644b326,https://www.linkedin.com/in/suzanne-sachanandani-726778225
Aditya Mehra,Arya Dileep,"6/15/26, 2:13 AM",,OUTGOING,https://www.linkedin.com/in/aditya-mehra-b8644b326,https://www.linkedin.com/in/arya-dileep-9b4052145
Aditya Mehra,Shibani Anna Fernandes,"6/15/26, 2:13 AM",,OUTGOING,https://www.linkedin.com/in/aditya-mehra-b8644b326,https://www.linkedin.com/in/shibanifernandes
Aditya Mehra,Apoorva M.V,"6/15/26, 2:13 AM",,OUTGOING,https://www.linkedin.com/in/aditya-mehra-b8644b326,https://www.linkedin.com/in/apoorva-m-v-b71b932a5
Aditya Mehra,Sibani Mohanty,"6/15/26, 2:13 AM",,OUTGOING,https://www.linkedin.com/in/aditya-mehra-b8644b326,https://www.linkedin.com/in/sibani-mohanty-b99a1496
Aditya Mehra,Aheli Chakraborty,"6/15/26, 2:13 AM",,OUTGOING,https://www.linkedin.com/in/aditya-mehra-b8644b326,https://www.linkedin.com/in/aheli-chakraborty-930802190
Aditya Mehra,Siya Parab,"6/15/26, 2:13 AM",,OUTGOING,https://www.linkedin.com/in/aditya-mehra-b8644b326,https://www.linkedin.com/in/siya-parab-89321116b
Aditya Mehra,Shagtha Izath,"6/15/26, 2:13 AM",,OUTGOING,https://www.linkedin.com/in/aditya-mehra-b8644b326,https://www.linkedin.com/in/shagtha-izath-753856281
Aditya Mehra,Gaurangi Manocha,"6/15/26, 2:12 AM",,OUTGOING,https://www.linkedin.com/in/aditya-mehra-b8644b326,https://www.linkedin.com/in/gaurangi-manocha-b5565819a
Aditya Mehra,Srishti Babu,"6/15/26, 2:12 AM",,OUTGOING,https://www.linkedin.com/in/aditya-mehra-b8644b326,https://www.linkedin.com/in/srishti-babu-5bb99b127
Aditya Mehra,Teja B,"6/15/26, 2:12 AM",,OUTGOING,https://www.linkedin.com/in/aditya-mehra-b8644b326,https://www.linkedin.com/in/teja-b-07b27427b
Aditya Mehra,Sanjana Shambhu ,"6/15/26, 2:12 AM",,OUTGOING,https://www.linkedin.com/in/aditya-mehra-b8644b326,https://www.linkedin.com/in/sanjana-shambhu-222041249
Aditya Mehra,Abhipsa Kar,"6/15/26, 2:12 AM",,OUTGOING,https://www.linkedin.com/in/aditya-mehra-b8644b326,https://www.linkedin.com/in/abhipsa-kar-797b711bb
Aditya Mehra,Bhagya .,"6/15/26, 2:12 AM",,OUTGOING,https://www.linkedin.com/in/aditya-mehra-b8644b326,https://www.linkedin.com/in/bhagya-0544b7228
Aditya Mehra,PARUL CHAURASIA,"6/15/26, 2:12 AM",,OUTGOING,https://www.linkedin.com/in/aditya-mehra-b8644b326,https://www.linkedin.com/in/parul-chaurasia-768a84235
Aditya Mehra,Anitha N,"6/15/26, 2:12 AM",,OUTGOING,https://www.linkedin.com/in/aditya-mehra-b8644b326,https://www.linkedin.com/in/anitha-n-9056282b4
Aditya Mehra,Keerthana Rao,"6/15/26, 2:12 AM",,OUTGOING,https://www.linkedin.com/in/aditya-mehra-b8644b326,https://www.linkedin.com/in/keerthana-rao-61554a103
Aditya Mehra,Ritupriya Ali,"6/15/26, 2:12 AM",,OUTGOING,https://www.linkedin.com/in/aditya-mehra-b8644b326,https://www.linkedin.com/in/ritupriya-ali-a1aa57305
Aditya Mehra,Devi SM,"6/15/26, 2:12 AM",,OUTGOING,https://www.linkedin.com/in/aditya-mehra-b8644b326,https://www.linkedin.com/in/devism
Aditya Mehra,Shruti Ghiya,"6/15/26, 2:12 AM",,OUTGOING,https://www.linkedin.com/in/aditya-mehra-b8644b326,https://www.linkedin.com/in/shruti-ghiya-536319b5
Aditya Mehra,sagaya jennifer,"6/15/26, 2:12 AM",,OUTGOING,https://www.linkedin.com/in/aditya-mehra-b8644b326,https://www.linkedin.com/in/sagayajennifer011810
Aditya Mehra,Monica Ramesh,"6/15/26, 2:11 AM",,OUTGOING,https://www.linkedin.com/in/aditya-mehra-b8644b326,https://www.linkedin.com/in/monica-ramesh-048a2b22a
Aditya Mehra,Bhavika Chauhan,"6/15/26, 2:11 AM",,OUTGOING,https://www.linkedin.com/in/aditya-mehra-b8644b326,https://www.linkedin.com/in/bhavika-chauhan-443b33261
Aditya Mehra,Fiza Basumatary,"6/15/26, 2:12 AM",,OUTGOING,https://www.linkedin.com/in/aditya-mehra-b8644b326,https://www.linkedin.com/in/fiza-basumatary-5492b52b7
Aditya Mehra,Tuhina Sinha,"6/15/26, 2:12 AM",,OUTGOING,https://www.linkedin.com/in/aditya-mehra-b8644b326,https://www.linkedin.com/in/tuhina-sinha
Aditya Mehra,Mohana Mukherjee,"6/15/26, 2:11 AM",,OUTGOING,https://www.linkedin.com/in/aditya-mehra-b8644b326,https://www.linkedin.com/in/mohana-mukherjee
Aditya Mehra,Varsha Lalwani,"6/15/26, 2:11 AM",,OUTGOING,https://www.linkedin.com/in/aditya-mehra-b8644b326,https://www.linkedin.com/in/lalwanivarsha
Aditya Mehra,Muskan Nankani,"6/15/26, 2:11 AM",,OUTGOING,https://www.linkedin.com/in/aditya-mehra-b8644b326,https://www.linkedin.com/in/muskannankani
Aditya Mehra,Dhruthi M,"6/15/26, 2:11 AM",,OUTGOING,https://www.linkedin.com/in/aditya-mehra-b8644b326,https://www.linkedin.com/in/dhruthi-m-9ba070204
Aditya Mehra,Mahadik Komal,"6/15/26, 2:11 AM",,OUTGOING,https://www.linkedin.com/in/aditya-mehra-b8644b326,https://www.linkedin.com/in/mahadik-komal-852a46232
Aditya Mehra,Arpitha K N,"6/15/26, 2:11 AM",,OUTGOING,https://www.linkedin.com/in/aditya-mehra-b8644b326,https://www.linkedin.com/in/arpitha-k-n-9654a4380
Aditya Mehra,Divya N Revankar,"6/15/26, 2:11 AM",,OUTGOING,https://www.linkedin.com/in/aditya-mehra-b8644b326,https://www.linkedin.com/in/divya-n-revankar
Aditya Mehra,Dilshana Dileep N,"6/15/26, 2:11 AM",,OUTGOING,https://www.linkedin.com/in/aditya-mehra-b8644b326,https://www.linkedin.com/in/dilshana-dileep-n-121420262
Aditya Mehra,Shweta Chilmikollad,"6/15/26, 2:11 AM",,OUTGOING,https://www.linkedin.com/in/aditya-mehra-b8644b326,https://www.linkedin.com/in/shweta-chilmikollad-470152229
Aditya Mehra,Janice Munro,"6/15/26, 2:11 AM",,OUTGOING,https://www.linkedin.com/in/aditya-mehra-b8644b326,https://www.linkedin.com/in/janice-munro-336b37264
Aditya Mehra,Sharon Evangelene,"6/15/26, 2:10 AM",,OUTGOING,https://www.linkedin.com/in/aditya-mehra-b8644b326,https://www.linkedin.com/in/sharon-evangelene-6021551a4
Aditya Mehra,Abhayasree S,"6/15/26, 2:11 AM",,OUTGOING,https://www.linkedin.com/in/aditya-mehra-b8644b326,https://www.linkedin.com/in/abhayasree-s-a02230218
Aditya Mehra,Durga Sri Thiyagarajan,"6/15/26, 2:11 AM",,OUTGOING,https://www.linkedin.com/in/aditya-mehra-b8644b326,https://www.linkedin.com/in/durgasrit
Aditya Mehra,Khushi Chopra,"6/15/26, 2:11 AM",,OUTGOING,https://www.linkedin.com/in/aditya-mehra-b8644b326,https://www.linkedin.com/in/khushi-chopra-1537002b2
Aditya Mehra,Sharon David,"6/15/26, 2:10 AM",,OUTGOING,https://www.linkedin.com/in/aditya-mehra-b8644b326,https://www.linkedin.com/in/sharon-david-b671a3212
Aditya Mehra,Keerti M,"6/15/26, 2:11 AM",,OUTGOING,https://www.linkedin.com/in/aditya-mehra-b8644b326,https://www.linkedin.com/in/keerti-kamate
Aditya Mehra,Oviya Devan,"6/15/26, 2:11 AM",,OUTGOING,https://www.linkedin.com/in/aditya-mehra-b8644b326,https://www.linkedin.com/in/oviya-devan
Aditya Mehra,Raina Das,"6/15/26, 2:10 AM",,OUTGOING,https://www.linkedin.com/in/aditya-mehra-b8644b326,https://www.linkedin.com/in/raina-das-3914b835a
Aditya Mehra,Lopalee Mahapatra,"6/15/26, 2:10 AM",,OUTGOING,https://www.linkedin.com/in/aditya-mehra-b8644b326,https://www.linkedin.com/in/lopalee-mahapatra-772964222
Aditya Mehra,Tripti Gupta,"6/15/26, 2:10 AM",,OUTGOING,https://www.linkedin.com/in/aditya-mehra-b8644b326,https://www.linkedin.com/in/iamtripti
Aditya Mehra,S Divya Arun Pandian,"6/15/26, 2:10 AM",,OUTGOING,https://www.linkedin.com/in/aditya-mehra-b8644b326,https://www.linkedin.com/in/s-divya-arun-pandian-422159202
Aditya Mehra,Shruti Shil,"6/15/26, 2:10 AM",,OUTGOING,https://www.linkedin.com/in/aditya-mehra-b8644b326,https://www.linkedin.com/in/shruti-shil-
Aditya Mehra,Janani Srinivasa,"6/15/26, 2:10 AM",,OUTGOING,https://www.linkedin.com/in/aditya-mehra-b8644b326,https://www.linkedin.com/in/janani-srinivasa-184989220
Aditya Mehra,Kruthika Shetty,"6/15/26, 2:10 AM",,OUTGOING,https://www.linkedin.com/in/aditya-mehra-b8644b326,https://www.linkedin.com/in/kruthika-shetty
Aditya Mehra,Neelam Chaudhary,"6/15/26, 2:10 AM",,OUTGOING,https://www.linkedin.com/in/aditya-mehra-b8644b326,https://www.linkedin.com/in/neelam-chaudhary-86aab2131
Aditya Mehra,Anarghya .,"6/15/26, 2:10 AM",,OUTGOING,https://www.linkedin.com/in/aditya-mehra-b8644b326,https://www.linkedin.com/in/anarghya-b93433201
Aditya Mehra,Bhargavi S,"6/15/26, 2:10 AM",,OUTGOING,https://www.linkedin.com/in/aditya-mehra-b8644b326,https://www.linkedin.com/in/bhargavi-s-151814a8
Aditya Mehra,Deepika Shanmugam,"6/15/26, 2:10 AM",,OUTGOING,https://www.linkedin.com/in/aditya-mehra-b8644b326,https://www.linkedin.com/in/deepika-shanmugam-b54314229
Aditya Mehra,Lanchana DT,"6/15/26, 2:09 AM",,OUTGOING,https://www.linkedin.com/in/aditya-mehra-b8644b326,https://www.linkedin.com/in/lanchana-dt-6960461ab
Aditya Mehra,Shireesha Sangu,"6/15/26, 2:09 AM",,OUTGOING,https://www.linkedin.com/in/aditya-mehra-b8644b326,https://www.linkedin.com/in/shireesha-sangu-23265664
Aditya Mehra,Aditi Banerjee,"6/15/26, 2:10 AM",,OUTGOING,https://www.linkedin.com/in/aditya-mehra-b8644b326,https://www.linkedin.com/in/aditi-banerjee-170366284
Aditya Mehra,Pushparani Selvaraj,"6/15/26, 2:09 AM",,OUTGOING,https://www.linkedin.com/in/aditya-mehra-b8644b326,https://www.linkedin.com/in/pushparani-selvaraj-7671021a1
Aditya Mehra,Adita Mallick,"6/15/26, 2:09 AM",,OUTGOING,https://www.linkedin.com/in/aditya-mehra-b8644b326,https://www.linkedin.com/in/adita-mallick-973b3a237
Aditya Mehra,Sneha Prabhu,"6/15/26, 2:09 AM",,OUTGOING,https://www.linkedin.com/in/aditya-mehra-b8644b326,https://www.linkedin.com/in/sneha-prabhu-1ab982224
Aditya Mehra,Barsha Sarker,"6/15/26, 2:09 AM",,OUTGOING,https://www.linkedin.com/in/aditya-mehra-b8644b326,https://www.linkedin.com/in/barsha-sarker-58516422a
Aditya Mehra,Aishwarya Ramachandra,"6/15/26, 2:09 AM",,OUTGOING,https://www.linkedin.com/in/aditya-mehra-b8644b326,https://www.linkedin.com/in/aishwarya-ramachandra-891ba9134
Aditya Mehra,Anshika Garg,"6/15/26, 2:09 AM",,OUTGOING,https://www.linkedin.com/in/aditya-mehra-b8644b326,https://www.linkedin.com/in/anshika-garg-960608a7
Aditya Mehra,Prajwal Mr,"6/15/26, 2:09 AM",,OUTGOING,https://www.linkedin.com/in/aditya-mehra-b8644b326,https://www.linkedin.com/in/prajwalmr2123
Aditya Mehra,ANANYA R,"6/15/26, 2:09 AM",,OUTGOING,https://www.linkedin.com/in/aditya-mehra-b8644b326,https://www.linkedin.com/in/ananya-r-369334254
Aditya Mehra,Deeksha C.R,"6/15/26, 2:09 AM",,OUTGOING,https://www.linkedin.com/in/aditya-mehra-b8644b326,https://www.linkedin.com/in/deeksha-c-r-192111250
Aditya Mehra,Chandana S B,"6/15/26, 2:09 AM",,OUTGOING,https://www.linkedin.com/in/aditya-mehra-b8644b326,https://www.linkedin.com/in/chandanasb01
Aditya Mehra,Aditi Sharma,"6/15/26, 2:09 AM",,OUTGOING,https://www.linkedin.com/in/aditya-mehra-b8644b326,https://www.linkedin.com/in/aditi-sharma-891bb3312
Aditya Mehra,Tejaswi Gannina,"6/15/26, 2:09 AM",,OUTGOING,https://www.linkedin.com/in/aditya-mehra-b8644b326,https://www.linkedin.com/in/tejaswi-gannina-3482a497
Aditya Mehra,Nidhi Jha,"6/15/26, 2:08 AM",,OUTGOING,https://www.linkedin.com/in/aditya-mehra-b8644b326,https://www.linkedin.com/in/nidhi-jha-b98035181
Aditya Mehra,Gayathri devi M,"6/15/26, 2:09 AM",,OUTGOING,https://www.linkedin.com/in/aditya-mehra-b8644b326,https://www.linkedin.com/in/gayathri-devi-m-bb979a190
Aditya Mehra,Rakshitha S,"6/15/26, 2:08 AM",,OUTGOING,https://www.linkedin.com/in/aditya-mehra-b8644b326,https://www.linkedin.com/in/rakshitha-s-1087ab218
Aditya Mehra,D Hindupriya,"6/15/26, 2:08 AM",,OUTGOING,https://www.linkedin.com/in/aditya-mehra-b8644b326,https://www.linkedin.com/in/d-hindupriya-090526291
Aditya Mehra,Varsha R,"6/15/26, 2:09 AM",,OUTGOING,https://www.linkedin.com/in/aditya-mehra-b8644b326,https://www.linkedin.com/in/varsha-r-49159b195
Aditya Mehra,Srusti K,"6/15/26, 2:08 AM",,OUTGOING,https://www.linkedin.com/in/aditya-mehra-b8644b326,https://www.linkedin.com/in/srusti-k-7994ab25b
Aditya Mehra,Himanshi Sahu,"6/15/26, 2:08 AM",,OUTGOING,https://www.linkedin.com/in/aditya-mehra-b8644b326,https://www.linkedin.com/in/himanshi-sahu-b819a6184
Aditya Mehra,Gayathri Mani,"6/15/26, 2:08 AM",,OUTGOING,https://www.linkedin.com/in/aditya-mehra-b8644b326,https://www.linkedin.com/in/gayathri-mani-6bb3b3162
Aditya Mehra,Swati Jha,"6/15/26, 2:08 AM",,OUTGOING,https://www.linkedin.com/in/aditya-mehra-b8644b326,https://www.linkedin.com/in/swati-jha-675122103
Aditya Mehra,Shruthi Mudkaje,"6/15/26, 2:07 AM",,OUTGOING,https://www.linkedin.com/in/aditya-mehra-b8644b326,https://www.linkedin.com/in/shruthi-mudkaje-1342a8198
Aditya Mehra,N Prabhavathi,"6/15/26, 2:08 AM",,OUTGOING,https://www.linkedin.com/in/aditya-mehra-b8644b326,https://www.linkedin.com/in/n-prabhavathi-2a9982312
Aditya Mehra,Sera Mariam,"6/15/26, 2:08 AM",,OUTGOING,https://www.linkedin.com/in/aditya-mehra-b8644b326,https://www.linkedin.com/in/sera-mariam
Aditya Mehra,Lavanya C,"6/15/26, 2:07 AM",,OUTGOING,https://www.linkedin.com/in/aditya-mehra-b8644b326,https://www.linkedin.com/in/lavanya-hr-recruitment
Aditya Mehra,Manasa H N,"6/15/26, 2:08 AM",,OUTGOING,https://www.linkedin.com/in/aditya-mehra-b8644b326,https://www.linkedin.com/in/manasa-h-n-a24469230
Aditya Mehra,Malvika Singh,"6/15/26, 2:07 AM",,OUTGOING,https://www.linkedin.com/in/aditya-mehra-b8644b326,https://www.linkedin.com/in/malvikasingh27
Aditya Mehra,Amrita Kaushal,"6/15/26, 2:07 AM",,OUTGOING,https://www.linkedin.com/in/aditya-mehra-b8644b326,https://www.linkedin.com/in/amrita-kaushal-hr
Aditya Mehra,Deekshitha S,"6/15/26, 2:07 AM",,OUTGOING,https://www.linkedin.com/in/aditya-mehra-b8644b326,https://www.linkedin.com/in/deekshitha16
Aditya Mehra,Vineedha Mol,"6/15/26, 2:07 AM",,OUTGOING,https://www.linkedin.com/in/aditya-mehra-b8644b326,https://www.linkedin.com/in/vineedha-mol
Aditya Mehra,Pushpanidhi N,"6/15/26, 2:07 AM",,OUTGOING,https://www.linkedin.com/in/aditya-mehra-b8644b326,https://www.linkedin.com/in/pushpanidhi-n-a815b9262
Aditya Mehra,Nisha Kumari,"6/15/26, 2:07 AM",,OUTGOING,https://www.linkedin.com/in/aditya-mehra-b8644b326,https://www.linkedin.com/in/nisha-kumari-a1056273
Aditya Mehra,T Nidhi,"6/15/26, 2:06 AM",,OUTGOING,https://www.linkedin.com/in/aditya-mehra-b8644b326,https://www.linkedin.com/in/t-nidhi-9269051b1
Aditya Mehra,Nikitha Lokesh,"6/15/26, 2:07 AM",,OUTGOING,https://www.linkedin.com/in/aditya-mehra-b8644b326,https://www.linkedin.com/in/nikithalokesh2000
Aditya Mehra,Shasina K,"6/15/26, 2:06 AM",,OUTGOING,https://www.linkedin.com/in/aditya-mehra-b8644b326,https://www.linkedin.com/in/shasina-k-965b361a5
Aditya Mehra,Ruchi Bhakt,"6/15/26, 2:06 AM",,OUTGOING,https://www.linkedin.com/in/aditya-mehra-b8644b326,https://www.linkedin.com/in/ruchi-bhakt-8bb21917
Aditya Mehra,Mamatha B,"6/15/26, 2:06 AM",,OUTGOING,https://www.linkedin.com/in/aditya-mehra-b8644b326,https://www.linkedin.com/in/mamatha-b-819805325
Aditya Mehra,Meghana Ravikumar,"6/15/26, 2:06 AM",,OUTGOING,https://www.linkedin.com/in/aditya-mehra-b8644b326,https://www.linkedin.com/in/meghana-ravikumar
Aditya Mehra,Sabeeha Kousar CZ,"6/15/26, 2:06 AM",,OUTGOING,https://www.linkedin.com/in/aditya-mehra-b8644b326,https://www.linkedin.com/in/sabeeha-kousar-cz-410739172
Aditya Mehra,Vanitha S,"6/15/26, 2:06 AM",,OUTGOING,https://www.linkedin.com/in/aditya-mehra-b8644b326,https://www.linkedin.com/in/vanitha-s-364581192
Aditya Mehra,Umme  Afshan,"6/15/26, 2:06 AM",,OUTGOING,https://www.linkedin.com/in/aditya-mehra-b8644b326,https://www.linkedin.com/in/umme-afshan-b6077b1b0
Aditya Mehra,Simran Nadaf,"6/15/26, 2:05 AM",,OUTGOING,https://www.linkedin.com/in/aditya-mehra-b8644b326,https://www.linkedin.com/in/simran-nadaf-691s
Aditya Mehra,Shilpa G,"6/15/26, 2:05 AM",,OUTGOING,https://www.linkedin.com/in/aditya-mehra-b8644b326,https://www.linkedin.com/in/shilpa-g-38a2b91a3
Aditya Mehra,Manasa T.A,"6/15/26, 2:06 AM",,OUTGOING,https://www.linkedin.com/in/aditya-mehra-b8644b326,https://www.linkedin.com/in/manasa-t-a-381b5827b
Aditya Mehra,Ebina George,"6/15/26, 2:05 AM",,OUTGOING,https://www.linkedin.com/in/aditya-mehra-b8644b326,https://www.linkedin.com/in/ebina-george-0a9111192
Aditya Mehra,Rama tulasi B,"6/15/26, 2:05 AM",,OUTGOING,https://www.linkedin.com/in/aditya-mehra-b8644b326,https://www.linkedin.com/in/ramatulasi-recruitment-specialist
Aditya Mehra,Roshal Ann,"6/15/26, 2:05 AM",,OUTGOING,https://www.linkedin.com/in/aditya-mehra-b8644b326,https://www.linkedin.com/in/roshal-ann-7092ba263
Aditya Mehra,Ramya Ravishankar,"6/15/26, 2:05 AM",,OUTGOING,https://www.linkedin.com/in/aditya-mehra-b8644b326,https://www.linkedin.com/in/ramya-ravishankar-657a65238
Aditya Mehra,Namitha Gangaram,"6/15/26, 2:05 AM",,OUTGOING,https://www.linkedin.com/in/aditya-mehra-b8644b326,https://www.linkedin.com/in/namitha-gangaram-21b34a2a
Aditya Mehra,Srilakshmi V.T,"6/15/26, 2:05 AM",,OUTGOING,https://www.linkedin.com/in/aditya-mehra-b8644b326,https://www.linkedin.com/in/srilakshmi-v-t-14816a25
Aditya Mehra,Alma Siddiqui,"6/15/26, 1:46 AM",,OUTGOING,https://www.linkedin.com/in/aditya-mehra-b8644b326,https://www.linkedin.com/in/alma-siddiqui-89395b226
Aditya Mehra,Bhuvaneswari Satiyamorthy,"6/15/26, 1:46 AM",,OUTGOING,https://www.linkedin.com/in/aditya-mehra-b8644b326,https://www.linkedin.com/in/bhuvaneswari-satiyamorthy-4a29ba357
Aditya Mehra,Anushka Singh,"6/15/26, 1:45 AM",,OUTGOING,https://www.linkedin.com/in/aditya-mehra-b8644b326,https://www.linkedin.com/in/anushkaasinghh22
Aditya Mehra,Ishika  Agrawal,"6/9/26, 2:17 AM",,OUTGOING,https://www.linkedin.com/in/aditya-mehra-b8644b326,https://www.linkedin.com/in/agrawalishikaa
Aditya Mehra,Tanishka  S.,"6/9/26, 2:16 AM",,OUTGOING,https://www.linkedin.com/in/aditya-mehra-b8644b326,https://www.linkedin.com/in/tanishka-s-791279217
Aditya Mehra,Praniti Mishra,"6/9/26, 2:17 AM",,OUTGOING,https://www.linkedin.com/in/aditya-mehra-b8644b326,https://www.linkedin.com/in/praniti-mishra-672295276
Aditya Mehra,Sprenzia N,"6/9/26, 2:17 AM",,OUTGOING,https://www.linkedin.com/in/aditya-mehra-b8644b326,https://www.linkedin.com/in/sprenzia-n-7991171a0
Aditya Mehra,Valentina D'souza,"6/9/26, 2:17 AM",,OUTGOING,https://www.linkedin.com/in/aditya-mehra-b8644b326,https://www.linkedin.com/in/valentina-d
Aditya Mehra,Shivani Bawa,"6/9/26, 2:16 AM",,OUTGOING,https://www.linkedin.com/in/aditya-mehra-b8644b326,https://www.linkedin.com/in/shivani-bawa
Aditya Mehra,Khyati Chawla,"6/9/26, 2:16 AM",,OUTGOING,https://www.linkedin.com/in/aditya-mehra-b8644b326,https://www.linkedin.com/in/khyati-chawla-042510370
Aditya Mehra,Eva Reji,"6/9/26, 2:16 AM",,OUTGOING,https://www.linkedin.com/in/aditya-mehra-b8644b326,https://www.linkedin.com/in/eva-reji-8b595323a
Aditya Mehra,Siya Nagpal,"6/9/26, 2:16 AM",,OUTGOING,https://www.linkedin.com/in/aditya-mehra-b8644b326,https://www.linkedin.com/in/siya-nagpal-32839736b
Aditya Mehra,Pavni Sharma,"6/9/26, 2:16 AM",,OUTGOING,https://www.linkedin.com/in/aditya-mehra-b8644b326,https://www.linkedin.com/in/pavni-sharma06
Aditya Mehra,Jiya Jaikishan,"6/9/26, 2:16 AM",,OUTGOING,https://www.linkedin.com/in/aditya-mehra-b8644b326,https://www.linkedin.com/in/jiya-j15
Aditya Mehra,SIDDHI GARG,"6/9/26, 2:16 AM",,OUTGOING,https://www.linkedin.com/in/aditya-mehra-b8644b326,https://www.linkedin.com/in/gargsiddhi
Aditya Mehra,Charvi Sethi,"6/9/26, 2:16 AM",,OUTGOING,https://www.linkedin.com/in/aditya-mehra-b8644b326,https://www.linkedin.com/in/charvisethi151
Aditya Mehra,MEDINEE SRIDHAR,"6/9/26, 2:15 AM",,OUTGOING,https://www.linkedin.com/in/aditya-mehra-b8644b326,https://www.linkedin.com/in/medineesridhar
Aditya Mehra,Shreya Narain,"6/9/26, 2:15 AM",,OUTGOING,https://www.linkedin.com/in/aditya-mehra-b8644b326,https://www.linkedin.com/in/shreya-narain-64a4692ba
Aditya Mehra,Kanishka S.,"6/9/26, 2:16 AM",,OUTGOING,https://www.linkedin.com/in/aditya-mehra-b8644b326,https://www.linkedin.com/in/kanishka-s-992a64300
Aditya Mehra,Nimisha Priya,"6/9/26, 2:15 AM",,OUTGOING,https://www.linkedin.com/in/aditya-mehra-b8644b326,https://www.linkedin.com/in/nimisha-priyaa
Aditya Mehra,Chetna Singh,"6/9/26, 2:15 AM",,OUTGOING,https://www.linkedin.com/in/aditya-mehra-b8644b326,https://www.linkedin.com/in/chetna-singh-269755305
Aditya Mehra,Jasanpreet Kaur,"6/9/26, 2:15 AM",,OUTGOING,https://www.linkedin.com/in/aditya-mehra-b8644b326,https://www.linkedin.com/in/jasanpreet-kaur-9b8a26386
Aditya Mehra,Anushka Sharma,"6/9/26, 2:15 AM",,OUTGOING,https://www.linkedin.com/in/aditya-mehra-b8644b326,https://www.linkedin.com/in/anushkasharma030107
Aditya Mehra,S Lakshmi,"6/9/26, 2:15 AM",,OUTGOING,https://www.linkedin.com/in/aditya-mehra-b8644b326,https://www.linkedin.com/in/s-lakshmi-160527275
Aditya Mehra,Khushali S,"6/9/26, 2:15 AM",,OUTGOING,https://www.linkedin.com/in/aditya-mehra-b8644b326,https://www.linkedin.com/in/khushali198
Aditya Mehra,Aaditya Jakhar,"6/9/26, 2:15 AM",,OUTGOING,https://www.linkedin.com/in/aditya-mehra-b8644b326,https://www.linkedin.com/in/aaditya-jakhar-3a859137b
Aditya Mehra,Leena Ishi,"6/9/26, 2:15 AM",,OUTGOING,https://www.linkedin.com/in/aditya-mehra-b8644b326,https://www.linkedin.com/in/leena-ishi-338b8936b
Aditya Mehra,Eka Tiwari,"6/9/26, 2:15 AM",,OUTGOING,https://www.linkedin.com/in/aditya-mehra-b8644b326,https://www.linkedin.com/in/eka-tiwari-771b09379
Aditya Mehra,Sareddy Amrutha Reddy,"6/9/26, 2:15 AM",,OUTGOING,https://www.linkedin.com/in/aditya-mehra-b8644b326,https://www.linkedin.com/in/sareddy-amrutha-reddy-969771375
Aditya Mehra,Nikitha Patil,"6/9/26, 2:15 AM",,OUTGOING,https://www.linkedin.com/in/aditya-mehra-b8644b326,https://www.linkedin.com/in/nikitha-patil-8897512a2
Aditya Mehra,Maanya Bysani,"6/9/26, 2:14 AM",,OUTGOING,https://www.linkedin.com/in/aditya-mehra-b8644b326,https://www.linkedin.com/in/maanya-bysani-0365a635a
Aditya Mehra,Alena  Byju,"6/9/26, 2:15 AM",,OUTGOING,https://www.linkedin.com/in/aditya-mehra-b8644b326,https://www.linkedin.com/in/alena-byju-23366437b
Aditya Mehra,Anvita Bekkam,"6/9/26, 2:15 AM",,OUTGOING,https://www.linkedin.com/in/aditya-mehra-b8644b326,https://www.linkedin.com/in/anvita-bekkam-3250322bb
Aditya Mehra,Sudeksha Murali,"6/9/26, 2:14 AM",,OUTGOING,https://www.linkedin.com/in/aditya-mehra-b8644b326,https://www.linkedin.com/in/sudeksha-murali-b09682261
Aditya Mehra,Tanistha Singh,"6/9/26, 2:14 AM",,OUTGOING,https://www.linkedin.com/in/aditya-mehra-b8644b326,https://www.linkedin.com/in/tanistha-singh-43b785221
Aditya Mehra,Soujanya Patil,"6/9/26, 2:14 AM",,OUTGOING,https://www.linkedin.com/in/aditya-mehra-b8644b326,https://www.linkedin.com/in/soujanya-patil-7441a227b
Aditya Mehra,KSHEMA S ARUN,"6/9/26, 2:14 AM",,OUTGOING,https://www.linkedin.com/in/aditya-mehra-b8644b326,https://www.linkedin.com/in/kshema-s-arun-b26108317
Aditya Mehra,Nikita Pareek,"6/9/26, 2:14 AM",,OUTGOING,https://www.linkedin.com/in/aditya-mehra-b8644b326,https://www.linkedin.com/in/nikita-p-0aa592321
Aditya Mehra,Ipshita Basak,"6/9/26, 2:14 AM",,OUTGOING,https://www.linkedin.com/in/aditya-mehra-b8644b326,https://www.linkedin.com/in/ipshita-basak-651911188
Aditya Mehra,Ashwini Vagadia,"6/9/26, 2:14 AM",,OUTGOING,https://www.linkedin.com/in/aditya-mehra-b8644b326,https://www.linkedin.com/in/ashwini-vagadia-333710172
Aditya Mehra,Sadanya G,"6/9/26, 2:14 AM",,OUTGOING,https://www.linkedin.com/in/aditya-mehra-b8644b326,https://www.linkedin.com/in/sadanya-g-a79136198
Aditya Mehra,Aishwarya Sai Singnath,"6/9/26, 2:14 AM",,OUTGOING,https://www.linkedin.com/in/aditya-mehra-b8644b326,https://www.linkedin.com/in/aishwarya-sai-singnath-59265a1b2
Aditya Mehra,Rumana Fouzia,"6/8/26, 6:53 AM",,OUTGOING,https://www.linkedin.com/in/aditya-mehra-b8644b326,https://www.linkedin.com/in/rumana-fouzia-b7843b121
Aditya Mehra,Zulfi Z.,"6/8/26, 6:53 AM",,OUTGOING,https://www.linkedin.com/in/aditya-mehra-b8644b326,https://www.linkedin.com/in/zulfi-z-023385238
Aditya Mehra,Anusha Ugrannanavar,"6/8/26, 6:53 AM",,OUTGOING,https://www.linkedin.com/in/aditya-mehra-b8644b326,https://www.linkedin.com/in/anusha-ugrannanavar-b79340267
Aditya Mehra,Aayushi Sharma,"6/8/26, 6:52 AM",,OUTGOING,https://www.linkedin.com/in/aditya-mehra-b8644b326,https://www.linkedin.com/in/aayushi-sharma-66b74699
Aditya Mehra,Hemalatha Seran,"6/8/26, 6:53 AM",,OUTGOING,https://www.linkedin.com/in/aditya-mehra-b8644b326,https://www.linkedin.com/in/hemalatha-seran-3735ba181
Aditya Mehra,Camelia  Das,"6/8/26, 6:53 AM",,OUTGOING,https://www.linkedin.com/in/aditya-mehra-b8644b326,https://www.linkedin.com/in/camelia-das-453839129
Aditya Mehra,Vaish Navi,"6/8/26, 6:53 AM",,OUTGOING,https://www.linkedin.com/in/aditya-mehra-b8644b326,https://www.linkedin.com/in/vaish-navi-049346235
Aditya Mehra,Bhabna Jaiswal,"6/8/26, 6:52 AM",,OUTGOING,https://www.linkedin.com/in/aditya-mehra-b8644b326,https://www.linkedin.com/in/bhabna-jaiswal-258165167
Aditya Mehra,Tejashvi  Talekar ,"6/8/26, 6:52 AM",,OUTGOING,https://www.linkedin.com/in/aditya-mehra-b8644b326,https://www.linkedin.com/in/tejashvi-talekar
Aditya Mehra,Shilpa B.S.,"6/8/26, 6:52 AM",,OUTGOING,https://www.linkedin.com/in/aditya-mehra-b8644b326,https://www.linkedin.com/in/shilpa0102
Aditya Mehra,Pavithra Biradar,"6/8/26, 6:52 AM",,OUTGOING,https://www.linkedin.com/in/aditya-mehra-b8644b326,https://www.linkedin.com/in/pavithra-biradar-25a966300
Aditya Mehra,Laya J,"6/8/26, 6:52 AM",,OUTGOING,https://www.linkedin.com/in/aditya-mehra-b8644b326,https://www.linkedin.com/in/laya-j-62a83a240
Aditya Mehra,Manjushree Shetty,"6/8/26, 6:52 AM",,OUTGOING,https://www.linkedin.com/in/aditya-mehra-b8644b326,https://www.linkedin.com/in/manjushree-shetty-211069172
Aditya Mehra,Suruthivarshaa BR,"6/8/26, 6:52 AM",,OUTGOING,https://www.linkedin.com/in/aditya-mehra-b8644b326,https://www.linkedin.com/in/suruthivarshaa-br-5618a0210
Aditya Mehra,Mehool Singh,"6/8/26, 6:52 AM",,OUTGOING,https://www.linkedin.com/in/aditya-mehra-b8644b326,https://www.linkedin.com/in/mehoolsingh
Aditya Mehra,Anjali Shandilya,"6/8/26, 6:52 AM",,OUTGOING,https://www.linkedin.com/in/aditya-mehra-b8644b326,https://www.linkedin.com/in/anjalishandilya333
Aditya Mehra,Shravya S,"6/8/26, 6:52 AM",,OUTGOING,https://www.linkedin.com/in/aditya-mehra-b8644b326,https://www.linkedin.com/in/shravya-suvarna
Aditya Mehra,Charanya Venkatesan,"6/8/26, 6:52 AM",,OUTGOING,https://www.linkedin.com/in/aditya-mehra-b8644b326,https://www.linkedin.com/in/charanya-venkatesan-9b477b86
Aditya Mehra,Jisma George,"6/8/26, 6:52 AM",,OUTGOING,https://www.linkedin.com/in/aditya-mehra-b8644b326,https://www.linkedin.com/in/jismageorge2025
Aditya Mehra,Pragathi HK Dhoddmane,"6/8/26, 6:52 AM",,OUTGOING,https://www.linkedin.com/in/aditya-mehra-b8644b326,https://www.linkedin.com/in/pragathi-hk-dhoddmane-3b7322223
Aditya Mehra,Aparna K,"6/8/26, 6:52 AM",,OUTGOING,https://www.linkedin.com/in/aditya-mehra-b8644b326,https://www.linkedin.com/in/aparna-k-ba058b2aa
Aditya Mehra,Sneha M,"6/8/26, 6:51 AM",,OUTGOING,https://www.linkedin.com/in/aditya-mehra-b8644b326,https://www.linkedin.com/in/sneha-m-9974651a9
Aditya Mehra,Deepa S,"6/8/26, 6:51 AM",,OUTGOING,https://www.linkedin.com/in/aditya-mehra-b8644b326,https://www.linkedin.com/in/deepa-s-49511b288
Aditya Mehra,Ramya chendaluru,"6/8/26, 6:51 AM",,OUTGOING,https://www.linkedin.com/in/aditya-mehra-b8644b326,https://www.linkedin.com/in/ramya-chendaluru-2b941040
Aditya Mehra,SURBHI SINGH,"6/8/26, 6:51 AM",,OUTGOING,https://www.linkedin.com/in/aditya-mehra-b8644b326,https://www.linkedin.com/in/surbhi-singh-3285b1235
Aditya Mehra,Shireesha K,"6/8/26, 6:51 AM",,OUTGOING,https://www.linkedin.com/in/aditya-mehra-b8644b326,https://www.linkedin.com/in/shireesha-k-3b9aa2190
Aditya Mehra,Karen Natasha  Lobo,"6/8/26, 6:51 AM",,OUTGOING,https://www.linkedin.com/in/aditya-mehra-b8644b326,https://www.linkedin.com/in/karennatashalobo
Aditya Mehra,Suvitha Vibishanan,"6/8/26, 6:51 AM",,OUTGOING,https://www.linkedin.com/in/aditya-mehra-b8644b326,https://www.linkedin.com/in/suvitha-vibishanan-7a1546186
Aditya Mehra,Niveditha G,"6/8/26, 6:51 AM",,OUTGOING,https://www.linkedin.com/in/aditya-mehra-b8644b326,https://www.linkedin.com/in/niveditha-g-4bb1a173
Aditya Mehra,Priya Byadgi,"6/8/26, 6:51 AM",,OUTGOING,https://www.linkedin.com/in/aditya-mehra-b8644b326,https://www.linkedin.com/in/priya-byadgi-17207b261
Aditya Mehra,Ashwini G R,"6/8/26, 6:51 AM",,OUTGOING,https://www.linkedin.com/in/aditya-mehra-b8644b326,https://www.linkedin.com/in/ashwini-g-r-832a00118
Aditya Mehra,Namratha Gowda ,"6/8/26, 6:51 AM",,OUTGOING,https://www.linkedin.com/in/aditya-mehra-b8644b326,https://www.linkedin.com/in/namratha-gowda-6a7aa4140
Aditya Mehra,Nisarga Lokesh,"6/8/26, 6:51 AM",,OUTGOING,https://www.linkedin.com/in/aditya-mehra-b8644b326,https://www.linkedin.com/in/nisarga-lokesh-5a0800150
Aditya Mehra,Risha Jain,"6/8/26, 6:51 AM",,OUTGOING,https://www.linkedin.com/in/aditya-mehra-b8644b326,https://www.linkedin.com/in/risha-jain-03b25932a
Aditya Mehra,Shivangi Prabha,"6/8/26, 6:51 AM",,OUTGOING,https://www.linkedin.com/in/aditya-mehra-b8644b326,https://www.linkedin.com/in/shivangi-prabha
Aditya Mehra,Kasturi Dutta Roy,"6/8/26, 6:51 AM",,OUTGOING,https://www.linkedin.com/in/aditya-mehra-b8644b326,https://www.linkedin.com/in/kasturi-dutta-roy-28875387
Aditya Mehra,Anusha Tadas,"6/8/26, 6:51 AM",,OUTGOING,https://www.linkedin.com/in/aditya-mehra-b8644b326,https://www.linkedin.com/in/anusha-tadas-115457202
Aditya Mehra,Charitha Reddy,"6/8/26, 6:50 AM",,OUTGOING,https://www.linkedin.com/in/aditya-mehra-b8644b326,https://www.linkedin.com/in/charitha-reddy-992257130
Aditya Mehra,Reecha U.,"6/8/26, 6:50 AM",,OUTGOING,https://www.linkedin.com/in/aditya-mehra-b8644b326,https://www.linkedin.com/in/reecha-u-4a48a235
Aditya Mehra,Aishwaryah  Mishra,"6/8/26, 6:50 AM",,OUTGOING,https://www.linkedin.com/in/aditya-mehra-b8644b326,https://www.linkedin.com/in/aishwaryah-mishra-67367075
Aditya Mehra,Suman Singh,"6/8/26, 6:50 AM",,OUTGOING,https://www.linkedin.com/in/aditya-mehra-b8644b326,https://www.linkedin.com/in/suman-singh-ab32a3141
Aditya Mehra,Thrupthi Gowda,"6/8/26, 6:50 AM",,OUTGOING,https://www.linkedin.com/in/aditya-mehra-b8644b326,https://www.linkedin.com/in/thrupthi-gowda-5931a8181
Aditya Mehra,Roxanne Saldanha,"6/8/26, 6:50 AM",,OUTGOING,https://www.linkedin.com/in/aditya-mehra-b8644b326,https://www.linkedin.com/in/roxanne-saldanha-24205914
Aditya Mehra,Bindu Sara,"6/8/26, 6:50 AM",,OUTGOING,https://www.linkedin.com/in/aditya-mehra-b8644b326,https://www.linkedin.com/in/bindu-sara-079a0a205
Aditya Mehra,Vanishree Jakati,"6/8/26, 6:50 AM",,OUTGOING,https://www.linkedin.com/in/aditya-mehra-b8644b326,https://www.linkedin.com/in/vanishree-jakati-13bb7a2a7
Aditya Mehra,Shriraksha M C,"6/8/26, 6:50 AM",,OUTGOING,https://www.linkedin.com/in/aditya-mehra-b8644b326,https://www.linkedin.com/in/shriraksha-m-c
Aditya Mehra,Kirtika Sharma,"6/8/26, 6:50 AM",,OUTGOING,https://www.linkedin.com/in/aditya-mehra-b8644b326,https://www.linkedin.com/in/kirtika-sharmaa
Aditya Mehra,Pallabi Ghosh,"6/8/26, 6:50 AM",,OUTGOING,https://www.linkedin.com/in/aditya-mehra-b8644b326,https://www.linkedin.com/in/pallabi-ghosh-88026681
Aditya Mehra,Harshiita Pawar,"6/8/26, 6:50 AM",,OUTGOING,https://www.linkedin.com/in/aditya-mehra-b8644b326,https://www.linkedin.com/in/harshiita-pawar
Aditya Mehra,SWARNA THOMAS,"6/8/26, 6:50 AM",,OUTGOING,https://www.linkedin.com/in/aditya-mehra-b8644b326,https://www.linkedin.com/in/swarna-thomas-ab9a241b8
Aditya Mehra,Chanchala Bor,"6/8/26, 6:50 AM",,OUTGOING,https://www.linkedin.com/in/aditya-mehra-b8644b326,https://www.linkedin.com/in/chanchala-bor-9521a3209
Aditya Mehra,Supriya Nayak,"6/8/26, 6:50 AM",,OUTGOING,https://www.linkedin.com/in/aditya-mehra-b8644b326,https://www.linkedin.com/in/supriya-nayak-783505319
Aditya Mehra,Vaidehi Ballal M,"6/8/26, 6:50 AM",,OUTGOING,https://www.linkedin.com/in/aditya-mehra-b8644b326,https://www.linkedin.com/in/vaidehi-ballal-m-111aa01b2
Aditya Mehra,Khushi Trivedi,"6/8/26, 6:49 AM",,OUTGOING,https://www.linkedin.com/in/aditya-mehra-b8644b326,https://www.linkedin.com/in/khushitrivedi21
Aditya Mehra,Rohini Bali,"6/8/26, 6:49 AM",,OUTGOING,https://www.linkedin.com/in/aditya-mehra-b8644b326,https://www.linkedin.com/in/rohini21
Aditya Mehra,Shruthi V,"6/8/26, 6:49 AM",,OUTGOING,https://www.linkedin.com/in/aditya-mehra-b8644b326,https://www.linkedin.com/in/shruthi-v-941357247
Aditya Mehra,MONISHA P,"6/8/26, 6:49 AM",,OUTGOING,https://www.linkedin.com/in/aditya-mehra-b8644b326,https://www.linkedin.com/in/monisha-p-005702291
Aditya Mehra,Nischith Raj,"6/8/26, 6:49 AM",,OUTGOING,https://www.linkedin.com/in/aditya-mehra-b8644b326,https://www.linkedin.com/in/nischith-raj-0427911a4
Aditya Mehra,Harshitha Shankar,"6/8/26, 6:49 AM",,OUTGOING,https://www.linkedin.com/in/aditya-mehra-b8644b326,https://www.linkedin.com/in/harshitha-t1612
Aditya Mehra,Varsha k k,"6/8/26, 6:49 AM",,OUTGOING,https://www.linkedin.com/in/aditya-mehra-b8644b326,https://www.linkedin.com/in/varsha-k-k-72301891
Aditya Mehra,Anjali Kumari,"6/8/26, 6:49 AM",,OUTGOING,https://www.linkedin.com/in/aditya-mehra-b8644b326,https://www.linkedin.com/in/anjali-kumari-a52b19212
Aditya Mehra,Ashwini Rajendran,"6/8/26, 6:49 AM",,OUTGOING,https://www.linkedin.com/in/aditya-mehra-b8644b326,https://www.linkedin.com/in/ashwini-rajendran-4a063a249
Aditya Mehra,Priyanka  Sekar,"6/8/26, 6:49 AM",,OUTGOING,https://www.linkedin.com/in/aditya-mehra-b8644b326,https://www.linkedin.com/in/priyanka-sekar3196
Aditya Mehra,Keerthana. N.M,"6/8/26, 6:49 AM",,OUTGOING,https://www.linkedin.com/in/aditya-mehra-b8644b326,https://www.linkedin.com/in/keerthana-n-m-259001185
Aditya Mehra,Bhanupriya V,"6/8/26, 6:49 AM",,OUTGOING,https://www.linkedin.com/in/aditya-mehra-b8644b326,https://www.linkedin.com/in/bhanupriya-v-23ba9b2a0
Aditya Mehra,DHANASHRI SINGH L,"6/8/26, 6:49 AM",,OUTGOING,https://www.linkedin.com/in/aditya-mehra-b8644b326,https://www.linkedin.com/in/dhanashrisingh
Aditya Mehra,Arsha S,"6/8/26, 6:49 AM",,OUTGOING,https://www.linkedin.com/in/aditya-mehra-b8644b326,https://www.linkedin.com/in/arsha-s-a4674427b
Aditya Mehra,Monisha S,"6/8/26, 6:49 AM",,OUTGOING,https://www.linkedin.com/in/aditya-mehra-b8644b326,https://www.linkedin.com/in/monisha-s-42b752195
Aditya Mehra,Pallavi Shankarappa,"6/8/26, 6:49 AM",,OUTGOING,https://www.linkedin.com/in/aditya-mehra-b8644b326,https://www.linkedin.com/in/pallavi-shankarappa-017946143
Aditya Mehra,Vishakha Raj,"6/8/26, 6:49 AM",,OUTGOING,https://www.linkedin.com/in/aditya-mehra-b8644b326,https://www.linkedin.com/in/vishakha-raj-2000aa125
Aditya Mehra,Ruchika Karmakar,"6/8/26, 6:49 AM",,OUTGOING,https://www.linkedin.com/in/aditya-mehra-b8644b326,https://www.linkedin.com/in/ruchika-karmakar-4a9836150
Aditya Mehra,Cynthia Lucas,"6/8/26, 6:49 AM",,OUTGOING,https://www.linkedin.com/in/aditya-mehra-b8644b326,https://www.linkedin.com/in/cynthia-lucas-423535139
Aditya Mehra,MADHU M,"6/8/26, 6:49 AM",,OUTGOING,https://www.linkedin.com/in/aditya-mehra-b8644b326,https://www.linkedin.com/in/madhu-m-44b9a7203
Aditya Mehra,Sri Mathi,"6/8/26, 6:49 AM",,OUTGOING,https://www.linkedin.com/in/aditya-mehra-b8644b326,https://www.linkedin.com/in/sri-mathi-430664212
Aditya Mehra,Lisha Mathew,"6/8/26, 6:41 AM",,OUTGOING,https://www.linkedin.com/in/aditya-mehra-b8644b326,https://www.linkedin.com/in/lisha-mathew-b0b851183
Aditya Mehra,Suma Veeraswamy,"6/8/26, 6:41 AM",,OUTGOING,https://www.linkedin.com/in/aditya-mehra-b8644b326,https://www.linkedin.com/in/suma-veeraswamy-775244223
Aditya Mehra,Manasa Reddy,"6/8/26, 6:41 AM",,OUTGOING,https://www.linkedin.com/in/aditya-mehra-b8644b326,https://www.linkedin.com/in/manasa-reddy-296378180
Aditya Mehra,Harshitha Harish,"6/8/26, 6:41 AM",,OUTGOING,https://www.linkedin.com/in/aditya-mehra-b8644b326,https://www.linkedin.com/in/harshitha-harish-459a78296
Aditya Mehra,Deepa  Acharya ,"6/8/26, 6:41 AM",,OUTGOING,https://www.linkedin.com/in/aditya-mehra-b8644b326,https://www.linkedin.com/in/deepa-acharya-522011269
Aditya Mehra,Siddhi Sharma,"6/8/26, 6:41 AM",,OUTGOING,https://www.linkedin.com/in/aditya-mehra-b8644b326,https://www.linkedin.com/in/siddhi-s-018356186
Aditya Mehra,Sumita Rathore,"6/8/26, 6:41 AM",,OUTGOING,https://www.linkedin.com/in/aditya-mehra-b8644b326,https://www.linkedin.com/in/sumita-rathore-5036a8215
Aditya Mehra,Mala Chaudhary,"6/8/26, 6:41 AM",,OUTGOING,https://www.linkedin.com/in/aditya-mehra-b8644b326,https://www.linkedin.com/in/mala-chaudhary-2051213a
Aditya Mehra,swathi nayak,"6/8/26, 6:41 AM",,OUTGOING,https://www.linkedin.com/in/aditya-mehra-b8644b326,https://www.linkedin.com/in/swathi-nayak-842b6577
Aditya Mehra,Sindhu Reddy,"6/8/26, 6:41 AM",,OUTGOING,https://www.linkedin.com/in/aditya-mehra-b8644b326,https://www.linkedin.com/in/sindhu-reddy-093687166
Aditya Mehra,Gaddam Pratyusha,"6/8/26, 6:41 AM",,OUTGOING,https://www.linkedin.com/in/aditya-mehra-b8644b326,https://www.linkedin.com/in/gaddam-pratyusha-751858131
Aditya Mehra,Diya Joby,"6/8/26, 6:41 AM",,OUTGOING,https://www.linkedin.com/in/aditya-mehra-b8644b326,https://www.linkedin.com/in/diya-joby-a61195194
Aditya Mehra,Bharathi J,"6/8/26, 6:41 AM",,OUTGOING,https://www.linkedin.com/in/aditya-mehra-b8644b326,https://www.linkedin.com/in/bharathi-j-8549bb201
Aditya Mehra,Apoorva Suresh,"6/8/26, 6:41 AM",,OUTGOING,https://www.linkedin.com/in/aditya-mehra-b8644b326,https://www.linkedin.com/in/apoorva-suresh-7299b8156
Aditya Mehra,Aditi Mishra,"6/8/26, 6:41 AM",,OUTGOING,https://www.linkedin.com/in/aditya-mehra-b8644b326,https://www.linkedin.com/in/aditi-mishra-881351154
Aditya Mehra,Manjula p,"6/8/26, 6:40 AM",,OUTGOING,https://www.linkedin.com/in/aditya-mehra-b8644b326,https://www.linkedin.com/in/manjula-p-32476612a
Aditya Mehra,Divya Murali,"6/8/26, 6:41 AM",,OUTGOING,https://www.linkedin.com/in/aditya-mehra-b8644b326,https://www.linkedin.com/in/divya-murali-73622956
Aditya Mehra,Nissy Mathew,"6/8/26, 6:40 AM",,OUTGOING,https://www.linkedin.com/in/aditya-mehra-b8644b326,https://www.linkedin.com/in/nissy-mathew
Aditya Mehra,Triveni .N,"6/8/26, 6:40 AM",,OUTGOING,https://www.linkedin.com/in/aditya-mehra-b8644b326,https://www.linkedin.com/in/triveni-n-172855193
Aditya Mehra,Akshitha R,"6/8/26, 6:40 AM",,OUTGOING,https://www.linkedin.com/in/aditya-mehra-b8644b326,https://www.linkedin.com/in/akshitha-r-737228240
Aditya Mehra,Spoorthi Huilgol,"6/8/26, 6:40 AM",,OUTGOING,https://www.linkedin.com/in/aditya-mehra-b8644b326,https://www.linkedin.com/in/spoorthihuilgol
Aditya Mehra,Dharani Abishegi.M,"6/8/26, 6:40 AM",,OUTGOING,https://www.linkedin.com/in/aditya-mehra-b8644b326,https://www.linkedin.com/in/dharani-abishegi-m-a0a756238
Aditya Mehra,NANDITHA M,"6/8/26, 6:40 AM",,OUTGOING,https://www.linkedin.com/in/aditya-mehra-b8644b326,https://www.linkedin.com/in/nanditha-m-270799272
Aditya Mehra,Kanupriya Rastogi,"6/8/26, 6:40 AM",,OUTGOING,https://www.linkedin.com/in/aditya-mehra-b8644b326,https://www.linkedin.com/in/kanupriya-rastogi-a73963200
Aditya Mehra,Vidyashree Krishna,"6/8/26, 6:39 AM",,OUTGOING,https://www.linkedin.com/in/aditya-mehra-b8644b326,https://www.linkedin.com/in/vidyashree-krishna-a79a46263
Aditya Mehra,Bhavya Shree,"6/8/26, 6:39 AM",,OUTGOING,https://www.linkedin.com/in/aditya-mehra-b8644b326,https://www.linkedin.com/in/bhavya-shree-531a40318
Aditya Mehra,Darshana Mahesh,"6/8/26, 6:40 AM",,OUTGOING,https://www.linkedin.com/in/aditya-mehra-b8644b326,https://www.linkedin.com/in/darshana-mahesh-6906b6104
Aditya Mehra,Daswini Talapaka,"6/8/26, 6:38 AM",,OUTGOING,https://www.linkedin.com/in/aditya-mehra-b8644b326,https://www.linkedin.com/in/daswini-talapaka
Aditya Mehra,Priya Srivastava,"6/8/26, 6:38 AM",,OUTGOING,https://www.linkedin.com/in/aditya-mehra-b8644b326,https://www.linkedin.com/in/priya-srivastava-56a92212
Aditya Mehra,Indhu Krishna,"6/8/26, 6:38 AM",,OUTGOING,https://www.linkedin.com/in/aditya-mehra-b8644b326,https://www.linkedin.com/in/indhukrishnahr
Aditya Mehra,Priya Singh,"6/8/26, 6:38 AM",,OUTGOING,https://www.linkedin.com/in/aditya-mehra-b8644b326,https://www.linkedin.com/in/priya-singh-8219a6b
Aditya Mehra,Neha Kuradkar,"6/8/26, 6:38 AM",,OUTGOING,https://www.linkedin.com/in/aditya-mehra-b8644b326,https://www.linkedin.com/in/neha-kuradkar-b60b9959
Aditya Mehra,Muskan Purohit,"6/8/26, 6:38 AM",,OUTGOING,https://www.linkedin.com/in/aditya-mehra-b8644b326,https://www.linkedin.com/in/muskan-purohit
Aditya Mehra,Mihika Iyer,"6/8/26, 6:38 AM",,OUTGOING,https://www.linkedin.com/in/aditya-mehra-b8644b326,https://www.linkedin.com/in/mihika-iyer-abb38972
Aditya Mehra,Shivangi Prateek,"6/8/26, 6:37 AM",,OUTGOING,https://www.linkedin.com/in/aditya-mehra-b8644b326,https://www.linkedin.com/in/shivangi-prateek-a50485142
Aditya Mehra,Priya Francis,"6/8/26, 6:37 AM",,OUTGOING,https://www.linkedin.com/in/aditya-mehra-b8644b326,https://www.linkedin.com/in/priya-francis-30172822
Aditya Mehra,Kritika Saxena,"6/8/26, 6:37 AM",,OUTGOING,https://www.linkedin.com/in/aditya-mehra-b8644b326,https://www.linkedin.com/in/itskritikasaxena
Aditya Mehra,Nishtha Benara,"6/8/26, 6:37 AM",,OUTGOING,https://www.linkedin.com/in/aditya-mehra-b8644b326,https://www.linkedin.com/in/nishtha-benara-2257b5148
Aditya Mehra,Payal Vyas,"6/8/26, 6:37 AM",,OUTGOING,https://www.linkedin.com/in/aditya-mehra-b8644b326,https://www.linkedin.com/in/payal-vyas-883a6024a
Aditya Mehra,Kshama Shetty,"6/8/26, 6:37 AM",,OUTGOING,https://www.linkedin.com/in/aditya-mehra-b8644b326,https://www.linkedin.com/in/kshamashetty-2o
Aditya Mehra,Nishtha Jaiswal,"6/8/26, 6:37 AM",,OUTGOING,https://www.linkedin.com/in/aditya-mehra-b8644b326,https://www.linkedin.com/in/nishthajaiswal
Aditya Mehra,Vritti Chowdhry,"6/8/26, 6:37 AM",,OUTGOING,https://www.linkedin.com/in/aditya-mehra-b8644b326,https://www.linkedin.com/in/vritti-chowdhry-a7219257
Aditya Mehra,Richa S.,"6/8/26, 6:37 AM",,OUTGOING,https://www.linkedin.com/in/aditya-mehra-b8644b326,https://www.linkedin.com/in/richa-sri
Aditya Mehra,Pooja Khuswaha,"6/8/26, 6:37 AM",,OUTGOING,https://www.linkedin.com/in/aditya-mehra-b8644b326,https://www.linkedin.com/in/pooja-khuswaha
Aditya Mehra,Nikita K.,"6/8/26, 6:36 AM",,OUTGOING,https://www.linkedin.com/in/aditya-mehra-b8644b326,https://www.linkedin.com/in/nikita-k-743aba47
Aditya Mehra,Anushtha Singh,"6/8/26, 6:36 AM",,OUTGOING,https://www.linkedin.com/in/aditya-mehra-b8644b326,https://www.linkedin.com/in/anushtha-singh-009a3517b
Aditya Mehra,Kavisha Agarwal,"6/8/26, 6:36 AM",,OUTGOING,https://www.linkedin.com/in/aditya-mehra-b8644b326,https://www.linkedin.com/in/kavishaagarwal
Aditya Mehra,Shardul Gupta,"6/8/26, 6:36 AM",,OUTGOING,https://www.linkedin.com/in/aditya-mehra-b8644b326,https://www.linkedin.com/in/shardulgupta
Aditya Mehra,Shainvi Saxena,"6/8/26, 6:36 AM",,OUTGOING,https://www.linkedin.com/in/aditya-mehra-b8644b326,https://www.linkedin.com/in/shainvi-saxena-656984165
Aditya Mehra,Ekta Navani,"6/8/26, 6:35 AM",,OUTGOING,https://www.linkedin.com/in/aditya-mehra-b8644b326,https://www.linkedin.com/in/ekta-navani-b5082961
Aditya Mehra,Somanshi Mukheja,"6/8/26, 6:35 AM",,OUTGOING,https://www.linkedin.com/in/aditya-mehra-b8644b326,https://www.linkedin.com/in/somanshi-mukheja-ba0396117
Aditya Mehra,Sonali Khandelwal,"6/8/26, 6:36 AM",,OUTGOING,https://www.linkedin.com/in/aditya-mehra-b8644b326,https://www.linkedin.com/in/sonali-khandelwal-587582179
Aditya Mehra,Navjot Singh Bhullar,"6/8/26, 6:35 AM",,OUTGOING,https://www.linkedin.com/in/aditya-mehra-b8644b326,https://www.linkedin.com/in/navjotbhullarr
Aditya Mehra,Avneet Kaur,"6/8/26, 6:36 AM",,OUTGOING,https://www.linkedin.com/in/aditya-mehra-b8644b326,https://www.linkedin.com/in/avneet-kaur-86a9017a
Aditya Mehra,Litusha Patro,"6/8/26, 6:35 AM",,OUTGOING,https://www.linkedin.com/in/aditya-mehra-b8644b326,https://www.linkedin.com/in/litusha-patro-0854b997
Aditya Mehra,Dia Kohli,"6/8/26, 6:35 AM",,OUTGOING,https://www.linkedin.com/in/aditya-mehra-b8644b326,https://www.linkedin.com/in/dia-kohli
Aditya Mehra,Mihir Mehta,"6/8/26, 6:35 AM",,OUTGOING,https://www.linkedin.com/in/aditya-mehra-b8644b326,https://www.linkedin.com/in/mihir-mehta596
Aditya Mehra,Preety Mahala,"6/8/26, 6:35 AM",,OUTGOING,https://www.linkedin.com/in/aditya-mehra-b8644b326,https://www.linkedin.com/in/preetymahala
Aditya Mehra,Capt Jaspreet Kaur,"6/8/26, 6:34 AM",,OUTGOING,https://www.linkedin.com/in/aditya-mehra-b8644b326,https://www.linkedin.com/in/capt-jaspreet-kaur-67b50018b
Aditya Mehra,Ishita  Shirpurkar,"6/8/26, 6:34 AM",,OUTGOING,https://www.linkedin.com/in/aditya-mehra-b8644b326,https://www.linkedin.com/in/ishita-shirpurkar-53895539a
Aditya Mehra,Dhrithi V Bhat,"6/8/26, 6:34 AM",,OUTGOING,https://www.linkedin.com/in/aditya-mehra-b8644b326,https://www.linkedin.com/in/dhrithi-v-bhat-b6a596370
Aditya Mehra,Sujata Dutta,"6/8/26, 6:34 AM",,OUTGOING,https://www.linkedin.com/in/aditya-mehra-b8644b326,https://www.linkedin.com/in/sujata-dutta-645930237
Aditya Mehra,Rhythm  ‎ ,"6/8/26, 6:34 AM",,OUTGOING,https://www.linkedin.com/in/aditya-mehra-b8644b326,https://www.linkedin.com/in/rhythm-1408y
Aditya Mehra,Poojitha K,"6/8/26, 6:34 AM",,OUTGOING,https://www.linkedin.com/in/aditya-mehra-b8644b326,https://www.linkedin.com/in/poojitha-k-69048b284
Aditya Mehra,Swathi Suresh,"6/8/26, 6:34 AM",,OUTGOING,https://www.linkedin.com/in/aditya-mehra-b8644b326,https://www.linkedin.com/in/suresh-swathi
Aditya Mehra,Roshni Nair,"6/8/26, 6:34 AM",,OUTGOING,https://www.linkedin.com/in/aditya-mehra-b8644b326,https://www.linkedin.com/in/roshni-nair-8014422a9
Aditya Mehra,Prathibha HG,"6/8/26, 6:34 AM",,OUTGOING,https://www.linkedin.com/in/aditya-mehra-b8644b326,https://www.linkedin.com/in/prathibha-hg
Aditya Mehra,Sree Lakshmi M S,"6/8/26, 6:34 AM",,OUTGOING,https://www.linkedin.com/in/aditya-mehra-b8644b326,https://www.linkedin.com/in/sree-lakshmi-ms
Aditya Mehra,Avva Salwa,"6/8/26, 6:34 AM",,OUTGOING,https://www.linkedin.com/in/aditya-mehra-b8644b326,https://www.linkedin.com/in/avva-salwa-437353357
Aditya Mehra,Anshita Das,"6/8/26, 6:34 AM",,OUTGOING,https://www.linkedin.com/in/aditya-mehra-b8644b326,https://www.linkedin.com/in/anshita-das-441328309
Aditya Mehra,Anusha Bhattacharyya,"6/8/26, 6:34 AM",,OUTGOING,https://www.linkedin.com/in/aditya-mehra-b8644b326,https://www.linkedin.com/in/anusha-bhattacharyya-261893365
Aditya Mehra,Chanushka MB ,"6/8/26, 6:34 AM",,OUTGOING,https://www.linkedin.com/in/aditya-mehra-b8644b326,https://www.linkedin.com/in/chanushka-mb-a00318268
Aditya Mehra,Harshini M,"6/8/26, 6:34 AM",,OUTGOING,https://www.linkedin.com/in/aditya-mehra-b8644b326,https://www.linkedin.com/in/harshini-m-362134209
Aditya Mehra,Akanksha Periwal,"6/8/26, 6:34 AM",,OUTGOING,https://www.linkedin.com/in/aditya-mehra-b8644b326,https://www.linkedin.com/in/akanksha-periwal
Aditya Mehra,Dr.Farah Bhat,"6/8/26, 6:33 AM",,OUTGOING,https://www.linkedin.com/in/aditya-mehra-b8644b326,https://www.linkedin.com/in/dr-farah-bhat-1986a4261
Aditya Mehra,Subhashree Pati,"6/8/26, 6:33 AM",,OUTGOING,https://www.linkedin.com/in/aditya-mehra-b8644b326,https://www.linkedin.com/in/subhashree-pati-a91531317
Aditya Mehra,Shivangi Tiwari,"6/8/26, 6:33 AM",,OUTGOING,https://www.linkedin.com/in/aditya-mehra-b8644b326,https://www.linkedin.com/in/shivangi-tiwari-71ba48373
Aditya Mehra,Nandiinii Maithani,"6/8/26, 6:34 AM",,OUTGOING,https://www.linkedin.com/in/aditya-mehra-b8644b326,https://www.linkedin.com/in/nandiinii-maithani
Aditya Mehra,Srijal Tater,"6/8/26, 6:33 AM",,OUTGOING,https://www.linkedin.com/in/aditya-mehra-b8644b326,https://www.linkedin.com/in/srijal-t-901044256
Aditya Mehra,Shayana Mohapatra,"6/8/26, 6:33 AM",,OUTGOING,https://www.linkedin.com/in/aditya-mehra-b8644b326,https://www.linkedin.com/in/shayana-mohapatra-322536278
Aditya Mehra,Shivani Sharma,"6/6/26, 1:08 AM",,OUTGOING,https://www.linkedin.com/in/aditya-mehra-b8644b326,https://www.linkedin.com/in/shivani-sharma-ab1a12184
Aditya Mehra,Simi Sarita Kerketta ,"6/6/26, 1:08 AM",,OUTGOING,https://www.linkedin.com/in/aditya-mehra-b8644b326,https://www.linkedin.com/in/simi-sarita-kerketta
Aditya Mehra,Afshan Jabeen,"6/6/26, 1:08 AM",,OUTGOING,https://www.linkedin.com/in/aditya-mehra-b8644b326,https://www.linkedin.com/in/afshanjabeen02
Aditya Mehra,Megavarna Governor,"6/6/26, 1:08 AM",,OUTGOING,https://www.linkedin.com/in/aditya-mehra-b8644b326,https://www.linkedin.com/in/megavarna-governor-b82b74239
Aditya Mehra,Neha Shukla,"6/6/26, 1:08 AM",,OUTGOING,https://www.linkedin.com/in/aditya-mehra-b8644b326,https://www.linkedin.com/in/neha-shukla-9001b095
Aditya Mehra,Prasanna C,"6/6/26, 1:08 AM",,OUTGOING,https://www.linkedin.com/in/aditya-mehra-b8644b326,https://www.linkedin.com/in/prasanna-c-5b02161ab
Aditya Mehra,Vini  Gupta Miglani,"6/6/26, 1:07 AM",,OUTGOING,https://www.linkedin.com/in/aditya-mehra-b8644b326,https://www.linkedin.com/in/vini-gupta-miglani-884302204
Aditya Mehra,Divya P,"6/6/26, 1:07 AM",,OUTGOING,https://www.linkedin.com/in/aditya-mehra-b8644b326,https://www.linkedin.com/in/divya-p-hr-recruiter-healthcare
Aditya Mehra,Anjali Rajpal,"6/6/26, 1:07 AM",,OUTGOING,https://www.linkedin.com/in/aditya-mehra-b8644b326,https://www.linkedin.com/in/anjali-rajpal
Aditya Mehra,Vidushi Sharma,"6/6/26, 1:07 AM",,OUTGOING,https://www.linkedin.com/in/aditya-mehra-b8644b326,https://www.linkedin.com/in/vidushi-sharma-6523101b4
Aditya Mehra,Dyan  Reji Mathew,"6/6/26, 1:06 AM",,OUTGOING,https://www.linkedin.com/in/aditya-mehra-b8644b326,https://www.linkedin.com/in/dyan-reji
Aditya Mehra,Shreya  Sen ,"6/6/26, 1:06 AM",,OUTGOING,https://www.linkedin.com/in/aditya-mehra-b8644b326,https://www.linkedin.com/in/shreyasen77
Aditya Mehra,Soumya Murali,"6/6/26, 1:06 AM",,OUTGOING,https://www.linkedin.com/in/aditya-mehra-b8644b326,https://www.linkedin.com/in/soumyamurali05
Aditya Mehra,Aradhana Pradhan,"6/6/26, 1:06 AM",,OUTGOING,https://www.linkedin.com/in/aditya-mehra-b8644b326,https://www.linkedin.com/in/aradhanapradhan
Aditya Mehra,Pravallika GS,"6/6/26, 1:06 AM",,OUTGOING,https://www.linkedin.com/in/aditya-mehra-b8644b326,https://www.linkedin.com/in/pravallika-gs-4375643a3
Aditya Mehra,Amisha Gupta,"6/6/26, 1:06 AM",,OUTGOING,https://www.linkedin.com/in/aditya-mehra-b8644b326,https://www.linkedin.com/in/amisha-gupta-327045231
Aditya Mehra,Atheena Prasoon M,"6/6/26, 1:06 AM",,OUTGOING,https://www.linkedin.com/in/aditya-mehra-b8644b326,https://www.linkedin.com/in/atheena-p-805721385
Aditya Mehra,Varsha Singhi,"6/6/26, 1:06 AM",,OUTGOING,https://www.linkedin.com/in/aditya-mehra-b8644b326,https://www.linkedin.com/in/varsha-singhi-24153b139
Aditya Mehra,Deekshitha A,"6/6/26, 1:05 AM",,OUTGOING,https://www.linkedin.com/in/aditya-mehra-b8644b326,https://www.linkedin.com/in/deekshitha-a-a062b7326
Aditya Mehra,Saumya Talwar,"6/6/26, 1:05 AM",,OUTGOING,https://www.linkedin.com/in/aditya-mehra-b8644b326,https://www.linkedin.com/in/saumya-talwar-b36537373
Aditya Mehra,Faustena S,"6/6/26, 1:05 AM",,OUTGOING,https://www.linkedin.com/in/aditya-mehra-b8644b326,https://www.linkedin.com/in/faustena-s
Aditya Mehra,Rekha Pachauri,"6/6/26, 1:05 AM",,OUTGOING,https://www.linkedin.com/in/aditya-mehra-b8644b326,https://www.linkedin.com/in/rekha-pachauri
Aditya Mehra,Sindhu Medarametla,"6/6/26, 1:05 AM",,OUTGOING,https://www.linkedin.com/in/aditya-mehra-b8644b326,https://www.linkedin.com/in/sindhu-medarametla-673526391
Aditya Mehra,Aadhya Maheshwari,"6/6/26, 1:05 AM",,OUTGOING,https://www.linkedin.com/in/aditya-mehra-b8644b326,https://www.linkedin.com/in/aadhya-maheshwari-203193380
Aditya Mehra,Isha Priya,"6/6/26, 1:05 AM",,OUTGOING,https://www.linkedin.com/in/aditya-mehra-b8644b326,https://www.linkedin.com/in/isha-priya-1a0734258
Aditya Mehra,Punarva U,"6/6/26, 1:05 AM",,OUTGOING,https://www.linkedin.com/in/aditya-mehra-b8644b326,https://www.linkedin.com/in/punarva-u12
Aditya Mehra,Ananya Jain,"6/6/26, 1:05 AM",,OUTGOING,https://www.linkedin.com/in/aditya-mehra-b8644b326,https://www.linkedin.com/in/ananya-jain-296119333
Aditya Mehra,Yukta Parsodkar,"6/6/26, 1:05 AM",,OUTGOING,https://www.linkedin.com/in/aditya-mehra-b8644b326,https://www.linkedin.com/in/yukta-parsodkar-9bb755314
Aditya Mehra,Suchithra Dass,"6/6/26, 1:05 AM",,OUTGOING,https://www.linkedin.com/in/aditya-mehra-b8644b326,https://www.linkedin.com/in/suchithra-dass31
Aditya Mehra,Shivani Menon,"6/6/26, 1:05 AM",,OUTGOING,https://www.linkedin.com/in/aditya-mehra-b8644b326,https://www.linkedin.com/in/shivanimenon008
Aditya Mehra,Arya Singh,"6/6/26, 1:05 AM",,OUTGOING,https://www.linkedin.com/in/aditya-mehra-b8644b326,https://www.linkedin.com/in/arya-singh1707
Aditya Mehra,Kajal Gangwar.,"6/6/26, 1:05 AM",,OUTGOING,https://www.linkedin.com/in/aditya-mehra-b8644b326,https://www.linkedin.com/in/kajal-gangwar-15766621b
Aditya Mehra,Lakhi M Rajpurohit ,"6/6/26, 1:05 AM",,OUTGOING,https://www.linkedin.com/in/aditya-mehra-b8644b326,https://www.linkedin.com/in/lakhi-m-rajpurohit-61a321374
Aditya Mehra,Mohsina Banu,"6/6/26, 1:04 AM",,OUTGOING,https://www.linkedin.com/in/aditya-mehra-b8644b326,https://www.linkedin.com/in/mohsina-banu-8969071a3
Aditya Mehra,Janyaa V Reddy,"6/6/26, 1:04 AM",,OUTGOING,https://www.linkedin.com/in/aditya-mehra-b8644b326,https://www.linkedin.com/in/janyaa-v-reddy-044174371
Aditya Mehra,Arnavi Jaiswal,"6/6/26, 1:04 AM",,OUTGOING,https://www.linkedin.com/in/aditya-mehra-b8644b326,https://www.linkedin.com/in/arnavi-jaiswal
Aditya Mehra,Punya Gowda,"6/6/26, 1:04 AM",,OUTGOING,https://www.linkedin.com/in/aditya-mehra-b8644b326,https://www.linkedin.com/in/punya-gowda-54b121397
Aditya Mehra,Sanvi Agrawal,"6/6/26, 1:04 AM",,OUTGOING,https://www.linkedin.com/in/aditya-mehra-b8644b326,https://www.linkedin.com/in/sanvi-agrawal-b8669a383
Aditya Mehra,Nandini Rathi,"6/6/26, 1:04 AM",,OUTGOING,https://www.linkedin.com/in/aditya-mehra-b8644b326,https://www.linkedin.com/in/nandini-rathi-4b32ab400
Aditya Mehra,Liya T Cariappa,"6/6/26, 1:04 AM",,OUTGOING,https://www.linkedin.com/in/aditya-mehra-b8644b326,https://www.linkedin.com/in/liya-t-cariappa-6a8834335
Aditya Mehra,akhila p s,"6/6/26, 1:04 AM",,OUTGOING,https://www.linkedin.com/in/aditya-mehra-b8644b326,https://www.linkedin.com/in/akhila-p-s-8406b7288
Aditya Mehra,Nandhini Sreenath,"6/4/26, 1:51 AM",,OUTGOING,https://www.linkedin.com/in/aditya-mehra-b8644b326,https://www.linkedin.com/in/nandhini-sreenath-469522267
Aditya Mehra,Aishwarya Verma,"6/2/26, 4:13 AM",,OUTGOING,https://www.linkedin.com/in/aditya-mehra-b8644b326,https://www.linkedin.com/in/aishwaryaverma2414417
Aditya Mehra,Pragya Singh,"6/2/26, 4:13 AM",,OUTGOING,https://www.linkedin.com/in/aditya-mehra-b8644b326,https://www.linkedin.com/in/pragya-singh-125887319
Aditya Mehra,Anusha Singh,"6/2/26, 4:12 AM",,OUTGOING,https://www.linkedin.com/in/aditya-mehra-b8644b326,https://www.linkedin.com/in/anusha-singh-bb317b219
Aditya Mehra,Anvitha  K Nambiar,"6/2/26, 4:13 AM",,OUTGOING,https://www.linkedin.com/in/aditya-mehra-b8644b326,https://www.linkedin.com/in/anvitha-k-nambiar-124805312
Aditya Mehra,Vidhi Khetrapal,"6/2/26, 4:13 AM",,OUTGOING,https://www.linkedin.com/in/aditya-mehra-b8644b326,https://www.linkedin.com/in/vidhi-khetrapal-470019294
Aditya Mehra,Nehal Ranka,"6/2/26, 4:13 AM",,OUTGOING,https://www.linkedin.com/in/aditya-mehra-b8644b326,https://www.linkedin.com/in/nehal-ranka-a11864315
Aditya Mehra,Ramya Bhakad,"6/2/26, 4:12 AM",,OUTGOING,https://www.linkedin.com/in/aditya-mehra-b8644b326,https://www.linkedin.com/in/ramya-bhakad-b06973181
Aditya Mehra,Cynthya D,"6/2/26, 4:13 AM",,OUTGOING,https://www.linkedin.com/in/aditya-mehra-b8644b326,https://www.linkedin.com/in/cynthya2004
Aditya Mehra,Charmi Halekya Korada,"6/2/26, 4:13 AM",,OUTGOING,https://www.linkedin.com/in/aditya-mehra-b8644b326,https://www.linkedin.com/in/charmi-halekya-korada-927b8132a
Aditya Mehra,Gunjan Buwa,"6/2/26, 4:12 AM",,OUTGOING,https://www.linkedin.com/in/aditya-mehra-b8644b326,https://www.linkedin.com/in/gunjan-buwa-98baa8304
Aditya Mehra,Tisha Jain,"6/2/26, 4:12 AM",,OUTGOING,https://www.linkedin.com/in/aditya-mehra-b8644b326,https://www.linkedin.com/in/tisha-jain-b7856a3a0
Aditya Mehra,Meryl Teresa Anthony,"6/2/26, 4:12 AM",,OUTGOING,https://www.linkedin.com/in/aditya-mehra-b8644b326,https://www.linkedin.com/in/meryl-teresa-anthony-0b2532305
Aditya Mehra,Linda Maria,"6/2/26, 4:12 AM",,OUTGOING,https://www.linkedin.com/in/aditya-mehra-b8644b326,https://www.linkedin.com/in/linda-maria-703695292
Aditya Mehra,Sadhika Mathur,"6/2/26, 4:12 AM",,OUTGOING,https://www.linkedin.com/in/aditya-mehra-b8644b326,https://www.linkedin.com/in/sadhika-mathur-66a950367
Aditya Mehra,Akshata Asopa,"6/2/26, 4:12 AM",,OUTGOING,https://www.linkedin.com/in/aditya-mehra-b8644b326,https://www.linkedin.com/in/akshata-asopa8
Aditya Mehra,Acheera Nisar,"6/2/26, 4:12 AM",,OUTGOING,https://www.linkedin.com/in/aditya-mehra-b8644b326,https://www.linkedin.com/in/acheera-nisar
Aditya Mehra,Suchismita Agarwal,"6/2/26, 4:12 AM",,OUTGOING,https://www.linkedin.com/in/aditya-mehra-b8644b326,https://www.linkedin.com/in/suchismita-agarwal-94741227a
Aditya Mehra,Navya  Prashanth ,"6/2/26, 4:12 AM",,OUTGOING,https://www.linkedin.com/in/aditya-mehra-b8644b326,https://www.linkedin.com/in/navya-prashanth-40a73320b
Aditya Mehra,Madhumita Mishra,"6/1/26, 6:35 AM",,OUTGOING,https://www.linkedin.com/in/aditya-mehra-b8644b326,https://www.linkedin.com/in/madhumita-mishra2097
Aditya Mehra,Anu K,"6/1/26, 6:35 AM",,OUTGOING,https://www.linkedin.com/in/aditya-mehra-b8644b326,https://www.linkedin.com/in/anu-k-a7514b169
Aditya Mehra,Geetanjali Srivastava,"6/1/26, 6:35 AM",,OUTGOING,https://www.linkedin.com/in/aditya-mehra-b8644b326,https://www.linkedin.com/in/geetanjali-srivastavaa
Aditya Mehra,Alisha Jena,"6/1/26, 6:35 AM",,OUTGOING,https://www.linkedin.com/in/aditya-mehra-b8644b326,https://www.linkedin.com/in/alisha-jena-8015a2226
Aditya Mehra,Deborah Sharon,"6/1/26, 6:35 AM",,OUTGOING,https://www.linkedin.com/in/aditya-mehra-b8644b326,https://www.linkedin.com/in/deborah-sharon
Aditya Mehra,Soni Verma,"6/1/26, 6:35 AM",,OUTGOING,https://www.linkedin.com/in/aditya-mehra-b8644b326,https://www.linkedin.com/in/soni-verma-b7b5ab1a4
Aditya Mehra,Ann Jose Neerackal,"6/1/26, 6:35 AM",,OUTGOING,https://www.linkedin.com/in/aditya-mehra-b8644b326,https://www.linkedin.com/in/ajohr
Aditya Mehra,Parkavi A,"6/1/26, 6:35 AM",,OUTGOING,https://www.linkedin.com/in/aditya-mehra-b8644b326,https://www.linkedin.com/in/parkavi-a
Aditya Mehra,Karishma Singh,"6/1/26, 6:35 AM",,OUTGOING,https://www.linkedin.com/in/aditya-mehra-b8644b326,https://www.linkedin.com/in/karishmasingh1619
Aditya Mehra,Marina Koshy,"6/1/26, 6:34 AM",,OUTGOING,https://www.linkedin.com/in/aditya-mehra-b8644b326,https://www.linkedin.com/in/marina-koshy-708b1817b
Aditya Mehra,Priya Madaan,"6/1/26, 6:34 AM",,OUTGOING,https://www.linkedin.com/in/aditya-mehra-b8644b326,https://www.linkedin.com/in/priya-madaan-100994110
Aditya Mehra,Sariska Panda ,"6/1/26, 6:34 AM",,OUTGOING,https://www.linkedin.com/in/aditya-mehra-b8644b326,https://www.linkedin.com/in/sariskapanda
Aditya Mehra,Anjusha Gireesh,"6/1/26, 6:34 AM",,OUTGOING,https://www.linkedin.com/in/aditya-mehra-b8644b326,https://www.linkedin.com/in/anjusha-gireesh-040b70225
Aditya Mehra,Preeti Thapa,"6/1/26, 6:34 AM",,OUTGOING,https://www.linkedin.com/in/aditya-mehra-b8644b326,https://www.linkedin.com/in/preeti-thapa-202592102
Aditya Mehra,Ann Mary George,"6/1/26, 6:34 AM",,OUTGOING,https://www.linkedin.com/in/aditya-mehra-b8644b326,https://www.linkedin.com/in/ann-mary-george7
Aditya Mehra,Divya Agarwal,"6/1/26, 6:34 AM",,OUTGOING,https://www.linkedin.com/in/aditya-mehra-b8644b326,https://www.linkedin.com/in/divya-agarwal-a038981a3
Aditya Mehra,Samhitha Sriharsha,"6/1/26, 6:34 AM",,OUTGOING,https://www.linkedin.com/in/aditya-mehra-b8644b326,https://www.linkedin.com/in/samhitha-sriharsha-b9ab1540b
Aditya Mehra,Joyce Elizabeth George,"6/1/26, 6:34 AM",,OUTGOING,https://www.linkedin.com/in/aditya-mehra-b8644b326,https://www.linkedin.com/in/joyce-elizabeth-george-510b9b272
Aditya Mehra,Siya Gupta,"6/1/26, 6:33 AM",,OUTGOING,https://www.linkedin.com/in/aditya-mehra-b8644b326,https://www.linkedin.com/in/siya-gupta-b73257287
Aditya Mehra,Shreya  Roy Choudhury ,"6/1/26, 6:34 AM",,OUTGOING,https://www.linkedin.com/in/aditya-mehra-b8644b326,https://www.linkedin.com/in/shreyaroychoudhury123
Aditya Mehra,Kritika  Patil,"6/1/26, 6:29 AM",,OUTGOING,https://www.linkedin.com/in/aditya-mehra-b8644b326,https://www.linkedin.com/in/kritika-patil-5b8281374
Aditya Mehra,Shanelle D'silva,"6/23/26, 4:21 AM",,OUTGOING,https://www.linkedin.com/in/aditya-mehra-b8644b326,https://www.linkedin.com/in/shanelle-d-silva-242427177
Aditya Mehra,Vedangi Mago,"6/1/26, 6:30 AM",,OUTGOING,https://www.linkedin.com/in/aditya-mehra-b8644b326,https://www.linkedin.com/in/vedangi-mago-277632352
Aditya Mehra,Pallavi J,"6/1/26, 6:29 AM",,OUTGOING,https://www.linkedin.com/in/aditya-mehra-b8644b326,https://www.linkedin.com/in/pallavi-j-604713356
Aditya Mehra,Supal Porwal,"6/1/26, 6:29 AM",,OUTGOING,https://www.linkedin.com/in/aditya-mehra-b8644b326,https://www.linkedin.com/in/supal-porwal-a72163318
Aditya Mehra,Ishita Baranwal,"6/1/26, 6:30 AM",,OUTGOING,https://www.linkedin.com/in/aditya-mehra-b8644b326,https://www.linkedin.com/in/ishita-baranwal-88b533219
Aditya Mehra,Shajol Elizabeth Roy,"6/1/26, 6:29 AM",,OUTGOING,https://www.linkedin.com/in/aditya-mehra-b8644b326,https://www.linkedin.com/in/shajol-elizabeth-roy-26ba68372
Aditya Mehra,Mahi Verma,"6/1/26, 6:29 AM",,OUTGOING,https://www.linkedin.com/in/aditya-mehra-b8644b326,https://www.linkedin.com/in/mahi-verma-172902320
Aditya Mehra,Smera Sharon,"6/1/26, 6:29 AM",,OUTGOING,https://www.linkedin.com/in/aditya-mehra-b8644b326,https://www.linkedin.com/in/smera-s-20628735a
Aditya Mehra,Akshaya  G,"6/1/26, 6:29 AM",,OUTGOING,https://www.linkedin.com/in/aditya-mehra-b8644b326,https://www.linkedin.com/in/akshaya-g-6a6055291
Aditya Mehra,Ishanvi Kapila,"6/1/26, 6:29 AM",,OUTGOING,https://www.linkedin.com/in/aditya-mehra-b8644b326,https://www.linkedin.com/in/ishanvi-kapila
Aditya Mehra,Roshni Ravindran,"6/1/26, 6:29 AM",,OUTGOING,https://www.linkedin.com/in/aditya-mehra-b8644b326,https://www.linkedin.com/in/roshni-ravindran-7545a5398
Aditya Mehra,Srija Anumoju,"6/1/26, 6:29 AM",,OUTGOING,https://www.linkedin.com/in/aditya-mehra-b8644b326,https://www.linkedin.com/in/srijaanumoju
Aditya Mehra,Avni Shah,"6/1/26, 6:29 AM",,OUTGOING,https://www.linkedin.com/in/aditya-mehra-b8644b326,https://www.linkedin.com/in/avnishah07
Aditya Mehra,Rumaisa Shariff,"6/1/26, 6:28 AM",,OUTGOING,https://www.linkedin.com/in/aditya-mehra-b8644b326,https://www.linkedin.com/in/rumaisashariff
Aditya Mehra,Khushbu Pathrabe,"6/1/26, 6:28 AM",,OUTGOING,https://www.linkedin.com/in/aditya-mehra-b8644b326,https://www.linkedin.com/in/khushbu-pathrabe-241596281
Aditya Mehra,Hazel Agarwal,"6/1/26, 6:29 AM",,OUTGOING,https://www.linkedin.com/in/aditya-mehra-b8644b326,https://www.linkedin.com/in/hazel-agarwal-b81879286
Aditya Mehra,Anastasiia Gaur,"6/1/26, 6:28 AM",,OUTGOING,https://www.linkedin.com/in/aditya-mehra-b8644b326,https://www.linkedin.com/in/anastasiia-gaur-367883194
Aditya Mehra,Anindita Panchal,"6/1/26, 6:28 AM",,OUTGOING,https://www.linkedin.com/in/aditya-mehra-b8644b326,https://www.linkedin.com/in/anindita-panchal-9b069b344
Aditya Mehra,Sanskriti sinha,"6/1/26, 6:28 AM",,OUTGOING,https://www.linkedin.com/in/aditya-mehra-b8644b326,https://www.linkedin.com/in/sanskritii29
Aditya Mehra,Subaaishwariya BL,"6/1/26, 6:28 AM",,OUTGOING,https://www.linkedin.com/in/aditya-mehra-b8644b326,https://www.linkedin.com/in/subaaishwariya-bl-12189a319
Aditya Mehra,Palak Bhattacharya,"6/1/26, 6:28 AM",,OUTGOING,https://www.linkedin.com/in/aditya-mehra-b8644b326,https://www.linkedin.com/in/palak-bhattacharya-46702a1b8
Aditya Mehra,Ritee Saha,"6/1/26, 6:28 AM",,OUTGOING,https://www.linkedin.com/in/aditya-mehra-b8644b326,https://www.linkedin.com/in/ritee-saha
Aditya Mehra,Manasa C,"6/1/26, 6:28 AM",,OUTGOING,https://www.linkedin.com/in/aditya-mehra-b8644b326,https://www.linkedin.com/in/manasa-c-b0664b342
Aditya Mehra,Rishika Chinta,"6/1/26, 6:28 AM",,OUTGOING,https://www.linkedin.com/in/aditya-mehra-b8644b326,https://www.linkedin.com/in/rishika-chinta-172469399
Aditya Mehra,Parul Bhushan,"6/1/26, 6:28 AM",,OUTGOING,https://www.linkedin.com/in/aditya-mehra-b8644b326,https://www.linkedin.com/in/parul-bhushan-7a2061218
Aditya Mehra,Dream Bhasin,"6/1/26, 6:28 AM",,OUTGOING,https://www.linkedin.com/in/aditya-mehra-b8644b326,https://www.linkedin.com/in/dream-bhasin
Aditya Mehra,Niyar Nayana Kashyap,"6/1/26, 6:28 AM",,OUTGOING,https://www.linkedin.com/in/aditya-mehra-b8644b326,https://www.linkedin.com/in/niyar-nayana-kashyap-147917381
Aditya Mehra,tanishka sahu,"6/1/26, 6:25 AM",,OUTGOING,https://www.linkedin.com/in/aditya-mehra-b8644b326,https://www.linkedin.com/in/tanishka-sahu-
Aditya Mehra,Anwesha Ray,"6/1/26, 6:26 AM",,OUTGOING,https://www.linkedin.com/in/aditya-mehra-b8644b326,https://www.linkedin.com/in/anwesha-ray-a0771b313
Aditya Mehra,Yukta H,"6/1/26, 6:26 AM",,OUTGOING,https://www.linkedin.com/in/aditya-mehra-b8644b326,https://www.linkedin.com/in/yukta-h-64b3862a4
Aditya Mehra,Ashmita  Singh,"6/1/26, 6:26 AM",,OUTGOING,https://www.linkedin.com/in/aditya-mehra-b8644b326,https://www.linkedin.com/in/ashmita-singh-2a4072210
Aditya Mehra,Esha Mayyia,"6/1/26, 6:25 AM",,OUTGOING,https://www.linkedin.com/in/aditya-mehra-b8644b326,https://www.linkedin.com/in/esha-mayyia-338552372
Aditya Mehra,Nikitha Mariya,"6/1/26, 6:25 AM",,OUTGOING,https://www.linkedin.com/in/aditya-mehra-b8644b326,https://www.linkedin.com/in/nikitha-mariya
Aditya Mehra,Nimisha Jain,"6/1/26, 6:25 AM",,OUTGOING,https://www.linkedin.com/in/aditya-mehra-b8644b326,https://www.linkedin.com/in/nimisha-jain-50137b198
Aditya Mehra,Devishi Mathur,"6/1/26, 6:25 AM",,OUTGOING,https://www.linkedin.com/in/aditya-mehra-b8644b326,https://www.linkedin.com/in/devishi-mathur-112145288
Aditya Mehra,Sanah Joseph,"6/1/26, 6:25 AM",,OUTGOING,https://www.linkedin.com/in/aditya-mehra-b8644b326,https://www.linkedin.com/in/sanah-joseph-01797b27a
Aditya Mehra,Sutapa Dey,"6/1/26, 6:25 AM",,OUTGOING,https://www.linkedin.com/in/aditya-mehra-b8644b326,https://www.linkedin.com/in/sutapa-dey-8332b5214
Aditya Mehra,KRITI .,"6/1/26, 6:25 AM",,OUTGOING,https://www.linkedin.com/in/aditya-mehra-b8644b326,https://www.linkedin.com/in/kritishrivastava20
Aditya Mehra,Vrushti Maru,"6/1/26, 6:25 AM",,OUTGOING,https://www.linkedin.com/in/aditya-mehra-b8644b326,https://www.linkedin.com/in/vrushti-maru-5194142b6
Aditya Mehra,Sharvani Tanikella,"6/1/26, 6:25 AM",,OUTGOING,https://www.linkedin.com/in/aditya-mehra-b8644b326,https://www.linkedin.com/in/sharvanitanikella
Aditya Mehra,Ananya Antony,"6/1/26, 6:25 AM",,OUTGOING,https://www.linkedin.com/in/aditya-mehra-b8644b326,https://www.linkedin.com/in/ananyaantony
Aditya Mehra,Shree Soni,"6/1/26, 6:25 AM",,OUTGOING,https://www.linkedin.com/in/aditya-mehra-b8644b326,https://www.linkedin.com/in/shree-soni-09b1703b6
Aditya Mehra,Nandini Lunia,"6/1/26, 6:25 AM",,OUTGOING,https://www.linkedin.com/in/aditya-mehra-b8644b326,https://www.linkedin.com/in/nandini-lunia-175644226
Aditya Mehra,Divyanshi Badoni,"6/1/26, 6:25 AM",,OUTGOING,https://www.linkedin.com/in/aditya-mehra-b8644b326,https://www.linkedin.com/in/divyanshi-badoni-1b1582381
Aditya Mehra,Harshitha S,"6/1/26, 6:25 AM",,OUTGOING,https://www.linkedin.com/in/aditya-mehra-b8644b326,https://www.linkedin.com/in/harshitha-s-b9a990371
Aditya Mehra,Maitree Handa,"6/1/26, 6:24 AM",,OUTGOING,https://www.linkedin.com/in/aditya-mehra-b8644b326,https://www.linkedin.com/in/maitreehanda
Aditya Mehra,Jyotshna Senthilkumar,"6/1/26, 6:24 AM",,OUTGOING,https://www.linkedin.com/in/aditya-mehra-b8644b326,https://www.linkedin.com/in/jyotshna-senthilkumar-67a222366
Aditya Mehra,Uvika Arora,"6/1/26, 6:24 AM",,OUTGOING,https://www.linkedin.com/in/aditya-mehra-b8644b326,https://www.linkedin.com/in/uvika-arora-63a3112ab
Aditya Mehra,Chandani Kumari,"6/1/26, 6:24 AM",,OUTGOING,https://www.linkedin.com/in/aditya-mehra-b8644b326,https://www.linkedin.com/in/chandani-k-338015308
Aditya Mehra,Neha Rajesh,"6/1/26, 6:24 AM",,OUTGOING,https://www.linkedin.com/in/aditya-mehra-b8644b326,https://www.linkedin.com/in/neharajesh184
Aditya Mehra,Sanaa Das,"6/1/26, 6:24 AM",,OUTGOING,https://www.linkedin.com/in/aditya-mehra-b8644b326,https://www.linkedin.com/in/sanaa-das-8923b73a0
Aditya Mehra,Haritha Madhu Nair,"6/1/26, 6:24 AM",,OUTGOING,https://www.linkedin.com/in/aditya-mehra-b8644b326,https://www.linkedin.com/in/haritha-madhu-nair-59a3b7348
Aditya Mehra,D Jaheera Bee,"6/1/26, 6:24 AM",,OUTGOING,https://www.linkedin.com/in/aditya-mehra-b8644b326,https://www.linkedin.com/in/d-jaheera-bee
Aditya Mehra,Gunn Tilwani,"6/1/26, 6:24 AM",,OUTGOING,https://www.linkedin.com/in/aditya-mehra-b8644b326,https://www.linkedin.com/in/gunn-tilwani-347413271
Aditya Mehra,Bidhushree Bhowmick,"6/1/26, 6:24 AM",,OUTGOING,https://www.linkedin.com/in/aditya-mehra-b8644b326,https://www.linkedin.com/in/bidhushree-bhowmick-b44b97310
Aditya Mehra,Yanni Li,"6/1/26, 6:24 AM",,OUTGOING,https://www.linkedin.com/in/aditya-mehra-b8644b326,https://www.linkedin.com/in/yanni-li-83a55b388
Aditya Mehra,Harshitha S,"6/1/26, 6:24 AM",,OUTGOING,https://www.linkedin.com/in/aditya-mehra-b8644b326,https://www.linkedin.com/in/harshitha-s-289257237
Aditya Mehra,Neeharika Kurup,"6/1/26, 6:24 AM",,OUTGOING,https://www.linkedin.com/in/aditya-mehra-b8644b326,https://www.linkedin.com/in/neeharika-k-14b978214
Aditya Mehra,Manashvini M,"6/1/26, 6:24 AM",,OUTGOING,https://www.linkedin.com/in/aditya-mehra-b8644b326,https://www.linkedin.com/in/manashvini-m-a9b525374
Aditya Mehra,Nain Maria Sherin,"6/1/26, 6:24 AM",,OUTGOING,https://www.linkedin.com/in/aditya-mehra-b8644b326,https://www.linkedin.com/in/nain-maria-sherin-5433b73bb
Aditya Mehra,Astha Raj,"6/1/26, 6:24 AM",,OUTGOING,https://www.linkedin.com/in/aditya-mehra-b8644b326,https://www.linkedin.com/in/astha-raj
Aditya Mehra,Samridhi Bisht,"6/1/26, 6:23 AM",,OUTGOING,https://www.linkedin.com/in/aditya-mehra-b8644b326,https://www.linkedin.com/in/samridhi-bisht
Aditya Mehra,Sudhamayi Ch.,"6/1/26, 6:24 AM",,OUTGOING,https://www.linkedin.com/in/aditya-mehra-b8644b326,https://www.linkedin.com/in/sudhamayich
Aditya Mehra,Roopam Sethi,"6/1/26, 6:23 AM",,OUTGOING,https://www.linkedin.com/in/aditya-mehra-b8644b326,https://www.linkedin.com/in/roopam-sethi-b29b9773
Aditya Mehra,Shreya Diwakar,"6/1/26, 6:23 AM",,OUTGOING,https://www.linkedin.com/in/aditya-mehra-b8644b326,https://www.linkedin.com/in/shreya-diwakar-2b78811a7
Aditya Mehra,Manreet Kaur,"6/1/26, 6:23 AM",,OUTGOING,https://www.linkedin.com/in/aditya-mehra-b8644b326,https://www.linkedin.com/in/manreet-kaur-475a65282
Aditya Mehra,viboosha vinod,"6/1/26, 6:23 AM",,OUTGOING,https://www.linkedin.com/in/aditya-mehra-b8644b326,https://www.linkedin.com/in/viboosha-vinod-5ab1a4217
Aditya Mehra,Ramneet Kaur,"6/1/26, 6:23 AM",,OUTGOING,https://www.linkedin.com/in/aditya-mehra-b8644b326,https://www.linkedin.com/in/ramneet-kaur-ba3a88382
Aditya Mehra,Vithiyashree. K -,"6/1/26, 6:23 AM",,OUTGOING,https://www.linkedin.com/in/aditya-mehra-b8644b326,https://www.linkedin.com/in/vithiyashree-k-7081a8372
Aditya Mehra,Saman Fathmi,"6/1/26, 6:23 AM",,OUTGOING,https://www.linkedin.com/in/aditya-mehra-b8644b326,https://www.linkedin.com/in/samanfathmi
Aditya Mehra,ASTHA SARROF,"6/1/26, 6:23 AM",,OUTGOING,https://www.linkedin.com/in/aditya-mehra-b8644b326,https://www.linkedin.com/in/astha-sarrof-95400a2a7
Aditya Mehra,Anshika Kumari,"6/1/26, 6:23 AM",,OUTGOING,https://www.linkedin.com/in/aditya-mehra-b8644b326,https://www.linkedin.com/in/anshika-kumari-662715378
Aditya Mehra,Prabha Jaiswal,"6/1/26, 6:23 AM",,OUTGOING,https://www.linkedin.com/in/aditya-mehra-b8644b326,https://www.linkedin.com/in/prabha-jaiswal-439738280
Aditya Mehra,Suchismita Dutta,"6/1/26, 6:23 AM",,OUTGOING,https://www.linkedin.com/in/aditya-mehra-b8644b326,https://www.linkedin.com/in/suchismita-dutta-b306111b4
Aditya Mehra,Rishimudra P,"6/1/26, 6:23 AM",,OUTGOING,https://www.linkedin.com/in/aditya-mehra-b8644b326,https://www.linkedin.com/in/rishimudra-p-00a436396
Aditya Mehra,Diya Gupta,"6/1/26, 6:23 AM",,OUTGOING,https://www.linkedin.com/in/aditya-mehra-b8644b326,https://www.linkedin.com/in/diya-gupta-4b5852306
Aditya Mehra,Reya  Madhukar,"6/1/26, 6:23 AM",,OUTGOING,https://www.linkedin.com/in/aditya-mehra-b8644b326,https://www.linkedin.com/in/reya-madhukar-1aabbb307
Aditya Mehra,Zainab Ali,"6/1/26, 6:23 AM",,OUTGOING,https://www.linkedin.com/in/aditya-mehra-b8644b326,https://www.linkedin.com/in/zainab-ali-6337b8191
Aditya Mehra,Chandana Priya,"6/1/26, 6:23 AM",,OUTGOING,https://www.linkedin.com/in/aditya-mehra-b8644b326,https://www.linkedin.com/in/chandanapriya1414
Aditya Mehra,Mrudula Jagadale,"6/1/26, 6:23 AM",,OUTGOING,https://www.linkedin.com/in/aditya-mehra-b8644b326,https://www.linkedin.com/in/mrudula-jagadale-511701317
Aditya Mehra,Bhavika Chandak,"6/1/26, 6:23 AM",,OUTGOING,https://www.linkedin.com/in/aditya-mehra-b8644b326,https://www.linkedin.com/in/bhavika-chandak-02589338a
Aditya Mehra,Sharanyaa Venkataraman,"6/1/26, 6:23 AM",,OUTGOING,https://www.linkedin.com/in/aditya-mehra-b8644b326,https://www.linkedin.com/in/sharanyaa-venkataraman-750b0635a
Aditya Mehra,Diya Malhotra,"6/1/26, 6:23 AM",,OUTGOING,https://www.linkedin.com/in/aditya-mehra-b8644b326,https://www.linkedin.com/in/diya-malhotra-090b61351
Aditya Mehra,Jyotsna Keshava murthy,"6/1/26, 6:23 AM",,OUTGOING,https://www.linkedin.com/in/aditya-mehra-b8644b326,https://www.linkedin.com/in/jyotsna-keshava-murthy-452ba1324
Aditya Mehra,Astha Tripathi,"6/1/26, 6:23 AM",,OUTGOING,https://www.linkedin.com/in/aditya-mehra-b8644b326,https://www.linkedin.com/in/astha-tripathi-74bb69273
Aditya Mehra,Darakshan Naazreen,"6/1/26, 6:22 AM",,OUTGOING,https://www.linkedin.com/in/aditya-mehra-b8644b326,https://www.linkedin.com/in/darakshan-naazreen-6917a416a
Aditya Mehra,Risha Mathrubai,"6/1/26, 6:22 AM",,OUTGOING,https://www.linkedin.com/in/aditya-mehra-b8644b326,https://www.linkedin.com/in/risha-mathrubai
Aditya Mehra,Alefiya M,"6/1/26, 6:22 AM",,OUTGOING,https://www.linkedin.com/in/aditya-mehra-b8644b326,https://www.linkedin.com/in/alefiya-m-2a7a3137b
Aditya Mehra,Dhwani Gera,"6/1/26, 6:22 AM",,OUTGOING,https://www.linkedin.com/in/aditya-mehra-b8644b326,https://www.linkedin.com/in/dhwani-gera-b2675736b
Aditya Mehra,Poorvi Hulloli,"6/1/26, 6:22 AM",,OUTGOING,https://www.linkedin.com/in/aditya-mehra-b8644b326,https://www.linkedin.com/in/poorvi-hulloli
Aditya Mehra,Jeya Sheela Padmanathan,"6/1/26, 6:22 AM",,OUTGOING,https://www.linkedin.com/in/aditya-mehra-b8644b326,https://www.linkedin.com/in/jeya-sheela-padmanathan-1822a2265
Aditya Mehra,Sonakshi Singh,"6/1/26, 6:22 AM",,OUTGOING,https://www.linkedin.com/in/aditya-mehra-b8644b326,https://www.linkedin.com/in/sonakshi-singh-7340ab393
Aditya Mehra,Rochana Raghotham,"6/1/26, 6:22 AM",,OUTGOING,https://www.linkedin.com/in/aditya-mehra-b8644b326,https://www.linkedin.com/in/rochana-raghotham
Aditya Mehra,Raima Paul,"6/1/26, 6:22 AM",,OUTGOING,https://www.linkedin.com/in/aditya-mehra-b8644b326,https://www.linkedin.com/in/raima-paul-269b423a0
Aditya Mehra,ARCHANA K S,"6/1/26, 6:22 AM",,OUTGOING,https://www.linkedin.com/in/aditya-mehra-b8644b326,https://www.linkedin.com/in/archana-k-s-b071892a4
Aditya Mehra,Aditi N,"6/23/26, 4:25 AM",,OUTGOING,https://www.linkedin.com/in/aditya-mehra-b8644b326,https://www.linkedin.com/in/aditi-n-3251b9302
Aditya Mehra,Samridhi Dokania,"6/1/26, 6:22 AM",,OUTGOING,https://www.linkedin.com/in/aditya-mehra-b8644b326,https://www.linkedin.com/in/samridhi-dokania
Aditya Mehra,Deepshikha Acharya,"5/29/26, 6:33 PM",,OUTGOING,https://www.linkedin.com/in/aditya-mehra-b8644b326,https://www.linkedin.com/in/deepshikha-acharya-b6bb15287
Aditya Mehra,Simran Rajshri,"5/29/26, 6:33 PM",,OUTGOING,https://www.linkedin.com/in/aditya-mehra-b8644b326,https://www.linkedin.com/in/simran-rajshri-2750493a0
Aditya Mehra,Tejaswini B,"5/29/26, 6:33 PM",,OUTGOING,https://www.linkedin.com/in/aditya-mehra-b8644b326,https://www.linkedin.com/in/tejaswini-b-558064302
Aditya Mehra,Maria Anushkha R,"5/29/26, 6:33 PM",,OUTGOING,https://www.linkedin.com/in/aditya-mehra-b8644b326,https://www.linkedin.com/in/maria-anushkha-r-187247331
Aditya Mehra,Disha singh,"5/29/26, 6:33 PM",,OUTGOING,https://www.linkedin.com/in/aditya-mehra-b8644b326,https://www.linkedin.com/in/disha-singh-42149432a
Aditya Mehra,Sanjana Reddy,"5/29/26, 6:33 PM",,OUTGOING,https://www.linkedin.com/in/aditya-mehra-b8644b326,https://www.linkedin.com/in/sanjana-reddy-35072a372
Aditya Mehra,Shreya Singhal,"5/29/26, 6:33 PM",,OUTGOING,https://www.linkedin.com/in/aditya-mehra-b8644b326,https://www.linkedin.com/in/shreya-singhal03
Aditya Mehra,Roopa Shree P,"5/29/26, 6:33 PM",,OUTGOING,https://www.linkedin.com/in/aditya-mehra-b8644b326,https://www.linkedin.com/in/roopa06
Aditya Mehra,Sahil Kumar,"5/29/26, 6:32 PM",,OUTGOING,https://www.linkedin.com/in/aditya-mehra-b8644b326,https://www.linkedin.com/in/sahillkumarrr
Aditya Mehra,Kiran Sagi,"6/23/26, 3:51 AM",,OUTGOING,https://www.linkedin.com/in/aditya-mehra-b8644b326,https://www.linkedin.com/in/kiran-sagi-a04284340
Aditya Mehra,Reyaa Shetty,"5/29/26, 6:32 PM",,OUTGOING,https://www.linkedin.com/in/aditya-mehra-b8644b326,https://www.linkedin.com/in/reyaashetty
Aditya Mehra,Lavanya Pareek,"5/29/26, 6:32 PM",,OUTGOING,https://www.linkedin.com/in/aditya-mehra-b8644b326,https://www.linkedin.com/in/lavanya-pareek-75807529a
Aditya Mehra,Srishti S Rao,"5/29/26, 6:32 PM",,OUTGOING,https://www.linkedin.com/in/aditya-mehra-b8644b326,https://www.linkedin.com/in/srishti-s-rao-b09189316
Aditya Mehra,Archi Mittal,"5/29/26, 6:32 PM",,OUTGOING,https://www.linkedin.com/in/aditya-mehra-b8644b326,https://www.linkedin.com/in/archi-mittal-380415298
Aditya Mehra,Aditya Garg,"5/29/26, 6:32 PM",,OUTGOING,https://www.linkedin.com/in/aditya-mehra-b8644b326,https://www.linkedin.com/in/aditya-garg-90255532b
Aditya Mehra,Isha Kumari,"5/29/26, 6:32 PM",,OUTGOING,https://www.linkedin.com/in/aditya-mehra-b8644b326,https://www.linkedin.com/in/isha-kumari-232750365
Aditya Mehra,Jusni George,"5/29/26, 6:32 PM",,OUTGOING,https://www.linkedin.com/in/aditya-mehra-b8644b326,https://www.linkedin.com/in/jusni-george
Aditya Mehra,Khushi Metrani,"5/29/26, 6:32 PM",,OUTGOING,https://www.linkedin.com/in/aditya-mehra-b8644b326,https://www.linkedin.com/in/khushi-metrani-294136351
Aditya Mehra,Deeksha BR,"5/29/26, 6:31 PM",,OUTGOING,https://www.linkedin.com/in/aditya-mehra-b8644b326,https://www.linkedin.com/in/deekshabr
Aditya Mehra,Hemakshi Jain,"5/29/26, 6:31 PM",,OUTGOING,https://www.linkedin.com/in/aditya-mehra-b8644b326,https://www.linkedin.com/in/hemakshi-jain-236630310
Aditya Mehra,Manasvi Kanwar,"5/29/26, 6:32 PM",,OUTGOING,https://www.linkedin.com/in/aditya-mehra-b8644b326,https://www.linkedin.com/in/manasvi-kanwar-6b46a436b
Aditya Mehra,Sriparna Ghosh,"5/29/26, 6:32 PM",,OUTGOING,https://www.linkedin.com/in/aditya-mehra-b8644b326,https://www.linkedin.com/in/sriparnaghosh01
Aditya Mehra,Monitha Kilari,"5/29/26, 6:32 PM",,OUTGOING,https://www.linkedin.com/in/aditya-mehra-b8644b326,https://www.linkedin.com/in/monitha-kilari
Aditya Mehra,Aryaman Baid,"5/29/26, 6:32 PM",,OUTGOING,https://www.linkedin.com/in/aditya-mehra-b8644b326,https://www.linkedin.com/in/aryaman-baid-706b7b374
Aditya Mehra,JYOTHIKA MERIN BABU,"5/29/26, 6:32 PM",,OUTGOING,https://www.linkedin.com/in/aditya-mehra-b8644b326,https://www.linkedin.com/in/jyothika-merin-babu-7a1588315
Aditya Mehra,Reona Dsouza,"5/29/26, 6:31 PM",,OUTGOING,https://www.linkedin.com/in/aditya-mehra-b8644b326,https://www.linkedin.com/in/reona-d-9b611a271
Aditya Mehra,Gayathri Jeevan,"5/29/26, 6:31 PM",,OUTGOING,https://www.linkedin.com/in/aditya-mehra-b8644b326,https://www.linkedin.com/in/gayathri-jeevan-26876226b
Aditya Mehra,Dinky Agarwal,"5/29/26, 6:31 PM",,OUTGOING,https://www.linkedin.com/in/aditya-mehra-b8644b326,https://www.linkedin.com/in/dinky-agarwal-1724661a7
Aditya Mehra,Chandana P,"5/29/26, 6:30 PM",,OUTGOING,https://www.linkedin.com/in/aditya-mehra-b8644b326,https://www.linkedin.com/in/chandana-p-085059285
Aditya Mehra,Kashvi Nayyar,"5/29/26, 6:30 PM",,OUTGOING,https://www.linkedin.com/in/aditya-mehra-b8644b326,https://www.linkedin.com/in/kashvi-nayyar-67b179374
Aditya Mehra,Sanjana S,"5/29/26, 6:30 PM",,OUTGOING,https://www.linkedin.com/in/aditya-mehra-b8644b326,https://www.linkedin.com/in/sanjana-s-4347ab3a6
Aditya Mehra,Kanak Lalchandani,"5/29/26, 6:29 PM",,OUTGOING,https://www.linkedin.com/in/aditya-mehra-b8644b326,https://www.linkedin.com/in/kanaklalchandani
Aditya Mehra,Aashita Gupta,"5/29/26, 6:29 PM",,OUTGOING,https://www.linkedin.com/in/aditya-mehra-b8644b326,https://www.linkedin.com/in/aashita-gupta-94b518372
Aditya Mehra,Namita Roy,"5/29/26, 6:29 PM",,OUTGOING,https://www.linkedin.com/in/aditya-mehra-b8644b326,https://www.linkedin.com/in/namitaroy
Aditya Mehra,Lavanya Praveen,"5/29/26, 6:29 PM",,OUTGOING,https://www.linkedin.com/in/aditya-mehra-b8644b326,https://www.linkedin.com/in/lavanya-praveen-a16020203
Aditya Mehra,Akshatha v,"5/29/26, 6:29 PM",,OUTGOING,https://www.linkedin.com/in/aditya-mehra-b8644b326,https://www.linkedin.com/in/akshatha-v-97a7b625a
Aditya Mehra,Kruthika Prakash,"5/29/26, 6:29 PM",,OUTGOING,https://www.linkedin.com/in/aditya-mehra-b8644b326,https://www.linkedin.com/in/contactkruthika23
Aditya Mehra,Triya Macha,"5/29/26, 6:29 PM",,OUTGOING,https://www.linkedin.com/in/aditya-mehra-b8644b326,https://www.linkedin.com/in/triya-macha-5373a8219
Aditya Mehra,Varsha Ravi,"5/29/26, 6:25 PM",,OUTGOING,https://www.linkedin.com/in/aditya-mehra-b8644b326,https://www.linkedin.com/in/varsha-ravi-9239512b9
Aditya Mehra,Peer Khadija Ateef,"5/29/26, 6:25 PM",,OUTGOING,https://www.linkedin.com/in/aditya-mehra-b8644b326,https://www.linkedin.com/in/peer-khadija-ateef-16b266406
Aditya Mehra,Aqsa Farhat,"5/29/26, 6:25 PM",,OUTGOING,https://www.linkedin.com/in/aditya-mehra-b8644b326,https://www.linkedin.com/in/aqsa-farhat-08a38828a
Aditya Mehra,Mehak Wasu,"5/29/26, 6:25 PM",,OUTGOING,https://www.linkedin.com/in/aditya-mehra-b8644b326,https://www.linkedin.com/in/mehak-wasu
Aditya Mehra,Niranjana Joshy,"5/29/26, 6:25 PM",,OUTGOING,https://www.linkedin.com/in/aditya-mehra-b8644b326,https://www.linkedin.com/in/niranjana-joshy-785b92376
Aditya Mehra,Suhani Bharara,"5/29/26, 6:24 PM",,OUTGOING,https://www.linkedin.com/in/aditya-mehra-b8644b326,https://www.linkedin.com/in/suhani-bharara-b90562349
Aditya Mehra,Damir Sethi,"5/29/26, 6:24 PM",,OUTGOING,https://www.linkedin.com/in/aditya-mehra-b8644b326,https://www.linkedin.com/in/damir-sethi
Aditya Mehra,Pushpangee Deka,"5/29/26, 6:24 PM",,OUTGOING,https://www.linkedin.com/in/aditya-mehra-b8644b326,https://www.linkedin.com/in/pushpangee-deka-5260b7213
Aditya Mehra,Neha Deka,"5/29/26, 6:24 PM",,OUTGOING,https://www.linkedin.com/in/aditya-mehra-b8644b326,https://www.linkedin.com/in/neha-deka-7532b3250
Aditya Mehra,Mariyam  Shajil,"5/29/26, 6:23 PM",,OUTGOING,https://www.linkedin.com/in/aditya-mehra-b8644b326,https://www.linkedin.com/in/mariyam-shajil-1107183b7
Aditya Mehra,Deepshika Salariya,"5/29/26, 6:24 PM",,OUTGOING,https://www.linkedin.com/in/aditya-mehra-b8644b326,https://www.linkedin.com/in/deepshika-salariya-199a49221
Aditya Mehra,Diya Sebastian,"5/29/26, 6:24 PM",,OUTGOING,https://www.linkedin.com/in/aditya-mehra-b8644b326,https://www.linkedin.com/in/diya-sebastian-9a8790285
Aditya Mehra,Sarah Roy Abraham,"5/29/26, 6:24 PM",,OUTGOING,https://www.linkedin.com/in/aditya-mehra-b8644b326,https://www.linkedin.com/in/sarah-roy-abraham
Aditya Mehra,Krina Vagadia,"5/29/26, 6:23 PM",,OUTGOING,https://www.linkedin.com/in/aditya-mehra-b8644b326,https://www.linkedin.com/in/krina-vagadia
Aditya Mehra,Monisha S,"5/29/26, 6:23 PM",,OUTGOING,https://www.linkedin.com/in/aditya-mehra-b8644b326,https://www.linkedin.com/in/monisha-s-01ba9b387
Aditya Mehra,Grace Magdoll,"5/29/26, 6:23 PM",,OUTGOING,https://www.linkedin.com/in/aditya-mehra-b8644b326,https://www.linkedin.com/in/grace-magdoll-ab979a395
Aditya Mehra,Alina Merin Jose,"5/29/26, 6:23 PM",,OUTGOING,https://www.linkedin.com/in/aditya-mehra-b8644b326,https://www.linkedin.com/in/alina-merin-jose-71a112387
Aditya Mehra,Evana Elizabeth George,"5/29/26, 6:23 PM",,OUTGOING,https://www.linkedin.com/in/aditya-mehra-b8644b326,https://www.linkedin.com/in/evanaelz
Aditya Mehra,Krina Patel,"5/29/26, 6:23 PM",,OUTGOING,https://www.linkedin.com/in/aditya-mehra-b8644b326,https://www.linkedin.com/in/krina-patel-030a583ab
Aditya Mehra,Ragamya Sood,"5/29/26, 6:23 PM",,OUTGOING,https://www.linkedin.com/in/aditya-mehra-b8644b326,https://www.linkedin.com/in/ragamya-sood-6486b7370
Aditya Mehra,Jahnavi Ginka,"5/29/26, 6:23 PM",,OUTGOING,https://www.linkedin.com/in/aditya-mehra-b8644b326,https://www.linkedin.com/in/jahnavi-ginka-519838384
Aditya Mehra,Hetali Bhedda,"5/29/26, 6:23 PM",,OUTGOING,https://www.linkedin.com/in/aditya-mehra-b8644b326,https://www.linkedin.com/in/hetali-bhedda-aa57ba36b
Aditya Mehra,Saanvi Preetham,"5/29/26, 6:23 PM",,OUTGOING,https://www.linkedin.com/in/aditya-mehra-b8644b326,https://www.linkedin.com/in/saanvipreetham
Aditya Mehra,Rhea Shetty,"5/29/26, 6:22 PM",,OUTGOING,https://www.linkedin.com/in/aditya-mehra-b8644b326,https://www.linkedin.com/in/rhea-shetty-7a9127375
Aditya Mehra,Charuka P,"5/29/26, 6:23 PM",,OUTGOING,https://www.linkedin.com/in/aditya-mehra-b8644b326,https://www.linkedin.com/in/charuka-p
Aditya Mehra,Emerin Davis,"5/29/26, 6:23 PM",,OUTGOING,https://www.linkedin.com/in/aditya-mehra-b8644b326,https://www.linkedin.com/in/emerin-davis-89b862288
Aditya Mehra,Sonia .,"5/29/26, 6:23 PM",,OUTGOING,https://www.linkedin.com/in/aditya-mehra-b8644b326,https://www.linkedin.com/in/sonia-10020b324
Aditya Mehra,Harshita Devadiga,"5/29/26, 6:22 PM",,OUTGOING,https://www.linkedin.com/in/aditya-mehra-b8644b326,https://www.linkedin.com/in/harshita-devadiga-1ab8a6346
Aditya Mehra,Apoorva Rao,"5/29/26, 6:22 PM",,OUTGOING,https://www.linkedin.com/in/aditya-mehra-b8644b326,https://www.linkedin.com/in/apoorvarao18
Aditya Mehra,Chaya. M,"5/29/26, 6:22 PM",,OUTGOING,https://www.linkedin.com/in/aditya-mehra-b8644b326,https://www.linkedin.com/in/chaya-m-188144227
Aditya Mehra,Vinutha R,"5/29/26, 6:22 PM",,OUTGOING,https://www.linkedin.com/in/aditya-mehra-b8644b326,https://www.linkedin.com/in/r-vinutha
Aditya Mehra,Varshitha sr,"5/29/26, 6:22 PM",,OUTGOING,https://www.linkedin.com/in/aditya-mehra-b8644b326,https://www.linkedin.com/in/varshitha-sr-722a06257
Aditya Mehra,Disha A,"5/28/26, 6:41 AM",,OUTGOING,https://www.linkedin.com/in/aditya-mehra-b8644b326,https://www.linkedin.com/in/disha-a-b42267272
Aditya Mehra,Syeda Gul Fatima,"5/28/26, 6:41 AM",,OUTGOING,https://www.linkedin.com/in/aditya-mehra-b8644b326,https://www.linkedin.com/in/syeda-gul-fatima-417097334
Aditya Mehra,P Asna _,"5/28/26, 6:41 AM",,OUTGOING,https://www.linkedin.com/in/aditya-mehra-b8644b326,https://www.linkedin.com/in/p-asna-3778b2304
Aditya Mehra,Sneha Gour,"5/28/26, 6:41 AM",,OUTGOING,https://www.linkedin.com/in/aditya-mehra-b8644b326,https://www.linkedin.com/in/sneha-gour-065144340
Aditya Mehra,Navya Singh,"5/28/26, 6:41 AM",,OUTGOING,https://www.linkedin.com/in/aditya-mehra-b8644b326,https://www.linkedin.com/in/navya-singh-b053853a4
Aditya Mehra,Ashna Aggarwal,"5/28/26, 6:41 AM",,OUTGOING,https://www.linkedin.com/in/aditya-mehra-b8644b326,https://www.linkedin.com/in/ashna-aggarwal18
Aditya Mehra,Mariya Mysticka,"5/28/26, 6:41 AM",,OUTGOING,https://www.linkedin.com/in/aditya-mehra-b8644b326,https://www.linkedin.com/in/mariya-mysticka
Aditya Mehra,Vanshika Arora,"5/28/26, 6:40 AM",,OUTGOING,https://www.linkedin.com/in/aditya-mehra-b8644b326,https://www.linkedin.com/in/vanshika-arora-8935a2367
Aditya Mehra,Hrishita Goyal,"5/28/26, 6:40 AM",,OUTGOING,https://www.linkedin.com/in/aditya-mehra-b8644b326,https://www.linkedin.com/in/hrishita-goyal-36babb315
Aditya Mehra,Vaidehi Raut,"5/28/26, 6:40 AM",,OUTGOING,https://www.linkedin.com/in/aditya-mehra-b8644b326,https://www.linkedin.com/in/vaidehiraut
Aditya Mehra,Pavithra Sathya ,"5/28/26, 6:40 AM",,OUTGOING,https://www.linkedin.com/in/aditya-mehra-b8644b326,https://www.linkedin.com/in/pavisathya
Aditya Mehra,Aishwarya R,"5/28/26, 6:40 AM",,OUTGOING,https://www.linkedin.com/in/aditya-mehra-b8644b326,https://www.linkedin.com/in/aishwarya-r-936918367
Aditya Mehra,Diya Chawlla,"5/28/26, 6:40 AM",,OUTGOING,https://www.linkedin.com/in/aditya-mehra-b8644b326,https://www.linkedin.com/in/diya-chawlla-02571a355
Aditya Mehra,Amulya Prativada,"5/28/26, 6:40 AM",,OUTGOING,https://www.linkedin.com/in/aditya-mehra-b8644b326,https://www.linkedin.com/in/amulya-prativada-0a5884375
Aditya Mehra,Elna Benny,"5/28/26, 6:40 AM",,OUTGOING,https://www.linkedin.com/in/aditya-mehra-b8644b326,https://www.linkedin.com/in/elna-benny-77616b2a3
Aditya Mehra,Sreelaxmi Nair,"5/28/26, 6:40 AM",,OUTGOING,https://www.linkedin.com/in/aditya-mehra-b8644b326,https://www.linkedin.com/in/sreelaxmi-nair-26966b27b
Aditya Mehra,Prabhleen Kaur Mundra,"5/28/26, 6:39 AM",,OUTGOING,https://www.linkedin.com/in/aditya-mehra-b8644b326,https://www.linkedin.com/in/prabhleenmundra
Aditya Mehra,Ummadi Siri Chandana,"5/28/26, 6:39 AM",,OUTGOING,https://www.linkedin.com/in/aditya-mehra-b8644b326,https://www.linkedin.com/in/ummadisiri
Aditya Mehra,Sarah Robin,"5/28/26, 6:40 AM",,OUTGOING,https://www.linkedin.com/in/aditya-mehra-b8644b326,https://www.linkedin.com/in/sarah-robin-826035341
Aditya Mehra,Shreeyaa R S,"5/28/26, 6:39 AM",,OUTGOING,https://www.linkedin.com/in/aditya-mehra-b8644b326,https://www.linkedin.com/in/shreeyaa-r-s-58451937a
Aditya Mehra,Disha Garg,"5/28/26, 6:39 AM",,OUTGOING,https://www.linkedin.com/in/aditya-mehra-b8644b326,https://www.linkedin.com/in/disha-garg-10b212335
Aditya Mehra,Ishita Chatterjee,"5/28/26, 6:39 AM",,OUTGOING,https://www.linkedin.com/in/aditya-mehra-b8644b326,https://www.linkedin.com/in/ishita-chatterjee-
Aditya Mehra,Aarushi Kumari,"5/28/26, 6:39 AM",,OUTGOING,https://www.linkedin.com/in/aditya-mehra-b8644b326,https://www.linkedin.com/in/aarushi-kumari-9517983a3
Aditya Mehra,Khushi Rungta,"5/28/26, 6:39 AM",,OUTGOING,https://www.linkedin.com/in/aditya-mehra-b8644b326,https://www.linkedin.com/in/khushi-rungta-235710219
Aditya Mehra,Shreya Saha,"5/28/26, 6:39 AM",,OUTGOING,https://www.linkedin.com/in/aditya-mehra-b8644b326,https://www.linkedin.com/in/shreya-saha-325857311
Aditya Mehra,Saikat Pradhan,"5/28/26, 6:39 AM",,OUTGOING,https://www.linkedin.com/in/aditya-mehra-b8644b326,https://www.linkedin.com/in/saikat-pradhan-584189293
Aditya Mehra,Atulit Rathi,"5/28/26, 6:39 AM",,OUTGOING,https://www.linkedin.com/in/aditya-mehra-b8644b326,https://www.linkedin.com/in/atulit-rathi-ab5664371
Aditya Mehra,Hema Bandyopadhyay,"5/28/26, 6:39 AM",,OUTGOING,https://www.linkedin.com/in/aditya-mehra-b8644b326,https://www.linkedin.com/in/hema-bandyopadhyay-b92a70346
Aditya Mehra,Vandhana Vijayakumar,"5/28/26, 6:39 AM",,OUTGOING,https://www.linkedin.com/in/aditya-mehra-b8644b326,https://www.linkedin.com/in/vandhana-vijayakumar
Aditya Mehra,Godala Ashritha,"5/28/26, 6:39 AM",,OUTGOING,https://www.linkedin.com/in/aditya-mehra-b8644b326,https://www.linkedin.com/in/godala-ashritha
Aditya Mehra,ANASWARA OBRIN,"5/28/26, 6:39 AM",,OUTGOING,https://www.linkedin.com/in/aditya-mehra-b8644b326,https://www.linkedin.com/in/anaswara-obrin
Aditya Mehra,Lakshita .,"5/28/26, 6:39 AM",,OUTGOING,https://www.linkedin.com/in/aditya-mehra-b8644b326,https://www.linkedin.com/in/lakshita-v
Aditya Mehra,Gaurree Raynukkdas,"5/28/26, 6:39 AM",,OUTGOING,https://www.linkedin.com/in/aditya-mehra-b8644b326,https://www.linkedin.com/in/gaurree-raynukkdas
Aditya Mehra,Baishali Choudhury,"5/28/26, 6:39 AM",,OUTGOING,https://www.linkedin.com/in/aditya-mehra-b8644b326,https://www.linkedin.com/in/baishali-choudhury
Aditya Mehra,Harshul Gupta,"5/28/26, 6:37 AM",,OUTGOING,https://www.linkedin.com/in/aditya-mehra-b8644b326,https://www.linkedin.com/in/harshul-gupta-6a8455397
Aditya Mehra,Sharon Viju,"5/28/26, 6:36 AM",,OUTGOING,https://www.linkedin.com/in/aditya-mehra-b8644b326,https://www.linkedin.com/in/sharon-viju-50430421a
Aditya Mehra,RUDRA AKHARE,"5/28/26, 6:36 AM",,OUTGOING,https://www.linkedin.com/in/aditya-mehra-b8644b326,https://www.linkedin.com/in/rudra-akhare-328460269
Aditya Mehra,Aastik  Khurana,"5/28/26, 6:37 AM",,OUTGOING,https://www.linkedin.com/in/aditya-mehra-b8644b326,https://www.linkedin.com/in/aastik-khurana-a71b58211
Aditya Mehra,Yuvaraj Dyamannavar,"5/28/26, 6:36 AM",,OUTGOING,https://www.linkedin.com/in/aditya-mehra-b8644b326,https://www.linkedin.com/in/yuvaraj-dyamannavar-952723313
Aditya Mehra,Arsh Sahil,"5/28/26, 6:36 AM",,OUTGOING,https://www.linkedin.com/in/aditya-mehra-b8644b326,https://www.linkedin.com/in/arsh-sahil-a90754349
Aditya Mehra,Mahin Mohanty,"5/28/26, 6:36 AM",,OUTGOING,https://www.linkedin.com/in/aditya-mehra-b8644b326,https://www.linkedin.com/in/mahinmohanty
Aditya Mehra,Sharone Sahu,"5/28/26, 6:35 AM",,OUTGOING,https://www.linkedin.com/in/aditya-mehra-b8644b326,https://www.linkedin.com/in/sharone-sahu-b9aa5b244
Aditya Mehra,Viveka P S ,"5/28/26, 6:36 AM",,OUTGOING,https://www.linkedin.com/in/aditya-mehra-b8644b326,https://www.linkedin.com/in/viveka-p-s-319b18335
Aditya Mehra,Palak Thourani,"5/28/26, 6:35 AM",,OUTGOING,https://www.linkedin.com/in/aditya-mehra-b8644b326,https://www.linkedin.com/in/palak-thourani-113065266
Aditya Mehra,Binita Majhi,"5/28/26, 6:35 AM",,OUTGOING,https://www.linkedin.com/in/aditya-mehra-b8644b326,https://www.linkedin.com/in/binita-majhi-472a16201
Aditya Mehra,Aksa Maria Paul,"5/28/26, 6:35 AM",,OUTGOING,https://www.linkedin.com/in/aditya-mehra-b8644b326,https://www.linkedin.com/in/aksa-maria-paul
Aditya Mehra,Jinsa Johnson David,"5/28/26, 6:35 AM",,OUTGOING,https://www.linkedin.com/in/aditya-mehra-b8644b326,https://www.linkedin.com/in/jinsa-johnson-david-779b9826b
Aditya Mehra,Ananya K,"5/28/26, 6:35 AM",,OUTGOING,https://www.linkedin.com/in/aditya-mehra-b8644b326,https://www.linkedin.com/in/ananyak5906
Aditya Mehra,Priyal Dave,"5/28/26, 6:35 AM",,OUTGOING,https://www.linkedin.com/in/aditya-mehra-b8644b326,https://www.linkedin.com/in/priyal-dave-177443371
Aditya Mehra,Akshaya S,"5/28/26, 6:35 AM",,OUTGOING,https://www.linkedin.com/in/aditya-mehra-b8644b326,https://www.linkedin.com/in/akshaya-s-770374319
Aditya Mehra,Sagun Samal,"5/28/26, 6:35 AM",,OUTGOING,https://www.linkedin.com/in/aditya-mehra-b8644b326,https://www.linkedin.com/in/sagun-samal
Aditya Mehra,Sinjini Dutt,"5/28/26, 6:35 AM",,OUTGOING,https://www.linkedin.com/in/aditya-mehra-b8644b326,https://www.linkedin.com/in/sinjini-dutt-163017376
Aditya Mehra,Raveena Nair,"5/28/26, 6:35 AM",,OUTGOING,https://www.linkedin.com/in/aditya-mehra-b8644b326,https://www.linkedin.com/in/raveena-nair-063a05403
Aditya Mehra,Disha Jain,"5/28/26, 6:35 AM",,OUTGOING,https://www.linkedin.com/in/aditya-mehra-b8644b326,https://www.linkedin.com/in/disha-jain-94241b27b
Aditya Mehra,Aryan Khosla,"5/28/26, 6:35 AM",,OUTGOING,https://www.linkedin.com/in/aditya-mehra-b8644b326,https://www.linkedin.com/in/aryan-khosla-7129982b8
Aditya Mehra,Shreya Sarda,"5/28/26, 6:35 AM",,OUTGOING,https://www.linkedin.com/in/aditya-mehra-b8644b326,https://www.linkedin.com/in/shreya-sarda-557715354
Aditya Mehra,Mayank Agarwal,"5/28/26, 6:35 AM",,OUTGOING,https://www.linkedin.com/in/aditya-mehra-b8644b326,https://www.linkedin.com/in/mayank-agarwal-aa611236a
Aditya Mehra,Shagun Sharma,"5/28/26, 6:35 AM",,OUTGOING,https://www.linkedin.com/in/aditya-mehra-b8644b326,https://www.linkedin.com/in/shagunsharma1503
Aditya Mehra,Reyog Rai,"5/28/26, 6:35 AM",,OUTGOING,https://www.linkedin.com/in/aditya-mehra-b8644b326,https://www.linkedin.com/in/reyog-rai-0940bb368
Aditya Mehra,Velika Jain,"5/28/26, 6:35 AM",,OUTGOING,https://www.linkedin.com/in/aditya-mehra-b8644b326,https://www.linkedin.com/in/velika-jain-a20b23291
Aditya Mehra,Dharshni R,"5/28/26, 6:35 AM",,OUTGOING,https://www.linkedin.com/in/aditya-mehra-b8644b326,https://www.linkedin.com/in/dharshni-r-2b88b6326
Aditya Mehra,Dharmika  HB,"5/28/26, 6:35 AM",,OUTGOING,https://www.linkedin.com/in/aditya-mehra-b8644b326,https://www.linkedin.com/in/dharmika-hb-5ba8251a9
Aditya Mehra,Nithya priya,"5/28/26, 6:35 AM",,OUTGOING,https://www.linkedin.com/in/aditya-mehra-b8644b326,https://www.linkedin.com/in/nithya-priya-18166a2a1
Aditya Mehra,Gita k,"5/28/26, 6:34 AM",,OUTGOING,https://www.linkedin.com/in/aditya-mehra-b8644b326,https://www.linkedin.com/in/gita-k-1b2700245
Aditya Mehra,Aishwarya Dhaul,"5/28/26, 6:34 AM",,OUTGOING,https://www.linkedin.com/in/aditya-mehra-b8644b326,https://www.linkedin.com/in/aishwarya-dhaul-430755300
Aditya Mehra,Sai Sharanya Dash,"5/28/26, 6:35 AM",,OUTGOING,https://www.linkedin.com/in/aditya-mehra-b8644b326,https://www.linkedin.com/in/sai-sharanya-dash-6175b6257
Aditya Mehra,Shaurya Arora,"5/28/26, 6:35 AM",,OUTGOING,https://www.linkedin.com/in/aditya-mehra-b8644b326,https://www.linkedin.com/in/shaurya-arora-325a0b284
Aditya Mehra,Sargundeep Singh,"5/28/26, 6:35 AM",,OUTGOING,https://www.linkedin.com/in/aditya-mehra-b8644b326,https://www.linkedin.com/in/sargundeep-singh-baa696216
Aditya Mehra,Sanskriti Joshi,"5/28/26, 6:34 AM",,OUTGOING,https://www.linkedin.com/in/aditya-mehra-b8644b326,https://www.linkedin.com/in/sanskritijoshi7
Aditya Mehra,Tithi Thakkar,"5/28/26, 6:34 AM",,OUTGOING,https://www.linkedin.com/in/aditya-mehra-b8644b326,https://www.linkedin.com/in/tithi-thakkar-269a5337b
Aditya Mehra,Tejaswini N,"5/28/26, 6:34 AM",,OUTGOING,https://www.linkedin.com/in/aditya-mehra-b8644b326,https://www.linkedin.com/in/tejaswini-n-3a4a23344
Aditya Mehra,Arpitha Sharma,"5/28/26, 6:34 AM",,OUTGOING,https://www.linkedin.com/in/aditya-mehra-b8644b326,https://www.linkedin.com/in/arpitha-sharma-518008368
Aditya Mehra,Rose K Shaju,"5/28/26, 6:34 AM",,OUTGOING,https://www.linkedin.com/in/aditya-mehra-b8644b326,https://www.linkedin.com/in/rose-k-shaju-324357377
Aditya Mehra,Jodha  R N,"5/28/26, 6:34 AM",,OUTGOING,https://www.linkedin.com/in/aditya-mehra-b8644b326,https://www.linkedin.com/in/jodha-r-n
Aditya Mehra,Harshita Swain,"5/28/26, 6:34 AM",,OUTGOING,https://www.linkedin.com/in/aditya-mehra-b8644b326,https://www.linkedin.com/in/harshita-swain
Aditya Mehra,Sama Suresh,"5/28/26, 6:34 AM",,OUTGOING,https://www.linkedin.com/in/aditya-mehra-b8644b326,https://www.linkedin.com/in/sama-suresh-40b7122a8
Aditya Mehra,Kaashvi Mehrotra,"5/28/26, 6:34 AM",,OUTGOING,https://www.linkedin.com/in/aditya-mehra-b8644b326,https://www.linkedin.com/in/kaashvi-mehrotra
Aditya Mehra,Urchita Hazarika,"5/28/26, 6:34 AM",,OUTGOING,https://www.linkedin.com/in/aditya-mehra-b8644b326,https://www.linkedin.com/in/urchita-hazarika-2b62a4356
Aditya Mehra,Trishali Ganguly,"5/28/26, 6:34 AM",,OUTGOING,https://www.linkedin.com/in/aditya-mehra-b8644b326,https://www.linkedin.com/in/trishali-ganguly-676407301
Aditya Mehra,SIFAT PURI,"5/28/26, 6:34 AM",,OUTGOING,https://www.linkedin.com/in/aditya-mehra-b8644b326,https://www.linkedin.com/in/sifat-puri-2b4905395
Aditya Mehra,Sujana Paravasthu,"5/28/26, 6:34 AM",,OUTGOING,https://www.linkedin.com/in/aditya-mehra-b8644b326,https://www.linkedin.com/in/sujana-paravasthu
Aditya Mehra,Sarah Topiwala,"5/28/26, 6:34 AM",,OUTGOING,https://www.linkedin.com/in/aditya-mehra-b8644b326,https://www.linkedin.com/in/sarah-topiwala-336556395
Aditya Mehra,Atulya Khare,"5/28/26, 6:34 AM",,OUTGOING,https://www.linkedin.com/in/aditya-mehra-b8644b326,https://www.linkedin.com/in/atulya-khare-63a645340
Aditya Mehra,Lakshmi Priya Hasini Kuravi,"5/28/26, 6:34 AM",,OUTGOING,https://www.linkedin.com/in/aditya-mehra-b8644b326,https://www.linkedin.com/in/lakshmi-priya-hasini-kuravi-16a36b208
Aditya Mehra,pinki tayal,"5/28/26, 6:34 AM",,OUTGOING,https://www.linkedin.com/in/aditya-mehra-b8644b326,https://www.linkedin.com/in/pinki-tayal-481b9b301
Aditya Mehra,Sarah Gonsalves,"5/28/26, 6:34 AM",,OUTGOING,https://www.linkedin.com/in/aditya-mehra-b8644b326,https://www.linkedin.com/in/sarah-gonsalves-790b64363
Aditya Mehra,Mahee Deogade,"5/28/26, 6:34 AM",,OUTGOING,https://www.linkedin.com/in/aditya-mehra-b8644b326,https://www.linkedin.com/in/mahee-deogade-a98a07381
Aditya Mehra,Ayesha Siddiqa,"5/28/26, 6:34 AM",,OUTGOING,https://www.linkedin.com/in/aditya-mehra-b8644b326,https://www.linkedin.com/in/ayesha-siddiqa-890a5636b
Aditya Mehra,Navya Shukla,"5/28/26, 6:33 AM",,OUTGOING,https://www.linkedin.com/in/aditya-mehra-b8644b326,https://www.linkedin.com/in/navya-shukla-b30850318
Aditya Mehra,Aashi Gupta,"5/28/26, 6:33 AM",,OUTGOING,https://www.linkedin.com/in/aditya-mehra-b8644b326,https://www.linkedin.com/in/aashi-gupta-0b786430b
Aditya Mehra,Shweta Gavisiddeshwara Hiremath,"5/28/26, 6:33 AM",,OUTGOING,https://www.linkedin.com/in/aditya-mehra-b8644b326,https://www.linkedin.com/in/shweta-gavisiddeshwara-hiremath-57134137b
Aditya Mehra,Aayushi Mandal,"5/28/26, 6:33 AM",,OUTGOING,https://www.linkedin.com/in/aditya-mehra-b8644b326,https://www.linkedin.com/in/aayushi-mandal-21f
Aditya Mehra,Priya Prasad,"5/28/26, 6:33 AM",,OUTGOING,https://www.linkedin.com/in/aditya-mehra-b8644b326,https://www.linkedin.com/in/priya-prasad-1a8a20253
Aditya Mehra,Harini Sankaranarayanan,"5/28/26, 6:33 AM",,OUTGOING,https://www.linkedin.com/in/aditya-mehra-b8644b326,https://www.linkedin.com/in/harinisan
Aditya Mehra,Priyanka Aggarwal,"5/28/26, 6:33 AM",,OUTGOING,https://www.linkedin.com/in/aditya-mehra-b8644b326,https://www.linkedin.com/in/priyanka-aggarwal-913a36283
Aditya Mehra,Anna Jose,"5/28/26, 6:33 AM",,OUTGOING,https://www.linkedin.com/in/aditya-mehra-b8644b326,https://www.linkedin.com/in/jose-anna
Aditya Mehra,Vidhi Sarawgi,"5/28/26, 6:33 AM",,OUTGOING,https://www.linkedin.com/in/aditya-mehra-b8644b326,https://www.linkedin.com/in/vidhisarawgi
Aditya Mehra,Diya Bhattacharya,"5/28/26, 6:33 AM",,OUTGOING,https://www.linkedin.com/in/aditya-mehra-b8644b326,https://www.linkedin.com/in/diya-bhattacharya-01a76b343
Aditya Mehra,Mann Dhyani,"5/28/26, 6:33 AM",,OUTGOING,https://www.linkedin.com/in/aditya-mehra-b8644b326,https://www.linkedin.com/in/mann-dhyani-0538742a1
Aditya Mehra,Sarnali Saha,"5/28/26, 6:33 AM",,OUTGOING,https://www.linkedin.com/in/aditya-mehra-b8644b326,https://www.linkedin.com/in/sarnalisaha
Aditya Mehra,Lovely Agarwal,"5/28/26, 6:33 AM",,OUTGOING,https://www.linkedin.com/in/aditya-mehra-b8644b326,https://www.linkedin.com/in/lovely-agarwal-570936327
Aditya Mehra,Bindu Varshini M,"5/27/26, 7:48 AM",,OUTGOING,https://www.linkedin.com/in/aditya-mehra-b8644b326,https://www.linkedin.com/in/bindu-varshini-m-a63693252
Aditya Mehra,Malika Duggal,"5/18/26, 12:49 PM",,OUTGOING,https://www.linkedin.com/in/aditya-mehra-b8644b326,https://www.linkedin.com/in/malika-duggal-415a02296
Aditya Mehra,Aritrika Bagchi,"5/18/26, 12:49 PM",,OUTGOING,https://www.linkedin.com/in/aditya-mehra-b8644b326,https://www.linkedin.com/in/aritrika-bagchi-b863a2354
Aditya Mehra,Pooja Rastogi,"5/18/26, 12:49 PM",,OUTGOING,https://www.linkedin.com/in/aditya-mehra-b8644b326,https://www.linkedin.com/in/pooja-rastogi-059187217
Aditya Mehra,Nishanthi yadav,"5/18/26, 12:49 PM",,OUTGOING,https://www.linkedin.com/in/aditya-mehra-b8644b326,https://www.linkedin.com/in/nishanthi-yadav-068894342
Aditya Mehra,Saniya Ahmed,"5/18/26, 12:49 PM",,OUTGOING,https://www.linkedin.com/in/aditya-mehra-b8644b326,https://www.linkedin.com/in/saniya-ahmed-12a9b82b7
Aditya Mehra,Avanthika  Vinod ,"5/18/26, 12:49 PM",,OUTGOING,https://www.linkedin.com/in/aditya-mehra-b8644b326,https://www.linkedin.com/in/avanthika-vinod-0a48b5294
Aditya Mehra,Sonia Mitra,"5/18/26, 12:49 PM",,OUTGOING,https://www.linkedin.com/in/aditya-mehra-b8644b326,https://www.linkedin.com/in/sonia-mitra-288237222
Aditya Mehra,Anuska Kirtania,"5/18/26, 12:48 PM",,OUTGOING,https://www.linkedin.com/in/aditya-mehra-b8644b326,https://www.linkedin.com/in/anuska-kirtania-
Aditya Mehra,Nilanjana Sen,"5/18/26, 12:49 PM",,OUTGOING,https://www.linkedin.com/in/aditya-mehra-b8644b326,https://www.linkedin.com/in/nilanjana-sen-9225aa22b
Aditya Mehra,Angel Sara Alex,"5/18/26, 12:48 PM",,OUTGOING,https://www.linkedin.com/in/aditya-mehra-b8644b326,https://www.linkedin.com/in/angel-sara-alex26
Aditya Mehra,Vibha Oswal,"5/18/26, 11:19 AM",,OUTGOING,https://www.linkedin.com/in/aditya-mehra-b8644b326,https://www.linkedin.com/in/vibha-oswal
Aditya Mehra,Pavithra R,"5/18/26, 11:19 AM",,OUTGOING,https://www.linkedin.com/in/aditya-mehra-b8644b326,https://www.linkedin.com/in/pavithra-r-kp22405
Aditya Mehra,Daniya Sayyed,"5/18/26, 11:19 AM",,OUTGOING,https://www.linkedin.com/in/aditya-mehra-b8644b326,https://www.linkedin.com/in/daniya-sayyed-47140a327
Aditya Mehra,Hayati Podugu,"5/18/26, 11:19 AM",,OUTGOING,https://www.linkedin.com/in/aditya-mehra-b8644b326,https://www.linkedin.com/in/hayati-podugu
Aditya Mehra,Shraavani C,"5/18/26, 11:19 AM",,OUTGOING,https://www.linkedin.com/in/aditya-mehra-b8644b326,https://www.linkedin.com/in/shraavani-c-a68437303
Aditya Mehra,Shriya Sharma,"5/18/26, 11:19 AM",,OUTGOING,https://www.linkedin.com/in/aditya-mehra-b8644b326,https://www.linkedin.com/in/shriya-sharma25
Aditya Mehra,Nikita Lalchandani,"5/18/26, 11:19 AM",,OUTGOING,https://www.linkedin.com/in/aditya-mehra-b8644b326,https://www.linkedin.com/in/nikita-lalchandani-977131231
Aditya Mehra,Riya Singh,"5/18/26, 11:19 AM",,OUTGOING,https://www.linkedin.com/in/aditya-mehra-b8644b326,https://www.linkedin.com/in/riyasinghh01
Aditya Mehra,Somrita Chatterjee,"5/18/26, 11:19 AM",,OUTGOING,https://www.linkedin.com/in/aditya-mehra-b8644b326,https://www.linkedin.com/in/somrita-chatterjee-90696a237
Aditya Mehra,Nisha P,"5/18/26, 11:19 AM",,OUTGOING,https://www.linkedin.com/in/aditya-mehra-b8644b326,https://www.linkedin.com/in/nisha-p-86338a227
Aditya Mehra,Manisha Mondal,"5/18/26, 11:18 AM",,OUTGOING,https://www.linkedin.com/in/aditya-mehra-b8644b326,https://www.linkedin.com/in/manisha-mondal-312939356
Aditya Mehra,Vinti Jain,"5/18/26, 11:18 AM",,OUTGOING,https://www.linkedin.com/in/aditya-mehra-b8644b326,https://www.linkedin.com/in/vintijain08
Aditya Mehra,Aishwarya Baghel,"5/18/26, 11:18 AM",,OUTGOING,https://www.linkedin.com/in/aditya-mehra-b8644b326,https://www.linkedin.com/in/aishwarya-baghel
Aditya Mehra,Alisha Ali ,"5/18/26, 11:18 AM",,OUTGOING,https://www.linkedin.com/in/aditya-mehra-b8644b326,https://www.linkedin.com/in/alisha-ali-205176405
Aditya Mehra,Keerthana Sathyamurthy,"5/18/26, 11:18 AM",,OUTGOING,https://www.linkedin.com/in/aditya-mehra-b8644b326,https://www.linkedin.com/in/keerthana-sathyamurthy25
Aditya Mehra,Medha Khandavilli,"5/18/26, 11:18 AM",,OUTGOING,https://www.linkedin.com/in/aditya-mehra-b8644b326,https://www.linkedin.com/in/medha-khandavilli-24669230a
Aditya Mehra,Samaira Mahajan,"5/18/26, 11:17 AM",,OUTGOING,https://www.linkedin.com/in/aditya-mehra-b8644b326,https://www.linkedin.com/in/samaira-mahajan
Aditya Mehra,Samara Chauhan,"5/18/26, 11:17 AM",,OUTGOING,https://www.linkedin.com/in/aditya-mehra-b8644b326,https://www.linkedin.com/in/samara-chauhan-764295397
Aditya Mehra,Aakrati Kushwaha,"5/18/26, 11:17 AM",,OUTGOING,https://www.linkedin.com/in/aditya-mehra-b8644b326,https://www.linkedin.com/in/aakrati-kushwaha-228107256
Aditya Mehra,Brinda Roy,"5/18/26, 11:17 AM",,OUTGOING,https://www.linkedin.com/in/aditya-mehra-b8644b326,https://www.linkedin.com/in/brinda-roy-4b98b7375
Aditya Mehra,Jiyaa Shah,"5/18/26, 11:17 AM",,OUTGOING,https://www.linkedin.com/in/aditya-mehra-b8644b326,https://www.linkedin.com/in/jiyaa-shah-1aba40360
Aditya Mehra,Monisha R,"5/18/26, 11:17 AM",,OUTGOING,https://www.linkedin.com/in/aditya-mehra-b8644b326,https://www.linkedin.com/in/monisha-r-09287a1b1
Aditya Mehra,Bhavana Pungalia,"5/18/26, 11:17 AM",,OUTGOING,https://www.linkedin.com/in/aditya-mehra-b8644b326,https://www.linkedin.com/in/bhavanapugalia0709
Aditya Mehra,Apeksha Jain,"5/18/26, 11:17 AM",,OUTGOING,https://www.linkedin.com/in/aditya-mehra-b8644b326,https://www.linkedin.com/in/apeksha-jain3188
Aditya Mehra,Angeline Jerry Aloor,"5/18/26, 11:17 AM",,OUTGOING,https://www.linkedin.com/in/aditya-mehra-b8644b326,https://www.linkedin.com/in/angeline-jerry-aloor
Aditya Mehra,Vandana Bisht,"5/18/26, 11:17 AM",,OUTGOING,https://www.linkedin.com/in/aditya-mehra-b8644b326,https://www.linkedin.com/in/vandana-bisht-35158b126
Aditya Mehra,Devayani Nambiar,"5/18/26, 11:17 AM",,OUTGOING,https://www.linkedin.com/in/aditya-mehra-b8644b326,https://www.linkedin.com/in/devayani-nambiar-029766306
Aditya Mehra,Yashaswini BG,"5/18/26, 11:17 AM",,OUTGOING,https://www.linkedin.com/in/aditya-mehra-b8644b326,https://www.linkedin.com/in/yashaswini-bg
Aditya Mehra,Samhita Madakshira,"5/18/26, 11:17 AM",,OUTGOING,https://www.linkedin.com/in/aditya-mehra-b8644b326,https://www.linkedin.com/in/samhita-madakshira-b43b322b0
Aditya Mehra,P Pooja,"5/18/26, 11:17 AM",,OUTGOING,https://www.linkedin.com/in/aditya-mehra-b8644b326,https://www.linkedin.com/in/p-pooja-aa04b0260
Aditya Mehra,Sathvika Jagadish,"5/18/26, 11:17 AM",,OUTGOING,https://www.linkedin.com/in/aditya-mehra-b8644b326,https://www.linkedin.com/in/sathvika-jagadish-242829326
Aditya Mehra,Priyatharshini S,"5/18/26, 11:17 AM",,OUTGOING,https://www.linkedin.com/in/aditya-mehra-b8644b326,https://www.linkedin.com/in/priyatharshini-s
Aditya Mehra,Anvesha Dev,"5/18/26, 11:16 AM",,OUTGOING,https://www.linkedin.com/in/aditya-mehra-b8644b326,https://www.linkedin.com/in/anvesha-dev-415872380
Aditya Mehra,Suhana Agrawal,"5/18/26, 11:17 AM",,OUTGOING,https://www.linkedin.com/in/aditya-mehra-b8644b326,https://www.linkedin.com/in/suhana-agrawal-242179334
Aditya Mehra,Jai Parkar,"5/18/26, 11:16 AM",,OUTGOING,https://www.linkedin.com/in/aditya-mehra-b8644b326,https://www.linkedin.com/in/jai-parkar-1a9970268
Aditya Mehra,Aruja Tripathi,"5/18/26, 11:16 AM",,OUTGOING,https://www.linkedin.com/in/aditya-mehra-b8644b326,https://www.linkedin.com/in/aruja-tripathi-85b3a6288
Aditya Mehra,Varsha Sunil Kumar,"5/18/26, 11:16 AM",,OUTGOING,https://www.linkedin.com/in/aditya-mehra-b8644b326,https://www.linkedin.com/in/varshasunilkumar
Aditya Mehra,Jhilam Mukherjee,"5/18/26, 11:16 AM",,OUTGOING,https://www.linkedin.com/in/aditya-mehra-b8644b326,https://www.linkedin.com/in/jhilam-mukherjee-1b86832b9
Aditya Mehra,Carol Fernandes,"5/18/26, 11:16 AM",,OUTGOING,https://www.linkedin.com/in/aditya-mehra-b8644b326,https://www.linkedin.com/in/carol-fernandesss
Aditya Mehra,Linthoingambi Mutum,"5/18/26, 11:16 AM",,OUTGOING,https://www.linkedin.com/in/aditya-mehra-b8644b326,https://www.linkedin.com/in/linthoingambi-m-984255181
Aditya Mehra,Toshima Jaiswal,"5/18/26, 11:16 AM",,OUTGOING,https://www.linkedin.com/in/aditya-mehra-b8644b326,https://www.linkedin.com/in/toshimajaiswal
Aditya Mehra,Kavya Gadhvi,"5/18/26, 11:16 AM",,OUTGOING,https://www.linkedin.com/in/aditya-mehra-b8644b326,https://www.linkedin.com/in/kavya-gadhvi-1998182a1
Aditya Mehra,Khushi Katiyar,"5/18/26, 11:16 AM",,OUTGOING,https://www.linkedin.com/in/aditya-mehra-b8644b326,https://www.linkedin.com/in/khushi-katiyar-574730226
Aditya Mehra,Sonan Choudhary,"5/18/26, 11:16 AM",,OUTGOING,https://www.linkedin.com/in/aditya-mehra-b8644b326,https://www.linkedin.com/in/sonan-choudhary-1324b43b8
Aditya Mehra,Janani M,"5/18/26, 11:16 AM",,OUTGOING,https://www.linkedin.com/in/aditya-mehra-b8644b326,https://www.linkedin.com/in/janani-m-96b72b249
Aditya Mehra,B. Gowthami,"5/18/26, 11:16 AM",,OUTGOING,https://www.linkedin.com/in/aditya-mehra-b8644b326,https://www.linkedin.com/in/b-gowthami-928a22304
Aditya Mehra,Ayushi Sanjay,"5/18/26, 11:16 AM",,OUTGOING,https://www.linkedin.com/in/aditya-mehra-b8644b326,https://www.linkedin.com/in/ayushisr2005
Aditya Mehra,Archana Arya,"5/18/26, 11:16 AM",,OUTGOING,https://www.linkedin.com/in/aditya-mehra-b8644b326,https://www.linkedin.com/in/archana-arya-a032a0260
Aditya Mehra,Kashaf Shaik,"5/18/26, 11:16 AM",,OUTGOING,https://www.linkedin.com/in/aditya-mehra-b8644b326,https://www.linkedin.com/in/kashaf-shaik-145aa0341
Aditya Mehra,Athira K,"5/18/26, 11:15 AM",,OUTGOING,https://www.linkedin.com/in/aditya-mehra-b8644b326,https://www.linkedin.com/in/athira-k-90547a264
Aditya Mehra,Disha Lakhotia,"5/18/26, 11:15 AM",,OUTGOING,https://www.linkedin.com/in/aditya-mehra-b8644b326,https://www.linkedin.com/in/disha-lakhotia15
Aditya Mehra,Rinsha Sherin,"5/18/26, 11:15 AM",,OUTGOING,https://www.linkedin.com/in/aditya-mehra-b8644b326,https://www.linkedin.com/in/rinsha-sherin-
Aditya Mehra,Noopur Jain,"5/18/26, 11:15 AM",,OUTGOING,https://www.linkedin.com/in/aditya-mehra-b8644b326,https://www.linkedin.com/in/-noopur-jain
Aditya Mehra,Diva Sinha,"5/18/26, 11:15 AM",,OUTGOING,https://www.linkedin.com/in/aditya-mehra-b8644b326,https://www.linkedin.com/in/diva-sinha-
Aditya Mehra,Samya .,"5/18/26, 11:15 AM",,OUTGOING,https://www.linkedin.com/in/aditya-mehra-b8644b326,https://www.linkedin.com/in/samya-0997162b2
Aditya Mehra,Kaushiki Swami,"5/18/26, 11:15 AM",,OUTGOING,https://www.linkedin.com/in/aditya-mehra-b8644b326,https://www.linkedin.com/in/kaushikiswami24
Aditya Mehra,Gnanika  R Rao,"5/18/26, 11:15 AM",,OUTGOING,https://www.linkedin.com/in/aditya-mehra-b8644b326,https://www.linkedin.com/in/gnanika-r-rao-2ab410283
Aditya Mehra,Shrikha Patri,"5/18/26, 11:15 AM",,OUTGOING,https://www.linkedin.com/in/aditya-mehra-b8644b326,https://www.linkedin.com/in/shrikha-patri
Aditya Mehra,Faba Santhosh,"5/18/26, 11:15 AM",,OUTGOING,https://www.linkedin.com/in/aditya-mehra-b8644b326,https://www.linkedin.com/in/faba-santhosh
Aditya Mehra,Poshenisree M V,"5/18/26, 11:15 AM",,OUTGOING,https://www.linkedin.com/in/aditya-mehra-b8644b326,https://www.linkedin.com/in/poshenisree-m-v-a87b37370
Aditya Mehra,Aastha Anand,"5/18/26, 11:15 AM",,OUTGOING,https://www.linkedin.com/in/aditya-mehra-b8644b326,https://www.linkedin.com/in/aastha-anand-332b452b2
Aditya Mehra,Pratiti Goyal,"5/18/26, 11:15 AM",,OUTGOING,https://www.linkedin.com/in/aditya-mehra-b8644b326,https://www.linkedin.com/in/prati-g
Aditya Mehra,Vaishnavi Sharma,"5/18/26, 11:14 AM",,OUTGOING,https://www.linkedin.com/in/aditya-mehra-b8644b326,https://www.linkedin.com/in/vaishnavi-sharma-3b268b336
Aditya Mehra,Krishna Bai,"5/18/26, 11:14 AM",,OUTGOING,https://www.linkedin.com/in/aditya-mehra-b8644b326,https://www.linkedin.com/in/krishna-bai03
Aditya Mehra,Ruhi Sodhi,"5/18/26, 11:14 AM",,OUTGOING,https://www.linkedin.com/in/aditya-mehra-b8644b326,https://www.linkedin.com/in/ruhisodhi
Aditya Mehra,Sonali Mohapatra,"5/18/26, 11:14 AM",,OUTGOING,https://www.linkedin.com/in/aditya-mehra-b8644b326,https://www.linkedin.com/in/sonali-mohapatra-a37250255
Aditya Mehra,Kirti  Nandal,"5/18/26, 11:14 AM",,OUTGOING,https://www.linkedin.com/in/aditya-mehra-b8644b326,https://www.linkedin.com/in/kirti-nandal-221ba524a
Aditya Mehra,Priyanka Sen,"5/18/26, 11:14 AM",,OUTGOING,https://www.linkedin.com/in/aditya-mehra-b8644b326,https://www.linkedin.com/in/priyanka-sen-3b17a836b
Aditya Mehra,Nandini Singh,"5/18/26, 11:14 AM",,OUTGOING,https://www.linkedin.com/in/aditya-mehra-b8644b326,https://www.linkedin.com/in/nandini-singh-26a9bb335
Aditya Mehra,Priyanka Chandra,"5/18/26, 11:14 AM",,OUTGOING,https://www.linkedin.com/in/aditya-mehra-b8644b326,https://www.linkedin.com/in/priyanka-chandra-35aa5320a
Aditya Mehra,Isha Sreenivasan,"5/18/26, 11:14 AM",,OUTGOING,https://www.linkedin.com/in/aditya-mehra-b8644b326,https://www.linkedin.com/in/isha-sreenivasan-530026305
Aditya Mehra,Steffi Jecintho J,"5/18/26, 11:14 AM",,OUTGOING,https://www.linkedin.com/in/aditya-mehra-b8644b326,https://www.linkedin.com/in/steffi-jecintho-j-7a58a832a
Aditya Mehra,Fathima Nazrin V J,"5/18/26, 11:14 AM",,OUTGOING,https://www.linkedin.com/in/aditya-mehra-b8644b326,https://www.linkedin.com/in/fathima-nazrin-v-j-43941a237
Aditya Mehra,Simran Nahata,"5/18/26, 11:14 AM",,OUTGOING,https://www.linkedin.com/in/aditya-mehra-b8644b326,https://www.linkedin.com/in/simrannahata034
Aditya Mehra,Sarah Stanley,"5/18/26, 11:14 AM",,OUTGOING,https://www.linkedin.com/in/aditya-mehra-b8644b326,https://www.linkedin.com/in/sarah-stanley-6367b4249
Aditya Mehra,Abhilasha Gupta,"5/18/26, 11:13 AM",,OUTGOING,https://www.linkedin.com/in/aditya-mehra-b8644b326,https://www.linkedin.com/in/abhilasha-gupta-0225792a5
Aditya Mehra,Pallvi Mahajan,"5/18/26, 11:13 AM",,OUTGOING,https://www.linkedin.com/in/aditya-mehra-b8644b326,https://www.linkedin.com/in/pallvi-mahajan
Aditya Mehra,Trinayani Amanaganti,"5/18/26, 11:13 AM",,OUTGOING,https://www.linkedin.com/in/aditya-mehra-b8644b326,https://www.linkedin.com/in/trinayani-amanaganti-bb145a345
Aditya Mehra,Shreya  Bhatia ,"5/18/26, 11:13 AM",,OUTGOING,https://www.linkedin.com/in/aditya-mehra-b8644b326,https://www.linkedin.com/in/shreya-bhatia-4a9693261
Aditya Mehra,Soumya Agrawal,"5/18/26, 11:13 AM",,OUTGOING,https://www.linkedin.com/in/aditya-mehra-b8644b326,https://www.linkedin.com/in/soumya-agrawal-2bb9b6247
Aditya Mehra,Aashika .,"5/18/26, 11:13 AM",,OUTGOING,https://www.linkedin.com/in/aditya-mehra-b8644b326,https://www.linkedin.com/in/aashika-412315378
Aditya Mehra,Upali Mandal,"5/18/26, 11:13 AM",,OUTGOING,https://www.linkedin.com/in/aditya-mehra-b8644b326,https://www.linkedin.com/in/upali-mandal-728644374
Aditya Mehra,Aditi Singh,"5/18/26, 11:13 AM",,OUTGOING,https://www.linkedin.com/in/aditya-mehra-b8644b326,https://www.linkedin.com/in/aditi-singh-903ba5325
Aditya Mehra,Lezin  N,"5/18/26, 11:13 AM",,OUTGOING,https://www.linkedin.com/in/aditya-mehra-b8644b326,https://www.linkedin.com/in/lezin-n
Aditya Mehra,Sara Mansoor,"5/18/26, 11:13 AM",,OUTGOING,https://www.linkedin.com/in/aditya-mehra-b8644b326,https://www.linkedin.com/in/sara-mansoor-
Aditya Mehra,Rishita Bakshi,"5/18/26, 11:12 AM",,OUTGOING,https://www.linkedin.com/in/aditya-mehra-b8644b326,https://www.linkedin.com/in/rishita-bakshi-b5b591324
Aditya Mehra,Akshitha Lakshman M,"5/18/26, 11:13 AM",,OUTGOING,https://www.linkedin.com/in/aditya-mehra-b8644b326,https://www.linkedin.com/in/akshitha-lakshman-m-94a355376
Aditya Mehra,Tanisha Choudhary,"5/18/26, 11:12 AM",,OUTGOING,https://www.linkedin.com/in/aditya-mehra-b8644b326,https://www.linkedin.com/in/tanisha-choudhary-44a0b4383
Aditya Mehra,Shri jyothika Peddisetty,"5/18/26, 11:13 AM",,OUTGOING,https://www.linkedin.com/in/aditya-mehra-b8644b326,https://www.linkedin.com/in/shri-jyothika-peddisetty-788aab234
Aditya Mehra,Anvi Soni,"5/18/26, 11:12 AM",,OUTGOING,https://www.linkedin.com/in/aditya-mehra-b8644b326,https://www.linkedin.com/in/anvi-soni
Aditya Mehra,Shreya Ranjan,"5/18/26, 11:12 AM",,OUTGOING,https://www.linkedin.com/in/aditya-mehra-b8644b326,https://www.linkedin.com/in/shreya-ranjan-2a5b60369
Aditya Mehra,Tanishka Sharma,"5/18/26, 11:12 AM",,OUTGOING,https://www.linkedin.com/in/aditya-mehra-b8644b326,https://www.linkedin.com/in/tanishka-sharma19
Aditya Mehra,Deekshitha G,"6/9/26, 2:16 AM",,OUTGOING,https://www.linkedin.com/in/aditya-mehra-b8644b326,https://www.linkedin.com/in/deekshitha-g-5b2b0a335
Aditya Mehra,Mihika Tikotkar,"5/18/26, 11:12 AM",,OUTGOING,https://www.linkedin.com/in/aditya-mehra-b8644b326,https://www.linkedin.com/in/mihika-tikotkar-678507314
Aditya Mehra,Niyati Gaddamanugu,"5/18/26, 11:12 AM",,OUTGOING,https://www.linkedin.com/in/aditya-mehra-b8644b326,https://www.linkedin.com/in/niyatigaddamanugu
Aditya Mehra,Arohi Shaha,"5/18/26, 11:12 AM",,OUTGOING,https://www.linkedin.com/in/aditya-mehra-b8644b326,https://www.linkedin.com/in/arohi-shaha
Aditya Mehra,Yeshasvi Vijay,"5/18/26, 11:12 AM",,OUTGOING,https://www.linkedin.com/in/aditya-mehra-b8644b326,https://www.linkedin.com/in/yeshasvi-vijay
Aditya Mehra,Nandana Prakash,"5/18/26, 11:12 AM",,OUTGOING,https://www.linkedin.com/in/aditya-mehra-b8644b326,https://www.linkedin.com/in/nandana-prakash-0a41323a7
Aditya Mehra,Ann  Susan Robin,"5/18/26, 11:12 AM",,OUTGOING,https://www.linkedin.com/in/aditya-mehra-b8644b326,https://www.linkedin.com/in/ann-susan-robin-
Aditya Mehra,Dhana sree Tangeti,"5/18/26, 11:12 AM",,OUTGOING,https://www.linkedin.com/in/aditya-mehra-b8644b326,https://www.linkedin.com/in/dhana-sree-tangeti-16239036b
Aditya Mehra,Priyanka V,"5/18/26, 11:12 AM",,OUTGOING,https://www.linkedin.com/in/aditya-mehra-b8644b326,https://www.linkedin.com/in/priyanka-v-dharmitva
Aditya Mehra,Ranjitha Yellur,"5/18/26, 11:12 AM",,OUTGOING,https://www.linkedin.com/in/aditya-mehra-b8644b326,https://www.linkedin.com/in/ranjithayellur
Aditya Mehra,Srejita Roy,"5/18/26, 11:12 AM",,OUTGOING,https://www.linkedin.com/in/aditya-mehra-b8644b326,https://www.linkedin.com/in/srejita-roy-7a278b334
Aditya Mehra,Anjali Suresh,"5/18/26, 11:12 AM",,OUTGOING,https://www.linkedin.com/in/aditya-mehra-b8644b326,https://www.linkedin.com/in/anjali-suresh-7016791a0
Aditya Mehra,Laxmi Samvardhini,"5/18/26, 11:12 AM",,OUTGOING,https://www.linkedin.com/in/aditya-mehra-b8644b326,https://www.linkedin.com/in/laxmisamvardhini
Aditya Mehra,Leisha Sanghvi,"5/18/26, 11:12 AM",,OUTGOING,https://www.linkedin.com/in/aditya-mehra-b8644b326,https://www.linkedin.com/in/leisha-sanghvi-7493202b1
Aditya Mehra,Catherine Sara Mathew,"5/18/26, 11:12 AM",,OUTGOING,https://www.linkedin.com/in/aditya-mehra-b8644b326,https://www.linkedin.com/in/catherine-sara-mathew-048a36248
Aditya Mehra,Ishbha Jain,"5/18/26, 11:12 AM",,OUTGOING,https://www.linkedin.com/in/aditya-mehra-b8644b326,https://www.linkedin.com/in/ishbha-jain
Aditya Mehra,Kirti Gupta,"5/18/26, 11:12 AM",,OUTGOING,https://www.linkedin.com/in/aditya-mehra-b8644b326,https://www.linkedin.com/in/kirti-gupta-4b7932383
Aditya Mehra,Devanjana P K,"5/18/26, 11:12 AM",,OUTGOING,https://www.linkedin.com/in/aditya-mehra-b8644b326,https://www.linkedin.com/in/devanjana-p-k
Aditya Mehra,Neha Nomula,"5/18/26, 11:12 AM",,OUTGOING,https://www.linkedin.com/in/aditya-mehra-b8644b326,https://www.linkedin.com/in/neha-nomula-aa72b1288
Aditya Mehra,Architha Balachander,"5/18/26, 11:12 AM",,OUTGOING,https://www.linkedin.com/in/aditya-mehra-b8644b326,https://www.linkedin.com/in/architha-balachander
Aditya Mehra,Vanshika Khandelwal,"5/18/26, 11:12 AM",,OUTGOING,https://www.linkedin.com/in/aditya-mehra-b8644b326,https://www.linkedin.com/in/vanshika-s-khandelwal
Aditya Mehra,Jessey Gloria,"5/18/26, 11:11 AM",,OUTGOING,https://www.linkedin.com/in/aditya-mehra-b8644b326,https://www.linkedin.com/in/jesseygloria
Aditya Mehra,Peddi Sudeeksha,"5/18/26, 11:11 AM",,OUTGOING,https://www.linkedin.com/in/aditya-mehra-b8644b326,https://www.linkedin.com/in/peddi-sudeeksha-348102270
Aditya Mehra,Devi Nirali,"5/18/26, 11:12 AM",,OUTGOING,https://www.linkedin.com/in/aditya-mehra-b8644b326,https://www.linkedin.com/in/devi-nirali-1b797a402
Aditya Mehra,Manasa Ajit,"5/18/26, 11:11 AM",,OUTGOING,https://www.linkedin.com/in/aditya-mehra-b8644b326,https://www.linkedin.com/in/manasa-ajit
Aditya Mehra,Bea Susan,"5/18/26, 11:11 AM",,OUTGOING,https://www.linkedin.com/in/aditya-mehra-b8644b326,https://www.linkedin.com/in/bea-susan-34738737a
Aditya Mehra,Shifali Poojary,"5/18/26, 11:11 AM",,OUTGOING,https://www.linkedin.com/in/aditya-mehra-b8644b326,https://www.linkedin.com/in/shifali-poojary-2b149632b
Aditya Mehra,Aishwarya Vel,"5/18/26, 11:11 AM",,OUTGOING,https://www.linkedin.com/in/aditya-mehra-b8644b326,https://www.linkedin.com/in/aishwarya-k-vel
Aditya Mehra,Ananya Agrawal,"5/18/26, 11:11 AM",,OUTGOING,https://www.linkedin.com/in/aditya-mehra-b8644b326,https://www.linkedin.com/in/ananya-agrawal0406
Aditya Mehra,Dhanisha Surana,"5/18/26, 11:11 AM",,OUTGOING,https://www.linkedin.com/in/aditya-mehra-b8644b326,https://www.linkedin.com/in/dhanisha-surana-73948a385
Aditya Mehra,Anshika Kohli,"5/18/26, 11:11 AM",,OUTGOING,https://www.linkedin.com/in/aditya-mehra-b8644b326,https://www.linkedin.com/in/anshika-kohli
Aditya Mehra,Manaswini Pamarthi,"5/18/26, 11:11 AM",,OUTGOING,https://www.linkedin.com/in/aditya-mehra-b8644b326,https://www.linkedin.com/in/manaswini-pamarthi
Aditya Mehra,Rifika Agrawal,"5/18/26, 11:11 AM",,OUTGOING,https://www.linkedin.com/in/aditya-mehra-b8644b326,https://www.linkedin.com/in/rifika-agrawal-0b13a9321
Aditya Mehra,Pallavi kumar,"5/18/26, 11:11 AM",,OUTGOING,https://www.linkedin.com/in/aditya-mehra-b8644b326,https://www.linkedin.com/in/pallavi-kumar-3594332a7
Aditya Mehra,Manpreet Veer,"5/18/26, 11:11 AM",,OUTGOING,https://www.linkedin.com/in/aditya-mehra-b8644b326,https://www.linkedin.com/in/manpreet-veer-269452255
Aditya Mehra,Nishitha Pandey,"5/18/26, 11:11 AM",,OUTGOING,https://www.linkedin.com/in/aditya-mehra-b8644b326,https://www.linkedin.com/in/nishithapandey
Aditya Mehra,Siya Gopalani,"5/18/26, 11:11 AM",,OUTGOING,https://www.linkedin.com/in/aditya-mehra-b8644b326,https://www.linkedin.com/in/siyagopalani
Aditya Mehra,Alisa Lal,"5/18/26, 11:11 AM",,OUTGOING,https://www.linkedin.com/in/aditya-mehra-b8644b326,https://www.linkedin.com/in/alisa-lal-85604a318
Aditya Mehra,Zaara Mirza ,"5/18/26, 11:11 AM",,OUTGOING,https://www.linkedin.com/in/aditya-mehra-b8644b326,https://www.linkedin.com/in/zaara-mirza-68b1b8403
Aditya Mehra,ANUPAMA D,"5/18/26, 11:11 AM",,OUTGOING,https://www.linkedin.com/in/aditya-mehra-b8644b326,https://www.linkedin.com/in/anupama-darman
Aditya Mehra,Gauri Arora,"5/18/26, 11:11 AM",,OUTGOING,https://www.linkedin.com/in/aditya-mehra-b8644b326,https://www.linkedin.com/in/gauri-arora-1a6a85408
Aditya Mehra,Mahima Dokka,"5/18/26, 11:11 AM",,OUTGOING,https://www.linkedin.com/in/aditya-mehra-b8644b326,https://www.linkedin.com/in/mahima-dokka-
Aditya Mehra,Emeeliya Abey,"5/18/26, 11:10 AM",,OUTGOING,https://www.linkedin.com/in/aditya-mehra-b8644b326,https://www.linkedin.com/in/emeeliya-abey-b3177b3b5
Aditya Mehra,Aishwarya Gupta,"5/18/26, 11:11 AM",,OUTGOING,https://www.linkedin.com/in/aditya-mehra-b8644b326,https://www.linkedin.com/in/aishwarya-gupta-8640771ab
Aditya Mehra,Riya Saji,"5/18/26, 11:11 AM",,OUTGOING,https://www.linkedin.com/in/aditya-mehra-b8644b326,https://www.linkedin.com/in/riya-saji-a3a51924a
Aditya Mehra,Sharon Zachariah,"5/18/26, 11:10 AM",,OUTGOING,https://www.linkedin.com/in/aditya-mehra-b8644b326,https://www.linkedin.com/in/sharon-zachariah-3490052b9
Aditya Mehra,Sneha K R,"5/18/26, 11:11 AM",,OUTGOING,https://www.linkedin.com/in/aditya-mehra-b8644b326,https://www.linkedin.com/in/sneha0403
Aditya Mehra,Roopsha Dasguupta (Ray),"5/18/26, 11:11 AM",,OUTGOING,https://www.linkedin.com/in/aditya-mehra-b8644b326,https://www.linkedin.com/in/roopsha
Aditya Mehra,Ananya SB,"5/18/26, 11:10 AM",,OUTGOING,https://www.linkedin.com/in/aditya-mehra-b8644b326,https://www.linkedin.com/in/ananya-sb-22903a279
Aditya Mehra,Priya Kumari,"5/18/26, 11:10 AM",,OUTGOING,https://www.linkedin.com/in/aditya-mehra-b8644b326,https://www.linkedin.com/in/priya-kumari-32792a1bb
Aditya Mehra,Hitanshi Sachdeva,"5/18/26, 11:10 AM",,OUTGOING,https://www.linkedin.com/in/aditya-mehra-b8644b326,https://www.linkedin.com/in/hitanshi-sachdeva
Aditya Mehra,Sanghvi Janmale,"5/18/26, 11:09 AM",,OUTGOING,https://www.linkedin.com/in/aditya-mehra-b8644b326,https://www.linkedin.com/in/sanghvi-janmale-b286a9220
Aditya Mehra,HARINITHA T P,"5/18/26, 11:10 AM",,OUTGOING,https://www.linkedin.com/in/aditya-mehra-b8644b326,https://www.linkedin.com/in/harinitha-t-p-2b620325a
Aditya Mehra,Anna Rose Puthookara Porinchu Francis,"5/18/26, 11:10 AM",,OUTGOING,https://www.linkedin.com/in/aditya-mehra-b8644b326,https://www.linkedin.com/in/anna-rose-puthookara-porinchu-francis
Aditya Mehra,Trisha Mishra,"5/18/26, 11:09 AM",,OUTGOING,https://www.linkedin.com/in/aditya-mehra-b8644b326,https://www.linkedin.com/in/trishamishra272
Aditya Mehra,Nupur Sarda,"5/12/26, 3:27 AM",,OUTGOING,https://www.linkedin.com/in/aditya-mehra-b8644b326,https://www.linkedin.com/in/nupur-sarda
Aditya Mehra,Pranavi Shetty,"5/12/26, 3:27 AM",,OUTGOING,https://www.linkedin.com/in/aditya-mehra-b8644b326,https://www.linkedin.com/in/pranavi-shetty
Aditya Mehra,Prerana Patra,"5/12/26, 3:27 AM",,OUTGOING,https://www.linkedin.com/in/aditya-mehra-b8644b326,https://www.linkedin.com/in/prerana-patra-36b955269
Aditya Mehra,Ayushi Dikshit,"5/12/26, 3:27 AM",,OUTGOING,https://www.linkedin.com/in/aditya-mehra-b8644b326,https://www.linkedin.com/in/ayushi-dikshit-69910a227
Aditya Mehra,Simmy Kumari,"5/12/26, 3:27 AM",,OUTGOING,https://www.linkedin.com/in/aditya-mehra-b8644b326,https://www.linkedin.com/in/simmy-k-48861834b
Aditya Mehra,Nandini Sharma,"5/12/26, 3:27 AM",,OUTGOING,https://www.linkedin.com/in/aditya-mehra-b8644b326,https://www.linkedin.com/in/nandini-sharma-246681216
Aditya Mehra,Vamika Nagori,"5/12/26, 3:27 AM",,OUTGOING,https://www.linkedin.com/in/aditya-mehra-b8644b326,https://www.linkedin.com/in/vamika-nagori-47a8a52bb
Aditya Mehra,Lipika J M,"5/12/26, 3:27 AM",,OUTGOING,https://www.linkedin.com/in/aditya-mehra-b8644b326,https://www.linkedin.com/in/lipika-j-m-04b446330
Aditya Mehra,Pavithra Jayakumar,"5/12/26, 3:27 AM",,OUTGOING,https://www.linkedin.com/in/aditya-mehra-b8644b326,https://www.linkedin.com/in/pavithra-jayakumar-1b1564291
Aditya Mehra,Anushree Patankar,"5/12/26, 3:27 AM",,OUTGOING,https://www.linkedin.com/in/aditya-mehra-b8644b326,https://www.linkedin.com/in/anushree-patankar-984892138
Aditya Mehra,Nysa Porwal,"5/12/26, 3:27 AM",,OUTGOING,https://www.linkedin.com/in/aditya-mehra-b8644b326,https://www.linkedin.com/in/nysa-porwal-740a3731b
Aditya Mehra,Pavithra Ravishankar,"5/12/26, 3:27 AM",,OUTGOING,https://www.linkedin.com/in/aditya-mehra-b8644b326,https://www.linkedin.com/in/pavithra-ravishankar-2586681a8
Aditya Mehra,Filsy Joseph,"5/12/26, 3:27 AM",,OUTGOING,https://www.linkedin.com/in/aditya-mehra-b8644b326,https://www.linkedin.com/in/filsy-joseph-52925526b
Aditya Mehra,Neha Ilanchezian,"5/12/26, 3:27 AM",,OUTGOING,https://www.linkedin.com/in/aditya-mehra-b8644b326,https://www.linkedin.com/in/neha-ilanchezian-ab6371312
Aditya Mehra,Pooja Sonkar,"5/12/26, 3:27 AM",,OUTGOING,https://www.linkedin.com/in/aditya-mehra-b8644b326,https://www.linkedin.com/in/pooja-sonkar-2011aa283
Aditya Mehra,Sreevidhya Kottarapat Srinivas,"5/12/26, 3:27 AM",,OUTGOING,https://www.linkedin.com/in/aditya-mehra-b8644b326,https://www.linkedin.com/in/sreevidhya-kottarapat-srinivas-6b9127126
Aditya Mehra,Shruti Chakraborty,"5/12/26, 3:27 AM",,OUTGOING,https://www.linkedin.com/in/aditya-mehra-b8644b326,https://www.linkedin.com/in/shruti-chakraborty-31ab31238
Aditya Mehra,Tanishq Konkar,"5/12/26, 3:27 AM",,OUTGOING,https://www.linkedin.com/in/aditya-mehra-b8644b326,https://www.linkedin.com/in/tanishq-konkar-2894621b3
Aditya Mehra,Harshitha BM,"5/12/26, 3:27 AM",,OUTGOING,https://www.linkedin.com/in/aditya-mehra-b8644b326,https://www.linkedin.com/in/harshitha-bm-0a36041a4
Aditya Mehra,Nikhitha Naveen,"5/12/26, 3:27 AM",,OUTGOING,https://www.linkedin.com/in/aditya-mehra-b8644b326,https://www.linkedin.com/in/nikhitha-naveen-84973a1b6
Aditya Mehra,Prapty Chaudhary,"5/12/26, 3:27 AM",,OUTGOING,https://www.linkedin.com/in/aditya-mehra-b8644b326,https://www.linkedin.com/in/prapty-chaudhary-35a94227a
Aditya Mehra,Parisha Narang,"5/12/26, 3:27 AM",,OUTGOING,https://www.linkedin.com/in/aditya-mehra-b8644b326,https://www.linkedin.com/in/parisha-narang-416166301
Aditya Mehra,Avantika Rajan,"5/12/26, 3:27 AM",,OUTGOING,https://www.linkedin.com/in/aditya-mehra-b8644b326,https://www.linkedin.com/in/avantika-rajan
Aditya Mehra,Raima Bhaumik,"5/12/26, 3:26 AM",,OUTGOING,https://www.linkedin.com/in/aditya-mehra-b8644b326,https://www.linkedin.com/in/raimabhaumik
Aditya Mehra,Purvi Bhatia,"5/12/26, 3:27 AM",,OUTGOING,https://www.linkedin.com/in/aditya-mehra-b8644b326,https://www.linkedin.com/in/purvi-bhatia-900740245
Aditya Mehra,Arfa Banu khan,"5/12/26, 3:27 AM",,OUTGOING,https://www.linkedin.com/in/aditya-mehra-b8644b326,https://www.linkedin.com/in/arfa-banu-khan-740b2884
Aditya Mehra,Kinjal Sakariya,"5/12/26, 3:27 AM",,OUTGOING,https://www.linkedin.com/in/aditya-mehra-b8644b326,https://www.linkedin.com/in/kinjalsakariya
Aditya Mehra,Dr Muskaan,"5/12/26, 3:26 AM",,OUTGOING,https://www.linkedin.com/in/aditya-mehra-b8644b326,https://www.linkedin.com/in/dr-muskaan-7b3aa058
Aditya Mehra,Varsha Balaraju,"5/12/26, 3:26 AM",,OUTGOING,https://www.linkedin.com/in/aditya-mehra-b8644b326,https://www.linkedin.com/in/varsha-balaraju-a65166351
Aditya Mehra,Trisha Roy Chowdhury,"5/12/26, 3:27 AM",,OUTGOING,https://www.linkedin.com/in/aditya-mehra-b8644b326,https://www.linkedin.com/in/trisha-roy-chowdhury-9995a328b
Aditya Mehra,Avantika Kirpane,"5/12/26, 3:26 AM",,OUTGOING,https://www.linkedin.com/in/aditya-mehra-b8644b326,https://www.linkedin.com/in/avantika-kirpane
Aditya Mehra,Shreya Agrawal,"5/12/26, 3:26 AM",,OUTGOING,https://www.linkedin.com/in/aditya-mehra-b8644b326,https://www.linkedin.com/in/shreya--agrawal
Aditya Mehra,Ananya Agarwal,"5/12/26, 3:26 AM",,OUTGOING,https://www.linkedin.com/in/aditya-mehra-b8644b326,https://www.linkedin.com/in/ananyaagarwal171106
Aditya Mehra,Brinda srinivasa,"5/12/26, 3:26 AM",,OUTGOING,https://www.linkedin.com/in/aditya-mehra-b8644b326,https://www.linkedin.com/in/brinda-srinivasa-0b93a2283
Aditya Mehra,Nasreen B M ,"5/12/26, 3:27 AM",,OUTGOING,https://www.linkedin.com/in/aditya-mehra-b8644b326,https://www.linkedin.com/in/nasreen-b-m-111a13258
Aditya Mehra,Ananya Garg,"5/12/26, 3:27 AM",,OUTGOING,https://www.linkedin.com/in/aditya-mehra-b8644b326,https://www.linkedin.com/in/ananya-garg-487b0b297
Aditya Mehra,Saachi  R Katti,"5/12/26, 3:26 AM",,OUTGOING,https://www.linkedin.com/in/aditya-mehra-b8644b326,https://www.linkedin.com/in/saachi-r-katti-876592335
Aditya Mehra,Chavi Jain,"5/12/26, 3:25 AM",,OUTGOING,https://www.linkedin.com/in/aditya-mehra-b8644b326,https://www.linkedin.com/in/chavi-jain-949798283
Aditya Mehra,Jahnavi Jha,"5/12/26, 3:25 AM",,OUTGOING,https://www.linkedin.com/in/aditya-mehra-b8644b326,https://www.linkedin.com/in/jahnavi-jha-043669238
Aditya Mehra,Nidhi Bharatiya,"5/12/26, 3:24 AM",,OUTGOING,https://www.linkedin.com/in/aditya-mehra-b8644b326,https://www.linkedin.com/in/nidhi-bharatiya-061772245
Aditya Mehra,Bharathy Vijayan,"5/12/26, 3:24 AM",,OUTGOING,https://www.linkedin.com/in/aditya-mehra-b8644b326,https://www.linkedin.com/in/bharathy-vijayan-386b3427
Aditya Mehra,Yashvi Sachdeva,"5/12/26, 3:24 AM",,OUTGOING,https://www.linkedin.com/in/aditya-mehra-b8644b326,https://www.linkedin.com/in/yashvi-sachdeva-a6423a250
Aditya Mehra,Sireka J,"5/12/26, 3:24 AM",,OUTGOING,https://www.linkedin.com/in/aditya-mehra-b8644b326,https://www.linkedin.com/in/sireka-j-a4a03a331
Aditya Mehra,Yashasvi Sorapalli,"5/12/26, 3:24 AM",,OUTGOING,https://www.linkedin.com/in/aditya-mehra-b8644b326,https://www.linkedin.com/in/yashasvi-s
Aditya Mehra,V. Taniya,"5/12/26, 3:24 AM",,OUTGOING,https://www.linkedin.com/in/aditya-mehra-b8644b326,https://www.linkedin.com/in/v-taniya-b8760332a
Aditya Mehra,SHIKSHA PANDEY,"5/12/26, 3:23 AM",,OUTGOING,https://www.linkedin.com/in/aditya-mehra-b8644b326,https://www.linkedin.com/in/shiksha-pandey-735676274
Aditya Mehra,Omshree Mohapatra,"5/12/26, 3:24 AM",,OUTGOING,https://www.linkedin.com/in/aditya-mehra-b8644b326,https://www.linkedin.com/in/omshreemohapatra
Aditya Mehra,Jahanawi Kumari,"5/12/26, 3:24 AM",,OUTGOING,https://www.linkedin.com/in/aditya-mehra-b8644b326,https://www.linkedin.com/in/jahanawi-kumari-925920316
Aditya Mehra,Ishitha Gowda,"5/12/26, 3:23 AM",,OUTGOING,https://www.linkedin.com/in/aditya-mehra-b8644b326,https://www.linkedin.com/in/ishitha-gowda-146638334
Aditya Mehra,Tanvi Pendela,"5/12/26, 3:23 AM",,OUTGOING,https://www.linkedin.com/in/aditya-mehra-b8644b326,https://www.linkedin.com/in/tanvi-pendela
Aditya Mehra,Archie Rangwani,"5/12/26, 3:23 AM",,OUTGOING,https://www.linkedin.com/in/aditya-mehra-b8644b326,https://www.linkedin.com/in/archie-rangwani-352303307
Aditya Mehra,Sanjana .,"5/12/26, 3:23 AM",,OUTGOING,https://www.linkedin.com/in/aditya-mehra-b8644b326,https://www.linkedin.com/in/sanjana-b12a0531a
Aditya Mehra,Shriya Sharad,"5/12/26, 3:23 AM",,OUTGOING,https://www.linkedin.com/in/aditya-mehra-b8644b326,https://www.linkedin.com/in/shriya-sharad-09a96b31b
Aditya Mehra,Renjini Krishnan,"5/12/26, 3:23 AM",,OUTGOING,https://www.linkedin.com/in/aditya-mehra-b8644b326,https://www.linkedin.com/in/renjini-krishnan-35505713a
Aditya Mehra,Abhilasha Gupta,"5/12/26, 3:23 AM",,OUTGOING,https://www.linkedin.com/in/aditya-mehra-b8644b326,https://www.linkedin.com/in/abhilashagupta3
Aditya Mehra,Gayathri I N,"5/12/26, 3:23 AM",,OUTGOING,https://www.linkedin.com/in/aditya-mehra-b8644b326,https://www.linkedin.com/in/gayathriin
Aditya Mehra,Cheshta  Singh,"5/12/26, 3:23 AM",,OUTGOING,https://www.linkedin.com/in/aditya-mehra-b8644b326,https://www.linkedin.com/in/cheshta-singh-7935b51ab
Aditya Mehra,Smriti Narayan,"5/12/26, 3:22 AM",,OUTGOING,https://www.linkedin.com/in/aditya-mehra-b8644b326,https://www.linkedin.com/in/smriti-narayan
Aditya Mehra,Sanjana Rao,"5/12/26, 3:23 AM",,OUTGOING,https://www.linkedin.com/in/aditya-mehra-b8644b326,https://www.linkedin.com/in/sanjana-rao-83a476207
Aditya Mehra,Shubhada Agrawal,"5/12/26, 3:22 AM",,OUTGOING,https://www.linkedin.com/in/aditya-mehra-b8644b326,https://www.linkedin.com/in/shubhada-agrawal-55561867
Aditya Mehra,Rituparna Ghosh,"5/12/26, 3:22 AM",,OUTGOING,https://www.linkedin.com/in/aditya-mehra-b8644b326,https://www.linkedin.com/in/rituparna-ghosh-b18235325
Aditya Mehra,Lavanya S,"5/12/26, 3:21 AM",,OUTGOING,https://www.linkedin.com/in/aditya-mehra-b8644b326,https://www.linkedin.com/in/lavanya-s28
Aditya Mehra,Renita Verghese,"5/12/26, 3:21 AM",,OUTGOING,https://www.linkedin.com/in/aditya-mehra-b8644b326,https://www.linkedin.com/in/renita-verghese-768a25121
Aditya Mehra,Mrudula N,"5/12/26, 3:21 AM",,OUTGOING,https://www.linkedin.com/in/aditya-mehra-b8644b326,https://www.linkedin.com/in/mrudula-naveen
Aditya Mehra,Sonali Sethi,"5/12/26, 3:21 AM",,OUTGOING,https://www.linkedin.com/in/aditya-mehra-b8644b326,https://www.linkedin.com/in/sonali-sethi-129950274
Aditya Mehra,Aditi Venkatesh,"5/12/26, 3:20 AM",,OUTGOING,https://www.linkedin.com/in/aditya-mehra-b8644b326,https://www.linkedin.com/in/aditi-venkatesh-468064289
Aditya Mehra,Rakshna N.,"5/12/26, 3:20 AM",,OUTGOING,https://www.linkedin.com/in/aditya-mehra-b8644b326,https://www.linkedin.com/in/rakshna-n-6140049b
Aditya Mehra,Anagha S,"5/12/26, 3:20 AM",,OUTGOING,https://www.linkedin.com/in/aditya-mehra-b8644b326,https://www.linkedin.com/in/anagha-s-212b64374
Aditya Mehra,vejaya sri,"5/12/26, 3:19 AM",,OUTGOING,https://www.linkedin.com/in/aditya-mehra-b8644b326,https://www.linkedin.com/in/vejaya-sri-718b95214
Aditya Mehra,Eugenie Grant H.,"5/12/26, 3:19 AM",,OUTGOING,https://www.linkedin.com/in/aditya-mehra-b8644b326,https://www.linkedin.com/in/eugenie-grant-h-77327295
Aditya Mehra,Manpreet Kaur,"5/12/26, 3:19 AM",,OUTGOING,https://www.linkedin.com/in/aditya-mehra-b8644b326,https://www.linkedin.com/in/manpreet-kaur-58437816a
Aditya Mehra,Anshita Mittal,"5/12/26, 3:18 AM",,OUTGOING,https://www.linkedin.com/in/aditya-mehra-b8644b326,https://www.linkedin.com/in/anshitamittal
Aditya Mehra,Akshata Nippani,"5/12/26, 3:18 AM",,OUTGOING,https://www.linkedin.com/in/aditya-mehra-b8644b326,https://www.linkedin.com/in/akshata-nippani-39364724a
Aditya Mehra,Lauren Carvalho,"5/12/26, 3:18 AM",,OUTGOING,https://www.linkedin.com/in/aditya-mehra-b8644b326,https://www.linkedin.com/in/lauren-carvalho-902bb2358
Aditya Mehra,Sahasra K Jakkula,"5/12/26, 3:18 AM",,OUTGOING,https://www.linkedin.com/in/aditya-mehra-b8644b326,https://www.linkedin.com/in/sahasra-k-jakkula-a800bb323
Aditya Mehra,Aishani H.M,"5/12/26, 3:18 AM",,OUTGOING,https://www.linkedin.com/in/aditya-mehra-b8644b326,https://www.linkedin.com/in/aishani-h-m-3286173b0
Aditya Mehra,Anvi Ravi,"5/12/26, 3:18 AM",,OUTGOING,https://www.linkedin.com/in/aditya-mehra-b8644b326,https://www.linkedin.com/in/anvi-ravi-9a481a253
Aditya Mehra,Arpita Saha,"5/12/26, 3:18 AM",,OUTGOING,https://www.linkedin.com/in/aditya-mehra-b8644b326,https://www.linkedin.com/in/arpita-saha-6a890790
Aditya Mehra,Shraddha Abhishek,"5/12/26, 3:17 AM",,OUTGOING,https://www.linkedin.com/in/aditya-mehra-b8644b326,https://www.linkedin.com/in/shraddha-abhishek-7202b0297
Aditya Mehra,Annashri Mahato,"5/12/26, 3:17 AM",,OUTGOING,https://www.linkedin.com/in/aditya-mehra-b8644b326,https://www.linkedin.com/in/annashrimahato
Aditya Mehra,Ruhani Khandelwal,"5/12/26, 3:17 AM",,OUTGOING,https://www.linkedin.com/in/aditya-mehra-b8644b326,https://www.linkedin.com/in/ruhani-khandelwal-993385359
Aditya Mehra,Dr. Sritama Dutta,"5/12/26, 3:17 AM",,OUTGOING,https://www.linkedin.com/in/aditya-mehra-b8644b326,https://www.linkedin.com/in/sritamadutta
Aditya Mehra,Khwahish Choudhary,"5/12/26, 3:17 AM",,OUTGOING,https://www.linkedin.com/in/aditya-mehra-b8644b326,https://www.linkedin.com/in/khwahish-choudhary-182a7225b
Aditya Mehra,Anusha Singh,"5/12/26, 3:17 AM",,OUTGOING,https://www.linkedin.com/in/aditya-mehra-b8644b326,https://www.linkedin.com/in/anusha-s-76631a281
Aditya Mehra,Urmi Mall,"5/12/26, 3:17 AM",,OUTGOING,https://www.linkedin.com/in/aditya-mehra-b8644b326,https://www.linkedin.com/in/urmi-mall-494013308
Aditya Mehra,Jiya Jain,"5/12/26, 3:17 AM",,OUTGOING,https://www.linkedin.com/in/aditya-mehra-b8644b326,https://www.linkedin.com/in/jiyajain2209
Aditya Mehra,Trisha Vishal Shah,"5/12/26, 3:17 AM",,OUTGOING,https://www.linkedin.com/in/aditya-mehra-b8644b326,https://www.linkedin.com/in/trisha-vishal-shah-2140513a8
Aditya Mehra,Rhea Modi,"5/12/26, 3:17 AM",,OUTGOING,https://www.linkedin.com/in/aditya-mehra-b8644b326,https://www.linkedin.com/in/rhea-modi-9049752b1
Aditya Mehra,Rhea Daga,"5/12/26, 3:17 AM",,OUTGOING,https://www.linkedin.com/in/aditya-mehra-b8644b326,https://www.linkedin.com/in/rhea-daga-35a226237
Aditya Mehra,Arasi Suresh,"5/12/26, 3:17 AM",,OUTGOING,https://www.linkedin.com/in/aditya-mehra-b8644b326,https://www.linkedin.com/in/arasi-suresh-4180a628a
Aditya Mehra,Neha Chanddra,"5/12/26, 3:16 AM",,OUTGOING,https://www.linkedin.com/in/aditya-mehra-b8644b326,https://www.linkedin.com/in/nehachandra
Aditya Mehra,Priya Ajay Gondhiya,"5/12/26, 3:17 AM",,OUTGOING,https://www.linkedin.com/in/aditya-mehra-b8644b326,https://www.linkedin.com/in/priyaajaygondhiya
Aditya Mehra,Saheli Gupta,"5/12/26, 3:17 AM",,OUTGOING,https://www.linkedin.com/in/aditya-mehra-b8644b326,https://www.linkedin.com/in/saheli-gupta
Aditya Mehra,Anjali Nair,"5/12/26, 3:17 AM",,OUTGOING,https://www.linkedin.com/in/aditya-mehra-b8644b326,https://www.linkedin.com/in/nairanjali2404
Aditya Mehra,Priyanka Garg ,"5/12/26, 3:17 AM",,OUTGOING,https://www.linkedin.com/in/aditya-mehra-b8644b326,https://www.linkedin.com/in/priyanka-garg07
Aditya Mehra,Lipika Banerji,"5/12/26, 3:16 AM",,OUTGOING,https://www.linkedin.com/in/aditya-mehra-b8644b326,https://www.linkedin.com/in/lipika-banerji-5051bb377
Aditya Mehra,Anaya Vaz,"5/12/26, 3:16 AM",,OUTGOING,https://www.linkedin.com/in/aditya-mehra-b8644b326,https://www.linkedin.com/in/anaya-vaz
Aditya Mehra,Shaik Mohammed Amira Farheen,"5/12/26, 3:16 AM",,OUTGOING,https://www.linkedin.com/in/aditya-mehra-b8644b326,https://www.linkedin.com/in/shaik-mohammed-amira-farheen-6638282b6
Aditya Mehra,Rhea Bhatia,"5/12/26, 3:16 AM",,OUTGOING,https://www.linkedin.com/in/aditya-mehra-b8644b326,https://www.linkedin.com/in/-rheabhatia-
Aditya Mehra,Sahana Kuttuva,"5/12/26, 3:16 AM",,OUTGOING,https://www.linkedin.com/in/aditya-mehra-b8644b326,https://www.linkedin.com/in/sahana-kuttuva-63727427b
Aditya Mehra,Chaithra Ajay,"5/12/26, 3:16 AM",,OUTGOING,https://www.linkedin.com/in/aditya-mehra-b8644b326,https://www.linkedin.com/in/chaithra-ajay-390b5671
Aditya Mehra,Banie sachdev,"5/12/26, 3:16 AM",,OUTGOING,https://www.linkedin.com/in/aditya-mehra-b8644b326,https://www.linkedin.com/in/banie-sachdev-717280190
Aditya Mehra,Milonee Mishra,"5/12/26, 3:16 AM",,OUTGOING,https://www.linkedin.com/in/aditya-mehra-b8644b326,https://www.linkedin.com/in/milonee-mishra-56a815288
Aditya Mehra,Saumya Bansal,"5/12/26, 3:16 AM",,OUTGOING,https://www.linkedin.com/in/aditya-mehra-b8644b326,https://www.linkedin.com/in/saumyabansal054
Aditya Mehra,Sanjana Denis,"5/12/26, 3:16 AM",,OUTGOING,https://www.linkedin.com/in/aditya-mehra-b8644b326,https://www.linkedin.com/in/sanjana-denis-3443662a7
Aditya Mehra,Alka Purwar,"5/12/26, 3:16 AM",,OUTGOING,https://www.linkedin.com/in/aditya-mehra-b8644b326,https://www.linkedin.com/in/alka-purwar
Aditya Mehra,Akanksha Gowda,"5/12/26, 3:16 AM",,OUTGOING,https://www.linkedin.com/in/aditya-mehra-b8644b326,https://www.linkedin.com/in/akanksha-gowda-915620287
Aditya Mehra,Susmita Bhattacharjee,"5/12/26, 3:16 AM",,OUTGOING,https://www.linkedin.com/in/aditya-mehra-b8644b326,https://www.linkedin.com/in/susmita-bhattacharjee
Aditya Mehra,Shweta Muni,"5/12/26, 3:16 AM",,OUTGOING,https://www.linkedin.com/in/aditya-mehra-b8644b326,https://www.linkedin.com/in/shwetamuni
Aditya Mehra,Rukmini Padakandla,"5/12/26, 3:16 AM",,OUTGOING,https://www.linkedin.com/in/aditya-mehra-b8644b326,https://www.linkedin.com/in/rukmini-padakandla-02b71721a
Aditya Mehra,Ankita Yadav,"5/12/26, 3:16 AM",,OUTGOING,https://www.linkedin.com/in/aditya-mehra-b8644b326,https://www.linkedin.com/in/ankita-yadav-3559a4b1
Aditya Mehra,Madhuri mishra,"5/12/26, 3:16 AM",,OUTGOING,https://www.linkedin.com/in/aditya-mehra-b8644b326,https://www.linkedin.com/in/madhuri-mishra-b0a835165
Aditya Mehra,Akshitha Deepak,"5/12/26, 3:16 AM",,OUTGOING,https://www.linkedin.com/in/aditya-mehra-b8644b326,https://www.linkedin.com/in/akshitha-deepak
Aditya Mehra,Mansi Tripathi,"5/12/26, 3:16 AM",,OUTGOING,https://www.linkedin.com/in/aditya-mehra-b8644b326,https://www.linkedin.com/in/mansi-tripathi-b477361b5
Aditya Mehra,Sheila  Alexander ,"5/12/26, 3:16 AM",,OUTGOING,https://www.linkedin.com/in/aditya-mehra-b8644b326,https://www.linkedin.com/in/sheila-alexander-bb794022
Aditya Mehra,Suditi Jagdish Shetty,"5/12/26, 3:15 AM",,OUTGOING,https://www.linkedin.com/in/aditya-mehra-b8644b326,https://www.linkedin.com/in/suditi-jagdish-shetty-83536831a
Aditya Mehra,Sharon Shibu,"5/12/26, 3:14 AM",,OUTGOING,https://www.linkedin.com/in/aditya-mehra-b8644b326,https://www.linkedin.com/in/sharon-shibu-420709388
Aditya Mehra,Divyanshi Hemrajani,"5/12/26, 3:14 AM",,OUTGOING,https://www.linkedin.com/in/aditya-mehra-b8644b326,https://www.linkedin.com/in/divyanshi-hemrajani-240932285
Aditya Mehra,kalpana bhama,"5/12/26, 3:14 AM",,OUTGOING,https://www.linkedin.com/in/aditya-mehra-b8644b326,https://www.linkedin.com/in/kalpana-bhama-906836193
Aditya Mehra,Shorya Jain,"5/12/26, 3:14 AM",,OUTGOING,https://www.linkedin.com/in/aditya-mehra-b8644b326,https://www.linkedin.com/in/shorya-jain-50b140372
Aditya Mehra,Snija Thanishka  Reddy,"5/12/26, 3:14 AM",,OUTGOING,https://www.linkedin.com/in/aditya-mehra-b8644b326,https://www.linkedin.com/in/snija-reddy
Aditya Mehra,Himanya Malhan,"5/12/26, 3:14 AM",,OUTGOING,https://www.linkedin.com/in/aditya-mehra-b8644b326,https://www.linkedin.com/in/himanya-malhan-327854333
Aditya Mehra,Bhumika Rawal,"5/12/26, 3:14 AM",,OUTGOING,https://www.linkedin.com/in/aditya-mehra-b8644b326,https://www.linkedin.com/in/bhumikarawal1309
Aditya Mehra,Duaa Singhi,"5/12/26, 3:14 AM",,OUTGOING,https://www.linkedin.com/in/aditya-mehra-b8644b326,https://www.linkedin.com/in/duaa-singhi-839b97309
Aditya Mehra,Parshwiyata Kamde,"5/12/26, 3:14 AM",,OUTGOING,https://www.linkedin.com/in/aditya-mehra-b8644b326,https://www.linkedin.com/in/parshwiyatakamde
Aditya Mehra,Jyothis Mathew,"5/12/26, 3:14 AM",,OUTGOING,https://www.linkedin.com/in/aditya-mehra-b8644b326,https://www.linkedin.com/in/jyothis-mathew-40b3201a0
Aditya Mehra,Priyasha Dua,"5/12/26, 3:14 AM",,OUTGOING,https://www.linkedin.com/in/aditya-mehra-b8644b326,https://www.linkedin.com/in/priyasha-dua-66a90131b
Aditya Mehra,Deepika Kumari,"5/12/26, 3:13 AM",,OUTGOING,https://www.linkedin.com/in/aditya-mehra-b8644b326,https://www.linkedin.com/in/deepika-kumari-3290511bb
Aditya Mehra,Sindhu Lakshman ,"5/12/26, 3:13 AM",,OUTGOING,https://www.linkedin.com/in/aditya-mehra-b8644b326,https://www.linkedin.com/in/sindhu-lakshman-339630149
Aditya Mehra,Abira Mukherjee,"5/12/26, 3:13 AM",,OUTGOING,https://www.linkedin.com/in/aditya-mehra-b8644b326,https://www.linkedin.com/in/abira-mukherjee-7955aa2b2
Aditya Mehra,Hema Balakrishnan,"5/12/26, 3:13 AM",,OUTGOING,https://www.linkedin.com/in/aditya-mehra-b8644b326,https://www.linkedin.com/in/hema-balakrishnan-225738318
Aditya Mehra,Sneha Jacob,"5/12/26, 3:13 AM",,OUTGOING,https://www.linkedin.com/in/aditya-mehra-b8644b326,https://www.linkedin.com/in/sneha-jacob-5725a1146
Aditya Mehra,Babalusha Esther Alexander,"5/12/26, 3:13 AM",,OUTGOING,https://www.linkedin.com/in/aditya-mehra-b8644b326,https://www.linkedin.com/in/babalusha-esther-alexander
Aditya Mehra,Inaya Zahir,"5/12/26, 3:13 AM",,OUTGOING,https://www.linkedin.com/in/aditya-mehra-b8644b326,https://www.linkedin.com/in/inaya-zahir-7ba253187
Aditya Mehra,Varsha  Madhusudan,"5/12/26, 3:12 AM",,OUTGOING,https://www.linkedin.com/in/aditya-mehra-b8644b326,https://www.linkedin.com/in/varsha-madhusudan-6a1200251
Aditya Mehra,Sindhuja Natarajan,"5/12/26, 3:12 AM",,OUTGOING,https://www.linkedin.com/in/aditya-mehra-b8644b326,https://www.linkedin.com/in/sindhuja-natarajan-57a860197
Aditya Mehra,Meghana Kataria,"5/12/26, 3:12 AM",,OUTGOING,https://www.linkedin.com/in/aditya-mehra-b8644b326,https://www.linkedin.com/in/meghana-kataria-24b41b2b8
Aditya Mehra,Anshi Gopinath,"5/12/26, 3:12 AM",,OUTGOING,https://www.linkedin.com/in/aditya-mehra-b8644b326,https://www.linkedin.com/in/anshi-gopinath
Aditya Mehra,Rupika V,"5/12/26, 3:12 AM",,OUTGOING,https://www.linkedin.com/in/aditya-mehra-b8644b326,https://www.linkedin.com/in/rupika-v-a34ab0375
Aditya Mehra,Aapti Madhu,"5/12/26, 3:12 AM",,OUTGOING,https://www.linkedin.com/in/aditya-mehra-b8644b326,https://www.linkedin.com/in/aapti-madhu-4a7296373
Aditya Mehra,Alar Arvind,"5/12/26, 3:12 AM",,OUTGOING,https://www.linkedin.com/in/aditya-mehra-b8644b326,https://www.linkedin.com/in/alar-arvind-1b5848302
Aditya Mehra,Sameeksha  Ramaswamy Veeresh,"5/12/26, 3:12 AM",,OUTGOING,https://www.linkedin.com/in/aditya-mehra-b8644b326,https://www.linkedin.com/in/sameeksharamaswamyveeresh
Aditya Mehra,Sadhvi Shanbog,"5/12/26, 3:12 AM",,OUTGOING,https://www.linkedin.com/in/aditya-mehra-b8644b326,https://www.linkedin.com/in/sadhvi-shanbog
Aditya Mehra,Ann Jacob,"5/12/26, 3:11 AM",,OUTGOING,https://www.linkedin.com/in/aditya-mehra-b8644b326,https://www.linkedin.com/in/-annjacob
Aditya Mehra,Aadhya Shroff,"5/12/26, 3:12 AM",,OUTGOING,https://www.linkedin.com/in/aditya-mehra-b8644b326,https://www.linkedin.com/in/aadhyashroff
Aditya Mehra,Kshitika Pradhan,"5/12/26, 3:12 AM",,OUTGOING,https://www.linkedin.com/in/aditya-mehra-b8644b326,https://www.linkedin.com/in/kshitika-pradhan
Aditya Mehra,Ananya Ananthanarayanan,"5/12/26, 3:12 AM",,OUTGOING,https://www.linkedin.com/in/aditya-mehra-b8644b326,https://www.linkedin.com/in/ananya-ananthanarayanan0412
Aditya Mehra,Zaina Salim,"5/12/26, 3:11 AM",,OUTGOING,https://www.linkedin.com/in/aditya-mehra-b8644b326,https://www.linkedin.com/in/zaina-salim
Aditya Mehra,Priyanka  M Valecha,"5/12/26, 3:11 AM",,OUTGOING,https://www.linkedin.com/in/aditya-mehra-b8644b326,https://www.linkedin.com/in/priyanka-valecha
Aditya Mehra,Pihu Mittal,"5/12/26, 3:11 AM",,OUTGOING,https://www.linkedin.com/in/aditya-mehra-b8644b326,https://www.linkedin.com/in/pihu-mittal2512
Aditya Mehra,Vaishnavi Reddy,"5/12/26, 3:11 AM",,OUTGOING,https://www.linkedin.com/in/aditya-mehra-b8644b326,https://www.linkedin.com/in/varwrk
Aditya Mehra,Nidhi Karthik,"5/12/26, 3:11 AM",,OUTGOING,https://www.linkedin.com/in/aditya-mehra-b8644b326,https://www.linkedin.com/in/nidkarthik
Aditya Mehra,Diya Deshpande,"5/12/26, 3:11 AM",,OUTGOING,https://www.linkedin.com/in/aditya-mehra-b8644b326,https://www.linkedin.com/in/diya-deshpande-9b330a36b
Aditya Mehra,Kshiti Manjunath,"5/12/26, 3:11 AM",,OUTGOING,https://www.linkedin.com/in/aditya-mehra-b8644b326,https://www.linkedin.com/in/kshitimanjunath
Aditya Mehra,Pooja  Ravichandran,"5/12/26, 3:11 AM",,OUTGOING,https://www.linkedin.com/in/aditya-mehra-b8644b326,https://www.linkedin.com/in/poojaravichandran
Aditya Mehra,Yuvika Dwivedi,"5/12/26, 3:11 AM",,OUTGOING,https://www.linkedin.com/in/aditya-mehra-b8644b326,https://www.linkedin.com/in/yuvika-dwivedi-b69219253
Aditya Mehra,Shabdita Asthana,"5/12/26, 3:11 AM",,OUTGOING,https://www.linkedin.com/in/aditya-mehra-b8644b326,https://www.linkedin.com/in/shabdita-asthana-8ba00918b
Aditya Mehra,Vanshika Pandey,"5/12/26, 3:11 AM",,OUTGOING,https://www.linkedin.com/in/aditya-mehra-b8644b326,https://www.linkedin.com/in/vanshika-pandey-6134432a8
Aditya Mehra,Anjali Shivakumar,"5/12/26, 3:11 AM",,OUTGOING,https://www.linkedin.com/in/aditya-mehra-b8644b326,https://www.linkedin.com/in/anjali-shivakumar
Aditya Mehra,Lekshmi Manoj,"5/12/26, 3:11 AM",,OUTGOING,https://www.linkedin.com/in/aditya-mehra-b8644b326,https://www.linkedin.com/in/lekshmi-manoj
Aditya Mehra,Shreya Namana,"5/12/26, 3:11 AM",,OUTGOING,https://www.linkedin.com/in/aditya-mehra-b8644b326,https://www.linkedin.com/in/shreya-namana
Aditya Mehra,Abhipsa Mohapatra,"5/12/26, 3:11 AM",,OUTGOING,https://www.linkedin.com/in/aditya-mehra-b8644b326,https://www.linkedin.com/in/abhipsa-mohapatra-6b530b305
Aditya Mehra,Khushi Gowda,"5/12/26, 3:11 AM",,OUTGOING,https://www.linkedin.com/in/aditya-mehra-b8644b326,https://www.linkedin.com/in/khushi-gowda-6bb9b032a
Aditya Mehra,Nancy Sabillon,"5/12/26, 3:10 AM",,OUTGOING,https://www.linkedin.com/in/aditya-mehra-b8644b326,https://www.linkedin.com/in/nancy-sabillon-155508172
Aditya Mehra,Radha Ann Nambisan,"5/12/26, 3:10 AM",,OUTGOING,https://www.linkedin.com/in/aditya-mehra-b8644b326,https://www.linkedin.com/in/radha-ann-nambisan-50155724a
Aditya Mehra,Siyona Khurana,"5/12/26, 3:10 AM",,OUTGOING,https://www.linkedin.com/in/aditya-mehra-b8644b326,https://www.linkedin.com/in/siyona-khurana-b78a213b8
Aditya Mehra,Kavitha Anilkumar,"5/12/26, 3:10 AM",,OUTGOING,https://www.linkedin.com/in/aditya-mehra-b8644b326,https://www.linkedin.com/in/kavitha-anilkumar-5a33041a3
Aditya Mehra,Meenakshi Myer,"5/12/26, 3:10 AM",,OUTGOING,https://www.linkedin.com/in/aditya-mehra-b8644b326,https://www.linkedin.com/in/meenakshi-myer-36521615
Aditya Mehra,ALVIYA MARIA JOHN,"5/12/26, 3:10 AM",,OUTGOING,https://www.linkedin.com/in/aditya-mehra-b8644b326,https://www.linkedin.com/in/alviya-maria-john-b17425285
Aditya Mehra,Natasha Ladhani,"5/12/26, 3:10 AM",,OUTGOING,https://www.linkedin.com/in/aditya-mehra-b8644b326,https://www.linkedin.com/in/natasha-ladhani-621741292
Aditya Mehra,Shamshad Khalandria Bi,"5/12/26, 3:10 AM",,OUTGOING,https://www.linkedin.com/in/aditya-mehra-b8644b326,https://www.linkedin.com/in/shamshad-khalandria-bi-71196b77
Aditya Mehra,Sharmeen Khan,"5/12/26, 3:10 AM",,OUTGOING,https://www.linkedin.com/in/aditya-mehra-b8644b326,https://www.linkedin.com/in/sharmeen-khan-09314017b
Aditya Mehra,Kena Nayak,"5/12/26, 3:10 AM",,OUTGOING,https://www.linkedin.com/in/aditya-mehra-b8644b326,https://www.linkedin.com/in/kena-nayak-62074328b
Aditya Mehra,Shreya Dhar,"5/12/26, 3:08 AM",,OUTGOING,https://www.linkedin.com/in/aditya-mehra-b8644b326,https://www.linkedin.com/in/shreya-dhar-173886284
Aditya Mehra,Gunjan Jain,"5/12/26, 3:08 AM",,OUTGOING,https://www.linkedin.com/in/aditya-mehra-b8644b326,https://www.linkedin.com/in/gunjan-jain-09571b16b
Aditya Mehra,Vedika Agarwal,"5/12/26, 3:08 AM",,OUTGOING,https://www.linkedin.com/in/aditya-mehra-b8644b326,https://www.linkedin.com/in/vedika-agarwal-61b60656
Aditya Mehra,Shagun Gandhi,"5/12/26, 3:08 AM",,OUTGOING,https://www.linkedin.com/in/aditya-mehra-b8644b326,https://www.linkedin.com/in/shagun-gandhi
Aditya Mehra,Tithi Chattopadhyay,"5/12/26, 3:08 AM",,OUTGOING,https://www.linkedin.com/in/aditya-mehra-b8644b326,https://www.linkedin.com/in/tithi-chattopadhyay-b7388b205
Aditya Mehra,Aakriti Bothra,"5/12/26, 3:08 AM",,OUTGOING,https://www.linkedin.com/in/aditya-mehra-b8644b326,https://www.linkedin.com/in/aakriti-bothra-5793981b8
Aditya Mehra,Kulsum Kamal,"5/12/26, 3:08 AM",,OUTGOING,https://www.linkedin.com/in/aditya-mehra-b8644b326,https://www.linkedin.com/in/kulsumkamal
Aditya Mehra,Adira Das,"5/12/26, 3:08 AM",,OUTGOING,https://www.linkedin.com/in/aditya-mehra-b8644b326,https://www.linkedin.com/in/adira-das-45979625a
Aditya Mehra,Grisha Mehta,"5/12/26, 3:08 AM",,OUTGOING,https://www.linkedin.com/in/aditya-mehra-b8644b326,https://www.linkedin.com/in/grisha-mehta
Aditya Mehra,shreya gupta,"5/12/26, 3:08 AM",,OUTGOING,https://www.linkedin.com/in/aditya-mehra-b8644b326,https://www.linkedin.com/in/shreyagupta27
Aditya Mehra,Anamika Chatterjee,"5/12/26, 3:08 AM",,OUTGOING,https://www.linkedin.com/in/aditya-mehra-b8644b326,https://www.linkedin.com/in/anamika-chatterjee-care
Aditya Mehra,Bidisha Dutta,"5/12/26, 3:08 AM",,OUTGOING,https://www.linkedin.com/in/aditya-mehra-b8644b326,https://www.linkedin.com/in/bidisha-dutta-636b36225
Aditya Mehra,KIRTI CHINTAWAR.,"5/12/26, 3:08 AM",,OUTGOING,https://www.linkedin.com/in/aditya-mehra-b8644b326,https://www.linkedin.com/in/kirti-chintawar-3685a0129
Aditya Mehra,Daksha Saha,"5/12/26, 3:08 AM",,OUTGOING,https://www.linkedin.com/in/aditya-mehra-b8644b326,https://www.linkedin.com/in/daksha-saha-8b3057282
Aditya Mehra,Diya Chatterjee,"5/12/26, 3:08 AM",,OUTGOING,https://www.linkedin.com/in/aditya-mehra-b8644b326,https://www.linkedin.com/in/diyachatterjee13
Aditya Mehra,Komal Agarwal,"5/12/26, 3:08 AM",,OUTGOING,https://www.linkedin.com/in/aditya-mehra-b8644b326,https://www.linkedin.com/in/komal-agarwal
Aditya Mehra,Anoushca  Jain,"5/12/26, 3:08 AM",,OUTGOING,https://www.linkedin.com/in/aditya-mehra-b8644b326,https://www.linkedin.com/in/anoushca-jain-384411267
Aditya Mehra,Pranay Agarwal,"5/12/26, 3:07 AM",,OUTGOING,https://www.linkedin.com/in/aditya-mehra-b8644b326,https://www.linkedin.com/in/pranay-agarwal-11n
Aditya Mehra,Tanmay Chhaparia,"5/12/26, 3:07 AM",,OUTGOING,https://www.linkedin.com/in/aditya-mehra-b8644b326,https://www.linkedin.com/in/tanmaychhaparia
Aditya Mehra,Saayani Dey,"5/12/26, 3:07 AM",,OUTGOING,https://www.linkedin.com/in/aditya-mehra-b8644b326,https://www.linkedin.com/in/saayani-dey-4592a0141
Aditya Mehra,Harsh Chhaparia,"5/12/26, 3:07 AM",,OUTGOING,https://www.linkedin.com/in/aditya-mehra-b8644b326,https://www.linkedin.com/in/harsh-chhaparia-9132454
Aditya Mehra,Gaurav Dev Burman,"5/12/26, 3:07 AM",,OUTGOING,https://www.linkedin.com/in/aditya-mehra-b8644b326,https://www.linkedin.com/in/gaurav-dev-burman-1213342
Aditya Mehra,Sutanu Chowdhury,"5/12/26, 3:07 AM",,OUTGOING,https://www.linkedin.com/in/aditya-mehra-b8644b326,https://www.linkedin.com/in/sutanuchowdhury
Aditya Mehra,Archit Khemka,"5/12/26, 3:07 AM",,OUTGOING,https://www.linkedin.com/in/aditya-mehra-b8644b326,https://www.linkedin.com/in/archit-khemka-0091224a
Aditya Mehra,Sujata Panigrahi,"5/5/26, 4:30 AM",,OUTGOING,https://www.linkedin.com/in/aditya-mehra-b8644b326,https://www.linkedin.com/in/sujata-panigrahi-10921b200
Aditya Mehra,Shemakshi Thakur,"5/5/26, 4:30 AM",,OUTGOING,https://www.linkedin.com/in/aditya-mehra-b8644b326,https://www.linkedin.com/in/shemakshi-thakur-67170b75
Aditya Mehra,Ria Rastogi,"5/5/26, 4:30 AM",,OUTGOING,https://www.linkedin.com/in/aditya-mehra-b8644b326,https://www.linkedin.com/in/riarastogi
Aditya Mehra, Sanjana Gupta,"5/5/26, 4:30 AM",,OUTGOING,https://www.linkedin.com/in/aditya-mehra-b8644b326,https://www.linkedin.com/in/sanjana-gupta-b55200178
Aditya Mehra,Mansi Pinto,"5/5/26, 4:30 AM",,OUTGOING,https://www.linkedin.com/in/aditya-mehra-b8644b326,https://www.linkedin.com/in/mansi-pinto-494388220
Aditya Mehra,Tanya Gupta,"5/5/26, 4:30 AM",,OUTGOING,https://www.linkedin.com/in/aditya-mehra-b8644b326,https://www.linkedin.com/in/tanya-gupta-677852210
Aditya Mehra,Gaayathri L A,"5/5/26, 4:30 AM",,OUTGOING,https://www.linkedin.com/in/aditya-mehra-b8644b326,https://www.linkedin.com/in/gaayathri-l-a-9b6745246
Aditya Mehra,Gunjan Jain,"5/5/26, 4:29 AM",,OUTGOING,https://www.linkedin.com/in/aditya-mehra-b8644b326,https://www.linkedin.com/in/gunjan-jain-689577288
Aditya Mehra,Shreyoshi Biswas,"5/5/26, 4:30 AM",,OUTGOING,https://www.linkedin.com/in/aditya-mehra-b8644b326,https://www.linkedin.com/in/shreyoshi-biswas-146060265
Aditya Mehra,Vidya Kumar,"5/5/26, 4:30 AM",,OUTGOING,https://www.linkedin.com/in/aditya-mehra-b8644b326,https://www.linkedin.com/in/vidya-kumar-8b371113a
Aditya Mehra,Christelle Sibu Cheeran,"5/5/26, 4:29 AM",,OUTGOING,https://www.linkedin.com/in/aditya-mehra-b8644b326,https://www.linkedin.com/in/christelle-sibu-cheeran
Aditya Mehra,Ashwini Ramesh,"5/5/26, 4:29 AM",,OUTGOING,https://www.linkedin.com/in/aditya-mehra-b8644b326,https://www.linkedin.com/in/ashwini-ramesh-953008214
Aditya Mehra,Ritu Jha,"5/5/26, 4:29 AM",,OUTGOING,https://www.linkedin.com/in/aditya-mehra-b8644b326,https://www.linkedin.com/in/ritu-jha-5452761b4
Aditya Mehra,Jahnavi Sinha,"5/5/26, 4:29 AM",,OUTGOING,https://www.linkedin.com/in/aditya-mehra-b8644b326,https://www.linkedin.com/in/jahnavi-sinha-849507175
Aditya Mehra,Shagun Mittal,"5/5/26, 4:29 AM",,OUTGOING,https://www.linkedin.com/in/aditya-mehra-b8644b326,https://www.linkedin.com/in/shagun-mittal
Aditya Mehra,PUJA PODDAR,"5/5/26, 4:29 AM",,OUTGOING,https://www.linkedin.com/in/aditya-mehra-b8644b326,https://www.linkedin.com/in/puja-poddar-7a6952205
Aditya Mehra,Arunima Kamat,"5/5/26, 4:29 AM",,OUTGOING,https://www.linkedin.com/in/aditya-mehra-b8644b326,https://www.linkedin.com/in/arunima-kamat-a5abb625b
Aditya Mehra,Laxmi Muthukumar,"5/5/26, 4:29 AM",,OUTGOING,https://www.linkedin.com/in/aditya-mehra-b8644b326,https://www.linkedin.com/in/laxmi-muthukumar-b6574821b
Aditya Mehra,Archita Vaidya,"5/5/26, 4:29 AM",,OUTGOING,https://www.linkedin.com/in/aditya-mehra-b8644b326,https://www.linkedin.com/in/archita-vaidya-007847190
Aditya Mehra,Harini Akella,"5/5/26, 4:29 AM",,OUTGOING,https://www.linkedin.com/in/aditya-mehra-b8644b326,https://www.linkedin.com/in/harini-akella-7493691b7
Aditya Mehra,Meghna Deka,"5/5/26, 4:29 AM",,OUTGOING,https://www.linkedin.com/in/aditya-mehra-b8644b326,https://www.linkedin.com/in/meghna-deka-416963188
Aditya Mehra,Ruhani Barooah,"5/5/26, 4:28 AM",,OUTGOING,https://www.linkedin.com/in/aditya-mehra-b8644b326,https://www.linkedin.com/in/ruhani-barooah-464722236
Aditya Mehra,"Prashasti Dwivedi, CSPO® SAFe® POPM","5/5/26, 4:28 AM",,OUTGOING,https://www.linkedin.com/in/aditya-mehra-b8644b326,https://www.linkedin.com/in/prashasti-dwivedi
Aditya Mehra,Prathyusha Challa,"5/5/26, 4:28 AM",,OUTGOING,https://www.linkedin.com/in/aditya-mehra-b8644b326,https://www.linkedin.com/in/prathyusha-challa-4ab237b1
Aditya Mehra,Naina Gupta,"5/5/26, 4:28 AM",,OUTGOING,https://www.linkedin.com/in/aditya-mehra-b8644b326,https://www.linkedin.com/in/naina-gupta-001579213
Aditya Mehra,Rishita Nandi,"5/5/26, 4:28 AM",,OUTGOING,https://www.linkedin.com/in/aditya-mehra-b8644b326,https://www.linkedin.com/in/rishita-nandi-055669190
Aditya Mehra,Josephine Rita,"5/5/26, 4:28 AM",,OUTGOING,https://www.linkedin.com/in/aditya-mehra-b8644b326,https://www.linkedin.com/in/josephine-rita-a01172279
Aditya Mehra,Ananya Mamidala,"5/5/26, 4:28 AM",,OUTGOING,https://www.linkedin.com/in/aditya-mehra-b8644b326,https://www.linkedin.com/in/ananya-mamidala-447228321
Aditya Mehra,Shreya P.,"5/5/26, 4:28 AM",,OUTGOING,https://www.linkedin.com/in/aditya-mehra-b8644b326,https://www.linkedin.com/in/shreyasp1209
Aditya Mehra,Rashi Modi,"5/5/26, 4:28 AM",,OUTGOING,https://www.linkedin.com/in/aditya-mehra-b8644b326,https://www.linkedin.com/in/rashimodi04
Aditya Mehra,Stuti Sharma,"5/5/26, 4:28 AM",,OUTGOING,https://www.linkedin.com/in/aditya-mehra-b8644b326,https://www.linkedin.com/in/stutisharma2002
Aditya Mehra,Shushmitha G,"5/5/26, 4:28 AM",,OUTGOING,https://www.linkedin.com/in/aditya-mehra-b8644b326,https://www.linkedin.com/in/shushmitha-g-9892ab250
Aditya Mehra,Nikita Valecha,"5/5/26, 4:28 AM",,OUTGOING,https://www.linkedin.com/in/aditya-mehra-b8644b326,https://www.linkedin.com/in/nikitavalecha12
Aditya Mehra,Samridhi Chauhan,"5/5/26, 4:28 AM",,OUTGOING,https://www.linkedin.com/in/aditya-mehra-b8644b326,https://www.linkedin.com/in/samridhi-chauhan-0250b0152
Aditya Mehra,Pujasri K Nair,"5/5/26, 4:28 AM",,OUTGOING,https://www.linkedin.com/in/aditya-mehra-b8644b326,https://www.linkedin.com/in/pujasri-k-nair-57215727b
Aditya Mehra,Vasunthara S,"5/5/26, 4:28 AM",,OUTGOING,https://www.linkedin.com/in/aditya-mehra-b8644b326,https://www.linkedin.com/in/vasunthara-s-9b1b04212
Aditya Mehra,Supratika Shruti,"5/5/26, 4:28 AM",,OUTGOING,https://www.linkedin.com/in/aditya-mehra-b8644b326,https://www.linkedin.com/in/supratika-shruti
Aditya Mehra,Shruthi Naidu,"5/5/26, 4:28 AM",,OUTGOING,https://www.linkedin.com/in/aditya-mehra-b8644b326,https://www.linkedin.com/in/shruthi-naidu-513b0a367
Aditya Mehra,Aishwarya Pujar,"5/5/26, 4:28 AM",,OUTGOING,https://www.linkedin.com/in/aditya-mehra-b8644b326,https://www.linkedin.com/in/aishwarya-pujar-502721165
Aditya Mehra,Khushi .,"5/5/26, 4:28 AM",,OUTGOING,https://www.linkedin.com/in/aditya-mehra-b8644b326,https://www.linkedin.com/in/khushi-687123249
Aditya Mehra,Pujitha S,"5/5/26, 4:27 AM",,OUTGOING,https://www.linkedin.com/in/aditya-mehra-b8644b326,https://www.linkedin.com/in/pujitha-s
Aditya Mehra,Vidhi Singhal,"5/5/26, 4:27 AM",,OUTGOING,https://www.linkedin.com/in/aditya-mehra-b8644b326,https://www.linkedin.com/in/vidhi-singhal-71a826185
Aditya Mehra,Ankita Jha,"5/5/26, 4:27 AM",,OUTGOING,https://www.linkedin.com/in/aditya-mehra-b8644b326,https://www.linkedin.com/in/ankita-jha-336a21123
Aditya Mehra,Meghana Rao P,"5/5/26, 4:28 AM",,OUTGOING,https://www.linkedin.com/in/aditya-mehra-b8644b326,https://www.linkedin.com/in/meghanaraop
Aditya Mehra,Siri Chandana A.V,"5/5/26, 4:28 AM",,OUTGOING,https://www.linkedin.com/in/aditya-mehra-b8644b326,https://www.linkedin.com/in/siri-chandana-a-v-7a043a166
Aditya Mehra,PRACHI JAYASWAL,"5/5/26, 4:28 AM",,OUTGOING,https://www.linkedin.com/in/aditya-mehra-b8644b326,https://www.linkedin.com/in/prachi-jayaswal-ab5325193
Aditya Mehra,Antarleena Purkayastha,"5/5/26, 4:28 AM",,OUTGOING,https://www.linkedin.com/in/aditya-mehra-b8644b326,https://www.linkedin.com/in/antarleena-purkayastha-2b7641211
Aditya Mehra,Smruthi Raghavan,"5/5/26, 4:28 AM",,OUTGOING,https://www.linkedin.com/in/aditya-mehra-b8644b326,https://www.linkedin.com/in/smruthi-raghavan
Aditya Mehra,Diya Ujual,"5/5/26, 4:27 AM",,OUTGOING,https://www.linkedin.com/in/aditya-mehra-b8644b326,https://www.linkedin.com/in/diya-ujual-698aa9277
Aditya Mehra,Muskan Agrawal,"5/5/26, 4:27 AM",,OUTGOING,https://www.linkedin.com/in/aditya-mehra-b8644b326,https://www.linkedin.com/in/muskan-agrawal-018b051a7
Aditya Mehra,Ria Mehta,"5/5/26, 4:27 AM",,OUTGOING,https://www.linkedin.com/in/aditya-mehra-b8644b326,https://www.linkedin.com/in/ria-mehta-51064a27a
Aditya Mehra,Bhavana S Rajpurohit,"5/5/26, 4:27 AM",,OUTGOING,https://www.linkedin.com/in/aditya-mehra-b8644b326,https://www.linkedin.com/in/bhavana-s-rajpurohit-278207246
Aditya Mehra,CA Ramya  Baliga,"5/5/26, 4:27 AM",,OUTGOING,https://www.linkedin.com/in/aditya-mehra-b8644b326,https://www.linkedin.com/in/ca-ramya-baliga-0b542337
Aditya Mehra,Hazel Simon,"5/5/26, 4:27 AM",,OUTGOING,https://www.linkedin.com/in/aditya-mehra-b8644b326,https://www.linkedin.com/in/hazelsimonn
Aditya Mehra,Chaitra S,"5/5/26, 4:27 AM",,OUTGOING,https://www.linkedin.com/in/aditya-mehra-b8644b326,https://www.linkedin.com/in/chaitra-s-91202520a
Aditya Mehra,Lalitha Prativada,"5/5/26, 4:27 AM",,OUTGOING,https://www.linkedin.com/in/aditya-mehra-b8644b326,https://www.linkedin.com/in/lalitha-prativada
Aditya Mehra,Somya Das,"5/5/26, 4:11 AM",,OUTGOING,https://www.linkedin.com/in/aditya-mehra-b8644b326,https://www.linkedin.com/in/somya-das-464040176
Aditya Mehra,Meghana Vatambeti,"5/5/26, 4:11 AM",,OUTGOING,https://www.linkedin.com/in/aditya-mehra-b8644b326,https://www.linkedin.com/in/meghanavatambeti
Aditya Mehra,Swastika Nayek,"5/5/26, 4:11 AM",,OUTGOING,https://www.linkedin.com/in/aditya-mehra-b8644b326,https://www.linkedin.com/in/swastika-nayek-80708a245
Aditya Mehra,Pranavi Honnahuggi,"5/5/26, 4:11 AM",,OUTGOING,https://www.linkedin.com/in/aditya-mehra-b8644b326,https://www.linkedin.com/in/pranavi-honnahuggi
Aditya Mehra,Addrita Majumder,"5/5/26, 4:11 AM",,OUTGOING,https://www.linkedin.com/in/aditya-mehra-b8644b326,https://www.linkedin.com/in/addrita-majumder
Aditya Mehra,Arushi Gupta,"5/5/26, 4:11 AM",,OUTGOING,https://www.linkedin.com/in/aditya-mehra-b8644b326,https://www.linkedin.com/in/arushigupta1004
Aditya Mehra,Rosemary Paul,"5/5/26, 4:11 AM",,OUTGOING,https://www.linkedin.com/in/aditya-mehra-b8644b326,https://www.linkedin.com/in/rosemarypaul
Aditya Mehra,Arushi Khanna,"5/5/26, 4:11 AM",,OUTGOING,https://www.linkedin.com/in/aditya-mehra-b8644b326,https://www.linkedin.com/in/arushi-khanna-5381a16b
Aditya Mehra,Nandita  Anil,"5/5/26, 4:11 AM",,OUTGOING,https://www.linkedin.com/in/aditya-mehra-b8644b326,https://www.linkedin.com/in/nanditaanil08
Aditya Mehra,Pragya Sethi,"5/5/26, 4:11 AM",,OUTGOING,https://www.linkedin.com/in/aditya-mehra-b8644b326,https://www.linkedin.com/in/pragya-sethi
Aditya Mehra,Chehak Jallan,"5/5/26, 4:11 AM",,OUTGOING,https://www.linkedin.com/in/aditya-mehra-b8644b326,https://www.linkedin.com/in/chehak-jallan-151935261
Aditya Mehra,Mary Anisha C,"5/5/26, 4:11 AM",,OUTGOING,https://www.linkedin.com/in/aditya-mehra-b8644b326,https://www.linkedin.com/in/mary-anisha-c-08093022b
Aditya Mehra,Helen Tony,"5/5/26, 4:11 AM",,OUTGOING,https://www.linkedin.com/in/aditya-mehra-b8644b326,https://www.linkedin.com/in/helen-tony
Aditya Mehra,Vanisha Patwari,"5/5/26, 4:11 AM",,OUTGOING,https://www.linkedin.com/in/aditya-mehra-b8644b326,https://www.linkedin.com/in/vanisha-patwari-a687361a9
Aditya Mehra,Nivedha D,"5/5/26, 4:11 AM",,OUTGOING,https://www.linkedin.com/in/aditya-mehra-b8644b326,https://www.linkedin.com/in/nivedha-d-b26303174
Aditya Mehra,Riya  Anees Moidu,"5/5/26, 4:10 AM",,OUTGOING,https://www.linkedin.com/in/aditya-mehra-b8644b326,https://www.linkedin.com/in/riya-anees-moidu-9012321b6
Aditya Mehra,Mariel Quirita Smith,"5/5/26, 4:11 AM",,OUTGOING,https://www.linkedin.com/in/aditya-mehra-b8644b326,https://www.linkedin.com/in/mariel-quirita-smith-552011263
Aditya Mehra,Riya Gupta,"5/5/26, 4:11 AM",,OUTGOING,https://www.linkedin.com/in/aditya-mehra-b8644b326,https://www.linkedin.com/in/riya-gupta1507
Aditya Mehra,Sanjana Katgi,"5/5/26, 4:09 AM",,OUTGOING,https://www.linkedin.com/in/aditya-mehra-b8644b326,https://www.linkedin.com/in/sanjana-katgi-166b2b286
Aditya Mehra,Supriya  K,"5/5/26, 4:08 AM",,OUTGOING,https://www.linkedin.com/in/aditya-mehra-b8644b326,https://www.linkedin.com/in/supriya-k-588643251
Aditya Mehra,Sukrutha TL,"5/5/26, 4:08 AM",,OUTGOING,https://www.linkedin.com/in/aditya-mehra-b8644b326,https://www.linkedin.com/in/sukruthatl
Aditya Mehra,Mandeep Kaur,"5/5/26, 4:07 AM",,OUTGOING,https://www.linkedin.com/in/aditya-mehra-b8644b326,https://www.linkedin.com/in/mandeep-kaur-9579a9174
Aditya Mehra,Deepa .K,"5/5/26, 4:07 AM",,OUTGOING,https://www.linkedin.com/in/aditya-mehra-b8644b326,https://www.linkedin.com/in/deepa-k1999
Aditya Mehra,Subhashree Sahani,"5/5/26, 4:07 AM",,OUTGOING,https://www.linkedin.com/in/aditya-mehra-b8644b326,https://www.linkedin.com/in/subhashree-sahani-89baab267
Aditya Mehra,Samyuktha Murali,"5/5/26, 4:06 AM",,OUTGOING,https://www.linkedin.com/in/aditya-mehra-b8644b326,https://www.linkedin.com/in/samyukthamurali
Aditya Mehra,Bincy Babu,"5/5/26, 4:06 AM",,OUTGOING,https://www.linkedin.com/in/aditya-mehra-b8644b326,https://www.linkedin.com/in/bincy-babu-bb8245307
Aditya Mehra,Roshni Kumari,"5/5/26, 4:07 AM",,OUTGOING,https://www.linkedin.com/in/aditya-mehra-b8644b326,https://www.linkedin.com/in/roshni-kumari-410562183
Aditya Mehra,Varshini Murugesan,"5/5/26, 4:06 AM",,OUTGOING,https://www.linkedin.com/in/aditya-mehra-b8644b326,https://www.linkedin.com/in/varshini-murugesan-186409280
Aditya Mehra,Snehal Dicholkar,"5/5/26, 4:06 AM",,OUTGOING,https://www.linkedin.com/in/aditya-mehra-b8644b326,https://www.linkedin.com/in/snehal-dicholkar-4354ab176
Aditya Mehra,Anjali Sahani,"5/5/26, 4:06 AM",,OUTGOING,https://www.linkedin.com/in/aditya-mehra-b8644b326,https://www.linkedin.com/in/anjali-sahani-423323192
Aditya Mehra,Gayatri Chenna,"5/5/26, 4:06 AM",,OUTGOING,https://www.linkedin.com/in/aditya-mehra-b8644b326,https://www.linkedin.com/in/gayatri-chenna-2175b0230
Aditya Mehra,Bratati Mohanty,"5/5/26, 4:06 AM",,OUTGOING,https://www.linkedin.com/in/aditya-mehra-b8644b326,https://www.linkedin.com/in/bratati-mohanty-45715b1bb
Aditya Mehra,Ayeshna Ghosh,"5/5/26, 4:06 AM",,OUTGOING,https://www.linkedin.com/in/aditya-mehra-b8644b326,https://www.linkedin.com/in/ayeshna-ghosh-48a18520a
Aditya Mehra,Anjali Bhandari,"5/5/26, 4:06 AM",,OUTGOING,https://www.linkedin.com/in/aditya-mehra-b8644b326,https://www.linkedin.com/in/anjali-bhandari-3b9116139
Aditya Mehra,Shruthi M V,"5/5/26, 4:04 AM",,OUTGOING,https://www.linkedin.com/in/aditya-mehra-b8644b326,https://www.linkedin.com/in/shruthi-m-v-6340081a1
Aditya Mehra,Jyoti Jalimara,"5/5/26, 4:04 AM",,OUTGOING,https://www.linkedin.com/in/aditya-mehra-b8644b326,https://www.linkedin.com/in/jyoti-jalimara-a23a24148
Aditya Mehra,Sana Khan,"5/5/26, 4:05 AM",,OUTGOING,https://www.linkedin.com/in/aditya-mehra-b8644b326,https://www.linkedin.com/in/sana-khan-948130140
Aditya Mehra,SHALU SINGH,"5/5/26, 4:04 AM",,OUTGOING,https://www.linkedin.com/in/aditya-mehra-b8644b326,https://www.linkedin.com/in/shalu-singh-5a3797195
Aditya Mehra,Chitranka Verma,"5/5/26, 4:04 AM",,OUTGOING,https://www.linkedin.com/in/aditya-mehra-b8644b326,https://www.linkedin.com/in/chitranka-verma
Aditya Mehra,Sridevi Aras,"5/5/26, 4:04 AM",,OUTGOING,https://www.linkedin.com/in/aditya-mehra-b8644b326,https://www.linkedin.com/in/sridevi-aras-406700240
Aditya Mehra,Aishwarya Lenka,"5/5/26, 4:04 AM",,OUTGOING,https://www.linkedin.com/in/aditya-mehra-b8644b326,https://www.linkedin.com/in/aishwarya-lenka-66b114157
Aditya Mehra,Jyoti Mishra,"5/5/26, 4:04 AM",,OUTGOING,https://www.linkedin.com/in/aditya-mehra-b8644b326,https://www.linkedin.com/in/jyoti-mishra-529086101
Aditya Mehra,Priyanka Kaur Dhanjal,"5/5/26, 4:04 AM",,OUTGOING,https://www.linkedin.com/in/aditya-mehra-b8644b326,https://www.linkedin.com/in/priya-kaur123
Aditya Mehra,Ritika Mehta,"5/5/26, 4:04 AM",,OUTGOING,https://www.linkedin.com/in/aditya-mehra-b8644b326,https://www.linkedin.com/in/mehtaritika
Aditya Mehra,Manju M.,"5/5/26, 4:04 AM",,OUTGOING,https://www.linkedin.com/in/aditya-mehra-b8644b326,https://www.linkedin.com/in/manju-m-b0878511
Aditya Mehra,Ahana Bhat,"5/5/26, 4:03 AM",,OUTGOING,https://www.linkedin.com/in/aditya-mehra-b8644b326,https://www.linkedin.com/in/ahana-bhat-60858415a
Aditya Mehra,Smitha L,"5/5/26, 4:03 AM",,OUTGOING,https://www.linkedin.com/in/aditya-mehra-b8644b326,https://www.linkedin.com/in/smitha-l-489a06137
Aditya Mehra,HEMAPRIYA V,"5/5/26, 4:03 AM",,OUTGOING,https://www.linkedin.com/in/aditya-mehra-b8644b326,https://www.linkedin.com/in/hemapriya96
Aditya Mehra,Rekha Kumari,"5/5/26, 4:03 AM",,OUTGOING,https://www.linkedin.com/in/aditya-mehra-b8644b326,https://www.linkedin.com/in/rekha-kumari-910571192
Aditya Mehra,Upashna Tamang,"5/5/26, 4:03 AM",,OUTGOING,https://www.linkedin.com/in/aditya-mehra-b8644b326,https://www.linkedin.com/in/upashna-tamang-78aa0410b
Aditya Mehra,Anita Alex,"5/5/26, 4:03 AM",,OUTGOING,https://www.linkedin.com/in/aditya-mehra-b8644b326,https://www.linkedin.com/in/anita-alex-559036133
Aditya Mehra,Ghanathe Gowda,"5/5/26, 4:03 AM",,OUTGOING,https://www.linkedin.com/in/aditya-mehra-b8644b326,https://www.linkedin.com/in/ghanathe-gowda-7794a6169
Aditya Mehra,Geetanjali Deshmukh,"5/5/26, 4:03 AM",,OUTGOING,https://www.linkedin.com/in/aditya-mehra-b8644b326,https://www.linkedin.com/in/geetanjali-deshmukh-87333b1a7
Aditya Mehra,Tharani Selvaraj,"5/5/26, 4:03 AM",,OUTGOING,https://www.linkedin.com/in/aditya-mehra-b8644b326,https://www.linkedin.com/in/tharani-selvaraj-134513241
Aditya Mehra,Sunita Rai,"5/5/26, 4:02 AM",,OUTGOING,https://www.linkedin.com/in/aditya-mehra-b8644b326,https://www.linkedin.com/in/sunita-rai-8b1814196
Aditya Mehra,Narayana Niveditha,"5/5/26, 4:02 AM",,OUTGOING,https://www.linkedin.com/in/aditya-mehra-b8644b326,https://www.linkedin.com/in/narayana-niveditha-34581518
Aditya Mehra,KUSUM K. TOTAD,"5/5/26, 4:02 AM",,OUTGOING,https://www.linkedin.com/in/aditya-mehra-b8644b326,https://www.linkedin.com/in/kusum-k-totad-389b0165
Aditya Mehra,Lakshmi Thakur,"5/5/26, 4:02 AM",,OUTGOING,https://www.linkedin.com/in/aditya-mehra-b8644b326,https://www.linkedin.com/in/lakshmi-thakur-39b7ba179
Aditya Mehra,Namitha Shenoy k,"5/5/26, 4:02 AM",,OUTGOING,https://www.linkedin.com/in/aditya-mehra-b8644b326,https://www.linkedin.com/in/namitha-shenoy-k-75b65a224
Aditya Mehra,Arudipta Swain,"5/5/26, 4:02 AM",,OUTGOING,https://www.linkedin.com/in/aditya-mehra-b8644b326,https://www.linkedin.com/in/arudipta-swain-177515172
Aditya Mehra,Anita Chinigeri,"5/5/26, 4:02 AM",,OUTGOING,https://www.linkedin.com/in/aditya-mehra-b8644b326,https://www.linkedin.com/in/anita-chinigeri-035005167
Aditya Mehra,Ashitha Shetty,"5/5/26, 4:01 AM",,OUTGOING,https://www.linkedin.com/in/aditya-mehra-b8644b326,https://www.linkedin.com/in/ashitha-shetty-6b1a777a
Aditya Mehra,Saloni Sharma,"5/5/26, 4:01 AM",,OUTGOING,https://www.linkedin.com/in/aditya-mehra-b8644b326,https://www.linkedin.com/in/saloni-sharma-88a136263
Aditya Mehra,Saranya RK,"5/5/26, 4:01 AM",,OUTGOING,https://www.linkedin.com/in/aditya-mehra-b8644b326,https://www.linkedin.com/in/saranya-rk-28b32b197
Aditya Mehra,Heena Dohare,"5/5/26, 4:01 AM",,OUTGOING,https://www.linkedin.com/in/aditya-mehra-b8644b326,https://www.linkedin.com/in/heena-dohare-7b1bb916a
Aditya Mehra,Hima Bindu,"5/5/26, 4:02 AM",,OUTGOING,https://www.linkedin.com/in/aditya-mehra-b8644b326,https://www.linkedin.com/in/hima-bindu-649a4ab8
Aditya Mehra,Pushpa Anjali A,"5/5/26, 4:01 AM",,OUTGOING,https://www.linkedin.com/in/aditya-mehra-b8644b326,https://www.linkedin.com/in/pushpaanjali
Aditya Mehra,Samreen Fathima,"5/5/26, 4:01 AM",,OUTGOING,https://www.linkedin.com/in/aditya-mehra-b8644b326,https://www.linkedin.com/in/samreenfathima-hr
Aditya Mehra,Harmy  Shah,"5/5/26, 4:01 AM",,OUTGOING,https://www.linkedin.com/in/aditya-mehra-b8644b326,https://www.linkedin.com/in/harmyshah
Aditya Mehra,Khushboo Kashyap,"5/5/26, 4:01 AM",,OUTGOING,https://www.linkedin.com/in/aditya-mehra-b8644b326,https://www.linkedin.com/in/khushboo-kashyap-b88441197
Aditya Mehra,Elsa Escolastica  Davitoria ,"5/5/26, 4:00 AM",,OUTGOING,https://www.linkedin.com/in/aditya-mehra-b8644b326,https://www.linkedin.com/in/elsadavitoria
Aditya Mehra,Subhiksha Eshwari,"5/5/26, 4:00 AM",,OUTGOING,https://www.linkedin.com/in/aditya-mehra-b8644b326,https://www.linkedin.com/in/subhiksha-eshwari-484629323
Aditya Mehra,Tanvi Agrawal,"5/5/26, 4:00 AM",,OUTGOING,https://www.linkedin.com/in/aditya-mehra-b8644b326,https://www.linkedin.com/in/tanvi-agrawal-811004315
Aditya Mehra,Bhavana Kumari,"5/5/26, 4:00 AM",,OUTGOING,https://www.linkedin.com/in/aditya-mehra-b8644b326,https://www.linkedin.com/in/bhavana-kumari15
Aditya Mehra,Krithika Arunkumar,"5/5/26, 4:00 AM",,OUTGOING,https://www.linkedin.com/in/aditya-mehra-b8644b326,https://www.linkedin.com/in/krithika-arunkumar-5776643b7
Aditya Mehra,Ashley Paulson,"5/5/26, 4:00 AM",,OUTGOING,https://www.linkedin.com/in/aditya-mehra-b8644b326,https://www.linkedin.com/in/ashley-paulson-0b5a80349
Aditya Mehra,Janvi Dube,"5/5/26, 4:00 AM",,OUTGOING,https://www.linkedin.com/in/aditya-mehra-b8644b326,https://www.linkedin.com/in/janvi-dube-0b88aa38b
Aditya Mehra,Prarthita Banerjee,"5/5/26, 4:00 AM",,OUTGOING,https://www.linkedin.com/in/aditya-mehra-b8644b326,https://www.linkedin.com/in/prarthita-banerjee-67a77329a
Aditya Mehra,Ananya Shankar,"5/5/26, 4:00 AM",,OUTGOING,https://www.linkedin.com/in/aditya-mehra-b8644b326,https://www.linkedin.com/in/ananya-shankar-76a982402
Aditya Mehra,Anshika Sharma,"5/5/26, 4:00 AM",,OUTGOING,https://www.linkedin.com/in/aditya-mehra-b8644b326,https://www.linkedin.com/in/anshika-sharma-492ba1343
Aditya Mehra,Shubhamita Chowdhury,"5/5/26, 4:00 AM",,OUTGOING,https://www.linkedin.com/in/aditya-mehra-b8644b326,https://www.linkedin.com/in/shubhamita-chowdhury-b033bb397
Aditya Mehra,Aakancha Pratyush,"5/5/26, 4:00 AM",,OUTGOING,https://www.linkedin.com/in/aditya-mehra-b8644b326,https://www.linkedin.com/in/aakancha-pratyush-4ab6b1311
Aditya Mehra,Meenakshi U S,"5/5/26, 4:00 AM",,OUTGOING,https://www.linkedin.com/in/aditya-mehra-b8644b326,https://www.linkedin.com/in/meenakshius
Aditya Mehra,Hadeeqa Farah,"5/5/26, 4:00 AM",,OUTGOING,https://www.linkedin.com/in/aditya-mehra-b8644b326,https://www.linkedin.com/in/hadeeqa-farah
Aditya Mehra,Akshaya Lakshmi,"5/5/26, 4:00 AM",,OUTGOING,https://www.linkedin.com/in/aditya-mehra-b8644b326,https://www.linkedin.com/in/akshaya-lakshmi-o2o6o7
Aditya Mehra,Aananya  Kapoor,"5/5/26, 4:00 AM",,OUTGOING,https://www.linkedin.com/in/aditya-mehra-b8644b326,https://www.linkedin.com/in/aananya-kapoor-69b59a298
Aditya Mehra,Anushka J,"5/5/26, 4:00 AM",,OUTGOING,https://www.linkedin.com/in/aditya-mehra-b8644b326,https://www.linkedin.com/in/anushka-j-75bb7a396
Aditya Mehra,Ananya Gupta,"5/5/26, 3:59 AM",,OUTGOING,https://www.linkedin.com/in/aditya-mehra-b8644b326,https://www.linkedin.com/in/ananya-gupta-b01992375
Aditya Mehra,Prathiksha Nanjappa,"5/5/26, 4:00 AM",,OUTGOING,https://www.linkedin.com/in/aditya-mehra-b8644b326,https://www.linkedin.com/in/prathiksha-nanjappa-a536a1393
Aditya Mehra,Bhavana Potlapadu,"5/5/26, 3:59 AM",,OUTGOING,https://www.linkedin.com/in/aditya-mehra-b8644b326,https://www.linkedin.com/in/bhavana-potlapadu
Aditya Mehra,Likitha Kaveramma,"5/5/26, 4:00 AM",,OUTGOING,https://www.linkedin.com/in/aditya-mehra-b8644b326,https://www.linkedin.com/in/likhithakaveramma
Aditya Mehra,Sreekhambika V S,"5/5/26, 3:59 AM",,OUTGOING,https://www.linkedin.com/in/aditya-mehra-b8644b326,https://www.linkedin.com/in/sreekhambika-v-s-476165374
Aditya Mehra,Sri Nitya Mulukuri,"5/5/26, 3:59 AM",,OUTGOING,https://www.linkedin.com/in/aditya-mehra-b8644b326,https://www.linkedin.com/in/sri-nitya-mulukuri-172902360
Aditya Mehra,Tishya Tushar Mukarji,"5/5/26, 3:59 AM",,OUTGOING,https://www.linkedin.com/in/aditya-mehra-b8644b326,https://www.linkedin.com/in/tishya-tushar-mukarji-83a277371
Aditya Mehra,Najiha Kulsum,"5/5/26, 3:59 AM",,OUTGOING,https://www.linkedin.com/in/aditya-mehra-b8644b326,https://www.linkedin.com/in/najiha-kulsum-6b880b239
Aditya Mehra,kashish singhal,"5/5/26, 3:59 AM",,OUTGOING,https://www.linkedin.com/in/aditya-mehra-b8644b326,https://www.linkedin.com/in/kashish-singhal-7b44b7300
Aditya Mehra,Ridhima Lodha,"5/5/26, 3:59 AM",,OUTGOING,https://www.linkedin.com/in/aditya-mehra-b8644b326,https://www.linkedin.com/in/ridhima-lodha-83b322298
Aditya Mehra,Ritika Khandelwal,"5/5/26, 3:59 AM",,OUTGOING,https://www.linkedin.com/in/aditya-mehra-b8644b326,https://www.linkedin.com/in/ritika-khandelwal-542681330
Aditya Mehra,Soumili Halder,"5/5/26, 3:59 AM",,OUTGOING,https://www.linkedin.com/in/aditya-mehra-b8644b326,https://www.linkedin.com/in/soumilihalder
Aditya Mehra,Ritisha Mitra,"5/5/26, 3:59 AM",,OUTGOING,https://www.linkedin.com/in/aditya-mehra-b8644b326,https://www.linkedin.com/in/ritisha-mitra-11a479218
Aditya Mehra,Hrishika A,"5/5/26, 3:59 AM",,OUTGOING,https://www.linkedin.com/in/aditya-mehra-b8644b326,https://www.linkedin.com/in/hrishika-a-2282ba374
Aditya Mehra,Sruthi Rajani Abhilash,"5/5/26, 3:59 AM",,OUTGOING,https://www.linkedin.com/in/aditya-mehra-b8644b326,https://www.linkedin.com/in/sruthi-rajani-abhilash-b26106328
Aditya Mehra,manya grover,"5/5/26, 3:59 AM",,OUTGOING,https://www.linkedin.com/in/aditya-mehra-b8644b326,https://www.linkedin.com/in/manya-grover-666445357
Aditya Mehra,AKSHITA SHARMA,"5/5/26, 3:59 AM",,OUTGOING,https://www.linkedin.com/in/aditya-mehra-b8644b326,https://www.linkedin.com/in/akshita-sharma-1a56453a2
Aditya Mehra,Bhairavi Shankar,"5/5/26, 3:59 AM",,OUTGOING,https://www.linkedin.com/in/aditya-mehra-b8644b326,https://www.linkedin.com/in/bhairavi-shankar-3b851631a
Aditya Mehra,Rintu Thomas,"5/5/26, 3:59 AM",,OUTGOING,https://www.linkedin.com/in/aditya-mehra-b8644b326,https://www.linkedin.com/in/rintu-thomas-825038316
Aditya Mehra,Debanjali Mozumder,"5/5/26, 3:59 AM",,OUTGOING,https://www.linkedin.com/in/aditya-mehra-b8644b326,https://www.linkedin.com/in/debanjali-mozumder-a9a165176
Aditya Mehra,Hargun Kaur,"5/5/26, 3:59 AM",,OUTGOING,https://www.linkedin.com/in/aditya-mehra-b8644b326,https://www.linkedin.com/in/kaur-hargun
Aditya Mehra,Aswathy  Shameer ,"5/5/26, 3:59 AM",,OUTGOING,https://www.linkedin.com/in/aditya-mehra-b8644b326,https://www.linkedin.com/in/aswathy-shameer-b8303a291
Aditya Mehra,Jiya Punjabi,"6/1/26, 6:29 AM",,OUTGOING,https://www.linkedin.com/in/aditya-mehra-b8644b326,https://www.linkedin.com/in/jiya-punjabi-483a7a274
Aditya Mehra,Ayshee Ray,"5/5/26, 3:59 AM",,OUTGOING,https://www.linkedin.com/in/aditya-mehra-b8644b326,https://www.linkedin.com/in/ayshee-ray-476372358
Aditya Mehra,Manjari Gupta,"5/5/26, 3:59 AM",,OUTGOING,https://www.linkedin.com/in/aditya-mehra-b8644b326,https://www.linkedin.com/in/manjari-gupta-0846aa394
Aditya Mehra,Latha Ramesh,"5/5/26, 3:59 AM",,OUTGOING,https://www.linkedin.com/in/aditya-mehra-b8644b326,https://www.linkedin.com/in/latha-ramesh-329a85340
Aditya Mehra,Akshatha Nagari,"5/5/26, 3:58 AM",,OUTGOING,https://www.linkedin.com/in/aditya-mehra-b8644b326,https://www.linkedin.com/in/akshatha-nagari-
Aditya Mehra,Ruchismita Saha,"5/5/26, 3:58 AM",,OUTGOING,https://www.linkedin.com/in/aditya-mehra-b8644b326,https://www.linkedin.com/in/ruchismita-saha-632820394
Aditya Mehra,Darsini K,"5/5/26, 3:59 AM",,OUTGOING,https://www.linkedin.com/in/aditya-mehra-b8644b326,https://www.linkedin.com/in/darsini-k-071b4a301
Aditya Mehra,Ayonna Banerjee,"5/5/26, 3:58 AM",,OUTGOING,https://www.linkedin.com/in/aditya-mehra-b8644b326,https://www.linkedin.com/in/ayonna-banerjee
Aditya Mehra,Nita D Kabadi,"5/5/26, 3:58 AM",,OUTGOING,https://www.linkedin.com/in/aditya-mehra-b8644b326,https://www.linkedin.com/in/nita-d-kabadi-823389308
Aditya Mehra,Sriraksha Prakash,"5/5/26, 3:58 AM",,OUTGOING,https://www.linkedin.com/in/aditya-mehra-b8644b326,https://www.linkedin.com/in/sriraksha-prakash-757685385
Aditya Mehra,ANAGHA Hari,"5/5/26, 3:58 AM",,OUTGOING,https://www.linkedin.com/in/aditya-mehra-b8644b326,https://www.linkedin.com/in/anagha-hari-339254378
Aditya Mehra,Celina Mathew,"5/5/26, 3:58 AM",,OUTGOING,https://www.linkedin.com/in/aditya-mehra-b8644b326,https://www.linkedin.com/in/celina-mathew06
Aditya Mehra,Tamanna Sengupta,"5/5/26, 3:58 AM",,OUTGOING,https://www.linkedin.com/in/aditya-mehra-b8644b326,https://www.linkedin.com/in/tamanna-sengupta-80b2a2226
Aditya Mehra,Japnoor Kaur,"5/5/26, 3:58 AM",,OUTGOING,https://www.linkedin.com/in/aditya-mehra-b8644b326,https://www.linkedin.com/in/japnoorkaur22
Aditya Mehra,Mahak Chhajer,"5/5/26, 3:58 AM",,OUTGOING,https://www.linkedin.com/in/aditya-mehra-b8644b326,https://www.linkedin.com/in/mahak30
Aditya Mehra,VAIBHAVI SHARMA,"5/28/26, 6:40 AM",,OUTGOING,https://www.linkedin.com/in/aditya-mehra-b8644b326,https://www.linkedin.com/in/vaibhavi-sharma-6449a9364
Aditya Mehra,Kashish Setia,"5/5/26, 3:58 AM",,OUTGOING,https://www.linkedin.com/in/aditya-mehra-b8644b326,https://www.linkedin.com/in/kashishsetia-smm
Aditya Mehra,Kanak Agrawal,"5/5/26, 3:58 AM",,OUTGOING,https://www.linkedin.com/in/aditya-mehra-b8644b326,https://www.linkedin.com/in/kanak-agrawal-a56798308
Aditya Mehra,Asmi Kapoor,"5/5/26, 3:58 AM",,OUTGOING,https://www.linkedin.com/in/aditya-mehra-b8644b326,https://www.linkedin.com/in/asmi-kapoor-811355357
Aditya Mehra,Swatika Shrutiparna,"5/5/26, 3:58 AM",,OUTGOING,https://www.linkedin.com/in/aditya-mehra-b8644b326,https://www.linkedin.com/in/swatika-shrutiparna-3a5166326
Aditya Mehra,Ramya Shree Babu ,"5/5/26, 3:58 AM",,OUTGOING,https://www.linkedin.com/in/aditya-mehra-b8644b326,https://www.linkedin.com/in/ramyashree07
Aditya Mehra,Theertha B Nambiar,"5/5/26, 3:58 AM",,OUTGOING,https://www.linkedin.com/in/aditya-mehra-b8644b326,https://www.linkedin.com/in/theertha-b-nambiar-b66425372
Aditya Mehra,Chris Maria Babu,"5/5/26, 3:58 AM",,OUTGOING,https://www.linkedin.com/in/aditya-mehra-b8644b326,https://www.linkedin.com/in/chris-maria-babu-a636b9329
Aditya Mehra,TAVISHI NAHAR,"5/5/26, 3:58 AM",,OUTGOING,https://www.linkedin.com/in/aditya-mehra-b8644b326,https://www.linkedin.com/in/tavishi-nahar-2a3323363
Aditya Mehra,Aishwarya C,"5/5/26, 3:58 AM",,OUTGOING,https://www.linkedin.com/in/aditya-mehra-b8644b326,https://www.linkedin.com/in/aishwarya-chandrakanth
Aditya Mehra,Sanjalee  Gupta,"5/5/26, 3:58 AM",,OUTGOING,https://www.linkedin.com/in/aditya-mehra-b8644b326,https://www.linkedin.com/in/sanjalee-gupta-155840401
Aditya Mehra,Srishti Sharma,"5/5/26, 3:58 AM",,OUTGOING,https://www.linkedin.com/in/aditya-mehra-b8644b326,https://www.linkedin.com/in/srishti-sharma-84a2a034b
Aditya Mehra,Ameya Seth,"5/5/26, 3:58 AM",,OUTGOING,https://www.linkedin.com/in/aditya-mehra-b8644b326,https://www.linkedin.com/in/ameya-seth-15570b244
Aditya Mehra,Daliya  Shajji,"5/5/26, 3:58 AM",,OUTGOING,https://www.linkedin.com/in/aditya-mehra-b8644b326,https://www.linkedin.com/in/daliya-shajji
Aditya Mehra,Charvi Nagpal,"5/5/26, 3:58 AM",,OUTGOING,https://www.linkedin.com/in/aditya-mehra-b8644b326,https://www.linkedin.com/in/charvi-nagpal-77a54b316
Aditya Mehra,Shreeji Anand,"5/5/26, 3:57 AM",,OUTGOING,https://www.linkedin.com/in/aditya-mehra-b8644b326,https://www.linkedin.com/in/shreeji-anand-991668286
Aditya Mehra,Meghana Krishnappa,"4/27/26, 7:23 AM",,OUTGOING,https://www.linkedin.com/in/aditya-mehra-b8644b326,https://www.linkedin.com/in/meghana-krishnappa-567716178
Aditya Mehra,Dr.Poornima Purushotham,"4/27/26, 7:23 AM",,OUTGOING,https://www.linkedin.com/in/aditya-mehra-b8644b326,https://www.linkedin.com/in/dr-poornima-purushotham-3765a01ba
Aditya Mehra,Trisha Goyal,"4/27/26, 7:23 AM",,OUTGOING,https://www.linkedin.com/in/aditya-mehra-b8644b326,https://www.linkedin.com/in/trisha-goyal-
Aditya Mehra,Shreeya B K,"4/27/26, 7:23 AM",,OUTGOING,https://www.linkedin.com/in/aditya-mehra-b8644b326,https://www.linkedin.com/in/shreeya-b-k-509645239
Aditya Mehra,Janhavi Bajaj,"4/27/26, 7:23 AM",,OUTGOING,https://www.linkedin.com/in/aditya-mehra-b8644b326,https://www.linkedin.com/in/janhavi-bajaj-0a8784370
Aditya Mehra,Tamanna Tak,"4/27/26, 7:23 AM",,OUTGOING,https://www.linkedin.com/in/aditya-mehra-b8644b326,https://www.linkedin.com/in/tamannatak
Aditya Mehra,Harleen Kaur,"4/27/26, 7:23 AM",,OUTGOING,https://www.linkedin.com/in/aditya-mehra-b8644b326,https://www.linkedin.com/in/harleenkw
Aditya Mehra,Kimmi Garg,"4/27/26, 7:23 AM",,OUTGOING,https://www.linkedin.com/in/aditya-mehra-b8644b326,https://www.linkedin.com/in/kimmi-garg-290ba1283
Aditya Mehra,Harshitha Mourya,"4/27/26, 7:23 AM",,OUTGOING,https://www.linkedin.com/in/aditya-mehra-b8644b326,https://www.linkedin.com/in/harshithamourya
Aditya Mehra,Vaishnavi Shetty,"4/27/26, 7:23 AM",,OUTGOING,https://www.linkedin.com/in/aditya-mehra-b8644b326,https://www.linkedin.com/in/vaishnavi-shetty-0a334a2b1
Aditya Mehra,Neha Maria Jesluck,"4/27/26, 7:23 AM",,OUTGOING,https://www.linkedin.com/in/aditya-mehra-b8644b326,https://www.linkedin.com/in/neha-maria-jesluck-44616b385
Aditya Mehra,Aeshita Abrol,"4/27/26, 7:22 AM",,OUTGOING,https://www.linkedin.com/in/aditya-mehra-b8644b326,https://www.linkedin.com/in/aeshita-abrol-b2295537b
Aditya Mehra,Fazeela Patel,"4/27/26, 7:22 AM",,OUTGOING,https://www.linkedin.com/in/aditya-mehra-b8644b326,https://www.linkedin.com/in/fazeela-patel-151250302
Aditya Mehra,Vasavi GR,"4/27/26, 7:22 AM",,OUTGOING,https://www.linkedin.com/in/aditya-mehra-b8644b326,https://www.linkedin.com/in/vasavi-gr-57473b253
Aditya Mehra,Swetha Rani,"4/27/26, 7:22 AM",,OUTGOING,https://www.linkedin.com/in/aditya-mehra-b8644b326,https://www.linkedin.com/in/swetha-rani-9411b2180
Aditya Mehra,Lekha Shree,"4/27/26, 7:22 AM",,OUTGOING,https://www.linkedin.com/in/aditya-mehra-b8644b326,https://www.linkedin.com/in/lekha-shree-554621222
Aditya Mehra,Samruddhi Rao,"4/27/26, 7:22 AM",,OUTGOING,https://www.linkedin.com/in/aditya-mehra-b8644b326,https://www.linkedin.com/in/samruddhi-rao-b1b863287
Aditya Mehra,R Nanditha ,"4/27/26, 7:21 AM",,OUTGOING,https://www.linkedin.com/in/aditya-mehra-b8644b326,https://www.linkedin.com/in/r-nanditha-889558335
Aditya Mehra,Supreetha Kesari,"4/27/26, 7:21 AM",,OUTGOING,https://www.linkedin.com/in/aditya-mehra-b8644b326,https://www.linkedin.com/in/supreetha-kesari-
Aditya Mehra,Saamiya Gupta,"4/27/26, 7:19 AM",,OUTGOING,https://www.linkedin.com/in/aditya-mehra-b8644b326,https://www.linkedin.com/in/saamiya-gupta-79a7a4317
Aditya Mehra,Nilangi Yesaji,"4/27/26, 7:19 AM",,OUTGOING,https://www.linkedin.com/in/aditya-mehra-b8644b326,https://www.linkedin.com/in/nilangi-yesaji-06799b1b7
Aditya Mehra,Malaika Anand,"4/27/26, 7:19 AM",,OUTGOING,https://www.linkedin.com/in/aditya-mehra-b8644b326,https://www.linkedin.com/in/malaikaaa
Aditya Mehra,Saumya Dwivedi,"4/27/26, 7:19 AM",,OUTGOING,https://www.linkedin.com/in/aditya-mehra-b8644b326,https://www.linkedin.com/in/dwivedisaumya
Aditya Mehra,Anuja Gupta,"4/27/26, 7:19 AM",,OUTGOING,https://www.linkedin.com/in/aditya-mehra-b8644b326,https://www.linkedin.com/in/guptaanuja41
Aditya Mehra,Aishwarya  Jain,"4/27/26, 7:19 AM",,OUTGOING,https://www.linkedin.com/in/aditya-mehra-b8644b326,https://www.linkedin.com/in/aishwarya-jain-70805422a
Aditya Mehra,Venisha Vaz,"4/27/26, 7:19 AM",,OUTGOING,https://www.linkedin.com/in/aditya-mehra-b8644b326,https://www.linkedin.com/in/venisha-vaz-02645b299
Aditya Mehra,Samya Bhargava,"4/27/26, 7:19 AM",,OUTGOING,https://www.linkedin.com/in/aditya-mehra-b8644b326,https://www.linkedin.com/in/samya-bhargava-469926236
Aditya Mehra,Shreya  Iyer,"4/27/26, 7:19 AM",,OUTGOING,https://www.linkedin.com/in/aditya-mehra-b8644b326,https://www.linkedin.com/in/shreya-iyer-838745279
Aditya Mehra,Aadya Thakur,"4/27/26, 7:19 AM",,OUTGOING,https://www.linkedin.com/in/aditya-mehra-b8644b326,https://www.linkedin.com/in/aadya-thakur-a081a3309
Aditya Mehra,Adrija Sarkar,"4/27/26, 7:19 AM",,OUTGOING,https://www.linkedin.com/in/aditya-mehra-b8644b326,https://www.linkedin.com/in/adrija-sarkar-294138316
Aditya Mehra,Shelja Khandelwal,"4/27/26, 7:19 AM",,OUTGOING,https://www.linkedin.com/in/aditya-mehra-b8644b326,https://www.linkedin.com/in/shelja-khandelwal21
Aditya Mehra,Nikita Negi,"4/27/26, 7:19 AM",,OUTGOING,https://www.linkedin.com/in/aditya-mehra-b8644b326,https://www.linkedin.com/in/nikita-negi-45b9b4321
Aditya Mehra,Devyanshi Tanna,"4/27/26, 7:19 AM",,OUTGOING,https://www.linkedin.com/in/aditya-mehra-b8644b326,https://www.linkedin.com/in/devyanshi-tanna-038035281
Aditya Mehra,Binita S,"4/27/26, 7:19 AM",,OUTGOING,https://www.linkedin.com/in/aditya-mehra-b8644b326,https://www.linkedin.com/in/binitaspeaks
Aditya Mehra,Titiksha Gupta,"4/27/26, 7:19 AM",,OUTGOING,https://www.linkedin.com/in/aditya-mehra-b8644b326,https://www.linkedin.com/in/titikshagupta
Aditya Mehra,Anuja Shinde,"4/27/26, 7:19 AM",,OUTGOING,https://www.linkedin.com/in/aditya-mehra-b8644b326,https://www.linkedin.com/in/anuja-shinde-54226531b
Aditya Mehra,Vidhi Dhanasri,"4/27/26, 7:18 AM",,OUTGOING,https://www.linkedin.com/in/aditya-mehra-b8644b326,https://www.linkedin.com/in/vidhi-dhanasri-015252350
Aditya Mehra,Jhansi C.M.,"4/27/26, 7:18 AM",,OUTGOING,https://www.linkedin.com/in/aditya-mehra-b8644b326,https://www.linkedin.com/in/jhansi-c-m-484571218
Aditya Mehra,Meetha kalose,"4/27/26, 7:18 AM",,OUTGOING,https://www.linkedin.com/in/aditya-mehra-b8644b326,https://www.linkedin.com/in/meethakalose
Aditya Mehra,Cris Mariam Saj,"5/18/26, 11:18 AM",,OUTGOING,https://www.linkedin.com/in/aditya-mehra-b8644b326,https://www.linkedin.com/in/cris-mariam-saj
Aditya Mehra,Zainab Shaik,"4/27/26, 7:18 AM",,OUTGOING,https://www.linkedin.com/in/aditya-mehra-b8644b326,https://www.linkedin.com/in/zainab2106
Aditya Mehra,Gayathri Nair,"4/27/26, 7:18 AM",,OUTGOING,https://www.linkedin.com/in/aditya-mehra-b8644b326,https://www.linkedin.com/in/gayathri-nair-821b7b222
Aditya Mehra,Nimmala HimaBindu,"4/27/26, 7:18 AM",,OUTGOING,https://www.linkedin.com/in/aditya-mehra-b8644b326,https://www.linkedin.com/in/himabindunimmala
Aditya Mehra,Astha Singh,"4/27/26, 7:18 AM",,OUTGOING,https://www.linkedin.com/in/aditya-mehra-b8644b326,https://www.linkedin.com/in/astha-singh-baa184324
Aditya Mehra,Mythili Rajeev,"4/27/26, 7:18 AM",,OUTGOING,https://www.linkedin.com/in/aditya-mehra-b8644b326,https://www.linkedin.com/in/mythili-rajeev-07619b231
Aditya Mehra,Kavya D,"4/27/26, 7:18 AM",,OUTGOING,https://www.linkedin.com/in/aditya-mehra-b8644b326,https://www.linkedin.com/in/kavya-d-b83a81379
Aditya Mehra,Anugu Sohana Reddy,"6/8/26, 6:34 AM",,OUTGOING,https://www.linkedin.com/in/aditya-mehra-b8644b326,https://www.linkedin.com/in/sohanareddy
Aditya Mehra,Palak Agrawal,"4/27/26, 7:17 AM",,OUTGOING,https://www.linkedin.com/in/aditya-mehra-b8644b326,https://www.linkedin.com/in/palak-agrawal-037b18372
Aditya Mehra,Vignatri Sai,"4/27/26, 7:18 AM",,OUTGOING,https://www.linkedin.com/in/aditya-mehra-b8644b326,https://www.linkedin.com/in/vignatri-sai-38b0a5327
Aditya Mehra,Ankitha Jain,"4/27/26, 7:18 AM",,OUTGOING,https://www.linkedin.com/in/aditya-mehra-b8644b326,https://www.linkedin.com/in/ankitha-jain-5a6961374
Aditya Mehra,Avni Jain,"4/27/26, 7:18 AM",,OUTGOING,https://www.linkedin.com/in/aditya-mehra-b8644b326,https://www.linkedin.com/in/avni-jain2004
Aditya Mehra,Manya Ahuja,"4/27/26, 7:18 AM",,OUTGOING,https://www.linkedin.com/in/aditya-mehra-b8644b326,https://www.linkedin.com/in/manya-ahuja-94115830b
Aditya Mehra,Krishi Bothra,"6/1/26, 6:24 AM",,OUTGOING,https://www.linkedin.com/in/aditya-mehra-b8644b326,https://www.linkedin.com/in/krishi-bothra-ba1145302
Aditya Mehra,Deeksha  M,"4/27/26, 7:18 AM",,OUTGOING,https://www.linkedin.com/in/aditya-mehra-b8644b326,https://www.linkedin.com/in/deeksha-m-883b66258
Aditya Mehra,Lisa Lalu,"4/27/26, 7:18 AM",,OUTGOING,https://www.linkedin.com/in/aditya-mehra-b8644b326,https://www.linkedin.com/in/lisa-lalu-9a4749276
Aditya Mehra,Navya  Rayi,"5/29/26, 6:29 PM",,OUTGOING,https://www.linkedin.com/in/aditya-mehra-b8644b326,https://www.linkedin.com/in/navya-rayi
Aditya Mehra,Nishitha Ballal,"4/27/26, 7:18 AM",,OUTGOING,https://www.linkedin.com/in/aditya-mehra-b8644b326,https://www.linkedin.com/in/nishitha-ballal-37533b1b8
Aditya Mehra,Rishika E,"4/27/26, 7:17 AM",,OUTGOING,https://www.linkedin.com/in/aditya-mehra-b8644b326,https://www.linkedin.com/in/rishika-e-3089711ab
Aditya Mehra,Khushi Bhatla,"4/27/26, 7:17 AM",,OUTGOING,https://www.linkedin.com/in/aditya-mehra-b8644b326,https://www.linkedin.com/in/khushi-bhatla
Aditya Mehra,Rashmi Anant,"4/27/26, 7:17 AM",,OUTGOING,https://www.linkedin.com/in/aditya-mehra-b8644b326,https://www.linkedin.com/in/rashmi-anant-1461a0218
Aditya Mehra,Megha D R,"4/27/26, 7:17 AM",,OUTGOING,https://www.linkedin.com/in/aditya-mehra-b8644b326,https://www.linkedin.com/in/megha-d-r-034523239
Aditya Mehra,Dhwani Kaura,"4/27/26, 7:17 AM",,OUTGOING,https://www.linkedin.com/in/aditya-mehra-b8644b326,https://www.linkedin.com/in/dhwanikaura
Aditya Mehra,Nidhi Anil,"4/27/26, 7:17 AM",,OUTGOING,https://www.linkedin.com/in/aditya-mehra-b8644b326,https://www.linkedin.com/in/niidhx
Aditya Mehra,Megan Dcruz,"4/27/26, 7:17 AM",,OUTGOING,https://www.linkedin.com/in/aditya-mehra-b8644b326,https://www.linkedin.com/in/megan-anriya-dcruz-mnsk070711
Aditya Mehra,Shreesha Srinivas,"4/27/26, 7:17 AM",,OUTGOING,https://www.linkedin.com/in/aditya-mehra-b8644b326,https://www.linkedin.com/in/shreesha-srinivas-a53144253
Aditya Mehra,Tanvi Sabhnani,"5/18/26, 11:15 AM",,OUTGOING,https://www.linkedin.com/in/aditya-mehra-b8644b326,https://www.linkedin.com/in/tanvi-sabhnani
Aditya Mehra,Khushi Mirchandani,"4/27/26, 7:17 AM",,OUTGOING,https://www.linkedin.com/in/aditya-mehra-b8644b326,https://www.linkedin.com/in/khushi-mirchandani-b437303bb
Aditya Mehra,SHRI VARSHINI KANNAN,"4/27/26, 7:17 AM",,OUTGOING,https://www.linkedin.com/in/aditya-mehra-b8644b326,https://www.linkedin.com/in/shri-varshini-k-a24345346
Aditya Mehra,Sangeetha Das,"4/27/26, 7:17 AM",,OUTGOING,https://www.linkedin.com/in/aditya-mehra-b8644b326,https://www.linkedin.com/in/sangeetha-das-939b61326
Aditya Mehra,Nilaa IG,"4/27/26, 7:17 AM",,OUTGOING,https://www.linkedin.com/in/aditya-mehra-b8644b326,https://www.linkedin.com/in/nilaa-ig-778202290
Aditya Mehra,Neha Kamath,"4/27/26, 7:17 AM",,OUTGOING,https://www.linkedin.com/in/aditya-mehra-b8644b326,https://www.linkedin.com/in/nehakamath-7x
Aditya Mehra,Chandana A,"4/27/26, 7:17 AM",,OUTGOING,https://www.linkedin.com/in/aditya-mehra-b8644b326,https://www.linkedin.com/in/chandana-ammagaripeta-amarendra
Aditya Mehra,Gnana shraddha,"5/18/26, 11:15 AM",,OUTGOING,https://www.linkedin.com/in/aditya-mehra-b8644b326,https://www.linkedin.com/in/gnana-shraddha-7659b6357
Aditya Mehra,Jasleen Kaur Bhatia,"5/18/26, 11:14 AM",,OUTGOING,https://www.linkedin.com/in/aditya-mehra-b8644b326,https://www.linkedin.com/in/jasleen-kaur-bhatia-89326829a
Aditya Mehra,Drishti VS Nagpal,"4/27/26, 7:17 AM",,OUTGOING,https://www.linkedin.com/in/aditya-mehra-b8644b326,https://www.linkedin.com/in/drishtivsnagpal
Aditya Mehra,Aarthi Jesintha N,"4/27/26, 7:17 AM",,OUTGOING,https://www.linkedin.com/in/aditya-mehra-b8644b326,https://www.linkedin.com/in/aarthi-jesintha-n-04383a35b
Aditya Mehra,Priyal Mehta,"4/27/26, 7:16 AM",,OUTGOING,https://www.linkedin.com/in/aditya-mehra-b8644b326,https://www.linkedin.com/in/priyal-mehta-b9188a386
Aditya Mehra,Suhani Patni,"4/27/26, 7:16 AM",,OUTGOING,https://www.linkedin.com/in/aditya-mehra-b8644b326,https://www.linkedin.com/in/suhani-patni-a815a9271
Aditya Mehra,ARDRA BENJAMIN,"4/27/26, 7:16 AM",,OUTGOING,https://www.linkedin.com/in/aditya-mehra-b8644b326,https://www.linkedin.com/in/ardra-benjamin-7a945a301
Aditya Mehra,Praajna P Gowda,"4/27/26, 7:15 AM",,OUTGOING,https://www.linkedin.com/in/aditya-mehra-b8644b326,https://www.linkedin.com/in/praajna-p-gowda-0a07822b4
Aditya Mehra,Swanjali Rai,"4/27/26, 7:16 AM",,OUTGOING,https://www.linkedin.com/in/aditya-mehra-b8644b326,https://www.linkedin.com/in/swanjali-rai-1ba124194
Aditya Mehra,Riddhi Ravipati,"4/27/26, 7:16 AM",,OUTGOING,https://www.linkedin.com/in/aditya-mehra-b8644b326,https://www.linkedin.com/in/riddhi-ravipati-03ba3a316
Aditya Mehra,Gauri Dang,"4/27/26, 7:15 AM",,OUTGOING,https://www.linkedin.com/in/aditya-mehra-b8644b326,https://www.linkedin.com/in/gauri-dang
Aditya Mehra,Srishti Dey,"4/27/26, 7:16 AM",,OUTGOING,https://www.linkedin.com/in/aditya-mehra-b8644b326,https://www.linkedin.com/in/srishti-dey-507bb62a0
Aditya Mehra,Supritha B M,"5/18/26, 11:13 AM",,OUTGOING,https://www.linkedin.com/in/aditya-mehra-b8644b326,https://www.linkedin.com/in/supritha-b-m-6b09662bb
Aditya Mehra,Trayee Joshi,"4/27/26, 7:16 AM",,OUTGOING,https://www.linkedin.com/in/aditya-mehra-b8644b326,https://www.linkedin.com/in/trayee-joshi-294481276
Aditya Mehra,Mariyam Hussain,"4/27/26, 7:15 AM",,OUTGOING,https://www.linkedin.com/in/aditya-mehra-b8644b326,https://www.linkedin.com/in/mariyam-hussain-4bab83271
Aditya Mehra,Shilpa Shree k,"4/27/26, 7:16 AM",,OUTGOING,https://www.linkedin.com/in/aditya-mehra-b8644b326,https://www.linkedin.com/in/shilpa-shree-k-459882192
Aditya Mehra,Richal Dhiman,"4/27/26, 7:15 AM",,OUTGOING,https://www.linkedin.com/in/aditya-mehra-b8644b326,https://www.linkedin.com/in/richal-dhiman-9aa6471b8
Aditya Mehra,Dakshayani srinivas,"4/27/26, 7:15 AM",,OUTGOING,https://www.linkedin.com/in/aditya-mehra-b8644b326,https://www.linkedin.com/in/dakshayani-srinivas-953561222
Aditya Mehra,Nabeela Javed,"4/27/26, 7:15 AM",,OUTGOING,https://www.linkedin.com/in/aditya-mehra-b8644b326,https://www.linkedin.com/in/nabeela-javed-5b491b30a
Aditya Mehra,Nitya Bhargava,"4/27/26, 7:15 AM",,OUTGOING,https://www.linkedin.com/in/aditya-mehra-b8644b326,https://www.linkedin.com/in/nitya-bhargava-b608a431a
Aditya Mehra,Saanvi Kondillya,"4/27/26, 7:15 AM",,OUTGOING,https://www.linkedin.com/in/aditya-mehra-b8644b326,https://www.linkedin.com/in/saanvi-kondillya-0aa855226
Aditya Mehra,Vrinda Mehra,"4/27/26, 7:15 AM",,OUTGOING,https://www.linkedin.com/in/aditya-mehra-b8644b326,https://www.linkedin.com/in/vrindamehra
Aditya Mehra,H JENIFER MARTINA,"4/27/26, 7:15 AM",,OUTGOING,https://www.linkedin.com/in/aditya-mehra-b8644b326,https://www.linkedin.com/in/h-jenifer-martina-a385a237b
Aditya Mehra,Safia Khan,"4/27/26, 7:15 AM",,OUTGOING,https://www.linkedin.com/in/aditya-mehra-b8644b326,https://www.linkedin.com/in/safia-khan-a277b8377
Aditya Mehra,Ruthika M,"4/27/26, 7:15 AM",,OUTGOING,https://www.linkedin.com/in/aditya-mehra-b8644b326,https://www.linkedin.com/in/ruthika-m-98a79a2a9
Aditya Mehra,Lavanya Ajith Varanapallil,"4/27/26, 7:15 AM",,OUTGOING,https://www.linkedin.com/in/aditya-mehra-b8644b326,https://www.linkedin.com/in/lavanya-ajith-varanapallil-62a3a5229
Aditya Mehra,prathna surana,"4/27/26, 7:15 AM",,OUTGOING,https://www.linkedin.com/in/aditya-mehra-b8644b326,https://www.linkedin.com/in/prathna-surana-31140b374
Aditya Mehra,Annuncia B J,"4/27/26, 7:15 AM",,OUTGOING,https://www.linkedin.com/in/aditya-mehra-b8644b326,https://www.linkedin.com/in/annuncia-b-j
Aditya Mehra,Chinmayi Patted,"4/27/26, 7:15 AM",,OUTGOING,https://www.linkedin.com/in/aditya-mehra-b8644b326,https://www.linkedin.com/in/chinmayi-patted-89aa21332
Aditya Mehra,Kripa Chandwani,"4/27/26, 7:15 AM",,OUTGOING,https://www.linkedin.com/in/aditya-mehra-b8644b326,https://www.linkedin.com/in/kripa-chandwani-278201350
Aditya Mehra,meghana lokesh,"4/27/26, 7:15 AM",,OUTGOING,https://www.linkedin.com/in/aditya-mehra-b8644b326,https://www.linkedin.com/in/meghana-lokesh-a74224374
Aditya Mehra,sahana ss,"4/27/26, 7:15 AM",,OUTGOING,https://www.linkedin.com/in/aditya-mehra-b8644b326,https://www.linkedin.com/in/sahana-ss-bb145a214
Aditya Mehra,Shubhangi Singh,"4/27/26, 7:15 AM",,OUTGOING,https://www.linkedin.com/in/aditya-mehra-b8644b326,https://www.linkedin.com/in/shubhangi-singh13
Aditya Mehra,Susmita B,"4/27/26, 7:14 AM",,OUTGOING,https://www.linkedin.com/in/aditya-mehra-b8644b326,https://www.linkedin.com/in/susmita-b-022439277
Aditya Mehra,Anamika Sheena Vidyadharan,"4/27/26, 7:15 AM",,OUTGOING,https://www.linkedin.com/in/aditya-mehra-b8644b326,https://www.linkedin.com/in/anamikasv
Aditya Mehra,Kritika Kedia,"4/27/26, 7:14 AM",,OUTGOING,https://www.linkedin.com/in/aditya-mehra-b8644b326,https://www.linkedin.com/in/kritikakedia06
Aditya Mehra,Harshini Arumugam ,"4/27/26, 7:15 AM",,OUTGOING,https://www.linkedin.com/in/aditya-mehra-b8644b326,https://www.linkedin.com/in/harshini-arumugam-2b617625a
Aditya Mehra,Tharika S,"4/27/26, 7:15 AM",,OUTGOING,https://www.linkedin.com/in/aditya-mehra-b8644b326,https://www.linkedin.com/in/tharika-s
Aditya Mehra,Gauri Krishna P M,"4/27/26, 7:15 AM",,OUTGOING,https://www.linkedin.com/in/aditya-mehra-b8644b326,https://www.linkedin.com/in/gauri31
Aditya Mehra,Lavina Kamath,"4/27/26, 7:15 AM",,OUTGOING,https://www.linkedin.com/in/aditya-mehra-b8644b326,https://www.linkedin.com/in/lavina-kamath-5401bb210
Aditya Mehra,Lavanya Pasi,"4/27/26, 7:15 AM",,OUTGOING,https://www.linkedin.com/in/aditya-mehra-b8644b326,https://www.linkedin.com/in/lavanya-pasi-1477a5220
Aditya Mehra,Daphilyne Ymbon,"5/18/26, 11:18 AM",,OUTGOING,https://www.linkedin.com/in/aditya-mehra-b8644b326,https://www.linkedin.com/in/daphilyne-ymbon-137072320
Aditya Mehra,Korada Sravyasree,"5/18/26, 11:18 AM",,OUTGOING,https://www.linkedin.com/in/aditya-mehra-b8644b326,https://www.linkedin.com/in/korada-sravyasree-b44966387
Aditya Mehra,Maria Jones,"4/27/26, 7:14 AM",,OUTGOING,https://www.linkedin.com/in/aditya-mehra-b8644b326,https://www.linkedin.com/in/maria-jones-475080383
Aditya Mehra,Karishma B K,"4/27/26, 7:14 AM",,OUTGOING,https://www.linkedin.com/in/aditya-mehra-b8644b326,https://www.linkedin.com/in/karishma-b-k-533a2a323
Aditya Mehra,Nisha H,"4/27/26, 7:14 AM",,OUTGOING,https://www.linkedin.com/in/aditya-mehra-b8644b326,https://www.linkedin.com/in/nisha-h-a430882b9
Aditya Mehra,Mahi Sule,"4/27/26, 7:14 AM",,OUTGOING,https://www.linkedin.com/in/aditya-mehra-b8644b326,https://www.linkedin.com/in/mahi-sule-816820281
Aditya Mehra,Rithuvarnika K,"4/27/26, 7:14 AM",,OUTGOING,https://www.linkedin.com/in/aditya-mehra-b8644b326,https://www.linkedin.com/in/rithuvarnika-k-bb3a77383
Aditya Mehra,Netra Nawander,"4/27/26, 7:14 AM",,OUTGOING,https://www.linkedin.com/in/aditya-mehra-b8644b326,https://www.linkedin.com/in/netra-nawander-35b425215
Aditya Mehra,TANISHA JAIN,"4/27/26, 7:14 AM",,OUTGOING,https://www.linkedin.com/in/aditya-mehra-b8644b326,https://www.linkedin.com/in/tanisha-jain-233a24319
Aditya Mehra,Aarzoo Ali,"4/27/26, 7:14 AM",,OUTGOING,https://www.linkedin.com/in/aditya-mehra-b8644b326,https://www.linkedin.com/in/aarzoo-ali-254913229
Aditya Mehra,Sneha Subramaniam,"4/27/26, 7:14 AM",,OUTGOING,https://www.linkedin.com/in/aditya-mehra-b8644b326,https://www.linkedin.com/in/snehasub0408
Aditya Mehra,Stutee Swain,"4/27/26, 7:14 AM",,OUTGOING,https://www.linkedin.com/in/aditya-mehra-b8644b326,https://www.linkedin.com/in/stutee-swain-7b687626b
Aditya Mehra,Muskan Sharma,"4/27/26, 7:14 AM",,OUTGOING,https://www.linkedin.com/in/aditya-mehra-b8644b326,https://www.linkedin.com/in/muskan-sharma-1a7764213
Aditya Mehra,Megha Kukreti,"4/27/26, 7:14 AM",,OUTGOING,https://www.linkedin.com/in/aditya-mehra-b8644b326,https://www.linkedin.com/in/megha-kukreti-86804b270
Aditya Mehra,Ruhi Mallya,"4/27/26, 7:14 AM",,OUTGOING,https://www.linkedin.com/in/aditya-mehra-b8644b326,https://www.linkedin.com/in/ruhi-mallya-9b81512ab
Aditya Mehra,Sania  Tanveer,"4/27/26, 7:13 AM",,OUTGOING,https://www.linkedin.com/in/aditya-mehra-b8644b326,https://www.linkedin.com/in/saniatanveer26
Aditya Mehra,Sakshi Chowdhary,"4/27/26, 7:14 AM",,OUTGOING,https://www.linkedin.com/in/aditya-mehra-b8644b326,https://www.linkedin.com/in/sakshi-chowdhary-71116b326
Aditya Mehra,Mouna Sv,"4/27/26, 7:13 AM",,OUTGOING,https://www.linkedin.com/in/aditya-mehra-b8644b326,https://www.linkedin.com/in/mouna-sv-802874322
Aditya Mehra,Aadya Carol,"4/27/26, 7:13 AM",,OUTGOING,https://www.linkedin.com/in/aditya-mehra-b8644b326,https://www.linkedin.com/in/aadya-carol
Aditya Mehra,Anustha Patel,"4/27/26, 7:14 AM",,OUTGOING,https://www.linkedin.com/in/aditya-mehra-b8644b326,https://www.linkedin.com/in/anustha-patel-847371319
Aditya Mehra,Kevia Moncy,"4/27/26, 7:13 AM",,OUTGOING,https://www.linkedin.com/in/aditya-mehra-b8644b326,https://www.linkedin.com/in/kevia-moncy-aa80a131a
Aditya Mehra,Adhyata Vinod,"5/18/26, 11:17 AM",,OUTGOING,https://www.linkedin.com/in/aditya-mehra-b8644b326,https://www.linkedin.com/in/adhyata-vinod-817559381
Aditya Mehra,DEEPALI NAHAR,"4/27/26, 7:13 AM",,OUTGOING,https://www.linkedin.com/in/aditya-mehra-b8644b326,https://www.linkedin.com/in/deepali21
Aditya Mehra,Disha Jain,"4/27/26, 7:13 AM",,OUTGOING,https://www.linkedin.com/in/aditya-mehra-b8644b326,https://www.linkedin.com/in/disha-jain-36084a363
Aditya Mehra,Tanya Singh,"4/27/26, 7:13 AM",,OUTGOING,https://www.linkedin.com/in/aditya-mehra-b8644b326,https://www.linkedin.com/in/tanyasingh09
Aditya Mehra,Risa Chetia,"4/27/26, 7:13 AM",,OUTGOING,https://www.linkedin.com/in/aditya-mehra-b8644b326,https://www.linkedin.com/in/risa-chetia
Aditya Mehra,Nakshi Mothariya,"4/27/26, 7:13 AM",,OUTGOING,https://www.linkedin.com/in/aditya-mehra-b8644b326,https://www.linkedin.com/in/nakshi-mothariya-56437b361
Aditya Mehra,Yukti Jain,"5/29/26, 6:24 PM",,OUTGOING,https://www.linkedin.com/in/aditya-mehra-b8644b326,https://www.linkedin.com/in/yuktiijain
Aditya Mehra,Misba A,"4/27/26, 7:13 AM",,OUTGOING,https://www.linkedin.com/in/aditya-mehra-b8644b326,https://www.linkedin.com/in/misba-a-b8257a286
Aditya Mehra,Maithri K V,"4/27/26, 7:13 AM",,OUTGOING,https://www.linkedin.com/in/aditya-mehra-b8644b326,https://www.linkedin.com/in/maithri-k-v-a9b558351
Aditya Mehra,Manya Chandak,"5/18/26, 11:14 AM",,OUTGOING,https://www.linkedin.com/in/aditya-mehra-b8644b326,https://www.linkedin.com/in/manya-chandak-802b5834b
Aditya Mehra,Nabajukta Das,"4/27/26, 7:13 AM",,OUTGOING,https://www.linkedin.com/in/aditya-mehra-b8644b326,https://www.linkedin.com/in/nabajukta-das-411a43354
Aditya Mehra,Cliantha Tavares,"4/27/26, 7:13 AM",,OUTGOING,https://www.linkedin.com/in/aditya-mehra-b8644b326,https://www.linkedin.com/in/clianthatavares
Aditya Mehra,Priyanka Agarwal,"4/27/26, 7:13 AM",,OUTGOING,https://www.linkedin.com/in/aditya-mehra-b8644b326,https://www.linkedin.com/in/priyanka-agarwal-5800703b6
Aditya Mehra,Madiha Khan,"4/26/26, 11:27 PM",,OUTGOING,https://www.linkedin.com/in/aditya-mehra-b8644b326,https://www.linkedin.com/in/khan-madiha1804
Aditya Mehra,Vijayalaxmi Y,"4/26/26, 11:27 PM",,OUTGOING,https://www.linkedin.com/in/aditya-mehra-b8644b326,https://www.linkedin.com/in/vijayalaxmi-y-0189a42ba
Aditya Mehra,Simarpreet Kaur,"4/26/26, 11:27 PM",,OUTGOING,https://www.linkedin.com/in/aditya-mehra-b8644b326,https://www.linkedin.com/in/kaursimarpreet
Aditya Mehra,Merlyn Angel Francis ,"4/26/26, 11:27 PM",,OUTGOING,https://www.linkedin.com/in/aditya-mehra-b8644b326,https://www.linkedin.com/in/merlynfrancis
Aditya Mehra,Priyanshu  Singh,"4/26/26, 11:27 PM",,OUTGOING,https://www.linkedin.com/in/aditya-mehra-b8644b326,https://www.linkedin.com/in/priyanshu-singh-336b74403
Aditya Mehra,Aadya Rajpal,"4/26/26, 11:27 PM",,OUTGOING,https://www.linkedin.com/in/aditya-mehra-b8644b326,https://www.linkedin.com/in/aadya-rajpal-85b9a9313
Aditya Mehra,RAKSHITHA RAMESH KUMAR,"4/26/26, 11:27 PM",,OUTGOING,https://www.linkedin.com/in/aditya-mehra-b8644b326,https://www.linkedin.com/in/rakshitharameshkumar2697
Aditya Mehra,Shivani Jha,"5/18/26, 11:13 AM",,OUTGOING,https://www.linkedin.com/in/aditya-mehra-b8644b326,https://www.linkedin.com/in/shivani-jha-124b14404
Aditya Mehra,Usha V,"4/20/26, 12:14 PM",,OUTGOING,https://www.linkedin.com/in/aditya-mehra-b8644b326,https://www.linkedin.com/in/usha-v-31a77b20a
Aditya Mehra,Uditi Gupta,"4/20/26, 12:13 PM",,OUTGOING,https://www.linkedin.com/in/aditya-mehra-b8644b326,https://www.linkedin.com/in/uditiguptaa
Aditya Mehra,Mohana Priya K,"4/20/26, 12:13 PM",,OUTGOING,https://www.linkedin.com/in/aditya-mehra-b8644b326,https://www.linkedin.com/in/mohana-priya-k-57b017380
Aditya Mehra,Sanjana S Katti,"4/20/26, 12:14 PM",,OUTGOING,https://www.linkedin.com/in/aditya-mehra-b8644b326,https://www.linkedin.com/in/sanjanakati
Aditya Mehra,Samiksha  Madhyani,"4/20/26, 12:14 PM",,OUTGOING,https://www.linkedin.com/in/aditya-mehra-b8644b326,https://www.linkedin.com/in/samiksha-madhyani-7ab6b4326
Aditya Mehra,Disha Kothari,"4/20/26, 12:14 PM",,OUTGOING,https://www.linkedin.com/in/aditya-mehra-b8644b326,https://www.linkedin.com/in/disha-kothari-63b761370
Aditya Mehra,Samaira Arora,"4/20/26, 12:13 PM",,OUTGOING,https://www.linkedin.com/in/aditya-mehra-b8644b326,https://www.linkedin.com/in/samaira-arora-b25591375
Aditya Mehra,Rubaina Raja,"4/20/26, 12:14 PM",,OUTGOING,https://www.linkedin.com/in/aditya-mehra-b8644b326,https://www.linkedin.com/in/rubaina-raja-004a743a5
Aditya Mehra,Subhadra Newar,"4/20/26, 12:13 PM",,OUTGOING,https://www.linkedin.com/in/aditya-mehra-b8644b326,https://www.linkedin.com/in/subhadra-newar
Aditya Mehra,Kashish Nichani,"4/20/26, 12:13 PM",,OUTGOING,https://www.linkedin.com/in/aditya-mehra-b8644b326,https://www.linkedin.com/in/kashish-nichani-96586b30a
Aditya Mehra,Reanne Lasrado,"4/20/26, 12:13 PM",,OUTGOING,https://www.linkedin.com/in/aditya-mehra-b8644b326,https://www.linkedin.com/in/reanne-lasrado-762193357
Aditya Mehra,Rashmi Sharma,"4/20/26, 12:13 PM",,OUTGOING,https://www.linkedin.com/in/aditya-mehra-b8644b326,https://www.linkedin.com/in/rashmi-sharma-9b0383269
Aditya Mehra,Moulya Krishnappa,"4/20/26, 12:13 PM",,OUTGOING,https://www.linkedin.com/in/aditya-mehra-b8644b326,https://www.linkedin.com/in/moulya-krishnappa-1083aa25b
Aditya Mehra,Jyothika R,"4/20/26, 12:13 PM",,OUTGOING,https://www.linkedin.com/in/aditya-mehra-b8644b326,https://www.linkedin.com/in/jyothika-r-abb4273a3
Aditya Mehra,Aditi Sharma,"4/20/26, 12:13 PM",,OUTGOING,https://www.linkedin.com/in/aditya-mehra-b8644b326,https://www.linkedin.com/in/aditi-sharma-5487643b6
Aditya Mehra,Prisha Singh,"6/1/26, 6:23 AM",,OUTGOING,https://www.linkedin.com/in/aditya-mehra-b8644b326,https://www.linkedin.com/in/prisha-singh-752284287
Aditya Mehra,Samyuktha Kumar,"4/20/26, 12:13 PM",,OUTGOING,https://www.linkedin.com/in/aditya-mehra-b8644b326,https://www.linkedin.com/in/samyuktha-kumar-14j
Aditya Mehra,SWATHI C C,"4/20/26, 12:13 PM",,OUTGOING,https://www.linkedin.com/in/aditya-mehra-b8644b326,https://www.linkedin.com/in/swathi-c-c-7741823b3
Aditya Mehra,Jiya Mohan,"4/20/26, 12:13 PM",,OUTGOING,https://www.linkedin.com/in/aditya-mehra-b8644b326,https://www.linkedin.com/in/jiya-mohan
Aditya Mehra,Sobiya muskan CS,"4/20/26, 12:13 PM",,OUTGOING,https://www.linkedin.com/in/aditya-mehra-b8644b326,https://www.linkedin.com/in/sobiya-muskan-cs-2a0914352
Aditya Mehra,Nitya A N,"4/20/26, 12:13 PM",,OUTGOING,https://www.linkedin.com/in/aditya-mehra-b8644b326,https://www.linkedin.com/in/nitya-a-n-19b80a273
Aditya Mehra,Rida Almira Labbi,"4/20/26, 12:13 PM",,OUTGOING,https://www.linkedin.com/in/aditya-mehra-b8644b326,https://www.linkedin.com/in/rida-almira-labbi-6602722a5
Aditya Mehra,Yashika Chowdary T,"4/20/26, 12:13 PM",,OUTGOING,https://www.linkedin.com/in/aditya-mehra-b8644b326,https://www.linkedin.com/in/yashika-chowdary-t-1128b22ba
Aditya Mehra,Smriti Jha,"4/20/26, 12:12 PM",,OUTGOING,https://www.linkedin.com/in/aditya-mehra-b8644b326,https://www.linkedin.com/in/smriti-jha-772143218
Aditya Mehra,Afiyah Fatima Syeda,"4/20/26, 12:12 PM",,OUTGOING,https://www.linkedin.com/in/aditya-mehra-b8644b326,https://www.linkedin.com/in/afiyah-fatima-syeda-5a787627a
Aditya Mehra,ASIYA PARVIN,"4/20/26, 12:13 PM",,OUTGOING,https://www.linkedin.com/in/aditya-mehra-b8644b326,https://www.linkedin.com/in/asiya-parvin-3a6799377
Aditya Mehra,Junia Mathias,"4/20/26, 12:13 PM",,OUTGOING,https://www.linkedin.com/in/aditya-mehra-b8644b326,https://www.linkedin.com/in/junia-mathias-9294b9351
Aditya Mehra,Vani Jalan,"4/20/26, 12:12 PM",,OUTGOING,https://www.linkedin.com/in/aditya-mehra-b8644b326,https://www.linkedin.com/in/vani-jalan-87639131b
Aditya Mehra,Shilmy Shoy,"4/20/26, 12:12 PM",,OUTGOING,https://www.linkedin.com/in/aditya-mehra-b8644b326,https://www.linkedin.com/in/freelance-digital-marketing-expert-shilmy-shoy
Aditya Mehra,Bhoomi Poddar,"4/20/26, 12:12 PM",,OUTGOING,https://www.linkedin.com/in/aditya-mehra-b8644b326,https://www.linkedin.com/in/bhoomi-poddar
Aditya Mehra,Anushree Gujar,"4/20/26, 12:12 PM",,OUTGOING,https://www.linkedin.com/in/aditya-mehra-b8644b326,https://www.linkedin.com/in/anushree-gujar-524b30246
Aditya Mehra,Rochelle Punnen,"4/20/26, 12:12 PM",,OUTGOING,https://www.linkedin.com/in/aditya-mehra-b8644b326,https://www.linkedin.com/in/rochelle-punnen-19689b239
Aditya Mehra,Ritika Vashist,"4/20/26, 12:11 PM",,OUTGOING,https://www.linkedin.com/in/aditya-mehra-b8644b326,https://www.linkedin.com/in/ritika-vashist-96508b213
Aditya Mehra,Mitali Jaiswal,"4/20/26, 12:12 PM",,OUTGOING,https://www.linkedin.com/in/aditya-mehra-b8644b326,https://www.linkedin.com/in/mitali-jaiswal-34b9463a0
Aditya Mehra,Miruthulaa Vela,"4/20/26, 12:11 PM",,OUTGOING,https://www.linkedin.com/in/aditya-mehra-b8644b326,https://www.linkedin.com/in/miruthulaa-vela-780a0b399
Aditya Mehra,Thejusvi Raju,"4/20/26, 12:11 PM",,OUTGOING,https://www.linkedin.com/in/aditya-mehra-b8644b326,https://www.linkedin.com/in/thejusvi-raju-31619a241
Aditya Mehra,Allene John,"4/20/26, 12:11 PM",,OUTGOING,https://www.linkedin.com/in/aditya-mehra-b8644b326,https://www.linkedin.com/in/allene-john-09ab34282
Aditya Mehra,Shahana S,"4/20/26, 12:11 PM",,OUTGOING,https://www.linkedin.com/in/aditya-mehra-b8644b326,https://www.linkedin.com/in/shahanashivakumar
Aditya Mehra,Vaidehi Rallabandi,"4/20/26, 12:11 PM",,OUTGOING,https://www.linkedin.com/in/aditya-mehra-b8644b326,https://www.linkedin.com/in/vaidehi-rallabandi-9865a7303
Aditya Mehra,Sahithi Madiraju,"5/18/26, 11:13 AM",,OUTGOING,https://www.linkedin.com/in/aditya-mehra-b8644b326,https://www.linkedin.com/in/sahithi-madiraju
Aditya Mehra,Subha Dharshini B,"4/20/26, 12:11 PM",,OUTGOING,https://www.linkedin.com/in/aditya-mehra-b8644b326,https://www.linkedin.com/in/subha-dharshini-b-966b00249
Aditya Mehra,Sejal  Jannu,"4/20/26, 12:11 PM",,OUTGOING,https://www.linkedin.com/in/aditya-mehra-b8644b326,https://www.linkedin.com/in/sejal-jannu-9ab01a264
Aditya Mehra,Sahana Kv,"4/20/26, 12:11 PM",,OUTGOING,https://www.linkedin.com/in/aditya-mehra-b8644b326,https://www.linkedin.com/in/sahana-kv-0396043ab
Aditya Mehra,Shubhi  Jajware,"4/20/26, 12:11 PM",,OUTGOING,https://www.linkedin.com/in/aditya-mehra-b8644b326,https://www.linkedin.com/in/shubhi-jajware-26a819323
Aditya Mehra,Harshitha Gowda,"4/20/26, 12:11 PM",,OUTGOING,https://www.linkedin.com/in/aditya-mehra-b8644b326,https://www.linkedin.com/in/harshitha-gowda-aa0ab2359
Aditya Mehra,Albiya Elba,"4/20/26, 12:11 PM",,OUTGOING,https://www.linkedin.com/in/aditya-mehra-b8644b326,https://www.linkedin.com/in/albiya-elba
Aditya Mehra,Asmi Patil,"4/20/26, 12:11 PM",,OUTGOING,https://www.linkedin.com/in/aditya-mehra-b8644b326,https://www.linkedin.com/in/patilasmi
Aditya Mehra,Vanisha A,"4/20/26, 12:11 PM",,OUTGOING,https://www.linkedin.com/in/aditya-mehra-b8644b326,https://www.linkedin.com/in/vanisha-a-72b288272
Aditya Mehra,Rahila Mahammedshafee Sarwan,"4/20/26, 12:11 PM",,OUTGOING,https://www.linkedin.com/in/aditya-mehra-b8644b326,https://www.linkedin.com/in/rahila-mahammedshafee-sarwan-02718435b
Aditya Mehra,Sambhrama Heerapur,"4/20/26, 12:11 PM",,OUTGOING,https://www.linkedin.com/in/aditya-mehra-b8644b326,https://www.linkedin.com/in/sambhrama-heerapur-031b47309
Aditya Mehra,Vibha Priya Mahesh,"4/20/26, 12:10 PM",,OUTGOING,https://www.linkedin.com/in/aditya-mehra-b8644b326,https://www.linkedin.com/in/vibha-priya-mahesh-25969a3a5
Aditya Mehra,Vaanya Arora,"4/20/26, 12:11 PM",,OUTGOING,https://www.linkedin.com/in/aditya-mehra-b8644b326,https://www.linkedin.com/in/vaanya-arora-b5a505360
Aditya Mehra,Pranavika Shri A B,"4/20/26, 12:10 PM",,OUTGOING,https://www.linkedin.com/in/aditya-mehra-b8644b326,https://www.linkedin.com/in/pranavika-shri-a-b-121466399
Aditya Mehra,Ananya Singh,"4/20/26, 12:11 PM",,OUTGOING,https://www.linkedin.com/in/aditya-mehra-b8644b326,https://www.linkedin.com/in/ananya-singh-a56a24392
Aditya Mehra,Arunima Kv,"4/20/26, 12:10 PM",,OUTGOING,https://www.linkedin.com/in/aditya-mehra-b8644b326,https://www.linkedin.com/in/arunima-kv-9881bb390
Aditya Mehra,Ananya Sreedhar,"4/20/26, 12:10 PM",,OUTGOING,https://www.linkedin.com/in/aditya-mehra-b8644b326,https://www.linkedin.com/in/ananyasreedhar
Aditya Mehra,Aditi Kadiyan,"4/20/26, 12:10 PM",,OUTGOING,https://www.linkedin.com/in/aditya-mehra-b8644b326,https://www.linkedin.com/in/aditi-kadiyan
Aditya Mehra,Shweta Sekar,"4/20/26, 12:10 PM",,OUTGOING,https://www.linkedin.com/in/aditya-mehra-b8644b326,https://www.linkedin.com/in/shweta-sekar-4b42b137a
Aditya Mehra,Prerana G Nedungadi,"4/20/26, 12:10 PM",,OUTGOING,https://www.linkedin.com/in/aditya-mehra-b8644b326,https://www.linkedin.com/in/prerana-g-nedungadi-a9ab75377
Aditya Mehra,Anjana Parameswaran,"4/20/26, 12:10 PM",,OUTGOING,https://www.linkedin.com/in/aditya-mehra-b8644b326,https://www.linkedin.com/in/anjana-089162398
Aditya Mehra,Aradhya Agarwal,"4/20/26, 12:10 PM",,OUTGOING,https://www.linkedin.com/in/aditya-mehra-b8644b326,https://www.linkedin.com/in/aradhya-agarwal-648480390
Aditya Mehra,TRISHIKA A,"4/20/26, 12:10 PM",,OUTGOING,https://www.linkedin.com/in/aditya-mehra-b8644b326,https://www.linkedin.com/in/trishika-a-2a492035b
Aditya Mehra,Shruti Singh,"4/20/26, 12:10 PM",,OUTGOING,https://www.linkedin.com/in/aditya-mehra-b8644b326,https://www.linkedin.com/in/shruti-singh-38256b302
Aditya Mehra,Dhivya Dharshini,"4/20/26, 12:10 PM",,OUTGOING,https://www.linkedin.com/in/aditya-mehra-b8644b326,https://www.linkedin.com/in/dhivya-dharshini-87b2b6364
Aditya Mehra,Sandhya Sharma,"4/20/26, 12:10 PM",,OUTGOING,https://www.linkedin.com/in/aditya-mehra-b8644b326,https://www.linkedin.com/in/sandhya-sharma-46a069286
Aditya Mehra,Harsita Agarwal,"4/20/26, 12:10 PM",,OUTGOING,https://www.linkedin.com/in/aditya-mehra-b8644b326,https://www.linkedin.com/in/harsita-agarwal-86155b325
Aditya Mehra,Varnitha P,"4/20/26, 12:10 PM",,OUTGOING,https://www.linkedin.com/in/aditya-mehra-b8644b326,https://www.linkedin.com/in/varnitha-p-98410b253
Aditya Mehra,Saura Pugalia,"4/20/26, 12:10 PM",,OUTGOING,https://www.linkedin.com/in/aditya-mehra-b8644b326,https://www.linkedin.com/in/saura-pugalia-8974ba377
Aditya Mehra,Arpita Choudhury,"4/20/26, 12:10 PM",,OUTGOING,https://www.linkedin.com/in/aditya-mehra-b8644b326,https://www.linkedin.com/in/arpita-choudhury-40934b301
Aditya Mehra,Vaishnavi T P,"4/20/26, 12:10 PM",,OUTGOING,https://www.linkedin.com/in/aditya-mehra-b8644b326,https://www.linkedin.com/in/vaishnavi-t-p-075a36365
Aditya Mehra,Anet Abey,"5/18/26, 11:17 AM",,OUTGOING,https://www.linkedin.com/in/aditya-mehra-b8644b326,https://www.linkedin.com/in/anet-abey-28a506299
Aditya Mehra,Poulami Mondal,"4/20/26, 12:10 PM",,OUTGOING,https://www.linkedin.com/in/aditya-mehra-b8644b326,https://www.linkedin.com/in/poulami-mondal-692152304
Aditya Mehra,Bhumika Agarwal,"4/20/26, 12:10 PM",,OUTGOING,https://www.linkedin.com/in/aditya-mehra-b8644b326,https://www.linkedin.com/in/bhumika-agarwal-25333a28b
Aditya Mehra,Sathi Bar,"4/20/26, 12:10 PM",,OUTGOING,https://www.linkedin.com/in/aditya-mehra-b8644b326,https://www.linkedin.com/in/sathi-bar-01b83a300
Aditya Mehra,Kogulasriramavalli Palaniappan,"4/20/26, 12:09 PM",,OUTGOING,https://www.linkedin.com/in/aditya-mehra-b8644b326,https://www.linkedin.com/in/kogulasriramavalli-palaniappan-209316286
Aditya Mehra,Thanusree V,"4/20/26, 12:10 PM",,OUTGOING,https://www.linkedin.com/in/aditya-mehra-b8644b326,https://www.linkedin.com/in/thanusreev
Aditya Mehra,KINJAL  VIJAY,"4/20/26, 12:10 PM",,OUTGOING,https://www.linkedin.com/in/aditya-mehra-b8644b326,https://www.linkedin.com/in/kinjalvijay
Aditya Mehra,Suryaja S Nair,"4/20/26, 12:09 PM",,OUTGOING,https://www.linkedin.com/in/aditya-mehra-b8644b326,https://www.linkedin.com/in/suryaja-s-nair-b16035354
Aditya Mehra,Ashrita Ananth,"4/20/26, 12:09 PM",,OUTGOING,https://www.linkedin.com/in/aditya-mehra-b8644b326,https://www.linkedin.com/in/ashrita-ananth-9268b433a
Aditya Mehra,sanjana kutty,"4/20/26, 12:08 PM",,OUTGOING,https://www.linkedin.com/in/aditya-mehra-b8644b326,https://www.linkedin.com/in/sanjana-kutty-5a907139b
Aditya Mehra,Deepanshi Sharma,"4/20/26, 12:08 PM",,OUTGOING,https://www.linkedin.com/in/aditya-mehra-b8644b326,https://www.linkedin.com/in/deepanshi-sharma-20b741370
Aditya Mehra,Sharanya S P,"4/20/26, 12:08 PM",,OUTGOING,https://www.linkedin.com/in/aditya-mehra-b8644b326,https://www.linkedin.com/in/sharanya-s-p-9a769820b
Aditya Mehra,Ritika Kumari,"4/20/26, 12:08 PM",,OUTGOING,https://www.linkedin.com/in/aditya-mehra-b8644b326,https://www.linkedin.com/in/ritika-kumari-713084377
Aditya Mehra,Indraakshi Mandal,"4/20/26, 12:08 PM",,OUTGOING,https://www.linkedin.com/in/aditya-mehra-b8644b326,https://www.linkedin.com/in/indraakshi-mandal-489846319
Aditya Mehra,Annam Azam,"4/20/26, 12:08 PM",,OUTGOING,https://www.linkedin.com/in/aditya-mehra-b8644b326,https://www.linkedin.com/in/annam-azam-1436bb361
Aditya Mehra,Rashi Patidar,"4/20/26, 12:08 PM",,OUTGOING,https://www.linkedin.com/in/aditya-mehra-b8644b326,https://www.linkedin.com/in/rashi-patidar-8613a133b
Aditya Mehra,Krishitha CS,"4/20/26, 12:08 PM",,OUTGOING,https://www.linkedin.com/in/aditya-mehra-b8644b326,https://www.linkedin.com/in/krishitha-cs-964307320
Aditya Mehra,Shaista Sheriff,"4/20/26, 12:08 PM",,OUTGOING,https://www.linkedin.com/in/aditya-mehra-b8644b326,https://www.linkedin.com/in/shaista-s-335b682a2
Aditya Mehra,Vaishnavi  Prasad,"4/20/26, 12:08 PM",,OUTGOING,https://www.linkedin.com/in/aditya-mehra-b8644b326,https://www.linkedin.com/in/vaishnavi-r-prasad
Aditya Mehra,Nikitha M,"4/20/26, 12:08 PM",,OUTGOING,https://www.linkedin.com/in/aditya-mehra-b8644b326,https://www.linkedin.com/in/nikitha-m-ab7170326
Aditya Mehra,Savi Kasliwal,"4/20/26, 12:07 PM",,OUTGOING,https://www.linkedin.com/in/aditya-mehra-b8644b326,https://www.linkedin.com/in/savi-kasliwal-997aa3318
Aditya Mehra,Riddhima Rasaily,"4/20/26, 12:08 PM",,OUTGOING,https://www.linkedin.com/in/aditya-mehra-b8644b326,https://www.linkedin.com/in/riddhima-rasaily-5bb281372
Aditya Mehra,Rajni Gaur,"4/20/26, 12:07 PM",,OUTGOING,https://www.linkedin.com/in/aditya-mehra-b8644b326,https://www.linkedin.com/in/iamrajnigaur
Aditya Mehra,Khushi J P,"4/20/26, 12:08 PM",,OUTGOING,https://www.linkedin.com/in/aditya-mehra-b8644b326,https://www.linkedin.com/in/jpkhushi
Aditya Mehra,Hima Gowri S,"4/20/26, 12:07 PM",,OUTGOING,https://www.linkedin.com/in/aditya-mehra-b8644b326,https://www.linkedin.com/in/hima-gowri-s-5736b7355
Aditya Mehra,Gayathri Vimal,"5/28/26, 6:35 AM",,OUTGOING,https://www.linkedin.com/in/aditya-mehra-b8644b326,https://www.linkedin.com/in/gayathri-vimal-4103a8381
Aditya Mehra,Jahnavi reddy,"4/20/26, 12:07 PM",,OUTGOING,https://www.linkedin.com/in/aditya-mehra-b8644b326,https://www.linkedin.com/in/jahnavi-reddy-14b8703a3
Aditya Mehra,Shraddha Chhetri,"4/20/26, 12:08 PM",,OUTGOING,https://www.linkedin.com/in/aditya-mehra-b8644b326,https://www.linkedin.com/in/shraddha-chhetri-15b668301
Aditya Mehra,Triesha Hosur,"4/20/26, 12:07 PM",,OUTGOING,https://www.linkedin.com/in/aditya-mehra-b8644b326,https://www.linkedin.com/in/triesha-hosur-819346392
Aditya Mehra,Romika Reddy Boreddy,"4/20/26, 12:07 PM",,OUTGOING,https://www.linkedin.com/in/aditya-mehra-b8644b326,https://www.linkedin.com/in/romika-reddy-boreddy-319972319
Aditya Mehra,Shiny Pinto,"4/20/26, 12:07 PM",,OUTGOING,https://www.linkedin.com/in/aditya-mehra-b8644b326,https://www.linkedin.com/in/shiny-pinto-a66959319
Aditya Mehra,Deepika S,"4/20/26, 12:07 PM",,OUTGOING,https://www.linkedin.com/in/aditya-mehra-b8644b326,https://www.linkedin.com/in/deepika-s-251627305
Aditya Mehra,Deeksha NH,"4/20/26, 12:07 PM",,OUTGOING,https://www.linkedin.com/in/aditya-mehra-b8644b326,https://www.linkedin.com/in/deeksha-nh-b57924370
Aditya Mehra,Gowri R Nambisan,"4/20/26, 12:07 PM",,OUTGOING,https://www.linkedin.com/in/aditya-mehra-b8644b326,https://www.linkedin.com/in/gowri-r-nambisan-849a88310
Aditya Mehra,Samiksha Chaturvedi,"4/20/26, 12:07 PM",,OUTGOING,https://www.linkedin.com/in/aditya-mehra-b8644b326,https://www.linkedin.com/in/samiksha05
Aditya Mehra,Nikhita Viju,"4/20/26, 12:07 PM",,OUTGOING,https://www.linkedin.com/in/aditya-mehra-b8644b326,https://www.linkedin.com/in/nikhita-maria-viju
Aditya Mehra,Yukta Tulsani,"4/20/26, 12:07 PM",,OUTGOING,https://www.linkedin.com/in/aditya-mehra-b8644b326,https://www.linkedin.com/in/yukta-tulsani-235023283
Aditya Mehra,varshithaa prakash,"4/20/26, 12:07 PM",,OUTGOING,https://www.linkedin.com/in/aditya-mehra-b8644b326,https://www.linkedin.com/in/varshithaa-prakash
Aditya Mehra,Fatima Nazir,"4/20/26, 12:07 PM",,OUTGOING,https://www.linkedin.com/in/aditya-mehra-b8644b326,https://www.linkedin.com/in/fatima-nazir-266a59375
Aditya Mehra,Ranhita Y,"4/20/26, 12:07 PM",,OUTGOING,https://www.linkedin.com/in/aditya-mehra-b8644b326,https://www.linkedin.com/in/ranhita-y-a5ba7b355
Aditya Mehra,Nihaarika  C Kikkeri,"4/20/26, 12:07 PM",,OUTGOING,https://www.linkedin.com/in/aditya-mehra-b8644b326,https://www.linkedin.com/in/nihaarika-c-kikkeri-88baa8273
Aditya Mehra,Tanisha Baid,"4/20/26, 12:07 PM",,OUTGOING,https://www.linkedin.com/in/aditya-mehra-b8644b326,https://www.linkedin.com/in/tanisha-baid-63083836b
Aditya Mehra,Srujana KB,"4/20/26, 12:07 PM",,OUTGOING,https://www.linkedin.com/in/aditya-mehra-b8644b326,https://www.linkedin.com/in/kbsrujana0410
Aditya Mehra,Arya Santhosh,"4/20/26, 12:07 PM",,OUTGOING,https://www.linkedin.com/in/aditya-mehra-b8644b326,https://www.linkedin.com/in/arya-santhosh-45714a3b1
Aditya Mehra,NITHYASHREE P,"4/20/26, 12:06 PM",,OUTGOING,https://www.linkedin.com/in/aditya-mehra-b8644b326,https://www.linkedin.com/in/nithyashree-p-42111a3a0
Aditya Mehra,Clarisa Chinghuaiit  Zou,"4/20/26, 12:06 PM",,OUTGOING,https://www.linkedin.com/in/aditya-mehra-b8644b326,https://www.linkedin.com/in/clarisa-chinghuaiit-zou-9784922b0
Aditya Mehra,Khushi Patil,"4/20/26, 12:07 PM",,OUTGOING,https://www.linkedin.com/in/aditya-mehra-b8644b326,https://www.linkedin.com/in/khushi-patil-1995b5375
Aditya Mehra,Aanya  sahu,"4/20/26, 12:06 PM",,OUTGOING,https://www.linkedin.com/in/aditya-mehra-b8644b326,https://www.linkedin.com/in/aanya-sahu-b4426b255
Aditya Mehra,Kashika Gupta,"5/18/26, 11:14 AM",,OUTGOING,https://www.linkedin.com/in/aditya-mehra-b8644b326,https://www.linkedin.com/in/kashika-gupta-84b449403
Aditya Mehra,Divya Keshan,"4/20/26, 12:06 PM",,OUTGOING,https://www.linkedin.com/in/aditya-mehra-b8644b326,https://www.linkedin.com/in/divya-keshan-4567b2366
Aditya Mehra,Manar Khalaf,"4/20/26, 12:06 PM",,OUTGOING,https://www.linkedin.com/in/aditya-mehra-b8644b326,https://www.linkedin.com/in/manar-khalaf-7a9981402
Aditya Mehra,Priyadarshini A G,"4/20/26, 12:06 PM",,OUTGOING,https://www.linkedin.com/in/aditya-mehra-b8644b326,https://www.linkedin.com/in/priyadarshini-a-g-00b9993b9
Aditya Mehra,Rutika R K,"4/20/26, 12:06 PM",,OUTGOING,https://www.linkedin.com/in/aditya-mehra-b8644b326,https://www.linkedin.com/in/rutika-r-k-48375a294
Aditya Mehra,Medhya Srivastava,"4/20/26, 12:06 PM",,OUTGOING,https://www.linkedin.com/in/aditya-mehra-b8644b326,https://www.linkedin.com/in/medhyasri68
Aditya Mehra,Siddhi Jain,"5/18/26, 11:12 AM",,OUTGOING,https://www.linkedin.com/in/aditya-mehra-b8644b326,https://www.linkedin.com/in/siddhi-jain-b1123a280
Aditya Mehra,Anushree Gupta,"4/20/26, 12:05 PM",,OUTGOING,https://www.linkedin.com/in/aditya-mehra-b8644b326,https://www.linkedin.com/in/anushreegupta2110
Aditya Mehra,Tanisa Jain,"4/20/26, 12:05 PM",,OUTGOING,https://www.linkedin.com/in/aditya-mehra-b8644b326,https://www.linkedin.com/in/tanisa-jain-406895346
Aditya Mehra,Sadichchha Singh,"4/20/26, 12:05 PM",,OUTGOING,https://www.linkedin.com/in/aditya-mehra-b8644b326,https://www.linkedin.com/in/sadichchha-singh-59b651361
Aditya Mehra,Tanishka Bansal,"4/20/26, 12:05 PM",,OUTGOING,https://www.linkedin.com/in/aditya-mehra-b8644b326,https://www.linkedin.com/in/tanishka-bansal-1a38b22a9
Aditya Mehra,Nithya Shetty,"4/20/26, 12:05 PM",,OUTGOING,https://www.linkedin.com/in/aditya-mehra-b8644b326,https://www.linkedin.com/in/nithya-shetty-724a082b7
Aditya Mehra,Abburi Manasa,"4/20/26, 12:05 PM",,OUTGOING,https://www.linkedin.com/in/aditya-mehra-b8644b326,https://www.linkedin.com/in/abburi-manasa
Aditya Mehra,Sakshi Desai,"4/20/26, 12:05 PM",,OUTGOING,https://www.linkedin.com/in/aditya-mehra-b8644b326,https://www.linkedin.com/in/sakshidesai30
Aditya Mehra,Ratanjali Easa,"4/20/26, 12:05 PM",,OUTGOING,https://www.linkedin.com/in/aditya-mehra-b8644b326,https://www.linkedin.com/in/ratanjali-easa-65b954314
Aditya Mehra,Jaya Bhadoria,"4/20/26, 12:05 PM",,OUTGOING,https://www.linkedin.com/in/aditya-mehra-b8644b326,https://www.linkedin.com/in/jaya-bhadoria-b16451199
Aditya Mehra,ling Dewi Linggar Saputri ,"4/20/26, 12:05 PM",,OUTGOING,https://www.linkedin.com/in/aditya-mehra-b8644b326,https://www.linkedin.com/in/ling-dewi-linggar-saputri-577341404
Aditya Mehra,Shristi Das,"4/20/26, 12:05 PM",,OUTGOING,https://www.linkedin.com/in/aditya-mehra-b8644b326,https://www.linkedin.com/in/shristi-das-0b3429360
Aditya Mehra,Caroline Mg,"4/20/26, 12:05 PM",,OUTGOING,https://www.linkedin.com/in/aditya-mehra-b8644b326,https://www.linkedin.com/in/caroline-mg-084672295
Aditya Mehra,Kokhila Gopi,"6/23/26, 3:58 AM",,OUTGOING,https://www.linkedin.com/in/aditya-mehra-b8644b326,https://www.linkedin.com/in/kokhila-gopi-40884137b
Aditya Mehra,Amrutha D Muttur,"4/20/26, 12:05 PM",,OUTGOING,https://www.linkedin.com/in/aditya-mehra-b8644b326,https://www.linkedin.com/in/amrutha-d-muttur-92116737b
Aditya Mehra,Lohitha Shree Vanumu,"4/20/26, 12:04 PM",,OUTGOING,https://www.linkedin.com/in/aditya-mehra-b8644b326,https://www.linkedin.com/in/lohithashreevanumu
Aditya Mehra,Rashmi Nairy S,"4/20/26, 12:04 PM",,OUTGOING,https://www.linkedin.com/in/aditya-mehra-b8644b326,https://www.linkedin.com/in/rashmi-nairy-s-99746b2b7
Aditya Mehra,Misbah Khanum Afridi,"4/20/26, 12:04 PM",,OUTGOING,https://www.linkedin.com/in/aditya-mehra-b8644b326,https://www.linkedin.com/in/misbah-afridi
Aditya Mehra,Keerthana N K,"4/20/26, 12:05 PM",,OUTGOING,https://www.linkedin.com/in/aditya-mehra-b8644b326,https://www.linkedin.com/in/keerthana-n-k-74b792360
Aditya Mehra,Shravya KP,"4/20/26, 12:05 PM",,OUTGOING,https://www.linkedin.com/in/aditya-mehra-b8644b326,https://www.linkedin.com/in/shravya-kp-8817283b8
Aditya Mehra,Shibya Varshney,"4/20/26, 12:04 PM",,OUTGOING,https://www.linkedin.com/in/aditya-mehra-b8644b326,https://www.linkedin.com/in/shibya-varshney-431437377
Aditya Mehra,Jayashree K R,"4/20/26, 12:05 PM",,OUTGOING,https://www.linkedin.com/in/aditya-mehra-b8644b326,https://www.linkedin.com/in/jayashree-k-r-690939370
Aditya Mehra,Naziya S,"4/20/26, 12:05 PM",,OUTGOING,https://www.linkedin.com/in/aditya-mehra-b8644b326,https://www.linkedin.com/in/naziya-s-17588935b
Aditya Mehra,Vindhya T V,"4/20/26, 12:05 PM",,OUTGOING,https://www.linkedin.com/in/aditya-mehra-b8644b326,https://www.linkedin.com/in/vindhya-t-v
Aditya Mehra,Sanjana Hampanal,"4/20/26, 12:04 PM",,OUTGOING,https://www.linkedin.com/in/aditya-mehra-b8644b326,https://www.linkedin.com/in/sanjana-hampanal-5272422a8
Aditya Mehra,Monisha R,"4/20/26, 12:04 PM",,OUTGOING,https://www.linkedin.com/in/aditya-mehra-b8644b326,https://www.linkedin.com/in/monisha-r-31a196385
Aditya Mehra,Prachi Verma,"4/20/26, 12:04 PM",,OUTGOING,https://www.linkedin.com/in/aditya-mehra-b8644b326,https://www.linkedin.com/in/prachi-verma-a6820b360
Aditya Mehra,Chinnushree C  Gowda,"4/20/26, 12:04 PM",,OUTGOING,https://www.linkedin.com/in/aditya-mehra-b8644b326,https://www.linkedin.com/in/chinnushree-c-gowda-20948835b
Aditya Mehra,Teertha Krishna Sree,"4/20/26, 12:04 PM",,OUTGOING,https://www.linkedin.com/in/aditya-mehra-b8644b326,https://www.linkedin.com/in/teertha-krishna-sree-897a88385
Aditya Mehra,Inchara B K,"4/20/26, 12:04 PM",,OUTGOING,https://www.linkedin.com/in/aditya-mehra-b8644b326,https://www.linkedin.com/in/incharabk28
Aditya Mehra,Shrusti Miskin,"4/20/26, 12:04 PM",,OUTGOING,https://www.linkedin.com/in/aditya-mehra-b8644b326,https://www.linkedin.com/in/shrusti-miskin-b3a179315
Aditya Mehra,Ruqiah Banu,"4/20/26, 12:04 PM",,OUTGOING,https://www.linkedin.com/in/aditya-mehra-b8644b326,https://www.linkedin.com/in/ruqiah-banu-47523b330
Aditya Mehra,Pooja Gavade,"4/20/26, 12:04 PM",,OUTGOING,https://www.linkedin.com/in/aditya-mehra-b8644b326,https://www.linkedin.com/in/pooja-gavade-4556292b8
Aditya Mehra,Sana Bahiya,"4/20/26, 12:04 PM",,OUTGOING,https://www.linkedin.com/in/aditya-mehra-b8644b326,https://www.linkedin.com/in/sana-bahiya
Aditya Mehra,Bhavana S,"4/20/26, 12:04 PM",,OUTGOING,https://www.linkedin.com/in/aditya-mehra-b8644b326,https://www.linkedin.com/in/bhavana-s-606561331
Aditya Mehra,Kanishka Jain,"4/20/26, 12:04 PM",,OUTGOING,https://www.linkedin.com/in/aditya-mehra-b8644b326,https://www.linkedin.com/in/kanishka-jain-4b9496261
Aditya Mehra,Rakshita Naik,"4/20/26, 12:04 PM",,OUTGOING,https://www.linkedin.com/in/aditya-mehra-b8644b326,https://www.linkedin.com/in/rakshita-naik-5b64112b0
Aditya Mehra,Anjali Kulkarni,"4/20/26, 12:04 PM",,OUTGOING,https://www.linkedin.com/in/aditya-mehra-b8644b326,https://www.linkedin.com/in/anjali-kulkarni-50a530228
Aditya Mehra,Eva Ambust,"6/8/26, 6:35 AM",,OUTGOING,https://www.linkedin.com/in/aditya-mehra-b8644b326,https://www.linkedin.com/in/eva-ambust-53b286240
Aditya Mehra,Yashasvi Vishnoi,"4/14/26, 3:04 AM",,OUTGOING,https://www.linkedin.com/in/aditya-mehra-b8644b326,https://www.linkedin.com/in/yashasvi-vishnoi-7ab968341
Aditya Mehra,Aditi Kesar,"4/14/26, 3:04 AM",,OUTGOING,https://www.linkedin.com/in/aditya-mehra-b8644b326,https://www.linkedin.com/in/aditi-kesar-072116371
Aditya Mehra,Shriya Agrawal,"4/14/26, 3:04 AM",,OUTGOING,https://www.linkedin.com/in/aditya-mehra-b8644b326,https://www.linkedin.com/in/shriya-agrawal-008206370
Aditya Mehra,Muskan Surana,"4/14/26, 3:03 AM",,OUTGOING,https://www.linkedin.com/in/aditya-mehra-b8644b326,https://www.linkedin.com/in/muskan-surana-873312377
Aditya Mehra,Sahana  Priya G,"4/14/26, 3:03 AM",,OUTGOING,https://www.linkedin.com/in/aditya-mehra-b8644b326,https://www.linkedin.com/in/sahana-priya-g
Aditya Mehra,Aadhya Gupta,"4/14/26, 3:04 AM",,OUTGOING,https://www.linkedin.com/in/aditya-mehra-b8644b326,https://www.linkedin.com/in/aadhya-gupta-018a27381
Aditya Mehra,Prerna Mishra,"4/14/26, 3:03 AM",,OUTGOING,https://www.linkedin.com/in/aditya-mehra-b8644b326,https://www.linkedin.com/in/prerna-mishra-5a6609352
Aditya Mehra,Siri S P,"4/14/26, 3:04 AM",,OUTGOING,https://www.linkedin.com/in/aditya-mehra-b8644b326,https://www.linkedin.com/in/sirisp
Aditya Mehra,Sanjana S,"4/14/26, 3:04 AM",,OUTGOING,https://www.linkedin.com/in/aditya-mehra-b8644b326,https://www.linkedin.com/in/sanjana-s-5b4426313
Aditya Mehra,Samita .,"4/14/26, 3:03 AM",,OUTGOING,https://www.linkedin.com/in/aditya-mehra-b8644b326,https://www.linkedin.com/in/samita1
Aditya Mehra,Christa Jojo,"4/14/26, 3:03 AM",,OUTGOING,https://www.linkedin.com/in/aditya-mehra-b8644b326,https://www.linkedin.com/in/christa-jojo-331a702a3
Aditya Mehra,Asmi Sinha,"4/14/26, 3:03 AM",,OUTGOING,https://www.linkedin.com/in/aditya-mehra-b8644b326,https://www.linkedin.com/in/asmi-sinha-2250b0312
Aditya Mehra,Ishanee Chaliha,"4/14/26, 3:03 AM",,OUTGOING,https://www.linkedin.com/in/aditya-mehra-b8644b326,https://www.linkedin.com/in/ishanee-chaliha-748920317
Aditya Mehra,Dhani Puri,"4/14/26, 3:03 AM",,OUTGOING,https://www.linkedin.com/in/aditya-mehra-b8644b326,https://www.linkedin.com/in/dhani-puri-2486a5380
Aditya Mehra,Bhavyata Kumar,"4/14/26, 3:03 AM",,OUTGOING,https://www.linkedin.com/in/aditya-mehra-b8644b326,https://www.linkedin.com/in/bhavyata-kumar-049132370
Aditya Mehra,Manya Thakkar,"4/14/26, 3:03 AM",,OUTGOING,https://www.linkedin.com/in/aditya-mehra-b8644b326,https://www.linkedin.com/in/manya-thakkar
Aditya Mehra,Ridhi Pruthi,"4/14/26, 3:03 AM",,OUTGOING,https://www.linkedin.com/in/aditya-mehra-b8644b326,https://www.linkedin.com/in/ridhipruthi07
Aditya Mehra,Mahek Trapasiya,"4/14/26, 3:03 AM",,OUTGOING,https://www.linkedin.com/in/aditya-mehra-b8644b326,https://www.linkedin.com/in/mahek-trapasiya-1baba0203
Aditya Mehra,Ishwari Deshmukh,"4/14/26, 3:03 AM",,OUTGOING,https://www.linkedin.com/in/aditya-mehra-b8644b326,https://www.linkedin.com/in/ishwari-deshmukh-aa075a252
Aditya Mehra,Minal Budhia ,"4/14/26, 3:03 AM",,OUTGOING,https://www.linkedin.com/in/aditya-mehra-b8644b326,https://www.linkedin.com/in/minal-budhia-8464303b6
Aditya Mehra,Mahima S,"4/14/26, 3:02 AM",,OUTGOING,https://www.linkedin.com/in/aditya-mehra-b8644b326,https://www.linkedin.com/in/mahima-s-3098a4362
Aditya Mehra,Mirita Hormese,"4/14/26, 3:02 AM",,OUTGOING,https://www.linkedin.com/in/aditya-mehra-b8644b326,https://www.linkedin.com/in/mirita-hormese
Aditya Mehra,Yashmitha sri,"4/14/26, 3:03 AM",,OUTGOING,https://www.linkedin.com/in/aditya-mehra-b8644b326,https://www.linkedin.com/in/yashmitha-sri
Aditya Mehra,Lakshmi Krishna,"4/14/26, 3:03 AM",,OUTGOING,https://www.linkedin.com/in/aditya-mehra-b8644b326,https://www.linkedin.com/in/lakshmi-krishna-566799379
Aditya Mehra,Nikita Fernandes,"4/13/26, 12:57 AM",,OUTGOING,https://www.linkedin.com/in/aditya-mehra-b8644b326,https://www.linkedin.com/in/nikita-fernandes-5b7947a2
Aditya Mehra,Sunaina Yadav,"4/13/26, 12:57 AM",,OUTGOING,https://www.linkedin.com/in/aditya-mehra-b8644b326,https://www.linkedin.com/in/sunaina-yadav-49b67b164
Aditya Mehra,Parineeta Mahajan,"4/13/26, 12:57 AM",,OUTGOING,https://www.linkedin.com/in/aditya-mehra-b8644b326,https://www.linkedin.com/in/parineetamjn
Aditya Mehra,Sushila Yadav,"4/13/26, 12:56 AM",,OUTGOING,https://www.linkedin.com/in/aditya-mehra-b8644b326,https://www.linkedin.com/in/sushila-yadav-26532a161
Aditya Mehra,Prerna Arya,"4/13/26, 12:57 AM",,OUTGOING,https://www.linkedin.com/in/aditya-mehra-b8644b326,https://www.linkedin.com/in/prerna-arya
Aditya Mehra,Divya Rajan,"4/13/26, 12:57 AM",,OUTGOING,https://www.linkedin.com/in/aditya-mehra-b8644b326,https://www.linkedin.com/in/divya-rajan-55423012a
Aditya Mehra,Indhu Radhakrishnan,"4/13/26, 12:57 AM",,OUTGOING,https://www.linkedin.com/in/aditya-mehra-b8644b326,https://www.linkedin.com/in/indhu-radhakrishnan-9371868
Aditya Mehra,Darsana Santhosh,"4/13/26, 12:57 AM",,OUTGOING,https://www.linkedin.com/in/aditya-mehra-b8644b326,https://www.linkedin.com/in/darsana-santhosh-533a20274
Aditya Mehra,Gitika Goyal,"4/13/26, 12:56 AM",,OUTGOING,https://www.linkedin.com/in/aditya-mehra-b8644b326,https://www.linkedin.com/in/gitika-goyal-471b9574
Aditya Mehra,Anita kurian,"4/13/26, 12:56 AM",,OUTGOING,https://www.linkedin.com/in/aditya-mehra-b8644b326,https://www.linkedin.com/in/anita-kurian-78178216a
Aditya Mehra,Sathya Ramesh,"4/13/26, 12:56 AM",,OUTGOING,https://www.linkedin.com/in/aditya-mehra-b8644b326,https://www.linkedin.com/in/sathya-ramesh-55509b211
Aditya Mehra,Kohely Ghosal,"4/13/26, 12:56 AM",,OUTGOING,https://www.linkedin.com/in/aditya-mehra-b8644b326,https://www.linkedin.com/in/kohely-ghosal
Aditya Mehra,Deeshita Mittal,"4/13/26, 12:56 AM",,OUTGOING,https://www.linkedin.com/in/aditya-mehra-b8644b326,https://www.linkedin.com/in/deeshita-mittal
Aditya Mehra,Delishea Cardoz,"4/13/26, 12:56 AM",,OUTGOING,https://www.linkedin.com/in/aditya-mehra-b8644b326,https://www.linkedin.com/in/delishea-cardoz-20677542
Aditya Mehra,Thaseena  Khanum,"4/13/26, 12:56 AM",,OUTGOING,https://www.linkedin.com/in/aditya-mehra-b8644b326,https://www.linkedin.com/in/thaseena-khanum-3766b011
Aditya Mehra,Nishita Raghavendra,"4/13/26, 12:56 AM",,OUTGOING,https://www.linkedin.com/in/aditya-mehra-b8644b326,https://www.linkedin.com/in/nishita-raghavendra
Aditya Mehra,Priyanka Biradar,"4/13/26, 12:55 AM",,OUTGOING,https://www.linkedin.com/in/aditya-mehra-b8644b326,https://www.linkedin.com/in/priyanka-biradar-45301628b
Aditya Mehra,Bhagyashri Vaddar,"4/13/26, 12:55 AM",,OUTGOING,https://www.linkedin.com/in/aditya-mehra-b8644b326,https://www.linkedin.com/in/bhagyashri-vaddar-b96565279
Aditya Mehra,Kavya M,"4/13/26, 12:55 AM",,OUTGOING,https://www.linkedin.com/in/aditya-mehra-b8644b326,https://www.linkedin.com/in/kavya-m-7aa5a2262
Aditya Mehra,Vijetha Puthran,"4/13/26, 12:54 AM",,OUTGOING,https://www.linkedin.com/in/aditya-mehra-b8644b326,https://www.linkedin.com/in/vijetha-puthran-593035269
Aditya Mehra,Sasi Prabha Yadav,"4/13/26, 12:54 AM",,OUTGOING,https://www.linkedin.com/in/aditya-mehra-b8644b326,https://www.linkedin.com/in/sasi-prabha-yadav-1660a824
Aditya Mehra,Kritika yadav,"4/13/26, 12:54 AM",,OUTGOING,https://www.linkedin.com/in/aditya-mehra-b8644b326,https://www.linkedin.com/in/kritika-yadav-16a895107
Aditya Mehra,Pallavi Bellad,"4/13/26, 12:53 AM",,OUTGOING,https://www.linkedin.com/in/aditya-mehra-b8644b326,https://www.linkedin.com/in/pallavi-bellad
Aditya Mehra,Arpana singh,"4/13/26, 12:54 AM",,OUTGOING,https://www.linkedin.com/in/aditya-mehra-b8644b326,https://www.linkedin.com/in/arpana-singh-10a8b717
Aditya Mehra,Jaya Barot,"4/13/26, 12:53 AM",,OUTGOING,https://www.linkedin.com/in/aditya-mehra-b8644b326,https://www.linkedin.com/in/jaya-barot-85930a270
Aditya Mehra,Umme Hani,"4/13/26, 12:53 AM",,OUTGOING,https://www.linkedin.com/in/aditya-mehra-b8644b326,https://www.linkedin.com/in/umme-hani-b98ba0283
Aditya Mehra,Poonam J.,"4/13/26, 12:53 AM",,OUTGOING,https://www.linkedin.com/in/aditya-mehra-b8644b326,https://www.linkedin.com/in/poonamjainhr
Aditya Mehra,Ravina V.,"4/13/26, 12:53 AM",,OUTGOING,https://www.linkedin.com/in/aditya-mehra-b8644b326,https://www.linkedin.com/in/ravina-v-137a7a22b
Aditya Mehra,Jeevitha A B,"4/13/26, 12:53 AM",,OUTGOING,https://www.linkedin.com/in/aditya-mehra-b8644b326,https://www.linkedin.com/in/jeevitha02
Aditya Mehra,Ritikka Sinha,"4/13/26, 12:53 AM",,OUTGOING,https://www.linkedin.com/in/aditya-mehra-b8644b326,https://www.linkedin.com/in/ritikka-sinha-82b0871a9
Aditya Mehra,Megha Gangadhar,"4/13/26, 12:53 AM",,OUTGOING,https://www.linkedin.com/in/aditya-mehra-b8644b326,https://www.linkedin.com/in/megha-gangadhar-talentacquistion
Aditya Mehra,Manjari Srivastava,"4/13/26, 12:53 AM",,OUTGOING,https://www.linkedin.com/in/aditya-mehra-b8644b326,https://www.linkedin.com/in/manjarisrivastava1510
Aditya Mehra,Urvashi Dayal,"4/13/26, 12:53 AM",,OUTGOING,https://www.linkedin.com/in/aditya-mehra-b8644b326,https://www.linkedin.com/in/urvashi-dayal-228ab4185
Aditya Mehra,Rashmi DL,"4/13/26, 12:52 AM",,OUTGOING,https://www.linkedin.com/in/aditya-mehra-b8644b326,https://www.linkedin.com/in/rashmi-dl-506102154
Aditya Mehra,Smita Hardia,"4/13/26, 12:52 AM",,OUTGOING,https://www.linkedin.com/in/aditya-mehra-b8644b326,https://www.linkedin.com/in/smita-hardia-0296b3114
Aditya Mehra,Bhamini Singh Rathore,"4/13/26, 12:52 AM",,OUTGOING,https://www.linkedin.com/in/aditya-mehra-b8644b326,https://www.linkedin.com/in/bhamini-singh-rathore-48759619
Aditya Mehra,Nidhi Srivastava,"4/13/26, 12:52 AM",,OUTGOING,https://www.linkedin.com/in/aditya-mehra-b8644b326,https://www.linkedin.com/in/nidhi-srivastava-949099134
Aditya Mehra,Varalakshmi K,"4/13/26, 12:52 AM",,OUTGOING,https://www.linkedin.com/in/aditya-mehra-b8644b326,https://www.linkedin.com/in/varalakshmi-k-912b0a58
Aditya Mehra,Neha Bhatia,"4/13/26, 12:52 AM",,OUTGOING,https://www.linkedin.com/in/aditya-mehra-b8644b326,https://www.linkedin.com/in/neha-bhatia-68170b9b
Aditya Mehra,Samatha K,"4/13/26, 12:52 AM",,OUTGOING,https://www.linkedin.com/in/aditya-mehra-b8644b326,https://www.linkedin.com/in/samatha-k-b9087a9
Aditya Mehra,Ashwini Reghunath,"4/13/26, 12:52 AM",,OUTGOING,https://www.linkedin.com/in/aditya-mehra-b8644b326,https://www.linkedin.com/in/ashwini-reghunath-7041b975
Aditya Mehra,Ankita Priya,"4/13/26, 12:51 AM",,OUTGOING,https://www.linkedin.com/in/aditya-mehra-b8644b326,https://www.linkedin.com/in/ankita-priya-hr
Aditya Mehra,Sanya Singh,"4/13/26, 12:51 AM",,OUTGOING,https://www.linkedin.com/in/aditya-mehra-b8644b326,https://www.linkedin.com/in/sanya-singh-4085a7127
Aditya Mehra,Madhuri Kulthe,"4/13/26, 12:52 AM",,OUTGOING,https://www.linkedin.com/in/aditya-mehra-b8644b326,https://www.linkedin.com/in/madhuri-kulthe
Aditya Mehra,Yogavathi R,"4/13/26, 12:51 AM",,OUTGOING,https://www.linkedin.com/in/aditya-mehra-b8644b326,https://www.linkedin.com/in/yogavathi-r-891b50170
Aditya Mehra,Varsha Venugopal,"4/13/26, 12:51 AM",,OUTGOING,https://www.linkedin.com/in/aditya-mehra-b8644b326,https://www.linkedin.com/in/varsha-venugopal-8b31081a3
Aditya Mehra,Riddhima Yadav,"4/13/26, 12:51 AM",,OUTGOING,https://www.linkedin.com/in/aditya-mehra-b8644b326,https://www.linkedin.com/in/riddhima-yadav-23332994
Aditya Mehra,Priyanka Ghosh,"4/13/26, 12:51 AM",,OUTGOING,https://www.linkedin.com/in/aditya-mehra-b8644b326,https://www.linkedin.com/in/priyanka-ghosh-493829102
Aditya Mehra,Anushree Lawrence,"4/13/26, 12:51 AM",,OUTGOING,https://www.linkedin.com/in/aditya-mehra-b8644b326,https://www.linkedin.com/in/anushree-lawrence-a029665a
Aditya Mehra,Lasya Lattala,"4/13/26, 12:49 AM",,OUTGOING,https://www.linkedin.com/in/aditya-mehra-b8644b326,https://www.linkedin.com/in/lasya-lattala-253459277
Aditya Mehra,Tanvi Singhania,"4/13/26, 12:48 AM",,OUTGOING,https://www.linkedin.com/in/aditya-mehra-b8644b326,https://www.linkedin.com/in/tanvi-singhania-55788a2a4
Aditya Mehra,Prisha Kothari,"4/13/26, 12:49 AM",,OUTGOING,https://www.linkedin.com/in/aditya-mehra-b8644b326,https://www.linkedin.com/in/prisha-kothari-84b887234
Aditya Mehra,Akshaaraa  Paramasivan ,"4/13/26, 12:49 AM",,OUTGOING,https://www.linkedin.com/in/aditya-mehra-b8644b326,https://www.linkedin.com/in/akshaaraa-paramasivan-ab1244291
Aditya Mehra,Anandita Handa,"4/13/26, 12:48 AM",,OUTGOING,https://www.linkedin.com/in/aditya-mehra-b8644b326,https://www.linkedin.com/in/ananditahanda
Aditya Mehra,Shalini B,"4/13/26, 12:47 AM",,OUTGOING,https://www.linkedin.com/in/aditya-mehra-b8644b326,https://www.linkedin.com/in/shalini-b-0b84a82a5
Aditya Mehra,Neha A,"4/13/26, 12:47 AM",,OUTGOING,https://www.linkedin.com/in/aditya-mehra-b8644b326,https://www.linkedin.com/in/neha-a-1739492b2
Aditya Mehra,Grishma Gee George,"4/13/26, 12:47 AM",,OUTGOING,https://www.linkedin.com/in/aditya-mehra-b8644b326,https://www.linkedin.com/in/grishma-gee-george-1aa82b263
Aditya Mehra,Manasa Hegde,"4/13/26, 12:47 AM",,OUTGOING,https://www.linkedin.com/in/aditya-mehra-b8644b326,https://www.linkedin.com/in/manasa-hegde1
Aditya Mehra,Sukanya G,"4/13/26, 12:47 AM",,OUTGOING,https://www.linkedin.com/in/aditya-mehra-b8644b326,https://www.linkedin.com/in/sukanya-g-537950270
Aditya Mehra,Aishwarya V,"4/13/26, 12:47 AM",,OUTGOING,https://www.linkedin.com/in/aditya-mehra-b8644b326,https://www.linkedin.com/in/aishwarya-v-677bb7259
Aditya Mehra,Shyamli B,"4/13/26, 12:47 AM",,OUTGOING,https://www.linkedin.com/in/aditya-mehra-b8644b326,https://www.linkedin.com/in/shyamli-b-638357308
Aditya Mehra,K M Prathiba,"4/13/26, 12:46 AM",,OUTGOING,https://www.linkedin.com/in/aditya-mehra-b8644b326,https://www.linkedin.com/in/k-m-prathiba-08114b319
Aditya Mehra,Lekhanashree B V,"4/13/26, 12:47 AM",,OUTGOING,https://www.linkedin.com/in/aditya-mehra-b8644b326,https://www.linkedin.com/in/lekhanashree-b-v-90a209200
Aditya Mehra,Shreya Mukherjee,"4/13/26, 12:47 AM",,OUTGOING,https://www.linkedin.com/in/aditya-mehra-b8644b326,https://www.linkedin.com/in/shreya-mukherjee-638ba127b
Aditya Mehra,Aayushi Shukla,"4/13/26, 12:46 AM",,OUTGOING,https://www.linkedin.com/in/aditya-mehra-b8644b326,https://www.linkedin.com/in/aayushishuklaa
Aditya Mehra,Somya Sinha,"4/13/26, 12:46 AM",,OUTGOING,https://www.linkedin.com/in/aditya-mehra-b8644b326,https://www.linkedin.com/in/somya-sinha-81599312
Aditya Mehra,Shreya Poddar,"4/13/26, 12:46 AM",,OUTGOING,https://www.linkedin.com/in/aditya-mehra-b8644b326,https://www.linkedin.com/in/shreya-poddar
Aditya Mehra,Malini Shubhanka,"4/13/26, 12:46 AM",,OUTGOING,https://www.linkedin.com/in/aditya-mehra-b8644b326,https://www.linkedin.com/in/malini-shubhanka-5678111b
Aditya Mehra,Bhavani Puppam,"4/13/26, 12:46 AM",,OUTGOING,https://www.linkedin.com/in/aditya-mehra-b8644b326,https://www.linkedin.com/in/bhavanipuppam
Aditya Mehra,Neha Singh,"4/13/26, 12:46 AM",,OUTGOING,https://www.linkedin.com/in/aditya-mehra-b8644b326,https://www.linkedin.com/in/neha-singh-datascientist
Aditya Mehra,Divya Jain,"4/13/26, 12:46 AM",,OUTGOING,https://www.linkedin.com/in/aditya-mehra-b8644b326,https://www.linkedin.com/in/divyajain3099
Aditya Mehra,Bhavana s,"4/13/26, 12:45 AM",,OUTGOING,https://www.linkedin.com/in/aditya-mehra-b8644b326,https://www.linkedin.com/in/bhavana-s-hr
Aditya Mehra,Rinitha Aramkumar,"4/13/26, 12:45 AM",,OUTGOING,https://www.linkedin.com/in/aditya-mehra-b8644b326,https://www.linkedin.com/in/rinitha
Aditya Mehra,Vedika Gupta,"4/13/26, 12:45 AM",,OUTGOING,https://www.linkedin.com/in/aditya-mehra-b8644b326,https://www.linkedin.com/in/vedika-gupta-9ba5242a7
Aditya Mehra,Engani Sapthavaani,"4/13/26, 12:45 AM",,OUTGOING,https://www.linkedin.com/in/aditya-mehra-b8644b326,https://www.linkedin.com/in/engani-sapthavaani-17734118a
Aditya Mehra,Gurleen Kaur,"4/13/26, 12:45 AM",,OUTGOING,https://www.linkedin.com/in/aditya-mehra-b8644b326,https://www.linkedin.com/in/gurleenkaurmakkar
Aditya Mehra,Kavya M,"4/13/26, 12:45 AM",,OUTGOING,https://www.linkedin.com/in/aditya-mehra-b8644b326,https://www.linkedin.com/in/kavya-m-77712b168
Aditya Mehra,Prerana Kulkarni,"4/13/26, 12:45 AM",,OUTGOING,https://www.linkedin.com/in/aditya-mehra-b8644b326,https://www.linkedin.com/in/preranakulkarni5
Aditya Mehra,Chayanika Sarmah,"4/13/26, 12:44 AM",,OUTGOING,https://www.linkedin.com/in/aditya-mehra-b8644b326,https://www.linkedin.com/in/chayanika-sarmah
Aditya Mehra,Shweta Malik,"4/13/26, 12:44 AM",,OUTGOING,https://www.linkedin.com/in/aditya-mehra-b8644b326,https://www.linkedin.com/in/shweta-malik-2a347a21
Aditya Mehra,Sandhya M,"4/13/26, 12:44 AM",,OUTGOING,https://www.linkedin.com/in/aditya-mehra-b8644b326,https://www.linkedin.com/in/sandhya-m-a26751232
Aditya Mehra,Meghna Santhosh,"4/13/26, 12:43 AM",,OUTGOING,https://www.linkedin.com/in/aditya-mehra-b8644b326,https://www.linkedin.com/in/meghnasanthosh
Aditya Mehra,Dipika patro,"4/13/26, 12:43 AM",,OUTGOING,https://www.linkedin.com/in/aditya-mehra-b8644b326,https://www.linkedin.com/in/dipika-patro-68a9a5195
Aditya Mehra,Asha K,"4/13/26, 12:43 AM",,OUTGOING,https://www.linkedin.com/in/aditya-mehra-b8644b326,https://www.linkedin.com/in/asha-k1
Aditya Mehra,Chandni Priyadarshini,"4/13/26, 12:43 AM",,OUTGOING,https://www.linkedin.com/in/aditya-mehra-b8644b326,https://www.linkedin.com/in/chandni-priyadarshini
Aditya Mehra,Chaitra N Rathore,"4/13/26, 12:43 AM",,OUTGOING,https://www.linkedin.com/in/aditya-mehra-b8644b326,https://www.linkedin.com/in/chaitra-n-rathore-24980410a
Aditya Mehra,Priya Jaiswal,"4/13/26, 12:43 AM",,OUTGOING,https://www.linkedin.com/in/aditya-mehra-b8644b326,https://www.linkedin.com/in/priya-jaiswal-a96764245
Aditya Mehra,Tanuja Regani,"4/13/26, 12:43 AM",,OUTGOING,https://www.linkedin.com/in/aditya-mehra-b8644b326,https://www.linkedin.com/in/tanuja-regani-8865a1238
Aditya Mehra,Rinkle Baral,"4/13/26, 12:43 AM",,OUTGOING,https://www.linkedin.com/in/aditya-mehra-b8644b326,https://www.linkedin.com/in/rinkle-baral
Aditya Mehra,Suparna Hore,"4/13/26, 12:43 AM",,OUTGOING,https://www.linkedin.com/in/aditya-mehra-b8644b326,https://www.linkedin.com/in/suparna-hore-02ba2017b
Aditya Mehra,Bhavana Suresh,"4/13/26, 12:43 AM",,OUTGOING,https://www.linkedin.com/in/aditya-mehra-b8644b326,https://www.linkedin.com/in/bhavana-suresh-b3a722262
Aditya Mehra,Baisakhi Sarkar,"4/13/26, 12:43 AM",,OUTGOING,https://www.linkedin.com/in/aditya-mehra-b8644b326,https://www.linkedin.com/in/baisakhi-sarkar-6a1208103
Aditya Mehra,Suvetha Sakthivel,"4/13/26, 12:43 AM",,OUTGOING,https://www.linkedin.com/in/aditya-mehra-b8644b326,https://www.linkedin.com/in/suvetha-sakthivel-2830941a8
Aditya Mehra,Vijaya S Ramanna,"4/13/26, 12:43 AM",,OUTGOING,https://www.linkedin.com/in/aditya-mehra-b8644b326,https://www.linkedin.com/in/vijaya-s-ramanna-3a564122
Aditya Mehra,Akhila A,"4/13/26, 12:42 AM",,OUTGOING,https://www.linkedin.com/in/aditya-mehra-b8644b326,https://www.linkedin.com/in/akhila-a-967b8633
Aditya Mehra,Nid's Abraham,"4/13/26, 12:42 AM",,OUTGOING,https://www.linkedin.com/in/aditya-mehra-b8644b326,https://www.linkedin.com/in/nid-s-abraham-b15858a9
Aditya Mehra,Sana N.,"4/13/26, 12:42 AM",,OUTGOING,https://www.linkedin.com/in/aditya-mehra-b8644b326,https://www.linkedin.com/in/sana-n-112516104
Aditya Mehra,Sonali Kumari 🚀,"4/13/26, 12:42 AM",,OUTGOING,https://www.linkedin.com/in/aditya-mehra-b8644b326,https://www.linkedin.com/in/sonali-kumari-🚀-a651961b7
Aditya Mehra,Sowmya Yatheesh Kumar,"4/13/26, 12:42 AM",,OUTGOING,https://www.linkedin.com/in/aditya-mehra-b8644b326,https://www.linkedin.com/in/sowmya-yatheesh-kumar-a515bb22
Aditya Mehra,Shruti Srivastava,"4/13/26, 12:42 AM",,OUTGOING,https://www.linkedin.com/in/aditya-mehra-b8644b326,https://www.linkedin.com/in/shrutiiet
Aditya Mehra,Kajal Kumari ,"4/13/26, 12:42 AM",,OUTGOING,https://www.linkedin.com/in/aditya-mehra-b8644b326,https://www.linkedin.com/in/kajal-kumari-059348239
Aditya Mehra,Shaik Parveen,"4/13/26, 12:42 AM",,OUTGOING,https://www.linkedin.com/in/aditya-mehra-b8644b326,https://www.linkedin.com/in/shaik-parveen-b62bb8b5
Aditya Mehra,Nageshwari Palani,"4/13/26, 12:42 AM",,OUTGOING,https://www.linkedin.com/in/aditya-mehra-b8644b326,https://www.linkedin.com/in/nageshwari-palani-b6028b129
Aditya Mehra,Ganesna Pavani,"4/13/26, 12:41 AM",,OUTGOING,https://www.linkedin.com/in/aditya-mehra-b8644b326,https://www.linkedin.com/in/ganesna-pavani-2489a5137
Aditya Mehra,Anjali L,"4/13/26, 12:41 AM",,OUTGOING,https://www.linkedin.com/in/aditya-mehra-b8644b326,https://www.linkedin.com/in/anjali-l-421b9616a
Aditya Mehra,Shivali Sharma,"4/13/26, 12:41 AM",,OUTGOING,https://www.linkedin.com/in/aditya-mehra-b8644b326,https://www.linkedin.com/in/shivali-sharma-ab5737b3
Aditya Mehra,chandrakantha  S,"4/13/26, 12:41 AM",,OUTGOING,https://www.linkedin.com/in/aditya-mehra-b8644b326,https://www.linkedin.com/in/chandrakantha-s-hr2809
Aditya Mehra,Bhagyashree Sarma,"4/13/26, 12:41 AM",,OUTGOING,https://www.linkedin.com/in/aditya-mehra-b8644b326,https://www.linkedin.com/in/bhagyashree-sarma-943916122
Aditya Mehra,Padmini Kar,"4/13/26, 12:41 AM",,OUTGOING,https://www.linkedin.com/in/aditya-mehra-b8644b326,https://www.linkedin.com/in/padmini-kar-aa0994217
Aditya Mehra,Saran Chauhan,"4/13/26, 12:41 AM",,OUTGOING,https://www.linkedin.com/in/aditya-mehra-b8644b326,https://www.linkedin.com/in/saranchauhan
Aditya Mehra,Sumithra KR,"4/13/26, 12:41 AM",,OUTGOING,https://www.linkedin.com/in/aditya-mehra-b8644b326,https://www.linkedin.com/in/sumithra-kr-90813815
Aditya Mehra,Swikruti Mohanty,"4/13/26, 12:41 AM",,OUTGOING,https://www.linkedin.com/in/aditya-mehra-b8644b326,https://www.linkedin.com/in/swikruti-mohanty
Aditya Mehra,Akhila Bethur,"4/13/26, 12:41 AM",,OUTGOING,https://www.linkedin.com/in/aditya-mehra-b8644b326,https://www.linkedin.com/in/akhila-bethur-565416222
Aditya Mehra,Tanya Gupta,"4/13/26, 12:40 AM",,OUTGOING,https://www.linkedin.com/in/aditya-mehra-b8644b326,https://www.linkedin.com/in/tanya-gupta-488705110
Aditya Mehra,Jyothi Singh,"4/13/26, 12:40 AM",,OUTGOING,https://www.linkedin.com/in/aditya-mehra-b8644b326,https://www.linkedin.com/in/jyothi-singh-2a1452189
Aditya Mehra,Abhishikta Datta,"4/13/26, 12:40 AM",,OUTGOING,https://www.linkedin.com/in/aditya-mehra-b8644b326,https://www.linkedin.com/in/abhishikta-datta-2b3068229
Aditya Mehra,Dhruthi G A,"4/13/26, 12:40 AM",,OUTGOING,https://www.linkedin.com/in/aditya-mehra-b8644b326,https://www.linkedin.com/in/dhruthi-g-a-77a3171aa
Aditya Mehra,KANISHKA  SINGH,"4/13/26, 12:40 AM",,OUTGOING,https://www.linkedin.com/in/aditya-mehra-b8644b326,https://www.linkedin.com/in/kanishka-singh-37a223340
Aditya Mehra,Rishika Agrawal,"4/13/26, 12:40 AM",,OUTGOING,https://www.linkedin.com/in/aditya-mehra-b8644b326,https://www.linkedin.com/in/rishika-agrawal20
Aditya Mehra,Laya Shaju,"4/13/26, 12:40 AM",,OUTGOING,https://www.linkedin.com/in/aditya-mehra-b8644b326,https://www.linkedin.com/in/laya-shaju-23a2a0381
Aditya Mehra,Shreya Agarwalla,"4/13/26, 12:39 AM",,OUTGOING,https://www.linkedin.com/in/aditya-mehra-b8644b326,https://www.linkedin.com/in/shreya-agarwalla-9966a8301
Aditya Mehra,Amisha Nahar,"4/13/26, 12:40 AM",,OUTGOING,https://www.linkedin.com/in/aditya-mehra-b8644b326,https://www.linkedin.com/in/amisha-nahar-salestrainer
Aditya Mehra,Reetika  Raj,"4/13/26, 12:39 AM",,OUTGOING,https://www.linkedin.com/in/aditya-mehra-b8644b326,https://www.linkedin.com/in/reetika-raj-96a4b6204
Aditya Mehra,Shravya S Bapat,"4/13/26, 12:39 AM",,OUTGOING,https://www.linkedin.com/in/aditya-mehra-b8644b326,https://www.linkedin.com/in/shravyasbapat
Aditya Mehra,Nidhi Maheshwari,"4/13/26, 12:39 AM",,OUTGOING,https://www.linkedin.com/in/aditya-mehra-b8644b326,https://www.linkedin.com/in/nidhi-maheshwari24
Aditya Mehra,Avana Paik,"4/13/26, 12:39 AM",,OUTGOING,https://www.linkedin.com/in/aditya-mehra-b8644b326,https://www.linkedin.com/in/avana-paik-4130803ab
Aditya Mehra,Veena P,"4/13/26, 12:39 AM",,OUTGOING,https://www.linkedin.com/in/aditya-mehra-b8644b326,https://www.linkedin.com/in/veena-p-a49067253
Aditya Mehra,Ruhaani Bhasin,"4/13/26, 12:39 AM",,OUTGOING,https://www.linkedin.com/in/aditya-mehra-b8644b326,https://www.linkedin.com/in/ruhaani-bhasin
Aditya Mehra,Nivea Sebastian,"4/13/26, 12:39 AM",,OUTGOING,https://www.linkedin.com/in/aditya-mehra-b8644b326,https://www.linkedin.com/in/niveaseby
Aditya Mehra,Srishakthi Manohar,"4/13/26, 12:39 AM",,OUTGOING,https://www.linkedin.com/in/aditya-mehra-b8644b326,https://www.linkedin.com/in/srishakthi-manohar-45133b325
Aditya Mehra,Dorothy H  Yepthomi,"6/23/26, 4:23 AM",,OUTGOING,https://www.linkedin.com/in/aditya-mehra-b8644b326,https://www.linkedin.com/in/dorothy-h-yepthomi-051464287
Aditya Mehra,Ananya Kesharwani,"4/13/26, 12:39 AM",,OUTGOING,https://www.linkedin.com/in/aditya-mehra-b8644b326,https://www.linkedin.com/in/ananyakesharwani
Aditya Mehra,Piyushmita Nath,"4/13/26, 12:39 AM",,OUTGOING,https://www.linkedin.com/in/aditya-mehra-b8644b326,https://www.linkedin.com/in/piyushmita-nath
Aditya Mehra,Stuti Kapoor,"4/13/26, 12:39 AM",,OUTGOING,https://www.linkedin.com/in/aditya-mehra-b8644b326,https://www.linkedin.com/in/stutikapoor1307
Aditya Mehra,Aishwarya Manjunath,"5/29/26, 6:29 PM",,OUTGOING,https://www.linkedin.com/in/aditya-mehra-b8644b326,https://www.linkedin.com/in/aishwaryamanjunath11
Aditya Mehra,ADITI BANSAL,"4/13/26, 12:39 AM",,OUTGOING,https://www.linkedin.com/in/aditya-mehra-b8644b326,https://www.linkedin.com/in/aditibansal890
Aditya Mehra,Kasak  Jain ,"4/13/26, 12:39 AM",,OUTGOING,https://www.linkedin.com/in/aditya-mehra-b8644b326,https://www.linkedin.com/in/kasak-jain-025539383
Aditya Mehra,Mounika Chitta,"4/13/26, 12:39 AM",,OUTGOING,https://www.linkedin.com/in/aditya-mehra-b8644b326,https://www.linkedin.com/in/mounika-chitta-5b8266241
Aditya Mehra,Nidhi Chidanand,"5/18/26, 11:15 AM",,OUTGOING,https://www.linkedin.com/in/aditya-mehra-b8644b326,https://www.linkedin.com/in/nidhi-chidanand-359190302
Aditya Mehra,Rakshitha S,"4/13/26, 12:39 AM",,OUTGOING,https://www.linkedin.com/in/aditya-mehra-b8644b326,https://www.linkedin.com/in/rakshitha-s-2798ab33a
Aditya Mehra,Ardra  Jyothikumar,"5/28/26, 6:40 AM",,OUTGOING,https://www.linkedin.com/in/aditya-mehra-b8644b326,https://www.linkedin.com/in/ardra-jyothikumar-210747306
Aditya Mehra,Feba Basil,"4/13/26, 12:39 AM",,OUTGOING,https://www.linkedin.com/in/aditya-mehra-b8644b326,https://www.linkedin.com/in/feba-basil-060497372
Aditya Mehra,Nayana Sheelavant,"5/18/26, 11:13 AM",,OUTGOING,https://www.linkedin.com/in/aditya-mehra-b8644b326,https://www.linkedin.com/in/nayanasheelavant
Aditya Mehra,Teresa George,"4/13/26, 12:39 AM",,OUTGOING,https://www.linkedin.com/in/aditya-mehra-b8644b326,https://www.linkedin.com/in/teresa-george-79b278274
Aditya Mehra,Bhumika Garg,"4/13/26, 12:38 AM",,OUTGOING,https://www.linkedin.com/in/aditya-mehra-b8644b326,https://www.linkedin.com/in/bhumika-garg-745149322
Aditya Mehra,Ujjawala Singh,"4/13/26, 12:39 AM",,OUTGOING,https://www.linkedin.com/in/aditya-mehra-b8644b326,https://www.linkedin.com/in/ujjawala-singh-a8a838316
Aditya Mehra,Sri Akshitha,"4/13/26, 12:39 AM",,OUTGOING,https://www.linkedin.com/in/aditya-mehra-b8644b326,https://www.linkedin.com/in/sri-akshitha-5b3793390
Aditya Mehra,Palak Maskara,"4/13/26, 12:39 AM",,OUTGOING,https://www.linkedin.com/in/aditya-mehra-b8644b326,https://www.linkedin.com/in/palak-maskara-a171b32b1
Aditya Mehra,Mridul Garg,"5/18/26, 11:17 AM",,OUTGOING,https://www.linkedin.com/in/aditya-mehra-b8644b326,https://www.linkedin.com/in/gargmridul
Aditya Mehra,Hema shamanna,"4/13/26, 12:39 AM",,OUTGOING,https://www.linkedin.com/in/aditya-mehra-b8644b326,https://www.linkedin.com/in/hema-shamanna-a90045394
Aditya Mehra,Kumari  Bhumika,"4/13/26, 12:39 AM",,OUTGOING,https://www.linkedin.com/in/aditya-mehra-b8644b326,https://www.linkedin.com/in/kumaribhumika
Aditya Mehra,Vishakha Jain,"4/13/26, 12:38 AM",,OUTGOING,https://www.linkedin.com/in/aditya-mehra-b8644b326,https://www.linkedin.com/in/vishakhajain03
Aditya Mehra,Poorvi Gupta,"4/13/26, 12:38 AM",,OUTGOING,https://www.linkedin.com/in/aditya-mehra-b8644b326,https://www.linkedin.com/in/poorvi-gupta-676a043b1
Aditya Mehra,Gurupriya D Gowda,"4/13/26, 12:38 AM",,OUTGOING,https://www.linkedin.com/in/aditya-mehra-b8644b326,https://www.linkedin.com/in/gurupriya-d-gowda-ba58743b6
Aditya Mehra,Aditi Sunil Nair,"4/13/26, 12:38 AM",,OUTGOING,https://www.linkedin.com/in/aditya-mehra-b8644b326,https://www.linkedin.com/in/aditi-sunil-nair
Aditya Mehra,Aastha Shetty,"4/13/26, 12:38 AM",,OUTGOING,https://www.linkedin.com/in/aditya-mehra-b8644b326,https://www.linkedin.com/in/aastha-shetty-1874013b2
Aditya Mehra,Adrija Paul,"4/13/26, 12:38 AM",,OUTGOING,https://www.linkedin.com/in/aditya-mehra-b8644b326,https://www.linkedin.com/in/adrija-paul-91a5733b0
Aditya Mehra,Tanya Dhanda,"4/13/26, 12:38 AM",,OUTGOING,https://www.linkedin.com/in/aditya-mehra-b8644b326,https://www.linkedin.com/in/tanya-dhanda-332167397
Aditya Mehra,Maanasa Ganesh,"4/13/26, 12:38 AM",,OUTGOING,https://www.linkedin.com/in/aditya-mehra-b8644b326,https://www.linkedin.com/in/maanasa-ganesh-24a6a6323
Aditya Mehra,Shemmozhi S,"4/13/26, 12:38 AM",,OUTGOING,https://www.linkedin.com/in/aditya-mehra-b8644b326,https://www.linkedin.com/in/shemmozhi
Aditya Mehra,Rose Riju,"4/13/26, 12:38 AM",,OUTGOING,https://www.linkedin.com/in/aditya-mehra-b8644b326,https://www.linkedin.com/in/rose-riju-34a674252
Aditya Mehra,Dhidhikshaa Gunasekaran T,"4/13/26, 12:38 AM",,OUTGOING,https://www.linkedin.com/in/aditya-mehra-b8644b326,https://www.linkedin.com/in/dhidhikshaagunasekaran
Aditya Mehra,Ria Sharma,"4/13/26, 12:38 AM",,OUTGOING,https://www.linkedin.com/in/aditya-mehra-b8644b326,https://www.linkedin.com/in/ria-sharma-737926324
Aditya Mehra,Arju Sinha,"4/13/26, 12:38 AM",,OUTGOING,https://www.linkedin.com/in/aditya-mehra-b8644b326,https://www.linkedin.com/in/arjusinha
Aditya Mehra,Neza Amna V,"4/13/26, 12:38 AM",,OUTGOING,https://www.linkedin.com/in/aditya-mehra-b8644b326,https://www.linkedin.com/in/neza-amna-v-82a80039a
Aditya Mehra,Bikkina Bhuvaneswari,"4/13/26, 12:38 AM",,OUTGOING,https://www.linkedin.com/in/aditya-mehra-b8644b326,https://www.linkedin.com/in/bikkina-bhuvaneswari-37a855264
Aditya Mehra,Muskan Gond,"4/13/26, 12:37 AM",,OUTGOING,https://www.linkedin.com/in/aditya-mehra-b8644b326,https://www.linkedin.com/in/muskan-gond
Aditya Mehra,Thrishma Narayanan,"4/13/26, 12:38 AM",,OUTGOING,https://www.linkedin.com/in/aditya-mehra-b8644b326,https://www.linkedin.com/in/thrishma-narayanan-a43525356
Aditya Mehra,Maitreyi Choudhury,"4/13/26, 12:37 AM",,OUTGOING,https://www.linkedin.com/in/aditya-mehra-b8644b326,https://www.linkedin.com/in/maitreyi-choudhury-5965b6286
Aditya Mehra,Shilpi Sharma,"4/8/26, 4:47 AM",,OUTGOING,https://www.linkedin.com/in/aditya-mehra-b8644b326,https://www.linkedin.com/in/shilpishar
Aditya Mehra,Rishita Rai,"4/8/26, 4:47 AM",,OUTGOING,https://www.linkedin.com/in/aditya-mehra-b8644b326,https://www.linkedin.com/in/rishita-rai
Aditya Mehra,Meher Gehi,"4/8/26, 4:47 AM",,OUTGOING,https://www.linkedin.com/in/aditya-mehra-b8644b326,https://www.linkedin.com/in/meher-gehi-032689210
Aditya Mehra,Preksha Jain,"4/8/26, 4:47 AM",,OUTGOING,https://www.linkedin.com/in/aditya-mehra-b8644b326,https://www.linkedin.com/in/preksha-jain-96464bb6
Aditya Mehra,Meghna Tiwari,"4/8/26, 4:47 AM",,OUTGOING,https://www.linkedin.com/in/aditya-mehra-b8644b326,https://www.linkedin.com/in/meghna-tiwari-972b63220
Aditya Mehra,Neola Dsouza,"4/8/26, 4:47 AM",,OUTGOING,https://www.linkedin.com/in/aditya-mehra-b8644b326,https://www.linkedin.com/in/neola-dsouza-2b96b8109
Aditya Mehra,Tisha Saha,"4/8/26, 4:47 AM",,OUTGOING,https://www.linkedin.com/in/aditya-mehra-b8644b326,https://www.linkedin.com/in/tisha-saha-1741a3216
Aditya Mehra,Samyukta Hornad,"4/8/26, 4:45 AM",,OUTGOING,https://www.linkedin.com/in/aditya-mehra-b8644b326,https://www.linkedin.com/in/samyukta-hornad-11243b119
Aditya Mehra,Prathiksha Kamath,"4/8/26, 4:45 AM",,OUTGOING,https://www.linkedin.com/in/aditya-mehra-b8644b326,https://www.linkedin.com/in/prathiksha-kamath-5446a8315
Aditya Mehra,Nishitha Sudershan,"4/8/26, 4:45 AM",,OUTGOING,https://www.linkedin.com/in/aditya-mehra-b8644b326,https://www.linkedin.com/in/nishitha-sudershan-3073b6183
Aditya Mehra,Nandhana J,"4/8/26, 4:45 AM",,OUTGOING,https://www.linkedin.com/in/aditya-mehra-b8644b326,https://www.linkedin.com/in/nandhana-j-477414212
Aditya Mehra,Leena D,"4/8/26, 4:45 AM",,OUTGOING,https://www.linkedin.com/in/aditya-mehra-b8644b326,https://www.linkedin.com/in/leena-d-543a8a307
Aditya Mehra,Jyotika Singh,"4/8/26, 4:45 AM",,OUTGOING,https://www.linkedin.com/in/aditya-mehra-b8644b326,https://www.linkedin.com/in/jyotika-singh11
Aditya Mehra,Shreya Praveen,"4/8/26, 4:45 AM",,OUTGOING,https://www.linkedin.com/in/aditya-mehra-b8644b326,https://www.linkedin.com/in/shreya-praveen-10831a372
Aditya Mehra,Khushi P T,"4/8/26, 4:45 AM",,OUTGOING,https://www.linkedin.com/in/aditya-mehra-b8644b326,https://www.linkedin.com/in/khushi-p-t-829b63357
Aditya Mehra,Dibyashree Sahu,"4/8/26, 4:45 AM",,OUTGOING,https://www.linkedin.com/in/aditya-mehra-b8644b326,https://www.linkedin.com/in/dibyashree-sahu-a4b7602bb
Aditya Mehra,Shahistha M,"4/8/26, 4:45 AM",,OUTGOING,https://www.linkedin.com/in/aditya-mehra-b8644b326,https://www.linkedin.com/in/shahistha-m-309589266
Aditya Mehra,Samriddi V Tikmany,"4/8/26, 4:45 AM",,OUTGOING,https://www.linkedin.com/in/aditya-mehra-b8644b326,https://www.linkedin.com/in/samriddi-v-tikmany
Aditya Mehra,Judith  Scolt,"4/8/26, 4:45 AM",,OUTGOING,https://www.linkedin.com/in/aditya-mehra-b8644b326,https://www.linkedin.com/in/judith-scolt-23ab39322
Aditya Mehra,Eden Williams,"5/28/26, 6:40 AM",,OUTGOING,https://www.linkedin.com/in/aditya-mehra-b8644b326,https://www.linkedin.com/in/eden-williams-cu
Aditya Mehra,pooja gandhi,"4/8/26, 4:44 AM",,OUTGOING,https://www.linkedin.com/in/aditya-mehra-b8644b326,https://www.linkedin.com/in/pooja-gandhi-316347a0
Aditya Mehra,Sruthi Hariharan,"4/8/26, 4:44 AM",,OUTGOING,https://www.linkedin.com/in/aditya-mehra-b8644b326,https://www.linkedin.com/in/sruthi-hariharan-0603b22a4
Aditya Mehra,Tarini Aggarwal,"4/8/26, 4:45 AM",,OUTGOING,https://www.linkedin.com/in/aditya-mehra-b8644b326,https://www.linkedin.com/in/profiletarini
Aditya Mehra,Vidita Hegde,"4/8/26, 4:45 AM",,OUTGOING,https://www.linkedin.com/in/aditya-mehra-b8644b326,https://www.linkedin.com/in/vidita-hegde-a8708b31a
Aditya Mehra,Srinidhi Susarla,"4/8/26, 4:44 AM",,OUTGOING,https://www.linkedin.com/in/aditya-mehra-b8644b326,https://www.linkedin.com/in/susarla-srinidhi
Aditya Mehra,SAHANA S,"4/8/26, 4:44 AM",,OUTGOING,https://www.linkedin.com/in/aditya-mehra-b8644b326,https://www.linkedin.com/in/sahana-s-772b29335
Aditya Mehra,Ayushi Gupta,"4/8/26, 4:44 AM",,OUTGOING,https://www.linkedin.com/in/aditya-mehra-b8644b326,https://www.linkedin.com/in/ayushi-gupta-3768741a9
Aditya Mehra,Sauparnika Rai,"4/8/26, 4:43 AM",,OUTGOING,https://www.linkedin.com/in/aditya-mehra-b8644b326,https://www.linkedin.com/in/sauparnika-rai-a2ab24139
Aditya Mehra,Sneha Chatterjee,"4/8/26, 4:43 AM",,OUTGOING,https://www.linkedin.com/in/aditya-mehra-b8644b326,https://www.linkedin.com/in/sneha-chatterjee-gim
Aditya Mehra,Mini Monesh,"4/8/26, 4:43 AM",,OUTGOING,https://www.linkedin.com/in/aditya-mehra-b8644b326,https://www.linkedin.com/in/minimonesh
Aditya Mehra,Simita Karmokar,"4/8/26, 4:43 AM",,OUTGOING,https://www.linkedin.com/in/aditya-mehra-b8644b326,https://www.linkedin.com/in/simita-karmokar-803b1636
Aditya Mehra,Priyanka Panwar,"4/8/26, 4:43 AM",,OUTGOING,https://www.linkedin.com/in/aditya-mehra-b8644b326,https://www.linkedin.com/in/priyanka-panwar-ba8b0862
Aditya Mehra,Tanvi Somaiya,"4/8/26, 4:42 AM",,OUTGOING,https://www.linkedin.com/in/aditya-mehra-b8644b326,https://www.linkedin.com/in/tanvi-somaiya-00bb3a146
Aditya Mehra,Anushila Das,"4/8/26, 4:42 AM",,OUTGOING,https://www.linkedin.com/in/aditya-mehra-b8644b326,https://www.linkedin.com/in/anushila-das-7b3b6331
Aditya Mehra,Anjali Nar,"4/8/26, 4:42 AM",,OUTGOING,https://www.linkedin.com/in/aditya-mehra-b8644b326,https://www.linkedin.com/in/anjali-nar-22806bbb
Aditya Mehra,Sargam Khattri,"4/8/26, 4:42 AM",,OUTGOING,https://www.linkedin.com/in/aditya-mehra-b8644b326,https://www.linkedin.com/in/sargam-khattri-50a0932a1
Aditya Mehra,Shivani V,"4/8/26, 4:42 AM",,OUTGOING,https://www.linkedin.com/in/aditya-mehra-b8644b326,https://www.linkedin.com/in/shivani-v-a368a6a6
Aditya Mehra,Padmavati Udecha,"4/8/26, 4:42 AM",,OUTGOING,https://www.linkedin.com/in/aditya-mehra-b8644b326,https://www.linkedin.com/in/padmavati-udecha-76837185
Aditya Mehra,Nandini Tyagi,"4/8/26, 4:42 AM",,OUTGOING,https://www.linkedin.com/in/aditya-mehra-b8644b326,https://www.linkedin.com/in/nandini-tyagi-438b22248
Aditya Mehra,Prisha Rohan,"4/8/26, 4:42 AM",,OUTGOING,https://www.linkedin.com/in/aditya-mehra-b8644b326,https://www.linkedin.com/in/prisha-rohan-b21148200
Aditya Mehra,Gayathri Kumar,"4/8/26, 4:41 AM",,OUTGOING,https://www.linkedin.com/in/aditya-mehra-b8644b326,https://www.linkedin.com/in/gayathrikumar
Aditya Mehra,Rachana Karke,"4/8/26, 4:41 AM",,OUTGOING,https://www.linkedin.com/in/aditya-mehra-b8644b326,https://www.linkedin.com/in/rachana-karke-97a8b31a1
Aditya Mehra,Aparna Singh,"4/8/26, 4:41 AM",,OUTGOING,https://www.linkedin.com/in/aditya-mehra-b8644b326,https://www.linkedin.com/in/aparna-singh-87b33a192
Aditya Mehra,Roopa N,"4/8/26, 4:40 AM",,OUTGOING,https://www.linkedin.com/in/aditya-mehra-b8644b326,https://www.linkedin.com/in/roopa-n-a6758b174
Aditya Mehra,ASHIMA BALI,"4/8/26, 4:40 AM",,OUTGOING,https://www.linkedin.com/in/aditya-mehra-b8644b326,https://www.linkedin.com/in/ashima-bali-937b20193
Aditya Mehra,Akshaya Belur,"4/8/26, 4:40 AM",,OUTGOING,https://www.linkedin.com/in/aditya-mehra-b8644b326,https://www.linkedin.com/in/akshaya-belur-7687b3b6
Aditya Mehra,Harsha Sachdev,"4/8/26, 4:40 AM",,OUTGOING,https://www.linkedin.com/in/aditya-mehra-b8644b326,https://www.linkedin.com/in/harshasachdev
Aditya Mehra,Nisha Soni,"4/8/26, 4:39 AM",,OUTGOING,https://www.linkedin.com/in/aditya-mehra-b8644b326,https://www.linkedin.com/in/nishasoni6
Aditya Mehra,Kusumika Banerjee,"4/8/26, 4:37 AM",,OUTGOING,https://www.linkedin.com/in/aditya-mehra-b8644b326,https://www.linkedin.com/in/kusumikabanerjee
Aditya Mehra,Swathi Krishna,"4/8/26, 4:37 AM",,OUTGOING,https://www.linkedin.com/in/aditya-mehra-b8644b326,https://www.linkedin.com/in/swathikrishnab
Aditya Mehra,Manmitha .,"4/8/26, 4:37 AM",,OUTGOING,https://www.linkedin.com/in/aditya-mehra-b8644b326,https://www.linkedin.com/in/manmitha-nlsiu-publicpolicy
Aditya Mehra,Anita Ramesh,"4/8/26, 4:37 AM",,OUTGOING,https://www.linkedin.com/in/aditya-mehra-b8644b326,https://www.linkedin.com/in/anitajramesh
Aditya Mehra,Prajna Gupta,"4/8/26, 4:37 AM",,OUTGOING,https://www.linkedin.com/in/aditya-mehra-b8644b326,https://www.linkedin.com/in/prajna-gupta-393a331aa
Aditya Mehra,Parneet Kaur,"4/8/26, 4:37 AM",,OUTGOING,https://www.linkedin.com/in/aditya-mehra-b8644b326,https://www.linkedin.com/in/parneetkaur007
Aditya Mehra,Sharon Lugun,"4/8/26, 4:37 AM",,OUTGOING,https://www.linkedin.com/in/aditya-mehra-b8644b326,https://www.linkedin.com/in/sharon-lugun-702bba25a
Aditya Mehra,Huda sha,"4/8/26, 4:37 AM",,OUTGOING,https://www.linkedin.com/in/aditya-mehra-b8644b326,https://www.linkedin.com/in/huda-sha-7718a63b0
Aditya Mehra,Keerthana Kondeti,"4/8/26, 4:36 AM",,OUTGOING,https://www.linkedin.com/in/aditya-mehra-b8644b326,https://www.linkedin.com/in/keerthanakondeti
Aditya Mehra,Meera Sharma,"4/8/26, 4:37 AM",,OUTGOING,https://www.linkedin.com/in/aditya-mehra-b8644b326,https://www.linkedin.com/in/meera-sharma-a04739146
Aditya Mehra,Ameya Regi,"4/8/26, 4:37 AM",,OUTGOING,https://www.linkedin.com/in/aditya-mehra-b8644b326,https://www.linkedin.com/in/ameya-regi
Aditya Mehra,SANDHYA RAVI,"4/8/26, 4:37 AM",,OUTGOING,https://www.linkedin.com/in/aditya-mehra-b8644b326,https://www.linkedin.com/in/sandhyaravi
Aditya Mehra,Deepika Das,"4/8/26, 4:37 AM",,OUTGOING,https://www.linkedin.com/in/aditya-mehra-b8644b326,https://www.linkedin.com/in/deepikadch
Aditya Mehra,Padmajaa N,"4/8/26, 4:36 AM",,OUTGOING,https://www.linkedin.com/in/aditya-mehra-b8644b326,https://www.linkedin.com/in/padmajaa-n-6a6009310
Aditya Mehra,Ritika Ritesh,"4/8/26, 4:36 AM",,OUTGOING,https://www.linkedin.com/in/aditya-mehra-b8644b326,https://www.linkedin.com/in/ritika-ritesh-381111325
Aditya Mehra,Farheen Sultana,"4/8/26, 4:36 AM",,OUTGOING,https://www.linkedin.com/in/aditya-mehra-b8644b326,https://www.linkedin.com/in/farheen-sultana-55a6211ba
Aditya Mehra,Swapnil Gera,"4/8/26, 4:36 AM",,OUTGOING,https://www.linkedin.com/in/aditya-mehra-b8644b326,https://www.linkedin.com/in/swapnil-gera-45bba6282
Aditya Mehra,Prachi Pansari,"4/8/26, 4:36 AM",,OUTGOING,https://www.linkedin.com/in/aditya-mehra-b8644b326,https://www.linkedin.com/in/prachi-pansari-704312375
Aditya Mehra,Ananyaa  Mangla ,"4/8/26, 4:36 AM",,OUTGOING,https://www.linkedin.com/in/aditya-mehra-b8644b326,https://www.linkedin.com/in/ananyaamangla
Aditya Mehra,Ayesha Hannath,"4/8/26, 4:36 AM",,OUTGOING,https://www.linkedin.com/in/aditya-mehra-b8644b326,https://www.linkedin.com/in/ayesha-hannath-1103a025b
Aditya Mehra,Kanvi Jayani,"4/8/26, 4:36 AM",,OUTGOING,https://www.linkedin.com/in/aditya-mehra-b8644b326,https://www.linkedin.com/in/kanvijayani
Aditya Mehra,Geethanjali  Manohar G S,"4/8/26, 4:36 AM",,OUTGOING,https://www.linkedin.com/in/aditya-mehra-b8644b326,https://www.linkedin.com/in/geethanjali-manohar
Aditya Mehra,Nishtha Rathour,"4/8/26, 4:36 AM",,OUTGOING,https://www.linkedin.com/in/aditya-mehra-b8644b326,https://www.linkedin.com/in/nishtha-rathour-136810340
Aditya Mehra,Pearl Suchdeva,"4/8/26, 4:36 AM",,OUTGOING,https://www.linkedin.com/in/aditya-mehra-b8644b326,https://www.linkedin.com/in/pearl-suchdeva-4619242b3
Aditya Mehra,Rishika Varma,"4/8/26, 4:36 AM",,OUTGOING,https://www.linkedin.com/in/aditya-mehra-b8644b326,https://www.linkedin.com/in/rishika-varma-3aa6582a9
Aditya Mehra,Harshini Bhat,"4/8/26, 4:36 AM",,OUTGOING,https://www.linkedin.com/in/aditya-mehra-b8644b326,https://www.linkedin.com/in/harshini-bhat-4bab85225
Aditya Mehra,Prithika  Kuppusamy ,"4/8/26, 4:36 AM",,OUTGOING,https://www.linkedin.com/in/aditya-mehra-b8644b326,https://www.linkedin.com/in/prithika-kuppusamy-908a86308
Aditya Mehra,Dhriti Mukherjee,"4/8/26, 4:35 AM",,OUTGOING,https://www.linkedin.com/in/aditya-mehra-b8644b326,https://www.linkedin.com/in/dhriti-mukherjee2002
Aditya Mehra,Oliviya Dey,"4/8/26, 4:36 AM",,OUTGOING,https://www.linkedin.com/in/aditya-mehra-b8644b326,https://www.linkedin.com/in/oliviya-dey-1a1351286
Aditya Mehra,Shravani Shreya,"4/8/26, 4:36 AM",,OUTGOING,https://www.linkedin.com/in/aditya-mehra-b8644b326,https://www.linkedin.com/in/shravanishreya
Aditya Mehra,Karthika  S Kumar ,"4/8/26, 4:36 AM",,OUTGOING,https://www.linkedin.com/in/aditya-mehra-b8644b326,https://www.linkedin.com/in/karthika-s-kumar-a56981322
Aditya Mehra,Eurekha Miranda Gonsalves,"4/8/26, 4:35 AM",,OUTGOING,https://www.linkedin.com/in/aditya-mehra-b8644b326,https://www.linkedin.com/in/eurekha-miranda-gonsalves-3aab29211
Aditya Mehra,Palnati Kavya,"4/8/26, 4:35 AM",,OUTGOING,https://www.linkedin.com/in/aditya-mehra-b8644b326,https://www.linkedin.com/in/palnati-kavya-915186287
Aditya Mehra,Navvya Naveily,"4/8/26, 4:35 AM",,OUTGOING,https://www.linkedin.com/in/aditya-mehra-b8644b326,https://www.linkedin.com/in/navvya-naveily
Aditya Mehra,Angela Rajeev,"4/8/26, 4:36 AM",,OUTGOING,https://www.linkedin.com/in/aditya-mehra-b8644b326,https://www.linkedin.com/in/angela-r-3b81b525b
Aditya Mehra,Vidhi S.,"4/8/26, 4:35 AM",,OUTGOING,https://www.linkedin.com/in/aditya-mehra-b8644b326,https://www.linkedin.com/in/vidhisharma253
Aditya Mehra,Porismita Sharma,"4/8/26, 4:35 AM",,OUTGOING,https://www.linkedin.com/in/aditya-mehra-b8644b326,https://www.linkedin.com/in/porismita-sharma-6a82b6234
Aditya Mehra,Sasikala VC,"4/8/26, 4:35 AM",,OUTGOING,https://www.linkedin.com/in/aditya-mehra-b8644b326,https://www.linkedin.com/in/sasikala-vc-a1aba3324
Aditya Mehra,Pushpa Saroj,"4/8/26, 4:35 AM",,OUTGOING,https://www.linkedin.com/in/aditya-mehra-b8644b326,https://www.linkedin.com/in/pushpa-saroj-314b09157
Aditya Mehra,Moina Qazi,"4/8/26, 4:35 AM",,OUTGOING,https://www.linkedin.com/in/aditya-mehra-b8644b326,https://www.linkedin.com/in/moina-qazi
Aditya Mehra,Karuna Arora,"4/8/26, 4:35 AM",,OUTGOING,https://www.linkedin.com/in/aditya-mehra-b8644b326,https://www.linkedin.com/in/karuna-arora-39b56b17a
Aditya Mehra,Sumira Jayabalan,"4/8/26, 4:34 AM",,OUTGOING,https://www.linkedin.com/in/aditya-mehra-b8644b326,https://www.linkedin.com/in/sumira-jayabalan-72464527
Aditya Mehra,Saloni Chaturvedi,"4/8/26, 4:35 AM",,OUTGOING,https://www.linkedin.com/in/aditya-mehra-b8644b326,https://www.linkedin.com/in/saloni-chaturvedi
Aditya Mehra,Mehak Pahooja,"4/8/26, 4:35 AM",,OUTGOING,https://www.linkedin.com/in/aditya-mehra-b8644b326,https://www.linkedin.com/in/mehak-pahooja
Aditya Mehra,Aarthi A,"4/8/26, 4:35 AM",,OUTGOING,https://www.linkedin.com/in/aditya-mehra-b8644b326,https://www.linkedin.com/in/aarthi87
Aditya Mehra,Saakshi Kochar,"4/8/26, 4:35 AM",,OUTGOING,https://www.linkedin.com/in/aditya-mehra-b8644b326,https://www.linkedin.com/in/saakshi-kochar
Aditya Mehra,Vishakha Sharma,"4/8/26, 4:34 AM",,OUTGOING,https://www.linkedin.com/in/aditya-mehra-b8644b326,https://www.linkedin.com/in/vs1995
Aditya Mehra,Nisha  K Pai,"4/8/26, 4:34 AM",,OUTGOING,https://www.linkedin.com/in/aditya-mehra-b8644b326,https://www.linkedin.com/in/nishakpai
Aditya Mehra,Shachi Jalote,"4/8/26, 4:34 AM",,OUTGOING,https://www.linkedin.com/in/aditya-mehra-b8644b326,https://www.linkedin.com/in/shachi-jalote
Aditya Mehra,Sibi VC,"4/8/26, 4:34 AM",,OUTGOING,https://www.linkedin.com/in/aditya-mehra-b8644b326,https://www.linkedin.com/in/sibi-vc-b7667514b
Aditya Mehra,"Yukti Jain, CFA, FRM","4/8/26, 4:34 AM",,OUTGOING,https://www.linkedin.com/in/aditya-mehra-b8644b326,https://www.linkedin.com/in/yukti-jain-cfa-frm-a1915b149
Aditya Mehra,Chandana Y,"4/8/26, 4:34 AM",,OUTGOING,https://www.linkedin.com/in/aditya-mehra-b8644b326,https://www.linkedin.com/in/chandana-y
Aditya Mehra,Priyanka R Sachdev,"4/8/26, 4:34 AM",,OUTGOING,https://www.linkedin.com/in/aditya-mehra-b8644b326,https://www.linkedin.com/in/priyanka-r-sachdev-776a0a142
Aditya Mehra,Priya Talari,"4/8/26, 4:34 AM",,OUTGOING,https://www.linkedin.com/in/aditya-mehra-b8644b326,https://www.linkedin.com/in/priya-talari-5bb614145
Aditya Mehra,Chithara M,"4/8/26, 4:34 AM",,OUTGOING,https://www.linkedin.com/in/aditya-mehra-b8644b326,https://www.linkedin.com/in/chithara-m-a0b0b5269
Aditya Mehra,Dhwani Nanavati,"4/8/26, 4:34 AM",,OUTGOING,https://www.linkedin.com/in/aditya-mehra-b8644b326,https://www.linkedin.com/in/dhwaninanavati
Aditya Mehra,Sonam Jain,"4/8/26, 4:34 AM",,OUTGOING,https://www.linkedin.com/in/aditya-mehra-b8644b326,https://www.linkedin.com/in/sonam-jain-715b4a46
Aditya Mehra,Ankita Satpathy,"4/8/26, 4:34 AM",,OUTGOING,https://www.linkedin.com/in/aditya-mehra-b8644b326,https://www.linkedin.com/in/ankitasatpathy9
Aditya Mehra,Rupali G.,"4/8/26, 4:34 AM",,OUTGOING,https://www.linkedin.com/in/aditya-mehra-b8644b326,https://www.linkedin.com/in/rupali-g-8b82a6141
Aditya Mehra,Aarushi Sharma,"4/8/26, 4:34 AM",,OUTGOING,https://www.linkedin.com/in/aditya-mehra-b8644b326,https://www.linkedin.com/in/aarushisharmasrcc
Aditya Mehra,Isha Chakravarthy,"4/8/26, 4:33 AM",,OUTGOING,https://www.linkedin.com/in/aditya-mehra-b8644b326,https://www.linkedin.com/in/ishachakravarthy
Aditya Mehra,Vani Viswanathan,"4/8/26, 4:33 AM",,OUTGOING,https://www.linkedin.com/in/aditya-mehra-b8644b326,https://www.linkedin.com/in/viswanathanvani
Aditya Mehra,Neha Pradhan,"4/8/26, 4:33 AM",,OUTGOING,https://www.linkedin.com/in/aditya-mehra-b8644b326,https://www.linkedin.com/in/neha-pradhan-123593292
Aditya Mehra,Muskan Gupta,"4/8/26, 4:33 AM",,OUTGOING,https://www.linkedin.com/in/aditya-mehra-b8644b326,https://www.linkedin.com/in/muskan-gupta-4832a416b
Aditya Mehra,Disha  Choudhary,"4/8/26, 4:33 AM",,OUTGOING,https://www.linkedin.com/in/aditya-mehra-b8644b326,https://www.linkedin.com/in/disha-choudhary-526140206
Aditya Mehra,Tejaswini Gupta,"4/8/26, 4:33 AM",,OUTGOING,https://www.linkedin.com/in/aditya-mehra-b8644b326,https://www.linkedin.com/in/tejaswini-gupta
Aditya Mehra,Joslin Jose,"4/8/26, 4:33 AM",,OUTGOING,https://www.linkedin.com/in/aditya-mehra-b8644b326,https://www.linkedin.com/in/joslin-jose-00875b49
Aditya Mehra,Yagna Sreeramaneni,"4/8/26, 4:33 AM",,OUTGOING,https://www.linkedin.com/in/aditya-mehra-b8644b326,https://www.linkedin.com/in/yagna-sreeramaneni-b28763193
Aditya Mehra,Spoorti Kallurmath,"4/8/26, 4:33 AM",,OUTGOING,https://www.linkedin.com/in/aditya-mehra-b8644b326,https://www.linkedin.com/in/spoorti-k3
Aditya Mehra,Aakriti Singh,"4/8/26, 4:33 AM",,OUTGOING,https://www.linkedin.com/in/aditya-mehra-b8644b326,https://www.linkedin.com/in/connect-aakriti
Aditya Mehra,Pallavi Mishra,"4/8/26, 4:33 AM",,OUTGOING,https://www.linkedin.com/in/aditya-mehra-b8644b326,https://www.linkedin.com/in/pallavi-mishra17
Aditya Mehra,Jiya Shah,"4/8/26, 4:33 AM",,OUTGOING,https://www.linkedin.com/in/aditya-mehra-b8644b326,https://www.linkedin.com/in/jiya-shah-7801a3251
Aditya Mehra,Vishnumaya Nair,"4/8/26, 4:32 AM",,OUTGOING,https://www.linkedin.com/in/aditya-mehra-b8644b326,https://www.linkedin.com/in/vishnumaya-nair
Aditya Mehra,Diksha Rohera,"4/8/26, 4:33 AM",,OUTGOING,https://www.linkedin.com/in/aditya-mehra-b8644b326,https://www.linkedin.com/in/diksharohera
Aditya Mehra,Angela BK,"4/8/26, 4:32 AM",,OUTGOING,https://www.linkedin.com/in/aditya-mehra-b8644b326,https://www.linkedin.com/in/angela-bk-504a96258
Aditya Mehra,Vanshita Gulwani,"4/8/26, 4:32 AM",,OUTGOING,https://www.linkedin.com/in/aditya-mehra-b8644b326,https://www.linkedin.com/in/vanshita-gulwani-16b772318
Aditya Mehra,Khushi Sheth,"4/8/26, 4:32 AM",,OUTGOING,https://www.linkedin.com/in/aditya-mehra-b8644b326,https://www.linkedin.com/in/khushisheth3
Aditya Mehra,Madhu Rathod,"4/8/26, 4:31 AM",,OUTGOING,https://www.linkedin.com/in/aditya-mehra-b8644b326,https://www.linkedin.com/in/madhu-rathod-9a230b291
Aditya Mehra,Suhani Padhi,"4/8/26, 4:31 AM",,OUTGOING,https://www.linkedin.com/in/aditya-mehra-b8644b326,https://www.linkedin.com/in/suhani-padhi-589463287
Aditya Mehra,Flency Sherin,"4/8/26, 4:31 AM",,OUTGOING,https://www.linkedin.com/in/aditya-mehra-b8644b326,https://www.linkedin.com/in/flency-sherin-988a8a339
Aditya Mehra,Pratichi Talukdar,"4/8/26, 4:31 AM",,OUTGOING,https://www.linkedin.com/in/aditya-mehra-b8644b326,https://www.linkedin.com/in/pratichi-talukdar-5469b5287
Aditya Mehra,SREYA VIRDIKER,"4/8/26, 4:31 AM",,OUTGOING,https://www.linkedin.com/in/aditya-mehra-b8644b326,https://www.linkedin.com/in/sreya-virdiker-6223b7271
Aditya Mehra,Prisha Dubey,"4/8/26, 4:31 AM",,OUTGOING,https://www.linkedin.com/in/aditya-mehra-b8644b326,https://www.linkedin.com/in/dubeyprisha
Aditya Mehra,Esha Naidu,"4/8/26, 4:31 AM",,OUTGOING,https://www.linkedin.com/in/aditya-mehra-b8644b326,https://www.linkedin.com/in/esha-naidu-47020536b
Aditya Mehra,Yashaswini MM,"4/8/26, 4:31 AM",,OUTGOING,https://www.linkedin.com/in/aditya-mehra-b8644b326,https://www.linkedin.com/in/yashaswini-mm-304651331
Aditya Mehra,Reva Bhardwaj,"4/8/26, 4:31 AM",,OUTGOING,https://www.linkedin.com/in/aditya-mehra-b8644b326,https://www.linkedin.com/in/reva-bhardwaj
Aditya Mehra,Aastha Jain,"4/8/26, 4:31 AM",,OUTGOING,https://www.linkedin.com/in/aditya-mehra-b8644b326,https://www.linkedin.com/in/aastha-jain-40584b317
Aditya Mehra,Abhaya Upadhya,"4/8/26, 4:31 AM",,OUTGOING,https://www.linkedin.com/in/aditya-mehra-b8644b326,https://www.linkedin.com/in/abhaya-upadhya-099118390
Aditya Mehra,Khushi Kothari,"4/8/26, 4:30 AM",,OUTGOING,https://www.linkedin.com/in/aditya-mehra-b8644b326,https://www.linkedin.com/in/khushi-kothari--
Aditya Mehra,Aparna K,"4/8/26, 4:30 AM",,OUTGOING,https://www.linkedin.com/in/aditya-mehra-b8644b326,https://www.linkedin.com/in/aparna-k-8b5175377
Aditya Mehra,Nandini Tiwari,"4/8/26, 4:31 AM",,OUTGOING,https://www.linkedin.com/in/aditya-mehra-b8644b326,https://www.linkedin.com/in/nandini-tiwari-8114602a4
Aditya Mehra,NISHITA STEPHEN,"4/8/26, 4:30 AM",,OUTGOING,https://www.linkedin.com/in/aditya-mehra-b8644b326,https://www.linkedin.com/in/nishitastephen08
Aditya Mehra,Dimpi Deka,"4/8/26, 4:30 AM",,OUTGOING,https://www.linkedin.com/in/aditya-mehra-b8644b326,https://www.linkedin.com/in/dimpi-deka-03237a367
Aditya Mehra,Ragini Kumari Sharma.M,"4/8/26, 4:30 AM",,OUTGOING,https://www.linkedin.com/in/aditya-mehra-b8644b326,https://www.linkedin.com/in/ragini-kumari-sharma-m
Aditya Mehra,Shravani  phulsoundar ,"4/8/26, 4:30 AM",,OUTGOING,https://www.linkedin.com/in/aditya-mehra-b8644b326,https://www.linkedin.com/in/shravani-phulsoundar-32878227a
Aditya Mehra,Suchitha. S,"4/8/26, 4:30 AM",,OUTGOING,https://www.linkedin.com/in/aditya-mehra-b8644b326,https://www.linkedin.com/in/suchitha-s-329367373
Aditya Mehra,Sneha Dey,"4/8/26, 4:30 AM",,OUTGOING,https://www.linkedin.com/in/aditya-mehra-b8644b326,https://www.linkedin.com/in/sneha-dey-b3a986313
Aditya Mehra,Misba Mehreen,"4/8/26, 4:30 AM",,OUTGOING,https://www.linkedin.com/in/aditya-mehra-b8644b326,https://www.linkedin.com/in/misba-mehreen
Aditya Mehra,Mahalakshmi PM,"4/8/26, 4:30 AM",,OUTGOING,https://www.linkedin.com/in/aditya-mehra-b8644b326,https://www.linkedin.com/in/mahalakshmi-pm-b1a29b3a0
Aditya Mehra,Manasvi Sojatia,"4/8/26, 4:30 AM",,OUTGOING,https://www.linkedin.com/in/aditya-mehra-b8644b326,https://www.linkedin.com/in/manasvi-sojatia-58971626b
Aditya Mehra,Ankita Saraf,"4/8/26, 4:30 AM",,OUTGOING,https://www.linkedin.com/in/aditya-mehra-b8644b326,https://www.linkedin.com/in/ankita-saraf-926359192
Aditya Mehra,Gunn Jain,"4/8/26, 4:30 AM",,OUTGOING,https://www.linkedin.com/in/aditya-mehra-b8644b326,https://www.linkedin.com/in/gunn-jain-41a631315
Aditya Mehra,Aabirou Farooq,"4/8/26, 4:30 AM",,OUTGOING,https://www.linkedin.com/in/aditya-mehra-b8644b326,https://www.linkedin.com/in/aabirou-farooq-2baab5345
Aditya Mehra,Prerna Partha Rao,"4/8/26, 4:30 AM",,OUTGOING,https://www.linkedin.com/in/aditya-mehra-b8644b326,https://www.linkedin.com/in/prerna-partha-rao-ab4641250
Aditya Mehra,Siddhi Gholve,"4/8/26, 4:30 AM",,OUTGOING,https://www.linkedin.com/in/aditya-mehra-b8644b326,https://www.linkedin.com/in/siddhi-gholve
Aditya Mehra,Eshnna Sharmaa,"4/8/26, 4:30 AM",,OUTGOING,https://www.linkedin.com/in/aditya-mehra-b8644b326,https://www.linkedin.com/in/eshnna-sharmaa-4ab2102a6
Aditya Mehra,Usha CD,"4/8/26, 4:30 AM",,OUTGOING,https://www.linkedin.com/in/aditya-mehra-b8644b326,https://www.linkedin.com/in/usha-cd-60b913356
Aditya Mehra,Hiteishi A,"4/8/26, 4:30 AM",,OUTGOING,https://www.linkedin.com/in/aditya-mehra-b8644b326,https://www.linkedin.com/in/hiteishi-a-69490a1ab
Aditya Mehra,Salankara Sengupta,"5/28/26, 6:33 AM",,OUTGOING,https://www.linkedin.com/in/aditya-mehra-b8644b326,https://www.linkedin.com/in/salankara-sengupta-59577535a
Aditya Mehra,Melena Lobo,"4/8/26, 4:30 AM",,OUTGOING,https://www.linkedin.com/in/aditya-mehra-b8644b326,https://www.linkedin.com/in/melena-lobo-3236542a6
Aditya Mehra,Amrita mishra,"4/8/26, 4:30 AM",,OUTGOING,https://www.linkedin.com/in/aditya-mehra-b8644b326,https://www.linkedin.com/in/amrita-mishra-b62426272
Aditya Mehra,Saanvi Shekhar,"4/8/26, 4:30 AM",,OUTGOING,https://www.linkedin.com/in/aditya-mehra-b8644b326,https://www.linkedin.com/in/saanvi-shekhar-447255398
Aditya Mehra,Garima Jain,"4/8/26, 4:30 AM",,OUTGOING,https://www.linkedin.com/in/aditya-mehra-b8644b326,https://www.linkedin.com/in/garima-jain-119768329
Aditya Mehra,Anushka Ajmera,"4/8/26, 4:30 AM",,OUTGOING,https://www.linkedin.com/in/aditya-mehra-b8644b326,https://www.linkedin.com/in/anushka9427
Aditya Mehra,Hannah Georgie,"4/8/26, 4:30 AM",,OUTGOING,https://www.linkedin.com/in/aditya-mehra-b8644b326,https://www.linkedin.com/in/hannah-g-88b597319
Aditya Mehra,Swarna Baswaraj,"4/8/26, 4:30 AM",,OUTGOING,https://www.linkedin.com/in/aditya-mehra-b8644b326,https://www.linkedin.com/in/swarnabaswaraj
Aditya Mehra,Amisha Singh,"4/8/26, 4:29 AM",,OUTGOING,https://www.linkedin.com/in/aditya-mehra-b8644b326,https://www.linkedin.com/in/amishasingh34
Aditya Mehra,Ananya Ravikumar,"4/8/26, 4:29 AM",,OUTGOING,https://www.linkedin.com/in/aditya-mehra-b8644b326,https://www.linkedin.com/in/ananya-ravikumar-101286394
Aditya Mehra,Araha K,"5/18/26, 11:14 AM",,OUTGOING,https://www.linkedin.com/in/aditya-mehra-b8644b326,https://www.linkedin.com/in/arahak
Aditya Mehra,Saina Sharma,"4/8/26, 4:29 AM",,OUTGOING,https://www.linkedin.com/in/aditya-mehra-b8644b326,https://www.linkedin.com/in/saina-sharma-a3b603354
Aditya Mehra,Shruthi Jain,"4/8/26, 4:29 AM",,OUTGOING,https://www.linkedin.com/in/aditya-mehra-b8644b326,https://www.linkedin.com/in/shruthijain18
Aditya Mehra,Mahima D,"4/8/26, 4:29 AM",,OUTGOING,https://www.linkedin.com/in/aditya-mehra-b8644b326,https://www.linkedin.com/in/mahima-d17012006
Aditya Mehra,Pankhil Chhabra,"5/28/26, 6:35 AM",,OUTGOING,https://www.linkedin.com/in/aditya-mehra-b8644b326,https://www.linkedin.com/in/pankhil-chhabra
Aditya Mehra,Mannat Syal,"4/8/26, 4:29 AM",,OUTGOING,https://www.linkedin.com/in/aditya-mehra-b8644b326,https://www.linkedin.com/in/mannat-syal-23195b3a9
Aditya Mehra,Vanshika Nathani,"4/8/26, 4:29 AM",,OUTGOING,https://www.linkedin.com/in/aditya-mehra-b8644b326,https://www.linkedin.com/in/vanshika-nathani-4b8448321
Aditya Mehra,Manasa Vijaykumar,"5/12/26, 3:12 AM",,OUTGOING,https://www.linkedin.com/in/aditya-mehra-b8644b326,https://www.linkedin.com/in/manasa-vijaykumar-87051232a
Aditya Mehra,Abhirami M Soman,"4/8/26, 4:29 AM",,OUTGOING,https://www.linkedin.com/in/aditya-mehra-b8644b326,https://www.linkedin.com/in/abhirami-m-soman358
Aditya Mehra,Yazhini G,"4/8/26, 4:29 AM",,OUTGOING,https://www.linkedin.com/in/aditya-mehra-b8644b326,https://www.linkedin.com/in/yazhini-g
Aditya Mehra,Iswarya M,"4/8/26, 4:29 AM",,OUTGOING,https://www.linkedin.com/in/aditya-mehra-b8644b326,https://www.linkedin.com/in/iswarya-m-12bb423a6
Aditya Mehra,Dikshitha Ravi,"4/8/26, 4:29 AM",,OUTGOING,https://www.linkedin.com/in/aditya-mehra-b8644b326,https://www.linkedin.com/in/dikshitharavi
Aditya Mehra,Rathastha G D,"4/8/26, 4:29 AM",,OUTGOING,https://www.linkedin.com/in/aditya-mehra-b8644b326,https://www.linkedin.com/in/rathastha-g-d-3a85922a4
Aditya Mehra,Sejal Arya,"4/8/26, 4:29 AM",,OUTGOING,https://www.linkedin.com/in/aditya-mehra-b8644b326,https://www.linkedin.com/in/sejal-arya
Aditya Mehra,Ruchi Tiwari s,"4/8/26, 4:29 AM",,OUTGOING,https://www.linkedin.com/in/aditya-mehra-b8644b326,https://www.linkedin.com/in/ruchi-tiwari-s189
Aditya Mehra,Akula Sri Lakshmi,"4/8/26, 4:29 AM",,OUTGOING,https://www.linkedin.com/in/aditya-mehra-b8644b326,https://www.linkedin.com/in/akula-sri-lakshmi7
Aditya Mehra,Sahana Amarnaryan,"4/8/26, 4:29 AM",,OUTGOING,https://www.linkedin.com/in/aditya-mehra-b8644b326,https://www.linkedin.com/in/sahana-amarnaryan-2a5334377
Aditya Mehra,Sonali Cyriac,"4/8/26, 4:28 AM",,OUTGOING,https://www.linkedin.com/in/aditya-mehra-b8644b326,https://www.linkedin.com/in/sonali-cyriac-8a779a280
Aditya Mehra,Yukta  HM,"4/8/26, 4:28 AM",,OUTGOING,https://www.linkedin.com/in/aditya-mehra-b8644b326,https://www.linkedin.com/in/yukta-hm-99a695380
Aditya Mehra,Anusha Chatterjee,"4/8/26, 4:28 AM",,OUTGOING,https://www.linkedin.com/in/aditya-mehra-b8644b326,https://www.linkedin.com/in/anusha-chatterjee-26344b319
Aditya Mehra,Aastha Mishra,"4/8/26, 4:28 AM",,OUTGOING,https://www.linkedin.com/in/aditya-mehra-b8644b326,https://www.linkedin.com/in/aastha-mishra-629b422a3
Aditya Mehra,Manasvi Mahalka,"4/8/26, 4:28 AM",,OUTGOING,https://www.linkedin.com/in/aditya-mehra-b8644b326,https://www.linkedin.com/in/manasvi-mahalka-074983313
Aditya Mehra,Anishka Barman,"4/8/26, 4:29 AM",,OUTGOING,https://www.linkedin.com/in/aditya-mehra-b8644b326,https://www.linkedin.com/in/anishka-barman-6787103b9
Aditya Mehra,Sampriti Chakraborty,"4/7/26, 5:42 AM",,OUTGOING,https://www.linkedin.com/in/aditya-mehra-b8644b326,https://www.linkedin.com/in/sampritichakraborty
Aditya Mehra,Abinaya Arumugam,"4/6/26, 1:15 AM",,OUTGOING,https://www.linkedin.com/in/aditya-mehra-b8644b326,https://www.linkedin.com/in/abinaya-arumugam-10b067190
Aditya Mehra,Veena Srivastava,"4/6/26, 1:15 AM",,OUTGOING,https://www.linkedin.com/in/aditya-mehra-b8644b326,https://www.linkedin.com/in/veena-srivastava-054471128
Aditya Mehra,Keerthana Venkatesan,"4/6/26, 1:13 AM",,OUTGOING,https://www.linkedin.com/in/aditya-mehra-b8644b326,https://www.linkedin.com/in/keerthana-venkatesan-2765352a7
Aditya Mehra,Naincy Thukral,"4/6/26, 1:13 AM",,OUTGOING,https://www.linkedin.com/in/aditya-mehra-b8644b326,https://www.linkedin.com/in/naincy-thukral-75044719
Aditya Mehra,Swapnil Swapnil,"4/6/26, 1:13 AM",,OUTGOING,https://www.linkedin.com/in/aditya-mehra-b8644b326,https://www.linkedin.com/in/swapnil-swapnil-84b63237b
Aditya Mehra,Sarmita  Pal Choudhury ,"4/6/26, 1:12 AM",,OUTGOING,https://www.linkedin.com/in/aditya-mehra-b8644b326,https://www.linkedin.com/in/sarmita-pal-choudhury-a7a01b20
Aditya Mehra,Riyanka Bhowal,"4/6/26, 1:12 AM",,OUTGOING,https://www.linkedin.com/in/aditya-mehra-b8644b326,https://www.linkedin.com/in/riyanka-bhowal-1437b8380
Aditya Mehra,Delina A,"3/31/26, 2:15 AM",,OUTGOING,https://www.linkedin.com/in/aditya-mehra-b8644b326,https://www.linkedin.com/in/delina-a-daniel
Aditya Mehra,Anushka  Gupta,"3/31/26, 2:15 AM",,OUTGOING,https://www.linkedin.com/in/aditya-mehra-b8644b326,https://www.linkedin.com/in/anushka-gupta-a43661237
Aditya Mehra,Sreelakshmi Naveen,"3/31/26, 2:15 AM",,OUTGOING,https://www.linkedin.com/in/aditya-mehra-b8644b326,https://www.linkedin.com/in/sreelakshmi-naveen-189568344
Aditya Mehra,Navya Vardhan,"3/31/26, 2:15 AM",,OUTGOING,https://www.linkedin.com/in/aditya-mehra-b8644b326,https://www.linkedin.com/in/navya-vardhan-a12ba936b
Aditya Mehra,Tanisha Sharma,"3/31/26, 2:15 AM",,OUTGOING,https://www.linkedin.com/in/aditya-mehra-b8644b326,https://www.linkedin.com/in/tanisha-sharma-389a27331
Aditya Mehra,Anusha Balamurali,"3/31/26, 2:15 AM",,OUTGOING,https://www.linkedin.com/in/aditya-mehra-b8644b326,https://www.linkedin.com/in/anusha-balamurali-4710b3296
Aditya Mehra,Manya Agrawal,"3/31/26, 2:14 AM",,OUTGOING,https://www.linkedin.com/in/aditya-mehra-b8644b326,https://www.linkedin.com/in/manya-agrawal-a05813270
Aditya Mehra,Bhavya Kapoor,"3/31/26, 2:15 AM",,OUTGOING,https://www.linkedin.com/in/aditya-mehra-b8644b326,https://www.linkedin.com/in/bhavya-kapoor-90967a394
Aditya Mehra,Ekta Agarwal,"3/31/26, 2:15 AM",,OUTGOING,https://www.linkedin.com/in/aditya-mehra-b8644b326,https://www.linkedin.com/in/ektaagarwal12558dshh99
Aditya Mehra,Aishwarya Bhatt,"3/31/26, 2:15 AM",,OUTGOING,https://www.linkedin.com/in/aditya-mehra-b8644b326,https://www.linkedin.com/in/aishwarya-bhatt-751161320
Aditya Mehra,shalini .,"3/31/26, 2:14 AM",,OUTGOING,https://www.linkedin.com/in/aditya-mehra-b8644b326,https://www.linkedin.com/in/shalini-73279234a
Aditya Mehra,Nishi Mishra,"3/31/26, 2:14 AM",,OUTGOING,https://www.linkedin.com/in/aditya-mehra-b8644b326,https://www.linkedin.com/in/nishi-mishra-80a8b4314
Aditya Mehra,Kalpana Gopireddy,"3/31/26, 2:15 AM",,OUTGOING,https://www.linkedin.com/in/aditya-mehra-b8644b326,https://www.linkedin.com/in/kalpana-gopireddy-053532284
Aditya Mehra,Bhoomika N,"3/31/26, 2:14 AM",,OUTGOING,https://www.linkedin.com/in/aditya-mehra-b8644b326,https://www.linkedin.com/in/bhoomika-n-570a6631a
Aditya Mehra,Tanmayee A,"3/31/26, 2:15 AM",,OUTGOING,https://www.linkedin.com/in/aditya-mehra-b8644b326,https://www.linkedin.com/in/tanmayee-a-b1859932b
Aditya Mehra,Naisha Agarwal,"3/31/26, 2:14 AM",,OUTGOING,https://www.linkedin.com/in/aditya-mehra-b8644b326,https://www.linkedin.com/in/naishaagarwal07
Aditya Mehra,Namrata P Rajiv,"3/31/26, 2:14 AM",,OUTGOING,https://www.linkedin.com/in/aditya-mehra-b8644b326,https://www.linkedin.com/in/namrata-p-rajiv
Aditya Mehra,Nisarga S,"3/31/26, 2:14 AM",,OUTGOING,https://www.linkedin.com/in/aditya-mehra-b8644b326,https://www.linkedin.com/in/nisarga-s-841a6131a
Aditya Mehra,Tanisha  Agarwal ,"3/31/26, 2:14 AM",,OUTGOING,https://www.linkedin.com/in/aditya-mehra-b8644b326,https://www.linkedin.com/in/tanisha-agarwal-b02355344
Aditya Mehra,Tasmiya Tabassum,"3/31/26, 2:14 AM",,OUTGOING,https://www.linkedin.com/in/aditya-mehra-b8644b326,https://www.linkedin.com/in/tasmiya-tabassum-602b4934b
Aditya Mehra,Anjita Das,"3/31/26, 2:14 AM",,OUTGOING,https://www.linkedin.com/in/aditya-mehra-b8644b326,https://www.linkedin.com/in/anjita-das-a25554359
Aditya Mehra,Ruth Hannah . A,"3/31/26, 2:14 AM",,OUTGOING,https://www.linkedin.com/in/aditya-mehra-b8644b326,https://www.linkedin.com/in/ruth-hannah-a-1923aa227
Aditya Mehra,Ritika Gupta,"3/31/26, 2:13 AM",,OUTGOING,https://www.linkedin.com/in/aditya-mehra-b8644b326,https://www.linkedin.com/in/ritika-gupta-05910327a
Aditya Mehra,Asmita Bhattacharyya,"3/31/26, 2:13 AM",,OUTGOING,https://www.linkedin.com/in/aditya-mehra-b8644b326,https://www.linkedin.com/in/asmita-bhattacharyya-a5675a321
Aditya Mehra,Akshatha S,"3/31/26, 2:14 AM",,OUTGOING,https://www.linkedin.com/in/aditya-mehra-b8644b326,https://www.linkedin.com/in/akshatha30s
Aditya Mehra,Kushumanjali C,"3/31/26, 2:14 AM",,OUTGOING,https://www.linkedin.com/in/aditya-mehra-b8644b326,https://www.linkedin.com/in/kushumanjali-c2005
Aditya Mehra,Raniya Sultana,"3/31/26, 2:13 AM",,OUTGOING,https://www.linkedin.com/in/aditya-mehra-b8644b326,https://www.linkedin.com/in/raniya-sultana-642b62218
Aditya Mehra,Thanushree  S,"3/31/26, 2:13 AM",,OUTGOING,https://www.linkedin.com/in/aditya-mehra-b8644b326,https://www.linkedin.com/in/thanushree-s-bb958a1aa
Aditya Mehra,Bhumi Jaiswal,"3/31/26, 2:13 AM",,OUTGOING,https://www.linkedin.com/in/aditya-mehra-b8644b326,https://www.linkedin.com/in/bhumi-jaiswal-ba3899310
Aditya Mehra,Kinjal Kanika,"3/31/26, 2:13 AM",,OUTGOING,https://www.linkedin.com/in/aditya-mehra-b8644b326,https://www.linkedin.com/in/kinjal-kanika-120a39303
Aditya Mehra,Aditi Pandey,"3/31/26, 2:13 AM",,OUTGOING,https://www.linkedin.com/in/aditya-mehra-b8644b326,https://www.linkedin.com/in/aditi-pandey-28b3ab2ba
Aditya Mehra,Viha Shomikha A S,"3/31/26, 2:13 AM",,OUTGOING,https://www.linkedin.com/in/aditya-mehra-b8644b326,https://www.linkedin.com/in/vihashomikhaas
Aditya Mehra,Sushmitha .,"3/31/26, 2:13 AM",,OUTGOING,https://www.linkedin.com/in/aditya-mehra-b8644b326,https://www.linkedin.com/in/sushmitha-1796552a5
Aditya Mehra,SR Ananya,"3/31/26, 2:12 AM",,OUTGOING,https://www.linkedin.com/in/aditya-mehra-b8644b326,https://www.linkedin.com/in/sr-ananya-89aa98336
Aditya Mehra,Swetalina barik,"3/31/26, 2:13 AM",,OUTGOING,https://www.linkedin.com/in/aditya-mehra-b8644b326,https://www.linkedin.com/in/swetalina-barik-314769379
Aditya Mehra,Sowmya Abraham,"3/31/26, 2:13 AM",,OUTGOING,https://www.linkedin.com/in/aditya-mehra-b8644b326,https://www.linkedin.com/in/sowmya-abraham-337876353
Aditya Mehra,Dayanitha Kennedy,"3/31/26, 2:12 AM",,OUTGOING,https://www.linkedin.com/in/aditya-mehra-b8644b326,https://www.linkedin.com/in/dayanitha-kennedy-a4ab75347
Aditya Mehra,Esha Sen,"3/31/26, 2:12 AM",,OUTGOING,https://www.linkedin.com/in/aditya-mehra-b8644b326,https://www.linkedin.com/in/esha-sen-2aa14b350
Aditya Mehra,Rachana R,"3/31/26, 2:12 AM",,OUTGOING,https://www.linkedin.com/in/aditya-mehra-b8644b326,https://www.linkedin.com/in/rachana-r-142789257
Aditya Mehra,Rashi Sharma,"3/31/26, 2:12 AM",,OUTGOING,https://www.linkedin.com/in/aditya-mehra-b8644b326,https://www.linkedin.com/in/rashi-sharma-1b57582a5
Aditya Mehra,Mahi  Sinhal ,"3/31/26, 2:12 AM",,OUTGOING,https://www.linkedin.com/in/aditya-mehra-b8644b326,https://www.linkedin.com/in/mahi-sinhal-7a5b60295
Aditya Mehra,Chetanya Sharma,"3/31/26, 2:12 AM",,OUTGOING,https://www.linkedin.com/in/aditya-mehra-b8644b326,https://www.linkedin.com/in/chetanyasharma30
Aditya Mehra,Jumi Saaswati Lahon,"3/31/26, 2:12 AM",,OUTGOING,https://www.linkedin.com/in/aditya-mehra-b8644b326,https://www.linkedin.com/in/jumilahonofficial
Aditya Mehra,Mishmitha P,"3/31/26, 2:12 AM",,OUTGOING,https://www.linkedin.com/in/aditya-mehra-b8644b326,https://www.linkedin.com/in/mishmitha-p
Aditya Mehra,Harshita D Patnaik,"3/31/26, 2:12 AM",,OUTGOING,https://www.linkedin.com/in/aditya-mehra-b8644b326,https://www.linkedin.com/in/harshita-d-patnaik-aa0857392
Aditya Mehra,tanisha maheshwari,"3/31/26, 2:12 AM",,OUTGOING,https://www.linkedin.com/in/aditya-mehra-b8644b326,https://www.linkedin.com/in/tanisha-maheshwari-aa5420387
Aditya Mehra,Tanisha Baid,"3/31/26, 2:12 AM",,OUTGOING,https://www.linkedin.com/in/aditya-mehra-b8644b326,https://www.linkedin.com/in/tanisha-baid-87454a34a
Aditya Mehra,Tejaswini Ghosh,"3/31/26, 2:12 AM",,OUTGOING,https://www.linkedin.com/in/aditya-mehra-b8644b326,https://www.linkedin.com/in/tejaswinighosh
Aditya Mehra,Dhun Samyal,"3/31/26, 2:12 AM",,OUTGOING,https://www.linkedin.com/in/aditya-mehra-b8644b326,https://www.linkedin.com/in/dhunsamyal
Aditya Mehra,Alisha Arya,"3/31/26, 2:12 AM",,OUTGOING,https://www.linkedin.com/in/aditya-mehra-b8644b326,https://www.linkedin.com/in/alisha-arya-33501b33b
Aditya Mehra,Snigdha Das,"3/31/26, 2:12 AM",,OUTGOING,https://www.linkedin.com/in/aditya-mehra-b8644b326,https://www.linkedin.com/in/snigggdha
Aditya Mehra,M Niharika,"3/31/26, 2:12 AM",,OUTGOING,https://www.linkedin.com/in/aditya-mehra-b8644b326,https://www.linkedin.com/in/m-niharika-b0a6a7306
Aditya Mehra,Pratyashi Deka,"3/31/26, 2:12 AM",,OUTGOING,https://www.linkedin.com/in/aditya-mehra-b8644b326,https://www.linkedin.com/in/pratyashi-deka-535383326
Aditya Mehra,Aadya Tyagi,"3/31/26, 2:12 AM",,OUTGOING,https://www.linkedin.com/in/aditya-mehra-b8644b326,https://www.linkedin.com/in/aadya-tyagi-082139373
Aditya Mehra,Sneha Gupta,"3/31/26, 2:12 AM",,OUTGOING,https://www.linkedin.com/in/aditya-mehra-b8644b326,https://www.linkedin.com/in/sneha-g-429782332
Aditya Mehra,Kritika .,"3/31/26, 2:12 AM",,OUTGOING,https://www.linkedin.com/in/aditya-mehra-b8644b326,https://www.linkedin.com/in/kritika-91241221b
Aditya Mehra,Ashmita Pandey,"3/31/26, 2:12 AM",,OUTGOING,https://www.linkedin.com/in/aditya-mehra-b8644b326,https://www.linkedin.com/in/ash-of-p
Aditya Mehra,Saloni Bhura,"3/31/26, 2:12 AM",,OUTGOING,https://www.linkedin.com/in/aditya-mehra-b8644b326,https://www.linkedin.com/in/saloni-bhura-31615b313
Aditya Mehra,Shristi Mohanty,"3/31/26, 2:12 AM",,OUTGOING,https://www.linkedin.com/in/aditya-mehra-b8644b326,https://www.linkedin.com/in/shristi-mohanty-7753b6326
Aditya Mehra,Urmila Jithesh,"3/31/26, 2:12 AM",,OUTGOING,https://www.linkedin.com/in/aditya-mehra-b8644b326,https://www.linkedin.com/in/urmilajithesh
Aditya Mehra,Sheetal Mishra,"3/31/26, 2:12 AM",,OUTGOING,https://www.linkedin.com/in/aditya-mehra-b8644b326,https://www.linkedin.com/in/sheetal-mishra-aa113836a
Aditya Mehra,Manasvi Sharma,"3/31/26, 2:11 AM",,OUTGOING,https://www.linkedin.com/in/aditya-mehra-b8644b326,https://www.linkedin.com/in/manasvi-sharma-43955b350
Aditya Mehra,Ritika Sarkar,"3/31/26, 2:11 AM",,OUTGOING,https://www.linkedin.com/in/aditya-mehra-b8644b326,https://www.linkedin.com/in/ritika-sarkar-0298822b6
Aditya Mehra,Swastika  Saikia ,"3/31/26, 2:12 AM",,OUTGOING,https://www.linkedin.com/in/aditya-mehra-b8644b326,https://www.linkedin.com/in/swastika-saikia-87b322320
Aditya Mehra,Adithi Sajeevan,"3/31/26, 2:11 AM",,OUTGOING,https://www.linkedin.com/in/aditya-mehra-b8644b326,https://www.linkedin.com/in/adithisajeevan
Aditya Mehra,Sai Prathyusha R G,"3/31/26, 2:12 AM",,OUTGOING,https://www.linkedin.com/in/aditya-mehra-b8644b326,https://www.linkedin.com/in/r-g-sai-prathyusha
Aditya Mehra,Shanvi Agarwal,"3/31/26, 2:11 AM",,OUTGOING,https://www.linkedin.com/in/aditya-mehra-b8644b326,https://www.linkedin.com/in/shanviagarwal
Aditya Mehra,Suchitra R,"3/31/26, 2:11 AM",,OUTGOING,https://www.linkedin.com/in/aditya-mehra-b8644b326,https://www.linkedin.com/in/suchitra-r-1a577b347
Aditya Mehra,Samruddhi Joshi,"3/31/26, 2:12 AM",,OUTGOING,https://www.linkedin.com/in/aditya-mehra-b8644b326,https://www.linkedin.com/in/samruddhijoshi23
Aditya Mehra,Reshma Chandrashekhar,"3/31/26, 2:11 AM",,OUTGOING,https://www.linkedin.com/in/aditya-mehra-b8644b326,https://www.linkedin.com/in/reshma-chandrashekhar-7aa040288
Aditya Mehra,Ankita Ashok  Gudigar,"3/31/26, 2:11 AM",,OUTGOING,https://www.linkedin.com/in/aditya-mehra-b8644b326,https://www.linkedin.com/in/ankitagudigar
Aditya Mehra,Srushti Maruti Nayak,"3/31/26, 2:11 AM",,OUTGOING,https://www.linkedin.com/in/aditya-mehra-b8644b326,https://www.linkedin.com/in/srushti-m-nayak
Aditya Mehra,Savari E Tamse,"3/31/26, 2:11 AM",,OUTGOING,https://www.linkedin.com/in/aditya-mehra-b8644b326,https://www.linkedin.com/in/savari-e-tamse-11bb8b368
Aditya Mehra,Pragathi Baradia,"3/31/26, 2:11 AM",,OUTGOING,https://www.linkedin.com/in/aditya-mehra-b8644b326,https://www.linkedin.com/in/pragathi-baradia
Aditya Mehra,Elaina Thomas,"3/31/26, 2:11 AM",,OUTGOING,https://www.linkedin.com/in/aditya-mehra-b8644b326,https://www.linkedin.com/in/elaina-thomas-16604a312
Aditya Mehra,Chaithra D S,"3/31/26, 2:11 AM",,OUTGOING,https://www.linkedin.com/in/aditya-mehra-b8644b326,https://www.linkedin.com/in/chaithra-d-s-2830252b3
Aditya Mehra,Aditi Shastry,"3/31/26, 2:11 AM",,OUTGOING,https://www.linkedin.com/in/aditya-mehra-b8644b326,https://www.linkedin.com/in/aditi-shastry-a882b8245
Aditya Mehra,Sanjana Paramesh,"3/31/26, 2:11 AM",,OUTGOING,https://www.linkedin.com/in/aditya-mehra-b8644b326,https://www.linkedin.com/in/sanjana-paramesh-021153327
Aditya Mehra,Riddhi Baheti,"3/31/26, 2:11 AM",,OUTGOING,https://www.linkedin.com/in/aditya-mehra-b8644b326,https://www.linkedin.com/in/riddhi-baheti-
Aditya Mehra,Rhea Mitchel,"3/31/26, 2:11 AM",,OUTGOING,https://www.linkedin.com/in/aditya-mehra-b8644b326,https://www.linkedin.com/in/rhea-mitchel-63bb80329
Aditya Mehra,Thanmai Srija,"3/31/26, 2:11 AM",,OUTGOING,https://www.linkedin.com/in/aditya-mehra-b8644b326,https://www.linkedin.com/in/thanmai-srija-12075332b
Aditya Mehra,Anushree Neeralakeri,"3/31/26, 2:11 AM",,OUTGOING,https://www.linkedin.com/in/aditya-mehra-b8644b326,https://www.linkedin.com/in/anushree-neeralakeri-899a6a293
Aditya Mehra,Manya Jalonha,"3/31/26, 2:11 AM",,OUTGOING,https://www.linkedin.com/in/aditya-mehra-b8644b326,https://www.linkedin.com/in/manya-jalonha-897400309
Aditya Mehra,Munilakshmi H,"3/31/26, 2:11 AM",,OUTGOING,https://www.linkedin.com/in/aditya-mehra-b8644b326,https://www.linkedin.com/in/munilakshmi-h-1067a7249
Aditya Mehra,Sennila M S,"3/31/26, 2:11 AM",,OUTGOING,https://www.linkedin.com/in/aditya-mehra-b8644b326,https://www.linkedin.com/in/sennila-m-s
Aditya Mehra,Devika Aravind,"3/31/26, 2:11 AM",,OUTGOING,https://www.linkedin.com/in/aditya-mehra-b8644b326,https://www.linkedin.com/in/devika-aravind-2aa341358
Aditya Mehra,Hiruthayavani GU,"3/31/26, 2:11 AM",,OUTGOING,https://www.linkedin.com/in/aditya-mehra-b8644b326,https://www.linkedin.com/in/hiruthayavani-gu-490297217
Aditya Mehra,Pawni Agrawal,"3/31/26, 2:10 AM",,OUTGOING,https://www.linkedin.com/in/aditya-mehra-b8644b326,https://www.linkedin.com/in/pawni-agrawal-66475821b
Aditya Mehra,Astha Dhanuka,"3/31/26, 2:11 AM",,OUTGOING,https://www.linkedin.com/in/aditya-mehra-b8644b326,https://www.linkedin.com/in/astha-dhanuka-19833431a
Aditya Mehra,Devika K Chowdary,"3/31/26, 2:11 AM",,OUTGOING,https://www.linkedin.com/in/aditya-mehra-b8644b326,https://www.linkedin.com/in/devikachawdhary
Aditya Mehra,Harshita Singh,"3/31/26, 2:11 AM",,OUTGOING,https://www.linkedin.com/in/aditya-mehra-b8644b326,https://www.linkedin.com/in/harshita-singh167207
Aditya Mehra,Anushree V,"3/31/26, 2:10 AM",,OUTGOING,https://www.linkedin.com/in/aditya-mehra-b8644b326,https://www.linkedin.com/in/anushree-v-72b30a39a
Aditya Mehra,Bhavya Yadav,"3/31/26, 2:10 AM",,OUTGOING,https://www.linkedin.com/in/aditya-mehra-b8644b326,https://www.linkedin.com/in/bhavyayadavv
Aditya Mehra,Rekha Nayak,"3/31/26, 2:10 AM",,OUTGOING,https://www.linkedin.com/in/aditya-mehra-b8644b326,https://www.linkedin.com/in/rekha-nayak-98b925375
Aditya Mehra,Shubhashree U,"3/31/26, 2:11 AM",,OUTGOING,https://www.linkedin.com/in/aditya-mehra-b8644b326,https://www.linkedin.com/in/shubhashree-u-0b902229b
Aditya Mehra,Pavani Amarnath,"3/31/26, 2:10 AM",,OUTGOING,https://www.linkedin.com/in/aditya-mehra-b8644b326,https://www.linkedin.com/in/pavaniamarnath
Aditya Mehra,Shraddha Sirsikar,"3/31/26, 2:10 AM",,OUTGOING,https://www.linkedin.com/in/aditya-mehra-b8644b326,https://www.linkedin.com/in/shraddha-sirsikar-7812272b3
Aditya Mehra,Ranjitha Radhakrishna,"3/31/26, 2:10 AM",,OUTGOING,https://www.linkedin.com/in/aditya-mehra-b8644b326,https://www.linkedin.com/in/ranjitha-radhakrishna-ab987311a
Aditya Mehra,Dibyaroti Banik,"3/31/26, 2:11 AM",,OUTGOING,https://www.linkedin.com/in/aditya-mehra-b8644b326,https://www.linkedin.com/in/dibyaroti-banik-864898328
Aditya Mehra,Sai Rishika Vulli,"3/31/26, 2:11 AM",,OUTGOING,https://www.linkedin.com/in/aditya-mehra-b8644b326,https://www.linkedin.com/in/sairishikavulli
Aditya Mehra,Deepthi C K,"3/31/26, 2:11 AM",,OUTGOING,https://www.linkedin.com/in/aditya-mehra-b8644b326,https://www.linkedin.com/in/deepthi-c-k-492316342
Aditya Mehra,Alisha Diniz,"3/31/26, 2:11 AM",,OUTGOING,https://www.linkedin.com/in/aditya-mehra-b8644b326,https://www.linkedin.com/in/alisha-diniz-920b1834b
Aditya Mehra,Anjali M,"3/31/26, 2:10 AM",,OUTGOING,https://www.linkedin.com/in/aditya-mehra-b8644b326,https://www.linkedin.com/in/anjali-m-8b4745326
Aditya Mehra,Prithi Prangya,"3/31/26, 2:10 AM",,OUTGOING,https://www.linkedin.com/in/aditya-mehra-b8644b326,https://www.linkedin.com/in/prithi-prangya-099573252
Aditya Mehra,Pranamya N Jain,"3/31/26, 2:10 AM",,OUTGOING,https://www.linkedin.com/in/aditya-mehra-b8644b326,https://www.linkedin.com/in/pranamya-n-jain-a4321a29a
Aditya Mehra,Karthika Sanjeev,"3/31/26, 2:10 AM",,OUTGOING,https://www.linkedin.com/in/aditya-mehra-b8644b326,https://www.linkedin.com/in/karthika-sanjeev-550a5a377
Aditya Mehra,Anju S D,"3/31/26, 2:10 AM",,OUTGOING,https://www.linkedin.com/in/aditya-mehra-b8644b326,https://www.linkedin.com/in/anju-s-d-971609300
Aditya Mehra,Kavya N,"3/31/26, 2:10 AM",,OUTGOING,https://www.linkedin.com/in/aditya-mehra-b8644b326,https://www.linkedin.com/in/kavya-n-998b47343
Aditya Mehra,Chandra B Bhaireddy,"3/31/26, 2:10 AM",,OUTGOING,https://www.linkedin.com/in/aditya-mehra-b8644b326,https://www.linkedin.com/in/chandra-b-bhaireddy
Aditya Mehra,Keerthi Doddur,"3/31/26, 2:10 AM",,OUTGOING,https://www.linkedin.com/in/aditya-mehra-b8644b326,https://www.linkedin.com/in/keerthi-doddur-10317b274
Aditya Mehra,Nivashini Senthilkumar,"3/31/26, 2:10 AM",,OUTGOING,https://www.linkedin.com/in/aditya-mehra-b8644b326,https://www.linkedin.com/in/nivashini-senthilkumar-78b53b31b
Aditya Mehra,Pragathi Shetty,"3/31/26, 2:10 AM",,OUTGOING,https://www.linkedin.com/in/aditya-mehra-b8644b326,https://www.linkedin.com/in/pragathi-shetty-a14871376
Aditya Mehra,Theerthana B M,"3/31/26, 2:10 AM",,OUTGOING,https://www.linkedin.com/in/aditya-mehra-b8644b326,https://www.linkedin.com/in/theerthana-b-m-831b59351
Aditya Mehra,Abhineet kaur Sahota,"3/31/26, 2:10 AM",,OUTGOING,https://www.linkedin.com/in/aditya-mehra-b8644b326,https://www.linkedin.com/in/abhineet-kaur-sahota-292595396
Aditya Mehra,Yashaswini RS,"3/31/26, 2:10 AM",,OUTGOING,https://www.linkedin.com/in/aditya-mehra-b8644b326,https://www.linkedin.com/in/yashaswinirs1209
Aditya Mehra,Prajna R Kiran,"3/31/26, 2:10 AM",,OUTGOING,https://www.linkedin.com/in/aditya-mehra-b8644b326,https://www.linkedin.com/in/prajna-r-kiran-3b0727325
Aditya Mehra,Muskan Jain,"3/31/26, 2:10 AM",,OUTGOING,https://www.linkedin.com/in/aditya-mehra-b8644b326,https://www.linkedin.com/in/muskan-jain-2584bb36b
Aditya Mehra,Parvathi  V S,"3/31/26, 2:10 AM",,OUTGOING,https://www.linkedin.com/in/aditya-mehra-b8644b326,https://www.linkedin.com/in/parvathi-7653a4306
Aditya Mehra,Navya Mohindra,"3/31/26, 2:10 AM",,OUTGOING,https://www.linkedin.com/in/aditya-mehra-b8644b326,https://www.linkedin.com/in/navya-mohindra-341812304
Aditya Mehra,Nikita Ajit,"3/31/26, 2:10 AM",,OUTGOING,https://www.linkedin.com/in/aditya-mehra-b8644b326,https://www.linkedin.com/in/nikita-ajit-303b54337
Aditya Mehra,Meenakshi K Menon,"3/31/26, 2:10 AM",,OUTGOING,https://www.linkedin.com/in/aditya-mehra-b8644b326,https://www.linkedin.com/in/meenakshi28
Aditya Mehra,Harshini  C,"3/31/26, 2:10 AM",,OUTGOING,https://www.linkedin.com/in/aditya-mehra-b8644b326,https://www.linkedin.com/in/harshini-c-65b76b283
Aditya Mehra,Cheryl Sharma,"3/31/26, 2:10 AM",,OUTGOING,https://www.linkedin.com/in/aditya-mehra-b8644b326,https://www.linkedin.com/in/cheryl-sharma-0732912a5
Aditya Mehra,Niharika Vijay,"3/31/26, 2:10 AM",,OUTGOING,https://www.linkedin.com/in/aditya-mehra-b8644b326,https://www.linkedin.com/in/niharika-vijay-8060b03a9
Aditya Mehra,Anagha G Rao,"3/31/26, 2:10 AM",,OUTGOING,https://www.linkedin.com/in/aditya-mehra-b8644b326,https://www.linkedin.com/in/anagha-g-rao-a4886a36a
Aditya Mehra,Aditi Kulkarni,"3/31/26, 2:10 AM",,OUTGOING,https://www.linkedin.com/in/aditya-mehra-b8644b326,https://www.linkedin.com/in/aditi-kulkarni-7488a5252
Aditya Mehra,Tanishk Maurya,"3/31/26, 2:10 AM",,OUTGOING,https://www.linkedin.com/in/aditya-mehra-b8644b326,https://www.linkedin.com/in/tanishkmaurya
Aditya Mehra,Amritha S,"3/31/26, 2:09 AM",,OUTGOING,https://www.linkedin.com/in/aditya-mehra-b8644b326,https://www.linkedin.com/in/amritha-s-120s
Aditya Mehra,Dr.Rashmi S,"3/31/26, 2:10 AM",,OUTGOING,https://www.linkedin.com/in/aditya-mehra-b8644b326,https://www.linkedin.com/in/dr-rashmi-s-07028b303
Aditya Mehra,Swarnika Gupta,"3/31/26, 2:10 AM",,OUTGOING,https://www.linkedin.com/in/aditya-mehra-b8644b326,https://www.linkedin.com/in/swarnika-gupta-3255a8387
Aditya Mehra,Palak Dadsena,"3/31/26, 2:10 AM",,OUTGOING,https://www.linkedin.com/in/aditya-mehra-b8644b326,https://www.linkedin.com/in/palak-dadsena-491223320
Aditya Mehra,Shivangi Arora,"3/31/26, 2:10 AM",,OUTGOING,https://www.linkedin.com/in/aditya-mehra-b8644b326,https://www.linkedin.com/in/shivangi-arora-329237304
Aditya Mehra,Ishika Saha,"3/31/26, 2:10 AM",,OUTGOING,https://www.linkedin.com/in/aditya-mehra-b8644b326,https://www.linkedin.com/in/ishikacv
Aditya Mehra,Vanamala.R . ,"3/31/26, 2:09 AM",,OUTGOING,https://www.linkedin.com/in/aditya-mehra-b8644b326,https://www.linkedin.com/in/vanamala-r-461846252
Aditya Mehra,Swayam Sampurna Swain,"3/31/26, 2:09 AM",,OUTGOING,https://www.linkedin.com/in/aditya-mehra-b8644b326,https://www.linkedin.com/in/swayam-sampurna-swain-b26b0235a
Aditya Mehra,Hetali Thakkar,"5/5/26, 4:00 AM",,OUTGOING,https://www.linkedin.com/in/aditya-mehra-b8644b326,https://www.linkedin.com/in/hetali-thakkar-775557375
Aditya Mehra,Harshini C S,"3/31/26, 2:09 AM",,OUTGOING,https://www.linkedin.com/in/aditya-mehra-b8644b326,https://www.linkedin.com/in/harshini-c-s-3b4785322
Aditya Mehra,Swagatika Panda,"3/31/26, 2:09 AM",,OUTGOING,https://www.linkedin.com/in/aditya-mehra-b8644b326,https://www.linkedin.com/in/swagatika-panda-91863b314
Aditya Mehra,Tanvi Naik,"3/31/26, 2:09 AM",,OUTGOING,https://www.linkedin.com/in/aditya-mehra-b8644b326,https://www.linkedin.com/in/tanvi-naik-511a5b206
Aditya Mehra,Ananya Singh,"3/31/26, 2:09 AM",,OUTGOING,https://www.linkedin.com/in/aditya-mehra-b8644b326,https://www.linkedin.com/in/ananya-singh-021a90258
Aditya Mehra,Riya Agrawal,"3/31/26, 2:09 AM",,OUTGOING,https://www.linkedin.com/in/aditya-mehra-b8644b326,https://www.linkedin.com/in/riyaagrawal18
Aditya Mehra,Divya C Y,"3/31/26, 2:09 AM",,OUTGOING,https://www.linkedin.com/in/aditya-mehra-b8644b326,https://www.linkedin.com/in/divya-c-y-840186353
Aditya Mehra,Aishwarya Vasudevan,"3/31/26, 2:09 AM",,OUTGOING,https://www.linkedin.com/in/aditya-mehra-b8644b326,https://www.linkedin.com/in/aishwarya-vasudevan-aa212b2b7
Aditya Mehra,Arpitha B.E,"3/31/26, 2:09 AM",,OUTGOING,https://www.linkedin.com/in/aditya-mehra-b8644b326,https://www.linkedin.com/in/arpitha-b-e-9155b0370
Aditya Mehra,Mahalakshmi Mohanraj,"3/31/26, 2:09 AM",,OUTGOING,https://www.linkedin.com/in/aditya-mehra-b8644b326,https://www.linkedin.com/in/mahalakshmi-mohanraj-753807286
Aditya Mehra,Manasi Bhake,"3/31/26, 2:09 AM",,OUTGOING,https://www.linkedin.com/in/aditya-mehra-b8644b326,https://www.linkedin.com/in/manasi-bhake-9b9409374
Aditya Mehra,Keerthana N,"3/31/26, 2:09 AM",,OUTGOING,https://www.linkedin.com/in/aditya-mehra-b8644b326,https://www.linkedin.com/in/keerthana-n-4707122b5
Aditya Mehra,Sriya Guntha,"3/31/26, 2:09 AM",,OUTGOING,https://www.linkedin.com/in/aditya-mehra-b8644b326,https://www.linkedin.com/in/sriya-guntha24
Aditya Mehra,N H Mehak,"3/31/26, 2:09 AM",,OUTGOING,https://www.linkedin.com/in/aditya-mehra-b8644b326,https://www.linkedin.com/in/n-h-mehak-68a6542b5
Aditya Mehra,Rojalin Behera,"3/31/26, 2:09 AM",,OUTGOING,https://www.linkedin.com/in/aditya-mehra-b8644b326,https://www.linkedin.com/in/rojalin-behera-b98447348
Aditya Mehra,Nithya  P,"3/31/26, 2:09 AM",,OUTGOING,https://www.linkedin.com/in/aditya-mehra-b8644b326,https://www.linkedin.com/in/nithya-p-800619281
Aditya Mehra,Aarushi Jain,"3/31/26, 2:09 AM",,OUTGOING,https://www.linkedin.com/in/aditya-mehra-b8644b326,https://www.linkedin.com/in/aarushi-jain0
Aditya Mehra,Thejaswini R,"3/31/26, 2:09 AM",,OUTGOING,https://www.linkedin.com/in/aditya-mehra-b8644b326,https://www.linkedin.com/in/thejaswini-r-67abb3355
Aditya Mehra,Kavya Tekriwal,"3/31/26, 2:09 AM",,OUTGOING,https://www.linkedin.com/in/aditya-mehra-b8644b326,https://www.linkedin.com/in/kavyatekriwal
Aditya Mehra,Shilpa D,"3/31/26, 2:09 AM",,OUTGOING,https://www.linkedin.com/in/aditya-mehra-b8644b326,https://www.linkedin.com/in/shilpa-d-a024b929a
Aditya Mehra,Anusri Umaselvan,"3/31/26, 2:09 AM",,OUTGOING,https://www.linkedin.com/in/aditya-mehra-b8644b326,https://www.linkedin.com/in/anusri-umaselvan
Aditya Mehra,S.Ujwala Sai Sri,"3/31/26, 2:08 AM",,OUTGOING,https://www.linkedin.com/in/aditya-mehra-b8644b326,https://www.linkedin.com/in/s-ujwala-sai-sri-08b2a6293
Aditya Mehra,Adeline Romy,"3/31/26, 2:08 AM",,OUTGOING,https://www.linkedin.com/in/aditya-mehra-b8644b326,https://www.linkedin.com/in/adeline-romy-a4678a330
Aditya Mehra,Aditi Kumari,"3/31/26, 2:09 AM",,OUTGOING,https://www.linkedin.com/in/aditya-mehra-b8644b326,https://www.linkedin.com/in/aditi-kumari-329463364
Aditya Mehra,Sampriti Banerjee,"3/31/26, 2:09 AM",,OUTGOING,https://www.linkedin.com/in/aditya-mehra-b8644b326,https://www.linkedin.com/in/sampriti-banerjee-786295303
Aditya Mehra,Chandana R Gowda,"3/31/26, 2:08 AM",,OUTGOING,https://www.linkedin.com/in/aditya-mehra-b8644b326,https://www.linkedin.com/in/chandana-r-gowda-5b19512a9
Aditya Mehra,Priya T G,"3/31/26, 2:09 AM",,OUTGOING,https://www.linkedin.com/in/aditya-mehra-b8644b326,https://www.linkedin.com/in/priya-t-g
Aditya Mehra,Joylin Lewis,"3/31/26, 2:08 AM",,OUTGOING,https://www.linkedin.com/in/aditya-mehra-b8644b326,https://www.linkedin.com/in/joylin-lewis-6b8b85318
Aditya Mehra,Rakshitha  B,"3/31/26, 2:08 AM",,OUTGOING,https://www.linkedin.com/in/aditya-mehra-b8644b326,https://www.linkedin.com/in/rakshitha-b-932381336
Aditya Mehra,Sanchi Gupta,"3/31/26, 2:08 AM",,OUTGOING,https://www.linkedin.com/in/aditya-mehra-b8644b326,https://www.linkedin.com/in/sanchi-gupta-681b16374
Aditya Mehra,Snehaa G,"3/31/26, 2:08 AM",,OUTGOING,https://www.linkedin.com/in/aditya-mehra-b8644b326,https://www.linkedin.com/in/snehaa-g
Aditya Mehra,Priyanshi Mehta,"3/31/26, 2:09 AM",,OUTGOING,https://www.linkedin.com/in/aditya-mehra-b8644b326,https://www.linkedin.com/in/priyanshi-mehta-190505p
Aditya Mehra,Ridhima Kejriwal,"3/31/26, 2:08 AM",,OUTGOING,https://www.linkedin.com/in/aditya-mehra-b8644b326,https://www.linkedin.com/in/ridhima-kejriwal-6b994b370
Aditya Mehra,Adishree Mishra,"3/31/26, 2:08 AM",,OUTGOING,https://www.linkedin.com/in/aditya-mehra-b8644b326,https://www.linkedin.com/in/adishree-mishra-61505b246
Aditya Mehra,Arpita Sahoo,"3/31/26, 2:08 AM",,OUTGOING,https://www.linkedin.com/in/aditya-mehra-b8644b326,https://www.linkedin.com/in/arpita-sahoo-689339261
Aditya Mehra,Preeti Angadi,"3/31/26, 2:08 AM",,OUTGOING,https://www.linkedin.com/in/aditya-mehra-b8644b326,https://www.linkedin.com/in/preeti-angadi-60069432a
Aditya Mehra,Kaneez Fathemah,"3/31/26, 2:08 AM",,OUTGOING,https://www.linkedin.com/in/aditya-mehra-b8644b326,https://www.linkedin.com/in/kaneez-fathemah-736077291
Aditya Mehra,Acacia Rodrigues,"3/31/26, 2:08 AM",,OUTGOING,https://www.linkedin.com/in/aditya-mehra-b8644b326,https://www.linkedin.com/in/acacia-rodrigues-04abb1317
Aditya Mehra,Pratigyan Senapati,"3/31/26, 2:08 AM",,OUTGOING,https://www.linkedin.com/in/aditya-mehra-b8644b326,https://www.linkedin.com/in/pratigyan-senapati-784976303
Aditya Mehra,Anwesha Bhowmick,"3/31/26, 2:08 AM",,OUTGOING,https://www.linkedin.com/in/aditya-mehra-b8644b326,https://www.linkedin.com/in/anwesha-bhowmick-764414306
Aditya Mehra,Shriya Srivastava,"3/31/26, 2:08 AM",,OUTGOING,https://www.linkedin.com/in/aditya-mehra-b8644b326,https://www.linkedin.com/in/shriya-srivastava-3253b531a
Aditya Mehra,Tisha Bajaj,"3/31/26, 2:08 AM",,OUTGOING,https://www.linkedin.com/in/aditya-mehra-b8644b326,https://www.linkedin.com/in/tisha-bajaj
Aditya Mehra,Anusha Tanga,"3/31/26, 2:08 AM",,OUTGOING,https://www.linkedin.com/in/aditya-mehra-b8644b326,https://www.linkedin.com/in/anusha-tanga-4745b52a0
Aditya Mehra,Syed Zumra,"3/31/26, 2:08 AM",,OUTGOING,https://www.linkedin.com/in/aditya-mehra-b8644b326,https://www.linkedin.com/in/syed-zumra-5517bb354
Aditya Mehra,Niya Anna George,"3/31/26, 2:08 AM",,OUTGOING,https://www.linkedin.com/in/aditya-mehra-b8644b326,https://www.linkedin.com/in/niya-anna-george-80a81b3a5
Aditya Mehra,RASHI D D,"3/31/26, 2:08 AM",,OUTGOING,https://www.linkedin.com/in/aditya-mehra-b8644b326,https://www.linkedin.com/in/rashi-d-d
Aditya Mehra,Aanshi S Kothari,"3/31/26, 2:08 AM",,OUTGOING,https://www.linkedin.com/in/aditya-mehra-b8644b326,https://www.linkedin.com/in/aanshi-s-kothari-426653360
Aditya Mehra,Rithikha Radhakrishnan,"3/31/26, 2:08 AM",,OUTGOING,https://www.linkedin.com/in/aditya-mehra-b8644b326,https://www.linkedin.com/in/rithikha-radhakrishnan-851b16282
Aditya Mehra,Hemashree G,"3/31/26, 2:07 AM",,OUTGOING,https://www.linkedin.com/in/aditya-mehra-b8644b326,https://www.linkedin.com/in/hemashreeg
Aditya Mehra,Simran Kaur Muddar,"3/31/26, 2:08 AM",,OUTGOING,https://www.linkedin.com/in/aditya-mehra-b8644b326,https://www.linkedin.com/in/simran-kaur-muddar-53b597264
Aditya Mehra,Rituparna Kar,"3/31/26, 2:08 AM",,OUTGOING,https://www.linkedin.com/in/aditya-mehra-b8644b326,https://www.linkedin.com/in/rituparna-kar-4600a329a
Aditya Mehra,Esha J,"3/31/26, 2:07 AM",,OUTGOING,https://www.linkedin.com/in/aditya-mehra-b8644b326,https://www.linkedin.com/in/esha-j-19b3a82a3
Aditya Mehra,Sanjana K S,"3/31/26, 2:07 AM",,OUTGOING,https://www.linkedin.com/in/aditya-mehra-b8644b326,https://www.linkedin.com/in/sanjana-k-s-1574a8373
Aditya Mehra,Juhi Jain,"3/31/26, 2:07 AM",,OUTGOING,https://www.linkedin.com/in/aditya-mehra-b8644b326,https://www.linkedin.com/in/juhi-jain-360670292
Aditya Mehra,Chirusha S,"3/31/26, 2:07 AM",,OUTGOING,https://www.linkedin.com/in/aditya-mehra-b8644b326,https://www.linkedin.com/in/chirusha-s-287b41344
Aditya Mehra,Khushi  Moolchandani,"3/31/26, 2:07 AM",,OUTGOING,https://www.linkedin.com/in/aditya-mehra-b8644b326,https://www.linkedin.com/in/khushi-moolchandani-494710299
Aditya Mehra,Asha Shah,"3/31/26, 2:06 AM",,OUTGOING,https://www.linkedin.com/in/aditya-mehra-b8644b326,https://www.linkedin.com/in/asha-s-208027243
Aditya Mehra,Nisha Sree,"3/31/26, 2:06 AM",,OUTGOING,https://www.linkedin.com/in/aditya-mehra-b8644b326,https://www.linkedin.com/in/nisha-sree-6b0700325
Aditya Mehra,Kavya Rajaram Bhat Hiregange,"3/31/26, 2:06 AM",,OUTGOING,https://www.linkedin.com/in/aditya-mehra-b8644b326,https://www.linkedin.com/in/kavya-rajaram-bhat-hiregange-8b327a349
Aditya Mehra,Sanjana U,"3/31/26, 2:05 AM",,OUTGOING,https://www.linkedin.com/in/aditya-mehra-b8644b326,https://www.linkedin.com/in/sanjana-u-134916219
Aditya Mehra,Vikasini Swamy,"4/27/26, 7:17 AM",,OUTGOING,https://www.linkedin.com/in/aditya-mehra-b8644b326,https://www.linkedin.com/in/vikasini-swamy-67a97a372
Aditya Mehra,Pravanya  Singh,"3/23/26, 10:45 PM",,OUTGOING,https://www.linkedin.com/in/aditya-mehra-b8644b326,https://www.linkedin.com/in/pravanya-singh-3bb390325
Aditya Mehra,Abigail Dsouza,"3/23/26, 10:45 PM",,OUTGOING,https://www.linkedin.com/in/aditya-mehra-b8644b326,https://www.linkedin.com/in/abigail-dsouza-c5
Aditya Mehra,Mansi Kalgutkar,"3/23/26, 10:45 PM",,OUTGOING,https://www.linkedin.com/in/aditya-mehra-b8644b326,https://www.linkedin.com/in/mansi-kalgutkar-172a31212
Aditya Mehra,Chaithra Hm,"3/23/26, 10:45 PM",,OUTGOING,https://www.linkedin.com/in/aditya-mehra-b8644b326,https://www.linkedin.com/in/chaithra-hm-a6a591361
Aditya Mehra,Bakul Patel,"3/23/26, 10:45 PM",,OUTGOING,https://www.linkedin.com/in/aditya-mehra-b8644b326,https://www.linkedin.com/in/bakul-patel-1b3ba62ab
Aditya Mehra,Sai Subhiksha G,"3/23/26, 10:45 PM",,OUTGOING,https://www.linkedin.com/in/aditya-mehra-b8644b326,https://www.linkedin.com/in/sai-subhiksha-g-725286373
Aditya Mehra,Sameeksha GS,"3/23/26, 10:45 PM",,OUTGOING,https://www.linkedin.com/in/aditya-mehra-b8644b326,https://www.linkedin.com/in/sameeksha-gs-073536287
Aditya Mehra,Astha Prakhar,"3/23/26, 10:45 PM",,OUTGOING,https://www.linkedin.com/in/aditya-mehra-b8644b326,https://www.linkedin.com/in/astha-prakhar
Aditya Mehra,DIVYA  CHOPRA,"3/23/26, 10:44 PM",,OUTGOING,https://www.linkedin.com/in/aditya-mehra-b8644b326,https://www.linkedin.com/in/divya-chopra-37954532b
Aditya Mehra,Kanisha Patel,"3/23/26, 10:45 PM",,OUTGOING,https://www.linkedin.com/in/aditya-mehra-b8644b326,https://www.linkedin.com/in/kanisha-patel-615050371
Aditya Mehra,Arpita Sahoo,"3/23/26, 10:44 PM",,OUTGOING,https://www.linkedin.com/in/aditya-mehra-b8644b326,https://www.linkedin.com/in/arpita-sahoo-9b1934315
Aditya Mehra,Pranshu Chouhan,"3/23/26, 10:44 PM",,OUTGOING,https://www.linkedin.com/in/aditya-mehra-b8644b326,https://www.linkedin.com/in/pranshu-chouhan-b69b7923
Aditya Mehra,Pramati Gupta,"3/23/26, 10:45 PM",,OUTGOING,https://www.linkedin.com/in/aditya-mehra-b8644b326,https://www.linkedin.com/in/pramati-gupta-5b0b26321
Aditya Mehra,Mansi Nikam,"3/23/26, 10:44 PM",,OUTGOING,https://www.linkedin.com/in/aditya-mehra-b8644b326,https://www.linkedin.com/in/mansi-nikam20
Aditya Mehra,Tanisi Bajaj,"3/23/26, 10:44 PM",,OUTGOING,https://www.linkedin.com/in/aditya-mehra-b8644b326,https://www.linkedin.com/in/tanisi-bajaj-3b17a6320
Aditya Mehra,Sunaina Barua,"3/23/26, 10:44 PM",,OUTGOING,https://www.linkedin.com/in/aditya-mehra-b8644b326,https://www.linkedin.com/in/sunainabarua
Aditya Mehra,Rohini  Kharatmal ,"3/23/26, 10:44 PM",,OUTGOING,https://www.linkedin.com/in/aditya-mehra-b8644b326,https://www.linkedin.com/in/rohini-k-7b7193195
Aditya Mehra,VARSHA  RAGHU ,"3/23/26, 10:44 PM",,OUTGOING,https://www.linkedin.com/in/aditya-mehra-b8644b326,https://www.linkedin.com/in/varsha1617
Aditya Mehra,Lakshita Sharma,"3/23/26, 10:44 PM",,OUTGOING,https://www.linkedin.com/in/aditya-mehra-b8644b326,https://www.linkedin.com/in/lakshita-sharma-103ba0230
Aditya Mehra,TRUSHNA MOHANTY,"3/23/26, 10:44 PM",,OUTGOING,https://www.linkedin.com/in/aditya-mehra-b8644b326,https://www.linkedin.com/in/trushna-mohanty-7604b917a
Aditya Mehra,Sharon Varghese,"3/23/26, 10:44 PM",,OUTGOING,https://www.linkedin.com/in/aditya-mehra-b8644b326,https://www.linkedin.com/in/sharonvarghese-sv
Aditya Mehra,Hemanth Ananthaswamy,"3/23/26, 10:44 PM",,OUTGOING,https://www.linkedin.com/in/aditya-mehra-b8644b326,https://www.linkedin.com/in/hemanth-ananthaswamy-92734524b
Aditya Mehra,Rashmi S Gowda,"3/23/26, 10:44 PM",,OUTGOING,https://www.linkedin.com/in/aditya-mehra-b8644b326,https://www.linkedin.com/in/rashmi-s-gowda-2b877035b
Aditya Mehra,Himika  Sarkar,"3/23/26, 10:44 PM",,OUTGOING,https://www.linkedin.com/in/aditya-mehra-b8644b326,https://www.linkedin.com/in/himikasarkar1109
Aditya Mehra,Kushagri Pandey,"3/23/26, 10:44 PM",,OUTGOING,https://www.linkedin.com/in/aditya-mehra-b8644b326,https://www.linkedin.com/in/kushagri-pandey
Aditya Mehra,Sonam Pattanaik,"3/23/26, 10:44 PM",,OUTGOING,https://www.linkedin.com/in/aditya-mehra-b8644b326,https://www.linkedin.com/in/sonam-pattanaik-51710a306
Aditya Mehra,Shreya V,"3/23/26, 10:43 PM",,OUTGOING,https://www.linkedin.com/in/aditya-mehra-b8644b326,https://www.linkedin.com/in/shreya-v-670ab9374
Aditya Mehra,Siddhika Sharma,"3/23/26, 10:43 PM",,OUTGOING,https://www.linkedin.com/in/aditya-mehra-b8644b326,https://www.linkedin.com/in/siddhika-sharma
Aditya Mehra,Jiyanshee Jain,"3/23/26, 10:43 PM",,OUTGOING,https://www.linkedin.com/in/aditya-mehra-b8644b326,https://www.linkedin.com/in/jiyanshee-jain
Aditya Mehra,Nisarga Bangera,"4/27/26, 7:23 AM",,OUTGOING,https://www.linkedin.com/in/aditya-mehra-b8644b326,https://www.linkedin.com/in/nisarga-bangera-06589a256
Aditya Mehra,Divya Kumari,"3/23/26, 10:43 PM",,OUTGOING,https://www.linkedin.com/in/aditya-mehra-b8644b326,https://www.linkedin.com/in/divya-kumari-9a5000215
Aditya Mehra,Arpita Ghetiya,"3/23/26, 10:43 PM",,OUTGOING,https://www.linkedin.com/in/aditya-mehra-b8644b326,https://www.linkedin.com/in/arpita-ghetiya-17a458289
Aditya Mehra,Anusha Mandal,"3/23/26, 10:43 PM",,OUTGOING,https://www.linkedin.com/in/aditya-mehra-b8644b326,https://www.linkedin.com/in/anusha-mandal-78430b31a
Aditya Mehra,Reema Shibu,"4/20/26, 12:05 PM",,OUTGOING,https://www.linkedin.com/in/aditya-mehra-b8644b326,https://www.linkedin.com/in/reema-shibu-aa589832a
Aditya Mehra,Aarushi Sahoo,"3/23/26, 10:43 PM",,OUTGOING,https://www.linkedin.com/in/aditya-mehra-b8644b326,https://www.linkedin.com/in/aarushisahoo888
Aditya Mehra,Annette Sajeev,"3/23/26, 10:43 PM",,OUTGOING,https://www.linkedin.com/in/aditya-mehra-b8644b326,https://www.linkedin.com/in/annette-s-2664b9222
Aditya Mehra,Naina Choudhury,"3/23/26, 10:43 PM",,OUTGOING,https://www.linkedin.com/in/aditya-mehra-b8644b326,https://www.linkedin.com/in/naina-choudhury-9880a4392
Aditya Mehra,Tina Sitlani,"4/20/26, 12:11 PM",,OUTGOING,https://www.linkedin.com/in/aditya-mehra-b8644b326,https://www.linkedin.com/in/tina-sitlani
Aditya Mehra,Sarah Anam,"3/23/26, 10:43 PM",,OUTGOING,https://www.linkedin.com/in/aditya-mehra-b8644b326,https://www.linkedin.com/in/sarah-anam-45ba40295
Aditya Mehra,Hridhya Babu,"3/23/26, 10:43 PM",,OUTGOING,https://www.linkedin.com/in/aditya-mehra-b8644b326,https://www.linkedin.com/in/hridhya-babu-5a76a73a5
Aditya Mehra,Nandini Dutta,"3/23/26, 10:43 PM",,OUTGOING,https://www.linkedin.com/in/aditya-mehra-b8644b326,https://www.linkedin.com/in/nandini-duttabscbtc
Aditya Mehra,RITUPARNNA KAR,"3/23/26, 10:43 PM",,OUTGOING,https://www.linkedin.com/in/aditya-mehra-b8644b326,https://www.linkedin.com/in/rituparnna-kar-27b166259
Aditya Mehra,Manya Krishna,"3/23/26, 10:43 PM",,OUTGOING,https://www.linkedin.com/in/aditya-mehra-b8644b326,https://www.linkedin.com/in/manya-krishna-0274a7107
Aditya Mehra,Renisha Mishra,"3/23/26, 10:43 PM",,OUTGOING,https://www.linkedin.com/in/aditya-mehra-b8644b326,https://www.linkedin.com/in/renisha-mishra-a06b5820b
Aditya Mehra,Syeda Aleena Aga,"3/23/26, 10:43 PM",,OUTGOING,https://www.linkedin.com/in/aditya-mehra-b8644b326,https://www.linkedin.com/in/syeda-aleena10
Aditya Mehra,Trisha HC,"3/23/26, 10:43 PM",,OUTGOING,https://www.linkedin.com/in/aditya-mehra-b8644b326,https://www.linkedin.com/in/trisha-hc-861101315
Aditya Mehra,GIYYAR HASINI,"5/18/26, 11:11 AM",,OUTGOING,https://www.linkedin.com/in/aditya-mehra-b8644b326,https://www.linkedin.com/in/giyyar-hasini-61a594300
Aditya Mehra,Raksha Nishad,"3/23/26, 10:43 PM",,OUTGOING,https://www.linkedin.com/in/aditya-mehra-b8644b326,https://www.linkedin.com/in/raksha-nishad-7065ab231
Aditya Mehra,Shenha Sherin,"3/23/26, 10:43 PM",,OUTGOING,https://www.linkedin.com/in/aditya-mehra-b8644b326,https://www.linkedin.com/in/shenha-sherin-56b26429b
Aditya Mehra,Rosalin Jena,"3/23/26, 10:43 PM",,OUTGOING,https://www.linkedin.com/in/aditya-mehra-b8644b326,https://www.linkedin.com/in/rosalin-jena-6a6b8a216
Aditya Mehra,Adithya Preman,"3/23/26, 10:43 PM",,OUTGOING,https://www.linkedin.com/in/aditya-mehra-b8644b326,https://www.linkedin.com/in/adithyapreman2002
Aditya Mehra,Sejal Garg,"3/23/26, 10:42 PM",,OUTGOING,https://www.linkedin.com/in/aditya-mehra-b8644b326,https://www.linkedin.com/in/sejal-garg7
Aditya Mehra,Harshita Sharma,"3/23/26, 10:42 PM",,OUTGOING,https://www.linkedin.com/in/aditya-mehra-b8644b326,https://www.linkedin.com/in/harshita17
Aditya Mehra,Pavni Mehta,"3/23/26, 10:43 PM",,OUTGOING,https://www.linkedin.com/in/aditya-mehra-b8644b326,https://www.linkedin.com/in/pavni-mehta
Aditya Mehra,Anshika Alok Singh,"3/23/26, 10:43 PM",,OUTGOING,https://www.linkedin.com/in/aditya-mehra-b8644b326,https://www.linkedin.com/in/anshika-alok-singh-5a51662bb
Aditya Mehra,Aanjal Panigrahi,"3/23/26, 10:43 PM",,OUTGOING,https://www.linkedin.com/in/aditya-mehra-b8644b326,https://www.linkedin.com/in/aanjal-panigrahi-b01347267
Aditya Mehra,Arunima C,"3/23/26, 10:42 PM",,OUTGOING,https://www.linkedin.com/in/aditya-mehra-b8644b326,https://www.linkedin.com/in/arunima-c-57a2b9239
Aditya Mehra,Ananya Anand,"3/23/26, 10:43 PM",,OUTGOING,https://www.linkedin.com/in/aditya-mehra-b8644b326,https://www.linkedin.com/in/ananya-anand-2b9676118
Aditya Mehra,soofiya fathima,"3/23/26, 10:43 PM",,OUTGOING,https://www.linkedin.com/in/aditya-mehra-b8644b326,https://www.linkedin.com/in/soofiya-fathima-668420321
Aditya Mehra,Seema Kumari,"3/23/26, 10:43 PM",,OUTGOING,https://www.linkedin.com/in/aditya-mehra-b8644b326,https://www.linkedin.com/in/seema-kumari-8b7626257
Aditya Mehra,Priyanshi Mutha,"3/23/26, 10:43 PM",,OUTGOING,https://www.linkedin.com/in/aditya-mehra-b8644b326,https://www.linkedin.com/in/priyanshi-mutha-1131a8280
Aditya Mehra,MANISHA RAJ,"3/23/26, 10:43 PM",,OUTGOING,https://www.linkedin.com/in/aditya-mehra-b8644b326,https://www.linkedin.com/in/manisha-raj-b0503a3b0
Aditya Mehra,Ankita Rani Sahu,"3/23/26, 10:43 PM",,OUTGOING,https://www.linkedin.com/in/aditya-mehra-b8644b326,https://www.linkedin.com/in/ankita-rani-sahu-56b104210
Aditya Mehra,Arya Bhanage,"3/23/26, 10:43 PM",,OUTGOING,https://www.linkedin.com/in/aditya-mehra-b8644b326,https://www.linkedin.com/in/arya-bhanage-8ab67820a
Aditya Mehra,Arpita Das,"3/23/26, 10:43 PM",,OUTGOING,https://www.linkedin.com/in/aditya-mehra-b8644b326,https://www.linkedin.com/in/arpita-das27
Aditya Mehra,Bhuvana G,"3/23/26, 10:42 PM",,OUTGOING,https://www.linkedin.com/in/aditya-mehra-b8644b326,https://www.linkedin.com/in/bhuvana-g-5a61423b6
Aditya Mehra,Ananya Mahanta,"3/23/26, 10:42 PM",,OUTGOING,https://www.linkedin.com/in/aditya-mehra-b8644b326,https://www.linkedin.com/in/ananyamahanta
Aditya Mehra,Cheuk Lam Un,"3/23/26, 10:42 PM",,OUTGOING,https://www.linkedin.com/in/aditya-mehra-b8644b326,https://www.linkedin.com/in/cheuk-lam-un-83781424a
Aditya Mehra,Mahi Tiwari,"3/23/26, 10:42 PM",,OUTGOING,https://www.linkedin.com/in/aditya-mehra-b8644b326,https://www.linkedin.com/in/mahi-tiwari-612a61181
Aditya Mehra,Rachana Jayachandran,"3/23/26, 8:17 AM",,OUTGOING,https://www.linkedin.com/in/aditya-mehra-b8644b326,https://www.linkedin.com/in/rachana-jayachandran
Aditya Mehra,Nisha Thumar,"3/23/26, 8:17 AM",,OUTGOING,https://www.linkedin.com/in/aditya-mehra-b8644b326,https://www.linkedin.com/in/nisha-thumar-b11414171
Aditya Mehra,Aarati Banjara,"3/23/26, 8:16 AM",,OUTGOING,https://www.linkedin.com/in/aditya-mehra-b8644b326,https://www.linkedin.com/in/aarati-banjara-81714a273
Aditya Mehra,Aishwarya Gupta,"3/23/26, 8:17 AM",,OUTGOING,https://www.linkedin.com/in/aditya-mehra-b8644b326,https://www.linkedin.com/in/aishwarya-gupta8
Aditya Mehra,Rutushree Suchitra,"3/23/26, 8:17 AM",,OUTGOING,https://www.linkedin.com/in/aditya-mehra-b8644b326,https://www.linkedin.com/in/rutushree-suchitra-384362275
Aditya Mehra,Adyasha Priyadarshini Hota,"3/23/26, 8:16 AM",,OUTGOING,https://www.linkedin.com/in/aditya-mehra-b8644b326,https://www.linkedin.com/in/adyashahota
Aditya Mehra,Lochana Prabhakar,"3/23/26, 8:16 AM",,OUTGOING,https://www.linkedin.com/in/aditya-mehra-b8644b326,https://www.linkedin.com/in/lochanaprabhakar
Aditya Mehra,Asha Shajee,"3/23/26, 8:16 AM",,OUTGOING,https://www.linkedin.com/in/aditya-mehra-b8644b326,https://www.linkedin.com/in/asha-shajee-3b8505b7
Aditya Mehra,Shreya Innanje,"3/23/26, 8:15 AM",,OUTGOING,https://www.linkedin.com/in/aditya-mehra-b8644b326,https://www.linkedin.com/in/shreya-innanje
Aditya Mehra,Surya C Nair,"3/23/26, 8:15 AM",,OUTGOING,https://www.linkedin.com/in/aditya-mehra-b8644b326,https://www.linkedin.com/in/surya-c-nair-270976335
Aditya Mehra,Nisarga Kamaty,"3/23/26, 8:15 AM",,OUTGOING,https://www.linkedin.com/in/aditya-mehra-b8644b326,https://www.linkedin.com/in/nisarga-kamaty
Aditya Mehra,Kashish Sinha,"3/23/26, 8:15 AM",,OUTGOING,https://www.linkedin.com/in/aditya-mehra-b8644b326,https://www.linkedin.com/in/kashishsinha
Aditya Mehra,Arzeena Fulwadiwala,"3/23/26, 8:15 AM",,OUTGOING,https://www.linkedin.com/in/aditya-mehra-b8644b326,https://www.linkedin.com/in/arzeenafulwadiwalalegaltech
Aditya Mehra,Ritika S,"3/23/26, 8:15 AM",,OUTGOING,https://www.linkedin.com/in/aditya-mehra-b8644b326,https://www.linkedin.com/in/ritika-s-ab6bb8266
Aditya Mehra,Sradhasuman Rout,"3/23/26, 8:15 AM",,OUTGOING,https://www.linkedin.com/in/aditya-mehra-b8644b326,https://www.linkedin.com/in/sradhasuman-rout-336917206
Aditya Mehra,Hazel Arora,"3/23/26, 8:15 AM",,OUTGOING,https://www.linkedin.com/in/aditya-mehra-b8644b326,https://www.linkedin.com/in/hazel-arora-4a840b398
Aditya Mehra,shubhangi jha,"3/23/26, 8:15 AM",,OUTGOING,https://www.linkedin.com/in/aditya-mehra-b8644b326,https://www.linkedin.com/in/shubhangi-jha-778506305
Aditya Mehra,Anjali Gupta,"3/23/26, 8:15 AM",,OUTGOING,https://www.linkedin.com/in/aditya-mehra-b8644b326,https://www.linkedin.com/in/anjali-gupta-4873b41aa
Aditya Mehra,Smahi Kohli,"3/23/26, 8:15 AM",,OUTGOING,https://www.linkedin.com/in/aditya-mehra-b8644b326,https://www.linkedin.com/in/smahi-kohli-29b168325
Aditya Mehra,Sanyogita Majgaonkar,"3/23/26, 8:15 AM",,OUTGOING,https://www.linkedin.com/in/aditya-mehra-b8644b326,https://www.linkedin.com/in/sanyogita-majgaonkar-3060522a
Aditya Mehra,Dekshina Nair,"6/1/26, 6:23 AM",,OUTGOING,https://www.linkedin.com/in/aditya-mehra-b8644b326,https://www.linkedin.com/in/dekshina-nair-6389452a4
Aditya Mehra,Kany Jain,"3/23/26, 8:15 AM",,OUTGOING,https://www.linkedin.com/in/aditya-mehra-b8644b326,https://www.linkedin.com/in/kanyjain
Aditya Mehra,Yogitha Anand,"3/23/26, 8:14 AM",,OUTGOING,https://www.linkedin.com/in/aditya-mehra-b8644b326,https://www.linkedin.com/in/yogitha-anand-027a98327
Aditya Mehra,Anushriya Jena,"3/23/26, 8:15 AM",,OUTGOING,https://www.linkedin.com/in/aditya-mehra-b8644b326,https://www.linkedin.com/in/anushriya-jena-110922243
Aditya Mehra,Ana Luiza Figuerêdo,"3/23/26, 8:14 AM",,OUTGOING,https://www.linkedin.com/in/aditya-mehra-b8644b326,https://www.linkedin.com/in/ana-luiza-figuerêdo-a1b617251
Aditya Mehra,Dheeju Mariyam,"3/23/26, 8:14 AM",,OUTGOING,https://www.linkedin.com/in/aditya-mehra-b8644b326,https://www.linkedin.com/in/dheeju-mariyam-a175823a7
Aditya Mehra,Greeshma Gowda,"3/23/26, 8:14 AM",,OUTGOING,https://www.linkedin.com/in/aditya-mehra-b8644b326,https://www.linkedin.com/in/greeshma-gowda-a1a88a35b
Aditya Mehra,Ritika Barnwal,"4/20/26, 12:04 PM",,OUTGOING,https://www.linkedin.com/in/aditya-mehra-b8644b326,https://www.linkedin.com/in/ritika-barnwal-6aa273343
Aditya Mehra,Swati Behera,"3/23/26, 8:14 AM",,OUTGOING,https://www.linkedin.com/in/aditya-mehra-b8644b326,https://www.linkedin.com/in/swati-behera-651b2a247
Aditya Mehra,Pragyan Rath,"3/23/26, 8:14 AM",,OUTGOING,https://www.linkedin.com/in/aditya-mehra-b8644b326,https://www.linkedin.com/in/pragyan-rath-802011276
Aditya Mehra,vandana HN,"3/23/26, 8:14 AM",,OUTGOING,https://www.linkedin.com/in/aditya-mehra-b8644b326,https://www.linkedin.com/in/vandana-hn-7a03a4342
Aditya Mehra,Nanditha Gowda,"3/23/26, 8:14 AM",,OUTGOING,https://www.linkedin.com/in/aditya-mehra-b8644b326,https://www.linkedin.com/in/nanditha-gowda-7ba67734a
Aditya Mehra,Nikitha Das,"3/23/26, 8:14 AM",,OUTGOING,https://www.linkedin.com/in/aditya-mehra-b8644b326,https://www.linkedin.com/in/nikitha-das-808937377
Aditya Mehra,Anusha Muraly,"3/23/26, 8:14 AM",,OUTGOING,https://www.linkedin.com/in/aditya-mehra-b8644b326,https://www.linkedin.com/in/anusha-muraly-3b9404281
Aditya Mehra,Nirlipta Patnaik,"3/23/26, 8:13 AM",,OUTGOING,https://www.linkedin.com/in/aditya-mehra-b8644b326,https://www.linkedin.com/in/nirlipta-patnaik-3a5648211
Aditya Mehra,Manisha G,"3/23/26, 8:13 AM",,OUTGOING,https://www.linkedin.com/in/aditya-mehra-b8644b326,https://www.linkedin.com/in/manisha-g-
Aditya Mehra,Aiswarya M S,"3/23/26, 8:13 AM",,OUTGOING,https://www.linkedin.com/in/aditya-mehra-b8644b326,https://www.linkedin.com/in/aiswarya-m-s-328715189
Aditya Mehra,Sneha Gupta,"3/23/26, 8:14 AM",,OUTGOING,https://www.linkedin.com/in/aditya-mehra-b8644b326,https://www.linkedin.com/in/sneha-gupta-603537373
Aditya Mehra,Rita Issabel,"3/23/26, 8:13 AM",,OUTGOING,https://www.linkedin.com/in/aditya-mehra-b8644b326,https://www.linkedin.com/in/rita-issabel-0529143a4
Aditya Mehra,Namrata Kanade,"3/23/26, 8:13 AM",,OUTGOING,https://www.linkedin.com/in/aditya-mehra-b8644b326,https://www.linkedin.com/in/namrata-kanade-a11935318
Aditya Mehra,Apoorva Shukla,"5/18/26, 11:10 AM",,OUTGOING,https://www.linkedin.com/in/aditya-mehra-b8644b326,https://www.linkedin.com/in/apoorva-shukla-4a152432b
Aditya Mehra,Soundarya Jois,"3/23/26, 8:13 AM",,OUTGOING,https://www.linkedin.com/in/aditya-mehra-b8644b326,https://www.linkedin.com/in/soundarya-jois-2b3b44278
Aditya Mehra,Kamana Rai,"3/23/26, 8:13 AM",,OUTGOING,https://www.linkedin.com/in/aditya-mehra-b8644b326,https://www.linkedin.com/in/kamana-rai-5956821b6
Aditya Mehra,Pujarini Behuria,"3/23/26, 8:13 AM",,OUTGOING,https://www.linkedin.com/in/aditya-mehra-b8644b326,https://www.linkedin.com/in/pujarini-behuria-b290a81a3
Aditya Mehra,Vaishnavi V,"3/23/26, 8:13 AM",,OUTGOING,https://www.linkedin.com/in/aditya-mehra-b8644b326,https://www.linkedin.com/in/vaishnaviconnect
Aditya Mehra,Aliva Priyadarsini Dhal,"3/23/26, 8:13 AM",,OUTGOING,https://www.linkedin.com/in/aditya-mehra-b8644b326,https://www.linkedin.com/in/aliva-priyadarsini-dhal-5b9165217
Aditya Mehra,Sushmitha N,"3/23/26, 8:13 AM",,OUTGOING,https://www.linkedin.com/in/aditya-mehra-b8644b326,https://www.linkedin.com/in/sushmitha-n-27417521b
Aditya Mehra,Pooja M,"3/23/26, 8:13 AM",,OUTGOING,https://www.linkedin.com/in/aditya-mehra-b8644b326,https://www.linkedin.com/in/pooja-m-6738bb35b
Aditya Mehra,Saara Mund,"3/23/26, 8:13 AM",,OUTGOING,https://www.linkedin.com/in/aditya-mehra-b8644b326,https://www.linkedin.com/in/saara-mund-500b25313
Aditya Mehra,Priyadarshini Behera,"3/23/26, 8:13 AM",,OUTGOING,https://www.linkedin.com/in/aditya-mehra-b8644b326,https://www.linkedin.com/in/priyadarshini-behera-65aba128b
Aditya Mehra,Uditaa Barman,"3/23/26, 8:13 AM",,OUTGOING,https://www.linkedin.com/in/aditya-mehra-b8644b326,https://www.linkedin.com/in/uditaa-barman-4a1819294
Aditya Mehra,Dasha Kamath,"3/23/26, 8:13 AM",,OUTGOING,https://www.linkedin.com/in/aditya-mehra-b8644b326,https://www.linkedin.com/in/dasha-kamath-111696325
Aditya Mehra,Manasa K,"3/23/26, 8:13 AM",,OUTGOING,https://www.linkedin.com/in/aditya-mehra-b8644b326,https://www.linkedin.com/in/manasa-k-062033217
Aditya Mehra,Riya Riju,"3/23/26, 8:12 AM",,OUTGOING,https://www.linkedin.com/in/aditya-mehra-b8644b326,https://www.linkedin.com/in/riya-riju
Aditya Mehra,Sonam Prajapat,"3/23/26, 8:12 AM",,OUTGOING,https://www.linkedin.com/in/aditya-mehra-b8644b326,https://www.linkedin.com/in/sonam-prajapat-0106
Aditya Mehra,Smruthi Chandrashekar,"3/23/26, 8:12 AM",,OUTGOING,https://www.linkedin.com/in/aditya-mehra-b8644b326,https://www.linkedin.com/in/smruthic
Aditya Mehra,Anisha Rautela,"3/23/26, 8:13 AM",,OUTGOING,https://www.linkedin.com/in/aditya-mehra-b8644b326,https://www.linkedin.com/in/anisha-rautela
Aditya Mehra,Sanchita Kumari,"3/23/26, 8:12 AM",,OUTGOING,https://www.linkedin.com/in/aditya-mehra-b8644b326,https://www.linkedin.com/in/sanchita-kumari-01494824b
Aditya Mehra,Riddhi Pande,"3/23/26, 8:12 AM",,OUTGOING,https://www.linkedin.com/in/aditya-mehra-b8644b326,https://www.linkedin.com/in/riddhi-pande-580a78317
Aditya Mehra,Arushi Gupta,"3/23/26, 8:12 AM",,OUTGOING,https://www.linkedin.com/in/aditya-mehra-b8644b326,https://www.linkedin.com/in/arushi-gupta-63b21b191
Aditya Mehra,ANANYA SIDDHARTH,"3/23/26, 8:12 AM",,OUTGOING,https://www.linkedin.com/in/aditya-mehra-b8644b326,https://www.linkedin.com/in/ananya-siddharth-76a181302
Aditya Mehra,SHREYA PRAVEEN,"3/23/26, 8:12 AM",,OUTGOING,https://www.linkedin.com/in/aditya-mehra-b8644b326,https://www.linkedin.com/in/shreya-praveen
Aditya Mehra,Raisa Mostafa,"3/23/26, 8:12 AM",,OUTGOING,https://www.linkedin.com/in/aditya-mehra-b8644b326,https://www.linkedin.com/in/raisa-mostafa
Aditya Mehra,Manasvi Utewal,"3/23/26, 8:11 AM",,OUTGOING,https://www.linkedin.com/in/aditya-mehra-b8644b326,https://www.linkedin.com/in/manasvi-utewal-ab5b94217
Aditya Mehra,Pratisha Thakur,"4/20/26, 12:04 PM",,OUTGOING,https://www.linkedin.com/in/aditya-mehra-b8644b326,https://www.linkedin.com/in/pratisha-thakur-b7910636b
Aditya Mehra,Sreya Koturu,"3/23/26, 8:12 AM",,OUTGOING,https://www.linkedin.com/in/aditya-mehra-b8644b326,https://www.linkedin.com/in/sreya-koturu-972b302a9
Aditya Mehra,Sania Thakrar,"3/23/26, 8:12 AM",,OUTGOING,https://www.linkedin.com/in/aditya-mehra-b8644b326,https://www.linkedin.com/in/sania-thakrar-184871216
Aditya Mehra,Dhira Rinny Singh,"3/23/26, 8:12 AM",,OUTGOING,https://www.linkedin.com/in/aditya-mehra-b8644b326,https://www.linkedin.com/in/dhira-rinny-singh
Aditya Mehra,Dipti Sharma,"5/12/26, 3:27 AM",,OUTGOING,https://www.linkedin.com/in/aditya-mehra-b8644b326,https://www.linkedin.com/in/dipti-sharma-4b6733323
Aditya Mehra,Lija Behera,"3/23/26, 8:11 AM",,OUTGOING,https://www.linkedin.com/in/aditya-mehra-b8644b326,https://www.linkedin.com/in/lija-behera-227312228
Aditya Mehra,Anisha Dey,"3/23/26, 8:11 AM",,OUTGOING,https://www.linkedin.com/in/aditya-mehra-b8644b326,https://www.linkedin.com/in/anisha-dey-02ab25220
Aditya Mehra,varsha vijayakumar,"5/18/26, 11:12 AM",,OUTGOING,https://www.linkedin.com/in/aditya-mehra-b8644b326,https://www.linkedin.com/in/varsha-vijayakumar-
Aditya Mehra,Radhe Kawatia,"3/23/26, 8:11 AM",,OUTGOING,https://www.linkedin.com/in/aditya-mehra-b8644b326,https://www.linkedin.com/in/radhe-kawatia-543b11295
Aditya Mehra,Rachana Singh,"3/23/26, 8:11 AM",,OUTGOING,https://www.linkedin.com/in/aditya-mehra-b8644b326,https://www.linkedin.com/in/rachana-singh-a5525625b
Aditya Mehra,Satabdhi Priyadarsani,"3/23/26, 8:11 AM",,OUTGOING,https://www.linkedin.com/in/aditya-mehra-b8644b326,https://www.linkedin.com/in/satabdhi-priyadarsani-98093226b
Aditya Mehra,Dhara Dakliya,"3/23/26, 8:11 AM",,OUTGOING,https://www.linkedin.com/in/aditya-mehra-b8644b326,https://www.linkedin.com/in/dhara-dakliya-160944370
Aditya Mehra,Ayisha Khan,"3/23/26, 8:11 AM",,OUTGOING,https://www.linkedin.com/in/aditya-mehra-b8644b326,https://www.linkedin.com/in/ayisha-khan-7ba147217
Aditya Mehra,Sanskriti Rai,"3/23/26, 8:11 AM",,OUTGOING,https://www.linkedin.com/in/aditya-mehra-b8644b326,https://www.linkedin.com/in/sanskriti-rai-b7b677356
Aditya Mehra,Yerim Lee,"3/23/26, 8:11 AM",,OUTGOING,https://www.linkedin.com/in/aditya-mehra-b8644b326,https://www.linkedin.com/in/yerim-lee-04a1ab216
Aditya Mehra,Vaishnavi Savaram,"3/23/26, 8:11 AM",,OUTGOING,https://www.linkedin.com/in/aditya-mehra-b8644b326,https://www.linkedin.com/in/vaishnavi-savaram-4491b6285
Aditya Mehra,Smrithi S Paladi,"3/23/26, 8:10 AM",,OUTGOING,https://www.linkedin.com/in/aditya-mehra-b8644b326,https://www.linkedin.com/in/smrithi-s-paladi
Aditya Mehra,yogashree C,"3/17/26, 2:30 AM",,OUTGOING,https://www.linkedin.com/in/aditya-mehra-b8644b326,https://www.linkedin.com/in/yogashree-c-34184727a
Aditya Mehra,Krupashree Biswal,"3/9/26, 2:38 AM",,OUTGOING,https://www.linkedin.com/in/aditya-mehra-b8644b326,https://www.linkedin.com/in/krupashree-biswal
Aditya Mehra,Anna Anatrella,"3/9/26, 2:37 AM",,OUTGOING,https://www.linkedin.com/in/aditya-mehra-b8644b326,https://www.linkedin.com/in/anna-anatrella-59a06629
Aditya Mehra,Anushka Gurjar,"3/9/26, 2:37 AM",,OUTGOING,https://www.linkedin.com/in/aditya-mehra-b8644b326,https://www.linkedin.com/in/anushkagurjar00
Aditya Mehra,Chaitra SS,"3/9/26, 2:37 AM",,OUTGOING,https://www.linkedin.com/in/aditya-mehra-b8644b326,https://www.linkedin.com/in/chaitra-ss-a7838a284
Aditya Mehra,Alibha Mishra,"3/9/26, 2:37 AM",,OUTGOING,https://www.linkedin.com/in/aditya-mehra-b8644b326,https://www.linkedin.com/in/alibha-mishra-226869272
Aditya Mehra,Yaamini Duggar,"3/9/26, 2:37 AM",,OUTGOING,https://www.linkedin.com/in/aditya-mehra-b8644b326,https://www.linkedin.com/in/yaamini-duggar-769945203
Aditya Mehra,Arenla Yabang,"3/9/26, 2:37 AM",,OUTGOING,https://www.linkedin.com/in/aditya-mehra-b8644b326,https://www.linkedin.com/in/arenla-yabang-nagaland-india
Aditya Mehra,S onali,"3/9/26, 2:37 AM",,OUTGOING,https://www.linkedin.com/in/aditya-mehra-b8644b326,https://www.linkedin.com/in/s-onali-619263252
Aditya Mehra,Kritika .,"3/9/26, 2:37 AM",,OUTGOING,https://www.linkedin.com/in/aditya-mehra-b8644b326,https://www.linkedin.com/in/kritika-bha27
Aditya Mehra,Jansi Busam,"3/9/26, 2:37 AM",,OUTGOING,https://www.linkedin.com/in/aditya-mehra-b8644b326,https://www.linkedin.com/in/jansi-busam-39b5301a5
Aditya Mehra,Shreya Raj,"3/9/26, 2:37 AM",,OUTGOING,https://www.linkedin.com/in/aditya-mehra-b8644b326,https://www.linkedin.com/in/shreyaraaj
Aditya Mehra,Shristi Sumedha,"3/9/26, 2:37 AM",,OUTGOING,https://www.linkedin.com/in/aditya-mehra-b8644b326,https://www.linkedin.com/in/shristi-sumedha-ab0908240
Aditya Mehra,Priya Moolchandani,"3/9/26, 2:37 AM",,OUTGOING,https://www.linkedin.com/in/aditya-mehra-b8644b326,https://www.linkedin.com/in/priya-moolchandani-6881812b4
Aditya Mehra,Arya Singh,"3/9/26, 2:37 AM",,OUTGOING,https://www.linkedin.com/in/aditya-mehra-b8644b326,https://www.linkedin.com/in/aryasingh13
Aditya Mehra,Ankita Rani Mishra,"3/9/26, 2:37 AM",,OUTGOING,https://www.linkedin.com/in/aditya-mehra-b8644b326,https://www.linkedin.com/in/ankita-rani-mishra-137034184
Aditya Mehra,Diksha Kotian,"3/9/26, 2:37 AM",,OUTGOING,https://www.linkedin.com/in/aditya-mehra-b8644b326,https://www.linkedin.com/in/diksha-kotian-b96443219
Aditya Mehra,Myrah Vamse,"3/9/26, 2:37 AM",,OUTGOING,https://www.linkedin.com/in/aditya-mehra-b8644b326,https://www.linkedin.com/in/myrahvamse7
Aditya Mehra,Padmapriya Jaganath,"3/9/26, 2:37 AM",,OUTGOING,https://www.linkedin.com/in/aditya-mehra-b8644b326,https://www.linkedin.com/in/padmapriya-jaganath-367464274
Aditya Mehra,Saloni Acharya,"3/9/26, 2:37 AM",,OUTGOING,https://www.linkedin.com/in/aditya-mehra-b8644b326,https://www.linkedin.com/in/saloni-acharya-181359310
Aditya Mehra,Akanshya Panda,"3/9/26, 2:37 AM",,OUTGOING,https://www.linkedin.com/in/aditya-mehra-b8644b326,https://www.linkedin.com/in/akanshya-panda
Aditya Mehra,Asha Kumari,"3/9/26, 2:37 AM",,OUTGOING,https://www.linkedin.com/in/aditya-mehra-b8644b326,https://www.linkedin.com/in/asha-kumari-945925216
Aditya Mehra,Sonam Pundir,"3/9/26, 2:37 AM",,OUTGOING,https://www.linkedin.com/in/aditya-mehra-b8644b326,https://www.linkedin.com/in/sonam-pundir-076bb9329
Aditya Mehra,Chaita Mukherjee,"3/9/26, 2:37 AM",,OUTGOING,https://www.linkedin.com/in/aditya-mehra-b8644b326,https://www.linkedin.com/in/chaita-mukherjee-b04aaa1b3
Aditya Mehra,PRIYANKA KUMARI,"3/9/26, 2:37 AM",,OUTGOING,https://www.linkedin.com/in/aditya-mehra-b8644b326,https://www.linkedin.com/in/priyanka-kumari-05b469282
Aditya Mehra,Chinnei neng,"3/9/26, 2:37 AM",,OUTGOING,https://www.linkedin.com/in/aditya-mehra-b8644b326,https://www.linkedin.com/in/yunheekim005
Aditya Mehra,Apurba Sahu,"3/9/26, 2:37 AM",,OUTGOING,https://www.linkedin.com/in/aditya-mehra-b8644b326,https://www.linkedin.com/in/apurba-sahu-96b833201
Aditya Mehra,Deepa Yadav,"3/9/26, 2:37 AM",,OUTGOING,https://www.linkedin.com/in/aditya-mehra-b8644b326,https://www.linkedin.com/in/deepsy
Aditya Mehra,Aarti Mane,"3/9/26, 2:37 AM",,OUTGOING,https://www.linkedin.com/in/aditya-mehra-b8644b326,https://www.linkedin.com/in/aarti-mane-781156271
Aditya Mehra,Adv.Swati Subhadarshini,"3/9/26, 2:37 AM",,OUTGOING,https://www.linkedin.com/in/aditya-mehra-b8644b326,https://www.linkedin.com/in/adv-swati-subhadarshini-555678273
Aditya Mehra,Debotri Roy,"3/9/26, 1:12 AM",,OUTGOING,https://www.linkedin.com/in/aditya-mehra-b8644b326,https://www.linkedin.com/in/debotri-roy-a00168162
Aditya Mehra,Shruti Nautiyal,"3/9/26, 1:11 AM",,OUTGOING,https://www.linkedin.com/in/aditya-mehra-b8644b326,https://www.linkedin.com/in/shruti-nautiyal-171621260
Aditya Mehra,Sulagna Pandey,"3/9/26, 1:11 AM",,OUTGOING,https://www.linkedin.com/in/aditya-mehra-b8644b326,https://www.linkedin.com/in/sulagna-pandey-b2b606195
Aditya Mehra,Flourish Kamei,"3/9/26, 1:11 AM",,OUTGOING,https://www.linkedin.com/in/aditya-mehra-b8644b326,https://www.linkedin.com/in/flourish-kamei-6454881b1
Aditya Mehra,Nalini B,"3/9/26, 1:11 AM",,OUTGOING,https://www.linkedin.com/in/aditya-mehra-b8644b326,https://www.linkedin.com/in/netkenalini
Aditya Mehra,Smrutirekha Sahoo,"3/9/26, 1:11 AM",,OUTGOING,https://www.linkedin.com/in/aditya-mehra-b8644b326,https://www.linkedin.com/in/smrutirekhasahoo71
Aditya Mehra,Glevita Santhmayor,"3/9/26, 1:11 AM",,OUTGOING,https://www.linkedin.com/in/aditya-mehra-b8644b326,https://www.linkedin.com/in/glevita-santhmayor-87ab921a0
Aditya Mehra,Komal Kashyap,"3/9/26, 1:11 AM",,OUTGOING,https://www.linkedin.com/in/aditya-mehra-b8644b326,https://www.linkedin.com/in/komal-kashyap-a492262b3
Aditya Mehra,Parbati Sahoo,"3/9/26, 1:11 AM",,OUTGOING,https://www.linkedin.com/in/aditya-mehra-b8644b326,https://www.linkedin.com/in/parbati-sahoo-836b201b3
Aditya Mehra,Ananya Saha,"3/9/26, 1:11 AM",,OUTGOING,https://www.linkedin.com/in/aditya-mehra-b8644b326,https://www.linkedin.com/in/ananya-saha-962b61227
Aditya Mehra,Shreya Bhatt,"3/9/26, 1:11 AM",,OUTGOING,https://www.linkedin.com/in/aditya-mehra-b8644b326,https://www.linkedin.com/in/shreya-bhatt-b9b6442a1
Aditya Mehra,Samiksha Dhuri,"3/9/26, 1:11 AM",,OUTGOING,https://www.linkedin.com/in/aditya-mehra-b8644b326,https://www.linkedin.com/in/samiksha-dhuri-850b8b209
Aditya Mehra,Pratiksha N,"3/9/26, 1:11 AM",,OUTGOING,https://www.linkedin.com/in/aditya-mehra-b8644b326,https://www.linkedin.com/in/bpratiksha
Aditya Mehra,Srijan Singh,"3/9/26, 1:11 AM",,OUTGOING,https://www.linkedin.com/in/aditya-mehra-b8644b326,https://www.linkedin.com/in/srijan-singh-52a418279
Aditya Mehra,Shreeja Utkalika Jena,"3/9/26, 1:11 AM",,OUTGOING,https://www.linkedin.com/in/aditya-mehra-b8644b326,https://www.linkedin.com/in/shreeja-utkalika-jena-885427206
Aditya Mehra,Rutuparna Routray,"3/9/26, 1:11 AM",,OUTGOING,https://www.linkedin.com/in/aditya-mehra-b8644b326,https://www.linkedin.com/in/rutuparna-routray-971ab82a8
Aditya Mehra,Barsha Dani,"3/9/26, 1:11 AM",,OUTGOING,https://www.linkedin.com/in/aditya-mehra-b8644b326,https://www.linkedin.com/in/barsha-dani-a72234218
Aditya Mehra,Sweta Sudesna Sahu,"3/9/26, 1:11 AM",,OUTGOING,https://www.linkedin.com/in/aditya-mehra-b8644b326,https://www.linkedin.com/in/sweta-sudesna-sahu-628200193
Aditya Mehra,Rojalin Das,"3/9/26, 1:11 AM",,OUTGOING,https://www.linkedin.com/in/aditya-mehra-b8644b326,https://www.linkedin.com/in/rojalindas2018
Aditya Mehra,Dr. Salina Patel,"3/9/26, 1:11 AM",,OUTGOING,https://www.linkedin.com/in/aditya-mehra-b8644b326,https://www.linkedin.com/in/dr-salina-patel-934a22281
Aditya Mehra,Srishti Sharma,"3/9/26, 1:11 AM",,OUTGOING,https://www.linkedin.com/in/aditya-mehra-b8644b326,https://www.linkedin.com/in/srishtisharma28
Aditya Mehra,Pragyansini Jena,"3/9/26, 1:11 AM",,OUTGOING,https://www.linkedin.com/in/aditya-mehra-b8644b326,https://www.linkedin.com/in/pragyansini-jena
Aditya Mehra,Sonam Tomar,"3/9/26, 1:11 AM",,OUTGOING,https://www.linkedin.com/in/aditya-mehra-b8644b326,https://www.linkedin.com/in/sonam-ds
Aditya Mehra,Aiswarya Rabindra,"3/9/26, 1:11 AM",,OUTGOING,https://www.linkedin.com/in/aditya-mehra-b8644b326,https://www.linkedin.com/in/aiswarya-rabindra-195158230
Aditya Mehra,Varsha Poojary,"3/9/26, 1:11 AM",,OUTGOING,https://www.linkedin.com/in/aditya-mehra-b8644b326,https://www.linkedin.com/in/varsha-poojary-564b6318b
Aditya Mehra,Alakananda Mohanty,"3/9/26, 1:10 AM",,OUTGOING,https://www.linkedin.com/in/aditya-mehra-b8644b326,https://www.linkedin.com/in/alakananda-mohanty-24a9031b9
Aditya Mehra,Nivedya S,"3/9/26, 1:10 AM",,OUTGOING,https://www.linkedin.com/in/aditya-mehra-b8644b326,https://www.linkedin.com/in/nivedya-s-24164a291
Aditya Mehra,Simran Pandey,"3/9/26, 1:11 AM",,OUTGOING,https://www.linkedin.com/in/aditya-mehra-b8644b326,https://www.linkedin.com/in/simran-pandey-5264a126a
Aditya Mehra,Purvi (푸르비)(プルウイ) Vaitha (바이타)(ワアイタ),"3/9/26, 1:11 AM",,OUTGOING,https://www.linkedin.com/in/aditya-mehra-b8644b326,https://www.linkedin.com/in/purvi-푸르비-プルウイ-vaitha-바이타-ワアイタ-630834167
Aditya Mehra,Sharel Mathias,"3/9/26, 1:10 AM",,OUTGOING,https://www.linkedin.com/in/aditya-mehra-b8644b326,https://www.linkedin.com/in/sharel-mathias-a09255311
Aditya Mehra,Tanya  Bhardwaj ,"3/9/26, 1:11 AM",,OUTGOING,https://www.linkedin.com/in/aditya-mehra-b8644b326,https://www.linkedin.com/in/tanya-bhardwaj2303
Aditya Mehra,Chandini R,"3/9/26, 1:10 AM",,OUTGOING,https://www.linkedin.com/in/aditya-mehra-b8644b326,https://www.linkedin.com/in/chandini-r-7b7354226
Aditya Mehra,Harshi Trivedi,"3/9/26, 1:11 AM",,OUTGOING,https://www.linkedin.com/in/aditya-mehra-b8644b326,https://www.linkedin.com/in/harshi-trivedi-b9a589255
Aditya Mehra,Sneha Sakpal,"3/9/26, 1:10 AM",,OUTGOING,https://www.linkedin.com/in/aditya-mehra-b8644b326,https://www.linkedin.com/in/sneha-sakpal-96972320a
Aditya Mehra,Riya Chaudhary,"3/9/26, 1:11 AM",,OUTGOING,https://www.linkedin.com/in/aditya-mehra-b8644b326,https://www.linkedin.com/in/riya-chaudhary-2641842a4
Aditya Mehra,Kanchan  Joshi,"3/9/26, 1:10 AM",,OUTGOING,https://www.linkedin.com/in/aditya-mehra-b8644b326,https://www.linkedin.com/in/kanchan-joshi-28460a249
Aditya Mehra,Yogita Nathani,"3/9/26, 1:11 AM",,OUTGOING,https://www.linkedin.com/in/aditya-mehra-b8644b326,https://www.linkedin.com/in/yogita-nathani-2aa048200
Aditya Mehra,Navya Narayan,"3/9/26, 1:10 AM",,OUTGOING,https://www.linkedin.com/in/aditya-mehra-b8644b326,https://www.linkedin.com/in/navya-narayan-205301286
Aditya Mehra,kiran Kathayt,"3/9/26, 1:10 AM",,OUTGOING,https://www.linkedin.com/in/aditya-mehra-b8644b326,https://www.linkedin.com/in/kiran-kathayt-925401270
Aditya Mehra,supriya mengade,"3/9/26, 1:10 AM",,OUTGOING,https://www.linkedin.com/in/aditya-mehra-b8644b326,https://www.linkedin.com/in/supriya-mengade-1a2103b2
Aditya Mehra,Siyashree Singhania,"3/9/26, 1:10 AM",,OUTGOING,https://www.linkedin.com/in/aditya-mehra-b8644b326,https://www.linkedin.com/in/siyashreesinghania
Aditya Mehra,Mishfa Kazi,"3/9/26, 1:10 AM",,OUTGOING,https://www.linkedin.com/in/aditya-mehra-b8644b326,https://www.linkedin.com/in/mishfa-kazi-217b99231
Aditya Mehra,Shalini Singh,"3/9/26, 1:11 AM",,OUTGOING,https://www.linkedin.com/in/aditya-mehra-b8644b326,https://www.linkedin.com/in/shalini-singh-467a56a3
Aditya Mehra,Sneha Jain,"3/9/26, 1:10 AM",,OUTGOING,https://www.linkedin.com/in/aditya-mehra-b8644b326,https://www.linkedin.com/in/sneha-jain-003635249
Aditya Mehra,Bhumika Chaturvedi,"3/9/26, 1:10 AM",,OUTGOING,https://www.linkedin.com/in/aditya-mehra-b8644b326,https://www.linkedin.com/in/bhumika-chaturvedi-b63279272
Aditya Mehra,Seeta Mishra,"3/9/26, 1:10 AM",,OUTGOING,https://www.linkedin.com/in/aditya-mehra-b8644b326,https://www.linkedin.com/in/seeta-mishra-4639661b6
Aditya Mehra,Shrutisudha Jena,"3/9/26, 1:10 AM",,OUTGOING,https://www.linkedin.com/in/aditya-mehra-b8644b326,https://www.linkedin.com/in/shrutisudha-jena-01384924a
Aditya Mehra,Apoorva Asthana,"3/9/26, 1:10 AM",,OUTGOING,https://www.linkedin.com/in/aditya-mehra-b8644b326,https://www.linkedin.com/in/apoorva-asthana-bb8b5b228
Aditya Mehra,Kshama Misra,"3/9/26, 1:10 AM",,OUTGOING,https://www.linkedin.com/in/aditya-mehra-b8644b326,https://www.linkedin.com/in/kshama-misra-191726291
Aditya Mehra,Sakshi Ranjane,"3/9/26, 1:10 AM",,OUTGOING,https://www.linkedin.com/in/aditya-mehra-b8644b326,https://www.linkedin.com/in/sakshi-ranjane-5b934a1a1
Aditya Mehra,Aswasini Mohanty,"3/9/26, 1:10 AM",,OUTGOING,https://www.linkedin.com/in/aditya-mehra-b8644b326,https://www.linkedin.com/in/aswasini-mohanty-347b4320b
Aditya Mehra,Komal Singh,"3/9/26, 1:10 AM",,OUTGOING,https://www.linkedin.com/in/aditya-mehra-b8644b326,https://www.linkedin.com/in/komal-singh-6216aa208
Aditya Mehra,Disha Dipsikha,"3/9/26, 1:10 AM",,OUTGOING,https://www.linkedin.com/in/aditya-mehra-b8644b326,https://www.linkedin.com/in/disha-dipsikha-828819210
Aditya Mehra,Ankita Sah,"3/9/26, 1:10 AM",,OUTGOING,https://www.linkedin.com/in/aditya-mehra-b8644b326,https://www.linkedin.com/in/ankita-sah-2a0502270
Aditya Mehra,VARSHA DUTT,"3/9/26, 1:10 AM",,OUTGOING,https://www.linkedin.com/in/aditya-mehra-b8644b326,https://www.linkedin.com/in/varsha-dutt-0118a8287
Aditya Mehra,Amishi Agarwal,"3/9/26, 1:10 AM",,OUTGOING,https://www.linkedin.com/in/aditya-mehra-b8644b326,https://www.linkedin.com/in/amishi-agarwal111
Aditya Mehra,Taskeen Meher,"3/9/26, 1:10 AM",,OUTGOING,https://www.linkedin.com/in/aditya-mehra-b8644b326,https://www.linkedin.com/in/taskeen-meher-3aa365194
Aditya Mehra,Subhasmita Tripathy,"3/9/26, 1:10 AM",,OUTGOING,https://www.linkedin.com/in/aditya-mehra-b8644b326,https://www.linkedin.com/in/subhasmita-tripathy-086616309
Aditya Mehra,Andrea Trifkovic,"3/9/26, 1:10 AM",,OUTGOING,https://www.linkedin.com/in/aditya-mehra-b8644b326,https://www.linkedin.com/in/andrea-trifkovic-1532bb20a
Aditya Mehra,Kajal Jadhav,"3/9/26, 1:10 AM",,OUTGOING,https://www.linkedin.com/in/aditya-mehra-b8644b326,https://www.linkedin.com/in/kajal-jadhav-4bb9551b7
Aditya Mehra,Gayatri Shetty,"3/9/26, 1:10 AM",,OUTGOING,https://www.linkedin.com/in/aditya-mehra-b8644b326,https://www.linkedin.com/in/gayatri-shetty-a1fence
Aditya Mehra,Jaya Chauhan,"3/9/26, 1:10 AM",,OUTGOING,https://www.linkedin.com/in/aditya-mehra-b8644b326,https://www.linkedin.com/in/jaya-chauhan-b850b0257
Aditya Mehra,Swati Singh,"3/9/26, 1:10 AM",,OUTGOING,https://www.linkedin.com/in/aditya-mehra-b8644b326,https://www.linkedin.com/in/swati-singh19
Aditya Mehra,Smarika Das,"3/9/26, 1:10 AM",,OUTGOING,https://www.linkedin.com/in/aditya-mehra-b8644b326,https://www.linkedin.com/in/smarikadas
Aditya Mehra,Tanushree Bhanot,"3/9/26, 1:10 AM",,OUTGOING,https://www.linkedin.com/in/aditya-mehra-b8644b326,https://www.linkedin.com/in/tanushree-bhanot-aa7718119
Aditya Mehra,Debansi Mohanty,"3/9/26, 1:10 AM",,OUTGOING,https://www.linkedin.com/in/aditya-mehra-b8644b326,https://www.linkedin.com/in/debansi-mohanty-572088272
Aditya Mehra,Tanvi Suri,"3/9/26, 1:10 AM",,OUTGOING,https://www.linkedin.com/in/aditya-mehra-b8644b326,https://www.linkedin.com/in/tanvi-suri-4086b9182
Aditya Mehra,Zainab Khan,"3/9/26, 1:10 AM",,OUTGOING,https://www.linkedin.com/in/aditya-mehra-b8644b326,https://www.linkedin.com/in/zainab-khan-65768622a
Aditya Mehra,Debasmita  Paul,"3/9/26, 1:09 AM",,OUTGOING,https://www.linkedin.com/in/aditya-mehra-b8644b326,https://www.linkedin.com/in/debasmita-paul-6658b9191
Aditya Mehra,Manya Lakhmani,"3/9/26, 1:09 AM",,OUTGOING,https://www.linkedin.com/in/aditya-mehra-b8644b326,https://www.linkedin.com/in/manya-lakhmani
Aditya Mehra,Ghader Kata,"3/9/26, 1:09 AM",,OUTGOING,https://www.linkedin.com/in/aditya-mehra-b8644b326,https://www.linkedin.com/in/ghader-kata-226579287
Aditya Mehra,Vanshika Thapar,"3/9/26, 1:10 AM",,OUTGOING,https://www.linkedin.com/in/aditya-mehra-b8644b326,https://www.linkedin.com/in/vanshika-t-581266128
Aditya Mehra,Shefali Gupta,"3/9/26, 1:10 AM",,OUTGOING,https://www.linkedin.com/in/aditya-mehra-b8644b326,https://www.linkedin.com/in/shefali-g-941855175
Aditya Mehra,Shrishti Saple,"3/9/26, 1:10 AM",,OUTGOING,https://www.linkedin.com/in/aditya-mehra-b8644b326,https://www.linkedin.com/in/shrishti-saple-97b859193
Aditya Mehra,Jaya Diwan,"3/9/26, 1:09 AM",,OUTGOING,https://www.linkedin.com/in/aditya-mehra-b8644b326,https://www.linkedin.com/in/jaya-diwan
Aditya Mehra,Hrishita Rath,"3/9/26, 1:10 AM",,OUTGOING,https://www.linkedin.com/in/aditya-mehra-b8644b326,https://www.linkedin.com/in/hrishita-rath-587478205
Aditya Mehra,Tanisha Agrawal,"3/9/26, 1:10 AM",,OUTGOING,https://www.linkedin.com/in/aditya-mehra-b8644b326,https://www.linkedin.com/in/tanisha-agrawal-053ba1216
Aditya Mehra,Sindhu N S,"3/9/26, 1:09 AM",,OUTGOING,https://www.linkedin.com/in/aditya-mehra-b8644b326,https://www.linkedin.com/in/sindhu-n-s-58a85a279
Aditya Mehra,Prachi Sinha,"3/9/26, 1:10 AM",,OUTGOING,https://www.linkedin.com/in/aditya-mehra-b8644b326,https://www.linkedin.com/in/prachi-sinha-471b97220
Aditya Mehra,Nibedita Sethi,"3/9/26, 1:09 AM",,OUTGOING,https://www.linkedin.com/in/aditya-mehra-b8644b326,https://www.linkedin.com/in/nibedita-sethi-375296230
Aditya Mehra,Rishita Jadhav,"3/9/26, 1:10 AM",,OUTGOING,https://www.linkedin.com/in/aditya-mehra-b8644b326,https://www.linkedin.com/in/rishita-jadhav-a1a475191
Aditya Mehra,Karishma Jadav,"3/9/26, 1:10 AM",,OUTGOING,https://www.linkedin.com/in/aditya-mehra-b8644b326,https://www.linkedin.com/in/karishmajadav
Aditya Mehra,Neha Yadav,"3/9/26, 1:09 AM",,OUTGOING,https://www.linkedin.com/in/aditya-mehra-b8644b326,https://www.linkedin.com/in/neha-yadav-5b9043272
Aditya Mehra,Sanskruti Harshe,"3/9/26, 1:09 AM",,OUTGOING,https://www.linkedin.com/in/aditya-mehra-b8644b326,https://www.linkedin.com/in/sanskruti-harshe-34b553345
Aditya Mehra,Prajakta Wat,"3/9/26, 1:10 AM",,OUTGOING,https://www.linkedin.com/in/aditya-mehra-b8644b326,https://www.linkedin.com/in/prajaktawat
Aditya Mehra,Ritika Choudhary,"3/9/26, 1:10 AM",,OUTGOING,https://www.linkedin.com/in/aditya-mehra-b8644b326,https://www.linkedin.com/in/ritika-choudhary-576169240
Aditya Mehra,Devyani Mestry,"3/9/26, 1:10 AM",,OUTGOING,https://www.linkedin.com/in/aditya-mehra-b8644b326,https://www.linkedin.com/in/devyani-mestry-3a02b8238
Aditya Mehra,Shreya Rajeswari Patnaik,"3/9/26, 1:10 AM",,OUTGOING,https://www.linkedin.com/in/aditya-mehra-b8644b326,https://www.linkedin.com/in/shreya-rajeswari-patnaik-081829291
Aditya Mehra,Sai Charani D,"3/9/26, 1:10 AM",,OUTGOING,https://www.linkedin.com/in/aditya-mehra-b8644b326,https://www.linkedin.com/in/saicharanidomakonda
Aditya Mehra,Mehak Mittal,"3/9/26, 1:09 AM",,OUTGOING,https://www.linkedin.com/in/aditya-mehra-b8644b326,https://www.linkedin.com/in/mehak-mittal-495597230
Aditya Mehra,Manasa D,"3/9/26, 1:10 AM",,OUTGOING,https://www.linkedin.com/in/aditya-mehra-b8644b326,https://www.linkedin.com/in/manasadoddaraju
Aditya Mehra,Mounishree Gudivada,"3/9/26, 1:09 AM",,OUTGOING,https://www.linkedin.com/in/aditya-mehra-b8644b326,https://www.linkedin.com/in/mounishreeg
Aditya Mehra,Namana V,"3/9/26, 1:10 AM",,OUTGOING,https://www.linkedin.com/in/aditya-mehra-b8644b326,https://www.linkedin.com/in/namana-v-429713227
Aditya Mehra,ZEENAT SHAIKH,"3/9/26, 1:10 AM",,OUTGOING,https://www.linkedin.com/in/aditya-mehra-b8644b326,https://www.linkedin.com/in/zeenat-shaikh-813993184
Aditya Mehra,Nairanjana Bhattacharyya,"3/9/26, 1:09 AM",,OUTGOING,https://www.linkedin.com/in/aditya-mehra-b8644b326,https://www.linkedin.com/in/nairanjana-bhattacharyya
Aditya Mehra,Anu Priya M,"3/9/26, 1:09 AM",,OUTGOING,https://www.linkedin.com/in/aditya-mehra-b8644b326,https://www.linkedin.com/in/anu-priya-m
Aditya Mehra,Kalyani Singh ,"3/9/26, 1:10 AM",,OUTGOING,https://www.linkedin.com/in/aditya-mehra-b8644b326,https://www.linkedin.com/in/kalyani-singh-3b0ba422b
Aditya Mehra,Soundarya pralhad Gudi,"3/9/26, 1:09 AM",,OUTGOING,https://www.linkedin.com/in/aditya-mehra-b8644b326,https://www.linkedin.com/in/soundarya-pralhad-gudi-01480b286
Aditya Mehra,Gungun Raghav,"3/9/26, 1:09 AM",,OUTGOING,https://www.linkedin.com/in/aditya-mehra-b8644b326,https://www.linkedin.com/in/gungun-raghav-b992b8268
Aditya Mehra,Anisha Panda,"3/9/26, 1:09 AM",,OUTGOING,https://www.linkedin.com/in/aditya-mehra-b8644b326,https://www.linkedin.com/in/anisha-panda-1118541a6
Aditya Mehra,Dipsikha Adhikary,"3/9/26, 1:09 AM",,OUTGOING,https://www.linkedin.com/in/aditya-mehra-b8644b326,https://www.linkedin.com/in/dipsikha-adhikary-5055a3299
Aditya Mehra,Talat Shaheen,"3/9/26, 1:09 AM",,OUTGOING,https://www.linkedin.com/in/aditya-mehra-b8644b326,https://www.linkedin.com/in/talat-shaheen
Aditya Mehra,Ushma Meghani,"3/9/26, 1:09 AM",,OUTGOING,https://www.linkedin.com/in/aditya-mehra-b8644b326,https://www.linkedin.com/in/ushma-meghani-7381a124b
Aditya Mehra,ANAMIKA JHA,"3/9/26, 1:09 AM",,OUTGOING,https://www.linkedin.com/in/aditya-mehra-b8644b326,https://www.linkedin.com/in/anamika-jha-7421591a7
Aditya Mehra,Shalini Chaubey,"3/9/26, 1:09 AM",,OUTGOING,https://www.linkedin.com/in/aditya-mehra-b8644b326,https://www.linkedin.com/in/shalinichaubey
Aditya Mehra,Simran Yashita,"3/9/26, 1:09 AM",,OUTGOING,https://www.linkedin.com/in/aditya-mehra-b8644b326,https://www.linkedin.com/in/simran-yashita-148672244
Aditya Mehra,Rishma C B,"3/9/26, 1:09 AM",,OUTGOING,https://www.linkedin.com/in/aditya-mehra-b8644b326,https://www.linkedin.com/in/rishma-c-b-17474b259
Aditya Mehra,Khushi Thakkar,"3/9/26, 1:09 AM",,OUTGOING,https://www.linkedin.com/in/aditya-mehra-b8644b326,https://www.linkedin.com/in/khushi-thakkar-833b951b7
Aditya Mehra,Rati Mandhyan,"3/9/26, 1:09 AM",,OUTGOING,https://www.linkedin.com/in/aditya-mehra-b8644b326,https://www.linkedin.com/in/rati-mandhyan-53b837184
Aditya Mehra,Kajal Rath,"3/9/26, 1:09 AM",,OUTGOING,https://www.linkedin.com/in/aditya-mehra-b8644b326,https://www.linkedin.com/in/kajal-rath-15104532b
Aditya Mehra,Lahari Reddy K,"3/9/26, 1:09 AM",,OUTGOING,https://www.linkedin.com/in/aditya-mehra-b8644b326,https://www.linkedin.com/in/lahari-reddy-k-98092a322
Aditya Mehra,Drishti Singhai,"3/9/26, 1:09 AM",,OUTGOING,https://www.linkedin.com/in/aditya-mehra-b8644b326,https://www.linkedin.com/in/drishti-singhai-2521a81a0
Aditya Mehra,Rachna Kapoor,"3/9/26, 1:09 AM",,OUTGOING,https://www.linkedin.com/in/aditya-mehra-b8644b326,https://www.linkedin.com/in/rachna-kapoor-9445b959
Aditya Mehra,Nidhi Rao,"3/9/26, 1:09 AM",,OUTGOING,https://www.linkedin.com/in/aditya-mehra-b8644b326,https://www.linkedin.com/in/nidhi-rao-576445234
Aditya Mehra,Aanchal Baligar,"3/9/26, 1:09 AM",,OUTGOING,https://www.linkedin.com/in/aditya-mehra-b8644b326,https://www.linkedin.com/in/aanchal-baligar-545749310
Aditya Mehra,Swarali Deshpande,"3/9/26, 1:09 AM",,OUTGOING,https://www.linkedin.com/in/aditya-mehra-b8644b326,https://www.linkedin.com/in/swarali-deshpande-4299b9215
Aditya Mehra,Mrunmai Kadam,"3/9/26, 1:09 AM",,OUTGOING,https://www.linkedin.com/in/aditya-mehra-b8644b326,https://www.linkedin.com/in/mrunmai-kadam-274b95162
Aditya Mehra,Aishwarya Mejari,"3/9/26, 1:09 AM",,OUTGOING,https://www.linkedin.com/in/aditya-mehra-b8644b326,https://www.linkedin.com/in/aishwarya-mejari-072322a3
Aditya Mehra,Kaksha Gangurde,"3/9/26, 1:09 AM",,OUTGOING,https://www.linkedin.com/in/aditya-mehra-b8644b326,https://www.linkedin.com/in/kaksha-gangurde-659987278
Aditya Mehra,"Harshada  Shinde, PMP®, MBA","3/9/26, 1:09 AM",,OUTGOING,https://www.linkedin.com/in/aditya-mehra-b8644b326,https://www.linkedin.com/in/harshada-shinde-pmp
Aditya Mehra,Preyrona Dutta,"3/9/26, 1:09 AM",,OUTGOING,https://www.linkedin.com/in/aditya-mehra-b8644b326,https://www.linkedin.com/in/preyrona-dutta-2976ab1b9
Aditya Mehra,Swetaleena Mishra,"3/9/26, 1:09 AM",,OUTGOING,https://www.linkedin.com/in/aditya-mehra-b8644b326,https://www.linkedin.com/in/swetaleena-mishra-39b053210
Aditya Mehra,Preeti Kumari,"3/9/26, 1:09 AM",,OUTGOING,https://www.linkedin.com/in/aditya-mehra-b8644b326,https://www.linkedin.com/in/preeti-kumari-952a90204
Aditya Mehra,Lonica Aiyanna,"3/9/26, 1:09 AM",,OUTGOING,https://www.linkedin.com/in/aditya-mehra-b8644b326,https://www.linkedin.com/in/lonica-aiyanna-606059272
Aditya Mehra,Sushmita Sarkar,"3/9/26, 1:09 AM",,OUTGOING,https://www.linkedin.com/in/aditya-mehra-b8644b326,https://www.linkedin.com/in/sushmita-sarkar-a4388025
Aditya Mehra,Nikita Verma,"3/9/26, 1:09 AM",,OUTGOING,https://www.linkedin.com/in/aditya-mehra-b8644b326,https://www.linkedin.com/in/nikita-verma-7594b122b
Aditya Mehra,Gayathri Shenoy,"3/9/26, 1:09 AM",,OUTGOING,https://www.linkedin.com/in/aditya-mehra-b8644b326,https://www.linkedin.com/in/gayathri-shenoy-5352791b2
Aditya Mehra,Yashaswini MS,"3/9/26, 1:09 AM",,OUTGOING,https://www.linkedin.com/in/aditya-mehra-b8644b326,https://www.linkedin.com/in/yashaswini-ms-a8b795315
Aditya Mehra,Santhya Subramaniam,"3/9/26, 1:09 AM",,OUTGOING,https://www.linkedin.com/in/aditya-mehra-b8644b326,https://www.linkedin.com/in/santhya-subramaniam-014292184
Aditya Mehra,Ruchika Himmat singhka,"3/9/26, 1:09 AM",,OUTGOING,https://www.linkedin.com/in/aditya-mehra-b8644b326,https://www.linkedin.com/in/ruchika-himmat-singhka-9893572aa
Aditya Mehra,Bikoshita Gogoi,"3/9/26, 1:09 AM",,OUTGOING,https://www.linkedin.com/in/aditya-mehra-b8644b326,https://www.linkedin.com/in/bikoshita-gogoi-9a810b1a6
Aditya Mehra,Khushboo Kumari,"3/9/26, 1:09 AM",,OUTGOING,https://www.linkedin.com/in/aditya-mehra-b8644b326,https://www.linkedin.com/in/khushboo-kumari-5aba68152
Aditya Mehra,Ruchi Chourey,"3/9/26, 1:09 AM",,OUTGOING,https://www.linkedin.com/in/aditya-mehra-b8644b326,https://www.linkedin.com/in/ruchi-chourey-6616a622a
Aditya Mehra,Silvia Narzary,"3/9/26, 1:09 AM",,OUTGOING,https://www.linkedin.com/in/aditya-mehra-b8644b326,https://www.linkedin.com/in/silvia-narzary-13844b1b8
Aditya Mehra,Ekagrata Das,"3/9/26, 1:09 AM",,OUTGOING,https://www.linkedin.com/in/aditya-mehra-b8644b326,https://www.linkedin.com/in/ekagrata-das-a98571323
Aditya Mehra,Aanchal Sharma,"3/9/26, 1:08 AM",,OUTGOING,https://www.linkedin.com/in/aditya-mehra-b8644b326,https://www.linkedin.com/in/aanchalsharma14
Aditya Mehra,Tanvi Gangar,"3/9/26, 1:08 AM",,OUTGOING,https://www.linkedin.com/in/aditya-mehra-b8644b326,https://www.linkedin.com/in/tanvi-gangar-98136115b
Aditya Mehra,SuPRiya Routray,"3/9/26, 1:09 AM",,OUTGOING,https://www.linkedin.com/in/aditya-mehra-b8644b326,https://www.linkedin.com/in/supriya-routray-698b94220
Aditya Mehra,C S Swathi,"3/9/26, 1:08 AM",,OUTGOING,https://www.linkedin.com/in/aditya-mehra-b8644b326,https://www.linkedin.com/in/swathisethuram
Aditya Mehra,Kastoori Das,"3/9/26, 1:08 AM",,OUTGOING,https://www.linkedin.com/in/aditya-mehra-b8644b326,https://www.linkedin.com/in/kastoori-das-911b6218b
Aditya Mehra,Shraddha Reddy Mekala (Sia),"3/9/26, 1:08 AM",,OUTGOING,https://www.linkedin.com/in/aditya-mehra-b8644b326,https://www.linkedin.com/in/shraddhareddymekala
Aditya Mehra,Sakshi Singh,"3/9/26, 1:08 AM",,OUTGOING,https://www.linkedin.com/in/aditya-mehra-b8644b326,https://www.linkedin.com/in/sakshisingh234
Aditya Mehra,Sakshi Pendharkar,"3/9/26, 1:09 AM",,OUTGOING,https://www.linkedin.com/in/aditya-mehra-b8644b326,https://www.linkedin.com/in/sakshi-pendharkar-b95b97132
Aditya Mehra,Pratha Ghosh,"3/9/26, 1:08 AM",,OUTGOING,https://www.linkedin.com/in/aditya-mehra-b8644b326,https://www.linkedin.com/in/pratha-ghosh-digital-marketer
Aditya Mehra,Payal Rani Behera,"3/9/26, 1:08 AM",,OUTGOING,https://www.linkedin.com/in/aditya-mehra-b8644b326,https://www.linkedin.com/in/payal-rani-behera-3ab1572b4
Aditya Mehra,Teesta Banerjee,"3/9/26, 1:08 AM",,OUTGOING,https://www.linkedin.com/in/aditya-mehra-b8644b326,https://www.linkedin.com/in/teesta-banerjee-3a1660203
Aditya Mehra,Haritvi G,"3/9/26, 1:08 AM",,OUTGOING,https://www.linkedin.com/in/aditya-mehra-b8644b326,https://www.linkedin.com/in/haritvi-g-5271373b2
Aditya Mehra,SWAPNASIKHA GOSWAMI,"3/9/26, 1:08 AM",,OUTGOING,https://www.linkedin.com/in/aditya-mehra-b8644b326,https://www.linkedin.com/in/swapnasikha-goswami
Aditya Mehra,Manshi Pathak,"3/9/26, 1:08 AM",,OUTGOING,https://www.linkedin.com/in/aditya-mehra-b8644b326,https://www.linkedin.com/in/manshipathak378
Aditya Mehra,Aaditi Soni,"5/18/26, 11:11 AM",,OUTGOING,https://www.linkedin.com/in/aditya-mehra-b8644b326,https://www.linkedin.com/in/aaditi-soni-145a9a286
Aditya Mehra,Areeba Tasneem,"3/9/26, 1:08 AM",,OUTGOING,https://www.linkedin.com/in/aditya-mehra-b8644b326,https://www.linkedin.com/in/areeba-tasneem-151480283
Aditya Mehra,Rinkal Sharma,"3/9/26, 1:07 AM",,OUTGOING,https://www.linkedin.com/in/aditya-mehra-b8644b326,https://www.linkedin.com/in/rinkalsharma2
Aditya Mehra,Nidhi Bamhore,"3/9/26, 1:07 AM",,OUTGOING,https://www.linkedin.com/in/aditya-mehra-b8644b326,https://www.linkedin.com/in/nidhi-bamhore
Aditya Mehra,Shivanshi Agarwal,"3/9/26, 1:07 AM",,OUTGOING,https://www.linkedin.com/in/aditya-mehra-b8644b326,https://www.linkedin.com/in/shivanshi-agarwal-752142179
Aditya Mehra,Tiasa Chatterjee,"3/9/26, 1:06 AM",,OUTGOING,https://www.linkedin.com/in/aditya-mehra-b8644b326,https://www.linkedin.com/in/tiasa-chatterjee
Aditya Mehra,Nabanita Teron,"3/9/26, 1:06 AM",,OUTGOING,https://www.linkedin.com/in/aditya-mehra-b8644b326,https://www.linkedin.com/in/nabanitateron
Aditya Mehra,Swarnali Dutta,"3/9/26, 1:06 AM",,OUTGOING,https://www.linkedin.com/in/aditya-mehra-b8644b326,https://www.linkedin.com/in/swarnali-dutta-b71b73211
Aditya Mehra,Moudipa Ghosh,"3/9/26, 1:06 AM",,OUTGOING,https://www.linkedin.com/in/aditya-mehra-b8644b326,https://www.linkedin.com/in/moudipa-ghosh-831107215
Aditya Mehra,"Smita S Pendharkar, PhD","3/9/26, 1:06 AM",,OUTGOING,https://www.linkedin.com/in/aditya-mehra-b8644b326,https://www.linkedin.com/in/smita-s-pendharkar-phd-a68a29248
Aditya Mehra,Swapnasree Saha,"3/9/26, 1:06 AM",,OUTGOING,https://www.linkedin.com/in/aditya-mehra-b8644b326,https://www.linkedin.com/in/swapnasree-saha
Aditya Mehra,Anjali  Singh,"3/9/26, 1:06 AM",,OUTGOING,https://www.linkedin.com/in/aditya-mehra-b8644b326,https://www.linkedin.com/in/anjali-s-b126151ba
Aditya Mehra,SPARSH MEHTA,"3/9/26, 12:53 AM",,OUTGOING,https://www.linkedin.com/in/aditya-mehra-b8644b326,https://www.linkedin.com/in/sparsh-mehta2412
Aditya Mehra,Akshata Shukla,"3/9/26, 12:53 AM",,OUTGOING,https://www.linkedin.com/in/aditya-mehra-b8644b326,https://www.linkedin.com/in/akshata-shukla-a7548a314
Aditya Mehra,Merlin Sara Renny,"3/9/26, 12:53 AM",,OUTGOING,https://www.linkedin.com/in/aditya-mehra-b8644b326,https://www.linkedin.com/in/merlinsararenny
Aditya Mehra,Alonsa Mariya,"3/9/26, 12:53 AM",,OUTGOING,https://www.linkedin.com/in/aditya-mehra-b8644b326,https://www.linkedin.com/in/alonsa-mariya-9b349b2aa
Aditya Mehra,Amisha Rathore,"3/9/26, 12:53 AM",,OUTGOING,https://www.linkedin.com/in/aditya-mehra-b8644b326,https://www.linkedin.com/in/amisha-rathore-4a70a3158
Aditya Mehra,Priyanshi Gandhi,"3/9/26, 12:53 AM",,OUTGOING,https://www.linkedin.com/in/aditya-mehra-b8644b326,https://www.linkedin.com/in/priyanshi15042003
Aditya Mehra,Surya Jain Barjatya,"3/9/26, 12:53 AM",,OUTGOING,https://www.linkedin.com/in/aditya-mehra-b8644b326,https://www.linkedin.com/in/surya-jain-barjatya-523360206
Aditya Mehra,Tamanna Tahseen,"3/9/26, 12:53 AM",,OUTGOING,https://www.linkedin.com/in/aditya-mehra-b8644b326,https://www.linkedin.com/in/tamanna-tahseen-01b4a9234
Aditya Mehra,Anupriya Sanyal,"3/8/26, 4:10 AM",,OUTGOING,https://www.linkedin.com/in/aditya-mehra-b8644b326,https://www.linkedin.com/in/anupriya-sanyal-b46a45192
Aditya Mehra,Chahat Giria,"3/8/26, 4:08 AM",,OUTGOING,https://www.linkedin.com/in/aditya-mehra-b8644b326,https://www.linkedin.com/in/chahatgiria
Aditya Mehra,Lakshita Poddar,"3/8/26, 4:07 AM",,OUTGOING,https://www.linkedin.com/in/aditya-mehra-b8644b326,https://www.linkedin.com/in/lakshitapoddar
Aditya Mehra,Arkasmita Pal,"3/8/26, 4:04 AM",,OUTGOING,https://www.linkedin.com/in/aditya-mehra-b8644b326,https://www.linkedin.com/in/arkasmitapal2005
Aditya Mehra,Susmita Ghosh,"3/2/26, 12:34 AM",,OUTGOING,https://www.linkedin.com/in/aditya-mehra-b8644b326,https://www.linkedin.com/in/susmita-ghosh-413785248
Aditya Mehra,Chandrima Saha,"3/2/26, 12:34 AM",,OUTGOING,https://www.linkedin.com/in/aditya-mehra-b8644b326,https://www.linkedin.com/in/chandrima-saha-777b35257
Aditya Mehra,Siddhi kushwah,"3/2/26, 12:34 AM",,OUTGOING,https://www.linkedin.com/in/aditya-mehra-b8644b326,https://www.linkedin.com/in/siddhi-kushwah-4a77a62b4
Aditya Mehra,Luxmi Singh,"3/2/26, 12:34 AM",,OUTGOING,https://www.linkedin.com/in/aditya-mehra-b8644b326,https://www.linkedin.com/in/luxmi-singh-709136222
Aditya Mehra,Sakshi Choudhary,"3/2/26, 12:34 AM",,OUTGOING,https://www.linkedin.com/in/aditya-mehra-b8644b326,https://www.linkedin.com/in/sakshi-choudhary-0a5296292
Aditya Mehra,Priya Jain,"3/2/26, 12:33 AM",,OUTGOING,https://www.linkedin.com/in/aditya-mehra-b8644b326,https://www.linkedin.com/in/priyaajain1050
Aditya Mehra,Priya Barola,"3/2/26, 12:33 AM",,OUTGOING,https://www.linkedin.com/in/aditya-mehra-b8644b326,https://www.linkedin.com/in/priya-barola-5b3174191
Aditya Mehra,Priyanka S,"3/2/26, 12:33 AM",,OUTGOING,https://www.linkedin.com/in/aditya-mehra-b8644b326,https://www.linkedin.com/in/priyanka-s-10ba9031b
Aditya Mehra,Debolina Sarkar,"3/2/26, 12:33 AM",,OUTGOING,https://www.linkedin.com/in/aditya-mehra-b8644b326,https://www.linkedin.com/in/debolina-sarkar1998
Aditya Mehra,Bhawna Shrivastav,"3/2/26, 12:33 AM",,OUTGOING,https://www.linkedin.com/in/aditya-mehra-b8644b326,https://www.linkedin.com/in/bhawna-shrivastav-340885239
Aditya Mehra,Reddy Kanchana,"3/2/26, 12:33 AM",,OUTGOING,https://www.linkedin.com/in/aditya-mehra-b8644b326,https://www.linkedin.com/in/reddy-kanchana-5a92732b3
Aditya Mehra,Raccie Ann Licop,"3/2/26, 12:33 AM",,OUTGOING,https://www.linkedin.com/in/aditya-mehra-b8644b326,https://www.linkedin.com/in/raccie-ann-licop-474634217
Aditya Mehra,SOUMI CHATTERJEE,"3/2/26, 12:33 AM",,OUTGOING,https://www.linkedin.com/in/aditya-mehra-b8644b326,https://www.linkedin.com/in/soumi-chatterjee-
Aditya Mehra,Sanjali Das,"3/2/26, 12:33 AM",,OUTGOING,https://www.linkedin.com/in/aditya-mehra-b8644b326,https://www.linkedin.com/in/sanjali-das
Aditya Mehra,himani Upadhyay,"3/2/26, 12:33 AM",,OUTGOING,https://www.linkedin.com/in/aditya-mehra-b8644b326,https://www.linkedin.com/in/himani-upadhyay-1a22a4226
Aditya Mehra,Gunjann Patidar,"3/2/26, 12:33 AM",,OUTGOING,https://www.linkedin.com/in/aditya-mehra-b8644b326,https://www.linkedin.com/in/gunjann-patidar-8634a8231
Aditya Mehra,Rati  Mishra,"3/2/26, 12:33 AM",,OUTGOING,https://www.linkedin.com/in/aditya-mehra-b8644b326,https://www.linkedin.com/in/rati-mishra-3760771a7
Aditya Mehra,Ushasi Das,"3/2/26, 12:33 AM",,OUTGOING,https://www.linkedin.com/in/aditya-mehra-b8644b326,https://www.linkedin.com/in/ushasi-das-186b13267
Aditya Mehra,Sindhushree B,"3/2/26, 12:33 AM",,OUTGOING,https://www.linkedin.com/in/aditya-mehra-b8644b326,https://www.linkedin.com/in/sindhushree-b-861551326
Aditya Mehra,Kirtika Singh,"3/2/26, 12:32 AM",,OUTGOING,https://www.linkedin.com/in/aditya-mehra-b8644b326,https://www.linkedin.com/in/kirtika-singh-187570320
Aditya Mehra,Tanya Aggarwal,"3/2/26, 12:32 AM",,OUTGOING,https://www.linkedin.com/in/aditya-mehra-b8644b326,https://www.linkedin.com/in/tanya-aggarwal-56707a149
Aditya Mehra,Baani Suneja,"3/2/26, 12:33 AM",,OUTGOING,https://www.linkedin.com/in/aditya-mehra-b8644b326,https://www.linkedin.com/in/baani-suneja
Aditya Mehra,Neha Chowhan,"3/2/26, 12:33 AM",,OUTGOING,https://www.linkedin.com/in/aditya-mehra-b8644b326,https://www.linkedin.com/in/neha-chowhan-5410052bb
Aditya Mehra,Mrinmayee  Dey,"3/2/26, 12:33 AM",,OUTGOING,https://www.linkedin.com/in/aditya-mehra-b8644b326,https://www.linkedin.com/in/mrinmayee-dey-07803a169
Aditya Mehra,Bhavi Joshi,"3/2/26, 12:32 AM",,OUTGOING,https://www.linkedin.com/in/aditya-mehra-b8644b326,https://www.linkedin.com/in/bhavi-joshi-6763731a4
Aditya Mehra,garima parashar,"3/2/26, 12:32 AM",,OUTGOING,https://www.linkedin.com/in/aditya-mehra-b8644b326,https://www.linkedin.com/in/garima-parashar-b1a25b168
Aditya Mehra,Bobby deb,"3/2/26, 12:32 AM",,OUTGOING,https://www.linkedin.com/in/aditya-mehra-b8644b326,https://www.linkedin.com/in/bobby-deb-3a2a36222
Aditya Mehra,Deepika Singh,"3/2/26, 12:33 AM",,OUTGOING,https://www.linkedin.com/in/aditya-mehra-b8644b326,https://www.linkedin.com/in/deepika-singh-273698bb
Aditya Mehra,Swagata Banerjee,"3/2/26, 12:33 AM",,OUTGOING,https://www.linkedin.com/in/aditya-mehra-b8644b326,https://www.linkedin.com/in/swagata-banerjee-579b42156
Aditya Mehra,Himani Tomar,"3/2/26, 12:32 AM",,OUTGOING,https://www.linkedin.com/in/aditya-mehra-b8644b326,https://www.linkedin.com/in/tomar-himani
Aditya Mehra,Antika Mitra,"3/2/26, 12:32 AM",,OUTGOING,https://www.linkedin.com/in/aditya-mehra-b8644b326,https://www.linkedin.com/in/antika-mitra2401
Aditya Mehra,Muskan Jain,"3/2/26, 12:33 AM",,OUTGOING,https://www.linkedin.com/in/aditya-mehra-b8644b326,https://www.linkedin.com/in/muskan1515
Aditya Mehra,Munmun Manoj Sengupta,"3/2/26, 12:32 AM",,OUTGOING,https://www.linkedin.com/in/aditya-mehra-b8644b326,https://www.linkedin.com/in/munmun-manoj-sengupta-20513830b
Aditya Mehra,Thilakshana Sivasuthan,"3/2/26, 12:32 AM",,OUTGOING,https://www.linkedin.com/in/aditya-mehra-b8644b326,https://www.linkedin.com/in/thilakshana-sivasuthan-1262901b2
Aditya Mehra,Aashika Prakash,"3/2/26, 12:32 AM",,OUTGOING,https://www.linkedin.com/in/aditya-mehra-b8644b326,https://www.linkedin.com/in/aashikaprakash
Aditya Mehra,Juhi Vartak,"3/2/26, 12:32 AM",,OUTGOING,https://www.linkedin.com/in/aditya-mehra-b8644b326,https://www.linkedin.com/in/juhi-vartak-54659b2ba
Aditya Mehra,Roohi Akhil Khan,"3/2/26, 12:32 AM",,OUTGOING,https://www.linkedin.com/in/aditya-mehra-b8644b326,https://www.linkedin.com/in/roohimohammed3
Aditya Mehra,HEENA THAKUR,"3/2/26, 12:32 AM",,OUTGOING,https://www.linkedin.com/in/aditya-mehra-b8644b326,https://www.linkedin.com/in/heena-thakur25
Aditya Mehra,PURVI WADNIKOP,"3/2/26, 12:32 AM",,OUTGOING,https://www.linkedin.com/in/aditya-mehra-b8644b326,https://www.linkedin.com/in/purvi-wadnikop-972199226
Aditya Mehra,Ananya Singh Chandel,"3/2/26, 12:32 AM",,OUTGOING,https://www.linkedin.com/in/aditya-mehra-b8644b326,https://www.linkedin.com/in/ananyachandel0401
Aditya Mehra,Tanya Garg,"3/2/26, 12:32 AM",,OUTGOING,https://www.linkedin.com/in/aditya-mehra-b8644b326,https://www.linkedin.com/in/tanyagarg1
Aditya Mehra,Muskaan Bahl,"3/2/26, 12:32 AM",,OUTGOING,https://www.linkedin.com/in/aditya-mehra-b8644b326,https://www.linkedin.com/in/muskaan-bahl
Aditya Mehra,Pratiksha Keoliya,"3/2/26, 12:32 AM",,OUTGOING,https://www.linkedin.com/in/aditya-mehra-b8644b326,https://www.linkedin.com/in/pratiksha-keoliya-b84738186
Aditya Mehra,Gayatri Gupta,"3/2/26, 12:32 AM",,OUTGOING,https://www.linkedin.com/in/aditya-mehra-b8644b326,https://www.linkedin.com/in/gayatry-gupta
Aditya Mehra,Nayanika Bhattacharjee,"3/2/26, 12:32 AM",,OUTGOING,https://www.linkedin.com/in/aditya-mehra-b8644b326,https://www.linkedin.com/in/nayanikabhattacharjee
Aditya Mehra,Manju Baraik,"3/2/26, 12:32 AM",,OUTGOING,https://www.linkedin.com/in/aditya-mehra-b8644b326,https://www.linkedin.com/in/manju-baraik-aa3a69132
Aditya Mehra,Ankita Choudhury,"3/2/26, 12:32 AM",,OUTGOING,https://www.linkedin.com/in/aditya-mehra-b8644b326,https://www.linkedin.com/in/ankita-choudhury-37203b2a6
Aditya Mehra,Indrani Das,"3/2/26, 12:32 AM",,OUTGOING,https://www.linkedin.com/in/aditya-mehra-b8644b326,https://www.linkedin.com/in/indrani-das-539a72189
Aditya Mehra,Paridhi Bansal,"3/2/26, 12:32 AM",,OUTGOING,https://www.linkedin.com/in/aditya-mehra-b8644b326,https://www.linkedin.com/in/pb8
Aditya Mehra,KRITIKA SINGH,"3/2/26, 12:32 AM",,OUTGOING,https://www.linkedin.com/in/aditya-mehra-b8644b326,https://www.linkedin.com/in/kritika-singh-960534244
Aditya Mehra,Anushka Shaw,"3/2/26, 12:32 AM",,OUTGOING,https://www.linkedin.com/in/aditya-mehra-b8644b326,https://www.linkedin.com/in/anushka-shaw-4ba94518b
Aditya Mehra,Ayushi Shukla,"3/2/26, 12:32 AM",,OUTGOING,https://www.linkedin.com/in/aditya-mehra-b8644b326,https://www.linkedin.com/in/ayushi-shukla-bb2048162
Aditya Mehra,Sayani Ghosh,"3/2/26, 12:32 AM",,OUTGOING,https://www.linkedin.com/in/aditya-mehra-b8644b326,https://www.linkedin.com/in/sayani-ghosh-3315531b1
Aditya Mehra,Amrita Yadav,"3/2/26, 12:32 AM",,OUTGOING,https://www.linkedin.com/in/aditya-mehra-b8644b326,https://www.linkedin.com/in/amrita-yadav-b63a75316
Aditya Mehra,Sneeha Verma,"3/2/26, 12:32 AM",,OUTGOING,https://www.linkedin.com/in/aditya-mehra-b8644b326,https://www.linkedin.com/in/sneeha-verma-b5609a233
Aditya Mehra,Sheetal Gupta,"3/2/26, 12:32 AM",,OUTGOING,https://www.linkedin.com/in/aditya-mehra-b8644b326,https://www.linkedin.com/in/sheetal-gupta-325254168
Aditya Mehra,Ranu Bose,"3/2/26, 12:32 AM",,OUTGOING,https://www.linkedin.com/in/aditya-mehra-b8644b326,https://www.linkedin.com/in/ranu-bose-61a604206
Aditya Mehra,Ankita Hore,"3/2/26, 12:32 AM",,OUTGOING,https://www.linkedin.com/in/aditya-mehra-b8644b326,https://www.linkedin.com/in/ankita-hore-8b28a12a0
Aditya Mehra,Dimple Dhillon,"3/2/26, 12:32 AM",,OUTGOING,https://www.linkedin.com/in/aditya-mehra-b8644b326,https://www.linkedin.com/in/dimple-dhillon-
Aditya Mehra,Gunjita Bhatia,"3/2/26, 12:32 AM",,OUTGOING,https://www.linkedin.com/in/aditya-mehra-b8644b326,https://www.linkedin.com/in/gunjitabhatia
Aditya Mehra,Gurveen Kaur,"3/2/26, 12:32 AM",,OUTGOING,https://www.linkedin.com/in/aditya-mehra-b8644b326,https://www.linkedin.com/in/gurveenkaur0110
Aditya Mehra,Sheethal Poojary,"3/2/26, 12:32 AM",,OUTGOING,https://www.linkedin.com/in/aditya-mehra-b8644b326,https://www.linkedin.com/in/sheethal-poojary
Aditya Mehra,Shrabani Mukherjee,"3/2/26, 12:32 AM",,OUTGOING,https://www.linkedin.com/in/aditya-mehra-b8644b326,https://www.linkedin.com/in/shrabani-mukherjee-849b612b4
Aditya Mehra,Kumari Rupa,"3/2/26, 12:31 AM",,OUTGOING,https://www.linkedin.com/in/aditya-mehra-b8644b326,https://www.linkedin.com/in/kumari-rupa-0693a4193
Aditya Mehra,Shobhita Sehgal,"3/2/26, 12:32 AM",,OUTGOING,https://www.linkedin.com/in/aditya-mehra-b8644b326,https://www.linkedin.com/in/shobhita-sehgal
Aditya Mehra,Payal  Bajaj ,"3/2/26, 12:31 AM",,OUTGOING,https://www.linkedin.com/in/aditya-mehra-b8644b326,https://www.linkedin.com/in/payal-bajaj-profile
Aditya Mehra,Nisha Jagani,"3/2/26, 12:31 AM",,OUTGOING,https://www.linkedin.com/in/aditya-mehra-b8644b326,https://www.linkedin.com/in/nisha-jagani
Aditya Mehra,Tushi Saha,"3/2/26, 12:32 AM",,OUTGOING,https://www.linkedin.com/in/aditya-mehra-b8644b326,https://www.linkedin.com/in/tushi-saha
Aditya Mehra,Shivangi Shukla,"3/2/26, 12:31 AM",,OUTGOING,https://www.linkedin.com/in/aditya-mehra-b8644b326,https://www.linkedin.com/in/shivangi-fr
Aditya Mehra,Bhavya Gowda,"3/2/26, 12:32 AM",,OUTGOING,https://www.linkedin.com/in/aditya-mehra-b8644b326,https://www.linkedin.com/in/bhavyagowda1906
Aditya Mehra,Sahana  Rajanna,"3/2/26, 12:31 AM",,OUTGOING,https://www.linkedin.com/in/aditya-mehra-b8644b326,https://www.linkedin.com/in/sahana-r-77088a194
Aditya Mehra,Rishita Walia,"3/2/26, 12:31 AM",,OUTGOING,https://www.linkedin.com/in/aditya-mehra-b8644b326,https://www.linkedin.com/in/rishita-waliarw
Aditya Mehra,Sujata Singha,"3/2/26, 12:31 AM",,OUTGOING,https://www.linkedin.com/in/aditya-mehra-b8644b326,https://www.linkedin.com/in/sujata-singha-7a997b283
Aditya Mehra,Juhi singh,"3/2/26, 12:31 AM",,OUTGOING,https://www.linkedin.com/in/aditya-mehra-b8644b326,https://www.linkedin.com/in/juhi-singh-a93632232
Aditya Mehra,Moumita Das,"3/2/26, 12:31 AM",,OUTGOING,https://www.linkedin.com/in/aditya-mehra-b8644b326,https://www.linkedin.com/in/moumita-das-7b262b230
Aditya Mehra,Anwesha Choudhury,"3/2/26, 12:31 AM",,OUTGOING,https://www.linkedin.com/in/aditya-mehra-b8644b326,https://www.linkedin.com/in/anwesha-choudhury-6a2a98212
Aditya Mehra,Spoorthi Shreshti,"3/2/26, 12:31 AM",,OUTGOING,https://www.linkedin.com/in/aditya-mehra-b8644b326,https://www.linkedin.com/in/spoorthi-shreshti-56991a2a4
Aditya Mehra,Payel Paul,"3/2/26, 12:31 AM",,OUTGOING,https://www.linkedin.com/in/aditya-mehra-b8644b326,https://www.linkedin.com/in/payel-paul-55835b128
Aditya Mehra,Diya Jojo,"3/2/26, 12:31 AM",,OUTGOING,https://www.linkedin.com/in/aditya-mehra-b8644b326,https://www.linkedin.com/in/diya-jojo-242266241
Aditya Mehra,Annyaee Dey,"3/2/26, 12:30 AM",,OUTGOING,https://www.linkedin.com/in/aditya-mehra-b8644b326,https://www.linkedin.com/in/annyaee-dey-6696b9189
Aditya Mehra,Sanjana S,"3/2/26, 12:30 AM",,OUTGOING,https://www.linkedin.com/in/aditya-mehra-b8644b326,https://www.linkedin.com/in/sanjana-s-409614203
Aditya Mehra,Reshma Banerjee,"3/2/26, 12:31 AM",,OUTGOING,https://www.linkedin.com/in/aditya-mehra-b8644b326,https://www.linkedin.com/in/reshma-banerjee-a24009a3
Aditya Mehra,Ankita Yadav,"3/2/26, 12:30 AM",,OUTGOING,https://www.linkedin.com/in/aditya-mehra-b8644b326,https://www.linkedin.com/in/ankita-yadav-6b7075223
Aditya Mehra,Niveditha Mohan,"3/2/26, 12:31 AM",,OUTGOING,https://www.linkedin.com/in/aditya-mehra-b8644b326,https://www.linkedin.com/in/niveditha-mohan-1546a3209
Aditya Mehra,Harshitha M,"3/2/26, 12:30 AM",,OUTGOING,https://www.linkedin.com/in/aditya-mehra-b8644b326,https://www.linkedin.com/in/harshitha-m-b4030a215
Aditya Mehra,Pratima Sony,"3/2/26, 12:30 AM",,OUTGOING,https://www.linkedin.com/in/aditya-mehra-b8644b326,https://www.linkedin.com/in/pratima-sony-b68110233
Aditya Mehra,Pragati Kharub,"3/2/26, 12:31 AM",,OUTGOING,https://www.linkedin.com/in/aditya-mehra-b8644b326,https://www.linkedin.com/in/pragati-kharub
Aditya Mehra,Rani Ansu,"3/2/26, 12:30 AM",,OUTGOING,https://www.linkedin.com/in/aditya-mehra-b8644b326,https://www.linkedin.com/in/rani-ansu-73003720b
Aditya Mehra,Muskan Rohilla,"3/2/26, 12:31 AM",,OUTGOING,https://www.linkedin.com/in/aditya-mehra-b8644b326,https://www.linkedin.com/in/muskan-rohilla-15551a206
Aditya Mehra,Nikita GUPTA,"3/2/26, 12:30 AM",,OUTGOING,https://www.linkedin.com/in/aditya-mehra-b8644b326,https://www.linkedin.com/in/nikita-gupta-5179b9181
Aditya Mehra,Gargee Garg,"3/2/26, 12:30 AM",,OUTGOING,https://www.linkedin.com/in/aditya-mehra-b8644b326,https://www.linkedin.com/in/gargee-garg-g07
Aditya Mehra,Bhavana R,"3/2/26, 12:30 AM",,OUTGOING,https://www.linkedin.com/in/aditya-mehra-b8644b326,https://www.linkedin.com/in/bhavana-r-873a72292
Aditya Mehra,Ayesha Memon,"3/2/26, 12:30 AM",,OUTGOING,https://www.linkedin.com/in/aditya-mehra-b8644b326,https://www.linkedin.com/in/ayeshamemon12
Aditya Mehra,Kurangi Kapur,"3/2/26, 12:30 AM",,OUTGOING,https://www.linkedin.com/in/aditya-mehra-b8644b326,https://www.linkedin.com/in/kurangikapur
Aditya Mehra,Mouboni Ghosh,"3/2/26, 12:30 AM",,OUTGOING,https://www.linkedin.com/in/aditya-mehra-b8644b326,https://www.linkedin.com/in/mouboni-ghosh-bab8a72a9
Aditya Mehra,Ms.SHREYA GHOSH,"3/2/26, 12:30 AM",,OUTGOING,https://www.linkedin.com/in/aditya-mehra-b8644b326,https://www.linkedin.com/in/ms-shreya-ghosh-808a5b25b
Aditya Mehra,Muskan Tara CA,"3/2/26, 12:30 AM",,OUTGOING,https://www.linkedin.com/in/aditya-mehra-b8644b326,https://www.linkedin.com/in/muskan-tara-ca-4b9077220
Aditya Mehra,Pranjali Shukla,"3/2/26, 12:30 AM",,OUTGOING,https://www.linkedin.com/in/aditya-mehra-b8644b326,https://www.linkedin.com/in/pranjali-shukla-6849611b5
Aditya Mehra,Pooja N,"3/2/26, 12:30 AM",,OUTGOING,https://www.linkedin.com/in/aditya-mehra-b8644b326,https://www.linkedin.com/in/pooja-n-156970260
Aditya Mehra,Pragathi Gowda,"3/2/26, 12:30 AM",,OUTGOING,https://www.linkedin.com/in/aditya-mehra-b8644b326,https://www.linkedin.com/in/pragathi-gowda-57223316a
Aditya Mehra,Muskan Sood,"3/2/26, 12:30 AM",,OUTGOING,https://www.linkedin.com/in/aditya-mehra-b8644b326,https://www.linkedin.com/in/muskan-sood-a37617350
Aditya Mehra,Romina chhabra,"3/2/26, 12:30 AM",,OUTGOING,https://www.linkedin.com/in/aditya-mehra-b8644b326,https://www.linkedin.com/in/romina-chhabra-a96743192
Aditya Mehra,Banasmita Das,"3/2/26, 12:30 AM",,OUTGOING,https://www.linkedin.com/in/aditya-mehra-b8644b326,https://www.linkedin.com/in/banasmita-das-364121158
Aditya Mehra,Ritika  Chakraborty ,"3/2/26, 12:30 AM",,OUTGOING,https://www.linkedin.com/in/aditya-mehra-b8644b326,https://www.linkedin.com/in/ritikachakraborty11
Aditya Mehra,Aarya Merwade,"3/2/26, 12:30 AM",,OUTGOING,https://www.linkedin.com/in/aditya-mehra-b8644b326,https://www.linkedin.com/in/aaryamerwade
Aditya Mehra,Sriparna Sarkar,"3/2/26, 12:30 AM",,OUTGOING,https://www.linkedin.com/in/aditya-mehra-b8644b326,https://www.linkedin.com/in/sriparnasarkar
Aditya Mehra,Sanaya  Mukherjee,"3/2/26, 12:30 AM",,OUTGOING,https://www.linkedin.com/in/aditya-mehra-b8644b326,https://www.linkedin.com/in/sanaya-mukherjee
Aditya Mehra,Zoya Alam,"3/2/26, 12:30 AM",,OUTGOING,https://www.linkedin.com/in/aditya-mehra-b8644b326,https://www.linkedin.com/in/zoya-alam-85126b22b
Aditya Mehra,Palak Kashyap,"3/2/26, 12:29 AM",,OUTGOING,https://www.linkedin.com/in/aditya-mehra-b8644b326,https://www.linkedin.com/in/palak-kashyap
Aditya Mehra,Nikita Singh,"3/2/26, 12:30 AM",,OUTGOING,https://www.linkedin.com/in/aditya-mehra-b8644b326,https://www.linkedin.com/in/nikita-singh-7561961b7
Aditya Mehra,Kalyani More,"3/2/26, 12:30 AM",,OUTGOING,https://www.linkedin.com/in/aditya-mehra-b8644b326,https://www.linkedin.com/in/kalyani-more-9b00831b2
Aditya Mehra,Komal Khandelwal,"3/2/26, 12:30 AM",,OUTGOING,https://www.linkedin.com/in/aditya-mehra-b8644b326,https://www.linkedin.com/in/komal-khandelwal-66a609325
Aditya Mehra,Tanishka Bothara,"3/2/26, 12:29 AM",,OUTGOING,https://www.linkedin.com/in/aditya-mehra-b8644b326,https://www.linkedin.com/in/tanishka-bothara-38a95b272
Aditya Mehra,Saloni Yadav,"3/2/26, 12:30 AM",,OUTGOING,https://www.linkedin.com/in/aditya-mehra-b8644b326,https://www.linkedin.com/in/saloni-yadav-b1513a340
Aditya Mehra,Sayee Jamkhindikar,"3/2/26, 12:29 AM",,OUTGOING,https://www.linkedin.com/in/aditya-mehra-b8644b326,https://www.linkedin.com/in/sayee-jamkhindikar-85362821a
Aditya Mehra,Kashish Pahuja,"3/2/26, 12:29 AM",,OUTGOING,https://www.linkedin.com/in/aditya-mehra-b8644b326,https://www.linkedin.com/in/kashish-pahuja06
Aditya Mehra,Avni Monga,"3/2/26, 12:29 AM",,OUTGOING,https://www.linkedin.com/in/aditya-mehra-b8644b326,https://www.linkedin.com/in/avni-monga-44b7162bb
Aditya Mehra,Srivarshika R.M,"3/2/26, 12:29 AM",,OUTGOING,https://www.linkedin.com/in/aditya-mehra-b8644b326,https://www.linkedin.com/in/srivarshika
Aditya Mehra,Devika M,"3/2/26, 12:29 AM",,OUTGOING,https://www.linkedin.com/in/aditya-mehra-b8644b326,https://www.linkedin.com/in/devika-m-aa2246201
Aditya Mehra,Aishwarya KS,"3/2/26, 12:29 AM",,OUTGOING,https://www.linkedin.com/in/aditya-mehra-b8644b326,https://www.linkedin.com/in/aishwarya-ks-1830b7260
Aditya Mehra,Varsha Choudhary,"3/2/26, 12:29 AM",,OUTGOING,https://www.linkedin.com/in/aditya-mehra-b8644b326,https://www.linkedin.com/in/varsha-choudhary-0a48b9268
Aditya Mehra,Sneha Sarika Gowda. S,"3/2/26, 12:29 AM",,OUTGOING,https://www.linkedin.com/in/aditya-mehra-b8644b326,https://www.linkedin.com/in/sneha-ssg
Aditya Mehra,Sarah Machado,"3/2/26, 12:29 AM",,OUTGOING,https://www.linkedin.com/in/aditya-mehra-b8644b326,https://www.linkedin.com/in/sarah-machado-286381327
Aditya Mehra,Jeshal Fernandes,"3/2/26, 12:29 AM",,OUTGOING,https://www.linkedin.com/in/aditya-mehra-b8644b326,https://www.linkedin.com/in/jeshal-fernandes
Aditya Mehra,Mehal Magdum,"3/2/26, 12:29 AM",,OUTGOING,https://www.linkedin.com/in/aditya-mehra-b8644b326,https://www.linkedin.com/in/mehal-magdum-55a42231b
Aditya Mehra,Mamatha S,"3/2/26, 12:29 AM",,OUTGOING,https://www.linkedin.com/in/aditya-mehra-b8644b326,https://www.linkedin.com/in/mamatha-s-2285a82a2
Aditya Mehra,Nabeela Ahmad,"3/2/26, 12:29 AM",,OUTGOING,https://www.linkedin.com/in/aditya-mehra-b8644b326,https://www.linkedin.com/in/nabeela-ahmad-799124293
Aditya Mehra,harshmeet kaur,"3/2/26, 12:29 AM",,OUTGOING,https://www.linkedin.com/in/aditya-mehra-b8644b326,https://www.linkedin.com/in/harshmeet-kaur-6a8490319
Aditya Mehra,Sruthi Karri,"3/2/26, 12:29 AM",,OUTGOING,https://www.linkedin.com/in/aditya-mehra-b8644b326,https://www.linkedin.com/in/sruthi-karri-309186284
Aditya Mehra,Bidita Sinha,"3/2/26, 12:29 AM",,OUTGOING,https://www.linkedin.com/in/aditya-mehra-b8644b326,https://www.linkedin.com/in/biditasinha
Aditya Mehra,Muskan Raj,"3/2/26, 12:29 AM",,OUTGOING,https://www.linkedin.com/in/aditya-mehra-b8644b326,https://www.linkedin.com/in/muskan-raj-41217b225
Aditya Mehra,Anam Iqbal,"3/2/26, 12:29 AM",,OUTGOING,https://www.linkedin.com/in/aditya-mehra-b8644b326,https://www.linkedin.com/in/anam-iqbal-a16056240
Aditya Mehra,Meghna Singh,"3/2/26, 12:29 AM",,OUTGOING,https://www.linkedin.com/in/aditya-mehra-b8644b326,https://www.linkedin.com/in/meghna-singh-64b79325a
Aditya Mehra,Risha Singh,"3/2/26, 12:29 AM",,OUTGOING,https://www.linkedin.com/in/aditya-mehra-b8644b326,https://www.linkedin.com/in/singhrisha
Aditya Mehra,Tejaswini SH,"3/2/26, 12:29 AM",,OUTGOING,https://www.linkedin.com/in/aditya-mehra-b8644b326,https://www.linkedin.com/in/tejaswini-sh-a04161378
Aditya Mehra,Ritika Banik,"3/2/26, 12:29 AM",,OUTGOING,https://www.linkedin.com/in/aditya-mehra-b8644b326,https://www.linkedin.com/in/ritika-banik-4745a9284
Aditya Mehra,Avani Yash,"3/2/26, 12:29 AM",,OUTGOING,https://www.linkedin.com/in/aditya-mehra-b8644b326,https://www.linkedin.com/in/avani-yash-b9250a376
Aditya Mehra,abhirami sunil,"3/2/26, 12:28 AM",,OUTGOING,https://www.linkedin.com/in/aditya-mehra-b8644b326,https://www.linkedin.com/in/abhirami-sunil-25176b2b9
Aditya Mehra,Razeeqa Banu,"3/2/26, 12:29 AM",,OUTGOING,https://www.linkedin.com/in/aditya-mehra-b8644b326,https://www.linkedin.com/in/razeeqa-banu-6b855b292
Aditya Mehra,Neha Gupta,"3/2/26, 12:28 AM",,OUTGOING,https://www.linkedin.com/in/aditya-mehra-b8644b326,https://www.linkedin.com/in/neha-gupta-655929358
Aditya Mehra,Kolapuri Mahalakshmi R,"3/2/26, 12:28 AM",,OUTGOING,https://www.linkedin.com/in/aditya-mehra-b8644b326,https://www.linkedin.com/in/kolapuri-mahalakshmi-r-b4973727a
Aditya Mehra,khyati gupta,"3/2/26, 12:29 AM",,OUTGOING,https://www.linkedin.com/in/aditya-mehra-b8644b326,https://www.linkedin.com/in/khyatigupta30
Aditya Mehra,Sejal Verma,"3/2/26, 12:29 AM",,OUTGOING,https://www.linkedin.com/in/aditya-mehra-b8644b326,https://www.linkedin.com/in/sejal-verma-620ba42a1
Aditya Mehra,Aditi Tiwari,"3/2/26, 12:28 AM",,OUTGOING,https://www.linkedin.com/in/aditya-mehra-b8644b326,https://www.linkedin.com/in/aditi-tiwari-6b2374254
Aditya Mehra,Kritika K.,"3/2/26, 12:28 AM",,OUTGOING,https://www.linkedin.com/in/aditya-mehra-b8644b326,https://www.linkedin.com/in/kritikaxi
Aditya Mehra,Priyani Mukherjee,"3/2/26, 12:28 AM",,OUTGOING,https://www.linkedin.com/in/aditya-mehra-b8644b326,https://www.linkedin.com/in/priyani-mukherjee-70a62037a
Aditya Mehra,Mahima Jain,"3/2/26, 12:28 AM",,OUTGOING,https://www.linkedin.com/in/aditya-mehra-b8644b326,https://www.linkedin.com/in/mahima-jain-889b59299
Aditya Mehra,Anna Spoorthi Teresa J,"3/2/26, 12:28 AM",,OUTGOING,https://www.linkedin.com/in/aditya-mehra-b8644b326,https://www.linkedin.com/in/annaspoorthiteresa2005
Aditya Mehra,Jhalak Jain,"3/2/26, 12:28 AM",,OUTGOING,https://www.linkedin.com/in/aditya-mehra-b8644b326,https://www.linkedin.com/in/jhalak-jain-6137ba27b
Aditya Mehra,Yashaswini .B,"3/23/26, 8:11 AM",,OUTGOING,https://www.linkedin.com/in/aditya-mehra-b8644b326,https://www.linkedin.com/in/yashaswini-b-520561274
Aditya Mehra,Satya Singh,"3/2/26, 12:28 AM",,OUTGOING,https://www.linkedin.com/in/aditya-mehra-b8644b326,https://www.linkedin.com/in/satyasinghbba
Aditya Mehra,Divya Dharshni S,"3/2/26, 12:28 AM",,OUTGOING,https://www.linkedin.com/in/aditya-mehra-b8644b326,https://www.linkedin.com/in/divya-dharshni-s-8a211135b
Aditya Mehra,Molly Arora,"3/2/26, 12:27 AM",,OUTGOING,https://www.linkedin.com/in/aditya-mehra-b8644b326,https://www.linkedin.com/in/molly-arora-83169633a
Aditya Mehra,Niharika K.R.,"3/2/26, 12:27 AM",,OUTGOING,https://www.linkedin.com/in/aditya-mehra-b8644b326,https://www.linkedin.com/in/niharika-kr
Aditya Mehra,Rafath unisa,"3/2/26, 12:26 AM",,OUTGOING,https://www.linkedin.com/in/aditya-mehra-b8644b326,https://www.linkedin.com/in/rafath-unisa-304b75263
Aditya Mehra,Saniya Khanum,"3/2/26, 12:26 AM",,OUTGOING,https://www.linkedin.com/in/aditya-mehra-b8644b326,https://www.linkedin.com/in/saniya-khanum-a51793228
Aditya Mehra,Suganya I,"3/1/26, 10:21 PM",,OUTGOING,https://www.linkedin.com/in/aditya-mehra-b8644b326,https://www.linkedin.com/in/suganya-i-733211138
Aditya Mehra,Shabnum Taj,"3/1/26, 10:21 PM",,OUTGOING,https://www.linkedin.com/in/aditya-mehra-b8644b326,https://www.linkedin.com/in/shabnum-taj-79254a1a1
Aditya Mehra,Rose Mary,"3/1/26, 10:21 PM",,OUTGOING,https://www.linkedin.com/in/aditya-mehra-b8644b326,https://www.linkedin.com/in/rose-mary-7388a181
Aditya Mehra,Adithya A S,"3/1/26, 10:20 PM",,OUTGOING,https://www.linkedin.com/in/aditya-mehra-b8644b326,https://www.linkedin.com/in/adithya-a-s-8ab52b214
Aditya Mehra,Binita Dhar,"3/1/26, 10:19 PM",,OUTGOING,https://www.linkedin.com/in/aditya-mehra-b8644b326,https://www.linkedin.com/in/binita-dhar-57a369211
Aditya Mehra,Sreejitha Bs,"3/1/26, 10:19 PM",,OUTGOING,https://www.linkedin.com/in/aditya-mehra-b8644b326,https://www.linkedin.com/in/sreejitha-bs-46b127193
Aditya Mehra,Manasi Patra,"3/1/26, 10:17 PM",,OUTGOING,https://www.linkedin.com/in/aditya-mehra-b8644b326,https://www.linkedin.com/in/manasi-rhetor
Aditya Mehra,Jenet M Augustine,"3/1/26, 10:17 PM",,OUTGOING,https://www.linkedin.com/in/aditya-mehra-b8644b326,https://www.linkedin.com/in/jenet-m-augustine
Aditya Mehra,Khushi Lakhmani,"3/1/26, 10:17 PM",,OUTGOING,https://www.linkedin.com/in/aditya-mehra-b8644b326,https://www.linkedin.com/in/khushi-lakhmani-472920316
Aditya Mehra,Anishka Singh,"3/1/26, 10:17 PM",,OUTGOING,https://www.linkedin.com/in/aditya-mehra-b8644b326,https://www.linkedin.com/in/anishka-singh-2433b3331
Aditya Mehra,Sudipta Deogade,"5/18/26, 11:17 AM",,OUTGOING,https://www.linkedin.com/in/aditya-mehra-b8644b326,https://www.linkedin.com/in/sudipta-deogade-91195532a
Aditya Mehra,Sreya S,"3/1/26, 10:17 PM",,OUTGOING,https://www.linkedin.com/in/aditya-mehra-b8644b326,https://www.linkedin.com/in/sreya-s-b858b2269
Aditya Mehra,Prisha Porwal,"3/1/26, 10:17 PM",,OUTGOING,https://www.linkedin.com/in/aditya-mehra-b8644b326,https://www.linkedin.com/in/prishaporwal1031
Aditya Mehra,Rafeeah Ayman,"3/1/26, 10:17 PM",,OUTGOING,https://www.linkedin.com/in/aditya-mehra-b8644b326,https://www.linkedin.com/in/rafeeah-ayman-69646a2b0
Aditya Mehra,Aadya  Sharma ,"3/1/26, 10:17 PM",,OUTGOING,https://www.linkedin.com/in/aditya-mehra-b8644b326,https://www.linkedin.com/in/aadya-sharma123
Aditya Mehra,Srijani Bhattacharya,"3/1/26, 10:17 PM",,OUTGOING,https://www.linkedin.com/in/aditya-mehra-b8644b326,https://www.linkedin.com/in/srijani-bhattacharya-3802973aa
Aditya Mehra,Sonal Sharma,"3/1/26, 10:16 PM",,OUTGOING,https://www.linkedin.com/in/aditya-mehra-b8644b326,https://www.linkedin.com/in/sonal-sharma-2730s
Aditya Mehra,Bhavana Omkar,"4/20/26, 12:06 PM",,OUTGOING,https://www.linkedin.com/in/aditya-mehra-b8644b326,https://www.linkedin.com/in/bhavana-omkar-6042592bb
Aditya Mehra,Pritimayee Nayak,"3/1/26, 10:16 PM",,OUTGOING,https://www.linkedin.com/in/aditya-mehra-b8644b326,https://www.linkedin.com/in/pritimayeenayak
Aditya Mehra,Ayesha Hadfa,"3/1/26, 10:17 PM",,OUTGOING,https://www.linkedin.com/in/aditya-mehra-b8644b326,https://www.linkedin.com/in/ayesha-hadfa
Aditya Mehra,Angela  P,"3/1/26, 10:17 PM",,OUTGOING,https://www.linkedin.com/in/aditya-mehra-b8644b326,https://www.linkedin.com/in/angela-p-9b9979261
Aditya Mehra,Divyanshi Bajiya,"3/1/26, 10:17 PM",,OUTGOING,https://www.linkedin.com/in/aditya-mehra-b8644b326,https://www.linkedin.com/in/divyanshi-bajiya
Aditya Mehra,Neha R,"5/18/26, 11:14 AM",,OUTGOING,https://www.linkedin.com/in/aditya-mehra-b8644b326,https://www.linkedin.com/in/neha-r-310775326
Aditya Mehra,SHOMIHA SAHA,"3/1/26, 10:16 PM",,OUTGOING,https://www.linkedin.com/in/aditya-mehra-b8644b326,https://www.linkedin.com/in/shomiha-saha-266924295
Aditya Mehra,Anushka singh,"3/1/26, 10:16 PM",,OUTGOING,https://www.linkedin.com/in/aditya-mehra-b8644b326,https://www.linkedin.com/in/anushka-singh-958b27289
Aditya Mehra,Nisha N,"3/1/26, 10:16 PM",,OUTGOING,https://www.linkedin.com/in/aditya-mehra-b8644b326,https://www.linkedin.com/in/nisha-n-baa40b320
Aditya Mehra,Aastha Chhetri,"3/1/26, 10:17 PM",,OUTGOING,https://www.linkedin.com/in/aditya-mehra-b8644b326,https://www.linkedin.com/in/aastha-chhetri
Aditya Mehra,Shivani Singh,"3/1/26, 10:16 PM",,OUTGOING,https://www.linkedin.com/in/aditya-mehra-b8644b326,https://www.linkedin.com/in/shivani-singh-79b9b13b3
Aditya Mehra,Samyukta Aloysius,"3/1/26, 10:16 PM",,OUTGOING,https://www.linkedin.com/in/aditya-mehra-b8644b326,https://www.linkedin.com/in/samyukta-aloysius-776201296
Aditya Mehra,Kavana H M,"3/1/26, 10:16 PM",,OUTGOING,https://www.linkedin.com/in/aditya-mehra-b8644b326,https://www.linkedin.com/in/kavana-h-m-357030358
Aditya Mehra,Ankita Ghosh Hazra,"2/24/26, 3:27 AM",,OUTGOING,https://www.linkedin.com/in/aditya-mehra-b8644b326,https://www.linkedin.com/in/ankita-ghosh-hazra-066b3916b
Aditya Mehra,Husnar shaik,"2/24/26, 3:27 AM",,OUTGOING,https://www.linkedin.com/in/aditya-mehra-b8644b326,https://www.linkedin.com/in/husnar-shaik
Aditya Mehra,Ganthimathi S,"2/24/26, 3:27 AM",,OUTGOING,https://www.linkedin.com/in/aditya-mehra-b8644b326,https://www.linkedin.com/in/ganthimathis
Aditya Mehra,Maneesha Thakur,"2/24/26, 3:27 AM",,OUTGOING,https://www.linkedin.com/in/aditya-mehra-b8644b326,https://www.linkedin.com/in/maneesha-thakur-28143a1a2
Aditya Mehra,Zalak Thakor,"2/24/26, 3:27 AM",,OUTGOING,https://www.linkedin.com/in/aditya-mehra-b8644b326,https://www.linkedin.com/in/zalak-thakor-6697a8228
Aditya Mehra,Sri Saranya,"2/24/26, 3:27 AM",,OUTGOING,https://www.linkedin.com/in/aditya-mehra-b8644b326,https://www.linkedin.com/in/sri-saranya-60475a213
Aditya Mehra,Divya H,"2/24/26, 3:27 AM",,OUTGOING,https://www.linkedin.com/in/aditya-mehra-b8644b326,https://www.linkedin.com/in/divya-h-a6220327b
Aditya Mehra,Anshika Yadav,"2/24/26, 3:27 AM",,OUTGOING,https://www.linkedin.com/in/aditya-mehra-b8644b326,https://www.linkedin.com/in/anshika-y-52b8b3290
Aditya Mehra,Arpitha B A,"2/24/26, 3:27 AM",,OUTGOING,https://www.linkedin.com/in/aditya-mehra-b8644b326,https://www.linkedin.com/in/arpitha-b-a-024754247
Aditya Mehra,Nandini Chandgothia,"2/24/26, 3:27 AM",,OUTGOING,https://www.linkedin.com/in/aditya-mehra-b8644b326,https://www.linkedin.com/in/nandinichandgothia7b45
Aditya Mehra,Arunima Singh,"2/24/26, 3:27 AM",,OUTGOING,https://www.linkedin.com/in/aditya-mehra-b8644b326,https://www.linkedin.com/in/arunima-singh-353024182
Aditya Mehra,Astha Singh,"2/24/26, 3:26 AM",,OUTGOING,https://www.linkedin.com/in/aditya-mehra-b8644b326,https://www.linkedin.com/in/astha-singh-86a586220
Aditya Mehra,Falak P Mehta,"2/24/26, 3:26 AM",,OUTGOING,https://www.linkedin.com/in/aditya-mehra-b8644b326,https://www.linkedin.com/in/falak-p-mehta-520906277
Aditya Mehra,Urja Goyal,"2/24/26, 3:26 AM",,OUTGOING,https://www.linkedin.com/in/aditya-mehra-b8644b326,https://www.linkedin.com/in/urja-goyal-065793342
Aditya Mehra,Priyanshi Sen,"2/24/26, 3:26 AM",,OUTGOING,https://www.linkedin.com/in/aditya-mehra-b8644b326,https://www.linkedin.com/in/priyanshi-sen
Aditya Mehra,Ria Damani,"2/24/26, 3:26 AM",,OUTGOING,https://www.linkedin.com/in/aditya-mehra-b8644b326,https://www.linkedin.com/in/ria-damani-8b4071301
Aditya Mehra,Shilpa Kwatra,"2/24/26, 3:26 AM",,OUTGOING,https://www.linkedin.com/in/aditya-mehra-b8644b326,https://www.linkedin.com/in/shilpa-kwatra-561428164
Aditya Mehra,Ishika Giri,"2/24/26, 3:26 AM",,OUTGOING,https://www.linkedin.com/in/aditya-mehra-b8644b326,https://www.linkedin.com/in/ishika-g-3297a4212
Aditya Mehra,Suraksha P,"2/24/26, 3:26 AM",,OUTGOING,https://www.linkedin.com/in/aditya-mehra-b8644b326,https://www.linkedin.com/in/suraksha-p-582161230
Aditya Mehra,Kavya Shree,"2/24/26, 3:26 AM",,OUTGOING,https://www.linkedin.com/in/aditya-mehra-b8644b326,https://www.linkedin.com/in/kavyashree1903
Aditya Mehra,Varshitha Kongara,"2/24/26, 3:26 AM",,OUTGOING,https://www.linkedin.com/in/aditya-mehra-b8644b326,https://www.linkedin.com/in/varshitha-kongara-ba6206234
Aditya Mehra,Nidhi Shridhar,"2/24/26, 3:26 AM",,OUTGOING,https://www.linkedin.com/in/aditya-mehra-b8644b326,https://www.linkedin.com/in/nidhishridhar9113469624
Aditya Mehra,Deepti Nair,"2/24/26, 3:26 AM",,OUTGOING,https://www.linkedin.com/in/aditya-mehra-b8644b326,https://www.linkedin.com/in/deepti-nair-442012232
Aditya Mehra,Ashwini Chauhan,"2/24/26, 3:26 AM",,OUTGOING,https://www.linkedin.com/in/aditya-mehra-b8644b326,https://www.linkedin.com/in/ashwini-chauhan-a89a90317
Aditya Mehra,Arya Mukherjee,"2/24/26, 3:26 AM",,OUTGOING,https://www.linkedin.com/in/aditya-mehra-b8644b326,https://www.linkedin.com/in/aryaa-mukherjee
Aditya Mehra,Sejal P Sajeev,"2/24/26, 3:26 AM",,OUTGOING,https://www.linkedin.com/in/aditya-mehra-b8644b326,https://www.linkedin.com/in/sejal-p-sajeev-a740952b3
Aditya Mehra,Rishika M,"2/24/26, 3:26 AM",,OUTGOING,https://www.linkedin.com/in/aditya-mehra-b8644b326,https://www.linkedin.com/in/rishika1475
Aditya Mehra,Madhulika Dutta,"2/24/26, 3:26 AM",,OUTGOING,https://www.linkedin.com/in/aditya-mehra-b8644b326,https://www.linkedin.com/in/madhulika-dutta-5b070b1a5
Aditya Mehra,Ashley Elsa Varghese,"2/24/26, 3:26 AM",,OUTGOING,https://www.linkedin.com/in/aditya-mehra-b8644b326,https://www.linkedin.com/in/ashley-elsa-varghese-b41772260
Aditya Mehra,Prerana Koliwad,"2/24/26, 3:26 AM",,OUTGOING,https://www.linkedin.com/in/aditya-mehra-b8644b326,https://www.linkedin.com/in/preranakoliwad
Aditya Mehra,Simran Singh,"2/24/26, 3:26 AM",,OUTGOING,https://www.linkedin.com/in/aditya-mehra-b8644b326,https://www.linkedin.com/in/simran-singh-03742b11b
Aditya Mehra,Kajal Sheth,"2/24/26, 3:26 AM",,OUTGOING,https://www.linkedin.com/in/aditya-mehra-b8644b326,https://www.linkedin.com/in/kajal-sheth-964593231
Aditya Mehra,Vanitha Gangula,"2/24/26, 3:25 AM",,OUTGOING,https://www.linkedin.com/in/aditya-mehra-b8644b326,https://www.linkedin.com/in/vanitha-gangula-b02517313
Aditya Mehra,Anushree Raikar,"2/24/26, 3:26 AM",,OUTGOING,https://www.linkedin.com/in/aditya-mehra-b8644b326,https://www.linkedin.com/in/anushree-raikar-6096461b8
Aditya Mehra,Divya Iyer,"2/24/26, 3:25 AM",,OUTGOING,https://www.linkedin.com/in/aditya-mehra-b8644b326,https://www.linkedin.com/in/divya-iyer-0a8662220
Aditya Mehra,Rasagnya Kuppili,"2/24/26, 3:26 AM",,OUTGOING,https://www.linkedin.com/in/aditya-mehra-b8644b326,https://www.linkedin.com/in/rasagnya-kuppili-447a22346
Aditya Mehra,Shreya Aggarwal,"2/24/26, 3:26 AM",,OUTGOING,https://www.linkedin.com/in/aditya-mehra-b8644b326,https://www.linkedin.com/in/shreya-aggarwal-90466b275
Aditya Mehra,Rani Kumari,"2/24/26, 3:26 AM",,OUTGOING,https://www.linkedin.com/in/aditya-mehra-b8644b326,https://www.linkedin.com/in/rani-kumari-74b3a3275
Aditya Mehra,Snehal Rashivade,"2/24/26, 3:26 AM",,OUTGOING,https://www.linkedin.com/in/aditya-mehra-b8644b326,https://www.linkedin.com/in/snehal-rashivade-6b756124b
Aditya Mehra,SHAGUN JAIN,"2/24/26, 3:26 AM",,OUTGOING,https://www.linkedin.com/in/aditya-mehra-b8644b326,https://www.linkedin.com/in/shagunnn
Aditya Mehra,Nidhi Marigoudar,"2/24/26, 3:25 AM",,OUTGOING,https://www.linkedin.com/in/aditya-mehra-b8644b326,https://www.linkedin.com/in/nidhi-marigoudar
Aditya Mehra,Shreenidhi Hegde,"2/24/26, 3:25 AM",,OUTGOING,https://www.linkedin.com/in/aditya-mehra-b8644b326,https://www.linkedin.com/in/shreenidhi-hegde-184174297
Aditya Mehra,Devanshi Tamrakar,"2/24/26, 3:26 AM",,OUTGOING,https://www.linkedin.com/in/aditya-mehra-b8644b326,https://www.linkedin.com/in/devanshi-tamrakar
Aditya Mehra,Revathi Ravind,"2/24/26, 3:25 AM",,OUTGOING,https://www.linkedin.com/in/aditya-mehra-b8644b326,https://www.linkedin.com/in/revathiravind001
Aditya Mehra,Jaya Bharti,"2/24/26, 3:25 AM",,OUTGOING,https://www.linkedin.com/in/aditya-mehra-b8644b326,https://www.linkedin.com/in/jaya-bharti-516797208
Aditya Mehra,Akanksha Mudragiri,"2/24/26, 3:25 AM",,OUTGOING,https://www.linkedin.com/in/aditya-mehra-b8644b326,https://www.linkedin.com/in/akanksha-mudragiri
Aditya Mehra,Nanditha S,"2/24/26, 3:25 AM",,OUTGOING,https://www.linkedin.com/in/aditya-mehra-b8644b326,https://www.linkedin.com/in/nanditha-s-228a77326
Aditya Mehra,Lakshmi Muralidharan,"2/24/26, 3:25 AM",,OUTGOING,https://www.linkedin.com/in/aditya-mehra-b8644b326,https://www.linkedin.com/in/lakshmi-muralidharan-5b74a61a4
Aditya Mehra,SHAILEENA JAIN,"2/24/26, 3:24 AM",,OUTGOING,https://www.linkedin.com/in/aditya-mehra-b8644b326,https://www.linkedin.com/in/shaileenajain
Aditya Mehra,Shresta B G,"2/24/26, 3:25 AM",,OUTGOING,https://www.linkedin.com/in/aditya-mehra-b8644b326,https://www.linkedin.com/in/shresta-b-g-1b150a23a
Aditya Mehra,Shreya Nayak,"2/24/26, 3:24 AM",,OUTGOING,https://www.linkedin.com/in/aditya-mehra-b8644b326,https://www.linkedin.com/in/shreya-nayak-8aa48b253
Aditya Mehra,Sneha A,"2/24/26, 3:24 AM",,OUTGOING,https://www.linkedin.com/in/aditya-mehra-b8644b326,https://www.linkedin.com/in/sneha-a-77b852300
Aditya Mehra,Lischitha c,"2/24/26, 3:24 AM",,OUTGOING,https://www.linkedin.com/in/aditya-mehra-b8644b326,https://www.linkedin.com/in/lischitha-c-533837355
Aditya Mehra,Monisha EG,"2/24/26, 3:24 AM",,OUTGOING,https://www.linkedin.com/in/aditya-mehra-b8644b326,https://www.linkedin.com/in/monisha-eg-
Aditya Mehra,Dakenaswari Raga Sivani Dintakurthy,"2/24/26, 3:24 AM",,OUTGOING,https://www.linkedin.com/in/aditya-mehra-b8644b326,https://www.linkedin.com/in/rsivani
Aditya Mehra,Sneha Vaidyanathan,"2/24/26, 3:23 AM",,OUTGOING,https://www.linkedin.com/in/aditya-mehra-b8644b326,https://www.linkedin.com/in/sneha-vaidyanathan-9b2b26261
Aditya Mehra,Palak Singh,"2/24/26, 3:23 AM",,OUTGOING,https://www.linkedin.com/in/aditya-mehra-b8644b326,https://www.linkedin.com/in/palak-singh-407529237
Aditya Mehra,Bhumika Mehta,"2/24/26, 3:23 AM",,OUTGOING,https://www.linkedin.com/in/aditya-mehra-b8644b326,https://www.linkedin.com/in/bhumika-mehta-dsu
Aditya Mehra,Hiral Kotecha,"2/22/26, 9:50 PM",,OUTGOING,https://www.linkedin.com/in/aditya-mehra-b8644b326,https://www.linkedin.com/in/hiral-kotecha
Aditya Mehra,Afrin Maryam Afzal,"2/22/26, 9:51 PM",,OUTGOING,https://www.linkedin.com/in/aditya-mehra-b8644b326,https://www.linkedin.com/in/afrin-maryam-afzal-78ab4324b
Aditya Mehra,T S Sreya,"2/22/26, 9:50 PM",,OUTGOING,https://www.linkedin.com/in/aditya-mehra-b8644b326,https://www.linkedin.com/in/t-s-sreya-5997b2288
Aditya Mehra,Pracheeta Bhattacharyya,"4/20/26, 12:07 PM",,OUTGOING,https://www.linkedin.com/in/aditya-mehra-b8644b326,https://www.linkedin.com/in/pracheeta-bhattacharyya-062485301
Aditya Mehra,Vaishnavi Handa,"2/22/26, 9:49 PM",,OUTGOING,https://www.linkedin.com/in/aditya-mehra-b8644b326,https://www.linkedin.com/in/vaishnavi-handa-8983ab2b5
Aditya Mehra,Alina James,"2/22/26, 9:48 PM",,OUTGOING,https://www.linkedin.com/in/aditya-mehra-b8644b326,https://www.linkedin.com/in/alina-james-3b3b89272
Aditya Mehra,Sayantani Ray,"2/22/26, 9:48 PM",,OUTGOING,https://www.linkedin.com/in/aditya-mehra-b8644b326,https://www.linkedin.com/in/sayantani-ray-154422371
Aditya Mehra,Gayathri P A,"3/23/26, 8:13 AM",,OUTGOING,https://www.linkedin.com/in/aditya-mehra-b8644b326,https://www.linkedin.com/in/gayathri-p-a-5144bb365
Aditya Mehra,Khushi Gupta,"2/22/26, 9:48 PM",,OUTGOING,https://www.linkedin.com/in/aditya-mehra-b8644b326,https://www.linkedin.com/in/khushi-gupta29
Aditya Mehra,Prerena kumari,"2/22/26, 9:48 PM",,OUTGOING,https://www.linkedin.com/in/aditya-mehra-b8644b326,https://www.linkedin.com/in/prerena-kumari-6566302b4
Aditya Mehra,Banitha Chetry,"2/22/26, 9:48 PM",,OUTGOING,https://www.linkedin.com/in/aditya-mehra-b8644b326,https://www.linkedin.com/in/banitha-chetry-1a0994392
Aditya Mehra,Aayesha Dey,"2/22/26, 9:47 PM",,OUTGOING,https://www.linkedin.com/in/aditya-mehra-b8644b326,https://www.linkedin.com/in/aayesha-dey-0a766a248
Aditya Mehra,Maria Tanisha Das,"4/27/26, 7:14 AM",,OUTGOING,https://www.linkedin.com/in/aditya-mehra-b8644b326,https://www.linkedin.com/in/maria-tanisha-das-32444b30a
Aditya Mehra,Sanjana Naveen,"2/22/26, 9:46 PM",,OUTGOING,https://www.linkedin.com/in/aditya-mehra-b8644b326,https://www.linkedin.com/in/sanjana-naveen-760505316
Aditya Mehra,Pooja Reddy H,"2/22/26, 9:46 PM",,OUTGOING,https://www.linkedin.com/in/aditya-mehra-b8644b326,https://www.linkedin.com/in/pooja-reddy-h-830609336
Aditya Mehra,Khushi Agrawal,"5/18/26, 11:16 AM",,OUTGOING,https://www.linkedin.com/in/aditya-mehra-b8644b326,https://www.linkedin.com/in/khushi-agrawal-a4906138b
Aditya Mehra,Gunjan K,"2/22/26, 9:45 PM",,OUTGOING,https://www.linkedin.com/in/aditya-mehra-b8644b326,https://www.linkedin.com/in/gunjan-k-037254266
Aditya Mehra,Esther Abraham,"2/22/26, 9:45 PM",,OUTGOING,https://www.linkedin.com/in/aditya-mehra-b8644b326,https://www.linkedin.com/in/esther-abraham-479147338
Aditya Mehra,Anjali Anna Jose,"2/22/26, 9:45 PM",,OUTGOING,https://www.linkedin.com/in/aditya-mehra-b8644b326,https://www.linkedin.com/in/anjaliannajose
Aditya Mehra,Nishi R Shah,"2/22/26, 9:45 PM",,OUTGOING,https://www.linkedin.com/in/aditya-mehra-b8644b326,https://www.linkedin.com/in/nishirshah12
Aditya Mehra,Haritha Shaji,"2/22/26, 9:45 PM",,OUTGOING,https://www.linkedin.com/in/aditya-mehra-b8644b326,https://www.linkedin.com/in/haritha-shaji-56b052348
Aditya Mehra,Lavanya Sharma,"2/22/26, 9:45 PM",,OUTGOING,https://www.linkedin.com/in/aditya-mehra-b8644b326,https://www.linkedin.com/in/lavanya-sharma-450171335
Aditya Mehra,Joanna Thomas,"2/22/26, 9:44 PM",,OUTGOING,https://www.linkedin.com/in/aditya-mehra-b8644b326,https://www.linkedin.com/in/joanna-thomas-6635aa32b
Aditya Mehra,KAVYA REDDY THOTA,"2/15/26, 4:23 AM",,OUTGOING,https://www.linkedin.com/in/aditya-mehra-b8644b326,https://www.linkedin.com/in/kavya-reddy-thota-604377293
Aditya Mehra,Brahmini Devanabanda,"2/15/26, 4:23 AM",,OUTGOING,https://www.linkedin.com/in/aditya-mehra-b8644b326,https://www.linkedin.com/in/brahmini-devanabanda-5a7771324
Aditya Mehra,Harini Shree R.G,"2/15/26, 4:22 AM",,OUTGOING,https://www.linkedin.com/in/aditya-mehra-b8644b326,https://www.linkedin.com/in/harini-shree-r-g-857081322
Aditya Mehra,Anushka Patra,"2/15/26, 4:22 AM",,OUTGOING,https://www.linkedin.com/in/aditya-mehra-b8644b326,https://www.linkedin.com/in/anushka-patra-ab58a9288
Aditya Mehra,Maanasa Sridhar,"2/15/26, 4:22 AM",,OUTGOING,https://www.linkedin.com/in/aditya-mehra-b8644b326,https://www.linkedin.com/in/maanasa-sridhar-589869284
Aditya Mehra,Snigdha Majumder,"2/15/26, 4:20 AM",,OUTGOING,https://www.linkedin.com/in/aditya-mehra-b8644b326,https://www.linkedin.com/in/snigdha-majumder-a18620160
Aditya Mehra,Sneha  Shukla,"2/15/26, 4:20 AM",,OUTGOING,https://www.linkedin.com/in/aditya-mehra-b8644b326,https://www.linkedin.com/in/snehadshukla1407
Aditya Mehra,Dhanyendu M,"2/15/26, 4:20 AM",,OUTGOING,https://www.linkedin.com/in/aditya-mehra-b8644b326,https://www.linkedin.com/in/dhanyendu-m0322
Aditya Mehra,Akshika Priya,"2/15/26, 4:19 AM",,OUTGOING,https://www.linkedin.com/in/aditya-mehra-b8644b326,https://www.linkedin.com/in/akshika-priya
Aditya Mehra,Sneha Suman,"2/15/26, 4:19 AM",,OUTGOING,https://www.linkedin.com/in/aditya-mehra-b8644b326,https://www.linkedin.com/in/sneha-suman-4488591a0
Aditya Mehra,Sharmila Farooq,"2/15/26, 4:19 AM",,OUTGOING,https://www.linkedin.com/in/aditya-mehra-b8644b326,https://www.linkedin.com/in/sharmila-farooq-bb4215166
Aditya Mehra,Kaajjal Guptaa,"2/15/26, 4:19 AM",,OUTGOING,https://www.linkedin.com/in/aditya-mehra-b8644b326,https://www.linkedin.com/in/kajalgupta0594
Aditya Mehra,Anto Diana,"2/15/26, 4:18 AM",,OUTGOING,https://www.linkedin.com/in/aditya-mehra-b8644b326,https://www.linkedin.com/in/anto-diana-54ba67147
Aditya Mehra,Surabhi Patel,"2/15/26, 4:18 AM",,OUTGOING,https://www.linkedin.com/in/aditya-mehra-b8644b326,https://www.linkedin.com/in/surabhi-patel
Aditya Mehra,Priyanka Gupta,"2/15/26, 4:17 AM",,OUTGOING,https://www.linkedin.com/in/aditya-mehra-b8644b326,https://www.linkedin.com/in/priyankaparashar
Aditya Mehra,Bhavana K,"2/15/26, 4:18 AM",,OUTGOING,https://www.linkedin.com/in/aditya-mehra-b8644b326,https://www.linkedin.com/in/bhavana-k-1116651b9
Aditya Mehra,Sumithra SR,"2/15/26, 4:15 AM",,OUTGOING,https://www.linkedin.com/in/aditya-mehra-b8644b326,https://www.linkedin.com/in/sumithra-sr-5471a91bb
Aditya Mehra,Archana Rao Sarrgur,"2/15/26, 4:15 AM",,OUTGOING,https://www.linkedin.com/in/aditya-mehra-b8644b326,https://www.linkedin.com/in/archana-rakshith
Aditya Mehra,Tejaswini .,"2/15/26, 4:15 AM",,OUTGOING,https://www.linkedin.com/in/aditya-mehra-b8644b326,https://www.linkedin.com/in/tejaswini-6bb20620b
Aditya Mehra,Prajitha Jain,"2/15/26, 4:15 AM",,OUTGOING,https://www.linkedin.com/in/aditya-mehra-b8644b326,https://www.linkedin.com/in/prajitha-jain-09b90b102
Aditya Mehra,Maahika Pathak,"2/15/26, 4:14 AM",,OUTGOING,https://www.linkedin.com/in/aditya-mehra-b8644b326,https://www.linkedin.com/in/maahika-pathak-3957a3293
Aditya Mehra,Sanjana R,"2/15/26, 4:14 AM",,OUTGOING,https://www.linkedin.com/in/aditya-mehra-b8644b326,https://www.linkedin.com/in/sanjana-r-aa1a52245
Aditya Mehra,Ashwini babu,"2/15/26, 4:14 AM",,OUTGOING,https://www.linkedin.com/in/aditya-mehra-b8644b326,https://www.linkedin.com/in/ashwini-babu-54502a217
Aditya Mehra,Yajnaseni Dasgupta,"2/15/26, 4:13 AM",,OUTGOING,https://www.linkedin.com/in/aditya-mehra-b8644b326,https://www.linkedin.com/in/yajnasenidasgupta
Aditya Mehra,Swathi S,"2/15/26, 4:13 AM",,OUTGOING,https://www.linkedin.com/in/aditya-mehra-b8644b326,https://www.linkedin.com/in/swathi-s-1abb8ba7
Aditya Mehra,Amrutha Allimada,"2/15/26, 4:13 AM",,OUTGOING,https://www.linkedin.com/in/aditya-mehra-b8644b326,https://www.linkedin.com/in/amrutha-allimada-8b7a43118
Aditya Mehra,Priyanka Priyadarshani,"2/15/26, 4:13 AM",,OUTGOING,https://www.linkedin.com/in/aditya-mehra-b8644b326,https://www.linkedin.com/in/priyanka-priyadarshani-8b0346156
Aditya Mehra,Sneha dadhich ,"2/15/26, 4:12 AM",,OUTGOING,https://www.linkedin.com/in/aditya-mehra-b8644b326,https://www.linkedin.com/in/sneha-dadhich-928388206
Aditya Mehra,Vanshika Pachisia,"2/15/26, 4:12 AM",,OUTGOING,https://www.linkedin.com/in/aditya-mehra-b8644b326,https://www.linkedin.com/in/vanshika-pachisia-984bb017a
Aditya Mehra,Navroop Jagotra,"2/15/26, 4:12 AM",,OUTGOING,https://www.linkedin.com/in/aditya-mehra-b8644b326,https://www.linkedin.com/in/navroop-jagotra-155090219
Aditya Mehra,Shifali Chandrashekar ,"2/15/26, 4:12 AM",,OUTGOING,https://www.linkedin.com/in/aditya-mehra-b8644b326,https://www.linkedin.com/in/shifali-chandrashekar-65a00120a
Aditya Mehra,Suvarna Bhandary,"2/15/26, 4:12 AM",,OUTGOING,https://www.linkedin.com/in/aditya-mehra-b8644b326,https://www.linkedin.com/in/suvarna-bhandary-75a6a0258
Aditya Mehra,Priya Shukla,"2/15/26, 4:11 AM",,OUTGOING,https://www.linkedin.com/in/aditya-mehra-b8644b326,https://www.linkedin.com/in/priya-shukla-9334b6111
Aditya Mehra,Priyanka Chakkirala,"2/15/26, 4:11 AM",,OUTGOING,https://www.linkedin.com/in/aditya-mehra-b8644b326,https://www.linkedin.com/in/priyanka-chakkirala-0525bb181
Aditya Mehra,Jasmin Shaik,"2/15/26, 4:12 AM",,OUTGOING,https://www.linkedin.com/in/aditya-mehra-b8644b326,https://www.linkedin.com/in/jasmin-shaik-b7642a190
Aditya Mehra,Ashima Vohra,"2/15/26, 4:08 AM",,OUTGOING,https://www.linkedin.com/in/aditya-mehra-b8644b326,https://www.linkedin.com/in/ashima-vohra-673b8b219
Aditya Mehra,Rekha Nadumane,"2/15/26, 4:08 AM",,OUTGOING,https://www.linkedin.com/in/aditya-mehra-b8644b326,https://www.linkedin.com/in/rekha-nadumane-78ba2613b
Aditya Mehra,Neeharika Madhusudan,"2/15/26, 4:07 AM",,OUTGOING,https://www.linkedin.com/in/aditya-mehra-b8644b326,https://www.linkedin.com/in/neeharika-madhusudan-65095615a
Aditya Mehra,Dhivya Bharathi K,"2/15/26, 4:08 AM",,OUTGOING,https://www.linkedin.com/in/aditya-mehra-b8644b326,https://www.linkedin.com/in/dhivya-bharathi-k-378126217
Aditya Mehra,Aishwarya Suresh,"2/15/26, 4:07 AM",,OUTGOING,https://www.linkedin.com/in/aditya-mehra-b8644b326,https://www.linkedin.com/in/aishwarya-suresh-b893a9229
Aditya Mehra,Shilpa Shree R,"2/15/26, 4:07 AM",,OUTGOING,https://www.linkedin.com/in/aditya-mehra-b8644b326,https://www.linkedin.com/in/shilpashree1807
Aditya Mehra,Drishti Bhadra,"2/15/26, 4:07 AM",,OUTGOING,https://www.linkedin.com/in/aditya-mehra-b8644b326,https://www.linkedin.com/in/drishti-bhadra-hr
Aditya Mehra,Varada Jayadev,"2/15/26, 4:07 AM",,OUTGOING,https://www.linkedin.com/in/aditya-mehra-b8644b326,https://www.linkedin.com/in/varada-jayadev-b7522116b
Aditya Mehra,Shreya Sharma,"2/15/26, 4:07 AM",,OUTGOING,https://www.linkedin.com/in/aditya-mehra-b8644b326,https://www.linkedin.com/in/shreya-sharma-72b3a174
Aditya Mehra,Pooja Holla,"2/15/26, 4:06 AM",,OUTGOING,https://www.linkedin.com/in/aditya-mehra-b8644b326,https://www.linkedin.com/in/poojaholla
Aditya Mehra,DISHA BISWAS,"2/15/26, 4:04 AM",,OUTGOING,https://www.linkedin.com/in/aditya-mehra-b8644b326,https://www.linkedin.com/in/disha-biswas-a37120209
Aditya Mehra,Diviita Dutta,"2/15/26, 4:02 AM",,OUTGOING,https://www.linkedin.com/in/aditya-mehra-b8644b326,https://www.linkedin.com/in/divita-dutta-hr
Aditya Mehra,Deepshikha Goyal,"2/5/26, 11:11 PM",,OUTGOING,https://www.linkedin.com/in/aditya-mehra-b8644b326,https://www.linkedin.com/in/deepshikha-goyal-b2a7821a4
Aditya Mehra,Anushrita  Mitra,"2/5/26, 11:11 PM",,OUTGOING,https://www.linkedin.com/in/aditya-mehra-b8644b326,https://www.linkedin.com/in/anushrita-mitra-42947420b
Aditya Mehra,Melensia Merlyn P,"2/5/26, 11:10 PM",,OUTGOING,https://www.linkedin.com/in/aditya-mehra-b8644b326,https://www.linkedin.com/in/merlynp
Aditya Mehra,Deeksha Shakya,"2/5/26, 11:09 PM",,OUTGOING,https://www.linkedin.com/in/aditya-mehra-b8644b326,https://www.linkedin.com/in/deeksha-s-0874692a2
Aditya Mehra,Mariya George,"2/5/26, 11:08 PM",,OUTGOING,https://www.linkedin.com/in/aditya-mehra-b8644b326,https://www.linkedin.com/in/mariya-george-852365255
Aditya Mehra,Gamana Gowda,"2/5/26, 11:07 PM",,OUTGOING,https://www.linkedin.com/in/aditya-mehra-b8644b326,https://www.linkedin.com/in/gamana-gowda-81040036b
Aditya Mehra,Namrata Vinod,"4/27/26, 7:15 AM",,OUTGOING,https://www.linkedin.com/in/aditya-mehra-b8644b326,https://www.linkedin.com/in/namrata-vinod-b38721259
Aditya Mehra,Alexis Natalia Beschi,"2/5/26, 11:06 PM",,OUTGOING,https://www.linkedin.com/in/aditya-mehra-b8644b326,https://www.linkedin.com/in/alexis-natalia-beschi
Aditya Mehra,Angel Smritika Tirkey,"3/23/26, 10:44 PM",,OUTGOING,https://www.linkedin.com/in/aditya-mehra-b8644b326,https://www.linkedin.com/in/angel-smritika-tirkey-394864325
Aditya Mehra,Nishtha Chidar,"2/5/26, 11:06 PM",,OUTGOING,https://www.linkedin.com/in/aditya-mehra-b8644b326,https://www.linkedin.com/in/nishtha-chidar-27844b242
Aditya Mehra,Rishita Drolia,"6/1/26, 6:24 AM",,OUTGOING,https://www.linkedin.com/in/aditya-mehra-b8644b326,https://www.linkedin.com/in/rishita-drolia
Aditya Mehra,Purvita Parmaj,"4/27/26, 7:18 AM",,OUTGOING,https://www.linkedin.com/in/aditya-mehra-b8644b326,https://www.linkedin.com/in/purvita-parmaj-7782a42a0
Aditya Mehra,Arya Sahu,"2/4/26, 1:54 AM",,OUTGOING,https://www.linkedin.com/in/aditya-mehra-b8644b326,https://www.linkedin.com/in/arya-sahu-834b20391
Aditya Mehra,Advika Sucheth,"2/4/26, 1:53 AM",,OUTGOING,https://www.linkedin.com/in/aditya-mehra-b8644b326,https://www.linkedin.com/in/advika-sucheth-12b974259
Aditya Mehra,Gagana Deepa C S,"2/4/26, 1:52 AM",,OUTGOING,https://www.linkedin.com/in/aditya-mehra-b8644b326,https://www.linkedin.com/in/gagana-deepa-c-s-b869a93a2
Aditya Mehra,Yuvana E K,"2/4/26, 1:52 AM",,OUTGOING,https://www.linkedin.com/in/aditya-mehra-b8644b326,https://www.linkedin.com/in/yuvana-e-k
Aditya Mehra,Deeksha P,"4/27/26, 7:17 AM",,OUTGOING,https://www.linkedin.com/in/aditya-mehra-b8644b326,https://www.linkedin.com/in/dveenamrutha
Aditya Mehra,Unnati Choudhry,"2/4/26, 1:48 AM",,OUTGOING,https://www.linkedin.com/in/aditya-mehra-b8644b326,https://www.linkedin.com/in/unnati-choudhry-328929283
Aditya Mehra,Harini Sivakumar,"4/27/26, 7:15 AM",,OUTGOING,https://www.linkedin.com/in/aditya-mehra-b8644b326,https://www.linkedin.com/in/harini-sivakumar-54392a358
Aditya Mehra,Gayathri Deepa,"2/4/26, 1:47 AM",,OUTGOING,https://www.linkedin.com/in/aditya-mehra-b8644b326,https://www.linkedin.com/in/gayathrid2003
Aditya Mehra,Renuka Srilakshmi,"5/5/26, 3:59 AM",,OUTGOING,https://www.linkedin.com/in/aditya-mehra-b8644b326,https://www.linkedin.com/in/renukasrilakshmi
Aditya Mehra,Saathvika Ravi,"2/4/26, 1:46 AM",,OUTGOING,https://www.linkedin.com/in/aditya-mehra-b8644b326,https://www.linkedin.com/in/saathvika-ravi-86a7a2265
Aditya Mehra,Vydehi Saragadam,"2/4/26, 1:46 AM",,OUTGOING,https://www.linkedin.com/in/aditya-mehra-b8644b326,https://www.linkedin.com/in/vydehi-saragadam-092231246
Aditya Mehra,Serena Kaul,"5/18/26, 11:18 AM",,OUTGOING,https://www.linkedin.com/in/aditya-mehra-b8644b326,https://www.linkedin.com/in/serena-kaul-980b57284
Aditya Mehra,Nandini Sureka,"2/4/26, 1:44 AM",,OUTGOING,https://www.linkedin.com/in/aditya-mehra-b8644b326,https://www.linkedin.com/in/nandini-sureka-bb3aa9347
Aditya Mehra,Vishakha Khandelwal,"5/18/26, 11:16 AM",,OUTGOING,https://www.linkedin.com/in/aditya-mehra-b8644b326,https://www.linkedin.com/in/vishakhakhandelwalwal10
Aditya Mehra,Neelanjana Singh,"2/4/26, 1:43 AM",,OUTGOING,https://www.linkedin.com/in/aditya-mehra-b8644b326,https://www.linkedin.com/in/neelanjanasingh
Aditya Mehra,Ashvika Bhardwaj,"2/4/26, 1:43 AM",,OUTGOING,https://www.linkedin.com/in/aditya-mehra-b8644b326,https://www.linkedin.com/in/ashvika-bhardwaj-322b47369
Aditya Mehra,Mihira Bembey,"2/4/26, 1:42 AM",,OUTGOING,https://www.linkedin.com/in/aditya-mehra-b8644b326,https://www.linkedin.com/in/mihira-bembey
Aditya Mehra,Priyasha Roy,"2/4/26, 1:42 AM",,OUTGOING,https://www.linkedin.com/in/aditya-mehra-b8644b326,https://www.linkedin.com/in/priyasharoy
Aditya Mehra,Yanshi Vijayvergiya,"3/2/26, 12:27 AM",,OUTGOING,https://www.linkedin.com/in/aditya-mehra-b8644b326,https://www.linkedin.com/in/yanshi-vijayvergiya
Aditya Mehra,Krishnendu Sajeev,"6/8/26, 6:35 AM",,OUTGOING,https://www.linkedin.com/in/aditya-mehra-b8644b326,https://www.linkedin.com/in/krishnendu-sajeev-76362a310
Aditya Mehra,Harshitha A N,"2/4/26, 1:40 AM",,OUTGOING,https://www.linkedin.com/in/aditya-mehra-b8644b326,https://www.linkedin.com/in/harshithaan12
Aditya Mehra,Chandana R,"4/20/26, 12:11 PM",,OUTGOING,https://www.linkedin.com/in/aditya-mehra-b8644b326,https://www.linkedin.com/in/chandana-r-358b51381
Aditya Mehra,Ashley RS,"2/4/26, 1:39 AM",,OUTGOING,https://www.linkedin.com/in/aditya-mehra-b8644b326,https://www.linkedin.com/in/ashley-rs-b58660355
Aditya Mehra,Shetty Kshama Sadanand ,"2/4/26, 1:39 AM",,OUTGOING,https://www.linkedin.com/in/aditya-mehra-b8644b326,https://www.linkedin.com/in/shetty-kshama-sadanand-191a253a2
Aditya Mehra,Kopika Kannan,"2/4/26, 1:39 AM",,OUTGOING,https://www.linkedin.com/in/aditya-mehra-b8644b326,https://www.linkedin.com/in/kopika-kannan-09a887320
Aditya Mehra,Pari Gangwal,"2/4/26, 1:39 AM",,OUTGOING,https://www.linkedin.com/in/aditya-mehra-b8644b326,https://www.linkedin.com/in/pari-gangwal
Aditya Mehra,Gargi  Patel,"2/4/26, 1:38 AM",,OUTGOING,https://www.linkedin.com/in/aditya-mehra-b8644b326,https://www.linkedin.com/in/gargi-patel1314
Aditya Mehra,pournami jayaraj,"3/1/26, 10:16 PM",,OUTGOING,https://www.linkedin.com/in/aditya-mehra-b8644b326,https://www.linkedin.com/in/pournami-jayaraj-921b03315
Aditya Mehra,Shrinjini Samanta,"2/4/26, 1:36 AM",,OUTGOING,https://www.linkedin.com/in/aditya-mehra-b8644b326,https://www.linkedin.com/in/shrinjinisamanta
Aditya Mehra,Vishnu Vilashini S,"3/2/26, 12:28 AM",,OUTGOING,https://www.linkedin.com/in/aditya-mehra-b8644b326,https://www.linkedin.com/in/vishnu-vilashini-s-7b6465257
Aditya Mehra,YASHIKA SHARMA,"3/2/26, 12:28 AM",,OUTGOING,https://www.linkedin.com/in/aditya-mehra-b8644b326,https://www.linkedin.com/in/yashika-sharma-1408832b8
Aditya Mehra,Nishtha Dayal,"2/4/26, 1:34 AM",,OUTGOING,https://www.linkedin.com/in/aditya-mehra-b8644b326,https://www.linkedin.com/in/nishtha-dayal
Aditya Mehra,Aditi Alwyn,"1/28/26, 1:58 AM",,OUTGOING,https://www.linkedin.com/in/aditya-mehra-b8644b326,https://www.linkedin.com/in/aditi-alwyn-698b0a322
Aditya Mehra,Tiara Marie,"5/18/26, 11:14 AM",,OUTGOING,https://www.linkedin.com/in/aditya-mehra-b8644b326,https://www.linkedin.com/in/tiara-warjri-
Aditya Mehra,Jyoti Choudhary,"1/28/26, 1:57 AM",,OUTGOING,https://www.linkedin.com/in/aditya-mehra-b8644b326,https://www.linkedin.com/in/jyoti-choudhary-523963170
Aditya Mehra,Vidhi Bansal,"1/19/26, 8:24 AM",,OUTGOING,https://www.linkedin.com/in/aditya-mehra-b8644b326,https://www.linkedin.com/in/bansalvidhi10
Aditya Mehra,Aditi Tayde,"1/19/26, 8:24 AM",,OUTGOING,https://www.linkedin.com/in/aditya-mehra-b8644b326,https://www.linkedin.com/in/aditi-tayde
Aditya Mehra,Dr. Richa Verma,"1/19/26, 8:24 AM",,OUTGOING,https://www.linkedin.com/in/aditya-mehra-b8644b326,https://www.linkedin.com/in/richaverma01
Aditya Mehra,Navya U,"1/19/26, 8:24 AM",,OUTGOING,https://www.linkedin.com/in/aditya-mehra-b8644b326,https://www.linkedin.com/in/navya-u
Aditya Mehra,Neetika Agrawal,"1/19/26, 8:22 AM",,OUTGOING,https://www.linkedin.com/in/aditya-mehra-b8644b326,https://www.linkedin.com/in/neetika-agrawal-na1189
Aditya Mehra,Priyadarshani Padhy,"1/19/26, 8:20 AM",,OUTGOING,https://www.linkedin.com/in/aditya-mehra-b8644b326,https://www.linkedin.com/in/priyadarshani-padhy-7885ba1a4
Aditya Mehra,Deepika M,"1/19/26, 8:18 AM",,OUTGOING,https://www.linkedin.com/in/aditya-mehra-b8644b326,https://www.linkedin.com/in/deepika-m-023a41253
Aditya Mehra,Dayana Mary p,"1/19/26, 8:17 AM",,OUTGOING,https://www.linkedin.com/in/aditya-mehra-b8644b326,https://www.linkedin.com/in/dayana-mary-p-1b79791a0
Aditya Mehra,Monalisha Singh Deo,"1/19/26, 8:17 AM",,OUTGOING,https://www.linkedin.com/in/aditya-mehra-b8644b326,https://www.linkedin.com/in/monalisha-singh-deo-a97407217
Aditya Mehra,Lipsita priyaddarshini,"1/19/26, 8:15 AM",,OUTGOING,https://www.linkedin.com/in/aditya-mehra-b8644b326,https://www.linkedin.com/in/lipsita-priyaddarshini-47353b284
Aditya Mehra,Dyana Horta,"1/19/26, 8:15 AM",,OUTGOING,https://www.linkedin.com/in/aditya-mehra-b8644b326,https://www.linkedin.com/in/dyana-horta-387b5971
Aditya Mehra,Nancy  Christopher,"1/19/26, 8:15 AM",,OUTGOING,https://www.linkedin.com/in/aditya-mehra-b8644b326,https://www.linkedin.com/in/nancy-christopher-a597911ab
Aditya Mehra,Karthika Jayachandran,"1/19/26, 8:15 AM",,OUTGOING,https://www.linkedin.com/in/aditya-mehra-b8644b326,https://www.linkedin.com/in/karthika-jayachandran-1445a5215
Aditya Mehra,Jayasree Prakash,"1/19/26, 8:10 AM",,OUTGOING,https://www.linkedin.com/in/aditya-mehra-b8644b326,https://www.linkedin.com/in/jayasree-prakash-9b3b1321b
Aditya Mehra,Namrata Navadgi,"1/19/26, 8:09 AM",,OUTGOING,https://www.linkedin.com/in/aditya-mehra-b8644b326,https://www.linkedin.com/in/namrata-navadgi-86b53b87
Aditya Mehra,Purva Katakwar,"1/19/26, 8:07 AM",,OUTGOING,https://www.linkedin.com/in/aditya-mehra-b8644b326,https://www.linkedin.com/in/purva-katakwar-419112205
Aditya Mehra,Palak Chauhan,"1/19/26, 8:05 AM",,OUTGOING,https://www.linkedin.com/in/aditya-mehra-b8644b326,https://www.linkedin.com/in/palak-chauhan-0625a9328
Aditya Mehra,LIPSA PARIDA,"4/27/26, 7:18 AM",,OUTGOING,https://www.linkedin.com/in/aditya-mehra-b8644b326,https://www.linkedin.com/in/lipsa-parida-47a041267
Aditya Mehra,harini adapa,"1/19/26, 8:05 AM",,OUTGOING,https://www.linkedin.com/in/aditya-mehra-b8644b326,https://www.linkedin.com/in/harini-adapa-8b221a2b7
Aditya Mehra,vyshnavireddy Dayyala,"5/18/26, 11:15 AM",,OUTGOING,https://www.linkedin.com/in/aditya-mehra-b8644b326,https://www.linkedin.com/in/vyshnavireddy-dayyala-92890139b
Aditya Mehra,Ritisha .k,"4/27/26, 7:17 AM",,OUTGOING,https://www.linkedin.com/in/aditya-mehra-b8644b326,https://www.linkedin.com/in/ritishakota
Aditya Mehra,Varuni Kulkarni,"3/23/26, 10:44 PM",,OUTGOING,https://www.linkedin.com/in/aditya-mehra-b8644b326,https://www.linkedin.com/in/varuni-kulkarni-476aa311b
Aditya Mehra,Shree Bharadwaj H M,"6/8/26, 6:34 AM",,OUTGOING,https://www.linkedin.com/in/aditya-mehra-b8644b326,https://www.linkedin.com/in/shreebharadwaj25
Aditya Mehra,Shaina Noushad,"6/1/26, 6:28 AM",,OUTGOING,https://www.linkedin.com/in/aditya-mehra-b8644b326,https://www.linkedin.com/in/shaina-noushad
Aditya Mehra,M  Pravallika .,"1/15/26, 3:10 AM",,OUTGOING,https://www.linkedin.com/in/aditya-mehra-b8644b326,https://www.linkedin.com/in/minumanuri-pravallika
Aditya Mehra,Niveditha Ravi,"1/15/26, 3:08 AM",,OUTGOING,https://www.linkedin.com/in/aditya-mehra-b8644b326,https://www.linkedin.com/in/niveditha0605
Aditya Mehra,Ankita Burman,"4/27/26, 7:19 AM",,OUTGOING,https://www.linkedin.com/in/aditya-mehra-b8644b326,https://www.linkedin.com/in/ankita-burman-9b8976235
Aditya Mehra,Jankki  Shankar ,"1/15/26, 3:05 AM",,OUTGOING,https://www.linkedin.com/in/aditya-mehra-b8644b326,https://www.linkedin.com/in/jankki-shankar-808911269
Aditya Mehra,DEVANANDA PRAMOD,"4/8/26, 4:31 AM",,OUTGOING,https://www.linkedin.com/in/aditya-mehra-b8644b326,https://www.linkedin.com/in/devananda-pramod
Aditya Mehra,Manoranjana Kothari,"1/15/26, 3:04 AM",,OUTGOING,https://www.linkedin.com/in/aditya-mehra-b8644b326,https://www.linkedin.com/in/manoranjana-kothari-b03a75273
Aditya Mehra,Navya Dua,"4/20/26, 12:08 PM",,OUTGOING,https://www.linkedin.com/in/aditya-mehra-b8644b326,https://www.linkedin.com/in/navyadua
Aditya Mehra,shivani siva,"1/15/26, 3:03 AM",,OUTGOING,https://www.linkedin.com/in/aditya-mehra-b8644b326,https://www.linkedin.com/in/shivani-siva-113594289
Aditya Mehra,Vallari  Waghmare,"3/23/26, 8:14 AM",,OUTGOING,https://www.linkedin.com/in/aditya-mehra-b8644b326,https://www.linkedin.com/in/vallari-waghmare-2514a41a4
Aditya Mehra,Pranuthi Nutheti,"1/15/26, 3:01 AM",,OUTGOING,https://www.linkedin.com/in/aditya-mehra-b8644b326,https://www.linkedin.com/in/pranuthinutheti
Aditya Mehra,Kushi Pal,"4/20/26, 12:11 PM",,OUTGOING,https://www.linkedin.com/in/aditya-mehra-b8644b326,https://www.linkedin.com/in/kushi-pal-a825512a8
Aditya Mehra,Thanusha Reddy,"4/27/26, 7:15 AM",,OUTGOING,https://www.linkedin.com/in/aditya-mehra-b8644b326,https://www.linkedin.com/in/thanusha-reddy-42b1062a1
Aditya Mehra,Shachi Rai,"4/27/26, 7:22 AM",,OUTGOING,https://www.linkedin.com/in/aditya-mehra-b8644b326,https://www.linkedin.com/in/shachirai2205
Aditya Mehra,Ashwini SK SHRM certified (She/Her),"1/8/26, 3:39 AM",,OUTGOING,https://www.linkedin.com/in/aditya-mehra-b8644b326,https://www.linkedin.com/in/ashwini-sk
Aditya Mehra,Bhavana Jaiswal,"1/8/26, 3:38 AM",,OUTGOING,https://www.linkedin.com/in/aditya-mehra-b8644b326,https://www.linkedin.com/in/bhavana-jaiswal-40a7101b4
Aditya Mehra,Nitya Raj,"1/8/26, 3:36 AM",,OUTGOING,https://www.linkedin.com/in/aditya-mehra-b8644b326,https://www.linkedin.com/in/nitya-raj-9a0b101b8
Aditya Mehra,Sandhya B Sriram,"1/8/26, 3:36 AM",,OUTGOING,https://www.linkedin.com/in/aditya-mehra-b8644b326,https://www.linkedin.com/in/sandhyabsriram15
Aditya Mehra,Aneesha Sasidharan,"1/8/26, 3:35 AM",,OUTGOING,https://www.linkedin.com/in/aditya-mehra-b8644b326,https://www.linkedin.com/in/aneesha-sasidharan
Aditya Mehra,Sravanthi Vemu,"1/8/26, 3:34 AM",,OUTGOING,https://www.linkedin.com/in/aditya-mehra-b8644b326,https://www.linkedin.com/in/sravanthi-vemu-7b569b46
Aditya Mehra,Neha Jaiswal,"1/8/26, 3:34 AM",,OUTGOING,https://www.linkedin.com/in/aditya-mehra-b8644b326,https://www.linkedin.com/in/nehajais
Aditya Mehra,Sowmya V Rao,"1/8/26, 3:33 AM",,OUTGOING,https://www.linkedin.com/in/aditya-mehra-b8644b326,https://www.linkedin.com/in/sowmyahr666
Aditya Mehra,Harshitha Bhat,"1/8/26, 3:31 AM",,OUTGOING,https://www.linkedin.com/in/aditya-mehra-b8644b326,https://www.linkedin.com/in/harshitha-bhat-76442b239
Aditya Mehra,Bindu L Poojary,"1/7/26, 11:14 AM",,OUTGOING,https://www.linkedin.com/in/aditya-mehra-b8644b326,https://www.linkedin.com/in/poojarybindu
Aditya Mehra,hana mariyam,"4/27/26, 7:22 AM",,OUTGOING,https://www.linkedin.com/in/aditya-mehra-b8644b326,https://www.linkedin.com/in/hana-mariyam-9a557528b
Aditya Mehra,Sonal Garg,"1/6/26, 11:34 PM",,OUTGOING,https://www.linkedin.com/in/aditya-mehra-b8644b326,https://www.linkedin.com/in/sonal-garg-a67526346
Aditya Mehra,Sakshi Mittal,"1/5/26, 7:16 AM",,OUTGOING,https://www.linkedin.com/in/aditya-mehra-b8644b326,https://www.linkedin.com/in/sakshi-mittal-060b58107
Aditya Mehra,Chandrakala k,"1/5/26, 7:15 AM",,OUTGOING,https://www.linkedin.com/in/aditya-mehra-b8644b326,https://www.linkedin.com/in/chandrakala-k-ab7359128
Aditya Mehra,Sneha Agarwal Singh,"3/23/26, 8:12 AM",,OUTGOING,https://www.linkedin.com/in/aditya-mehra-b8644b326,https://www.linkedin.com/in/sneha-agarwal-singh-04777830b
Aditya Mehra,Akansha Agarwal,"6/1/26, 6:24 AM",,OUTGOING,https://www.linkedin.com/in/aditya-mehra-b8644b326,https://www.linkedin.com/in/akanshaanil
Aditya Mehra,Anusha Vibhutimath,"12/29/25, 6:27 AM",,OUTGOING,https://www.linkedin.com/in/aditya-mehra-b8644b326,https://www.linkedin.com/in/anusha-vibhutimath-1ba315282
Aditya Mehra,Aarushi Gakhar,"12/29/25, 6:26 AM",,OUTGOING,https://www.linkedin.com/in/aditya-mehra-b8644b326,https://www.linkedin.com/in/aarushigakhar
Aditya Mehra,Janvi Vipith,"12/29/25, 6:24 AM",,OUTGOING,https://www.linkedin.com/in/aditya-mehra-b8644b326,https://www.linkedin.com/in/janvivipith
Aditya Mehra,Tishya Bahadur,"12/29/25, 6:17 AM",,OUTGOING,https://www.linkedin.com/in/aditya-mehra-b8644b326,https://www.linkedin.com/in/tishya-bahadur-795947371
Aditya Mehra,Pooja Maney,"12/29/25, 6:16 AM",,OUTGOING,https://www.linkedin.com/in/aditya-mehra-b8644b326,https://www.linkedin.com/in/pooja-maney-905721227
Aditya Mehra,KRITHIKA R,"12/29/25, 6:16 AM",,OUTGOING,https://www.linkedin.com/in/aditya-mehra-b8644b326,https://www.linkedin.com/in/krithika-r-63b081315
Aditya Mehra,Sudarshana .,"12/29/25, 6:15 AM",,OUTGOING,https://www.linkedin.com/in/aditya-mehra-b8644b326,https://www.linkedin.com/in/sudarshana-080a47384
Aditya Mehra,Manasvini Burra,"12/29/25, 5:56 AM",,OUTGOING,https://www.linkedin.com/in/aditya-mehra-b8644b326,https://www.linkedin.com/in/manasvini-burra-a885062a4
Aditya Mehra,Kashish Agarwal,"2/4/26, 1:37 AM",,OUTGOING,https://www.linkedin.com/in/aditya-mehra-b8644b326,https://www.linkedin.com/in/kashish-agarwal-315ab6278
Aditya Mehra,Vaishnavi Miranam,"2/4/26, 1:53 AM",,OUTGOING,https://www.linkedin.com/in/aditya-mehra-b8644b326,https://www.linkedin.com/in/vaishnavi-miranam-45231b239
Aditya Mehra,Rinika Mishra,"12/26/25, 4:32 AM",,OUTGOING,https://www.linkedin.com/in/aditya-mehra-b8644b326,https://www.linkedin.com/in/rinika-mishra-4a2251314
Aditya Mehra,Divya Shree H,"12/26/25, 12:06 AM",,OUTGOING,https://www.linkedin.com/in/aditya-mehra-b8644b326,https://www.linkedin.com/in/divya-shree-h-759242259
Aditya Mehra,Iffath Aayesha,"12/26/25, 12:04 AM",,OUTGOING,https://www.linkedin.com/in/aditya-mehra-b8644b326,https://www.linkedin.com/in/iffath-aayesha-1ba115360
Aditya Mehra,Preet Khemani,"12/25/25, 11:57 PM",,OUTGOING,https://www.linkedin.com/in/aditya-mehra-b8644b326,https://www.linkedin.com/in/preet-khemani-77678535a
Aditya Mehra,Krishna Malkani,"4/27/26, 7:17 AM",,OUTGOING,https://www.linkedin.com/in/aditya-mehra-b8644b326,https://www.linkedin.com/in/krishna-malkani
Aditya Mehra,Swasti Sinha,"12/25/25, 11:57 PM",,OUTGOING,https://www.linkedin.com/in/aditya-mehra-b8644b326,https://www.linkedin.com/in/swasti-sinha-157111285
Aditya Mehra,Shreya Kumar,"5/18/26, 11:19 AM",,OUTGOING,https://www.linkedin.com/in/aditya-mehra-b8644b326,https://www.linkedin.com/in/shreya-kumar-b10036219
Aditya Mehra,Akshaya Gadiraju,"3/23/26, 10:45 PM",,OUTGOING,https://www.linkedin.com/in/aditya-mehra-b8644b326,https://www.linkedin.com/in/akshayagadiraju
Aditya Mehra,Amrutha Kasarla,"12/25/25, 11:54 PM",,OUTGOING,https://www.linkedin.com/in/aditya-mehra-b8644b326,https://www.linkedin.com/in/amrutha-kasarla-6601051b5
Aditya Mehra,Sneha Mahipal,"3/23/26, 10:44 PM",,OUTGOING,https://www.linkedin.com/in/aditya-mehra-b8644b326,https://www.linkedin.com/in/sneha-mahipal-680098309
Aditya Mehra,Rupsa Seth,"12/25/25, 11:52 PM",,OUTGOING,https://www.linkedin.com/in/aditya-mehra-b8644b326,https://www.linkedin.com/in/rupsa-seth-72518b253
Aditya Mehra,Bhavya Anand,"4/20/26, 12:11 PM",,OUTGOING,https://www.linkedin.com/in/aditya-mehra-b8644b326,https://www.linkedin.com/in/bhavya-anand-915ab2320
Aditya Mehra,Amirthaa Varshini S,"1/28/26, 1:58 AM",,OUTGOING,https://www.linkedin.com/in/aditya-mehra-b8644b326,https://www.linkedin.com/in/amirthaa-varshini-s-b1972632b
Aditya Mehra,Nargis Kalam,"12/25/25, 11:52 PM",,OUTGOING,https://www.linkedin.com/in/aditya-mehra-b8644b326,https://www.linkedin.com/in/nargiskalamlink
Aditya Mehra,Bhavyashree Raddi,"4/27/26, 7:15 AM",,OUTGOING,https://www.linkedin.com/in/aditya-mehra-b8644b326,https://www.linkedin.com/in/bhavyashree-raddi-4362a5342
Aditya Mehra,Shikha Shah,"3/2/26, 12:28 AM",,OUTGOING,https://www.linkedin.com/in/aditya-mehra-b8644b326,https://www.linkedin.com/in/shikhashahculturalambassador
Aditya Mehra,Bhavya Srivastava,"3/23/26, 10:43 PM",,OUTGOING,https://www.linkedin.com/in/aditya-mehra-b8644b326,https://www.linkedin.com/in/bhavyasrivastava1
Aditya Mehra,Suraksha B,"12/25/25, 11:51 PM",,OUTGOING,https://www.linkedin.com/in/aditya-mehra-b8644b326,https://www.linkedin.com/in/suraksha-b-039088204
Aditya Mehra,Diya S Jain,"12/19/25, 8:12 PM",,OUTGOING,https://www.linkedin.com/in/aditya-mehra-b8644b326,https://www.linkedin.com/in/diya-s-jain-17830435b
Aditya Mehra,Bipasha Chakraborty,"1/15/26, 3:07 AM",,OUTGOING,https://www.linkedin.com/in/aditya-mehra-b8644b326,https://www.linkedin.com/in/bipasha-chakraborty-aa4a10298
Aditya Mehra,Nandani Chitlangia,"12/19/25, 8:11 PM",,OUTGOING,https://www.linkedin.com/in/aditya-mehra-b8644b326,https://www.linkedin.com/in/nandani-chitlangia-61a166371
Aditya Mehra,Pragna Sapare,"3/2/26, 12:28 AM",,OUTGOING,https://www.linkedin.com/in/aditya-mehra-b8644b326,https://www.linkedin.com/in/pragna-sapare-a032ab327
Aditya Mehra,Rakshitha Gowda,"4/20/26, 12:12 PM",,OUTGOING,https://www.linkedin.com/in/aditya-mehra-b8644b326,https://www.linkedin.com/in/rakshitha-gowda-99576435b
Aditya Mehra,Shrinidhi Nayak,"1/15/26, 3:08 AM",,OUTGOING,https://www.linkedin.com/in/aditya-mehra-b8644b326,https://www.linkedin.com/in/shrinidhi-narayan-nayak
Aditya Mehra,Monisha Madhurkar,"6/23/26, 4:18 AM",,OUTGOING,https://www.linkedin.com/in/aditya-mehra-b8644b326,https://www.linkedin.com/in/monisha-madhurkar-65107435b
Aditya Mehra,Raksha Priya,"4/27/26, 7:15 AM",,OUTGOING,https://www.linkedin.com/in/aditya-mehra-b8644b326,https://www.linkedin.com/in/raksha-priya-389a62249
Aditya Mehra,Smriti V,"12/19/25, 8:11 PM",,OUTGOING,https://www.linkedin.com/in/aditya-mehra-b8644b326,https://www.linkedin.com/in/smriti-gowda-
Aditya Mehra,Akanksha Majumdar,"12/19/25, 8:11 PM",,OUTGOING,https://www.linkedin.com/in/aditya-mehra-b8644b326,https://www.linkedin.com/in/akanksha-majumdar-88b84a166
Aditya Mehra,Skandashree S P,"1/15/26, 3:07 AM",,OUTGOING,https://www.linkedin.com/in/aditya-mehra-b8644b326,https://www.linkedin.com/in/skandashree-s-p-a30358360
Aditya Mehra,Ahalya B,"12/19/25, 8:10 PM",,OUTGOING,https://www.linkedin.com/in/aditya-mehra-b8644b326,https://www.linkedin.com/in/ahalya-b-0a969b32a
Aditya Mehra,Maheeya Lalwani,"4/27/26, 7:23 AM",,OUTGOING,https://www.linkedin.com/in/aditya-mehra-b8644b326,https://www.linkedin.com/in/maheeya-lalwani-a798a5320
Aditya Mehra,Jasmine Kour,"12/19/25, 8:09 PM",,OUTGOING,https://www.linkedin.com/in/aditya-mehra-b8644b326,https://www.linkedin.com/in/jasmine-kour-775688338
Aditya Mehra,Meghana Ragineni,"12/19/25, 8:09 PM",,OUTGOING,https://www.linkedin.com/in/aditya-mehra-b8644b326,https://www.linkedin.com/in/meghanaragineni
Aditya Mehra,Vanshika Choubey,"1/15/26, 3:06 AM",,OUTGOING,https://www.linkedin.com/in/aditya-mehra-b8644b326,https://www.linkedin.com/in/vanshikachoubey3920
Aditya Mehra,Evonne Gomes,"4/20/26, 12:13 PM",,OUTGOING,https://www.linkedin.com/in/aditya-mehra-b8644b326,https://www.linkedin.com/in/evonne-gomes
Aditya Mehra,Keerthana R K,"12/19/25, 8:08 PM",,OUTGOING,https://www.linkedin.com/in/aditya-mehra-b8644b326,https://www.linkedin.com/in/keerthanark2329
Aditya Mehra,Aditi Rawat,"4/27/26, 7:21 AM",,OUTGOING,https://www.linkedin.com/in/aditya-mehra-b8644b326,https://www.linkedin.com/in/aditi-rawat-003ba2276
Aditya Mehra,Charanya Shivcharan,"12/19/25, 8:06 PM",,OUTGOING,https://www.linkedin.com/in/aditya-mehra-b8644b326,https://www.linkedin.com/in/charanya-shivcharan-80a460316
Aditya Mehra,Manvi Prasad,"4/27/26, 7:13 AM",,OUTGOING,https://www.linkedin.com/in/aditya-mehra-b8644b326,https://www.linkedin.com/in/manvi-prasad-17829324b
Aditya Mehra,Sonakshi Kapre,"12/8/25, 4:06 AM",,OUTGOING,https://www.linkedin.com/in/aditya-mehra-b8644b326,https://www.linkedin.com/in/sonakshikapre
Aditya Mehra,Nandini Agarwal,"12/8/25, 4:00 AM",,OUTGOING,https://www.linkedin.com/in/aditya-mehra-b8644b326,https://www.linkedin.com/in/nandini-agarwal-b546491b8
Aditya Mehra,Sushma Patil,"12/8/25, 3:58 AM",,OUTGOING,https://www.linkedin.com/in/aditya-mehra-b8644b326,https://www.linkedin.com/in/sushma-patil-3210b52b0
Aditya Mehra,Sharvari M.S,"12/8/25, 3:57 AM",,OUTGOING,https://www.linkedin.com/in/aditya-mehra-b8644b326,https://www.linkedin.com/in/sharvari-m-s-874426228
Aditya Mehra,Afifa K,"12/31/25, 12:20 AM",,OUTGOING,https://www.linkedin.com/in/aditya-mehra-b8644b326,https://www.linkedin.com/in/afifa-k-a039b4374
Aditya Mehra,GOWTAMI R,"4/20/26, 12:05 PM",,OUTGOING,https://www.linkedin.com/in/aditya-mehra-b8644b326,https://www.linkedin.com/in/gowtami-r-091b33375
Aditya Mehra,Adrija Kundu,"12/8/25, 3:54 AM",,OUTGOING,https://www.linkedin.com/in/aditya-mehra-b8644b326,https://www.linkedin.com/in/adrijak
Aditya Mehra,Athira S,"12/31/25, 12:20 AM",,OUTGOING,https://www.linkedin.com/in/aditya-mehra-b8644b326,https://www.linkedin.com/in/athira-s-6332692a5
Aditya Mehra,Rakshana M,"4/20/26, 12:13 PM",,OUTGOING,https://www.linkedin.com/in/aditya-mehra-b8644b326,https://www.linkedin.com/in/rakshana-m-98451a27a
Aditya Mehra,Inna Verzhykhovska,"12/1/25, 11:34 AM",,OUTGOING,https://www.linkedin.com/in/aditya-mehra-b8644b326,https://www.linkedin.com/in/inna-verzhykhovska
Aditya Mehra,Thrisha  P,"2/4/26, 1:36 AM",,OUTGOING,https://www.linkedin.com/in/aditya-mehra-b8644b326,https://www.linkedin.com/in/thrisha-p-8a5aa1279
Aditya Mehra,Snigdha Dhar,"12/1/25, 11:34 AM",,OUTGOING,https://www.linkedin.com/in/aditya-mehra-b8644b326,https://www.linkedin.com/in/snigdha-dhar-6a66b1266
Aditya Mehra,Ayushi Raj,"12/1/25, 11:33 AM",,OUTGOING,https://www.linkedin.com/in/aditya-mehra-b8644b326,https://www.linkedin.com/in/ayushi-raj-78646433a
Aditya Mehra,Arshiya Sunil Nair,"3/23/26, 10:45 PM",,OUTGOING,https://www.linkedin.com/in/aditya-mehra-b8644b326,https://www.linkedin.com/in/arshiya-sunil-nair-831a4a299
Aditya Mehra,Suhasini Satapathy,"3/23/26, 10:45 PM",,OUTGOING,https://www.linkedin.com/in/aditya-mehra-b8644b326,https://www.linkedin.com/in/suhasini-satapathy6789
Aditya Mehra,Gopika  Babu,"2/22/26, 9:48 PM",,OUTGOING,https://www.linkedin.com/in/aditya-mehra-b8644b326,https://www.linkedin.com/in/gopikabr
Aditya Mehra,Shristi Biswa,"2/22/26, 9:46 PM",,OUTGOING,https://www.linkedin.com/in/aditya-mehra-b8644b326,https://www.linkedin.com/in/shristi-biswa-ba4784332
Aditya Mehra,Tejo Varshini,"6/23/26, 3:58 AM",,OUTGOING,https://www.linkedin.com/in/aditya-mehra-b8644b326,https://www.linkedin.com/in/tejo-varshini-747627302
Aditya Mehra,ADITI SHAW,"4/27/26, 7:14 AM",,OUTGOING,https://www.linkedin.com/in/aditya-mehra-b8644b326,https://www.linkedin.com/in/aditi-shaw-48b293350
Aditya Mehra,Aanya Agarwal,"4/27/26, 7:19 AM",,OUTGOING,https://www.linkedin.com/in/aditya-mehra-b8644b326,https://www.linkedin.com/in/aanya-agarwal-83360736b
Aditya Mehra,Nidhi Anil,"12/1/25, 11:31 AM",,OUTGOING,https://www.linkedin.com/in/aditya-mehra-b8644b326,https://www.linkedin.com/in/nidhi-anil-4585a6315
Aditya Mehra,Zesh Elizabeth,"4/20/26, 12:10 PM",,OUTGOING,https://www.linkedin.com/in/aditya-mehra-b8644b326,https://www.linkedin.com/in/zesh-elizabeth-3285a6184
Aditya Mehra,saumya nigam,"12/1/25, 11:31 AM",,OUTGOING,https://www.linkedin.com/in/aditya-mehra-b8644b326,https://www.linkedin.com/in/saumya-nigam-0177b4380
Aditya Mehra,Ananya V Kamath,"4/20/26, 12:12 PM",,OUTGOING,https://www.linkedin.com/in/aditya-mehra-b8644b326,https://www.linkedin.com/in/ananya-v-kamath-6aa66121a
Aditya Mehra,Palak Pathak,"4/27/26, 7:18 AM",,OUTGOING,https://www.linkedin.com/in/aditya-mehra-b8644b326,https://www.linkedin.com/in/palak-pathak-35bb33250
Aditya Mehra,Asfia Farheen,"1/15/26, 3:03 AM",,OUTGOING,https://www.linkedin.com/in/aditya-mehra-b8644b326,https://www.linkedin.com/in/asfia-farheen-7a519b388
Aditya Mehra,Debasmita Ghosh,"12/29/25, 5:57 AM",,OUTGOING,https://www.linkedin.com/in/aditya-mehra-b8644b326,https://www.linkedin.com/in/debasmita-ghosh-999907329
Aditya Mehra,Khushi Pardeshi,"5/5/26, 4:00 AM",,OUTGOING,https://www.linkedin.com/in/aditya-mehra-b8644b326,https://www.linkedin.com/in/khushi-pardeshi-b74b35334
Aditya Mehra,Sahana M,"5/18/26, 11:15 AM",,OUTGOING,https://www.linkedin.com/in/aditya-mehra-b8644b326,https://www.linkedin.com/in/sahana-m-a81139316
Aditya Mehra,Mantra Bhatnagar,"4/27/26, 7:19 AM",,OUTGOING,https://www.linkedin.com/in/aditya-mehra-b8644b326,https://www.linkedin.com/in/mantra-bhatnagar-621b17290
Aditya Mehra,Aanya Chhabria,"12/1/25, 11:29 AM",,OUTGOING,https://www.linkedin.com/in/aditya-mehra-b8644b326,https://www.linkedin.com/in/aanya-chhabria-60a09b306
Aditya Mehra,Allivia Dan Langstieh,"1/15/26, 3:10 AM",,OUTGOING,https://www.linkedin.com/in/aditya-mehra-b8644b326,https://www.linkedin.com/in/allivia-dan-langstieh-63369835a
Aditya Mehra,Boomika Shekar,"12/1/25, 11:28 AM",,OUTGOING,https://www.linkedin.com/in/aditya-mehra-b8644b326,https://www.linkedin.com/in/boomika-shekar-4331b5260
Aditya Mehra,Srinavya S,"12/29/25, 5:57 AM",,OUTGOING,https://www.linkedin.com/in/aditya-mehra-b8644b326,https://www.linkedin.com/in/srinavya-s-a90aab219
Aditya Mehra,Alyaa Fatima,"3/2/26, 12:28 AM",,OUTGOING,https://www.linkedin.com/in/aditya-mehra-b8644b326,https://www.linkedin.com/in/alyaa-fatima-755477364
Aditya Mehra,Sanjana Debnath,"4/20/26, 12:13 PM",,OUTGOING,https://www.linkedin.com/in/aditya-mehra-b8644b326,https://www.linkedin.com/in/sanjana-debnath-654619280
Aditya Mehra,Niji Nelson,"4/27/26, 7:15 AM",,OUTGOING,https://www.linkedin.com/in/aditya-mehra-b8644b326,https://www.linkedin.com/in/niji-nelson-121880139
Aditya Mehra,Sejal Patil,"2/22/26, 9:45 PM",,OUTGOING,https://www.linkedin.com/in/aditya-mehra-b8644b326,https://www.linkedin.com/in/sejal-patil-6303b9247
Aditya Mehra,Amruta Bagadi,"5/18/26, 11:17 AM",,OUTGOING,https://www.linkedin.com/in/aditya-mehra-b8644b326,https://www.linkedin.com/in/amrutabagadi
Aditya Mehra,Subhashini Ravi,"6/23/26, 3:50 AM",,OUTGOING,https://www.linkedin.com/in/aditya-mehra-b8644b326,https://www.linkedin.com/in/subhashini-ravi
Aditya Mehra,Soumya Gour,"4/20/26, 12:12 PM",,OUTGOING,https://www.linkedin.com/in/aditya-mehra-b8644b326,https://www.linkedin.com/in/soumya-gour-0258412a9
Aditya Mehra,Akhila Honakatti,"12/31/25, 3:57 AM",,OUTGOING,https://www.linkedin.com/in/aditya-mehra-b8644b326,https://www.linkedin.com/in/akhila-honakatti-274a85275
Aditya Mehra,Yashvi Soni,"1/7/26, 11:15 AM",,OUTGOING,https://www.linkedin.com/in/aditya-mehra-b8644b326,https://www.linkedin.com/in/yashvi-soni-168845379
Aditya Mehra,Neeti Sarda,"5/18/26, 11:18 AM",,OUTGOING,https://www.linkedin.com/in/aditya-mehra-b8644b326,https://www.linkedin.com/in/neeti-sarda-a31b42376
Aditya Mehra,Mridula Bekal,"11/30/25, 9:50 AM",,OUTGOING,https://www.linkedin.com/in/aditya-mehra-b8644b326,https://www.linkedin.com/in/mridula-bekal
Aditya Mehra,Srishti Srivastava,"2/22/26, 9:46 PM",,OUTGOING,https://www.linkedin.com/in/aditya-mehra-b8644b326,https://www.linkedin.com/in/srishti-srivastava-104063331
Aditya Mehra,Anumathi B.N,"4/27/26, 7:15 AM",,OUTGOING,https://www.linkedin.com/in/aditya-mehra-b8644b326,https://www.linkedin.com/in/anumathi-b-n-379bb2365
Aditya Mehra,Siyali Singh,"4/27/26, 7:14 AM",,OUTGOING,https://www.linkedin.com/in/aditya-mehra-b8644b326,https://www.linkedin.com/in/siyali-singh-6a1b142b2
Aditya Mehra,Aarsha Raj,"11/27/25, 9:54 PM",,OUTGOING,https://www.linkedin.com/in/aditya-mehra-b8644b326,https://www.linkedin.com/in/aarsha-raj-790791265
Aditya Mehra,Syeda Mariyam Mujahid,"3/23/26, 8:12 AM",,OUTGOING,https://www.linkedin.com/in/aditya-mehra-b8644b326,https://www.linkedin.com/in/syeda-mariyam-mujahid-4bb6092b7
Aditya Mehra,Avina Sabu,"3/23/26, 8:12 AM",,OUTGOING,https://www.linkedin.com/in/aditya-mehra-b8644b326,https://www.linkedin.com/in/avina-sabu
Aditya Mehra,Ridhi R Mehta,"4/20/26, 12:10 PM",,OUTGOING,https://www.linkedin.com/in/aditya-mehra-b8644b326,https://www.linkedin.com/in/ridhi-r-mehta-899867281
Aditya Mehra,Debanshi Chakraborty,"3/1/26, 10:17 PM",,OUTGOING,https://www.linkedin.com/in/aditya-mehra-b8644b326,https://www.linkedin.com/in/debanshi-chakraborty
Aditya Mehra,Sarayu Pedamallu,"6/23/26, 3:50 AM",,OUTGOING,https://www.linkedin.com/in/aditya-mehra-b8644b326,https://www.linkedin.com/in/sarayu-pedamallu-19062222a
Aditya Mehra,Vijayalakshmi Nayak,"3/23/26, 10:43 PM",,OUTGOING,https://www.linkedin.com/in/aditya-mehra-b8644b326,https://www.linkedin.com/in/vijayalakshmi-nayak
Aditya Mehra,Divya Garg,"2/4/26, 1:35 AM",,OUTGOING,https://www.linkedin.com/in/aditya-mehra-b8644b326,https://www.linkedin.com/in/divya-garg-229265210
Aditya Mehra,Dimple Dsouza,"11/18/25, 9:21 AM",,OUTGOING,https://www.linkedin.com/in/aditya-mehra-b8644b326,https://www.linkedin.com/in/dimple-dsouza-98b494129
Aditya Mehra,Nishi Kumari,"11/18/25, 9:19 AM",,OUTGOING,https://www.linkedin.com/in/aditya-mehra-b8644b326,https://www.linkedin.com/in/nishi-kumari-43b408179
Aditya Mehra,Puja Jain,"11/18/25, 9:12 AM",,OUTGOING,https://www.linkedin.com/in/aditya-mehra-b8644b326,https://www.linkedin.com/in/puja-jain-3607a315
Aditya Mehra,M Sanjana Kalaiah,"11/5/25, 11:01 AM",,OUTGOING,https://www.linkedin.com/in/aditya-mehra-b8644b326,https://www.linkedin.com/in/m-sanjana-kalaiah-130648284
Aditya Mehra,Dipali Sharma,"11/5/25, 10:47 AM",,OUTGOING,https://www.linkedin.com/in/aditya-mehra-b8644b326,https://www.linkedin.com/in/dipali-sharma-6ba959107
Aditya Mehra,Kamal Preet,"11/5/25, 10:37 AM",,OUTGOING,https://www.linkedin.com/in/aditya-mehra-b8644b326,https://www.linkedin.com/in/kamal-preet-1ba486185
Aditya Mehra,Jyothi Godse,"11/5/25, 10:31 AM",,OUTGOING,https://www.linkedin.com/in/aditya-mehra-b8644b326,https://www.linkedin.com/in/jyothi-godse
Aditya Mehra,Naasya Kamnani,"10/23/25, 1:16 AM",,OUTGOING,https://www.linkedin.com/in/aditya-mehra-b8644b326,https://www.linkedin.com/in/naasya-kamnani
Aditya Mehra,Sandhya Iyer,"10/23/25, 1:13 AM",,OUTGOING,https://www.linkedin.com/in/aditya-mehra-b8644b326,https://www.linkedin.com/in/sandhya-iyer-1845b0163
Aditya Mehra,Mercy  Wilson,"10/23/25, 1:12 AM",,OUTGOING,https://www.linkedin.com/in/aditya-mehra-b8644b326,https://www.linkedin.com/in/mercywilson96
Aditya Mehra,Sameeksha Mehta,"10/23/25, 1:10 AM",,OUTGOING,https://www.linkedin.com/in/aditya-mehra-b8644b326,https://www.linkedin.com/in/sameeksha-mehta-11560729b
Aditya Mehra,Mamata  SY,"10/23/25, 1:05 AM",,OUTGOING,https://www.linkedin.com/in/aditya-mehra-b8644b326,https://www.linkedin.com/in/mamata-sy-96a5351a
Aditya Mehra,Rashi Mall,"10/10/25, 11:20 PM",,OUTGOING,https://www.linkedin.com/in/aditya-mehra-b8644b326,https://www.linkedin.com/in/rashi-mall-a5b91748
Aditya Mehra,Aisha Singh,"5/18/26, 11:11 AM",,OUTGOING,https://www.linkedin.com/in/aditya-mehra-b8644b326,https://www.linkedin.com/in/aisha-singh-2b6383350
Aditya Mehra,Akshita Jain,"11/27/25, 12:01 PM",,OUTGOING,https://www.linkedin.com/in/aditya-mehra-b8644b326,https://www.linkedin.com/in/akshita-jain-291b96231
Aditya Mehra,Lakshmi Hari Keerrti N,"4/27/26, 7:14 AM",,OUTGOING,https://www.linkedin.com/in/aditya-mehra-b8644b326,https://www.linkedin.com/in/lakshmi-hari-keerrti-n-a53626342
Aditya Mehra,Pariniti Sharma,"4/13/26, 12:39 AM",,OUTGOING,https://www.linkedin.com/in/aditya-mehra-b8644b326,https://www.linkedin.com/in/pariniti-sharma
Aditya Mehra,Amritha A,"4/20/26, 12:12 PM",,OUTGOING,https://www.linkedin.com/in/aditya-mehra-b8644b326,https://www.linkedin.com/in/amritha-a-
Aditya Mehra,Aditi Mangalorkar,"4/27/26, 7:17 AM",,OUTGOING,https://www.linkedin.com/in/aditya-mehra-b8644b326,https://www.linkedin.com/in/aditi-mangalorkar-b23529272
Aditya Mehra,Meghna Nikhil,"4/20/26, 12:07 PM",,OUTGOING,https://www.linkedin.com/in/aditya-mehra-b8644b326,https://www.linkedin.com/in/meghna-nikhil-8b4626316
Aditya Mehra,Prabhleen Thakkar,"12/1/25, 11:31 AM",,OUTGOING,https://www.linkedin.com/in/aditya-mehra-b8644b326,https://www.linkedin.com/in/prabhleen-thakkar-b0a4b4281
Aditya Mehra,Drishti Jaiswal,"2/4/26, 1:40 AM",,OUTGOING,https://www.linkedin.com/in/aditya-mehra-b8644b326,https://www.linkedin.com/in/drishti-jaiswal01
Keerthana N,Aditya Mehra,"8/20/26, 10:25 PM",,INCOMING,https://www.linkedin.com/in/keerthanan18,https://www.linkedin.com/in/aditya-mehra-b8644b326
Shishir KB,Aditya Mehra,"8/16/26, 9:22 PM",,INCOMING,https://www.linkedin.com/in/shishir-kb-1a3015382,https://www.linkedin.com/in/aditya-mehra-b8644b326
Ashish Kumar Baheti,Aditya Mehra,"8/11/26, 4:33 AM",,INCOMING,https://www.linkedin.com/in/ashish-kumar-baheti-7123aa84,https://www.linkedin.com/in/aditya-mehra-b8644b326
Harsha S,Aditya Mehra,"8/10/26, 11:33 PM",,INCOMING,https://www.linkedin.com/in/harsha-city,https://www.linkedin.com/in/aditya-mehra-b8644b326
Karan Sharma,Aditya Mehra,"8/6/26, 8:19 PM",,INCOMING,https://www.linkedin.com/in/karan-sharma-7815ks8751,https://www.linkedin.com/in/aditya-mehra-b8644b326
sahithi kamani,Aditya Mehra,"8/4/26, 6:06 AM",,INCOMING,https://www.linkedin.com/in/sahithi-kamani-05259a386,https://www.linkedin.com/in/aditya-mehra-b8644b326
Akanksha Yaduvanshi,Aditya Mehra,"8/4/26, 5:21 AM",,INCOMING,https://www.linkedin.com/in/akanksha-yaduvanshi9,https://www.linkedin.com/in/aditya-mehra-b8644b326
Aditya Raj,Aditya Mehra,"8/2/26, 12:14 PM",,INCOMING,https://www.linkedin.com/in/adityaraj-ai,https://www.linkedin.com/in/aditya-mehra-b8644b326
Kushagra Ojha,Aditya Mehra,"7/31/26, 7:30 AM",,INCOMING,https://www.linkedin.com/in/kushagra-ojha-0a3734347,https://www.linkedin.com/in/aditya-mehra-b8644b326
Rahul Pandey,Aditya Mehra,"7/31/26, 7:24 AM",,INCOMING,https://www.linkedin.com/in/rahul-pandey-a26b37410,https://www.linkedin.com/in/aditya-mehra-b8644b326
Arshiya Ali,Aditya Mehra,"7/27/26, 11:28 AM",,INCOMING,https://www.linkedin.com/in/arshiya-ali-09a950203,https://www.linkedin.com/in/aditya-mehra-b8644b326
Mayank Thakur,Aditya Mehra,"7/26/26, 5:56 AM",,INCOMING,https://www.linkedin.com/in/mayank-thakur-bb1728278,https://www.linkedin.com/in/aditya-mehra-b8644b326
Victor Eduoh,Aditya Mehra,"7/22/26, 4:27 PM","Hi Aditya,   Saw your comment showing interest in the roles Omind AI advertised. They didn't share how to apply, but the roles (and others not advertised on LinkedIn) are on Laand.me.  Connect and I'll drop you the link.",INCOMING,https://www.linkedin.com/in/victor-eduoh,https://www.linkedin.com/in/aditya-mehra-b8644b326
Prateek Mishra,Aditya Mehra,"7/16/26, 11:09 PM",,INCOMING,https://www.linkedin.com/in/prateek-mishra-686945243,https://www.linkedin.com/in/aditya-mehra-b8644b326
Priyanshu  Chauhan,Aditya Mehra,"7/1/26, 12:36 AM",,INCOMING,https://www.linkedin.com/in/priyanshu-chauhan-790416393,https://www.linkedin.com/in/aditya-mehra-b8644b326
Aadil S Prabhath,Aditya Mehra,"6/30/26, 5:22 AM",,INCOMING,https://www.linkedin.com/in/aadil-s-prabhath-7813a1300,https://www.linkedin.com/in/aditya-mehra-b8644b326
Ashok NA,Aditya Mehra,"6/28/26, 2:50 AM",,INCOMING,https://www.linkedin.com/in/ashok-na-6864a7249,https://www.linkedin.com/in/aditya-mehra-b8644b326
Aishwarya Jaiswal,Aditya Mehra,"6/23/26, 3:52 AM",,INCOMING,https://www.linkedin.com/in/aishwarya-jaiswal16,https://www.linkedin.com/in/aditya-mehra-b8644b326
Paarth Jain,Aditya Mehra,"6/22/26, 9:55 AM",,INCOMING,https://www.linkedin.com/in/paarth-jain-4bbb3b407,https://www.linkedin.com/in/aditya-mehra-b8644b326
Nithya Sri K,Aditya Mehra,"6/19/26, 9:03 PM",,INCOMING,https://www.linkedin.com/in/nithya-sri-k-140249377,https://www.linkedin.com/in/aditya-mehra-b8644b326
Sanjana Saha,Aditya Mehra,"6/18/26, 10:37 AM",,INCOMING,https://www.linkedin.com/in/sanjana-saha-b63a00283,https://www.linkedin.com/in/aditya-mehra-b8644b326
Apurva Upadhye Arwade,Aditya Mehra,"6/17/26, 11:51 PM",,INCOMING,https://www.linkedin.com/in/apurva-upadhye-arwade-ab78241ba,https://www.linkedin.com/in/aditya-mehra-b8644b326
Vinay Yadav,Aditya Mehra,"6/15/26, 6:05 PM",,INCOMING,https://www.linkedin.com/in/vinay-yadav-87769a397,https://www.linkedin.com/in/aditya-mehra-b8644b326
SRIJAN NARAYANAN M Narayanan,Aditya Mehra,"6/15/26, 5:26 AM",,INCOMING,https://www.linkedin.com/in/srijan-narayanan-m-narayanan-5a2129330,https://www.linkedin.com/in/aditya-mehra-b8644b326
Harshita Rajagopal Prakash,Aditya Mehra,"6/14/26, 10:29 PM",,INCOMING,https://www.linkedin.com/in/harshita-rajagopal-prakash-378952201,https://www.linkedin.com/in/aditya-mehra-b8644b326
Ekagra Kaushal,Aditya Mehra,"6/14/26, 10:57 AM",,INCOMING,https://www.linkedin.com/in/ekagra-kaushal-2653802ab,https://www.linkedin.com/in/aditya-mehra-b8644b326
Pramod Pandey,Aditya Mehra,"6/11/26, 12:28 AM",,INCOMING,https://www.linkedin.com/in/pramodkpandey,https://www.linkedin.com/in/aditya-mehra-b8644b326
Pratham Agarwal,Aditya Mehra,"6/9/26, 10:34 PM",,INCOMING,https://www.linkedin.com/in/pratham8,https://www.linkedin.com/in/aditya-mehra-b8644b326
Devanshu Jain,Aditya Mehra,"6/8/26, 7:17 AM",,INCOMING,https://www.linkedin.com/in/devanshu-jain-aa6028229,https://www.linkedin.com/in/aditya-mehra-b8644b326
Darshan Panchal,Aditya Mehra,"6/8/26, 2:52 AM",,INCOMING,https://www.linkedin.com/in/darshanpanchalofficial,https://www.linkedin.com/in/aditya-mehra-b8644b326
Nakshatra Lokesh,Aditya Mehra,"6/7/26, 9:32 PM",,INCOMING,https://www.linkedin.com/in/nakshatra-lokesh-7776a2320,https://www.linkedin.com/in/aditya-mehra-b8644b326
PRATIK BUDHIA,Aditya Mehra,"6/7/26, 10:46 AM",,INCOMING,https://www.linkedin.com/in/pratik-budhia-255b03371,https://www.linkedin.com/in/aditya-mehra-b8644b326
Riya Rani,Aditya Mehra,"6/3/26, 9:32 PM",,INCOMING,https://www.linkedin.com/in/riya-rani-159153342,https://www.linkedin.com/in/aditya-mehra-b8644b326
Skanda Chandrashekhar,Aditya Mehra,"6/2/26, 9:54 AM",,INCOMING,https://www.linkedin.com/in/skanda-chandrashekhar-72b35a32a,https://www.linkedin.com/in/aditya-mehra-b8644b326
Priyanshu Tandel,Aditya Mehra,"6/1/26, 10:49 AM",,INCOMING,https://www.linkedin.com/in/priyanshu-tandel-44aab937a,https://www.linkedin.com/in/aditya-mehra-b8644b326
Tammana .,Aditya Mehra,"5/29/26, 10:09 AM",,INCOMING,https://www.linkedin.com/in/tammana-b87207322,https://www.linkedin.com/in/aditya-mehra-b8644b326
Sonam Kumari,Aditya Mehra,"5/29/26, 9:11 AM",,INCOMING,https://www.linkedin.com/in/sonam-kumari-3b17bb372,https://www.linkedin.com/in/aditya-mehra-b8644b326
VINITH K M,Aditya Mehra,"5/24/26, 9:34 PM",,INCOMING,https://www.linkedin.com/in/vinith-k-m,https://www.linkedin.com/in/aditya-mehra-b8644b326
Priyanshu Shaurya,Aditya Mehra,"5/21/26, 9:15 PM",,INCOMING,https://www.linkedin.com/in/priyanshu-shaurya-3ba575380,https://www.linkedin.com/in/aditya-mehra-b8644b326
Deeksha Sharma,Aditya Mehra,"5/19/26, 9:16 AM",,INCOMING,https://www.linkedin.com/in/deeksha-sharma-151ba5313,https://www.linkedin.com/in/aditya-mehra-b8644b326
Nikhil Saini,Aditya Mehra,"5/4/26, 1:47 AM",,INCOMING,https://www.linkedin.com/in/nikhil-saini-4a0b9b256,https://www.linkedin.com/in/aditya-mehra-b8644b326
Stella Takhellambam,Aditya Mehra,"4/28/26, 11:47 PM",,INCOMING,https://www.linkedin.com/in/stella-takhellambam,https://www.linkedin.com/in/aditya-mehra-b8644b326
Latheesh  G,Aditya Mehra,"4/26/26, 10:56 PM",,INCOMING,https://www.linkedin.com/in/latheesh-g-024b9a25a,https://www.linkedin.com/in/aditya-mehra-b8644b326
Harshan Rajinikannan,Aditya Mehra,"4/15/26, 11:37 PM",,INCOMING,https://www.linkedin.com/in/harshan-rajinikannan-1b6ab8398,https://www.linkedin.com/in/aditya-mehra-b8644b326
K Himavarshini,Aditya Mehra,"4/6/26, 2:08 AM",,INCOMING,https://www.linkedin.com/in/k-himavarshini-46099a37b,https://www.linkedin.com/in/aditya-mehra-b8644b326
ARMAAN KAPADIA,Aditya Mehra,"3/23/26, 6:33 AM",,INCOMING,https://www.linkedin.com/in/armaan-kapadia-ak,https://www.linkedin.com/in/aditya-mehra-b8644b326
Tanvi Gupta,Aditya Mehra,"3/16/26, 4:42 AM",,INCOMING,https://www.linkedin.com/in/tanvigupta2904,https://www.linkedin.com/in/aditya-mehra-b8644b326
