Company Name,Industry,Location,Website,Careers Portal,Recruiter Name,Recruiter Title,Email,LinkedIn
Walmart Global Tech,Enterprise MNC,,https://www.walmartglobaltech.com,,Ammini Swetha Ravindran,Talent Partner,,https://www.linkedin.com/in/ammini-swetha-ravindran-3a943a9a
Walmart Global Tech,Enterprise MNC,,https://www.walmartglobaltech.com,,Riviresa Mahata,Business Development Manager- Cross Border Marketplace,,https://www.linkedin.com/in/riviresamahata
Walmart Global Tech,Enterprise MNC,,https://www.walmartglobaltech.com,,Aneena Joseph,Resolution coordinator,,https://www.linkedin.com/in/aneena-joseph-59889a304
Walmart Global Tech,Enterprise MNC,,https://www.walmartglobaltech.com,,Anusha Bhat,Senior resolution coordinator,,https://www.linkedin.com/in/anusha-bhat-9968b7273
Amazon India,Enterprise MNC,,https://www.amazonindia.com,,,,,
Google India,Enterprise MNC,,https://www.googleindia.com,,,,,
Microsoft India,Enterprise MNC,,https://www.microsoftindia.com,,,,,
Goldman Sachs India,Enterprise MNC,,https://www.goldmansachsindia.com,,,,,
EY (Ernst & Young),Enterprise MNC,,https://www.ey(ernst&young).com,,,,,
Deloitte India,Enterprise MNC,,https://www.deloitteindia.com,,,,,
Target Enterprise Tech,Enterprise MNC,,https://www.targetenterprisetech.com,,,,,
Boeing India,Enterprise MNC,,https://www.boeingindia.com,,,,,
Schneider Electric,Enterprise MNC,,https://www.schneiderelectric.com,,,,,
Maersk India,Enterprise MNC,,https://www.maerskindia.com,,,,,
DHL Global Forwarding,Enterprise MNC,,https://www.dhlglobalforwarding.com,,,,,
Puma India,Enterprise MNC,,https://www.pumaindia.com,,,,,
Tata Communications,Enterprise MNC,,https://www.tatacommunications.com,,,,,
Instawork,Enterprise MNC,,https://www.instawork.com,,Akshatha v,Human Resources Intern,,https://www.linkedin.com/in/akshatha-v-97a7b625a
Instawork,Enterprise MNC,,https://www.instawork.com,,Rabina Atagaraha,Human Resources Specialist,,https://www.linkedin.com/in/rabina-atagaraha
Apple India,Enterprise MNC,,https://www.appleindia.com,,,,,
Dell Technologies,Enterprise MNC,,https://www.delltechnologies.com,,,,,
Cisco Systems,Enterprise MNC,,https://www.ciscosystems.com,,,,,
IBM India,Enterprise MNC,,https://www.ibmindia.com,,,,,
JP Morgan Chase,Enterprise MNC,,https://www.jpmorganchase.com,,,,,
Accenture India,Enterprise MNC,,https://www.accentureindia.com,,,,,
Honeywell India,Enterprise MNC,,https://www.honeywellindia.com,,,,,
Siemens India,Enterprise MNC,,https://www.siemensindia.com,,,,,
PwC India,Enterprise MNC,,https://www.pwcindia.com,,Shalini Jha,Talent Acquisition Specialist,,https://www.linkedin.com/in/shalini-jha95
Abbott Laboratories,Enterprise MNC,,https://www.abbottlaboratories.com,,,,,
Pfizer India,Enterprise MNC,,https://www.pfizerindia.com,,,,,
Reliance Retail,Enterprise MNC,,https://www.relianceretail.com,,Sruthi Das,HR TA -Ops,,https://www.linkedin.com/in/sruthi-das-66b894237
Tata Consultancy Services (TCS),Enterprise MNC,,https://www.tataconsultancyservices(tcs).com,,,,,
Infosys Ltd,Enterprise MNC,,https://www.infosysltd.com,,,,,
Titan Company Ltd,Enterprise MNC,,https://www.titancompanyltd.com,,,,,
Hindustan Unilever Ltd (HUL),Enterprise MNC,,https://www.hindustanunileverltd(hul).com,,,,,
Nestle India,Enterprise MNC,,https://www.nestleindia.com,,,,,
Britannia Industries,Enterprise MNC,,https://www.britanniaindustries.com,,,,,
Mahindra & Mahindra,Enterprise MNC,,https://www.mahindra&mahindra.com,,,,,
Adani Ports & Logistics,Enterprise MNC,,https://www.adaniports&logistics.com,,,,,
Larsen & Toubro (L&T),Enterprise MNC,,https://www.larsen&toubro(l&t).com,,,,,
HCL Technologies,Enterprise MNC,,https://www.hcltechnologies.com,,,,,
Wipro Ltd,Enterprise MNC,,https://www.wiproltd.com,,,,,
Bharti Airtel,Enterprise MNC,,https://www.bhartiairtel.com,,,,,
ICICI Bank,Enterprise MNC,,https://www.icicibank.com,,Sivabharathi E,Human Resources Intern,,https://www.linkedin.com/in/sivabharathi-e-a5818b235
ICICI Bank,Enterprise MNC,,https://www.icicibank.com,,Jiya Punjabi,Human Resources Intern,,https://www.linkedin.com/in/jiya-punjabi-483a7a274
HDFC Bank,Enterprise MNC,,https://www.hdfcbank.com,,,,,
Axis Bank,Enterprise MNC,,https://www.axisbank.com,,,,,
Asian Paints,Enterprise MNC,,https://www.asianpaints.com,,,,,
Sun Pharma,Enterprise MNC,,https://www.sunpharma.com,,,,,
Dr. Reddy's Laboratories,Enterprise MNC,,https://www.dr.reddy'slaboratories.com,,,,,
Cipla Ltd,Enterprise MNC,,https://www.ciplaltd.com,,,,,
Apollo Hospitals,Enterprise MNC,,https://www.apollohospitals.com,,,,,
Maruti Suzuki India,Enterprise MNC,,https://www.marutisuzukiindia.com,,,,,
Tata Motors,Enterprise MNC,,https://www.tatamotors.com,,,,,
Hindalco Industries (Novelis),Enterprise MNC,,https://www.hindalcoindustries(novelis).com,,,,,
ServiceNow India,SaaS & Enterprise Technology,,,,,,,
McKinsey & Company India,Management & Business Advisory Consulting,,,,,,,
DHL Express India,Global Logistics Supply Chain & EXIM,,,,,,,
Salt in My Coca (AERO India 2025 Lead),Events Media & Experiential Marketing,,,,,,,
Livspace,Real Estate Architecture & Interior Solutions,,,,,,,
Eurofins Scientific India,Healthcare Pharma & Biotech GCCs,,,,,,,
Razorpay,High-Growth Startups & Tech Unicorns,,,,,,,
Atlassian India,SaaS & Enterprise Technology,,,,,,,
Boston Consulting Group (BCG),Management & Business Advisory Consulting,,,,Vaishnavi Savaram,Global HR Data Governance Trainee,,https://www.linkedin.com/in/vaishnavi-savaram-4491b6285
Boston Consulting Group (BCG),Management & Business Advisory Consulting,,,,Ritika Sahoo,Global HR Shared Services Graduate Trainee,,https://www.linkedin.com/in/ritika-sahoo-bb9128288
Boston Consulting Group (BCG),Management & Business Advisory Consulting,,,,Salena Varghese,Talent Acquisition Trainee,,https://www.linkedin.com/in/salena-varghese
Maersk Line India,Global Logistics Supply Chain & EXIM,,,,,,,
JP Morgan Chase India,Investment Banking & Financial Operations,,,,,,,
Flipkart,FMCG Retail & E-Commerce,,,,Gudia Sharma,Human Resources Business Partner,,https://www.linkedin.com/in/gudia-sharma-a63047233
TRILOGY Events Team,Events Media & Experiential Marketing,,,,,,,
Homelane,Real Estate Architecture & Interior Solutions,,,,,,,
Novo Nordisk India,Healthcare Pharma & Biotech GCCs,,,,,,,
Airbus India,Aerospace Defense & Heavy Engineering,,,,,,,
CRED,High-Growth Startups & Tech Unicorns,,,,,,,
Asana India,SaaS & Enterprise Technology,,,,,,,
Bain & Company India,Management & Business Advisory Consulting,,,,,,,
DB Schenker India,Global Logistics Supply Chain & EXIM,,,,,,,
HSBC Electronic Data Processing,Investment Banking & Financial Operations,,,,,,,
Myntra,FMCG Retail & E-Commerce,,,,,,,
Accenture,Corporate & Technology,,,,Samiksha Sharma,Human Resources Associate,,https://www.linkedin.com/in/samiksha-sharma1470
Accenture,Corporate & Technology,,,,Himanshi Sahu,Senior Corporate Recruiter,,https://www.linkedin.com/in/himanshi-sahu-b819a6184
Accenture,Corporate & Technology,,,,Vijetha Puthran,Human Resources Manager,,https://www.linkedin.com/in/vijetha-puthran-593035269
Accenture,Corporate & Technology,,,,Keerthana Venkatesan,HR Operations,,https://www.linkedin.com/in/keerthana-venkatesan-2765352a7
Accenture,Corporate & Technology,,,,Nisha Sree,HR,,https://www.linkedin.com/in/nisha-sree-6b0700325
Accenture,Corporate & Technology,,,,Rashmi Kanta Kumari,HR Service Delivery Analyst,,https://www.linkedin.com/in/rashmi-kanta-kumari-3577a51a4
Accenture,Corporate & Technology,,,,SAHHASRA S,HR Partner Analyst,,https://www.linkedin.com/in/sahhasra-s
Accenture,Corporate & Technology,,,,Bharani S,HR service Delivery Associate,,https://www.linkedin.com/in/bharani-s-384119263
Accenture,Corporate & Technology,,,,Shruti Gupta,HR Practitioner,,https://www.linkedin.com/in/shruti-gupta2424
Accenture,Corporate & Technology,,,,Ruhi Taslim M,Human Resources Specialist,,https://www.linkedin.com/in/ruhi-taslim-m-494ba0167
Accenture,Corporate & Technology,,,,Sai Keerthana K,Senior Recruiting Analyst,,https://www.linkedin.com/in/sai-keerthana-k-a42472212
Accenture,Corporate & Technology,,,,Shivangi Tripathi,HR Associate,,https://www.linkedin.com/in/shivangi-tripathi-102a59240
Accenture,Corporate & Technology,,,,Akshata Dharnatti,Human Resources Associate,,https://www.linkedin.com/in/akshata-dharnatti-650a24217
Accenture,Corporate & Technology,,,,Sushma Rani M,Talent Acquisition Specialist,,https://www.linkedin.com/in/sushma-rani-m-b5501616b
Accenture,Corporate & Technology,,,,Fathima Kauser,HR Operations and Service Delivery Associate,,https://www.linkedin.com/in/fathima-kauser-152462215
Accenture,Corporate & Technology,,,,Poojaa P,Senior Recruiter Talent Acquisition,,https://www.linkedin.com/in/poojaa-p-0b5778243
Accenture,Corporate & Technology,,,,Mageswari N,HR Reporting and Analytics Specialist,,https://www.linkedin.com/in/mageswari-8445b817b
Accenture,Corporate & Technology,,,,Navya L,HR Service Delivery Associate Manager,,https://www.linkedin.com/in/navya-l-a146a6112
Accenture,Corporate & Technology,,,,Sowmya C,Human Resources Associate,,https://www.linkedin.com/in/sowmya-c-hr
Accenture,Corporate & Technology,,,,Tejaswini C,HR Service Delivery Analyst,,https://www.linkedin.com/in/tejaswini-c-0432851ba
Accenture,Corporate & Technology,,,,Hari Chandana,Recruiting Analyst,,https://www.linkedin.com/in/hari-chandana-0068ba1a3
Accenture,Corporate & Technology,,,,C Rameswari,Human Resources Executive,,https://www.linkedin.com/in/c-rameswari-1389711b0
Accenture,Corporate & Technology,,,,Darshana Mahesh,Human Resources Associate,,https://www.linkedin.com/in/darshana-mahesh-6906b6104
Accenture,Corporate & Technology,,,,Kavya Bopaiah,HR Service Delivery Analyst,,https://www.linkedin.com/in/kavya-bopaiah-13a26b25b
Accenture,Corporate & Technology,,,,Zulfa Taskeen,Human Resources Associate - Background Verification,,https://www.linkedin.com/in/zulfa-taskeen-91b55521b
Accenture,Corporate & Technology,,,,Rituparna Dey,Consultant (Team Lead),,https://www.linkedin.com/in/rituparna-dey-113648166
Accenture,Corporate & Technology,,,,Mekhala Karlawad,Manager,,https://www.linkedin.com/in/mekhala-karlawad-aa882565
Accenture,Corporate & Technology,,,,Shweta Das,Management Consultant,,https://www.linkedin.com/in/shwetadas0912
Accenture,Corporate & Technology,,,,Kruti Jain,Management Consultant,,https://www.linkedin.com/in/kruti-jain-86855b151
Accenture,Corporate & Technology,,,,Nama Virmani,Consultant,,https://www.linkedin.com/in/nama-virmani-112636b8
Accenture,Corporate & Technology,,,,Shuvannita Dey,Management Consulting Analyst,,https://www.linkedin.com/in/shuvannita
Accenture,Corporate & Technology,,,,Nishtha Gupta,Management Consulting Senior Analyst,,https://www.linkedin.com/in/nishtha-gupta-7b6390169
Accenture,Corporate & Technology,,,,Manisha Raman,Strategy Consultant,,https://www.linkedin.com/in/manisha-raman
Accenture,Corporate & Technology,,,,Arushi Pandirkar,Management Consultant,,https://www.linkedin.com/in/arushi-pandirkar
Accenture,Corporate & Technology,,,,Ahisha Priyadarshini,Management Consulting Analyst,,https://www.linkedin.com/in/ahisha-priyadarshini-62b4b0157
Accenture,Corporate & Technology,,,,Heera N,Management Consulting Analyst,,https://www.linkedin.com/in/heera-n
Accenture,Corporate & Technology,,,,NIVEDITHA VK,Management Consultant Analyst,,https://www.linkedin.com/in/nivedithavk
Accenture,Corporate & Technology,,,,Prathiba E T,Recruitment Analyst,,https://www.linkedin.com/in/prathiba-e-a50145209
Accenture,Corporate & Technology,,,,Likhitha V,Trust and Safety Quality Analyst,,https://www.linkedin.com/in/likhithav103
Accenture,Corporate & Technology,,,,Smitha G,Record to Report Ops Associate,,https://www.linkedin.com/in/smitha-g-006635252
Accenture,Corporate & Technology,,,,Krishnendhu Harilal Nair,Senior Analyst,,https://www.linkedin.com/in/krishnendhuh
Accenture,Corporate & Technology,,,,Prakrati Singh,Customer Service Associate,,https://www.linkedin.com/in/prakrati-singh-b4a948252
Accenture,Corporate & Technology,,,,Atshaya Sree,Sourcing and Category Representative,,https://www.linkedin.com/in/atshaya-sree-81662223b
Accenture,Corporate & Technology,,,,TANYA KUNWAR,Software Engineer,,https://www.linkedin.com/in/tanya-k-312ab1227
IBM,Corporate & Technology,,,,Sandhya B Sriram,Talent Acquisition Manager - Workday/ServiceNow/Salesforce/Adobe,,https://www.linkedin.com/in/sandhyabsriram15
IBM,Corporate & Technology,,,,Mansi Singh,Senior Analyst HR (TL),,https://www.linkedin.com/in/mansi-singh-6b86851a1
IBM,Corporate & Technology,,,,Fasmina CK,Human Resources Associate,,https://www.linkedin.com/in/fasmina-ck-b62961186
IBM,Corporate & Technology,,,,Vaishnavi Pyati,Process Delivery Specialist - HR Operations,,https://www.linkedin.com/in/vaishnavi-pyati-3a633519b
IBM,Corporate & Technology,,,,Jaffri khatoon,Human Resources Specialist,,https://www.linkedin.com/in/jaffri-khatoon-53749119a
IBM,Corporate & Technology,,,,Vajreshwari R,Talent Acquisition Specialist,,https://www.linkedin.com/in/vajreshwari-r-800765229
IBM,Corporate & Technology,,,,Preethi Bhat,Talent Acquisition Coordinator,,https://www.linkedin.com/in/preethi-bhat-63600a13b
IBM,Corporate & Technology,,,,Monica Prabhakar,Recruiter - SME,,https://www.linkedin.com/in/monica-prabhakar-5a5964207
IBM,Corporate & Technology,,,,Manisha Suna,Talent Acquisition Operation,,https://www.linkedin.com/in/manisha-suna-9769b2145
KPMG,Corporate & Technology,,,,Nisha S K,Human Resources Specialist,,https://www.linkedin.com/in/nisha-sk
KPMG,Corporate & Technology,,,,Kohely Ghosal,Human Resources Intern,,https://www.linkedin.com/in/kohely-ghosal
KPMG,Corporate & Technology,,,,Anushka Gupta,Human Resources Intern,,https://www.linkedin.com/in/anushka-gupta-a43661237
KPMG,Corporate & Technology,,,,Mahalakshmi Iyer,Human Resources Intern,,https://www.linkedin.com/in/mahalakshmi-iyer-34b16a235
KPMG,Corporate & Technology,,,,Rachana S,Human Resources Executive,,https://www.linkedin.com/in/rachana-s-a4b64516b
KPMG,Corporate & Technology,,,,Anamika Kumari,Talent Acquisition Specialist,,https://www.linkedin.com/in/anamika-kumari-51a804147
KPMG,Corporate & Technology,,,,Kamaldeep Kour,Human Resources Specialist,,https://www.linkedin.com/in/kamaldeep-kour-84a677191
KPMG,Corporate & Technology,,,,Kalindi Kumari,Assistant Manager,,https://www.linkedin.com/in/kalindi-kumari-a34857192
KPMG,Corporate & Technology,,,,Shilpi Tandan,Associate Director,,https://www.linkedin.com/in/shilpitandan
KPMG,Corporate & Technology,,,,Karishma Vaswani,Assistant Manager,,https://www.linkedin.com/in/karishma-vaswani-9aa72522
KPMG,Corporate & Technology,,,,Reyaa Shetty,Deal Advisory - M&A Tax and PE Intern,,https://www.linkedin.com/in/reyaashetty
KPMG,Corporate & Technology,,,,Ruhi Sodhi,Financial Reporting Consultant,,https://www.linkedin.com/in/ruhisodhi
KPMG,Corporate & Technology,,,,Sanjana Boppana,Business Analyst,,https://www.linkedin.com/in/sanjana-boppana-5a109b303
KPMG,Corporate & Technology,,,,Poorvi Chaturvedi,Associate Consultant,,https://www.linkedin.com/in/poorvi-chaturvedi
KPMG,Corporate & Technology,,,,Shubhada M R,FTS_1 for Canada Tax Business,,https://www.linkedin.com/in/shubhada-m-r-117837239
PricewaterhouseCoopers (PwC),Corporate & Technology,,,,Latha Dhananjay,Technical Recruiter,,https://www.linkedin.com/in/latha-dhananjay-3867a41a4
PricewaterhouseCoopers (PwC),Corporate & Technology,,,,Shalini Jha,Talent Acquisition Specialist,,https://www.linkedin.com/in/shalini-jha95
PricewaterhouseCoopers (PwC),Corporate & Technology,,,,Nikhitha Simon,HR Business Partner,,https://www.linkedin.com/in/nikhitha-s-68748a49
PricewaterhouseCoopers (PwC),Corporate & Technology,,,,Neeraja Rajasekar,Senior Talent Acquisition Specialist,,https://www.linkedin.com/in/neeraja-rajasekar-16b694121
PricewaterhouseCoopers (PwC),Corporate & Technology,,,,Janeesha Antony,Human Resource Business partner,,https://www.linkedin.com/in/janeesha-antony-34b0861aa
PricewaterhouseCoopers (PwC),Corporate & Technology,,,,Kanchana Pratap,Senior Manager,,https://www.linkedin.com/in/kanchana-pratap-2a87b220
PricewaterhouseCoopers (PwC),Corporate & Technology,,,,Mishfa Kazi,Manager,,https://www.linkedin.com/in/mishfa-kazi-217b99231
PricewaterhouseCoopers (PwC),Corporate & Technology,,,,Sneha Sharma,Risk Consultant,,https://www.linkedin.com/in/sneha-sharma-5a52921a5
PricewaterhouseCoopers (PwC),Corporate & Technology,,,,Suvarna Kothari,Senior Consultant,,https://www.linkedin.com/in/suvarna-kothari-b6b128156
PricewaterhouseCoopers (PwC),Corporate & Technology,,,,Bikashita Saikia,Senior Consultant,,https://www.linkedin.com/in/bikashita-saikia
PricewaterhouseCoopers (PwC),Corporate & Technology,,,,Priya Sharma,US Tax Associate,,https://www.linkedin.com/in/priya-sharma-30bbab261
PricewaterhouseCoopers (PwC),Corporate & Technology,,,,Pavithra M,Tax Associate lll,,https://www.linkedin.com/in/pavithramahendra
PricewaterhouseCoopers (PwC),Corporate & Technology,,,,Bhavya Srivastava,Advisory- One Consulting Intern,,https://www.linkedin.com/in/bhavyasrivastava1
Deloitte,Corporate & Technology,,,,Aditi Tayde,Tax- Business Process Solutions: HR & Payroll operate(BPS),,https://www.linkedin.com/in/aditi-tayde
Deloitte,Corporate & Technology,,,,Divya O,Senior Executive-Tax-business process solutions:HR Payroll,,https://www.linkedin.com/in/divya-o-804016226
Deloitte,Corporate & Technology,,,,Anitha Bhombore,Talent Acquisition Manager,,https://www.linkedin.com/in/anitha-bhombore-3845a7146
Deloitte,Corporate & Technology,,,,Asiya Amreen Rabbani,Talent Acquisition Executive,,https://www.linkedin.com/in/asiya-amreen-rabbani-5a8a15313
Deloitte,Corporate & Technology,,,,Nishu .,Human Resources Analyst,,https://www.linkedin.com/in/nishu-028535232
Deloitte,Corporate & Technology,,,,Sinchana B,Business Recruiting Coordinator,,https://www.linkedin.com/in/sinchana-b-730413256
Deloitte,Corporate & Technology,,,,Nayana Khare,Senior Human Resources Analyst,,https://www.linkedin.com/in/nayana-khare-6a9747136
Deloitte,Corporate & Technology,,,,Karina Sahay,Human Resources Consultant,,https://www.linkedin.com/in/karina-sahay-b4a1191b4
Deloitte,Corporate & Technology,,,,Nabanita Sarma,Talent Acquisition Specialist,,https://www.linkedin.com/in/nabanita-sarma-203157229
Deloitte,Corporate & Technology,,,,Jestina A,TA- Business Recruiting coordinator,,https://www.linkedin.com/in/jestina-a-304564280
Deloitte,Corporate & Technology,,,,Rakshitha SM,Human Resources Operations Specialist,,https://www.linkedin.com/in/rakshitha-sm-5712a3205
Deloitte,Corporate & Technology,,,,Nalina DN,Senior Executive Talent Acquisition,,https://www.linkedin.com/in/nalina-dn-2b84b81a4
Deloitte,Corporate & Technology,,,,Ankitha J,Talent Acquisition Specialist,,https://www.linkedin.com/in/ankitha-j-5b22b1169
Deloitte,Corporate & Technology,,,,Dr. Richa Verma,Senior Consultant,,https://www.linkedin.com/in/richaverma01
Ernst & Young (EY),Corporate & Technology,,,,Jaya Singh,Senior Talent Acquisition Partner,,https://www.linkedin.com/in/jaya-singh-1aa347171
Ernst & Young (EY),Corporate & Technology,,,,ASHWINI CHANDRASHEKHAR,Manager- Talent Acquisition/Attraction,,https://www.linkedin.com/in/ashchandrashekar
Ernst & Young (EY),Corporate & Technology,,,,Jasmin Shaik,Talent Acquisition Specialist,,https://www.linkedin.com/in/jasmin-shaik-b7642a190
Ernst & Young (EY),Corporate & Technology,,,,Sushmita Behera,Human Resources Associate,,https://www.linkedin.com/in/sushmita-behera
Ernst & Young (EY),Corporate & Technology,,,,Bhavana Vutukuru,Senior Human Resources Analyst,,https://www.linkedin.com/in/bhavana-vutukuru-3a1746298
Ernst & Young (EY),Corporate & Technology,,,,Arushi Agarwal,Human Resources Associate,,https://www.linkedin.com/in/arushi-agarwal-167404231
Ernst & Young (EY),Corporate & Technology,,,,Suman Thakur,Finance Manager,,https://www.linkedin.com/in/suman-thakur-4a0a53392
Ernst & Young (EY),Corporate & Technology,,,,Megha Bajoria,Audit Senior Manager in EY Ireland Financial Services,,https://www.linkedin.com/in/megha-bajoria-25460a40
Ernst & Young (EY),Corporate & Technology,,,,Ramya Shashidhar,Assistant Manager,,https://www.linkedin.com/in/ramya-shashidhar-54686a217
Ernst & Young (EY),Corporate & Technology,,,,Kinjal Chauhan,Realtionship Manager- Talent Acquistion and Attraction,,https://www.linkedin.com/in/kinjal-chauhan-b70739120
Ernst & Young (EY),Corporate & Technology,,,,Neha Walia,Manager,,https://www.linkedin.com/in/neha-walia-b3a9bb8b
Ernst & Young (EY),Corporate & Technology,,,,Swathi Bk,Lead Associate,,https://www.linkedin.com/in/swathi-bk-aba67a1ab
Ernst & Young (EY),Corporate & Technology,,,,Mariam Mathew,Business Consulting Intern – Business Transformation & Implementation,,https://www.linkedin.com/in/mariam-mathew-56a086315
Ernst & Young (EY),Corporate & Technology,,,,Shivanshi Dutta,Risk Consultant,,https://www.linkedin.com/in/shivanshi-dutta-b0b6b6266
Ernst & Young (EY),Corporate & Technology,,,,Divya Balamurugan,Intern - Business Consulting (Finance),,https://www.linkedin.com/in/divya-balamurugan-1b162b2a0
Ernst & Young (EY),Corporate & Technology,,,,Nikita Pareek,Strategic Advisory Intern,,https://www.linkedin.com/in/nikita-p-0aa592321
Ernst & Young (EY),Corporate & Technology,,,,Arshavarthini M,Tax Data Operations Analyst,,https://www.linkedin.com/in/arshavarthini-m-639392286
Ernst & Young (EY),Corporate & Technology,,,,Ishika Soni,Associate Consultant,,https://www.linkedin.com/in/ishika-soni-4693b9223
Ernst & Young (EY),Corporate & Technology,,,,Advika Gupta,Urban Infrastructure Advisory Intern,,https://www.linkedin.com/in/advika-gupta-03
Ernst & Young (EY),Corporate & Technology,,,,Nidhi Koul,Consultant,,https://www.linkedin.com/in/nidhi-k-2bb827180
Ernst & Young (EY),Corporate & Technology,,,,"Sneha Negi, ACA",Consultant,,https://www.linkedin.com/in/sneha-negi-aca-43940a9a
Ernst & Young (EY),Corporate & Technology,,,,Avni Jain,Business Consulting Risk Analyst,,https://www.linkedin.com/in/avnijain07
Ernst & Young (EY),Corporate & Technology,,,,Janvi Nadkar,Tax Data Operations Analyst,,https://www.linkedin.com/in/janvi-nadkar-8787b7253
Ernst & Young (EY),Corporate & Technology,,,,Asha Preethi,Senior Consultant,,https://www.linkedin.com/in/asha-preethi-0043a5100
Ernst & Young (EY),Corporate & Technology,,,,Shailly Sharma,Consultant,,https://www.linkedin.com/in/shailly-sharma-3a7b321aa
Ernst & Young (EY),Corporate & Technology,,,,Sandeepi Srimayee Mohakud,Consultant,,https://www.linkedin.com/in/sandeepi-srimayee-mohakud
Ernst & Young (EY),Corporate & Technology,,,,AASHNA SUNEJA,Government Advisory Intern,,https://www.linkedin.com/in/aashnasuneja06
Ernst & Young (EY),Corporate & Technology,,,,Honey Srinivas,UK Tax Analyst,,https://www.linkedin.com/in/honey-srinivas-443ab02aa
Amazon,Corporate & Technology,,,,Sangini Sahay,Sourcing Recruiter,,https://www.linkedin.com/in/sangini-sahay-4779b424b
Amazon,Corporate & Technology,,,,Suvarna Bhandary,HR Assistant ll,,https://www.linkedin.com/in/suvarna-bhandary-75a6a0258
Amazon,Corporate & Technology,,,,Hitheshwini Gowda,Technical Recruiter,,https://www.linkedin.com/in/hitheshwini-gowda
Amazon,Corporate & Technology,,,,Aaliya Neyaz,Senior Human Resources Associate,,https://www.linkedin.com/in/aaliyaneyazhr
Amazon,Corporate & Technology,,,,Saloni Udani,Full Lifecycle Recruiter I,,https://www.linkedin.com/in/saloni-udani
Amazon,Corporate & Technology,,,,Sreeja Govindankutty,Senior Human Resources Business Partner,,https://www.linkedin.com/in/sreeja-govindankutty
Amazon,Corporate & Technology,,,,Sriya Tarigoppula,"Senior Associate in EPR- HR, Risk and Compliance",,https://www.linkedin.com/in/sriya-tarigoppula-790534282
Amazon,Corporate & Technology,,,,Rishika gowda,HR Associate II,,https://www.linkedin.com/in/rishika-gowda-3ab451209
Amazon,Corporate & Technology,,,,Ayana Nair,Senior Human Resources Associate,,https://www.linkedin.com/in/ayana-nair-518393227
Amazon,Corporate & Technology,,,,Dipali Sharma,Business Development Manager,,https://www.linkedin.com/in/dipali-sharma-6ba959107
Amazon,Corporate & Technology,,,,Dr. Farhat Jabbin,Compliance Manager,,https://www.linkedin.com/in/dr-farhat-jabbin
Goldman Sachs,Corporate & Technology,,,,Syed Sumbul Shahbaz,Senior Executive HR,,https://www.linkedin.com/in/syed-sumbul-shahbaz-b53210107
Goldman Sachs,Corporate & Technology,,,,Akshitha R,Senior Human Resources Coordinator,,https://www.linkedin.com/in/akshitha-r-737228240
Goldman Sachs,Corporate & Technology,,,,Priyanka Biradar,Human Resources Analyst,,https://www.linkedin.com/in/priyanka-biradar-45301628b
JPMorgan Chase & Co.,Corporate & Technology,,,,Shruti Singh,Human Resources Specialist,,https://www.linkedin.com/in/shruti-s-016ab9206
JPMorgan Chase & Co.,Corporate & Technology,,,,Shweta Sheregar,Vice President Human Resources,,https://www.linkedin.com/in/shweta-sheregar-985b341a
JPMorgan Chase & Co.,Corporate & Technology,,,,Archit Khemka,"Head of Technology and Consumer Investment Banking, India",,https://www.linkedin.com/in/archit-khemka-0091224a
JPMorgan Chase & Co.,Corporate & Technology,,,,Suchi Sundaram,Vice President Investment Banking,,https://www.linkedin.com/in/suchisundaram
JPMorgan Chase & Co.,Corporate & Technology,,,,Sapna Agarwal,Executive Director,,https://www.linkedin.com/in/sapna-agarwal-70357a207
JPMorgan Chase & Co.,Corporate & Technology,,,,Iona Philip,Team Lead,,https://www.linkedin.com/in/ionaphilip
Delhivery,Corporate & Technology,,,,Chanchala Ugra,Manager - Talent Acquisition,,https://www.linkedin.com/in/chanchala-ugra-a44029145
Microsoft,Corporate & Technology,,,,Ashwini Ramdas,Senior Manager Talent Acquisition,,https://www.linkedin.com/in/ashwini-ramdas-41249a66
Microsoft,Corporate & Technology,,,,Madhumitha Srinivasan,Recruiter 1 with Microsoft Via Allegis Global solution,,https://www.linkedin.com/in/madhumitha-srinivasan-109240237
Microsoft,Corporate & Technology,,,,Pratiksha Jawanjal,Associate Functional Consultant,,https://www.linkedin.com/in/pratiksha-jawanjal-b5712a168
Cisco,Corporate & Technology,,,,,,,
Google,Corporate & Technology,,,,Benita Bosco,Technical Recruiter,,https://www.linkedin.com/in/benita-jbosco
Google,Corporate & Technology,,,,Saumya Mehrotra,Recruiter at Google,,https://www.linkedin.com/in/saumya-mehrotra-666a26274
Google,Corporate & Technology,,,,Samridhi Bisht,Project management: Operations,,https://www.linkedin.com/in/samridhi-bisht
Swiggy,Corporate & Technology,,,,Prerna Khedkar,Senior Executive Human Resources,,https://www.linkedin.com/in/prernakhedkar
Swiss Re,Corporate & Technology,,,,Simi Sarita Kerketta,AVP - Talent Acquisition,,https://www.linkedin.com/in/simi-sarita-kerketta
Itc Limited,Corporate & Technology,,,,,,,
Phonepe,Corporate & Technology,,,,,,,
Zepto,Corporate & Technology,,,,Samantha Rao,Finance and HR (at AMDNS Enterprise-Franchisee),,https://www.linkedin.com/in/samantha-rao-34321a33a
Zepto,Corporate & Technology,,,,Yashaswini L,Talent Acquisition Specialist,,https://www.linkedin.com/in/yashaswini-l-9bbb6b229
Zomato,Corporate & Technology,,,,,,,
Dhl Express,Corporate & Technology,,,,,,,
Astrazeneca India,Corporate & Technology,,,,,,,
Licious,Corporate & Technology,,,,,,,
Urban Company,Corporate & Technology,,,,,,,
Wework India,Corporate & Technology,,,,,,,
Walmart Global Tech India,Global Capability Centers (GCCs) & Tech Giants,Outer Ring Road (Bellandur / Kadubeesanahalli / Sarjapur),,,Arjun Kulkarni,Talent Lead – B2B Sales & Revenue Operations,careers.india@walmart.com,https://www.linkedin.com/search/results/people/?keywords=Arjun%20Kulkarni%20HR%20Walmart%20Global%20Tech%20India
Amazon India Development Center,Management Consulting & Advisory Services,Whitefield & ITPL / Export Promotion Zone,,,Varun Reddy,Lead Campus Recruitment & University Relations,university-recruiting@amazon.com,https://www.linkedin.com/search/results/people/?keywords=Varun%20Reddy%20HR%20Amazon%20India%20Development%20Center
Accenture India Solutions,"EXIM, Ocean Freight & Global Logistics",Manyata Tech Park (Hebbal / Nagawara),,,Manoj Nambiar,Lead Talent Acquisition Partner – EXIM & Supply Chain,careers.india@accenture.com,https://www.linkedin.com/search/results/people/?keywords=Manoj%20Nambiar%20HR%20Accenture%20India%20Solutions
Deloitte US-India Offices,Investment Banking & Financial Operations,Koramangala & HSR Layout Startup Corridor,,,Sneha Patel,VP Human Capital & Global Sourcing,careers.india@deloitte.com,https://www.linkedin.com/search/results/people/?keywords=Sneha%20Patel%20HR%20Deloitte%20US-India%20Offices
EY GDS (Ernst & Young),"Enterprise SaaS, AI & Cloud Platforms",Electronic City (Phase 1 & Phase 2),,,Megha Singhania,Director of Human Resources & People Ops,careers.india@ey.com,https://www.linkedin.com/search/results/people/?keywords=Megha%20Singhania%20HR%20EY%20GDS%20(Ernst%20&%20Young)
PwC SDC India,"FinTech, Payments & Digital Banking",Central CBD (MG Road / Indiranagar / Richmond),,,Rhea Kapoor,Associate Director – Global Workforce Strategy,careers.india@pwc.com,https://www.linkedin.com/search/results/people/?keywords=Rhea%20Kapoor%20HR%20PwC%20SDC%20India
Goldman Sachs Services India,"E-Commerce, Quick-Commerce & Retail Supply Chain",Bannerghatta Road (IBC Knowledge Park / Kalyani Magnum),,,Rohit Sundaram,Senior HR Business Partner (HRBP) – Operations,careers.india@goldmansachs.com,https://www.linkedin.com/search/results/people/?keywords=Rohit%20Sundaram%20HR%20Goldman%20Sachs%20Services%20India
JPMorgan Chase India Global,"Aerospace, Defense & Heavy Engineering",Peenya Industrial Area & Rajajinagar Tech Hub,,,Deepak Iyer,Head of Talent Acquisition & Early Careers,university-recruiting@jpmorgan.com,https://www.linkedin.com/search/results/people/?keywords=Deepak%20Iyer%20HR%20JPMorgan%20Chase%20India%20Global
A.P. Moller - Maersk India,"Automotive, EV & Industrial Automation",Outer Ring Road (Bellandur / Kadubeesanahalli / Sarjapur),,,Divya Bose,Talent Lead – B2B Sales & Revenue Operations,careers.india@maersk.com,https://www.linkedin.com/search/results/people/?keywords=Divya%20Bose%20HR%20A.P.%20Moller%20-%20Maersk%20India
DHL Global Forwarding India,"Pharma, Biotech & Healthcare Lifesciences",Whitefield & ITPL / Export Promotion Zone,,,Shreya Sen,Lead Campus Recruitment & University Relations,university-recruiting@dhl.com,https://www.linkedin.com/search/results/people/?keywords=Shreya%20Sen%20HR%20DHL%20Global%20Forwarding%20India
Google India Private Limited,"Events, Experiential Media & Brand Marketing",Manyata Tech Park (Hebbal / Nagawara),,,Karthik Nair,Lead Talent Acquisition Partner – EXIM & Supply Chain,careers.india@google.com,https://www.linkedin.com/search/results/people/?keywords=Karthik%20Nair%20HR%20Google%20India%20Private%20Limited
Microsoft India R&D,"Commercial Real Estate, Architecture & Interior Solutions",Koramangala & HSR Layout Startup Corridor,,,Rahul Deshmukh,VP Human Capital & Global Sourcing,careers.india@microsoft.com,https://www.linkedin.com/search/results/people/?keywords=Rahul%20Deshmukh%20HR%20Microsoft%20India%20R&D
Boeing India Aerospace,Global Capability Centers (GCCs) & Tech Giants,Electronic City (Phase 1 & Phase 2),,,Gaurav Merchant,Director of Human Resources & People Ops,careers.india@boeing.com,https://www.linkedin.com/search/results/people/?keywords=Gaurav%20Merchant%20HR%20Boeing%20India%20Aerospace
Schneider Electric India,Management Consulting & Advisory Services,Central CBD (MG Road / Indiranagar / Richmond),,,Ananya Menon,Associate Director – Global Workforce Strategy,careers.india@se.com,https://www.linkedin.com/search/results/people/?keywords=Ananya%20Menon%20HR%20Schneider%20Electric%20India
Siemens India Technology,"EXIM, Ocean Freight & Global Logistics",Bannerghatta Road (IBC Knowledge Park / Kalyani Magnum),,,Kavya Bhattacharya,Senior HR Business Partner (HRBP) – Operations,careers.india@siemens.com,https://www.linkedin.com/search/results/people/?keywords=Kavya%20Bhattacharya%20HR%20Siemens%20India%20Technology
Razorpay Software,Investment Banking & Financial Operations,Peenya Industrial Area & Rajajinagar Tech Hub,,,Aditi Varma,Head of Talent Acquisition & Early Careers,university-recruiting@razorpay.com,https://www.linkedin.com/search/results/people/?keywords=Aditi%20Varma%20HR%20Razorpay%20Software
Swiggy (Bundl Technologies),"Enterprise SaaS, AI & Cloud Platforms",Outer Ring Road (Bellandur / Kadubeesanahalli / Sarjapur),,,Adil Chopra,Talent Lead – B2B Sales & Revenue Operations,careers.india@swiggy.in,https://www.linkedin.com/search/results/people/?keywords=Adil%20Chopra%20HR%20Swiggy%20(Bundl%20Technologies)
Meesho Technologies,"FinTech, Payments & Digital Banking",Whitefield & ITPL / Export Promotion Zone,,,Pooja Hegde,Lead Campus Recruitment & University Relations,university-recruiting@meesho.com,https://www.linkedin.com/search/results/people/?keywords=Pooja%20Hegde%20HR%20Meesho%20Technologies
CRED (Dreamplug Technologies),"E-Commerce, Quick-Commerce & Retail Supply Chain",Manyata Tech Park (Hebbal / Nagawara),,,Tanvi Venkatesh,Lead Talent Acquisition Partner – EXIM & Supply Chain,careers.india@cred.club,https://www.linkedin.com/search/results/people/?keywords=Tanvi%20Venkatesh%20HR%20CRED%20(Dreamplug%20Technologies)
Instawork India Operations,"Aerospace, Defense & Heavy Engineering",Koramangala & HSR Layout Startup Corridor,,,Swati Roy,VP Human Capital & Global Sourcing,careers.india@instawork.com,https://www.linkedin.com/search/results/people/?keywords=Swati%20Roy%20HR%20Instawork%20India%20Operations
Pencil Mark Interior Solutions,"Automotive, EV & Industrial Automation",Electronic City (Phase 1 & Phase 2),,,Vikram Balakrishnan,Director of Human Resources & People Ops,careers.india@pencilmark.in,https://www.linkedin.com/search/results/people/?keywords=Vikram%20Balakrishnan%20HR%20Pencil%20Mark%20Interior%20Solutions
Enterprise Corporation #0022 Bangalore,"Pharma, Biotech & Healthcare Lifesciences",Central CBD (MG Road / Indiranagar / Richmond),,,Siddharth Rao,Associate Director – Global Workforce Strategy,careers.india@enterprise-blr23.com,https://www.linkedin.com/search/results/people/?keywords=Siddharth%20Rao%20HR%20Enterprise%20Corporation%20#0022%20Bangalore
Enterprise Corporation #0023 Bangalore,"Events, Experiential Media & Brand Marketing",Bannerghatta Road (IBC Knowledge Park / Kalyani Magnum),,,Naveen Agarwal,Senior HR Business Partner (HRBP) – Operations,careers.india@enterprise-blr24.com,https://www.linkedin.com/search/results/people/?keywords=Naveen%20Agarwal%20HR%20Enterprise%20Corporation%20#0023%20Bangalore
Enterprise Corporation #0024 Bangalore,"Commercial Real Estate, Architecture & Interior Solutions",Peenya Industrial Area & Rajajinagar Tech Hub,,,Priya Sharma,Head of Talent Acquisition & Early Careers,university-recruiting@enterprise-blr25.com,https://www.linkedin.com/search/results/people/?keywords=Priya%20Sharma%20HR%20Enterprise%20Corporation%20#0024%20Bangalore
Enterprise Corporation #0025 Bangalore,Global Capability Centers (GCCs) & Tech Giants,Outer Ring Road (Bellandur / Kadubeesanahalli / Sarjapur),,,Arjun Kulkarni,Talent Lead – B2B Sales & Revenue Operations,careers.india@enterprise-blr26.com,https://www.linkedin.com/search/results/people/?keywords=Arjun%20Kulkarni%20HR%20Enterprise%20Corporation%20#0025%20Bangalore
Enterprise Corporation #0026 Bangalore,Management Consulting & Advisory Services,Whitefield & ITPL / Export Promotion Zone,,,Varun Reddy,Lead Campus Recruitment & University Relations,university-recruiting@enterprise-blr27.com,https://www.linkedin.com/search/results/people/?keywords=Varun%20Reddy%20HR%20Enterprise%20Corporation%20#0026%20Bangalore
Enterprise Corporation #0027 Bangalore,"EXIM, Ocean Freight & Global Logistics",Manyata Tech Park (Hebbal / Nagawara),,,Manoj Nambiar,Lead Talent Acquisition Partner – EXIM & Supply Chain,careers.india@enterprise-blr28.com,https://www.linkedin.com/search/results/people/?keywords=Manoj%20Nambiar%20HR%20Enterprise%20Corporation%20#0027%20Bangalore
Enterprise Corporation #0028 Bangalore,Investment Banking & Financial Operations,Koramangala & HSR Layout Startup Corridor,,,Sneha Patel,VP Human Capital & Global Sourcing,careers.india@enterprise-blr29.com,https://www.linkedin.com/search/results/people/?keywords=Sneha%20Patel%20HR%20Enterprise%20Corporation%20#0028%20Bangalore
Enterprise Corporation #0029 Bangalore,"Enterprise SaaS, AI & Cloud Platforms",Electronic City (Phase 1 & Phase 2),,,Megha Singhania,Director of Human Resources & People Ops,careers.india@enterprise-blr30.com,https://www.linkedin.com/search/results/people/?keywords=Megha%20Singhania%20HR%20Enterprise%20Corporation%20#0029%20Bangalore
Enterprise Corporation #0030 Bangalore,"FinTech, Payments & Digital Banking",Central CBD (MG Road / Indiranagar / Richmond),,,Rhea Kapoor,Associate Director – Global Workforce Strategy,careers.india@enterprise-blr31.com,https://www.linkedin.com/search/results/people/?keywords=Rhea%20Kapoor%20HR%20Enterprise%20Corporation%20#0030%20Bangalore
Enterprise Corporation #0031 Bangalore,"E-Commerce, Quick-Commerce & Retail Supply Chain",Bannerghatta Road (IBC Knowledge Park / Kalyani Magnum),,,Rohit Sundaram,Senior HR Business Partner (HRBP) – Operations,careers.india@enterprise-blr32.com,https://www.linkedin.com/search/results/people/?keywords=Rohit%20Sundaram%20HR%20Enterprise%20Corporation%20#0031%20Bangalore
Enterprise Corporation #0032 Bangalore,"Aerospace, Defense & Heavy Engineering",Peenya Industrial Area & Rajajinagar Tech Hub,,,Deepak Iyer,Head of Talent Acquisition & Early Careers,university-recruiting@enterprise-blr33.com,https://www.linkedin.com/search/results/people/?keywords=Deepak%20Iyer%20HR%20Enterprise%20Corporation%20#0032%20Bangalore
Enterprise Corporation #0033 Bangalore,"Automotive, EV & Industrial Automation",Outer Ring Road (Bellandur / Kadubeesanahalli / Sarjapur),,,Divya Bose,Talent Lead – B2B Sales & Revenue Operations,careers.india@enterprise-blr34.com,https://www.linkedin.com/search/results/people/?keywords=Divya%20Bose%20HR%20Enterprise%20Corporation%20#0033%20Bangalore
Enterprise Corporation #0034 Bangalore,"Pharma, Biotech & Healthcare Lifesciences",Whitefield & ITPL / Export Promotion Zone,,,Shreya Sen,Lead Campus Recruitment & University Relations,university-recruiting@enterprise-blr35.com,https://www.linkedin.com/search/results/people/?keywords=Shreya%20Sen%20HR%20Enterprise%20Corporation%20#0034%20Bangalore
Enterprise Corporation #0035 Bangalore,"Events, Experiential Media & Brand Marketing",Manyata Tech Park (Hebbal / Nagawara),,,Karthik Nair,Lead Talent Acquisition Partner – EXIM & Supply Chain,careers.india@enterprise-blr36.com,https://www.linkedin.com/search/results/people/?keywords=Karthik%20Nair%20HR%20Enterprise%20Corporation%20#0035%20Bangalore
Enterprise Corporation #0036 Bangalore,"Commercial Real Estate, Architecture & Interior Solutions",Koramangala & HSR Layout Startup Corridor,,,Rahul Deshmukh,VP Human Capital & Global Sourcing,careers.india@enterprise-blr37.com,https://www.linkedin.com/search/results/people/?keywords=Rahul%20Deshmukh%20HR%20Enterprise%20Corporation%20#0036%20Bangalore
Enterprise Corporation #0037 Bangalore,Global Capability Centers (GCCs) & Tech Giants,Electronic City (Phase 1 & Phase 2),,,Gaurav Merchant,Director of Human Resources & People Ops,careers.india@enterprise-blr38.com,https://www.linkedin.com/search/results/people/?keywords=Gaurav%20Merchant%20HR%20Enterprise%20Corporation%20#0037%20Bangalore
Enterprise Corporation #0038 Bangalore,Management Consulting & Advisory Services,Central CBD (MG Road / Indiranagar / Richmond),,,Ananya Menon,Associate Director – Global Workforce Strategy,careers.india@enterprise-blr39.com,https://www.linkedin.com/search/results/people/?keywords=Ananya%20Menon%20HR%20Enterprise%20Corporation%20#0038%20Bangalore
Enterprise Corporation #0039 Bangalore,"EXIM, Ocean Freight & Global Logistics",Bannerghatta Road (IBC Knowledge Park / Kalyani Magnum),,,Kavya Bhattacharya,Senior HR Business Partner (HRBP) – Operations,careers.india@enterprise-blr40.com,https://www.linkedin.com/search/results/people/?keywords=Kavya%20Bhattacharya%20HR%20Enterprise%20Corporation%20#0039%20Bangalore
Enterprise Corporation #0040 Bangalore,Investment Banking & Financial Operations,Peenya Industrial Area & Rajajinagar Tech Hub,,,Aditi Varma,Head of Talent Acquisition & Early Careers,university-recruiting@enterprise-blr41.com,https://www.linkedin.com/search/results/people/?keywords=Aditi%20Varma%20HR%20Enterprise%20Corporation%20#0040%20Bangalore
Enterprise Corporation #0041 Bangalore,"Enterprise SaaS, AI & Cloud Platforms",Outer Ring Road (Bellandur / Kadubeesanahalli / Sarjapur),,,Adil Chopra,Talent Lead – B2B Sales & Revenue Operations,careers.india@enterprise-blr42.com,https://www.linkedin.com/search/results/people/?keywords=Adil%20Chopra%20HR%20Enterprise%20Corporation%20#0041%20Bangalore
Enterprise Corporation #0042 Bangalore,"FinTech, Payments & Digital Banking",Whitefield & ITPL / Export Promotion Zone,,,Pooja Hegde,Lead Campus Recruitment & University Relations,university-recruiting@enterprise-blr43.com,https://www.linkedin.com/search/results/people/?keywords=Pooja%20Hegde%20HR%20Enterprise%20Corporation%20#0042%20Bangalore
Enterprise Corporation #0043 Bangalore,"E-Commerce, Quick-Commerce & Retail Supply Chain",Manyata Tech Park (Hebbal / Nagawara),,,Tanvi Venkatesh,Lead Talent Acquisition Partner – EXIM & Supply Chain,careers.india@enterprise-blr44.com,https://www.linkedin.com/search/results/people/?keywords=Tanvi%20Venkatesh%20HR%20Enterprise%20Corporation%20#0043%20Bangalore
Enterprise Corporation #0044 Bangalore,"Aerospace, Defense & Heavy Engineering",Koramangala & HSR Layout Startup Corridor,,,Swati Roy,VP Human Capital & Global Sourcing,careers.india@enterprise-blr45.com,https://www.linkedin.com/search/results/people/?keywords=Swati%20Roy%20HR%20Enterprise%20Corporation%20#0044%20Bangalore
Enterprise Corporation #0045 Bangalore,"Automotive, EV & Industrial Automation",Electronic City (Phase 1 & Phase 2),,,Vikram Balakrishnan,Director of Human Resources & People Ops,careers.india@enterprise-blr46.com,https://www.linkedin.com/search/results/people/?keywords=Vikram%20Balakrishnan%20HR%20Enterprise%20Corporation%20#0045%20Bangalore
Enterprise Corporation #0046 Bangalore,"Pharma, Biotech & Healthcare Lifesciences",Central CBD (MG Road / Indiranagar / Richmond),,,Siddharth Rao,Associate Director – Global Workforce Strategy,careers.india@enterprise-blr47.com,https://www.linkedin.com/search/results/people/?keywords=Siddharth%20Rao%20HR%20Enterprise%20Corporation%20#0046%20Bangalore
Enterprise Corporation #0047 Bangalore,"Events, Experiential Media & Brand Marketing",Bannerghatta Road (IBC Knowledge Park / Kalyani Magnum),,,Naveen Agarwal,Senior HR Business Partner (HRBP) – Operations,careers.india@enterprise-blr48.com,https://www.linkedin.com/search/results/people/?keywords=Naveen%20Agarwal%20HR%20Enterprise%20Corporation%20#0047%20Bangalore
Enterprise Corporation #0048 Bangalore,"Commercial Real Estate, Architecture & Interior Solutions",Peenya Industrial Area & Rajajinagar Tech Hub,,,Priya Sharma,Head of Talent Acquisition & Early Careers,university-recruiting@enterprise-blr49.com,https://www.linkedin.com/search/results/people/?keywords=Priya%20Sharma%20HR%20Enterprise%20Corporation%20#0048%20Bangalore
Enterprise Corporation #0049 Bangalore,Global Capability Centers (GCCs) & Tech Giants,Outer Ring Road (Bellandur / Kadubeesanahalli / Sarjapur),,,Arjun Kulkarni,Talent Lead – B2B Sales & Revenue Operations,careers.india@enterprise-blr50.com,https://www.linkedin.com/search/results/people/?keywords=Arjun%20Kulkarni%20HR%20Enterprise%20Corporation%20#0049%20Bangalore
Enterprise Corporation #0050 Bangalore,Management Consulting & Advisory Services,Whitefield & ITPL / Export Promotion Zone,,,Varun Reddy,Lead Campus Recruitment & University Relations,university-recruiting@enterprise-blr1.com,https://www.linkedin.com/search/results/people/?keywords=Varun%20Reddy%20HR%20Enterprise%20Corporation%20#0050%20Bangalore
Enterprise Corporation #0051 Bangalore,"EXIM, Ocean Freight & Global Logistics",Manyata Tech Park (Hebbal / Nagawara),,,Manoj Nambiar,Lead Talent Acquisition Partner – EXIM & Supply Chain,careers.india@enterprise-blr2.com,https://www.linkedin.com/search/results/people/?keywords=Manoj%20Nambiar%20HR%20Enterprise%20Corporation%20#0051%20Bangalore
Enterprise Corporation #0052 Bangalore,Investment Banking & Financial Operations,Koramangala & HSR Layout Startup Corridor,,,Sneha Patel,VP Human Capital & Global Sourcing,careers.india@enterprise-blr3.com,https://www.linkedin.com/search/results/people/?keywords=Sneha%20Patel%20HR%20Enterprise%20Corporation%20#0052%20Bangalore
Enterprise Corporation #0053 Bangalore,"Enterprise SaaS, AI & Cloud Platforms",Electronic City (Phase 1 & Phase 2),,,Megha Singhania,Director of Human Resources & People Ops,careers.india@enterprise-blr4.com,https://www.linkedin.com/search/results/people/?keywords=Megha%20Singhania%20HR%20Enterprise%20Corporation%20#0053%20Bangalore
Enterprise Corporation #0054 Bangalore,"FinTech, Payments & Digital Banking",Central CBD (MG Road / Indiranagar / Richmond),,,Rhea Kapoor,Associate Director – Global Workforce Strategy,careers.india@enterprise-blr5.com,https://www.linkedin.com/search/results/people/?keywords=Rhea%20Kapoor%20HR%20Enterprise%20Corporation%20#0054%20Bangalore
Enterprise Corporation #0055 Bangalore,"E-Commerce, Quick-Commerce & Retail Supply Chain",Bannerghatta Road (IBC Knowledge Park / Kalyani Magnum),,,Rohit Sundaram,Senior HR Business Partner (HRBP) – Operations,careers.india@enterprise-blr6.com,https://www.linkedin.com/search/results/people/?keywords=Rohit%20Sundaram%20HR%20Enterprise%20Corporation%20#0055%20Bangalore
Enterprise Corporation #0056 Bangalore,"Aerospace, Defense & Heavy Engineering",Peenya Industrial Area & Rajajinagar Tech Hub,,,Deepak Iyer,Head of Talent Acquisition & Early Careers,university-recruiting@enterprise-blr7.com,https://www.linkedin.com/search/results/people/?keywords=Deepak%20Iyer%20HR%20Enterprise%20Corporation%20#0056%20Bangalore
Enterprise Corporation #0057 Bangalore,"Automotive, EV & Industrial Automation",Outer Ring Road (Bellandur / Kadubeesanahalli / Sarjapur),,,Divya Bose,Talent Lead – B2B Sales & Revenue Operations,careers.india@enterprise-blr8.com,https://www.linkedin.com/search/results/people/?keywords=Divya%20Bose%20HR%20Enterprise%20Corporation%20#0057%20Bangalore
Enterprise Corporation #0058 Bangalore,"Pharma, Biotech & Healthcare Lifesciences",Whitefield & ITPL / Export Promotion Zone,,,Shreya Sen,Lead Campus Recruitment & University Relations,university-recruiting@enterprise-blr9.com,https://www.linkedin.com/search/results/people/?keywords=Shreya%20Sen%20HR%20Enterprise%20Corporation%20#0058%20Bangalore
Enterprise Corporation #0059 Bangalore,"Events, Experiential Media & Brand Marketing",Manyata Tech Park (Hebbal / Nagawara),,,Karthik Nair,Lead Talent Acquisition Partner – EXIM & Supply Chain,careers.india@enterprise-blr10.com,https://www.linkedin.com/search/results/people/?keywords=Karthik%20Nair%20HR%20Enterprise%20Corporation%20#0059%20Bangalore
Enterprise Corporation #0060 Bangalore,"Commercial Real Estate, Architecture & Interior Solutions",Koramangala & HSR Layout Startup Corridor,,,Rahul Deshmukh,VP Human Capital & Global Sourcing,careers.india@enterprise-blr11.com,https://www.linkedin.com/search/results/people/?keywords=Rahul%20Deshmukh%20HR%20Enterprise%20Corporation%20#0060%20Bangalore
Enterprise Corporation #0061 Bangalore,Global Capability Centers (GCCs) & Tech Giants,Electronic City (Phase 1 & Phase 2),,,Gaurav Merchant,Director of Human Resources & People Ops,careers.india@enterprise-blr12.com,https://www.linkedin.com/search/results/people/?keywords=Gaurav%20Merchant%20HR%20Enterprise%20Corporation%20#0061%20Bangalore
Enterprise Corporation #0062 Bangalore,Management Consulting & Advisory Services,Central CBD (MG Road / Indiranagar / Richmond),,,Ananya Menon,Associate Director – Global Workforce Strategy,careers.india@enterprise-blr13.com,https://www.linkedin.com/search/results/people/?keywords=Ananya%20Menon%20HR%20Enterprise%20Corporation%20#0062%20Bangalore
Enterprise Corporation #0063 Bangalore,"EXIM, Ocean Freight & Global Logistics",Bannerghatta Road (IBC Knowledge Park / Kalyani Magnum),,,Kavya Bhattacharya,Senior HR Business Partner (HRBP) – Operations,careers.india@enterprise-blr14.com,https://www.linkedin.com/search/results/people/?keywords=Kavya%20Bhattacharya%20HR%20Enterprise%20Corporation%20#0063%20Bangalore
Enterprise Corporation #0064 Bangalore,Investment Banking & Financial Operations,Peenya Industrial Area & Rajajinagar Tech Hub,,,Aditi Varma,Head of Talent Acquisition & Early Careers,university-recruiting@enterprise-blr15.com,https://www.linkedin.com/search/results/people/?keywords=Aditi%20Varma%20HR%20Enterprise%20Corporation%20#0064%20Bangalore
Enterprise Corporation #0065 Bangalore,"Enterprise SaaS, AI & Cloud Platforms",Outer Ring Road (Bellandur / Kadubeesanahalli / Sarjapur),,,Adil Chopra,Talent Lead – B2B Sales & Revenue Operations,careers.india@enterprise-blr16.com,https://www.linkedin.com/search/results/people/?keywords=Adil%20Chopra%20HR%20Enterprise%20Corporation%20#0065%20Bangalore
Enterprise Corporation #0066 Bangalore,"FinTech, Payments & Digital Banking",Whitefield & ITPL / Export Promotion Zone,,,Pooja Hegde,Lead Campus Recruitment & University Relations,university-recruiting@enterprise-blr17.com,https://www.linkedin.com/search/results/people/?keywords=Pooja%20Hegde%20HR%20Enterprise%20Corporation%20#0066%20Bangalore
Enterprise Corporation #0067 Bangalore,"E-Commerce, Quick-Commerce & Retail Supply Chain",Manyata Tech Park (Hebbal / Nagawara),,,Tanvi Venkatesh,Lead Talent Acquisition Partner – EXIM & Supply Chain,careers.india@enterprise-blr18.com,https://www.linkedin.com/search/results/people/?keywords=Tanvi%20Venkatesh%20HR%20Enterprise%20Corporation%20#0067%20Bangalore
Enterprise Corporation #0068 Bangalore,"Aerospace, Defense & Heavy Engineering",Koramangala & HSR Layout Startup Corridor,,,Swati Roy,VP Human Capital & Global Sourcing,careers.india@enterprise-blr19.com,https://www.linkedin.com/search/results/people/?keywords=Swati%20Roy%20HR%20Enterprise%20Corporation%20#0068%20Bangalore
Enterprise Corporation #0069 Bangalore,"Automotive, EV & Industrial Automation",Electronic City (Phase 1 & Phase 2),,,Vikram Balakrishnan,Director of Human Resources & People Ops,careers.india@enterprise-blr20.com,https://www.linkedin.com/search/results/people/?keywords=Vikram%20Balakrishnan%20HR%20Enterprise%20Corporation%20#0069%20Bangalore
Enterprise Corporation #0070 Bangalore,"Pharma, Biotech & Healthcare Lifesciences",Central CBD (MG Road / Indiranagar / Richmond),,,Siddharth Rao,Associate Director – Global Workforce Strategy,careers.india@enterprise-blr21.com,https://www.linkedin.com/search/results/people/?keywords=Siddharth%20Rao%20HR%20Enterprise%20Corporation%20#0070%20Bangalore
Enterprise Corporation #0071 Bangalore,"Events, Experiential Media & Brand Marketing",Bannerghatta Road (IBC Knowledge Park / Kalyani Magnum),,,Naveen Agarwal,Senior HR Business Partner (HRBP) – Operations,careers.india@enterprise-blr22.com,https://www.linkedin.com/search/results/people/?keywords=Naveen%20Agarwal%20HR%20Enterprise%20Corporation%20#0071%20Bangalore
Enterprise Corporation #0072 Bangalore,"Commercial Real Estate, Architecture & Interior Solutions",Peenya Industrial Area & Rajajinagar Tech Hub,,,Priya Sharma,Head of Talent Acquisition & Early Careers,university-recruiting@enterprise-blr23.com,https://www.linkedin.com/search/results/people/?keywords=Priya%20Sharma%20HR%20Enterprise%20Corporation%20#0072%20Bangalore
Enterprise Corporation #0073 Bangalore,Global Capability Centers (GCCs) & Tech Giants,Outer Ring Road (Bellandur / Kadubeesanahalli / Sarjapur),,,Arjun Kulkarni,Talent Lead – B2B Sales & Revenue Operations,careers.india@enterprise-blr24.com,https://www.linkedin.com/search/results/people/?keywords=Arjun%20Kulkarni%20HR%20Enterprise%20Corporation%20#0073%20Bangalore
Enterprise Corporation #0074 Bangalore,Management Consulting & Advisory Services,Whitefield & ITPL / Export Promotion Zone,,,Varun Reddy,Lead Campus Recruitment & University Relations,university-recruiting@enterprise-blr25.com,https://www.linkedin.com/search/results/people/?keywords=Varun%20Reddy%20HR%20Enterprise%20Corporation%20#0074%20Bangalore
Enterprise Corporation #0075 Bangalore,"EXIM, Ocean Freight & Global Logistics",Manyata Tech Park (Hebbal / Nagawara),,,Manoj Nambiar,Lead Talent Acquisition Partner – EXIM & Supply Chain,careers.india@enterprise-blr26.com,https://www.linkedin.com/search/results/people/?keywords=Manoj%20Nambiar%20HR%20Enterprise%20Corporation%20#0075%20Bangalore
Enterprise Corporation #0076 Bangalore,Investment Banking & Financial Operations,Koramangala & HSR Layout Startup Corridor,,,Sneha Patel,VP Human Capital & Global Sourcing,careers.india@enterprise-blr27.com,https://www.linkedin.com/search/results/people/?keywords=Sneha%20Patel%20HR%20Enterprise%20Corporation%20#0076%20Bangalore
Enterprise Corporation #0077 Bangalore,"Enterprise SaaS, AI & Cloud Platforms",Electronic City (Phase 1 & Phase 2),,,Megha Singhania,Director of Human Resources & People Ops,careers.india@enterprise-blr28.com,https://www.linkedin.com/search/results/people/?keywords=Megha%20Singhania%20HR%20Enterprise%20Corporation%20#0077%20Bangalore
Enterprise Corporation #0078 Bangalore,"FinTech, Payments & Digital Banking",Central CBD (MG Road / Indiranagar / Richmond),,,Rhea Kapoor,Associate Director – Global Workforce Strategy,careers.india@enterprise-blr29.com,https://www.linkedin.com/search/results/people/?keywords=Rhea%20Kapoor%20HR%20Enterprise%20Corporation%20#0078%20Bangalore
Enterprise Corporation #0079 Bangalore,"E-Commerce, Quick-Commerce & Retail Supply Chain",Bannerghatta Road (IBC Knowledge Park / Kalyani Magnum),,,Rohit Sundaram,Senior HR Business Partner (HRBP) – Operations,careers.india@enterprise-blr30.com,https://www.linkedin.com/search/results/people/?keywords=Rohit%20Sundaram%20HR%20Enterprise%20Corporation%20#0079%20Bangalore
Enterprise Corporation #0080 Bangalore,"Aerospace, Defense & Heavy Engineering",Peenya Industrial Area & Rajajinagar Tech Hub,,,Deepak Iyer,Head of Talent Acquisition & Early Careers,university-recruiting@enterprise-blr31.com,https://www.linkedin.com/search/results/people/?keywords=Deepak%20Iyer%20HR%20Enterprise%20Corporation%20#0080%20Bangalore
Enterprise Corporation #0081 Bangalore,"Automotive, EV & Industrial Automation",Outer Ring Road (Bellandur / Kadubeesanahalli / Sarjapur),,,Divya Bose,Talent Lead – B2B Sales & Revenue Operations,careers.india@enterprise-blr32.com,https://www.linkedin.com/search/results/people/?keywords=Divya%20Bose%20HR%20Enterprise%20Corporation%20#0081%20Bangalore
Enterprise Corporation #0082 Bangalore,"Pharma, Biotech & Healthcare Lifesciences",Whitefield & ITPL / Export Promotion Zone,,,Shreya Sen,Lead Campus Recruitment & University Relations,university-recruiting@enterprise-blr33.com,https://www.linkedin.com/search/results/people/?keywords=Shreya%20Sen%20HR%20Enterprise%20Corporation%20#0082%20Bangalore
Enterprise Corporation #0083 Bangalore,"Events, Experiential Media & Brand Marketing",Manyata Tech Park (Hebbal / Nagawara),,,Karthik Nair,Lead Talent Acquisition Partner – EXIM & Supply Chain,careers.india@enterprise-blr34.com,https://www.linkedin.com/search/results/people/?keywords=Karthik%20Nair%20HR%20Enterprise%20Corporation%20#0083%20Bangalore
Enterprise Corporation #0084 Bangalore,"Commercial Real Estate, Architecture & Interior Solutions",Koramangala & HSR Layout Startup Corridor,,,Rahul Deshmukh,VP Human Capital & Global Sourcing,careers.india@enterprise-blr35.com,https://www.linkedin.com/search/results/people/?keywords=Rahul%20Deshmukh%20HR%20Enterprise%20Corporation%20#0084%20Bangalore
Enterprise Corporation #0085 Bangalore,Global Capability Centers (GCCs) & Tech Giants,Electronic City (Phase 1 & Phase 2),,,Gaurav Merchant,Director of Human Resources & People Ops,careers.india@enterprise-blr36.com,https://www.linkedin.com/search/results/people/?keywords=Gaurav%20Merchant%20HR%20Enterprise%20Corporation%20#0085%20Bangalore
Enterprise Corporation #0086 Bangalore,Management Consulting & Advisory Services,Central CBD (MG Road / Indiranagar / Richmond),,,Ananya Menon,Associate Director – Global Workforce Strategy,careers.india@enterprise-blr37.com,https://www.linkedin.com/search/results/people/?keywords=Ananya%20Menon%20HR%20Enterprise%20Corporation%20#0086%20Bangalore
Enterprise Corporation #0087 Bangalore,"EXIM, Ocean Freight & Global Logistics",Bannerghatta Road (IBC Knowledge Park / Kalyani Magnum),,,Kavya Bhattacharya,Senior HR Business Partner (HRBP) – Operations,careers.india@enterprise-blr38.com,https://www.linkedin.com/search/results/people/?keywords=Kavya%20Bhattacharya%20HR%20Enterprise%20Corporation%20#0087%20Bangalore
Enterprise Corporation #0088 Bangalore,Investment Banking & Financial Operations,Peenya Industrial Area & Rajajinagar Tech Hub,,,Aditi Varma,Head of Talent Acquisition & Early Careers,university-recruiting@enterprise-blr39.com,https://www.linkedin.com/search/results/people/?keywords=Aditi%20Varma%20HR%20Enterprise%20Corporation%20#0088%20Bangalore
Enterprise Corporation #0089 Bangalore,"Enterprise SaaS, AI & Cloud Platforms",Outer Ring Road (Bellandur / Kadubeesanahalli / Sarjapur),,,Adil Chopra,Talent Lead – B2B Sales & Revenue Operations,careers.india@enterprise-blr40.com,https://www.linkedin.com/search/results/people/?keywords=Adil%20Chopra%20HR%20Enterprise%20Corporation%20#0089%20Bangalore
Enterprise Corporation #0090 Bangalore,"FinTech, Payments & Digital Banking",Whitefield & ITPL / Export Promotion Zone,,,Pooja Hegde,Lead Campus Recruitment & University Relations,university-recruiting@enterprise-blr41.com,https://www.linkedin.com/search/results/people/?keywords=Pooja%20Hegde%20HR%20Enterprise%20Corporation%20#0090%20Bangalore
Enterprise Corporation #0091 Bangalore,"E-Commerce, Quick-Commerce & Retail Supply Chain",Manyata Tech Park (Hebbal / Nagawara),,,Tanvi Venkatesh,Lead Talent Acquisition Partner – EXIM & Supply Chain,careers.india@enterprise-blr42.com,https://www.linkedin.com/search/results/people/?keywords=Tanvi%20Venkatesh%20HR%20Enterprise%20Corporation%20#0091%20Bangalore
Enterprise Corporation #0092 Bangalore,"Aerospace, Defense & Heavy Engineering",Koramangala & HSR Layout Startup Corridor,,,Swati Roy,VP Human Capital & Global Sourcing,careers.india@enterprise-blr43.com,https://www.linkedin.com/search/results/people/?keywords=Swati%20Roy%20HR%20Enterprise%20Corporation%20#0092%20Bangalore
Enterprise Corporation #0093 Bangalore,"Automotive, EV & Industrial Automation",Electronic City (Phase 1 & Phase 2),,,Vikram Balakrishnan,Director of Human Resources & People Ops,careers.india@enterprise-blr44.com,https://www.linkedin.com/search/results/people/?keywords=Vikram%20Balakrishnan%20HR%20Enterprise%20Corporation%20#0093%20Bangalore
Enterprise Corporation #0094 Bangalore,"Pharma, Biotech & Healthcare Lifesciences",Central CBD (MG Road / Indiranagar / Richmond),,,Siddharth Rao,Associate Director – Global Workforce Strategy,careers.india@enterprise-blr45.com,https://www.linkedin.com/search/results/people/?keywords=Siddharth%20Rao%20HR%20Enterprise%20Corporation%20#0094%20Bangalore
Enterprise Corporation #0095 Bangalore,"Events, Experiential Media & Brand Marketing",Bannerghatta Road (IBC Knowledge Park / Kalyani Magnum),,,Naveen Agarwal,Senior HR Business Partner (HRBP) – Operations,careers.india@enterprise-blr46.com,https://www.linkedin.com/search/results/people/?keywords=Naveen%20Agarwal%20HR%20Enterprise%20Corporation%20#0095%20Bangalore
Enterprise Corporation #0096 Bangalore,"Commercial Real Estate, Architecture & Interior Solutions",Peenya Industrial Area & Rajajinagar Tech Hub,,,Priya Sharma,Head of Talent Acquisition & Early Careers,university-recruiting@enterprise-blr47.com,https://www.linkedin.com/search/results/people/?keywords=Priya%20Sharma%20HR%20Enterprise%20Corporation%20#0096%20Bangalore
Enterprise Corporation #0097 Bangalore,Global Capability Centers (GCCs) & Tech Giants,Outer Ring Road (Bellandur / Kadubeesanahalli / Sarjapur),,,Arjun Kulkarni,Talent Lead – B2B Sales & Revenue Operations,careers.india@enterprise-blr48.com,https://www.linkedin.com/search/results/people/?keywords=Arjun%20Kulkarni%20HR%20Enterprise%20Corporation%20#0097%20Bangalore
Enterprise Corporation #0098 Bangalore,Management Consulting & Advisory Services,Whitefield & ITPL / Export Promotion Zone,,,Varun Reddy,Lead Campus Recruitment & University Relations,university-recruiting@enterprise-blr49.com,https://www.linkedin.com/search/results/people/?keywords=Varun%20Reddy%20HR%20Enterprise%20Corporation%20#0098%20Bangalore
Enterprise Corporation #0099 Bangalore,"EXIM, Ocean Freight & Global Logistics",Manyata Tech Park (Hebbal / Nagawara),,,Manoj Nambiar,Lead Talent Acquisition Partner – EXIM & Supply Chain,careers.india@enterprise-blr50.com,https://www.linkedin.com/search/results/people/?keywords=Manoj%20Nambiar%20HR%20Enterprise%20Corporation%20#0099%20Bangalore
Enterprise Corporation #0100 Bangalore,Investment Banking & Financial Operations,Koramangala & HSR Layout Startup Corridor,,,Sneha Patel,VP Human Capital & Global Sourcing,careers.india@enterprise-blr1.com,https://www.linkedin.com/search/results/people/?keywords=Sneha%20Patel%20HR%20Enterprise%20Corporation%20#0100%20Bangalore
Enterprise Corporation #0101 Bangalore,"Enterprise SaaS, AI & Cloud Platforms",Electronic City (Phase 1 & Phase 2),,,Megha Singhania,Director of Human Resources & People Ops,careers.india@enterprise-blr2.com,https://www.linkedin.com/search/results/people/?keywords=Megha%20Singhania%20HR%20Enterprise%20Corporation%20#0101%20Bangalore
Enterprise Corporation #0102 Bangalore,"FinTech, Payments & Digital Banking",Central CBD (MG Road / Indiranagar / Richmond),,,Rhea Kapoor,Associate Director – Global Workforce Strategy,careers.india@enterprise-blr3.com,https://www.linkedin.com/search/results/people/?keywords=Rhea%20Kapoor%20HR%20Enterprise%20Corporation%20#0102%20Bangalore
Enterprise Corporation #0103 Bangalore,"E-Commerce, Quick-Commerce & Retail Supply Chain",Bannerghatta Road (IBC Knowledge Park / Kalyani Magnum),,,Rohit Sundaram,Senior HR Business Partner (HRBP) – Operations,careers.india@enterprise-blr4.com,https://www.linkedin.com/search/results/people/?keywords=Rohit%20Sundaram%20HR%20Enterprise%20Corporation%20#0103%20Bangalore
Enterprise Corporation #0104 Bangalore,"Aerospace, Defense & Heavy Engineering",Peenya Industrial Area & Rajajinagar Tech Hub,,,Deepak Iyer,Head of Talent Acquisition & Early Careers,university-recruiting@enterprise-blr5.com,https://www.linkedin.com/search/results/people/?keywords=Deepak%20Iyer%20HR%20Enterprise%20Corporation%20#0104%20Bangalore
Enterprise Corporation #0105 Bangalore,"Automotive, EV & Industrial Automation",Outer Ring Road (Bellandur / Kadubeesanahalli / Sarjapur),,,Divya Bose,Talent Lead – B2B Sales & Revenue Operations,careers.india@enterprise-blr6.com,https://www.linkedin.com/search/results/people/?keywords=Divya%20Bose%20HR%20Enterprise%20Corporation%20#0105%20Bangalore
Enterprise Corporation #0106 Bangalore,"Pharma, Biotech & Healthcare Lifesciences",Whitefield & ITPL / Export Promotion Zone,,,Shreya Sen,Lead Campus Recruitment & University Relations,university-recruiting@enterprise-blr7.com,https://www.linkedin.com/search/results/people/?keywords=Shreya%20Sen%20HR%20Enterprise%20Corporation%20#0106%20Bangalore
Enterprise Corporation #0107 Bangalore,"Events, Experiential Media & Brand Marketing",Manyata Tech Park (Hebbal / Nagawara),,,Karthik Nair,Lead Talent Acquisition Partner – EXIM & Supply Chain,careers.india@enterprise-blr8.com,https://www.linkedin.com/search/results/people/?keywords=Karthik%20Nair%20HR%20Enterprise%20Corporation%20#0107%20Bangalore
Enterprise Corporation #0108 Bangalore,"Commercial Real Estate, Architecture & Interior Solutions",Koramangala & HSR Layout Startup Corridor,,,Rahul Deshmukh,VP Human Capital & Global Sourcing,careers.india@enterprise-blr9.com,https://www.linkedin.com/search/results/people/?keywords=Rahul%20Deshmukh%20HR%20Enterprise%20Corporation%20#0108%20Bangalore
Enterprise Corporation #0109 Bangalore,Global Capability Centers (GCCs) & Tech Giants,Electronic City (Phase 1 & Phase 2),,,Gaurav Merchant,Director of Human Resources & People Ops,careers.india@enterprise-blr10.com,https://www.linkedin.com/search/results/people/?keywords=Gaurav%20Merchant%20HR%20Enterprise%20Corporation%20#0109%20Bangalore
Enterprise Corporation #0110 Bangalore,Management Consulting & Advisory Services,Central CBD (MG Road / Indiranagar / Richmond),,,Ananya Menon,Associate Director – Global Workforce Strategy,careers.india@enterprise-blr11.com,https://www.linkedin.com/search/results/people/?keywords=Ananya%20Menon%20HR%20Enterprise%20Corporation%20#0110%20Bangalore
Enterprise Corporation #0111 Bangalore,"EXIM, Ocean Freight & Global Logistics",Bannerghatta Road (IBC Knowledge Park / Kalyani Magnum),,,Kavya Bhattacharya,Senior HR Business Partner (HRBP) – Operations,careers.india@enterprise-blr12.com,https://www.linkedin.com/search/results/people/?keywords=Kavya%20Bhattacharya%20HR%20Enterprise%20Corporation%20#0111%20Bangalore
Enterprise Corporation #0112 Bangalore,Investment Banking & Financial Operations,Peenya Industrial Area & Rajajinagar Tech Hub,,,Aditi Varma,Head of Talent Acquisition & Early Careers,university-recruiting@enterprise-blr13.com,https://www.linkedin.com/search/results/people/?keywords=Aditi%20Varma%20HR%20Enterprise%20Corporation%20#0112%20Bangalore
Enterprise Corporation #0113 Bangalore,"Enterprise SaaS, AI & Cloud Platforms",Outer Ring Road (Bellandur / Kadubeesanahalli / Sarjapur),,,Adil Chopra,Talent Lead – B2B Sales & Revenue Operations,careers.india@enterprise-blr14.com,https://www.linkedin.com/search/results/people/?keywords=Adil%20Chopra%20HR%20Enterprise%20Corporation%20#0113%20Bangalore
Enterprise Corporation #0114 Bangalore,"FinTech, Payments & Digital Banking",Whitefield & ITPL / Export Promotion Zone,,,Pooja Hegde,Lead Campus Recruitment & University Relations,university-recruiting@enterprise-blr15.com,https://www.linkedin.com/search/results/people/?keywords=Pooja%20Hegde%20HR%20Enterprise%20Corporation%20#0114%20Bangalore
Enterprise Corporation #0115 Bangalore,"E-Commerce, Quick-Commerce & Retail Supply Chain",Manyata Tech Park (Hebbal / Nagawara),,,Tanvi Venkatesh,Lead Talent Acquisition Partner – EXIM & Supply Chain,careers.india@enterprise-blr16.com,https://www.linkedin.com/search/results/people/?keywords=Tanvi%20Venkatesh%20HR%20Enterprise%20Corporation%20#0115%20Bangalore
Enterprise Corporation #0116 Bangalore,"Aerospace, Defense & Heavy Engineering",Koramangala & HSR Layout Startup Corridor,,,Swati Roy,VP Human Capital & Global Sourcing,careers.india@enterprise-blr17.com,https://www.linkedin.com/search/results/people/?keywords=Swati%20Roy%20HR%20Enterprise%20Corporation%20#0116%20Bangalore
Enterprise Corporation #0117 Bangalore,"Automotive, EV & Industrial Automation",Electronic City (Phase 1 & Phase 2),,,Vikram Balakrishnan,Director of Human Resources & People Ops,careers.india@enterprise-blr18.com,https://www.linkedin.com/search/results/people/?keywords=Vikram%20Balakrishnan%20HR%20Enterprise%20Corporation%20#0117%20Bangalore
Enterprise Corporation #0118 Bangalore,"Pharma, Biotech & Healthcare Lifesciences",Central CBD (MG Road / Indiranagar / Richmond),,,Siddharth Rao,Associate Director – Global Workforce Strategy,careers.india@enterprise-blr19.com,https://www.linkedin.com/search/results/people/?keywords=Siddharth%20Rao%20HR%20Enterprise%20Corporation%20#0118%20Bangalore
Enterprise Corporation #0119 Bangalore,"Events, Experiential Media & Brand Marketing",Bannerghatta Road (IBC Knowledge Park / Kalyani Magnum),,,Naveen Agarwal,Senior HR Business Partner (HRBP) – Operations,careers.india@enterprise-blr20.com,https://www.linkedin.com/search/results/people/?keywords=Naveen%20Agarwal%20HR%20Enterprise%20Corporation%20#0119%20Bangalore
Enterprise Corporation #0120 Bangalore,"Commercial Real Estate, Architecture & Interior Solutions",Peenya Industrial Area & Rajajinagar Tech Hub,,,Priya Sharma,Head of Talent Acquisition & Early Careers,university-recruiting@enterprise-blr21.com,https://www.linkedin.com/search/results/people/?keywords=Priya%20Sharma%20HR%20Enterprise%20Corporation%20#0120%20Bangalore
Enterprise Corporation #0121 Bangalore,Global Capability Centers (GCCs) & Tech Giants,Outer Ring Road (Bellandur / Kadubeesanahalli / Sarjapur),,,Arjun Kulkarni,Talent Lead – B2B Sales & Revenue Operations,careers.india@enterprise-blr22.com,https://www.linkedin.com/search/results/people/?keywords=Arjun%20Kulkarni%20HR%20Enterprise%20Corporation%20#0121%20Bangalore
Enterprise Corporation #0122 Bangalore,Management Consulting & Advisory Services,Whitefield & ITPL / Export Promotion Zone,,,Varun Reddy,Lead Campus Recruitment & University Relations,university-recruiting@enterprise-blr23.com,https://www.linkedin.com/search/results/people/?keywords=Varun%20Reddy%20HR%20Enterprise%20Corporation%20#0122%20Bangalore
Enterprise Corporation #0123 Bangalore,"EXIM, Ocean Freight & Global Logistics",Manyata Tech Park (Hebbal / Nagawara),,,Manoj Nambiar,Lead Talent Acquisition Partner – EXIM & Supply Chain,careers.india@enterprise-blr24.com,https://www.linkedin.com/search/results/people/?keywords=Manoj%20Nambiar%20HR%20Enterprise%20Corporation%20#0123%20Bangalore
Enterprise Corporation #0124 Bangalore,Investment Banking & Financial Operations,Koramangala & HSR Layout Startup Corridor,,,Sneha Patel,VP Human Capital & Global Sourcing,careers.india@enterprise-blr25.com,https://www.linkedin.com/search/results/people/?keywords=Sneha%20Patel%20HR%20Enterprise%20Corporation%20#0124%20Bangalore
Enterprise Corporation #0125 Bangalore,"Enterprise SaaS, AI & Cloud Platforms",Electronic City (Phase 1 & Phase 2),,,Megha Singhania,Director of Human Resources & People Ops,careers.india@enterprise-blr26.com,https://www.linkedin.com/search/results/people/?keywords=Megha%20Singhania%20HR%20Enterprise%20Corporation%20#0125%20Bangalore
Enterprise Corporation #0126 Bangalore,"FinTech, Payments & Digital Banking",Central CBD (MG Road / Indiranagar / Richmond),,,Rhea Kapoor,Associate Director – Global Workforce Strategy,careers.india@enterprise-blr27.com,https://www.linkedin.com/search/results/people/?keywords=Rhea%20Kapoor%20HR%20Enterprise%20Corporation%20#0126%20Bangalore
Enterprise Corporation #0127 Bangalore,"E-Commerce, Quick-Commerce & Retail Supply Chain",Bannerghatta Road (IBC Knowledge Park / Kalyani Magnum),,,Rohit Sundaram,Senior HR Business Partner (HRBP) – Operations,careers.india@enterprise-blr28.com,https://www.linkedin.com/search/results/people/?keywords=Rohit%20Sundaram%20HR%20Enterprise%20Corporation%20#0127%20Bangalore
Enterprise Corporation #0128 Bangalore,"Aerospace, Defense & Heavy Engineering",Peenya Industrial Area & Rajajinagar Tech Hub,,,Deepak Iyer,Head of Talent Acquisition & Early Careers,university-recruiting@enterprise-blr29.com,https://www.linkedin.com/search/results/people/?keywords=Deepak%20Iyer%20HR%20Enterprise%20Corporation%20#0128%20Bangalore
Enterprise Corporation #0129 Bangalore,"Automotive, EV & Industrial Automation",Outer Ring Road (Bellandur / Kadubeesanahalli / Sarjapur),,,Divya Bose,Talent Lead – B2B Sales & Revenue Operations,careers.india@enterprise-blr30.com,https://www.linkedin.com/search/results/people/?keywords=Divya%20Bose%20HR%20Enterprise%20Corporation%20#0129%20Bangalore
Enterprise Corporation #0130 Bangalore,"Pharma, Biotech & Healthcare Lifesciences",Whitefield & ITPL / Export Promotion Zone,,,Shreya Sen,Lead Campus Recruitment & University Relations,university-recruiting@enterprise-blr31.com,https://www.linkedin.com/search/results/people/?keywords=Shreya%20Sen%20HR%20Enterprise%20Corporation%20#0130%20Bangalore
Enterprise Corporation #0131 Bangalore,"Events, Experiential Media & Brand Marketing",Manyata Tech Park (Hebbal / Nagawara),,,Karthik Nair,Lead Talent Acquisition Partner – EXIM & Supply Chain,careers.india@enterprise-blr32.com,https://www.linkedin.com/search/results/people/?keywords=Karthik%20Nair%20HR%20Enterprise%20Corporation%20#0131%20Bangalore
Enterprise Corporation #0132 Bangalore,"Commercial Real Estate, Architecture & Interior Solutions",Koramangala & HSR Layout Startup Corridor,,,Rahul Deshmukh,VP Human Capital & Global Sourcing,careers.india@enterprise-blr33.com,https://www.linkedin.com/search/results/people/?keywords=Rahul%20Deshmukh%20HR%20Enterprise%20Corporation%20#0132%20Bangalore
Enterprise Corporation #0133 Bangalore,Global Capability Centers (GCCs) & Tech Giants,Electronic City (Phase 1 & Phase 2),,,Gaurav Merchant,Director of Human Resources & People Ops,careers.india@enterprise-blr34.com,https://www.linkedin.com/search/results/people/?keywords=Gaurav%20Merchant%20HR%20Enterprise%20Corporation%20#0133%20Bangalore
Enterprise Corporation #0134 Bangalore,Management Consulting & Advisory Services,Central CBD (MG Road / Indiranagar / Richmond),,,Ananya Menon,Associate Director – Global Workforce Strategy,careers.india@enterprise-blr35.com,https://www.linkedin.com/search/results/people/?keywords=Ananya%20Menon%20HR%20Enterprise%20Corporation%20#0134%20Bangalore
Enterprise Corporation #0135 Bangalore,"EXIM, Ocean Freight & Global Logistics",Bannerghatta Road (IBC Knowledge Park / Kalyani Magnum),,,Kavya Bhattacharya,Senior HR Business Partner (HRBP) – Operations,careers.india@enterprise-blr36.com,https://www.linkedin.com/search/results/people/?keywords=Kavya%20Bhattacharya%20HR%20Enterprise%20Corporation%20#0135%20Bangalore
Enterprise Corporation #0136 Bangalore,Investment Banking & Financial Operations,Peenya Industrial Area & Rajajinagar Tech Hub,,,Aditi Varma,Head of Talent Acquisition & Early Careers,university-recruiting@enterprise-blr37.com,https://www.linkedin.com/search/results/people/?keywords=Aditi%20Varma%20HR%20Enterprise%20Corporation%20#0136%20Bangalore
Enterprise Corporation #0137 Bangalore,"Enterprise SaaS, AI & Cloud Platforms",Outer Ring Road (Bellandur / Kadubeesanahalli / Sarjapur),,,Adil Chopra,Talent Lead – B2B Sales & Revenue Operations,careers.india@enterprise-blr38.com,https://www.linkedin.com/search/results/people/?keywords=Adil%20Chopra%20HR%20Enterprise%20Corporation%20#0137%20Bangalore
Enterprise Corporation #0138 Bangalore,"FinTech, Payments & Digital Banking",Whitefield & ITPL / Export Promotion Zone,,,Pooja Hegde,Lead Campus Recruitment & University Relations,university-recruiting@enterprise-blr39.com,https://www.linkedin.com/search/results/people/?keywords=Pooja%20Hegde%20HR%20Enterprise%20Corporation%20#0138%20Bangalore
Enterprise Corporation #0139 Bangalore,"E-Commerce, Quick-Commerce & Retail Supply Chain",Manyata Tech Park (Hebbal / Nagawara),,,Tanvi Venkatesh,Lead Talent Acquisition Partner – EXIM & Supply Chain,careers.india@enterprise-blr40.com,https://www.linkedin.com/search/results/people/?keywords=Tanvi%20Venkatesh%20HR%20Enterprise%20Corporation%20#0139%20Bangalore
Enterprise Corporation #0140 Bangalore,"Aerospace, Defense & Heavy Engineering",Koramangala & HSR Layout Startup Corridor,,,Swati Roy,VP Human Capital & Global Sourcing,careers.india@enterprise-blr41.com,https://www.linkedin.com/search/results/people/?keywords=Swati%20Roy%20HR%20Enterprise%20Corporation%20#0140%20Bangalore
Enterprise Corporation #0141 Bangalore,"Automotive, EV & Industrial Automation",Electronic City (Phase 1 & Phase 2),,,Vikram Balakrishnan,Director of Human Resources & People Ops,careers.india@enterprise-blr42.com,https://www.linkedin.com/search/results/people/?keywords=Vikram%20Balakrishnan%20HR%20Enterprise%20Corporation%20#0141%20Bangalore
Enterprise Corporation #0142 Bangalore,"Pharma, Biotech & Healthcare Lifesciences",Central CBD (MG Road / Indiranagar / Richmond),,,Siddharth Rao,Associate Director – Global Workforce Strategy,careers.india@enterprise-blr43.com,https://www.linkedin.com/search/results/people/?keywords=Siddharth%20Rao%20HR%20Enterprise%20Corporation%20#0142%20Bangalore
Enterprise Corporation #0143 Bangalore,"Events, Experiential Media & Brand Marketing",Bannerghatta Road (IBC Knowledge Park / Kalyani Magnum),,,Naveen Agarwal,Senior HR Business Partner (HRBP) – Operations,careers.india@enterprise-blr44.com,https://www.linkedin.com/search/results/people/?keywords=Naveen%20Agarwal%20HR%20Enterprise%20Corporation%20#0143%20Bangalore
Enterprise Corporation #0144 Bangalore,"Commercial Real Estate, Architecture & Interior Solutions",Peenya Industrial Area & Rajajinagar Tech Hub,,,Priya Sharma,Head of Talent Acquisition & Early Careers,university-recruiting@enterprise-blr45.com,https://www.linkedin.com/search/results/people/?keywords=Priya%20Sharma%20HR%20Enterprise%20Corporation%20#0144%20Bangalore
Enterprise Corporation #0145 Bangalore,Global Capability Centers (GCCs) & Tech Giants,Outer Ring Road (Bellandur / Kadubeesanahalli / Sarjapur),,,Arjun Kulkarni,Talent Lead – B2B Sales & Revenue Operations,careers.india@enterprise-blr46.com,https://www.linkedin.com/search/results/people/?keywords=Arjun%20Kulkarni%20HR%20Enterprise%20Corporation%20#0145%20Bangalore
Enterprise Corporation #0146 Bangalore,Management Consulting & Advisory Services,Whitefield & ITPL / Export Promotion Zone,,,Varun Reddy,Lead Campus Recruitment & University Relations,university-recruiting@enterprise-blr47.com,https://www.linkedin.com/search/results/people/?keywords=Varun%20Reddy%20HR%20Enterprise%20Corporation%20#0146%20Bangalore
Enterprise Corporation #0147 Bangalore,"EXIM, Ocean Freight & Global Logistics",Manyata Tech Park (Hebbal / Nagawara),,,Manoj Nambiar,Lead Talent Acquisition Partner – EXIM & Supply Chain,careers.india@enterprise-blr48.com,https://www.linkedin.com/search/results/people/?keywords=Manoj%20Nambiar%20HR%20Enterprise%20Corporation%20#0147%20Bangalore
Enterprise Corporation #0148 Bangalore,Investment Banking & Financial Operations,Koramangala & HSR Layout Startup Corridor,,,Sneha Patel,VP Human Capital & Global Sourcing,careers.india@enterprise-blr49.com,https://www.linkedin.com/search/results/people/?keywords=Sneha%20Patel%20HR%20Enterprise%20Corporation%20#0148%20Bangalore
Enterprise Corporation #0149 Bangalore,"Enterprise SaaS, AI & Cloud Platforms",Electronic City (Phase 1 & Phase 2),,,Megha Singhania,Director of Human Resources & People Ops,careers.india@enterprise-blr50.com,https://www.linkedin.com/search/results/people/?keywords=Megha%20Singhania%20HR%20Enterprise%20Corporation%20#0149%20Bangalore
Enterprise Corporation #0150 Bangalore,"FinTech, Payments & Digital Banking",Central CBD (MG Road / Indiranagar / Richmond),,,Rhea Kapoor,Associate Director – Global Workforce Strategy,careers.india@enterprise-blr1.com,https://www.linkedin.com/search/results/people/?keywords=Rhea%20Kapoor%20HR%20Enterprise%20Corporation%20#0150%20Bangalore
Enterprise Corporation #0151 Bangalore,"E-Commerce, Quick-Commerce & Retail Supply Chain",Bannerghatta Road (IBC Knowledge Park / Kalyani Magnum),,,Rohit Sundaram,Senior HR Business Partner (HRBP) – Operations,careers.india@enterprise-blr2.com,https://www.linkedin.com/search/results/people/?keywords=Rohit%20Sundaram%20HR%20Enterprise%20Corporation%20#0151%20Bangalore
Enterprise Corporation #0152 Bangalore,"Aerospace, Defense & Heavy Engineering",Peenya Industrial Area & Rajajinagar Tech Hub,,,Deepak Iyer,Head of Talent Acquisition & Early Careers,university-recruiting@enterprise-blr3.com,https://www.linkedin.com/search/results/people/?keywords=Deepak%20Iyer%20HR%20Enterprise%20Corporation%20#0152%20Bangalore
Enterprise Corporation #0153 Bangalore,"Automotive, EV & Industrial Automation",Outer Ring Road (Bellandur / Kadubeesanahalli / Sarjapur),,,Divya Bose,Talent Lead – B2B Sales & Revenue Operations,careers.india@enterprise-blr4.com,https://www.linkedin.com/search/results/people/?keywords=Divya%20Bose%20HR%20Enterprise%20Corporation%20#0153%20Bangalore
Enterprise Corporation #0154 Bangalore,"Pharma, Biotech & Healthcare Lifesciences",Whitefield & ITPL / Export Promotion Zone,,,Shreya Sen,Lead Campus Recruitment & University Relations,university-recruiting@enterprise-blr5.com,https://www.linkedin.com/search/results/people/?keywords=Shreya%20Sen%20HR%20Enterprise%20Corporation%20#0154%20Bangalore
Enterprise Corporation #0155 Bangalore,"Events, Experiential Media & Brand Marketing",Manyata Tech Park (Hebbal / Nagawara),,,Karthik Nair,Lead Talent Acquisition Partner – EXIM & Supply Chain,careers.india@enterprise-blr6.com,https://www.linkedin.com/search/results/people/?keywords=Karthik%20Nair%20HR%20Enterprise%20Corporation%20#0155%20Bangalore
Enterprise Corporation #0156 Bangalore,"Commercial Real Estate, Architecture & Interior Solutions",Koramangala & HSR Layout Startup Corridor,,,Rahul Deshmukh,VP Human Capital & Global Sourcing,careers.india@enterprise-blr7.com,https://www.linkedin.com/search/results/people/?keywords=Rahul%20Deshmukh%20HR%20Enterprise%20Corporation%20#0156%20Bangalore
Enterprise Corporation #0157 Bangalore,Global Capability Centers (GCCs) & Tech Giants,Electronic City (Phase 1 & Phase 2),,,Gaurav Merchant,Director of Human Resources & People Ops,careers.india@enterprise-blr8.com,https://www.linkedin.com/search/results/people/?keywords=Gaurav%20Merchant%20HR%20Enterprise%20Corporation%20#0157%20Bangalore
Enterprise Corporation #0158 Bangalore,Management Consulting & Advisory Services,Central CBD (MG Road / Indiranagar / Richmond),,,Ananya Menon,Associate Director – Global Workforce Strategy,careers.india@enterprise-blr9.com,https://www.linkedin.com/search/results/people/?keywords=Ananya%20Menon%20HR%20Enterprise%20Corporation%20#0158%20Bangalore
Enterprise Corporation #0159 Bangalore,"EXIM, Ocean Freight & Global Logistics",Bannerghatta Road (IBC Knowledge Park / Kalyani Magnum),,,Kavya Bhattacharya,Senior HR Business Partner (HRBP) – Operations,careers.india@enterprise-blr10.com,https://www.linkedin.com/search/results/people/?keywords=Kavya%20Bhattacharya%20HR%20Enterprise%20Corporation%20#0159%20Bangalore
Enterprise Corporation #0160 Bangalore,Investment Banking & Financial Operations,Peenya Industrial Area & Rajajinagar Tech Hub,,,Aditi Varma,Head of Talent Acquisition & Early Careers,university-recruiting@enterprise-blr11.com,https://www.linkedin.com/search/results/people/?keywords=Aditi%20Varma%20HR%20Enterprise%20Corporation%20#0160%20Bangalore
Enterprise Corporation #0161 Bangalore,"Enterprise SaaS, AI & Cloud Platforms",Outer Ring Road (Bellandur / Kadubeesanahalli / Sarjapur),,,Adil Chopra,Talent Lead – B2B Sales & Revenue Operations,careers.india@enterprise-blr12.com,https://www.linkedin.com/search/results/people/?keywords=Adil%20Chopra%20HR%20Enterprise%20Corporation%20#0161%20Bangalore
Enterprise Corporation #0162 Bangalore,"FinTech, Payments & Digital Banking",Whitefield & ITPL / Export Promotion Zone,,,Pooja Hegde,Lead Campus Recruitment & University Relations,university-recruiting@enterprise-blr13.com,https://www.linkedin.com/search/results/people/?keywords=Pooja%20Hegde%20HR%20Enterprise%20Corporation%20#0162%20Bangalore
Enterprise Corporation #0163 Bangalore,"E-Commerce, Quick-Commerce & Retail Supply Chain",Manyata Tech Park (Hebbal / Nagawara),,,Tanvi Venkatesh,Lead Talent Acquisition Partner – EXIM & Supply Chain,careers.india@enterprise-blr14.com,https://www.linkedin.com/search/results/people/?keywords=Tanvi%20Venkatesh%20HR%20Enterprise%20Corporation%20#0163%20Bangalore
Enterprise Corporation #0164 Bangalore,"Aerospace, Defense & Heavy Engineering",Koramangala & HSR Layout Startup Corridor,,,Swati Roy,VP Human Capital & Global Sourcing,careers.india@enterprise-blr15.com,https://www.linkedin.com/search/results/people/?keywords=Swati%20Roy%20HR%20Enterprise%20Corporation%20#0164%20Bangalore
Enterprise Corporation #0165 Bangalore,"Automotive, EV & Industrial Automation",Electronic City (Phase 1 & Phase 2),,,Vikram Balakrishnan,Director of Human Resources & People Ops,careers.india@enterprise-blr16.com,https://www.linkedin.com/search/results/people/?keywords=Vikram%20Balakrishnan%20HR%20Enterprise%20Corporation%20#0165%20Bangalore
Enterprise Corporation #0166 Bangalore,"Pharma, Biotech & Healthcare Lifesciences",Central CBD (MG Road / Indiranagar / Richmond),,,Siddharth Rao,Associate Director – Global Workforce Strategy,careers.india@enterprise-blr17.com,https://www.linkedin.com/search/results/people/?keywords=Siddharth%20Rao%20HR%20Enterprise%20Corporation%20#0166%20Bangalore
Enterprise Corporation #0167 Bangalore,"Events, Experiential Media & Brand Marketing",Bannerghatta Road (IBC Knowledge Park / Kalyani Magnum),,,Naveen Agarwal,Senior HR Business Partner (HRBP) – Operations,careers.india@enterprise-blr18.com,https://www.linkedin.com/search/results/people/?keywords=Naveen%20Agarwal%20HR%20Enterprise%20Corporation%20#0167%20Bangalore
Enterprise Corporation #0168 Bangalore,"Commercial Real Estate, Architecture & Interior Solutions",Peenya Industrial Area & Rajajinagar Tech Hub,,,Priya Sharma,Head of Talent Acquisition & Early Careers,university-recruiting@enterprise-blr19.com,https://www.linkedin.com/search/results/people/?keywords=Priya%20Sharma%20HR%20Enterprise%20Corporation%20#0168%20Bangalore
Enterprise Corporation #0169 Bangalore,Global Capability Centers (GCCs) & Tech Giants,Outer Ring Road (Bellandur / Kadubeesanahalli / Sarjapur),,,Arjun Kulkarni,Talent Lead – B2B Sales & Revenue Operations,careers.india@enterprise-blr20.com,https://www.linkedin.com/search/results/people/?keywords=Arjun%20Kulkarni%20HR%20Enterprise%20Corporation%20#0169%20Bangalore
Enterprise Corporation #0170 Bangalore,Management Consulting & Advisory Services,Whitefield & ITPL / Export Promotion Zone,,,Varun Reddy,Lead Campus Recruitment & University Relations,university-recruiting@enterprise-blr21.com,https://www.linkedin.com/search/results/people/?keywords=Varun%20Reddy%20HR%20Enterprise%20Corporation%20#0170%20Bangalore
Enterprise Corporation #0171 Bangalore,"EXIM, Ocean Freight & Global Logistics",Manyata Tech Park (Hebbal / Nagawara),,,Manoj Nambiar,Lead Talent Acquisition Partner – EXIM & Supply Chain,careers.india@enterprise-blr22.com,https://www.linkedin.com/search/results/people/?keywords=Manoj%20Nambiar%20HR%20Enterprise%20Corporation%20#0171%20Bangalore
Enterprise Corporation #0172 Bangalore,Investment Banking & Financial Operations,Koramangala & HSR Layout Startup Corridor,,,Sneha Patel,VP Human Capital & Global Sourcing,careers.india@enterprise-blr23.com,https://www.linkedin.com/search/results/people/?keywords=Sneha%20Patel%20HR%20Enterprise%20Corporation%20#0172%20Bangalore
Enterprise Corporation #0173 Bangalore,"Enterprise SaaS, AI & Cloud Platforms",Electronic City (Phase 1 & Phase 2),,,Megha Singhania,Director of Human Resources & People Ops,careers.india@enterprise-blr24.com,https://www.linkedin.com/search/results/people/?keywords=Megha%20Singhania%20HR%20Enterprise%20Corporation%20#0173%20Bangalore
Enterprise Corporation #0174 Bangalore,"FinTech, Payments & Digital Banking",Central CBD (MG Road / Indiranagar / Richmond),,,Rhea Kapoor,Associate Director – Global Workforce Strategy,careers.india@enterprise-blr25.com,https://www.linkedin.com/search/results/people/?keywords=Rhea%20Kapoor%20HR%20Enterprise%20Corporation%20#0174%20Bangalore
Enterprise Corporation #0175 Bangalore,"E-Commerce, Quick-Commerce & Retail Supply Chain",Bannerghatta Road (IBC Knowledge Park / Kalyani Magnum),,,Rohit Sundaram,Senior HR Business Partner (HRBP) – Operations,careers.india@enterprise-blr26.com,https://www.linkedin.com/search/results/people/?keywords=Rohit%20Sundaram%20HR%20Enterprise%20Corporation%20#0175%20Bangalore
Enterprise Corporation #0176 Bangalore,"Aerospace, Defense & Heavy Engineering",Peenya Industrial Area & Rajajinagar Tech Hub,,,Deepak Iyer,Head of Talent Acquisition & Early Careers,university-recruiting@enterprise-blr27.com,https://www.linkedin.com/search/results/people/?keywords=Deepak%20Iyer%20HR%20Enterprise%20Corporation%20#0176%20Bangalore
Enterprise Corporation #0177 Bangalore,"Automotive, EV & Industrial Automation",Outer Ring Road (Bellandur / Kadubeesanahalli / Sarjapur),,,Divya Bose,Talent Lead – B2B Sales & Revenue Operations,careers.india@enterprise-blr28.com,https://www.linkedin.com/search/results/people/?keywords=Divya%20Bose%20HR%20Enterprise%20Corporation%20#0177%20Bangalore
Enterprise Corporation #0178 Bangalore,"Pharma, Biotech & Healthcare Lifesciences",Whitefield & ITPL / Export Promotion Zone,,,Shreya Sen,Lead Campus Recruitment & University Relations,university-recruiting@enterprise-blr29.com,https://www.linkedin.com/search/results/people/?keywords=Shreya%20Sen%20HR%20Enterprise%20Corporation%20#0178%20Bangalore
Enterprise Corporation #0179 Bangalore,"Events, Experiential Media & Brand Marketing",Manyata Tech Park (Hebbal / Nagawara),,,Karthik Nair,Lead Talent Acquisition Partner – EXIM & Supply Chain,careers.india@enterprise-blr30.com,https://www.linkedin.com/search/results/people/?keywords=Karthik%20Nair%20HR%20Enterprise%20Corporation%20#0179%20Bangalore
Enterprise Corporation #0180 Bangalore,"Commercial Real Estate, Architecture & Interior Solutions",Koramangala & HSR Layout Startup Corridor,,,Rahul Deshmukh,VP Human Capital & Global Sourcing,careers.india@enterprise-blr31.com,https://www.linkedin.com/search/results/people/?keywords=Rahul%20Deshmukh%20HR%20Enterprise%20Corporation%20#0180%20Bangalore
Enterprise Corporation #0181 Bangalore,Global Capability Centers (GCCs) & Tech Giants,Electronic City (Phase 1 & Phase 2),,,Gaurav Merchant,Director of Human Resources & People Ops,careers.india@enterprise-blr32.com,https://www.linkedin.com/search/results/people/?keywords=Gaurav%20Merchant%20HR%20Enterprise%20Corporation%20#0181%20Bangalore
Enterprise Corporation #0182 Bangalore,Management Consulting & Advisory Services,Central CBD (MG Road / Indiranagar / Richmond),,,Ananya Menon,Associate Director – Global Workforce Strategy,careers.india@enterprise-blr33.com,https://www.linkedin.com/search/results/people/?keywords=Ananya%20Menon%20HR%20Enterprise%20Corporation%20#0182%20Bangalore
Enterprise Corporation #0183 Bangalore,"EXIM, Ocean Freight & Global Logistics",Bannerghatta Road (IBC Knowledge Park / Kalyani Magnum),,,Kavya Bhattacharya,Senior HR Business Partner (HRBP) – Operations,careers.india@enterprise-blr34.com,https://www.linkedin.com/search/results/people/?keywords=Kavya%20Bhattacharya%20HR%20Enterprise%20Corporation%20#0183%20Bangalore
Enterprise Corporation #0184 Bangalore,Investment Banking & Financial Operations,Peenya Industrial Area & Rajajinagar Tech Hub,,,Aditi Varma,Head of Talent Acquisition & Early Careers,university-recruiting@enterprise-blr35.com,https://www.linkedin.com/search/results/people/?keywords=Aditi%20Varma%20HR%20Enterprise%20Corporation%20#0184%20Bangalore
Enterprise Corporation #0185 Bangalore,"Enterprise SaaS, AI & Cloud Platforms",Outer Ring Road (Bellandur / Kadubeesanahalli / Sarjapur),,,Adil Chopra,Talent Lead – B2B Sales & Revenue Operations,careers.india@enterprise-blr36.com,https://www.linkedin.com/search/results/people/?keywords=Adil%20Chopra%20HR%20Enterprise%20Corporation%20#0185%20Bangalore
Enterprise Corporation #0186 Bangalore,"FinTech, Payments & Digital Banking",Whitefield & ITPL / Export Promotion Zone,,,Pooja Hegde,Lead Campus Recruitment & University Relations,university-recruiting@enterprise-blr37.com,https://www.linkedin.com/search/results/people/?keywords=Pooja%20Hegde%20HR%20Enterprise%20Corporation%20#0186%20Bangalore
Enterprise Corporation #0187 Bangalore,"E-Commerce, Quick-Commerce & Retail Supply Chain",Manyata Tech Park (Hebbal / Nagawara),,,Tanvi Venkatesh,Lead Talent Acquisition Partner – EXIM & Supply Chain,careers.india@enterprise-blr38.com,https://www.linkedin.com/search/results/people/?keywords=Tanvi%20Venkatesh%20HR%20Enterprise%20Corporation%20#0187%20Bangalore
Enterprise Corporation #0188 Bangalore,"Aerospace, Defense & Heavy Engineering",Koramangala & HSR Layout Startup Corridor,,,Swati Roy,VP Human Capital & Global Sourcing,careers.india@enterprise-blr39.com,https://www.linkedin.com/search/results/people/?keywords=Swati%20Roy%20HR%20Enterprise%20Corporation%20#0188%20Bangalore
Enterprise Corporation #0189 Bangalore,"Automotive, EV & Industrial Automation",Electronic City (Phase 1 & Phase 2),,,Vikram Balakrishnan,Director of Human Resources & People Ops,careers.india@enterprise-blr40.com,https://www.linkedin.com/search/results/people/?keywords=Vikram%20Balakrishnan%20HR%20Enterprise%20Corporation%20#0189%20Bangalore
Enterprise Corporation #0190 Bangalore,"Pharma, Biotech & Healthcare Lifesciences",Central CBD (MG Road / Indiranagar / Richmond),,,Siddharth Rao,Associate Director – Global Workforce Strategy,careers.india@enterprise-blr41.com,https://www.linkedin.com/search/results/people/?keywords=Siddharth%20Rao%20HR%20Enterprise%20Corporation%20#0190%20Bangalore
Enterprise Corporation #0191 Bangalore,"Events, Experiential Media & Brand Marketing",Bannerghatta Road (IBC Knowledge Park / Kalyani Magnum),,,Naveen Agarwal,Senior HR Business Partner (HRBP) – Operations,careers.india@enterprise-blr42.com,https://www.linkedin.com/search/results/people/?keywords=Naveen%20Agarwal%20HR%20Enterprise%20Corporation%20#0191%20Bangalore
Enterprise Corporation #0192 Bangalore,"Commercial Real Estate, Architecture & Interior Solutions",Peenya Industrial Area & Rajajinagar Tech Hub,,,Priya Sharma,Head of Talent Acquisition & Early Careers,university-recruiting@enterprise-blr43.com,https://www.linkedin.com/search/results/people/?keywords=Priya%20Sharma%20HR%20Enterprise%20Corporation%20#0192%20Bangalore
Enterprise Corporation #0193 Bangalore,Global Capability Centers (GCCs) & Tech Giants,Outer Ring Road (Bellandur / Kadubeesanahalli / Sarjapur),,,Arjun Kulkarni,Talent Lead – B2B Sales & Revenue Operations,careers.india@enterprise-blr44.com,https://www.linkedin.com/search/results/people/?keywords=Arjun%20Kulkarni%20HR%20Enterprise%20Corporation%20#0193%20Bangalore
Enterprise Corporation #0194 Bangalore,Management Consulting & Advisory Services,Whitefield & ITPL / Export Promotion Zone,,,Varun Reddy,Lead Campus Recruitment & University Relations,university-recruiting@enterprise-blr45.com,https://www.linkedin.com/search/results/people/?keywords=Varun%20Reddy%20HR%20Enterprise%20Corporation%20#0194%20Bangalore
Enterprise Corporation #0195 Bangalore,"EXIM, Ocean Freight & Global Logistics",Manyata Tech Park (Hebbal / Nagawara),,,Manoj Nambiar,Lead Talent Acquisition Partner – EXIM & Supply Chain,careers.india@enterprise-blr46.com,https://www.linkedin.com/search/results/people/?keywords=Manoj%20Nambiar%20HR%20Enterprise%20Corporation%20#0195%20Bangalore
Enterprise Corporation #0196 Bangalore,Investment Banking & Financial Operations,Koramangala & HSR Layout Startup Corridor,,,Sneha Patel,VP Human Capital & Global Sourcing,careers.india@enterprise-blr47.com,https://www.linkedin.com/search/results/people/?keywords=Sneha%20Patel%20HR%20Enterprise%20Corporation%20#0196%20Bangalore
Enterprise Corporation #0197 Bangalore,"Enterprise SaaS, AI & Cloud Platforms",Electronic City (Phase 1 & Phase 2),,,Megha Singhania,Director of Human Resources & People Ops,careers.india@enterprise-blr48.com,https://www.linkedin.com/search/results/people/?keywords=Megha%20Singhania%20HR%20Enterprise%20Corporation%20#0197%20Bangalore
Enterprise Corporation #0198 Bangalore,"FinTech, Payments & Digital Banking",Central CBD (MG Road / Indiranagar / Richmond),,,Rhea Kapoor,Associate Director – Global Workforce Strategy,careers.india@enterprise-blr49.com,https://www.linkedin.com/search/results/people/?keywords=Rhea%20Kapoor%20HR%20Enterprise%20Corporation%20#0198%20Bangalore
Enterprise Corporation #0199 Bangalore,"E-Commerce, Quick-Commerce & Retail Supply Chain",Bannerghatta Road (IBC Knowledge Park / Kalyani Magnum),,,Rohit Sundaram,Senior HR Business Partner (HRBP) – Operations,careers.india@enterprise-blr50.com,https://www.linkedin.com/search/results/people/?keywords=Rohit%20Sundaram%20HR%20Enterprise%20Corporation%20#0199%20Bangalore
Enterprise Corporation #0200 Bangalore,"Aerospace, Defense & Heavy Engineering",Peenya Industrial Area & Rajajinagar Tech Hub,,,Deepak Iyer,Head of Talent Acquisition & Early Careers,university-recruiting@enterprise-blr1.com,https://www.linkedin.com/search/results/people/?keywords=Deepak%20Iyer%20HR%20Enterprise%20Corporation%20#0200%20Bangalore
Enterprise Corporation #0201 Bangalore,"Automotive, EV & Industrial Automation",Outer Ring Road (Bellandur / Kadubeesanahalli / Sarjapur),,,Divya Bose,Talent Lead – B2B Sales & Revenue Operations,careers.india@enterprise-blr2.com,https://www.linkedin.com/search/results/people/?keywords=Divya%20Bose%20HR%20Enterprise%20Corporation%20#0201%20Bangalore
Enterprise Corporation #0202 Bangalore,"Pharma, Biotech & Healthcare Lifesciences",Whitefield & ITPL / Export Promotion Zone,,,Shreya Sen,Lead Campus Recruitment & University Relations,university-recruiting@enterprise-blr3.com,https://www.linkedin.com/search/results/people/?keywords=Shreya%20Sen%20HR%20Enterprise%20Corporation%20#0202%20Bangalore
Enterprise Corporation #0203 Bangalore,"Events, Experiential Media & Brand Marketing",Manyata Tech Park (Hebbal / Nagawara),,,Karthik Nair,Lead Talent Acquisition Partner – EXIM & Supply Chain,careers.india@enterprise-blr4.com,https://www.linkedin.com/search/results/people/?keywords=Karthik%20Nair%20HR%20Enterprise%20Corporation%20#0203%20Bangalore
Enterprise Corporation #0204 Bangalore,"Commercial Real Estate, Architecture & Interior Solutions",Koramangala & HSR Layout Startup Corridor,,,Rahul Deshmukh,VP Human Capital & Global Sourcing,careers.india@enterprise-blr5.com,https://www.linkedin.com/search/results/people/?keywords=Rahul%20Deshmukh%20HR%20Enterprise%20Corporation%20#0204%20Bangalore
Enterprise Corporation #0205 Bangalore,Global Capability Centers (GCCs) & Tech Giants,Electronic City (Phase 1 & Phase 2),,,Gaurav Merchant,Director of Human Resources & People Ops,careers.india@enterprise-blr6.com,https://www.linkedin.com/search/results/people/?keywords=Gaurav%20Merchant%20HR%20Enterprise%20Corporation%20#0205%20Bangalore
Enterprise Corporation #0206 Bangalore,Management Consulting & Advisory Services,Central CBD (MG Road / Indiranagar / Richmond),,,Ananya Menon,Associate Director – Global Workforce Strategy,careers.india@enterprise-blr7.com,https://www.linkedin.com/search/results/people/?keywords=Ananya%20Menon%20HR%20Enterprise%20Corporation%20#0206%20Bangalore
Enterprise Corporation #0207 Bangalore,"EXIM, Ocean Freight & Global Logistics",Bannerghatta Road (IBC Knowledge Park / Kalyani Magnum),,,Kavya Bhattacharya,Senior HR Business Partner (HRBP) – Operations,careers.india@enterprise-blr8.com,https://www.linkedin.com/search/results/people/?keywords=Kavya%20Bhattacharya%20HR%20Enterprise%20Corporation%20#0207%20Bangalore
Enterprise Corporation #0208 Bangalore,Investment Banking & Financial Operations,Peenya Industrial Area & Rajajinagar Tech Hub,,,Aditi Varma,Head of Talent Acquisition & Early Careers,university-recruiting@enterprise-blr9.com,https://www.linkedin.com/search/results/people/?keywords=Aditi%20Varma%20HR%20Enterprise%20Corporation%20#0208%20Bangalore
Enterprise Corporation #0209 Bangalore,"Enterprise SaaS, AI & Cloud Platforms",Outer Ring Road (Bellandur / Kadubeesanahalli / Sarjapur),,,Adil Chopra,Talent Lead – B2B Sales & Revenue Operations,careers.india@enterprise-blr10.com,https://www.linkedin.com/search/results/people/?keywords=Adil%20Chopra%20HR%20Enterprise%20Corporation%20#0209%20Bangalore
Enterprise Corporation #0210 Bangalore,"FinTech, Payments & Digital Banking",Whitefield & ITPL / Export Promotion Zone,,,Pooja Hegde,Lead Campus Recruitment & University Relations,university-recruiting@enterprise-blr11.com,https://www.linkedin.com/search/results/people/?keywords=Pooja%20Hegde%20HR%20Enterprise%20Corporation%20#0210%20Bangalore
Enterprise Corporation #0211 Bangalore,"E-Commerce, Quick-Commerce & Retail Supply Chain",Manyata Tech Park (Hebbal / Nagawara),,,Tanvi Venkatesh,Lead Talent Acquisition Partner – EXIM & Supply Chain,careers.india@enterprise-blr12.com,https://www.linkedin.com/search/results/people/?keywords=Tanvi%20Venkatesh%20HR%20Enterprise%20Corporation%20#0211%20Bangalore
Enterprise Corporation #0212 Bangalore,"Aerospace, Defense & Heavy Engineering",Koramangala & HSR Layout Startup Corridor,,,Swati Roy,VP Human Capital & Global Sourcing,careers.india@enterprise-blr13.com,https://www.linkedin.com/search/results/people/?keywords=Swati%20Roy%20HR%20Enterprise%20Corporation%20#0212%20Bangalore
Enterprise Corporation #0213 Bangalore,"Automotive, EV & Industrial Automation",Electronic City (Phase 1 & Phase 2),,,Vikram Balakrishnan,Director of Human Resources & People Ops,careers.india@enterprise-blr14.com,https://www.linkedin.com/search/results/people/?keywords=Vikram%20Balakrishnan%20HR%20Enterprise%20Corporation%20#0213%20Bangalore
Enterprise Corporation #0214 Bangalore,"Pharma, Biotech & Healthcare Lifesciences",Central CBD (MG Road / Indiranagar / Richmond),,,Siddharth Rao,Associate Director – Global Workforce Strategy,careers.india@enterprise-blr15.com,https://www.linkedin.com/search/results/people/?keywords=Siddharth%20Rao%20HR%20Enterprise%20Corporation%20#0214%20Bangalore
Enterprise Corporation #0215 Bangalore,"Events, Experiential Media & Brand Marketing",Bannerghatta Road (IBC Knowledge Park / Kalyani Magnum),,,Naveen Agarwal,Senior HR Business Partner (HRBP) – Operations,careers.india@enterprise-blr16.com,https://www.linkedin.com/search/results/people/?keywords=Naveen%20Agarwal%20HR%20Enterprise%20Corporation%20#0215%20Bangalore
Enterprise Corporation #0216 Bangalore,"Commercial Real Estate, Architecture & Interior Solutions",Peenya Industrial Area & Rajajinagar Tech Hub,,,Priya Sharma,Head of Talent Acquisition & Early Careers,university-recruiting@enterprise-blr17.com,https://www.linkedin.com/search/results/people/?keywords=Priya%20Sharma%20HR%20Enterprise%20Corporation%20#0216%20Bangalore
Enterprise Corporation #0217 Bangalore,Global Capability Centers (GCCs) & Tech Giants,Outer Ring Road (Bellandur / Kadubeesanahalli / Sarjapur),,,Arjun Kulkarni,Talent Lead – B2B Sales & Revenue Operations,careers.india@enterprise-blr18.com,https://www.linkedin.com/search/results/people/?keywords=Arjun%20Kulkarni%20HR%20Enterprise%20Corporation%20#0217%20Bangalore
Enterprise Corporation #0218 Bangalore,Management Consulting & Advisory Services,Whitefield & ITPL / Export Promotion Zone,,,Varun Reddy,Lead Campus Recruitment & University Relations,university-recruiting@enterprise-blr19.com,https://www.linkedin.com/search/results/people/?keywords=Varun%20Reddy%20HR%20Enterprise%20Corporation%20#0218%20Bangalore
Enterprise Corporation #0219 Bangalore,"EXIM, Ocean Freight & Global Logistics",Manyata Tech Park (Hebbal / Nagawara),,,Manoj Nambiar,Lead Talent Acquisition Partner – EXIM & Supply Chain,careers.india@enterprise-blr20.com,https://www.linkedin.com/search/results/people/?keywords=Manoj%20Nambiar%20HR%20Enterprise%20Corporation%20#0219%20Bangalore
Enterprise Corporation #0220 Bangalore,Investment Banking & Financial Operations,Koramangala & HSR Layout Startup Corridor,,,Sneha Patel,VP Human Capital & Global Sourcing,careers.india@enterprise-blr21.com,https://www.linkedin.com/search/results/people/?keywords=Sneha%20Patel%20HR%20Enterprise%20Corporation%20#0220%20Bangalore
Enterprise Corporation #0221 Bangalore,"Enterprise SaaS, AI & Cloud Platforms",Electronic City (Phase 1 & Phase 2),,,Megha Singhania,Director of Human Resources & People Ops,careers.india@enterprise-blr22.com,https://www.linkedin.com/search/results/people/?keywords=Megha%20Singhania%20HR%20Enterprise%20Corporation%20#0221%20Bangalore
Enterprise Corporation #0222 Bangalore,"FinTech, Payments & Digital Banking",Central CBD (MG Road / Indiranagar / Richmond),,,Rhea Kapoor,Associate Director – Global Workforce Strategy,careers.india@enterprise-blr23.com,https://www.linkedin.com/search/results/people/?keywords=Rhea%20Kapoor%20HR%20Enterprise%20Corporation%20#0222%20Bangalore
Enterprise Corporation #0223 Bangalore,"E-Commerce, Quick-Commerce & Retail Supply Chain",Bannerghatta Road (IBC Knowledge Park / Kalyani Magnum),,,Rohit Sundaram,Senior HR Business Partner (HRBP) – Operations,careers.india@enterprise-blr24.com,https://www.linkedin.com/search/results/people/?keywords=Rohit%20Sundaram%20HR%20Enterprise%20Corporation%20#0223%20Bangalore
Enterprise Corporation #0224 Bangalore,"Aerospace, Defense & Heavy Engineering",Peenya Industrial Area & Rajajinagar Tech Hub,,,Deepak Iyer,Head of Talent Acquisition & Early Careers,university-recruiting@enterprise-blr25.com,https://www.linkedin.com/search/results/people/?keywords=Deepak%20Iyer%20HR%20Enterprise%20Corporation%20#0224%20Bangalore
Enterprise Corporation #0225 Bangalore,"Automotive, EV & Industrial Automation",Outer Ring Road (Bellandur / Kadubeesanahalli / Sarjapur),,,Divya Bose,Talent Lead – B2B Sales & Revenue Operations,careers.india@enterprise-blr26.com,https://www.linkedin.com/search/results/people/?keywords=Divya%20Bose%20HR%20Enterprise%20Corporation%20#0225%20Bangalore
Enterprise Corporation #0226 Bangalore,"Pharma, Biotech & Healthcare Lifesciences",Whitefield & ITPL / Export Promotion Zone,,,Shreya Sen,Lead Campus Recruitment & University Relations,university-recruiting@enterprise-blr27.com,https://www.linkedin.com/search/results/people/?keywords=Shreya%20Sen%20HR%20Enterprise%20Corporation%20#0226%20Bangalore
Enterprise Corporation #0227 Bangalore,"Events, Experiential Media & Brand Marketing",Manyata Tech Park (Hebbal / Nagawara),,,Karthik Nair,Lead Talent Acquisition Partner – EXIM & Supply Chain,careers.india@enterprise-blr28.com,https://www.linkedin.com/search/results/people/?keywords=Karthik%20Nair%20HR%20Enterprise%20Corporation%20#0227%20Bangalore
Enterprise Corporation #0228 Bangalore,"Commercial Real Estate, Architecture & Interior Solutions",Koramangala & HSR Layout Startup Corridor,,,Rahul Deshmukh,VP Human Capital & Global Sourcing,careers.india@enterprise-blr29.com,https://www.linkedin.com/search/results/people/?keywords=Rahul%20Deshmukh%20HR%20Enterprise%20Corporation%20#0228%20Bangalore
Enterprise Corporation #0229 Bangalore,Global Capability Centers (GCCs) & Tech Giants,Electronic City (Phase 1 & Phase 2),,,Gaurav Merchant,Director of Human Resources & People Ops,careers.india@enterprise-blr30.com,https://www.linkedin.com/search/results/people/?keywords=Gaurav%20Merchant%20HR%20Enterprise%20Corporation%20#0229%20Bangalore
Enterprise Corporation #0230 Bangalore,Management Consulting & Advisory Services,Central CBD (MG Road / Indiranagar / Richmond),,,Ananya Menon,Associate Director – Global Workforce Strategy,careers.india@enterprise-blr31.com,https://www.linkedin.com/search/results/people/?keywords=Ananya%20Menon%20HR%20Enterprise%20Corporation%20#0230%20Bangalore
Enterprise Corporation #0231 Bangalore,"EXIM, Ocean Freight & Global Logistics",Bannerghatta Road (IBC Knowledge Park / Kalyani Magnum),,,Kavya Bhattacharya,Senior HR Business Partner (HRBP) – Operations,careers.india@enterprise-blr32.com,https://www.linkedin.com/search/results/people/?keywords=Kavya%20Bhattacharya%20HR%20Enterprise%20Corporation%20#0231%20Bangalore
Enterprise Corporation #0232 Bangalore,Investment Banking & Financial Operations,Peenya Industrial Area & Rajajinagar Tech Hub,,,Aditi Varma,Head of Talent Acquisition & Early Careers,university-recruiting@enterprise-blr33.com,https://www.linkedin.com/search/results/people/?keywords=Aditi%20Varma%20HR%20Enterprise%20Corporation%20#0232%20Bangalore
Enterprise Corporation #0233 Bangalore,"Enterprise SaaS, AI & Cloud Platforms",Outer Ring Road (Bellandur / Kadubeesanahalli / Sarjapur),,,Adil Chopra,Talent Lead – B2B Sales & Revenue Operations,careers.india@enterprise-blr34.com,https://www.linkedin.com/search/results/people/?keywords=Adil%20Chopra%20HR%20Enterprise%20Corporation%20#0233%20Bangalore
Enterprise Corporation #0234 Bangalore,"FinTech, Payments & Digital Banking",Whitefield & ITPL / Export Promotion Zone,,,Pooja Hegde,Lead Campus Recruitment & University Relations,university-recruiting@enterprise-blr35.com,https://www.linkedin.com/search/results/people/?keywords=Pooja%20Hegde%20HR%20Enterprise%20Corporation%20#0234%20Bangalore
Enterprise Corporation #0235 Bangalore,"E-Commerce, Quick-Commerce & Retail Supply Chain",Manyata Tech Park (Hebbal / Nagawara),,,Tanvi Venkatesh,Lead Talent Acquisition Partner – EXIM & Supply Chain,careers.india@enterprise-blr36.com,https://www.linkedin.com/search/results/people/?keywords=Tanvi%20Venkatesh%20HR%20Enterprise%20Corporation%20#0235%20Bangalore
Enterprise Corporation #0236 Bangalore,"Aerospace, Defense & Heavy Engineering",Koramangala & HSR Layout Startup Corridor,,,Swati Roy,VP Human Capital & Global Sourcing,careers.india@enterprise-blr37.com,https://www.linkedin.com/search/results/people/?keywords=Swati%20Roy%20HR%20Enterprise%20Corporation%20#0236%20Bangalore
Enterprise Corporation #0237 Bangalore,"Automotive, EV & Industrial Automation",Electronic City (Phase 1 & Phase 2),,,Vikram Balakrishnan,Director of Human Resources & People Ops,careers.india@enterprise-blr38.com,https://www.linkedin.com/search/results/people/?keywords=Vikram%20Balakrishnan%20HR%20Enterprise%20Corporation%20#0237%20Bangalore
Enterprise Corporation #0238 Bangalore,"Pharma, Biotech & Healthcare Lifesciences",Central CBD (MG Road / Indiranagar / Richmond),,,Siddharth Rao,Associate Director – Global Workforce Strategy,careers.india@enterprise-blr39.com,https://www.linkedin.com/search/results/people/?keywords=Siddharth%20Rao%20HR%20Enterprise%20Corporation%20#0238%20Bangalore
Enterprise Corporation #0239 Bangalore,"Events, Experiential Media & Brand Marketing",Bannerghatta Road (IBC Knowledge Park / Kalyani Magnum),,,Naveen Agarwal,Senior HR Business Partner (HRBP) – Operations,careers.india@enterprise-blr40.com,https://www.linkedin.com/search/results/people/?keywords=Naveen%20Agarwal%20HR%20Enterprise%20Corporation%20#0239%20Bangalore
Enterprise Corporation #0240 Bangalore,"Commercial Real Estate, Architecture & Interior Solutions",Peenya Industrial Area & Rajajinagar Tech Hub,,,Priya Sharma,Head of Talent Acquisition & Early Careers,university-recruiting@enterprise-blr41.com,https://www.linkedin.com/search/results/people/?keywords=Priya%20Sharma%20HR%20Enterprise%20Corporation%20#0240%20Bangalore
Enterprise Corporation #0241 Bangalore,Global Capability Centers (GCCs) & Tech Giants,Outer Ring Road (Bellandur / Kadubeesanahalli / Sarjapur),,,Arjun Kulkarni,Talent Lead – B2B Sales & Revenue Operations,careers.india@enterprise-blr42.com,https://www.linkedin.com/search/results/people/?keywords=Arjun%20Kulkarni%20HR%20Enterprise%20Corporation%20#0241%20Bangalore
Enterprise Corporation #0242 Bangalore,Management Consulting & Advisory Services,Whitefield & ITPL / Export Promotion Zone,,,Varun Reddy,Lead Campus Recruitment & University Relations,university-recruiting@enterprise-blr43.com,https://www.linkedin.com/search/results/people/?keywords=Varun%20Reddy%20HR%20Enterprise%20Corporation%20#0242%20Bangalore
Enterprise Corporation #0243 Bangalore,"EXIM, Ocean Freight & Global Logistics",Manyata Tech Park (Hebbal / Nagawara),,,Manoj Nambiar,Lead Talent Acquisition Partner – EXIM & Supply Chain,careers.india@enterprise-blr44.com,https://www.linkedin.com/search/results/people/?keywords=Manoj%20Nambiar%20HR%20Enterprise%20Corporation%20#0243%20Bangalore
Enterprise Corporation #0244 Bangalore,Investment Banking & Financial Operations,Koramangala & HSR Layout Startup Corridor,,,Sneha Patel,VP Human Capital & Global Sourcing,careers.india@enterprise-blr45.com,https://www.linkedin.com/search/results/people/?keywords=Sneha%20Patel%20HR%20Enterprise%20Corporation%20#0244%20Bangalore
Enterprise Corporation #0245 Bangalore,"Enterprise SaaS, AI & Cloud Platforms",Electronic City (Phase 1 & Phase 2),,,Megha Singhania,Director of Human Resources & People Ops,careers.india@enterprise-blr46.com,https://www.linkedin.com/search/results/people/?keywords=Megha%20Singhania%20HR%20Enterprise%20Corporation%20#0245%20Bangalore
Enterprise Corporation #0246 Bangalore,"FinTech, Payments & Digital Banking",Central CBD (MG Road / Indiranagar / Richmond),,,Rhea Kapoor,Associate Director – Global Workforce Strategy,careers.india@enterprise-blr47.com,https://www.linkedin.com/search/results/people/?keywords=Rhea%20Kapoor%20HR%20Enterprise%20Corporation%20#0246%20Bangalore
Enterprise Corporation #0247 Bangalore,"E-Commerce, Quick-Commerce & Retail Supply Chain",Bannerghatta Road (IBC Knowledge Park / Kalyani Magnum),,,Rohit Sundaram,Senior HR Business Partner (HRBP) – Operations,careers.india@enterprise-blr48.com,https://www.linkedin.com/search/results/people/?keywords=Rohit%20Sundaram%20HR%20Enterprise%20Corporation%20#0247%20Bangalore
Enterprise Corporation #0248 Bangalore,"Aerospace, Defense & Heavy Engineering",Peenya Industrial Area & Rajajinagar Tech Hub,,,Deepak Iyer,Head of Talent Acquisition & Early Careers,university-recruiting@enterprise-blr49.com,https://www.linkedin.com/search/results/people/?keywords=Deepak%20Iyer%20HR%20Enterprise%20Corporation%20#0248%20Bangalore
Enterprise Corporation #0249 Bangalore,"Automotive, EV & Industrial Automation",Outer Ring Road (Bellandur / Kadubeesanahalli / Sarjapur),,,Divya Bose,Talent Lead – B2B Sales & Revenue Operations,careers.india@enterprise-blr50.com,https://www.linkedin.com/search/results/people/?keywords=Divya%20Bose%20HR%20Enterprise%20Corporation%20#0249%20Bangalore
Enterprise Corporation #0250 Bangalore,"Pharma, Biotech & Healthcare Lifesciences",Whitefield & ITPL / Export Promotion Zone,,,Shreya Sen,Lead Campus Recruitment & University Relations,university-recruiting@enterprise-blr1.com,https://www.linkedin.com/search/results/people/?keywords=Shreya%20Sen%20HR%20Enterprise%20Corporation%20#0250%20Bangalore
Enterprise Corporation #0251 Bangalore,"Events, Experiential Media & Brand Marketing",Manyata Tech Park (Hebbal / Nagawara),,,Karthik Nair,Lead Talent Acquisition Partner – EXIM & Supply Chain,careers.india@enterprise-blr2.com,https://www.linkedin.com/search/results/people/?keywords=Karthik%20Nair%20HR%20Enterprise%20Corporation%20#0251%20Bangalore
Enterprise Corporation #0252 Bangalore,"Commercial Real Estate, Architecture & Interior Solutions",Koramangala & HSR Layout Startup Corridor,,,Rahul Deshmukh,VP Human Capital & Global Sourcing,careers.india@enterprise-blr3.com,https://www.linkedin.com/search/results/people/?keywords=Rahul%20Deshmukh%20HR%20Enterprise%20Corporation%20#0252%20Bangalore
Enterprise Corporation #0253 Bangalore,Global Capability Centers (GCCs) & Tech Giants,Electronic City (Phase 1 & Phase 2),,,Gaurav Merchant,Director of Human Resources & People Ops,careers.india@enterprise-blr4.com,https://www.linkedin.com/search/results/people/?keywords=Gaurav%20Merchant%20HR%20Enterprise%20Corporation%20#0253%20Bangalore
Enterprise Corporation #0254 Bangalore,Management Consulting & Advisory Services,Central CBD (MG Road / Indiranagar / Richmond),,,Ananya Menon,Associate Director – Global Workforce Strategy,careers.india@enterprise-blr5.com,https://www.linkedin.com/search/results/people/?keywords=Ananya%20Menon%20HR%20Enterprise%20Corporation%20#0254%20Bangalore
Enterprise Corporation #0255 Bangalore,"EXIM, Ocean Freight & Global Logistics",Bannerghatta Road (IBC Knowledge Park / Kalyani Magnum),,,Kavya Bhattacharya,Senior HR Business Partner (HRBP) – Operations,careers.india@enterprise-blr6.com,https://www.linkedin.com/search/results/people/?keywords=Kavya%20Bhattacharya%20HR%20Enterprise%20Corporation%20#0255%20Bangalore
Enterprise Corporation #0256 Bangalore,Investment Banking & Financial Operations,Peenya Industrial Area & Rajajinagar Tech Hub,,,Aditi Varma,Head of Talent Acquisition & Early Careers,university-recruiting@enterprise-blr7.com,https://www.linkedin.com/search/results/people/?keywords=Aditi%20Varma%20HR%20Enterprise%20Corporation%20#0256%20Bangalore
Enterprise Corporation #0257 Bangalore,"Enterprise SaaS, AI & Cloud Platforms",Outer Ring Road (Bellandur / Kadubeesanahalli / Sarjapur),,,Adil Chopra,Talent Lead – B2B Sales & Revenue Operations,careers.india@enterprise-blr8.com,https://www.linkedin.com/search/results/people/?keywords=Adil%20Chopra%20HR%20Enterprise%20Corporation%20#0257%20Bangalore
Enterprise Corporation #0258 Bangalore,"FinTech, Payments & Digital Banking",Whitefield & ITPL / Export Promotion Zone,,,Pooja Hegde,Lead Campus Recruitment & University Relations,university-recruiting@enterprise-blr9.com,https://www.linkedin.com/search/results/people/?keywords=Pooja%20Hegde%20HR%20Enterprise%20Corporation%20#0258%20Bangalore
