id,company,role,score,tier,location,category,connections_count,recruiter_name,recruiter_title,recruiter_url,internal_referral_name,internal_referral_title,portal_url,email_subject,email_body,mailto_url,recruiter_note,internal_referral_note
BLR-JOB-007,Pencil Mark Interior Solutions,Business Development Executive (Off-Campus Track),9.9,Tier 1: Golden Strike,Bengaluru / Bangalore,Curated MNC & GCC Pipeline,0,Campus Talent Team,Talent Acquisition Lead,https://www.linkedin.com/search/results/people/?keywords=Pencil%20Mark%20Interior%20Solutions%20HR%20Bangalore,,,https://www.pencilmark.in/,Application: Entry-Level / Operations Trainee - Aditya Mehra (DSU Bangalore),"Dear Hiring Team,

I hope you are doing well.

I am a fresh graduate from Dayananda Sagar University, Bangalore (BBA in International Business, Class of 2026). I am writing to express my interest in entry-level openings or graduate trainee roles in Operations and Business Support at Pencil Mark Interior Solutions.

During my studies and internships, I have gained practical exposure to operations coordination, daily documentation, and reporting. I am comfortable with MS Excel, team coordination, and handling routine operational tasks with high attention to detail.

Key points about me:
- Fresh BBA graduate, quick learner, and eager to contribute to ground operations.
- Comfortable with Excel, process follow-ups, and documentation.
- Locally based in Bangalore and available to join immediately for an on-site role.

I would be truly grateful for an opportunity to connect and share my resume with your team.

Thank you very much for your time and consideration.

Warm regards,
Aditya Mehra
Phone: +91 70034 56624
Email: adityamehra799@gmail.com
Location: Bengaluru, Karnataka
LinkedIn: https://www.linkedin.com/in/adityamehra07",mailto:careers@pencilmarkinteriorsolutions.com?subject=Application%3A%20Entry-Level%20%2F%20Operations%20Trainee%20-%20Aditya%20Mehra%20%28DSU%20Bangalore%29&body=Dear%20Hiring%20Team%2C%0A%0AI%20hope%20you%20are%20doing%20well.%0A%0AI%20am%20a%20fresh%20graduate%20from%20Dayananda%20Sagar%20University%2C%20Bangalore%20%28BBA%20in%20International%20Business%2C%20Class%20of%202026%29.%20I%20am%20writing%20to%20express%20my%20interest%20in%20entry-level%20openings%20or%20graduate%20trainee%20roles%20in%20Operations%20and%20Business%20Support%20at%20Pencil%20Mark%20Interior%20Solutions.%0A%0ADuring%20my%20studies%20and%20internships%2C%20I%20have%20gained%20practical%20exposure%20to%20operations%20coordination%2C%20daily%20documentation%2C%20and%20reporting.%20I%20am%20comfortable%20with%20MS%20Excel%2C%20team%20coordination%2C%20and%20handling%20routine%20operational%20tasks%20with%20high%20attention%20to%20detail.%0A%0AKey%20points%20about%20me%3A%0A-%20Fresh%20BBA%20graduate%2C%20quick%20learner%2C%20and%20eager%20to%20contribute%20to%20ground%20operations.%0A-%20Comfortable%20with%20Excel%2C%20process%20follow-ups%2C%20and%20documentation.%0A-%20Locally%20based%20in%20Bangalore%20and%20available%20to%20join%20immediately%20for%20an%20on-site%20role.%0A%0AI%20would%20be%20truly%20grateful%20for%20an%20opportunity%20to%20connect%20and%20share%20my%20resume%20with%20your%20team.%0A%0AThank%20you%20very%20much%20for%20your%20time%20and%20consideration.%0A%0AWarm%20regards%2C%0AAditya%20Mehra%0APhone%3A%20%2B91%2070034%2056624%0AEmail%3A%20adityamehra799%40gmail.com%0ALocation%3A%20Bengaluru%2C%20Karnataka%0ALinkedIn%3A%20https%3A%2F%2Fwww.linkedin.com%2Fin%2Fadityamehra07,"Hi Hiring Team, I'm a fresh BBA graduate from DSU Bangalore eager to explore entry-level operations and business support roles at Pencil Mark Interior Solutions. Would love to connect and follow your team's updates!","Hi Colleague, I noticed you're at Pencil Mark Interior Solutions. I'm a fresh BBA graduate from DSU Bangalore applying for Business Development Executive (Off-Campus Track). Would you be open to sharing any advice or referring me internally? Thank you so much!"
BLR-JOB-008,AERO India / Salt in My Coca,Exhibition & Event Operations Lead,9.9,Tier 1: Golden Strike,Bengaluru / Bangalore,Curated MNC & GCC Pipeline,2,Campus Talent Team,Talent Acquisition Lead,https://www.linkedin.com/search/results/people/?keywords=AERO%20India%20/%20Salt%20in%20My%20Coca%20HR%20Bangalore,Ranjitha BS,Team Lead,https://aeroindia.gov.in/,Application: Entry-Level / Operations Trainee - Aditya Mehra (DSU Bangalore),"Dear Hiring Team,

I hope you are doing well.

I am a fresh graduate from Dayananda Sagar University, Bangalore (BBA in International Business, Class of 2026). I am writing to express my interest in entry-level openings or graduate trainee roles in Operations and Business Support at AERO India / Salt in My Coca.

During my studies and internships, I have gained practical exposure to operations coordination, daily documentation, and reporting. I am comfortable with MS Excel, team coordination, and handling routine operational tasks with high attention to detail.

Key points about me:
- Fresh BBA graduate, quick learner, and eager to contribute to ground operations.
- Comfortable with Excel, process follow-ups, and documentation.
- Locally based in Bangalore and available to join immediately for an on-site role.

I would be truly grateful for an opportunity to connect and share my resume with your team.

Thank you very much for your time and consideration.

Warm regards,
Aditya Mehra
Phone: +91 70034 56624
Email: adityamehra799@gmail.com
Location: Bengaluru, Karnataka
LinkedIn: https://www.linkedin.com/in/adityamehra07",mailto:careers@aeroindia/saltinmycoca.com?subject=Application%3A%20Entry-Level%20%2F%20Operations%20Trainee%20-%20Aditya%20Mehra%20%28DSU%20Bangalore%29&body=Dear%20Hiring%20Team%2C%0A%0AI%20hope%20you%20are%20doing%20well.%0A%0AI%20am%20a%20fresh%20graduate%20from%20Dayananda%20Sagar%20University%2C%20Bangalore%20%28BBA%20in%20International%20Business%2C%20Class%20of%202026%29.%20I%20am%20writing%20to%20express%20my%20interest%20in%20entry-level%20openings%20or%20graduate%20trainee%20roles%20in%20Operations%20and%20Business%20Support%20at%20AERO%20India%20%2F%20Salt%20in%20My%20Coca.%0A%0ADuring%20my%20studies%20and%20internships%2C%20I%20have%20gained%20practical%20exposure%20to%20operations%20coordination%2C%20daily%20documentation%2C%20and%20reporting.%20I%20am%20comfortable%20with%20MS%20Excel%2C%20team%20coordination%2C%20and%20handling%20routine%20operational%20tasks%20with%20high%20attention%20to%20detail.%0A%0AKey%20points%20about%20me%3A%0A-%20Fresh%20BBA%20graduate%2C%20quick%20learner%2C%20and%20eager%20to%20contribute%20to%20ground%20operations.%0A-%20Comfortable%20with%20Excel%2C%20process%20follow-ups%2C%20and%20documentation.%0A-%20Locally%20based%20in%20Bangalore%20and%20available%20to%20join%20immediately%20for%20an%20on-site%20role.%0A%0AI%20would%20be%20truly%20grateful%20for%20an%20opportunity%20to%20connect%20and%20share%20my%20resume%20with%20your%20team.%0A%0AThank%20you%20very%20much%20for%20your%20time%20and%20consideration.%0A%0AWarm%20regards%2C%0AAditya%20Mehra%0APhone%3A%20%2B91%2070034%2056624%0AEmail%3A%20adityamehra799%40gmail.com%0ALocation%3A%20Bengaluru%2C%20Karnataka%0ALinkedIn%3A%20https%3A%2F%2Fwww.linkedin.com%2Fin%2Fadityamehra07,"Hi Hiring Team, I'm a fresh BBA graduate from DSU Bangalore eager to explore entry-level operations and business support roles at AERO India / Salt in My Coca. Would love to connect and follow your team's updates!","Hi Ranjitha, I noticed you're at AERO India / Salt in My Coca. I'm a fresh BBA graduate from DSU Bangalore applying for Exhibition & Event Operations Lead. Would you be open to sharing any advice or referring me internally? Thank you so much!"
BLR-JOB-001,Accenture India,Global Business Operations & BD Analyst,9.8,Tier 1: Golden Strike,Bengaluru / Bangalore,Curated MNC & GCC Pipeline,115,Samiksha Sharma,Human Resources Associate,https://www.linkedin.com/in/samiksha-sharma1470,Sakshi Tripathi,Change Management Consulting Manager,https://www.accenture.com/in-en/careers,Application: Entry-Level / Operations Trainee - Aditya Mehra (DSU Bangalore),"Dear Samiksha,

I hope you are doing well.

I am a fresh graduate from Dayananda Sagar University, Bangalore (BBA in International Business, Class of 2026). I am writing to express my interest in entry-level openings or graduate trainee roles in Operations and Business Support at Accenture India.

During my studies and internships, I have gained practical exposure to operations coordination, daily documentation, and reporting. I am comfortable with MS Excel, team coordination, and handling routine operational tasks with high attention to detail.

Key points about me:
- Fresh BBA graduate, quick learner, and eager to contribute to ground operations.
- Comfortable with Excel, process follow-ups, and documentation.
- Locally based in Bangalore and available to join immediately for an on-site role.

I would be truly grateful for an opportunity to connect and share my resume with your team.

Thank you very much for your time and consideration.

Warm regards,
Aditya Mehra
Phone: +91 70034 56624
Email: adityamehra799@gmail.com
Location: Bengaluru, Karnataka
LinkedIn: https://www.linkedin.com/in/adityamehra07",mailto:careers@accentureindia.com?subject=Application%3A%20Entry-Level%20%2F%20Operations%20Trainee%20-%20Aditya%20Mehra%20%28DSU%20Bangalore%29&body=Dear%20Samiksha%2C%0A%0AI%20hope%20you%20are%20doing%20well.%0A%0AI%20am%20a%20fresh%20graduate%20from%20Dayananda%20Sagar%20University%2C%20Bangalore%20%28BBA%20in%20International%20Business%2C%20Class%20of%202026%29.%20I%20am%20writing%20to%20express%20my%20interest%20in%20entry-level%20openings%20or%20graduate%20trainee%20roles%20in%20Operations%20and%20Business%20Support%20at%20Accenture%20India.%0A%0ADuring%20my%20studies%20and%20internships%2C%20I%20have%20gained%20practical%20exposure%20to%20operations%20coordination%2C%20daily%20documentation%2C%20and%20reporting.%20I%20am%20comfortable%20with%20MS%20Excel%2C%20team%20coordination%2C%20and%20handling%20routine%20operational%20tasks%20with%20high%20attention%20to%20detail.%0A%0AKey%20points%20about%20me%3A%0A-%20Fresh%20BBA%20graduate%2C%20quick%20learner%2C%20and%20eager%20to%20contribute%20to%20ground%20operations.%0A-%20Comfortable%20with%20Excel%2C%20process%20follow-ups%2C%20and%20documentation.%0A-%20Locally%20based%20in%20Bangalore%20and%20available%20to%20join%20immediately%20for%20an%20on-site%20role.%0A%0AI%20would%20be%20truly%20grateful%20for%20an%20opportunity%20to%20connect%20and%20share%20my%20resume%20with%20your%20team.%0A%0AThank%20you%20very%20much%20for%20your%20time%20and%20consideration.%0A%0AWarm%20regards%2C%0AAditya%20Mehra%0APhone%3A%20%2B91%2070034%2056624%0AEmail%3A%20adityamehra799%40gmail.com%0ALocation%3A%20Bengaluru%2C%20Karnataka%0ALinkedIn%3A%20https%3A%2F%2Fwww.linkedin.com%2Fin%2Fadityamehra07,"Hi Samiksha, I'm a fresh BBA graduate from DSU Bangalore eager to explore entry-level operations and business support roles at Accenture India. Would love to connect and follow your team's updates!","Hi Sakshi, I noticed you're at Accenture India. I'm a fresh BBA graduate from DSU Bangalore applying for Global Business Operations & BD Analyst. Would you be open to sharing any advice or referring me internally? Thank you so much!"
BLR-JOB-002,Deloitte US-India,Risk & Business Operations Advisory Analyst,9.7,Tier 1: Golden Strike,Bengaluru / Bangalore,Curated MNC & GCC Pipeline,106,Aditi Tayde,Tax- Business Process Solutions: HR & Payroll operate(BPS),https://www.linkedin.com/in/aditi-tayde,Mahendra Kumar,Manager,https://www2.deloitte.com/ui/en/careers/careers.html,Application: Entry-Level / Operations Trainee - Aditya Mehra (DSU Bangalore),"Dear Aditi,

I hope you are doing well.

I am a fresh graduate from Dayananda Sagar University, Bangalore (BBA in International Business, Class of 2026). I am writing to express my interest in entry-level openings or graduate trainee roles in Operations and Business Support at Deloitte US-India.

During my studies and internships, I have gained practical exposure to operations coordination, daily documentation, and reporting. I am comfortable with MS Excel, team coordination, and handling routine operational tasks with high attention to detail.

Key points about me:
- Fresh BBA graduate, quick learner, and eager to contribute to ground operations.
- Comfortable with Excel, process follow-ups, and documentation.
- Locally based in Bangalore and available to join immediately for an on-site role.

I would be truly grateful for an opportunity to connect and share my resume with your team.

Thank you very much for your time and consideration.

Warm regards,
Aditya Mehra
Phone: +91 70034 56624
Email: adityamehra799@gmail.com
Location: Bengaluru, Karnataka
LinkedIn: https://www.linkedin.com/in/adityamehra07",mailto:careers@deloitteus-india.com?subject=Application%3A%20Entry-Level%20%2F%20Operations%20Trainee%20-%20Aditya%20Mehra%20%28DSU%20Bangalore%29&body=Dear%20Aditi%2C%0A%0AI%20hope%20you%20are%20doing%20well.%0A%0AI%20am%20a%20fresh%20graduate%20from%20Dayananda%20Sagar%20University%2C%20Bangalore%20%28BBA%20in%20International%20Business%2C%20Class%20of%202026%29.%20I%20am%20writing%20to%20express%20my%20interest%20in%20entry-level%20openings%20or%20graduate%20trainee%20roles%20in%20Operations%20and%20Business%20Support%20at%20Deloitte%20US-India.%0A%0ADuring%20my%20studies%20and%20internships%2C%20I%20have%20gained%20practical%20exposure%20to%20operations%20coordination%2C%20daily%20documentation%2C%20and%20reporting.%20I%20am%20comfortable%20with%20MS%20Excel%2C%20team%20coordination%2C%20and%20handling%20routine%20operational%20tasks%20with%20high%20attention%20to%20detail.%0A%0AKey%20points%20about%20me%3A%0A-%20Fresh%20BBA%20graduate%2C%20quick%20learner%2C%20and%20eager%20to%20contribute%20to%20ground%20operations.%0A-%20Comfortable%20with%20Excel%2C%20process%20follow-ups%2C%20and%20documentation.%0A-%20Locally%20based%20in%20Bangalore%20and%20available%20to%20join%20immediately%20for%20an%20on-site%20role.%0A%0AI%20would%20be%20truly%20grateful%20for%20an%20opportunity%20to%20connect%20and%20share%20my%20resume%20with%20your%20team.%0A%0AThank%20you%20very%20much%20for%20your%20time%20and%20consideration.%0A%0AWarm%20regards%2C%0AAditya%20Mehra%0APhone%3A%20%2B91%2070034%2056624%0AEmail%3A%20adityamehra799%40gmail.com%0ALocation%3A%20Bengaluru%2C%20Karnataka%0ALinkedIn%3A%20https%3A%2F%2Fwww.linkedin.com%2Fin%2Fadityamehra07,"Hi Aditi, I'm a fresh BBA graduate from DSU Bangalore eager to explore entry-level operations and business support roles at Deloitte US-India. Would love to connect and follow your team's updates!","Hi Mahendra, I noticed you're at Deloitte US-India. I'm a fresh BBA graduate from DSU Bangalore applying for Risk & Business Operations Advisory Analyst. Would you be open to sharing any advice or referring me internally? Thank you so much!"
BLR-JOB-003,EY (Ernst & Young GDS),Business Analyst - Global Advisory,9.6,Tier 1: Golden Strike,Bengaluru / Bangalore,Curated MNC & GCC Pipeline,206,Deepashree R,Technical Recruiter,https://www.linkedin.com/in/deepashree-r-4bb8b11a1,Donna Dominic,Content and Marketing Manager,https://www.ey.com/en_in/careers,Application: Entry-Level / Operations Trainee - Aditya Mehra (DSU Bangalore),"Dear Deepashree,

I hope you are doing well.

I am a fresh graduate from Dayananda Sagar University, Bangalore (BBA in International Business, Class of 2026). I am writing to express my interest in entry-level openings or graduate trainee roles in Operations and Business Support at EY (Ernst & Young GDS).

During my studies and internships, I have gained practical exposure to operations coordination, daily documentation, and reporting. I am comfortable with MS Excel, team coordination, and handling routine operational tasks with high attention to detail.

Key points about me:
- Fresh BBA graduate, quick learner, and eager to contribute to ground operations.
- Comfortable with Excel, process follow-ups, and documentation.
- Locally based in Bangalore and available to join immediately for an on-site role.

I would be truly grateful for an opportunity to connect and share my resume with your team.

Thank you very much for your time and consideration.

Warm regards,
Aditya Mehra
Phone: +91 70034 56624
Email: adityamehra799@gmail.com
Location: Bengaluru, Karnataka
LinkedIn: https://www.linkedin.com/in/adityamehra07",mailto:careers@ey(ernst&younggds).com?subject=Application%3A%20Entry-Level%20%2F%20Operations%20Trainee%20-%20Aditya%20Mehra%20%28DSU%20Bangalore%29&body=Dear%20Deepashree%2C%0A%0AI%20hope%20you%20are%20doing%20well.%0A%0AI%20am%20a%20fresh%20graduate%20from%20Dayananda%20Sagar%20University%2C%20Bangalore%20%28BBA%20in%20International%20Business%2C%20Class%20of%202026%29.%20I%20am%20writing%20to%20express%20my%20interest%20in%20entry-level%20openings%20or%20graduate%20trainee%20roles%20in%20Operations%20and%20Business%20Support%20at%20EY%20%28Ernst%20%26%20Young%20GDS%29.%0A%0ADuring%20my%20studies%20and%20internships%2C%20I%20have%20gained%20practical%20exposure%20to%20operations%20coordination%2C%20daily%20documentation%2C%20and%20reporting.%20I%20am%20comfortable%20with%20MS%20Excel%2C%20team%20coordination%2C%20and%20handling%20routine%20operational%20tasks%20with%20high%20attention%20to%20detail.%0A%0AKey%20points%20about%20me%3A%0A-%20Fresh%20BBA%20graduate%2C%20quick%20learner%2C%20and%20eager%20to%20contribute%20to%20ground%20operations.%0A-%20Comfortable%20with%20Excel%2C%20process%20follow-ups%2C%20and%20documentation.%0A-%20Locally%20based%20in%20Bangalore%20and%20available%20to%20join%20immediately%20for%20an%20on-site%20role.%0A%0AI%20would%20be%20truly%20grateful%20for%20an%20opportunity%20to%20connect%20and%20share%20my%20resume%20with%20your%20team.%0A%0AThank%20you%20very%20much%20for%20your%20time%20and%20consideration.%0A%0AWarm%20regards%2C%0AAditya%20Mehra%0APhone%3A%20%2B91%2070034%2056624%0AEmail%3A%20adityamehra799%40gmail.com%0ALocation%3A%20Bengaluru%2C%20Karnataka%0ALinkedIn%3A%20https%3A%2F%2Fwww.linkedin.com%2Fin%2Fadityamehra07,"Hi Deepashree, I'm a fresh BBA graduate from DSU Bangalore eager to explore entry-level operations and business support roles at EY (Ernst & Young GDS). Would love to connect and follow your team's updates!","Hi Donna, I noticed you're at EY (Ernst & Young GDS). I'm a fresh BBA graduate from DSU Bangalore applying for Business Analyst - Global Advisory. Would you be open to sharing any advice or referring me internally? Thank you so much!"
BLR-JOB-004,Amazon Bangalore,Operations & Vendor Management Executive,9.6,Tier 1: Golden Strike,Bengaluru / Bangalore,Curated MNC & GCC Pipeline,38,Sangini Sahay,Sourcing Recruiter,https://www.linkedin.com/in/sangini-sahay-4779b424b,Shraddha Chhetri,Selling Partner Support Associate,https://www.amazon.jobs/en/locations/bangalore-india,Application: Entry-Level / Operations Trainee - Aditya Mehra (DSU Bangalore),"Dear Sangini,

I hope you are doing well.

I am a fresh graduate from Dayananda Sagar University, Bangalore (BBA in International Business, Class of 2026). I am writing to express my interest in entry-level openings or graduate trainee roles in Operations and Business Support at Amazon Bangalore.

During my studies and internships, I have gained practical exposure to operations coordination, daily documentation, and reporting. I am comfortable with MS Excel, team coordination, and handling routine operational tasks with high attention to detail.

Key points about me:
- Fresh BBA graduate, quick learner, and eager to contribute to ground operations.
- Comfortable with Excel, process follow-ups, and documentation.
- Locally based in Bangalore and available to join immediately for an on-site role.

I would be truly grateful for an opportunity to connect and share my resume with your team.

Thank you very much for your time and consideration.

Warm regards,
Aditya Mehra
Phone: +91 70034 56624
Email: adityamehra799@gmail.com
Location: Bengaluru, Karnataka
LinkedIn: https://www.linkedin.com/in/adityamehra07",mailto:careers@amazonbangalore.com?subject=Application%3A%20Entry-Level%20%2F%20Operations%20Trainee%20-%20Aditya%20Mehra%20%28DSU%20Bangalore%29&body=Dear%20Sangini%2C%0A%0AI%20hope%20you%20are%20doing%20well.%0A%0AI%20am%20a%20fresh%20graduate%20from%20Dayananda%20Sagar%20University%2C%20Bangalore%20%28BBA%20in%20International%20Business%2C%20Class%20of%202026%29.%20I%20am%20writing%20to%20express%20my%20interest%20in%20entry-level%20openings%20or%20graduate%20trainee%20roles%20in%20Operations%20and%20Business%20Support%20at%20Amazon%20Bangalore.%0A%0ADuring%20my%20studies%20and%20internships%2C%20I%20have%20gained%20practical%20exposure%20to%20operations%20coordination%2C%20daily%20documentation%2C%20and%20reporting.%20I%20am%20comfortable%20with%20MS%20Excel%2C%20team%20coordination%2C%20and%20handling%20routine%20operational%20tasks%20with%20high%20attention%20to%20detail.%0A%0AKey%20points%20about%20me%3A%0A-%20Fresh%20BBA%20graduate%2C%20quick%20learner%2C%20and%20eager%20to%20contribute%20to%20ground%20operations.%0A-%20Comfortable%20with%20Excel%2C%20process%20follow-ups%2C%20and%20documentation.%0A-%20Locally%20based%20in%20Bangalore%20and%20available%20to%20join%20immediately%20for%20an%20on-site%20role.%0A%0AI%20would%20be%20truly%20grateful%20for%20an%20opportunity%20to%20connect%20and%20share%20my%20resume%20with%20your%20team.%0A%0AThank%20you%20very%20much%20for%20your%20time%20and%20consideration.%0A%0AWarm%20regards%2C%0AAditya%20Mehra%0APhone%3A%20%2B91%2070034%2056624%0AEmail%3A%20adityamehra799%40gmail.com%0ALocation%3A%20Bengaluru%2C%20Karnataka%0ALinkedIn%3A%20https%3A%2F%2Fwww.linkedin.com%2Fin%2Fadityamehra07,"Hi Sangini, I'm a fresh BBA graduate from DSU Bangalore eager to explore entry-level operations and business support roles at Amazon Bangalore. Would love to connect and follow your team's updates!","Hi Shraddha, I noticed you're at Amazon Bangalore. I'm a fresh BBA graduate from DSU Bangalore applying for Operations & Vendor Management Executive. Would you be open to sharing any advice or referring me internally? Thank you so much!"
BLR-JOB-005,Goldman Sachs,Global Markets Operations Analyst,9.5,Tier 1: Golden Strike,Bengaluru / Bangalore,Curated MNC & GCC Pipeline,79,Syed Sumbul Shahbaz,Senior Executive HR,https://www.linkedin.com/in/syed-sumbul-shahbaz-b53210107,Deepti Christy,Onboarding Coordinator,https://www.goldmansachs.com/careers/,Application: Entry-Level / Operations Trainee - Aditya Mehra (DSU Bangalore),"Dear Syed,

I hope you are doing well.

I am a fresh graduate from Dayananda Sagar University, Bangalore (BBA in International Business, Class of 2026). I am writing to express my interest in entry-level openings or graduate trainee roles in Operations and Business Support at Goldman Sachs.

During my studies and internships, I have gained practical exposure to operations coordination, daily documentation, and reporting. I am comfortable with MS Excel, team coordination, and handling routine operational tasks with high attention to detail.

Key points about me:
- Fresh BBA graduate, quick learner, and eager to contribute to ground operations.
- Comfortable with Excel, process follow-ups, and documentation.
- Locally based in Bangalore and available to join immediately for an on-site role.

I would be truly grateful for an opportunity to connect and share my resume with your team.

Thank you very much for your time and consideration.

Warm regards,
Aditya Mehra
Phone: +91 70034 56624
Email: adityamehra799@gmail.com
Location: Bengaluru, Karnataka
LinkedIn: https://www.linkedin.com/in/adityamehra07",mailto:careers@goldmansachs.com?subject=Application%3A%20Entry-Level%20%2F%20Operations%20Trainee%20-%20Aditya%20Mehra%20%28DSU%20Bangalore%29&body=Dear%20Syed%2C%0A%0AI%20hope%20you%20are%20doing%20well.%0A%0AI%20am%20a%20fresh%20graduate%20from%20Dayananda%20Sagar%20University%2C%20Bangalore%20%28BBA%20in%20International%20Business%2C%20Class%20of%202026%29.%20I%20am%20writing%20to%20express%20my%20interest%20in%20entry-level%20openings%20or%20graduate%20trainee%20roles%20in%20Operations%20and%20Business%20Support%20at%20Goldman%20Sachs.%0A%0ADuring%20my%20studies%20and%20internships%2C%20I%20have%20gained%20practical%20exposure%20to%20operations%20coordination%2C%20daily%20documentation%2C%20and%20reporting.%20I%20am%20comfortable%20with%20MS%20Excel%2C%20team%20coordination%2C%20and%20handling%20routine%20operational%20tasks%20with%20high%20attention%20to%20detail.%0A%0AKey%20points%20about%20me%3A%0A-%20Fresh%20BBA%20graduate%2C%20quick%20learner%2C%20and%20eager%20to%20contribute%20to%20ground%20operations.%0A-%20Comfortable%20with%20Excel%2C%20process%20follow-ups%2C%20and%20documentation.%0A-%20Locally%20based%20in%20Bangalore%20and%20available%20to%20join%20immediately%20for%20an%20on-site%20role.%0A%0AI%20would%20be%20truly%20grateful%20for%20an%20opportunity%20to%20connect%20and%20share%20my%20resume%20with%20your%20team.%0A%0AThank%20you%20very%20much%20for%20your%20time%20and%20consideration.%0A%0AWarm%20regards%2C%0AAditya%20Mehra%0APhone%3A%20%2B91%2070034%2056624%0AEmail%3A%20adityamehra799%40gmail.com%0ALocation%3A%20Bengaluru%2C%20Karnataka%0ALinkedIn%3A%20https%3A%2F%2Fwww.linkedin.com%2Fin%2Fadityamehra07,"Hi Syed, I'm a fresh BBA graduate from DSU Bangalore eager to explore entry-level operations and business support roles at Goldman Sachs. Would love to connect and follow your team's updates!","Hi Deepti, I noticed you're at Goldman Sachs. I'm a fresh BBA graduate from DSU Bangalore applying for Global Markets Operations Analyst. Would you be open to sharing any advice or referring me internally? Thank you so much!"
BLR-JOB-006,JP Morgan Chase,Global Operations & Compliance Associate,9.5,Tier 1: Golden Strike,Bengaluru / Bangalore,Curated MNC & GCC Pipeline,49,Shweta Sheregar,Vice President Human Resources,https://www.linkedin.com/in/shweta-sheregar-985b341a,Iona Philip,Team Lead,https://careers.jpmorganchase.com/,Application: Entry-Level / Operations Trainee - Aditya Mehra (DSU Bangalore),"Dear Shweta,

I hope you are doing well.

I am a fresh graduate from Dayananda Sagar University, Bangalore (BBA in International Business, Class of 2026). I am writing to express my interest in entry-level openings or graduate trainee roles in Operations and Business Support at JP Morgan Chase.

During my studies and internships, I have gained practical exposure to operations coordination, daily documentation, and reporting. I am comfortable with MS Excel, team coordination, and handling routine operational tasks with high attention to detail.

Key points about me:
- Fresh BBA graduate, quick learner, and eager to contribute to ground operations.
- Comfortable with Excel, process follow-ups, and documentation.
- Locally based in Bangalore and available to join immediately for an on-site role.

I would be truly grateful for an opportunity to connect and share my resume with your team.

Thank you very much for your time and consideration.

Warm regards,
Aditya Mehra
Phone: +91 70034 56624
Email: adityamehra799@gmail.com
Location: Bengaluru, Karnataka
LinkedIn: https://www.linkedin.com/in/adityamehra07",mailto:careers@jpmorganchase.com?subject=Application%3A%20Entry-Level%20%2F%20Operations%20Trainee%20-%20Aditya%20Mehra%20%28DSU%20Bangalore%29&body=Dear%20Shweta%2C%0A%0AI%20hope%20you%20are%20doing%20well.%0A%0AI%20am%20a%20fresh%20graduate%20from%20Dayananda%20Sagar%20University%2C%20Bangalore%20%28BBA%20in%20International%20Business%2C%20Class%20of%202026%29.%20I%20am%20writing%20to%20express%20my%20interest%20in%20entry-level%20openings%20or%20graduate%20trainee%20roles%20in%20Operations%20and%20Business%20Support%20at%20JP%20Morgan%20Chase.%0A%0ADuring%20my%20studies%20and%20internships%2C%20I%20have%20gained%20practical%20exposure%20to%20operations%20coordination%2C%20daily%20documentation%2C%20and%20reporting.%20I%20am%20comfortable%20with%20MS%20Excel%2C%20team%20coordination%2C%20and%20handling%20routine%20operational%20tasks%20with%20high%20attention%20to%20detail.%0A%0AKey%20points%20about%20me%3A%0A-%20Fresh%20BBA%20graduate%2C%20quick%20learner%2C%20and%20eager%20to%20contribute%20to%20ground%20operations.%0A-%20Comfortable%20with%20Excel%2C%20process%20follow-ups%2C%20and%20documentation.%0A-%20Locally%20based%20in%20Bangalore%20and%20available%20to%20join%20immediately%20for%20an%20on-site%20role.%0A%0AI%20would%20be%20truly%20grateful%20for%20an%20opportunity%20to%20connect%20and%20share%20my%20resume%20with%20your%20team.%0A%0AThank%20you%20very%20much%20for%20your%20time%20and%20consideration.%0A%0AWarm%20regards%2C%0AAditya%20Mehra%0APhone%3A%20%2B91%2070034%2056624%0AEmail%3A%20adityamehra799%40gmail.com%0ALocation%3A%20Bengaluru%2C%20Karnataka%0ALinkedIn%3A%20https%3A%2F%2Fwww.linkedin.com%2Fin%2Fadityamehra07,"Hi Shweta, I'm a fresh BBA graduate from DSU Bangalore eager to explore entry-level operations and business support roles at JP Morgan Chase. Would love to connect and follow your team's updates!","Hi Iona, I noticed you're at JP Morgan Chase. I'm a fresh BBA graduate from DSU Bangalore applying for Global Operations & Compliance Associate. Would you be open to sharing any advice or referring me internally? Thank you so much!"
BLR-JOB-009,IBM India,Supply Chain & Operations Consultant,9.5,Tier 1: Golden Strike,Bengaluru / Bangalore,Curated MNC & GCC Pipeline,81,Sandhya B Sriram,Talent Acquisition Manager - Workday/ServiceNow/Salesforce/Adobe,https://www.linkedin.com/in/sandhyabsriram15,Nishita Poojary,Global Domain Coordinator,https://www.ibm.com/in-en/employment/,Application: Entry-Level / Operations Trainee - Aditya Mehra (DSU Bangalore),"Dear Sandhya,

I hope you are doing well.

I am a fresh graduate from Dayananda Sagar University, Bangalore (BBA in International Business, Class of 2026). I am writing to express my interest in entry-level openings or graduate trainee roles in Operations and Business Support at IBM India.

During my studies and internships, I have gained practical exposure to operations coordination, daily documentation, and reporting. I am comfortable with MS Excel, team coordination, and handling routine operational tasks with high attention to detail.

Key points about me:
- Fresh BBA graduate, quick learner, and eager to contribute to ground operations.
- Comfortable with Excel, process follow-ups, and documentation.
- Locally based in Bangalore and available to join immediately for an on-site role.

I would be truly grateful for an opportunity to connect and share my resume with your team.

Thank you very much for your time and consideration.

Warm regards,
Aditya Mehra
Phone: +91 70034 56624
Email: adityamehra799@gmail.com
Location: Bengaluru, Karnataka
LinkedIn: https://www.linkedin.com/in/adityamehra07",mailto:careers@ibmindia.com?subject=Application%3A%20Entry-Level%20%2F%20Operations%20Trainee%20-%20Aditya%20Mehra%20%28DSU%20Bangalore%29&body=Dear%20Sandhya%2C%0A%0AI%20hope%20you%20are%20doing%20well.%0A%0AI%20am%20a%20fresh%20graduate%20from%20Dayananda%20Sagar%20University%2C%20Bangalore%20%28BBA%20in%20International%20Business%2C%20Class%20of%202026%29.%20I%20am%20writing%20to%20express%20my%20interest%20in%20entry-level%20openings%20or%20graduate%20trainee%20roles%20in%20Operations%20and%20Business%20Support%20at%20IBM%20India.%0A%0ADuring%20my%20studies%20and%20internships%2C%20I%20have%20gained%20practical%20exposure%20to%20operations%20coordination%2C%20daily%20documentation%2C%20and%20reporting.%20I%20am%20comfortable%20with%20MS%20Excel%2C%20team%20coordination%2C%20and%20handling%20routine%20operational%20tasks%20with%20high%20attention%20to%20detail.%0A%0AKey%20points%20about%20me%3A%0A-%20Fresh%20BBA%20graduate%2C%20quick%20learner%2C%20and%20eager%20to%20contribute%20to%20ground%20operations.%0A-%20Comfortable%20with%20Excel%2C%20process%20follow-ups%2C%20and%20documentation.%0A-%20Locally%20based%20in%20Bangalore%20and%20available%20to%20join%20immediately%20for%20an%20on-site%20role.%0A%0AI%20would%20be%20truly%20grateful%20for%20an%20opportunity%20to%20connect%20and%20share%20my%20resume%20with%20your%20team.%0A%0AThank%20you%20very%20much%20for%20your%20time%20and%20consideration.%0A%0AWarm%20regards%2C%0AAditya%20Mehra%0APhone%3A%20%2B91%2070034%2056624%0AEmail%3A%20adityamehra799%40gmail.com%0ALocation%3A%20Bengaluru%2C%20Karnataka%0ALinkedIn%3A%20https%3A%2F%2Fwww.linkedin.com%2Fin%2Fadityamehra07,"Hi Sandhya, I'm a fresh BBA graduate from DSU Bangalore eager to explore entry-level operations and business support roles at IBM India. Would love to connect and follow your team's updates!","Hi Nishita, I noticed you're at IBM India. I'm a fresh BBA graduate from DSU Bangalore applying for Supply Chain & Operations Consultant. Would you be open to sharing any advice or referring me internally? Thank you so much!"
BLR-JOB-010,TE Connectivity,Global Supply Chain Support Executive,9.5,Tier 1: Golden Strike,Bengaluru / Bangalore,Curated MNC & GCC Pipeline,1,Campus Talent Team,Talent Acquisition Lead,https://www.linkedin.com/search/results/people/?keywords=TE%20Connectivity%20HR%20Bangalore,Shilpa G,Sales Development Representative,https://www.te.com/usa-en/about-te/careers.html,Application: Entry-Level / Operations Trainee - Aditya Mehra (DSU Bangalore),"Dear Hiring Team,

I hope you are doing well.

I am a fresh graduate from Dayananda Sagar University, Bangalore (BBA in International Business, Class of 2026). I am writing to express my interest in entry-level openings or graduate trainee roles in Operations and Business Support at TE Connectivity.

During my studies and internships, I have gained practical exposure to operations coordination, daily documentation, and reporting. I am comfortable with MS Excel, team coordination, and handling routine operational tasks with high attention to detail.

Key points about me:
- Fresh BBA graduate, quick learner, and eager to contribute to ground operations.
- Comfortable with Excel, process follow-ups, and documentation.
- Locally based in Bangalore and available to join immediately for an on-site role.

I would be truly grateful for an opportunity to connect and share my resume with your team.

Thank you very much for your time and consideration.

Warm regards,
Aditya Mehra
Phone: +91 70034 56624
Email: adityamehra799@gmail.com
Location: Bengaluru, Karnataka
LinkedIn: https://www.linkedin.com/in/adityamehra07",mailto:careers@teconnectivity.com?subject=Application%3A%20Entry-Level%20%2F%20Operations%20Trainee%20-%20Aditya%20Mehra%20%28DSU%20Bangalore%29&body=Dear%20Hiring%20Team%2C%0A%0AI%20hope%20you%20are%20doing%20well.%0A%0AI%20am%20a%20fresh%20graduate%20from%20Dayananda%20Sagar%20University%2C%20Bangalore%20%28BBA%20in%20International%20Business%2C%20Class%20of%202026%29.%20I%20am%20writing%20to%20express%20my%20interest%20in%20entry-level%20openings%20or%20graduate%20trainee%20roles%20in%20Operations%20and%20Business%20Support%20at%20TE%20Connectivity.%0A%0ADuring%20my%20studies%20and%20internships%2C%20I%20have%20gained%20practical%20exposure%20to%20operations%20coordination%2C%20daily%20documentation%2C%20and%20reporting.%20I%20am%20comfortable%20with%20MS%20Excel%2C%20team%20coordination%2C%20and%20handling%20routine%20operational%20tasks%20with%20high%20attention%20to%20detail.%0A%0AKey%20points%20about%20me%3A%0A-%20Fresh%20BBA%20graduate%2C%20quick%20learner%2C%20and%20eager%20to%20contribute%20to%20ground%20operations.%0A-%20Comfortable%20with%20Excel%2C%20process%20follow-ups%2C%20and%20documentation.%0A-%20Locally%20based%20in%20Bangalore%20and%20available%20to%20join%20immediately%20for%20an%20on-site%20role.%0A%0AI%20would%20be%20truly%20grateful%20for%20an%20opportunity%20to%20connect%20and%20share%20my%20resume%20with%20your%20team.%0A%0AThank%20you%20very%20much%20for%20your%20time%20and%20consideration.%0A%0AWarm%20regards%2C%0AAditya%20Mehra%0APhone%3A%20%2B91%2070034%2056624%0AEmail%3A%20adityamehra799%40gmail.com%0ALocation%3A%20Bengaluru%2C%20Karnataka%0ALinkedIn%3A%20https%3A%2F%2Fwww.linkedin.com%2Fin%2Fadityamehra07,"Hi Hiring Team, I'm a fresh BBA graduate from DSU Bangalore eager to explore entry-level operations and business support roles at TE Connectivity. Would love to connect and follow your team's updates!","Hi Shilpa, I noticed you're at TE Connectivity. I'm a fresh BBA graduate from DSU Bangalore applying for Global Supply Chain Support Executive. Would you be open to sharing any advice or referring me internally? Thank you so much!"
BLR-JOB-011,Puma India,Event Activation & Brand Operations Lead,9.5,Tier 1: Golden Strike,Bengaluru / Bangalore,Curated MNC & GCC Pipeline,0,Campus Talent Team,Talent Acquisition Lead,https://www.linkedin.com/search/results/people/?keywords=Puma%20India%20HR%20Bangalore,,,https://in.puma.com/,Application: Entry-Level / Operations Trainee - Aditya Mehra (DSU Bangalore),"Dear Hiring Team,

I hope you are doing well.

I am a fresh graduate from Dayananda Sagar University, Bangalore (BBA in International Business, Class of 2026). I am writing to express my interest in entry-level openings or graduate trainee roles in Operations and Business Support at Puma India.

During my studies and internships, I have gained practical exposure to operations coordination, daily documentation, and reporting. I am comfortable with MS Excel, team coordination, and handling routine operational tasks with high attention to detail.

Key points about me:
- Fresh BBA graduate, quick learner, and eager to contribute to ground operations.
- Comfortable with Excel, process follow-ups, and documentation.
- Locally based in Bangalore and available to join immediately for an on-site role.

I would be truly grateful for an opportunity to connect and share my resume with your team.

Thank you very much for your time and consideration.

Warm regards,
Aditya Mehra
Phone: +91 70034 56624
Email: adityamehra799@gmail.com
Location: Bengaluru, Karnataka
LinkedIn: https://www.linkedin.com/in/adityamehra07",mailto:careers@pumaindia.com?subject=Application%3A%20Entry-Level%20%2F%20Operations%20Trainee%20-%20Aditya%20Mehra%20%28DSU%20Bangalore%29&body=Dear%20Hiring%20Team%2C%0A%0AI%20hope%20you%20are%20doing%20well.%0A%0AI%20am%20a%20fresh%20graduate%20from%20Dayananda%20Sagar%20University%2C%20Bangalore%20%28BBA%20in%20International%20Business%2C%20Class%20of%202026%29.%20I%20am%20writing%20to%20express%20my%20interest%20in%20entry-level%20openings%20or%20graduate%20trainee%20roles%20in%20Operations%20and%20Business%20Support%20at%20Puma%20India.%0A%0ADuring%20my%20studies%20and%20internships%2C%20I%20have%20gained%20practical%20exposure%20to%20operations%20coordination%2C%20daily%20documentation%2C%20and%20reporting.%20I%20am%20comfortable%20with%20MS%20Excel%2C%20team%20coordination%2C%20and%20handling%20routine%20operational%20tasks%20with%20high%20attention%20to%20detail.%0A%0AKey%20points%20about%20me%3A%0A-%20Fresh%20BBA%20graduate%2C%20quick%20learner%2C%20and%20eager%20to%20contribute%20to%20ground%20operations.%0A-%20Comfortable%20with%20Excel%2C%20process%20follow-ups%2C%20and%20documentation.%0A-%20Locally%20based%20in%20Bangalore%20and%20available%20to%20join%20immediately%20for%20an%20on-site%20role.%0A%0AI%20would%20be%20truly%20grateful%20for%20an%20opportunity%20to%20connect%20and%20share%20my%20resume%20with%20your%20team.%0A%0AThank%20you%20very%20much%20for%20your%20time%20and%20consideration.%0A%0AWarm%20regards%2C%0AAditya%20Mehra%0APhone%3A%20%2B91%2070034%2056624%0AEmail%3A%20adityamehra799%40gmail.com%0ALocation%3A%20Bengaluru%2C%20Karnataka%0ALinkedIn%3A%20https%3A%2F%2Fwww.linkedin.com%2Fin%2Fadityamehra07,"Hi Hiring Team, I'm a fresh BBA graduate from DSU Bangalore eager to explore entry-level operations and business support roles at Puma India. Would love to connect and follow your team's updates!","Hi Colleague, I noticed you're at Puma India. I'm a fresh BBA graduate from DSU Bangalore applying for Event Activation & Brand Operations Lead. Would you be open to sharing any advice or referring me internally? Thank you so much!"
BLR-JOB-012,KPMG Global Services,Global Risk & Management Trainee,9.4,Tier 2: High Conversion,Bengaluru / Bangalore,Curated MNC & GCC Pipeline,45,Kohely Ghosal,Human Resources Intern,https://www.linkedin.com/in/kohely-ghosal,Karishma Vaswani,Assistant Manager,https://home.kpmg/in/en/home/careers.html,Application: Entry-Level / Operations Trainee - Aditya Mehra (DSU Bangalore),"Dear Kohely,

I hope you are doing well.

I am a fresh graduate from Dayananda Sagar University, Bangalore (BBA in International Business, Class of 2026). I am writing to express my interest in entry-level openings or graduate trainee roles in Operations and Business Support at KPMG Global Services.

During my studies and internships, I have gained practical exposure to operations coordination, daily documentation, and reporting. I am comfortable with MS Excel, team coordination, and handling routine operational tasks with high attention to detail.

Key points about me:
- Fresh BBA graduate, quick learner, and eager to contribute to ground operations.
- Comfortable with Excel, process follow-ups, and documentation.
- Locally based in Bangalore and available to join immediately for an on-site role.

I would be truly grateful for an opportunity to connect and share my resume with your team.

Thank you very much for your time and consideration.

Warm regards,
Aditya Mehra
Phone: +91 70034 56624
Email: adityamehra799@gmail.com
Location: Bengaluru, Karnataka
LinkedIn: https://www.linkedin.com/in/adityamehra07",mailto:careers@kpmgglobalservices.com?subject=Application%3A%20Entry-Level%20%2F%20Operations%20Trainee%20-%20Aditya%20Mehra%20%28DSU%20Bangalore%29&body=Dear%20Kohely%2C%0A%0AI%20hope%20you%20are%20doing%20well.%0A%0AI%20am%20a%20fresh%20graduate%20from%20Dayananda%20Sagar%20University%2C%20Bangalore%20%28BBA%20in%20International%20Business%2C%20Class%20of%202026%29.%20I%20am%20writing%20to%20express%20my%20interest%20in%20entry-level%20openings%20or%20graduate%20trainee%20roles%20in%20Operations%20and%20Business%20Support%20at%20KPMG%20Global%20Services.%0A%0ADuring%20my%20studies%20and%20internships%2C%20I%20have%20gained%20practical%20exposure%20to%20operations%20coordination%2C%20daily%20documentation%2C%20and%20reporting.%20I%20am%20comfortable%20with%20MS%20Excel%2C%20team%20coordination%2C%20and%20handling%20routine%20operational%20tasks%20with%20high%20attention%20to%20detail.%0A%0AKey%20points%20about%20me%3A%0A-%20Fresh%20BBA%20graduate%2C%20quick%20learner%2C%20and%20eager%20to%20contribute%20to%20ground%20operations.%0A-%20Comfortable%20with%20Excel%2C%20process%20follow-ups%2C%20and%20documentation.%0A-%20Locally%20based%20in%20Bangalore%20and%20available%20to%20join%20immediately%20for%20an%20on-site%20role.%0A%0AI%20would%20be%20truly%20grateful%20for%20an%20opportunity%20to%20connect%20and%20share%20my%20resume%20with%20your%20team.%0A%0AThank%20you%20very%20much%20for%20your%20time%20and%20consideration.%0A%0AWarm%20regards%2C%0AAditya%20Mehra%0APhone%3A%20%2B91%2070034%2056624%0AEmail%3A%20adityamehra799%40gmail.com%0ALocation%3A%20Bengaluru%2C%20Karnataka%0ALinkedIn%3A%20https%3A%2F%2Fwww.linkedin.com%2Fin%2Fadityamehra07,"Hi Kohely, I'm a fresh BBA graduate from DSU Bangalore eager to explore entry-level operations and business support roles at KPMG Global Services. Would love to connect and follow your team's updates!","Hi Karishma, I noticed you're at KPMG Global Services. I'm a fresh BBA graduate from DSU Bangalore applying for Global Risk & Management Trainee. Would you be open to sharing any advice or referring me internally? Thank you so much!"
BLR-JOB-013,PwC Service Delivery Center,Business Operations Analyst,9.4,Tier 2: High Conversion,Bengaluru / Bangalore,Curated MNC & GCC Pipeline,44,Nikhitha Simon,HR Business Partner,https://www.linkedin.com/in/nikhitha-s-68748a49,Ashwini Barve,Associate Manager,https://www.pwc.in/careers.html,Application: Entry-Level / Operations Trainee - Aditya Mehra (DSU Bangalore),"Dear Nikhitha,

I hope you are doing well.

I am a fresh graduate from Dayananda Sagar University, Bangalore (BBA in International Business, Class of 2026). I am writing to express my interest in entry-level openings or graduate trainee roles in Operations and Business Support at PwC Service Delivery Center.

During my studies and internships, I have gained practical exposure to operations coordination, daily documentation, and reporting. I am comfortable with MS Excel, team coordination, and handling routine operational tasks with high attention to detail.

Key points about me:
- Fresh BBA graduate, quick learner, and eager to contribute to ground operations.
- Comfortable with Excel, process follow-ups, and documentation.
- Locally based in Bangalore and available to join immediately for an on-site role.

I would be truly grateful for an opportunity to connect and share my resume with your team.

Thank you very much for your time and consideration.

Warm regards,
Aditya Mehra
Phone: +91 70034 56624
Email: adityamehra799@gmail.com
Location: Bengaluru, Karnataka
LinkedIn: https://www.linkedin.com/in/adityamehra07",mailto:careers@pwcservicedeliverycenter.com?subject=Application%3A%20Entry-Level%20%2F%20Operations%20Trainee%20-%20Aditya%20Mehra%20%28DSU%20Bangalore%29&body=Dear%20Nikhitha%2C%0A%0AI%20hope%20you%20are%20doing%20well.%0A%0AI%20am%20a%20fresh%20graduate%20from%20Dayananda%20Sagar%20University%2C%20Bangalore%20%28BBA%20in%20International%20Business%2C%20Class%20of%202026%29.%20I%20am%20writing%20to%20express%20my%20interest%20in%20entry-level%20openings%20or%20graduate%20trainee%20roles%20in%20Operations%20and%20Business%20Support%20at%20PwC%20Service%20Delivery%20Center.%0A%0ADuring%20my%20studies%20and%20internships%2C%20I%20have%20gained%20practical%20exposure%20to%20operations%20coordination%2C%20daily%20documentation%2C%20and%20reporting.%20I%20am%20comfortable%20with%20MS%20Excel%2C%20team%20coordination%2C%20and%20handling%20routine%20operational%20tasks%20with%20high%20attention%20to%20detail.%0A%0AKey%20points%20about%20me%3A%0A-%20Fresh%20BBA%20graduate%2C%20quick%20learner%2C%20and%20eager%20to%20contribute%20to%20ground%20operations.%0A-%20Comfortable%20with%20Excel%2C%20process%20follow-ups%2C%20and%20documentation.%0A-%20Locally%20based%20in%20Bangalore%20and%20available%20to%20join%20immediately%20for%20an%20on-site%20role.%0A%0AI%20would%20be%20truly%20grateful%20for%20an%20opportunity%20to%20connect%20and%20share%20my%20resume%20with%20your%20team.%0A%0AThank%20you%20very%20much%20for%20your%20time%20and%20consideration.%0A%0AWarm%20regards%2C%0AAditya%20Mehra%0APhone%3A%20%2B91%2070034%2056624%0AEmail%3A%20adityamehra799%40gmail.com%0ALocation%3A%20Bengaluru%2C%20Karnataka%0ALinkedIn%3A%20https%3A%2F%2Fwww.linkedin.com%2Fin%2Fadityamehra07,"Hi Nikhitha, I'm a fresh BBA graduate from DSU Bangalore eager to explore entry-level operations and business support roles at PwC Service Delivery Center. Would love to connect and follow your team's updates!","Hi Ashwini, I noticed you're at PwC Service Delivery Center. I'm a fresh BBA graduate from DSU Bangalore applying for Business Operations Analyst. Would you be open to sharing any advice or referring me internally? Thank you so much!"
BLR-JOB-014,HSBC EDPI,Global Trade & Receivables Finance Associate,9.3,Tier 2: High Conversion,Bengaluru / Bangalore,Curated MNC & GCC Pipeline,17,Archana Rao Sarrgur,Manager - Leadership Hiring,https://www.linkedin.com/in/archana-rakshith,SOUMI CHATTERJEE,Assistant Manager Client Services,https://www.hsbc.com/careers,Application: Entry-Level / Operations Trainee - Aditya Mehra (DSU Bangalore),"Dear Archana,

I hope you are doing well.

I am a fresh graduate from Dayananda Sagar University, Bangalore (BBA in International Business, Class of 2026). I am writing to express my interest in entry-level openings or graduate trainee roles in Operations and Business Support at HSBC EDPI.

During my studies and internships, I have gained practical exposure to operations coordination, daily documentation, and reporting. I am comfortable with MS Excel, team coordination, and handling routine operational tasks with high attention to detail.

Key points about me:
- Fresh BBA graduate, quick learner, and eager to contribute to ground operations.
- Comfortable with Excel, process follow-ups, and documentation.
- Locally based in Bangalore and available to join immediately for an on-site role.

I would be truly grateful for an opportunity to connect and share my resume with your team.

Thank you very much for your time and consideration.

Warm regards,
Aditya Mehra
Phone: +91 70034 56624
Email: adityamehra799@gmail.com
Location: Bengaluru, Karnataka
LinkedIn: https://www.linkedin.com/in/adityamehra07",mailto:careers@hsbcedpi.com?subject=Application%3A%20Entry-Level%20%2F%20Operations%20Trainee%20-%20Aditya%20Mehra%20%28DSU%20Bangalore%29&body=Dear%20Archana%2C%0A%0AI%20hope%20you%20are%20doing%20well.%0A%0AI%20am%20a%20fresh%20graduate%20from%20Dayananda%20Sagar%20University%2C%20Bangalore%20%28BBA%20in%20International%20Business%2C%20Class%20of%202026%29.%20I%20am%20writing%20to%20express%20my%20interest%20in%20entry-level%20openings%20or%20graduate%20trainee%20roles%20in%20Operations%20and%20Business%20Support%20at%20HSBC%20EDPI.%0A%0ADuring%20my%20studies%20and%20internships%2C%20I%20have%20gained%20practical%20exposure%20to%20operations%20coordination%2C%20daily%20documentation%2C%20and%20reporting.%20I%20am%20comfortable%20with%20MS%20Excel%2C%20team%20coordination%2C%20and%20handling%20routine%20operational%20tasks%20with%20high%20attention%20to%20detail.%0A%0AKey%20points%20about%20me%3A%0A-%20Fresh%20BBA%20graduate%2C%20quick%20learner%2C%20and%20eager%20to%20contribute%20to%20ground%20operations.%0A-%20Comfortable%20with%20Excel%2C%20process%20follow-ups%2C%20and%20documentation.%0A-%20Locally%20based%20in%20Bangalore%20and%20available%20to%20join%20immediately%20for%20an%20on-site%20role.%0A%0AI%20would%20be%20truly%20grateful%20for%20an%20opportunity%20to%20connect%20and%20share%20my%20resume%20with%20your%20team.%0A%0AThank%20you%20very%20much%20for%20your%20time%20and%20consideration.%0A%0AWarm%20regards%2C%0AAditya%20Mehra%0APhone%3A%20%2B91%2070034%2056624%0AEmail%3A%20adityamehra799%40gmail.com%0ALocation%3A%20Bengaluru%2C%20Karnataka%0ALinkedIn%3A%20https%3A%2F%2Fwww.linkedin.com%2Fin%2Fadityamehra07,"Hi Archana, I'm a fresh BBA graduate from DSU Bangalore eager to explore entry-level operations and business support roles at HSBC EDPI. Would love to connect and follow your team's updates!","Hi SOUMI, I noticed you're at HSBC EDPI. I'm a fresh BBA graduate from DSU Bangalore applying for Global Trade & Receivables Finance Associate. Would you be open to sharing any advice or referring me internally? Thank you so much!"
BLR-JOB-015,Swiss Re,Operations & Reinsurance Risk Analyst,9.3,Tier 2: High Conversion,Bengaluru / Bangalore,Curated MNC & GCC Pipeline,2,Simi Sarita Kerketta,AVP - Talent Acquisition,https://www.linkedin.com/in/simi-sarita-kerketta,Simi Sarita Kerketta,AVP - Talent Acquisition,https://www.swissre.com/careers/,Application: Entry-Level / Operations Trainee - Aditya Mehra (DSU Bangalore),"Dear Simi,

I hope you are doing well.

I am a fresh graduate from Dayananda Sagar University, Bangalore (BBA in International Business, Class of 2026). I am writing to express my interest in entry-level openings or graduate trainee roles in Operations and Business Support at Swiss Re.

During my studies and internships, I have gained practical exposure to operations coordination, daily documentation, and reporting. I am comfortable with MS Excel, team coordination, and handling routine operational tasks with high attention to detail.

Key points about me:
- Fresh BBA graduate, quick learner, and eager to contribute to ground operations.
- Comfortable with Excel, process follow-ups, and documentation.
- Locally based in Bangalore and available to join immediately for an on-site role.

I would be truly grateful for an opportunity to connect and share my resume with your team.

Thank you very much for your time and consideration.

Warm regards,
Aditya Mehra
Phone: +91 70034 56624
Email: adityamehra799@gmail.com
Location: Bengaluru, Karnataka
LinkedIn: https://www.linkedin.com/in/adityamehra07",mailto:careers@swissre.com?subject=Application%3A%20Entry-Level%20%2F%20Operations%20Trainee%20-%20Aditya%20Mehra%20%28DSU%20Bangalore%29&body=Dear%20Simi%2C%0A%0AI%20hope%20you%20are%20doing%20well.%0A%0AI%20am%20a%20fresh%20graduate%20from%20Dayananda%20Sagar%20University%2C%20Bangalore%20%28BBA%20in%20International%20Business%2C%20Class%20of%202026%29.%20I%20am%20writing%20to%20express%20my%20interest%20in%20entry-level%20openings%20or%20graduate%20trainee%20roles%20in%20Operations%20and%20Business%20Support%20at%20Swiss%20Re.%0A%0ADuring%20my%20studies%20and%20internships%2C%20I%20have%20gained%20practical%20exposure%20to%20operations%20coordination%2C%20daily%20documentation%2C%20and%20reporting.%20I%20am%20comfortable%20with%20MS%20Excel%2C%20team%20coordination%2C%20and%20handling%20routine%20operational%20tasks%20with%20high%20attention%20to%20detail.%0A%0AKey%20points%20about%20me%3A%0A-%20Fresh%20BBA%20graduate%2C%20quick%20learner%2C%20and%20eager%20to%20contribute%20to%20ground%20operations.%0A-%20Comfortable%20with%20Excel%2C%20process%20follow-ups%2C%20and%20documentation.%0A-%20Locally%20based%20in%20Bangalore%20and%20available%20to%20join%20immediately%20for%20an%20on-site%20role.%0A%0AI%20would%20be%20truly%20grateful%20for%20an%20opportunity%20to%20connect%20and%20share%20my%20resume%20with%20your%20team.%0A%0AThank%20you%20very%20much%20for%20your%20time%20and%20consideration.%0A%0AWarm%20regards%2C%0AAditya%20Mehra%0APhone%3A%20%2B91%2070034%2056624%0AEmail%3A%20adityamehra799%40gmail.com%0ALocation%3A%20Bengaluru%2C%20Karnataka%0ALinkedIn%3A%20https%3A%2F%2Fwww.linkedin.com%2Fin%2Fadityamehra07,"Hi Simi, I'm a fresh BBA graduate from DSU Bangalore eager to explore entry-level operations and business support roles at Swiss Re. Would love to connect and follow your team's updates!","Hi Simi, I noticed you're at Swiss Re. I'm a fresh BBA graduate from DSU Bangalore applying for Operations & Reinsurance Risk Analyst. Would you be open to sharing any advice or referring me internally? Thank you so much!"
BLR-JOB-016,Boeing India,Supply Chain & Logistics Operations Specialist,9.2,Tier 2: High Conversion,Bengaluru / Bangalore,Curated MNC & GCC Pipeline,2,Campus Talent Team,Talent Acquisition Lead,https://www.linkedin.com/search/results/people/?keywords=Boeing%20India%20HR%20Bangalore,Kavita Lahoti,Software QA Developer,https://jobs.boeing.com/,Application: Entry-Level / Operations Trainee - Aditya Mehra (DSU Bangalore),"Dear Hiring Team,

I hope you are doing well.

I am a fresh graduate from Dayananda Sagar University, Bangalore (BBA in International Business, Class of 2026). I am writing to express my interest in entry-level openings or graduate trainee roles in Operations and Business Support at Boeing India.

During my studies and internships, I have gained practical exposure to operations coordination, daily documentation, and reporting. I am comfortable with MS Excel, team coordination, and handling routine operational tasks with high attention to detail.

Key points about me:
- Fresh BBA graduate, quick learner, and eager to contribute to ground operations.
- Comfortable with Excel, process follow-ups, and documentation.
- Locally based in Bangalore and available to join immediately for an on-site role.

I would be truly grateful for an opportunity to connect and share my resume with your team.

Thank you very much for your time and consideration.

Warm regards,
Aditya Mehra
Phone: +91 70034 56624
Email: adityamehra799@gmail.com
Location: Bengaluru, Karnataka
LinkedIn: https://www.linkedin.com/in/adityamehra07",mailto:careers@boeingindia.com?subject=Application%3A%20Entry-Level%20%2F%20Operations%20Trainee%20-%20Aditya%20Mehra%20%28DSU%20Bangalore%29&body=Dear%20Hiring%20Team%2C%0A%0AI%20hope%20you%20are%20doing%20well.%0A%0AI%20am%20a%20fresh%20graduate%20from%20Dayananda%20Sagar%20University%2C%20Bangalore%20%28BBA%20in%20International%20Business%2C%20Class%20of%202026%29.%20I%20am%20writing%20to%20express%20my%20interest%20in%20entry-level%20openings%20or%20graduate%20trainee%20roles%20in%20Operations%20and%20Business%20Support%20at%20Boeing%20India.%0A%0ADuring%20my%20studies%20and%20internships%2C%20I%20have%20gained%20practical%20exposure%20to%20operations%20coordination%2C%20daily%20documentation%2C%20and%20reporting.%20I%20am%20comfortable%20with%20MS%20Excel%2C%20team%20coordination%2C%20and%20handling%20routine%20operational%20tasks%20with%20high%20attention%20to%20detail.%0A%0AKey%20points%20about%20me%3A%0A-%20Fresh%20BBA%20graduate%2C%20quick%20learner%2C%20and%20eager%20to%20contribute%20to%20ground%20operations.%0A-%20Comfortable%20with%20Excel%2C%20process%20follow-ups%2C%20and%20documentation.%0A-%20Locally%20based%20in%20Bangalore%20and%20available%20to%20join%20immediately%20for%20an%20on-site%20role.%0A%0AI%20would%20be%20truly%20grateful%20for%20an%20opportunity%20to%20connect%20and%20share%20my%20resume%20with%20your%20team.%0A%0AThank%20you%20very%20much%20for%20your%20time%20and%20consideration.%0A%0AWarm%20regards%2C%0AAditya%20Mehra%0APhone%3A%20%2B91%2070034%2056624%0AEmail%3A%20adityamehra799%40gmail.com%0ALocation%3A%20Bengaluru%2C%20Karnataka%0ALinkedIn%3A%20https%3A%2F%2Fwww.linkedin.com%2Fin%2Fadityamehra07,"Hi Hiring Team, I'm a fresh BBA graduate from DSU Bangalore eager to explore entry-level operations and business support roles at Boeing India. Would love to connect and follow your team's updates!","Hi Kavita, I noticed you're at Boeing India. I'm a fresh BBA graduate from DSU Bangalore applying for Supply Chain & Logistics Operations Specialist. Would you be open to sharing any advice or referring me internally? Thank you so much!"
BLR-JOB-017,Cisco Systems,Global Supply Chain Analyst,9.2,Tier 2: High Conversion,Bengaluru / Bangalore,Curated MNC & GCC Pipeline,3,Campus Talent Team,Talent Acquisition Lead,https://www.linkedin.com/search/results/people/?keywords=Cisco%20Systems%20HR%20Bangalore,Ananya Singh,Data Analyst,https://jobs.cisco.com/,Application: Entry-Level / Operations Trainee - Aditya Mehra (DSU Bangalore),"Dear Hiring Team,

I hope you are doing well.

I am a fresh graduate from Dayananda Sagar University, Bangalore (BBA in International Business, Class of 2026). I am writing to express my interest in entry-level openings or graduate trainee roles in Operations and Business Support at Cisco Systems.

During my studies and internships, I have gained practical exposure to operations coordination, daily documentation, and reporting. I am comfortable with MS Excel, team coordination, and handling routine operational tasks with high attention to detail.

Key points about me:
- Fresh BBA graduate, quick learner, and eager to contribute to ground operations.
- Comfortable with Excel, process follow-ups, and documentation.
- Locally based in Bangalore and available to join immediately for an on-site role.

I would be truly grateful for an opportunity to connect and share my resume with your team.

Thank you very much for your time and consideration.

Warm regards,
Aditya Mehra
Phone: +91 70034 56624
Email: adityamehra799@gmail.com
Location: Bengaluru, Karnataka
LinkedIn: https://www.linkedin.com/in/adityamehra07",mailto:careers@ciscosystems.com?subject=Application%3A%20Entry-Level%20%2F%20Operations%20Trainee%20-%20Aditya%20Mehra%20%28DSU%20Bangalore%29&body=Dear%20Hiring%20Team%2C%0A%0AI%20hope%20you%20are%20doing%20well.%0A%0AI%20am%20a%20fresh%20graduate%20from%20Dayananda%20Sagar%20University%2C%20Bangalore%20%28BBA%20in%20International%20Business%2C%20Class%20of%202026%29.%20I%20am%20writing%20to%20express%20my%20interest%20in%20entry-level%20openings%20or%20graduate%20trainee%20roles%20in%20Operations%20and%20Business%20Support%20at%20Cisco%20Systems.%0A%0ADuring%20my%20studies%20and%20internships%2C%20I%20have%20gained%20practical%20exposure%20to%20operations%20coordination%2C%20daily%20documentation%2C%20and%20reporting.%20I%20am%20comfortable%20with%20MS%20Excel%2C%20team%20coordination%2C%20and%20handling%20routine%20operational%20tasks%20with%20high%20attention%20to%20detail.%0A%0AKey%20points%20about%20me%3A%0A-%20Fresh%20BBA%20graduate%2C%20quick%20learner%2C%20and%20eager%20to%20contribute%20to%20ground%20operations.%0A-%20Comfortable%20with%20Excel%2C%20process%20follow-ups%2C%20and%20documentation.%0A-%20Locally%20based%20in%20Bangalore%20and%20available%20to%20join%20immediately%20for%20an%20on-site%20role.%0A%0AI%20would%20be%20truly%20grateful%20for%20an%20opportunity%20to%20connect%20and%20share%20my%20resume%20with%20your%20team.%0A%0AThank%20you%20very%20much%20for%20your%20time%20and%20consideration.%0A%0AWarm%20regards%2C%0AAditya%20Mehra%0APhone%3A%20%2B91%2070034%2056624%0AEmail%3A%20adityamehra799%40gmail.com%0ALocation%3A%20Bengaluru%2C%20Karnataka%0ALinkedIn%3A%20https%3A%2F%2Fwww.linkedin.com%2Fin%2Fadityamehra07,"Hi Hiring Team, I'm a fresh BBA graduate from DSU Bangalore eager to explore entry-level operations and business support roles at Cisco Systems. Would love to connect and follow your team's updates!","Hi Ananya, I noticed you're at Cisco Systems. I'm a fresh BBA graduate from DSU Bangalore applying for Global Supply Chain Analyst. Would you be open to sharing any advice or referring me internally? Thank you so much!"
MASS-BLR-001,Tata Consultancy Services (TCS),Global Process Associate / Business Process Operations Analyst,9.2,Tier 2: High Conversion,"ThinkCampus, Electronic City Phase 2 & Whitefield, Bengaluru",Mass Fresher Hiring Program,50,Fresher Hiring Team,Campus Recruitment Team,https://www.linkedin.com/search/results/people/?keywords=Tata%20Consultancy%20Services%20%28TCS%29%20Campus%20Recruitment%20Bangalore,,,https://nextstep.tcs.com/campus/,Application: Global Process Associate / Business Process Operations Analyst (Freshers 2026 Batch) - Aditya Mehra,"Dear Hiring Team,

I hope you are doing well.

I am a fresh graduate from Dayananda Sagar University, Bangalore (BBA in International Business, Class of 2026). I am writing to apply for the Global Process Associate / Business Process Operations Analyst fresher intake drive at Tata Consultancy Services (TCS).

During my studies, I have focused on operations management, process documentation, and Excel reporting. I am comfortable with daily operations, team coordination, and standard shift windows.

Key highlights:
- Fresh BBA graduate (Class of 2026), fast learner, ready to contribute from Day 1.
- Comfortable with MS Excel, routine reporting, and workflow coordination.
- Locally based in Bangalore and available to join immediately for an on-site role at your ThinkCampus, Electronic City Phase 2 & Whitefield, Bengaluru campus.

I have attached my application and would be grateful for an opportunity to attend the screening drive or interview.

Thank you very much.

Warm regards,
Aditya Mehra
Phone: +91 70034 56624
Email: adityamehra799@gmail.com
LinkedIn: https://www.linkedin.com/in/adityamehra07",mailto:careers.bps@tcs.com?subject=Application%3A%20Global%20Process%20Associate%20%2F%20Business%20Process%20Operations%20Analyst%20%28Freshers%202026%20Batch%29%20-%20Aditya%20Mehra&body=Dear%20Hiring%20Team%2C%0A%0AI%20hope%20you%20are%20doing%20well.%0A%0AI%20am%20a%20fresh%20graduate%20from%20Dayananda%20Sagar%20University%2C%20Bangalore%20%28BBA%20in%20International%20Business%2C%20Class%20of%202026%29.%20I%20am%20writing%20to%20apply%20for%20the%20Global%20Process%20Associate%20%2F%20Business%20Process%20Operations%20Analyst%20fresher%20intake%20drive%20at%20Tata%20Consultancy%20Services%20%28TCS%29.%0A%0ADuring%20my%20studies%2C%20I%20have%20focused%20on%20operations%20management%2C%20process%20documentation%2C%20and%20Excel%20reporting.%20I%20am%20comfortable%20with%20daily%20operations%2C%20team%20coordination%2C%20and%20standard%20shift%20windows.%0A%0AKey%20highlights%3A%0A-%20Fresh%20BBA%20graduate%20%28Class%20of%202026%29%2C%20fast%20learner%2C%20ready%20to%20contribute%20from%20Day%201.%0A-%20Comfortable%20with%20MS%20Excel%2C%20routine%20reporting%2C%20and%20workflow%20coordination.%0A-%20Locally%20based%20in%20Bangalore%20and%20available%20to%20join%20immediately%20for%20an%20on-site%20role%20at%20your%20ThinkCampus%2C%20Electronic%20City%20Phase%202%20%26%20Whitefield%2C%20Bengaluru%20campus.%0A%0AI%20have%20attached%20my%20application%20and%20would%20be%20grateful%20for%20an%20opportunity%20to%20attend%20the%20screening%20drive%20or%20interview.%0A%0AThank%20you%20very%20much.%0A%0AWarm%20regards%2C%0AAditya%20Mehra%0APhone%3A%20%2B91%2070034%2056624%0AEmail%3A%20adityamehra799%40gmail.com%0ALinkedIn%3A%20https%3A%2F%2Fwww.linkedin.com%2Fin%2Fadityamehra07,"Hi, I'm a fresh BBA graduate from DSU Bangalore interested in the Global Process Associate / Business Process Operations Analyst intake drive at Tata Consultancy Services (TCS). Would love to connect and follow updates!",
MASS-BLR-002,Infosys BPM (Business Process Management),Supply Chain & Order Management Process Executive,9.2,Tier 2: High Conversion,"Infosys Electronic City Campus, Hosur Road, Bengaluru",Mass Fresher Hiring Program,50,Fresher Hiring Team,Campus Recruitment Team,https://www.linkedin.com/search/results/people/?keywords=Infosys%20BPM%20%28Business%20Process%20Management%29%20Campus%20Recruitment%20Bangalore,,,https://career.infosys.com/,Application: Supply Chain & Order Management Process Executive (Freshers 2026 Batch) - Aditya Mehra,"Dear Hiring Team,

I hope you are doing well.

I am a fresh graduate from Dayananda Sagar University, Bangalore (BBA in International Business, Class of 2026). I am writing to apply for the Supply Chain & Order Management Process Executive fresher intake drive at Infosys BPM (Business Process Management).

During my studies, I have focused on operations management, process documentation, and Excel reporting. I am comfortable with daily operations, team coordination, and standard shift windows.

Key highlights:
- Fresh BBA graduate (Class of 2026), fast learner, ready to contribute from Day 1.
- Comfortable with MS Excel, routine reporting, and workflow coordination.
- Locally based in Bangalore and available to join immediately for an on-site role at your Infosys Electronic City Campus, Hosur Road, Bengaluru campus.

I have attached my application and would be grateful for an opportunity to attend the screening drive or interview.

Thank you very much.

Warm regards,
Aditya Mehra
Phone: +91 70034 56624
Email: adityamehra799@gmail.com
LinkedIn: https://www.linkedin.com/in/adityamehra07",mailto:bpmcareers@infosys.com?subject=Application%3A%20Supply%20Chain%20%26%20Order%20Management%20Process%20Executive%20%28Freshers%202026%20Batch%29%20-%20Aditya%20Mehra&body=Dear%20Hiring%20Team%2C%0A%0AI%20hope%20you%20are%20doing%20well.%0A%0AI%20am%20a%20fresh%20graduate%20from%20Dayananda%20Sagar%20University%2C%20Bangalore%20%28BBA%20in%20International%20Business%2C%20Class%20of%202026%29.%20I%20am%20writing%20to%20apply%20for%20the%20Supply%20Chain%20%26%20Order%20Management%20Process%20Executive%20fresher%20intake%20drive%20at%20Infosys%20BPM%20%28Business%20Process%20Management%29.%0A%0ADuring%20my%20studies%2C%20I%20have%20focused%20on%20operations%20management%2C%20process%20documentation%2C%20and%20Excel%20reporting.%20I%20am%20comfortable%20with%20daily%20operations%2C%20team%20coordination%2C%20and%20standard%20shift%20windows.%0A%0AKey%20highlights%3A%0A-%20Fresh%20BBA%20graduate%20%28Class%20of%202026%29%2C%20fast%20learner%2C%20ready%20to%20contribute%20from%20Day%201.%0A-%20Comfortable%20with%20MS%20Excel%2C%20routine%20reporting%2C%20and%20workflow%20coordination.%0A-%20Locally%20based%20in%20Bangalore%20and%20available%20to%20join%20immediately%20for%20an%20on-site%20role%20at%20your%20Infosys%20Electronic%20City%20Campus%2C%20Hosur%20Road%2C%20Bengaluru%20campus.%0A%0AI%20have%20attached%20my%20application%20and%20would%20be%20grateful%20for%20an%20opportunity%20to%20attend%20the%20screening%20drive%20or%20interview.%0A%0AThank%20you%20very%20much.%0A%0AWarm%20regards%2C%0AAditya%20Mehra%0APhone%3A%20%2B91%2070034%2056624%0AEmail%3A%20adityamehra799%40gmail.com%0ALinkedIn%3A%20https%3A%2F%2Fwww.linkedin.com%2Fin%2Fadityamehra07,"Hi, I'm a fresh BBA graduate from DSU Bangalore interested in the Supply Chain & Order Management Process Executive intake drive at Infosys BPM (Business Process Management). Would love to connect and follow updates!",
MASS-BLR-003,Wipro Enterprise Operations & BPS,Logistics & Commercial Process Associate,9.2,Tier 2: High Conversion,"Doddakannelli, Sarjapur Road & Electronic City, Bengaluru",Mass Fresher Hiring Program,50,Fresher Hiring Team,Campus Recruitment Team,https://www.linkedin.com/search/results/people/?keywords=Wipro%20Enterprise%20Operations%20%26%20BPS%20Campus%20Recruitment%20Bangalore,,,https://careers.wipro.com/,Application: Logistics & Commercial Process Associate (Freshers 2026 Batch) - Aditya Mehra,"Dear Hiring Team,

I hope you are doing well.

I am a fresh graduate from Dayananda Sagar University, Bangalore (BBA in International Business, Class of 2026). I am writing to apply for the Logistics & Commercial Process Associate fresher intake drive at Wipro Enterprise Operations & BPS.

During my studies, I have focused on operations management, process documentation, and Excel reporting. I am comfortable with daily operations, team coordination, and standard shift windows.

Key highlights:
- Fresh BBA graduate (Class of 2026), fast learner, ready to contribute from Day 1.
- Comfortable with MS Excel, routine reporting, and workflow coordination.
- Locally based in Bangalore and available to join immediately for an on-site role at your Doddakannelli, Sarjapur Road & Electronic City, Bengaluru campus.

I have attached my application and would be grateful for an opportunity to attend the screening drive or interview.

Thank you very much.

Warm regards,
Aditya Mehra
Phone: +91 70034 56624
Email: adityamehra799@gmail.com
LinkedIn: https://www.linkedin.com/in/adityamehra07",mailto:manager.campus@wipro.com?subject=Application%3A%20Logistics%20%26%20Commercial%20Process%20Associate%20%28Freshers%202026%20Batch%29%20-%20Aditya%20Mehra&body=Dear%20Hiring%20Team%2C%0A%0AI%20hope%20you%20are%20doing%20well.%0A%0AI%20am%20a%20fresh%20graduate%20from%20Dayananda%20Sagar%20University%2C%20Bangalore%20%28BBA%20in%20International%20Business%2C%20Class%20of%202026%29.%20I%20am%20writing%20to%20apply%20for%20the%20Logistics%20%26%20Commercial%20Process%20Associate%20fresher%20intake%20drive%20at%20Wipro%20Enterprise%20Operations%20%26%20BPS.%0A%0ADuring%20my%20studies%2C%20I%20have%20focused%20on%20operations%20management%2C%20process%20documentation%2C%20and%20Excel%20reporting.%20I%20am%20comfortable%20with%20daily%20operations%2C%20team%20coordination%2C%20and%20standard%20shift%20windows.%0A%0AKey%20highlights%3A%0A-%20Fresh%20BBA%20graduate%20%28Class%20of%202026%29%2C%20fast%20learner%2C%20ready%20to%20contribute%20from%20Day%201.%0A-%20Comfortable%20with%20MS%20Excel%2C%20routine%20reporting%2C%20and%20workflow%20coordination.%0A-%20Locally%20based%20in%20Bangalore%20and%20available%20to%20join%20immediately%20for%20an%20on-site%20role%20at%20your%20Doddakannelli%2C%20Sarjapur%20Road%20%26%20Electronic%20City%2C%20Bengaluru%20campus.%0A%0AI%20have%20attached%20my%20application%20and%20would%20be%20grateful%20for%20an%20opportunity%20to%20attend%20the%20screening%20drive%20or%20interview.%0A%0AThank%20you%20very%20much.%0A%0AWarm%20regards%2C%0AAditya%20Mehra%0APhone%3A%20%2B91%2070034%2056624%0AEmail%3A%20adityamehra799%40gmail.com%0ALinkedIn%3A%20https%3A%2F%2Fwww.linkedin.com%2Fin%2Fadityamehra07,"Hi, I'm a fresh BBA graduate from DSU Bangalore interested in the Logistics & Commercial Process Associate intake drive at Wipro Enterprise Operations & BPS. Would love to connect and follow updates!",
MASS-BLR-004,Cognizant Technology Solutions (CTS),Digital Operations & Process Specialist (Non-Voice),9.2,Tier 2: High Conversion,"Manyata Embassy Business Park, Hebbal & Whitefield, Bengaluru",Mass Fresher Hiring Program,50,Fresher Hiring Team,Campus Recruitment Team,https://www.linkedin.com/search/results/people/?keywords=Cognizant%20Technology%20Solutions%20%28CTS%29%20Campus%20Recruitment%20Bangalore,,,https://app.joinsuperset.com/company/cognizant/,Application: Digital Operations & Process Specialist (Non-Voice) (Freshers 2026 Batch) - Aditya Mehra,"Dear Hiring Team,

I hope you are doing well.

I am a fresh graduate from Dayananda Sagar University, Bangalore (BBA in International Business, Class of 2026). I am writing to apply for the Digital Operations & Process Specialist (Non-Voice) fresher intake drive at Cognizant Technology Solutions (CTS).

During my studies, I have focused on operations management, process documentation, and Excel reporting. I am comfortable with daily operations, team coordination, and standard shift windows.

Key highlights:
- Fresh BBA graduate (Class of 2026), fast learner, ready to contribute from Day 1.
- Comfortable with MS Excel, routine reporting, and workflow coordination.
- Locally based in Bangalore and available to join immediately for an on-site role at your Manyata Embassy Business Park, Hebbal & Whitefield, Bengaluru campus.

I have attached my application and would be grateful for an opportunity to attend the screening drive or interview.

Thank you very much.

Warm regards,
Aditya Mehra
Phone: +91 70034 56624
Email: adityamehra799@gmail.com
LinkedIn: https://www.linkedin.com/in/adityamehra07",mailto:campusrecruitment@cognizant.com?subject=Application%3A%20Digital%20Operations%20%26%20Process%20Specialist%20%28Non-Voice%29%20%28Freshers%202026%20Batch%29%20-%20Aditya%20Mehra&body=Dear%20Hiring%20Team%2C%0A%0AI%20hope%20you%20are%20doing%20well.%0A%0AI%20am%20a%20fresh%20graduate%20from%20Dayananda%20Sagar%20University%2C%20Bangalore%20%28BBA%20in%20International%20Business%2C%20Class%20of%202026%29.%20I%20am%20writing%20to%20apply%20for%20the%20Digital%20Operations%20%26%20Process%20Specialist%20%28Non-Voice%29%20fresher%20intake%20drive%20at%20Cognizant%20Technology%20Solutions%20%28CTS%29.%0A%0ADuring%20my%20studies%2C%20I%20have%20focused%20on%20operations%20management%2C%20process%20documentation%2C%20and%20Excel%20reporting.%20I%20am%20comfortable%20with%20daily%20operations%2C%20team%20coordination%2C%20and%20standard%20shift%20windows.%0A%0AKey%20highlights%3A%0A-%20Fresh%20BBA%20graduate%20%28Class%20of%202026%29%2C%20fast%20learner%2C%20ready%20to%20contribute%20from%20Day%201.%0A-%20Comfortable%20with%20MS%20Excel%2C%20routine%20reporting%2C%20and%20workflow%20coordination.%0A-%20Locally%20based%20in%20Bangalore%20and%20available%20to%20join%20immediately%20for%20an%20on-site%20role%20at%20your%20Manyata%20Embassy%20Business%20Park%2C%20Hebbal%20%26%20Whitefield%2C%20Bengaluru%20campus.%0A%0AI%20have%20attached%20my%20application%20and%20would%20be%20grateful%20for%20an%20opportunity%20to%20attend%20the%20screening%20drive%20or%20interview.%0A%0AThank%20you%20very%20much.%0A%0AWarm%20regards%2C%0AAditya%20Mehra%0APhone%3A%20%2B91%2070034%2056624%0AEmail%3A%20adityamehra799%40gmail.com%0ALinkedIn%3A%20https%3A%2F%2Fwww.linkedin.com%2Fin%2Fadityamehra07,"Hi, I'm a fresh BBA graduate from DSU Bangalore interested in the Digital Operations & Process Specialist (Non-Voice) intake drive at Cognizant Technology Solutions (CTS). Would love to connect and follow updates!",
MASS-BLR-005,Capgemini Business Services India,Supply Chain & Operations Support Executive,9.2,Tier 2: High Conversion,"EPIP Zone, Whitefield & Manyata Tech Park, Bengaluru",Mass Fresher Hiring Program,50,Fresher Hiring Team,Campus Recruitment Team,https://www.linkedin.com/search/results/people/?keywords=Capgemini%20Business%20Services%20India%20Campus%20Recruitment%20Bangalore,,,https://www.capgemini.com/in-en/careers/job-search/,Application: Supply Chain & Operations Support Executive (Freshers 2026 Batch) - Aditya Mehra,"Dear Hiring Team,

I hope you are doing well.

I am a fresh graduate from Dayananda Sagar University, Bangalore (BBA in International Business, Class of 2026). I am writing to apply for the Supply Chain & Operations Support Executive fresher intake drive at Capgemini Business Services India.

During my studies, I have focused on operations management, process documentation, and Excel reporting. I am comfortable with daily operations, team coordination, and standard shift windows.

Key highlights:
- Fresh BBA graduate (Class of 2026), fast learner, ready to contribute from Day 1.
- Comfortable with MS Excel, routine reporting, and workflow coordination.
- Locally based in Bangalore and available to join immediately for an on-site role at your EPIP Zone, Whitefield & Manyata Tech Park, Bengaluru campus.

I have attached my application and would be grateful for an opportunity to attend the screening drive or interview.

Thank you very much.

Warm regards,
Aditya Mehra
Phone: +91 70034 56624
Email: adityamehra799@gmail.com
LinkedIn: https://www.linkedin.com/in/adityamehra07",mailto:talentacquisition.in@capgemini.com?subject=Application%3A%20Supply%20Chain%20%26%20Operations%20Support%20Executive%20%28Freshers%202026%20Batch%29%20-%20Aditya%20Mehra&body=Dear%20Hiring%20Team%2C%0A%0AI%20hope%20you%20are%20doing%20well.%0A%0AI%20am%20a%20fresh%20graduate%20from%20Dayananda%20Sagar%20University%2C%20Bangalore%20%28BBA%20in%20International%20Business%2C%20Class%20of%202026%29.%20I%20am%20writing%20to%20apply%20for%20the%20Supply%20Chain%20%26%20Operations%20Support%20Executive%20fresher%20intake%20drive%20at%20Capgemini%20Business%20Services%20India.%0A%0ADuring%20my%20studies%2C%20I%20have%20focused%20on%20operations%20management%2C%20process%20documentation%2C%20and%20Excel%20reporting.%20I%20am%20comfortable%20with%20daily%20operations%2C%20team%20coordination%2C%20and%20standard%20shift%20windows.%0A%0AKey%20highlights%3A%0A-%20Fresh%20BBA%20graduate%20%28Class%20of%202026%29%2C%20fast%20learner%2C%20ready%20to%20contribute%20from%20Day%201.%0A-%20Comfortable%20with%20MS%20Excel%2C%20routine%20reporting%2C%20and%20workflow%20coordination.%0A-%20Locally%20based%20in%20Bangalore%20and%20available%20to%20join%20immediately%20for%20an%20on-site%20role%20at%20your%20EPIP%20Zone%2C%20Whitefield%20%26%20Manyata%20Tech%20Park%2C%20Bengaluru%20campus.%0A%0AI%20have%20attached%20my%20application%20and%20would%20be%20grateful%20for%20an%20opportunity%20to%20attend%20the%20screening%20drive%20or%20interview.%0A%0AThank%20you%20very%20much.%0A%0AWarm%20regards%2C%0AAditya%20Mehra%0APhone%3A%20%2B91%2070034%2056624%0AEmail%3A%20adityamehra799%40gmail.com%0ALinkedIn%3A%20https%3A%2F%2Fwww.linkedin.com%2Fin%2Fadityamehra07,"Hi, I'm a fresh BBA graduate from DSU Bangalore interested in the Supply Chain & Operations Support Executive intake drive at Capgemini Business Services India. Would love to connect and follow updates!",
MASS-BLR-006,Accenture Operations (Mass Capability Drives),Global Business Operations Associate (Non-Voice / Back-Office),9.2,Tier 2: High Conversion,"IBC Knowledge Park, Bannerghatta Road & Manyata Tech Park, Bengaluru",Mass Fresher Hiring Program,50,Fresher Hiring Team,Campus Recruitment Team,https://www.linkedin.com/search/results/people/?keywords=Accenture%20Operations%20%28Mass%20Capability%20Drives%29%20Campus%20Recruitment%20Bangalore,,,https://indiacampus.accenture.com/,Application: Global Business Operations Associate (Non-Voice / Back-Office) (Freshers 2026 Batch) - Aditya Mehra,"Dear Hiring Team,

I hope you are doing well.

I am a fresh graduate from Dayananda Sagar University, Bangalore (BBA in International Business, Class of 2026). I am writing to apply for the Global Business Operations Associate (Non-Voice / Back-Office) fresher intake drive at Accenture Operations (Mass Capability Drives).

During my studies, I have focused on operations management, process documentation, and Excel reporting. I am comfortable with daily operations, team coordination, and standard shift windows.

Key highlights:
- Fresh BBA graduate (Class of 2026), fast learner, ready to contribute from Day 1.
- Comfortable with MS Excel, routine reporting, and workflow coordination.
- Locally based in Bangalore and available to join immediately for an on-site role at your IBC Knowledge Park, Bannerghatta Road & Manyata Tech Park, Bengaluru campus.

I have attached my application and would be grateful for an opportunity to attend the screening drive or interview.

Thank you very much.

Warm regards,
Aditya Mehra
Phone: +91 70034 56624
Email: adityamehra799@gmail.com
LinkedIn: https://www.linkedin.com/in/adityamehra07",mailto:operations.careers@accenture.com?subject=Application%3A%20Global%20Business%20Operations%20Associate%20%28Non-Voice%20%2F%20Back-Office%29%20%28Freshers%202026%20Batch%29%20-%20Aditya%20Mehra&body=Dear%20Hiring%20Team%2C%0A%0AI%20hope%20you%20are%20doing%20well.%0A%0AI%20am%20a%20fresh%20graduate%20from%20Dayananda%20Sagar%20University%2C%20Bangalore%20%28BBA%20in%20International%20Business%2C%20Class%20of%202026%29.%20I%20am%20writing%20to%20apply%20for%20the%20Global%20Business%20Operations%20Associate%20%28Non-Voice%20%2F%20Back-Office%29%20fresher%20intake%20drive%20at%20Accenture%20Operations%20%28Mass%20Capability%20Drives%29.%0A%0ADuring%20my%20studies%2C%20I%20have%20focused%20on%20operations%20management%2C%20process%20documentation%2C%20and%20Excel%20reporting.%20I%20am%20comfortable%20with%20daily%20operations%2C%20team%20coordination%2C%20and%20standard%20shift%20windows.%0A%0AKey%20highlights%3A%0A-%20Fresh%20BBA%20graduate%20%28Class%20of%202026%29%2C%20fast%20learner%2C%20ready%20to%20contribute%20from%20Day%201.%0A-%20Comfortable%20with%20MS%20Excel%2C%20routine%20reporting%2C%20and%20workflow%20coordination.%0A-%20Locally%20based%20in%20Bangalore%20and%20available%20to%20join%20immediately%20for%20an%20on-site%20role%20at%20your%20IBC%20Knowledge%20Park%2C%20Bannerghatta%20Road%20%26%20Manyata%20Tech%20Park%2C%20Bengaluru%20campus.%0A%0AI%20have%20attached%20my%20application%20and%20would%20be%20grateful%20for%20an%20opportunity%20to%20attend%20the%20screening%20drive%20or%20interview.%0A%0AThank%20you%20very%20much.%0A%0AWarm%20regards%2C%0AAditya%20Mehra%0APhone%3A%20%2B91%2070034%2056624%0AEmail%3A%20adityamehra799%40gmail.com%0ALinkedIn%3A%20https%3A%2F%2Fwww.linkedin.com%2Fin%2Fadityamehra07,"Hi, I'm a fresh BBA graduate from DSU Bangalore interested in the Global Business Operations Associate (Non-Voice / Back-Office) intake drive at Accenture Operations (Mass Capability Drives). Would love to connect and follow updates!",
MASS-BLR-007,Genpact India,Supply Chain & Order Management Specialist,9.2,Tier 2: High Conversion,"Electronic City Phase 1 & Salarpuria Hallmark, ORR, Bengaluru",Mass Fresher Hiring Program,50,Fresher Hiring Team,Campus Recruitment Team,https://www.linkedin.com/search/results/people/?keywords=Genpact%20India%20Campus%20Recruitment%20Bangalore,,,https://jobs.genpact.com/,Application: Supply Chain & Order Management Specialist (Freshers 2026 Batch) - Aditya Mehra,"Dear Hiring Team,

I hope you are doing well.

I am a fresh graduate from Dayananda Sagar University, Bangalore (BBA in International Business, Class of 2026). I am writing to apply for the Supply Chain & Order Management Specialist fresher intake drive at Genpact India.

During my studies, I have focused on operations management, process documentation, and Excel reporting. I am comfortable with daily operations, team coordination, and standard shift windows.

Key highlights:
- Fresh BBA graduate (Class of 2026), fast learner, ready to contribute from Day 1.
- Comfortable with MS Excel, routine reporting, and workflow coordination.
- Locally based in Bangalore and available to join immediately for an on-site role at your Electronic City Phase 1 & Salarpuria Hallmark, ORR, Bengaluru campus.

I have attached my application and would be grateful for an opportunity to attend the screening drive or interview.

Thank you very much.

Warm regards,
Aditya Mehra
Phone: +91 70034 56624
Email: adityamehra799@gmail.com
LinkedIn: https://www.linkedin.com/in/adityamehra07",mailto:careers.bangalore@genpact.com?subject=Application%3A%20Supply%20Chain%20%26%20Order%20Management%20Specialist%20%28Freshers%202026%20Batch%29%20-%20Aditya%20Mehra&body=Dear%20Hiring%20Team%2C%0A%0AI%20hope%20you%20are%20doing%20well.%0A%0AI%20am%20a%20fresh%20graduate%20from%20Dayananda%20Sagar%20University%2C%20Bangalore%20%28BBA%20in%20International%20Business%2C%20Class%20of%202026%29.%20I%20am%20writing%20to%20apply%20for%20the%20Supply%20Chain%20%26%20Order%20Management%20Specialist%20fresher%20intake%20drive%20at%20Genpact%20India.%0A%0ADuring%20my%20studies%2C%20I%20have%20focused%20on%20operations%20management%2C%20process%20documentation%2C%20and%20Excel%20reporting.%20I%20am%20comfortable%20with%20daily%20operations%2C%20team%20coordination%2C%20and%20standard%20shift%20windows.%0A%0AKey%20highlights%3A%0A-%20Fresh%20BBA%20graduate%20%28Class%20of%202026%29%2C%20fast%20learner%2C%20ready%20to%20contribute%20from%20Day%201.%0A-%20Comfortable%20with%20MS%20Excel%2C%20routine%20reporting%2C%20and%20workflow%20coordination.%0A-%20Locally%20based%20in%20Bangalore%20and%20available%20to%20join%20immediately%20for%20an%20on-site%20role%20at%20your%20Electronic%20City%20Phase%201%20%26%20Salarpuria%20Hallmark%2C%20ORR%2C%20Bengaluru%20campus.%0A%0AI%20have%20attached%20my%20application%20and%20would%20be%20grateful%20for%20an%20opportunity%20to%20attend%20the%20screening%20drive%20or%20interview.%0A%0AThank%20you%20very%20much.%0A%0AWarm%20regards%2C%0AAditya%20Mehra%0APhone%3A%20%2B91%2070034%2056624%0AEmail%3A%20adityamehra799%40gmail.com%0ALinkedIn%3A%20https%3A%2F%2Fwww.linkedin.com%2Fin%2Fadityamehra07,"Hi, I'm a fresh BBA graduate from DSU Bangalore interested in the Supply Chain & Order Management Specialist intake drive at Genpact India. Would love to connect and follow updates!",
MASS-BLR-008,EXL Service,Operations Analyst - Logistics & Process Reconciliation,9.2,Tier 2: High Conversion,"RMZ Ecospace, Outer Ring Road, Bellandur, Bengaluru",Mass Fresher Hiring Program,50,Fresher Hiring Team,Campus Recruitment Team,https://www.linkedin.com/search/results/people/?keywords=EXL%20Service%20Campus%20Recruitment%20Bangalore,,,https://www.exlservice.com/careers/job-search,Application: Operations Analyst - Logistics & Process Reconciliation (Freshers 2026 Batch) - Aditya Mehra,"Dear Hiring Team,

I hope you are doing well.

I am a fresh graduate from Dayananda Sagar University, Bangalore (BBA in International Business, Class of 2026). I am writing to apply for the Operations Analyst - Logistics & Process Reconciliation fresher intake drive at EXL Service.

During my studies, I have focused on operations management, process documentation, and Excel reporting. I am comfortable with daily operations, team coordination, and standard shift windows.

Key highlights:
- Fresh BBA graduate (Class of 2026), fast learner, ready to contribute from Day 1.
- Comfortable with MS Excel, routine reporting, and workflow coordination.
- Locally based in Bangalore and available to join immediately for an on-site role at your RMZ Ecospace, Outer Ring Road, Bellandur, Bengaluru campus.

I have attached my application and would be grateful for an opportunity to attend the screening drive or interview.

Thank you very much.

Warm regards,
Aditya Mehra
Phone: +91 70034 56624
Email: adityamehra799@gmail.com
LinkedIn: https://www.linkedin.com/in/adityamehra07",mailto:careers.india@exlservice.com?subject=Application%3A%20Operations%20Analyst%20-%20Logistics%20%26%20Process%20Reconciliation%20%28Freshers%202026%20Batch%29%20-%20Aditya%20Mehra&body=Dear%20Hiring%20Team%2C%0A%0AI%20hope%20you%20are%20doing%20well.%0A%0AI%20am%20a%20fresh%20graduate%20from%20Dayananda%20Sagar%20University%2C%20Bangalore%20%28BBA%20in%20International%20Business%2C%20Class%20of%202026%29.%20I%20am%20writing%20to%20apply%20for%20the%20Operations%20Analyst%20-%20Logistics%20%26%20Process%20Reconciliation%20fresher%20intake%20drive%20at%20EXL%20Service.%0A%0ADuring%20my%20studies%2C%20I%20have%20focused%20on%20operations%20management%2C%20process%20documentation%2C%20and%20Excel%20reporting.%20I%20am%20comfortable%20with%20daily%20operations%2C%20team%20coordination%2C%20and%20standard%20shift%20windows.%0A%0AKey%20highlights%3A%0A-%20Fresh%20BBA%20graduate%20%28Class%20of%202026%29%2C%20fast%20learner%2C%20ready%20to%20contribute%20from%20Day%201.%0A-%20Comfortable%20with%20MS%20Excel%2C%20routine%20reporting%2C%20and%20workflow%20coordination.%0A-%20Locally%20based%20in%20Bangalore%20and%20available%20to%20join%20immediately%20for%20an%20on-site%20role%20at%20your%20RMZ%20Ecospace%2C%20Outer%20Ring%20Road%2C%20Bellandur%2C%20Bengaluru%20campus.%0A%0AI%20have%20attached%20my%20application%20and%20would%20be%20grateful%20for%20an%20opportunity%20to%20attend%20the%20screening%20drive%20or%20interview.%0A%0AThank%20you%20very%20much.%0A%0AWarm%20regards%2C%0AAditya%20Mehra%0APhone%3A%20%2B91%2070034%2056624%0AEmail%3A%20adityamehra799%40gmail.com%0ALinkedIn%3A%20https%3A%2F%2Fwww.linkedin.com%2Fin%2Fadityamehra07,"Hi, I'm a fresh BBA graduate from DSU Bangalore interested in the Operations Analyst - Logistics & Process Reconciliation intake drive at EXL Service. Would love to connect and follow updates!",
MASS-BLR-009,WNS Global Services,Shipping & Ocean Logistics Documentation Associate,9.2,Tier 2: High Conversion,"Prestige Tech Park, Outer Ring Road, Bengaluru",Mass Fresher Hiring Program,50,Fresher Hiring Team,Campus Recruitment Team,https://www.linkedin.com/search/results/people/?keywords=WNS%20Global%20Services%20Campus%20Recruitment%20Bangalore,,,https://www.wns.com/careers/search-and-apply,Application: Shipping & Ocean Logistics Documentation Associate (Freshers 2026 Batch) - Aditya Mehra,"Dear Hiring Team,

I hope you are doing well.

I am a fresh graduate from Dayananda Sagar University, Bangalore (BBA in International Business, Class of 2026). I am writing to apply for the Shipping & Ocean Logistics Documentation Associate fresher intake drive at WNS Global Services.

During my studies, I have focused on operations management, process documentation, and Excel reporting. I am comfortable with daily operations, team coordination, and standard shift windows.

Key highlights:
- Fresh BBA graduate (Class of 2026), fast learner, ready to contribute from Day 1.
- Comfortable with MS Excel, routine reporting, and workflow coordination.
- Locally based in Bangalore and available to join immediately for an on-site role at your Prestige Tech Park, Outer Ring Road, Bengaluru campus.

I have attached my application and would be grateful for an opportunity to attend the screening drive or interview.

Thank you very much.

Warm regards,
Aditya Mehra
Phone: +91 70034 56624
Email: adityamehra799@gmail.com
LinkedIn: https://www.linkedin.com/in/adityamehra07",mailto:indiarecruitment@wns.com?subject=Application%3A%20Shipping%20%26%20Ocean%20Logistics%20Documentation%20Associate%20%28Freshers%202026%20Batch%29%20-%20Aditya%20Mehra&body=Dear%20Hiring%20Team%2C%0A%0AI%20hope%20you%20are%20doing%20well.%0A%0AI%20am%20a%20fresh%20graduate%20from%20Dayananda%20Sagar%20University%2C%20Bangalore%20%28BBA%20in%20International%20Business%2C%20Class%20of%202026%29.%20I%20am%20writing%20to%20apply%20for%20the%20Shipping%20%26%20Ocean%20Logistics%20Documentation%20Associate%20fresher%20intake%20drive%20at%20WNS%20Global%20Services.%0A%0ADuring%20my%20studies%2C%20I%20have%20focused%20on%20operations%20management%2C%20process%20documentation%2C%20and%20Excel%20reporting.%20I%20am%20comfortable%20with%20daily%20operations%2C%20team%20coordination%2C%20and%20standard%20shift%20windows.%0A%0AKey%20highlights%3A%0A-%20Fresh%20BBA%20graduate%20%28Class%20of%202026%29%2C%20fast%20learner%2C%20ready%20to%20contribute%20from%20Day%201.%0A-%20Comfortable%20with%20MS%20Excel%2C%20routine%20reporting%2C%20and%20workflow%20coordination.%0A-%20Locally%20based%20in%20Bangalore%20and%20available%20to%20join%20immediately%20for%20an%20on-site%20role%20at%20your%20Prestige%20Tech%20Park%2C%20Outer%20Ring%20Road%2C%20Bengaluru%20campus.%0A%0AI%20have%20attached%20my%20application%20and%20would%20be%20grateful%20for%20an%20opportunity%20to%20attend%20the%20screening%20drive%20or%20interview.%0A%0AThank%20you%20very%20much.%0A%0AWarm%20regards%2C%0AAditya%20Mehra%0APhone%3A%20%2B91%2070034%2056624%0AEmail%3A%20adityamehra799%40gmail.com%0ALinkedIn%3A%20https%3A%2F%2Fwww.linkedin.com%2Fin%2Fadityamehra07,"Hi, I'm a fresh BBA graduate from DSU Bangalore interested in the Shipping & Ocean Logistics Documentation Associate intake drive at WNS Global Services. Would love to connect and follow updates!",
MASS-BLR-010,Concentrix (Non,Back-Office Process Associate / Document Verification Specialist,9.2,Tier 2: High Conversion,"Manyata Embassy Business Park, Nagavara, Bengaluru",Mass Fresher Hiring Program,50,Fresher Hiring Team,Campus Recruitment Team,https://www.linkedin.com/search/results/people/?keywords=Concentrix%20%28Non%20Campus%20Recruitment%20Bangalore,,,https://jobs.concentrix.com/locations/india/bangalore,Application: Back-Office Process Associate / Document Verification Specialist (Freshers 2026 Batch) - Aditya Mehra,"Dear Hiring Team,

I hope you are doing well.

I am a fresh graduate from Dayananda Sagar University, Bangalore (BBA in International Business, Class of 2026). I am writing to apply for the Back-Office Process Associate / Document Verification Specialist fresher intake drive at Concentrix (Non.

During my studies, I have focused on operations management, process documentation, and Excel reporting. I am comfortable with daily operations, team coordination, and standard shift windows.

Key highlights:
- Fresh BBA graduate (Class of 2026), fast learner, ready to contribute from Day 1.
- Comfortable with MS Excel, routine reporting, and workflow coordination.
- Locally based in Bangalore and available to join immediately for an on-site role at your Manyata Embassy Business Park, Nagavara, Bengaluru campus.

I have attached my application and would be grateful for an opportunity to attend the screening drive or interview.

Thank you very much.

Warm regards,
Aditya Mehra
Phone: +91 70034 56624
Email: adityamehra799@gmail.com
LinkedIn: https://www.linkedin.com/in/adityamehra07",mailto:careers.bangalore@concentrix.com?subject=Application%3A%20Back-Office%20Process%20Associate%20%2F%20Document%20Verification%20Specialist%20%28Freshers%202026%20Batch%29%20-%20Aditya%20Mehra&body=Dear%20Hiring%20Team%2C%0A%0AI%20hope%20you%20are%20doing%20well.%0A%0AI%20am%20a%20fresh%20graduate%20from%20Dayananda%20Sagar%20University%2C%20Bangalore%20%28BBA%20in%20International%20Business%2C%20Class%20of%202026%29.%20I%20am%20writing%20to%20apply%20for%20the%20Back-Office%20Process%20Associate%20%2F%20Document%20Verification%20Specialist%20fresher%20intake%20drive%20at%20Concentrix%20%28Non.%0A%0ADuring%20my%20studies%2C%20I%20have%20focused%20on%20operations%20management%2C%20process%20documentation%2C%20and%20Excel%20reporting.%20I%20am%20comfortable%20with%20daily%20operations%2C%20team%20coordination%2C%20and%20standard%20shift%20windows.%0A%0AKey%20highlights%3A%0A-%20Fresh%20BBA%20graduate%20%28Class%20of%202026%29%2C%20fast%20learner%2C%20ready%20to%20contribute%20from%20Day%201.%0A-%20Comfortable%20with%20MS%20Excel%2C%20routine%20reporting%2C%20and%20workflow%20coordination.%0A-%20Locally%20based%20in%20Bangalore%20and%20available%20to%20join%20immediately%20for%20an%20on-site%20role%20at%20your%20Manyata%20Embassy%20Business%20Park%2C%20Nagavara%2C%20Bengaluru%20campus.%0A%0AI%20have%20attached%20my%20application%20and%20would%20be%20grateful%20for%20an%20opportunity%20to%20attend%20the%20screening%20drive%20or%20interview.%0A%0AThank%20you%20very%20much.%0A%0AWarm%20regards%2C%0AAditya%20Mehra%0APhone%3A%20%2B91%2070034%2056624%0AEmail%3A%20adityamehra799%40gmail.com%0ALinkedIn%3A%20https%3A%2F%2Fwww.linkedin.com%2Fin%2Fadityamehra07,"Hi, I'm a fresh BBA graduate from DSU Bangalore interested in the Back-Office Process Associate / Document Verification Specialist intake drive at Concentrix (Non. Would love to connect and follow updates!",
MASS-BLR-011,Quess Corp Limited (India's #1 Workforce Staffing Giant),Corporate Operations Associate (Deputed to Tier-1 MNCs),9.2,Tier 2: High Conversion,"Quess House, Sarjapur Road / Bellandur, Bengaluru",Mass Fresher Hiring Program,50,Fresher Hiring Team,Campus Recruitment Team,https://www.linkedin.com/search/results/people/?keywords=Quess%20Corp%20Limited%20%28India%27s%20%231%20Workforce%20Staffing%20Giant%29%20Campus%20Recruitment%20Bangalore,,,https://www.quesscorp.com/job-seekers/,Application: Corporate Operations Associate (Deputed to Tier-1 MNCs) (Freshers 2026 Batch) - Aditya Mehra,"Dear Hiring Team,

I hope you are doing well.

I am a fresh graduate from Dayananda Sagar University, Bangalore (BBA in International Business, Class of 2026). I am writing to apply for the Corporate Operations Associate (Deputed to Tier-1 MNCs) fresher intake drive at Quess Corp Limited (India's #1 Workforce Staffing Giant).

During my studies, I have focused on operations management, process documentation, and Excel reporting. I am comfortable with daily operations, team coordination, and standard shift windows.

Key highlights:
- Fresh BBA graduate (Class of 2026), fast learner, ready to contribute from Day 1.
- Comfortable with MS Excel, routine reporting, and workflow coordination.
- Locally based in Bangalore and available to join immediately for an on-site role at your Quess House, Sarjapur Road / Bellandur, Bengaluru campus.

I have attached my application and would be grateful for an opportunity to attend the screening drive or interview.

Thank you very much.

Warm regards,
Aditya Mehra
Phone: +91 70034 56624
Email: adityamehra799@gmail.com
LinkedIn: https://www.linkedin.com/in/adityamehra07",mailto:connect@quesscorp.com?subject=Application%3A%20Corporate%20Operations%20Associate%20%28Deputed%20to%20Tier-1%20MNCs%29%20%28Freshers%202026%20Batch%29%20-%20Aditya%20Mehra&body=Dear%20Hiring%20Team%2C%0A%0AI%20hope%20you%20are%20doing%20well.%0A%0AI%20am%20a%20fresh%20graduate%20from%20Dayananda%20Sagar%20University%2C%20Bangalore%20%28BBA%20in%20International%20Business%2C%20Class%20of%202026%29.%20I%20am%20writing%20to%20apply%20for%20the%20Corporate%20Operations%20Associate%20%28Deputed%20to%20Tier-1%20MNCs%29%20fresher%20intake%20drive%20at%20Quess%20Corp%20Limited%20%28India%27s%20%231%20Workforce%20Staffing%20Giant%29.%0A%0ADuring%20my%20studies%2C%20I%20have%20focused%20on%20operations%20management%2C%20process%20documentation%2C%20and%20Excel%20reporting.%20I%20am%20comfortable%20with%20daily%20operations%2C%20team%20coordination%2C%20and%20standard%20shift%20windows.%0A%0AKey%20highlights%3A%0A-%20Fresh%20BBA%20graduate%20%28Class%20of%202026%29%2C%20fast%20learner%2C%20ready%20to%20contribute%20from%20Day%201.%0A-%20Comfortable%20with%20MS%20Excel%2C%20routine%20reporting%2C%20and%20workflow%20coordination.%0A-%20Locally%20based%20in%20Bangalore%20and%20available%20to%20join%20immediately%20for%20an%20on-site%20role%20at%20your%20Quess%20House%2C%20Sarjapur%20Road%20%2F%20Bellandur%2C%20Bengaluru%20campus.%0A%0AI%20have%20attached%20my%20application%20and%20would%20be%20grateful%20for%20an%20opportunity%20to%20attend%20the%20screening%20drive%20or%20interview.%0A%0AThank%20you%20very%20much.%0A%0AWarm%20regards%2C%0AAditya%20Mehra%0APhone%3A%20%2B91%2070034%2056624%0AEmail%3A%20adityamehra799%40gmail.com%0ALinkedIn%3A%20https%3A%2F%2Fwww.linkedin.com%2Fin%2Fadityamehra07,"Hi, I'm a fresh BBA graduate from DSU Bangalore interested in the Corporate Operations Associate (Deputed to Tier-1 MNCs) intake drive at Quess Corp Limited (India's #1 Workforce Staffing Giant). Would love to connect and follow updates!",
MASS-BLR-012,TeamLease Services (National Staffing Leader),Supply Chain & Operations Trainee (Deputed to Leading Enterprises),9.2,Tier 2: High Conversion,"Koramangala 6th Block, Bengaluru",Mass Fresher Hiring Program,50,Fresher Hiring Team,Campus Recruitment Team,https://www.linkedin.com/search/results/people/?keywords=TeamLease%20Services%20%28National%20Staffing%20Leader%29%20Campus%20Recruitment%20Bangalore,,,https://www.teamlease.com/job-seekers,Application: Supply Chain & Operations Trainee (Deputed to Leading Enterprises) (Freshers 2026 Batch) - Aditya Mehra,"Dear Hiring Team,

I hope you are doing well.

I am a fresh graduate from Dayananda Sagar University, Bangalore (BBA in International Business, Class of 2026). I am writing to apply for the Supply Chain & Operations Trainee (Deputed to Leading Enterprises) fresher intake drive at TeamLease Services (National Staffing Leader).

During my studies, I have focused on operations management, process documentation, and Excel reporting. I am comfortable with daily operations, team coordination, and standard shift windows.

Key highlights:
- Fresh BBA graduate (Class of 2026), fast learner, ready to contribute from Day 1.
- Comfortable with MS Excel, routine reporting, and workflow coordination.
- Locally based in Bangalore and available to join immediately for an on-site role at your Koramangala 6th Block, Bengaluru campus.

I have attached my application and would be grateful for an opportunity to attend the screening drive or interview.

Thank you very much.

Warm regards,
Aditya Mehra
Phone: +91 70034 56624
Email: adityamehra799@gmail.com
LinkedIn: https://www.linkedin.com/in/adityamehra07",mailto:info@teamlease.com?subject=Application%3A%20Supply%20Chain%20%26%20Operations%20Trainee%20%28Deputed%20to%20Leading%20Enterprises%29%20%28Freshers%202026%20Batch%29%20-%20Aditya%20Mehra&body=Dear%20Hiring%20Team%2C%0A%0AI%20hope%20you%20are%20doing%20well.%0A%0AI%20am%20a%20fresh%20graduate%20from%20Dayananda%20Sagar%20University%2C%20Bangalore%20%28BBA%20in%20International%20Business%2C%20Class%20of%202026%29.%20I%20am%20writing%20to%20apply%20for%20the%20Supply%20Chain%20%26%20Operations%20Trainee%20%28Deputed%20to%20Leading%20Enterprises%29%20fresher%20intake%20drive%20at%20TeamLease%20Services%20%28National%20Staffing%20Leader%29.%0A%0ADuring%20my%20studies%2C%20I%20have%20focused%20on%20operations%20management%2C%20process%20documentation%2C%20and%20Excel%20reporting.%20I%20am%20comfortable%20with%20daily%20operations%2C%20team%20coordination%2C%20and%20standard%20shift%20windows.%0A%0AKey%20highlights%3A%0A-%20Fresh%20BBA%20graduate%20%28Class%20of%202026%29%2C%20fast%20learner%2C%20ready%20to%20contribute%20from%20Day%201.%0A-%20Comfortable%20with%20MS%20Excel%2C%20routine%20reporting%2C%20and%20workflow%20coordination.%0A-%20Locally%20based%20in%20Bangalore%20and%20available%20to%20join%20immediately%20for%20an%20on-site%20role%20at%20your%20Koramangala%206th%20Block%2C%20Bengaluru%20campus.%0A%0AI%20have%20attached%20my%20application%20and%20would%20be%20grateful%20for%20an%20opportunity%20to%20attend%20the%20screening%20drive%20or%20interview.%0A%0AThank%20you%20very%20much.%0A%0AWarm%20regards%2C%0AAditya%20Mehra%0APhone%3A%20%2B91%2070034%2056624%0AEmail%3A%20adityamehra799%40gmail.com%0ALinkedIn%3A%20https%3A%2F%2Fwww.linkedin.com%2Fin%2Fadityamehra07,"Hi, I'm a fresh BBA graduate from DSU Bangalore interested in the Supply Chain & Operations Trainee (Deputed to Leading Enterprises) intake drive at TeamLease Services (National Staffing Leader). Would love to connect and follow updates!",
MASS-BLR-013,Randstad India (Bangalore Regional Hub),Global Operations Trainee (Deputed to US/UK GCCs),9.2,Tier 2: High Conversion,"Hosur Road / Koramangala, Bengaluru",Mass Fresher Hiring Program,50,Fresher Hiring Team,Campus Recruitment Team,https://www.linkedin.com/search/results/people/?keywords=Randstad%20India%20%28Bangalore%20Regional%20Hub%29%20Campus%20Recruitment%20Bangalore,,,https://www.randstad.in/candidates/,Application: Global Operations Trainee (Deputed to US/UK GCCs) (Freshers 2026 Batch) - Aditya Mehra,"Dear Hiring Team,

I hope you are doing well.

I am a fresh graduate from Dayananda Sagar University, Bangalore (BBA in International Business, Class of 2026). I am writing to apply for the Global Operations Trainee (Deputed to US/UK GCCs) fresher intake drive at Randstad India (Bangalore Regional Hub).

During my studies, I have focused on operations management, process documentation, and Excel reporting. I am comfortable with daily operations, team coordination, and standard shift windows.

Key highlights:
- Fresh BBA graduate (Class of 2026), fast learner, ready to contribute from Day 1.
- Comfortable with MS Excel, routine reporting, and workflow coordination.
- Locally based in Bangalore and available to join immediately for an on-site role at your Hosur Road / Koramangala, Bengaluru campus.

I have attached my application and would be grateful for an opportunity to attend the screening drive or interview.

Thank you very much.

Warm regards,
Aditya Mehra
Phone: +91 70034 56624
Email: adityamehra799@gmail.com
LinkedIn: https://www.linkedin.com/in/adityamehra07",mailto:bangalore.jobs@randstad.in?subject=Application%3A%20Global%20Operations%20Trainee%20%28Deputed%20to%20US%2FUK%20GCCs%29%20%28Freshers%202026%20Batch%29%20-%20Aditya%20Mehra&body=Dear%20Hiring%20Team%2C%0A%0AI%20hope%20you%20are%20doing%20well.%0A%0AI%20am%20a%20fresh%20graduate%20from%20Dayananda%20Sagar%20University%2C%20Bangalore%20%28BBA%20in%20International%20Business%2C%20Class%20of%202026%29.%20I%20am%20writing%20to%20apply%20for%20the%20Global%20Operations%20Trainee%20%28Deputed%20to%20US%2FUK%20GCCs%29%20fresher%20intake%20drive%20at%20Randstad%20India%20%28Bangalore%20Regional%20Hub%29.%0A%0ADuring%20my%20studies%2C%20I%20have%20focused%20on%20operations%20management%2C%20process%20documentation%2C%20and%20Excel%20reporting.%20I%20am%20comfortable%20with%20daily%20operations%2C%20team%20coordination%2C%20and%20standard%20shift%20windows.%0A%0AKey%20highlights%3A%0A-%20Fresh%20BBA%20graduate%20%28Class%20of%202026%29%2C%20fast%20learner%2C%20ready%20to%20contribute%20from%20Day%201.%0A-%20Comfortable%20with%20MS%20Excel%2C%20routine%20reporting%2C%20and%20workflow%20coordination.%0A-%20Locally%20based%20in%20Bangalore%20and%20available%20to%20join%20immediately%20for%20an%20on-site%20role%20at%20your%20Hosur%20Road%20%2F%20Koramangala%2C%20Bengaluru%20campus.%0A%0AI%20have%20attached%20my%20application%20and%20would%20be%20grateful%20for%20an%20opportunity%20to%20attend%20the%20screening%20drive%20or%20interview.%0A%0AThank%20you%20very%20much.%0A%0AWarm%20regards%2C%0AAditya%20Mehra%0APhone%3A%20%2B91%2070034%2056624%0AEmail%3A%20adityamehra799%40gmail.com%0ALinkedIn%3A%20https%3A%2F%2Fwww.linkedin.com%2Fin%2Fadityamehra07,"Hi, I'm a fresh BBA graduate from DSU Bangalore interested in the Global Operations Trainee (Deputed to US/UK GCCs) intake drive at Randstad India (Bangalore Regional Hub). Would love to connect and follow updates!",
MASS-BLR-014,Adecco India (Bangalore Corporate HQ),Logistics & Process Coordinator,9.2,Tier 2: High Conversion,"Outer Ring Road / Marathahalli, Bengaluru",Mass Fresher Hiring Program,50,Fresher Hiring Team,Campus Recruitment Team,https://www.linkedin.com/search/results/people/?keywords=Adecco%20India%20%28Bangalore%20Corporate%20HQ%29%20Campus%20Recruitment%20Bangalore,,,https://www.adecco.co.in/,Application: Logistics & Process Coordinator (Freshers 2026 Batch) - Aditya Mehra,"Dear Hiring Team,

I hope you are doing well.

I am a fresh graduate from Dayananda Sagar University, Bangalore (BBA in International Business, Class of 2026). I am writing to apply for the Logistics & Process Coordinator fresher intake drive at Adecco India (Bangalore Corporate HQ).

During my studies, I have focused on operations management, process documentation, and Excel reporting. I am comfortable with daily operations, team coordination, and standard shift windows.

Key highlights:
- Fresh BBA graduate (Class of 2026), fast learner, ready to contribute from Day 1.
- Comfortable with MS Excel, routine reporting, and workflow coordination.
- Locally based in Bangalore and available to join immediately for an on-site role at your Outer Ring Road / Marathahalli, Bengaluru campus.

I have attached my application and would be grateful for an opportunity to attend the screening drive or interview.

Thank you very much.

Warm regards,
Aditya Mehra
Phone: +91 70034 56624
Email: adityamehra799@gmail.com
LinkedIn: https://www.linkedin.com/in/adityamehra07",mailto:adecco.india@adecco.com?subject=Application%3A%20Logistics%20%26%20Process%20Coordinator%20%28Freshers%202026%20Batch%29%20-%20Aditya%20Mehra&body=Dear%20Hiring%20Team%2C%0A%0AI%20hope%20you%20are%20doing%20well.%0A%0AI%20am%20a%20fresh%20graduate%20from%20Dayananda%20Sagar%20University%2C%20Bangalore%20%28BBA%20in%20International%20Business%2C%20Class%20of%202026%29.%20I%20am%20writing%20to%20apply%20for%20the%20Logistics%20%26%20Process%20Coordinator%20fresher%20intake%20drive%20at%20Adecco%20India%20%28Bangalore%20Corporate%20HQ%29.%0A%0ADuring%20my%20studies%2C%20I%20have%20focused%20on%20operations%20management%2C%20process%20documentation%2C%20and%20Excel%20reporting.%20I%20am%20comfortable%20with%20daily%20operations%2C%20team%20coordination%2C%20and%20standard%20shift%20windows.%0A%0AKey%20highlights%3A%0A-%20Fresh%20BBA%20graduate%20%28Class%20of%202026%29%2C%20fast%20learner%2C%20ready%20to%20contribute%20from%20Day%201.%0A-%20Comfortable%20with%20MS%20Excel%2C%20routine%20reporting%2C%20and%20workflow%20coordination.%0A-%20Locally%20based%20in%20Bangalore%20and%20available%20to%20join%20immediately%20for%20an%20on-site%20role%20at%20your%20Outer%20Ring%20Road%20%2F%20Marathahalli%2C%20Bengaluru%20campus.%0A%0AI%20have%20attached%20my%20application%20and%20would%20be%20grateful%20for%20an%20opportunity%20to%20attend%20the%20screening%20drive%20or%20interview.%0A%0AThank%20you%20very%20much.%0A%0AWarm%20regards%2C%0AAditya%20Mehra%0APhone%3A%20%2B91%2070034%2056624%0AEmail%3A%20adityamehra799%40gmail.com%0ALinkedIn%3A%20https%3A%2F%2Fwww.linkedin.com%2Fin%2Fadityamehra07,"Hi, I'm a fresh BBA graduate from DSU Bangalore interested in the Logistics & Process Coordinator intake drive at Adecco India (Bangalore Corporate HQ). Would love to connect and follow updates!",
MASS-BLR-015,ManpowerGroup India (Bangalore Branch),Business Operations Support Associate,9.2,Tier 2: High Conversion,"Dickenson Road / MG Road Corridor, Bengaluru",Mass Fresher Hiring Program,50,Fresher Hiring Team,Campus Recruitment Team,https://www.linkedin.com/search/results/people/?keywords=ManpowerGroup%20India%20%28Bangalore%20Branch%29%20Campus%20Recruitment%20Bangalore,,,https://www.manpowergroup.co.in/jobs,Application: Business Operations Support Associate (Freshers 2026 Batch) - Aditya Mehra,"Dear Hiring Team,

I hope you are doing well.

I am a fresh graduate from Dayananda Sagar University, Bangalore (BBA in International Business, Class of 2026). I am writing to apply for the Business Operations Support Associate fresher intake drive at ManpowerGroup India (Bangalore Branch).

During my studies, I have focused on operations management, process documentation, and Excel reporting. I am comfortable with daily operations, team coordination, and standard shift windows.

Key highlights:
- Fresh BBA graduate (Class of 2026), fast learner, ready to contribute from Day 1.
- Comfortable with MS Excel, routine reporting, and workflow coordination.
- Locally based in Bangalore and available to join immediately for an on-site role at your Dickenson Road / MG Road Corridor, Bengaluru campus.

I have attached my application and would be grateful for an opportunity to attend the screening drive or interview.

Thank you very much.

Warm regards,
Aditya Mehra
Phone: +91 70034 56624
Email: adityamehra799@gmail.com
LinkedIn: https://www.linkedin.com/in/adityamehra07",mailto:enquiry@manpowergroup.com?subject=Application%3A%20Business%20Operations%20Support%20Associate%20%28Freshers%202026%20Batch%29%20-%20Aditya%20Mehra&body=Dear%20Hiring%20Team%2C%0A%0AI%20hope%20you%20are%20doing%20well.%0A%0AI%20am%20a%20fresh%20graduate%20from%20Dayananda%20Sagar%20University%2C%20Bangalore%20%28BBA%20in%20International%20Business%2C%20Class%20of%202026%29.%20I%20am%20writing%20to%20apply%20for%20the%20Business%20Operations%20Support%20Associate%20fresher%20intake%20drive%20at%20ManpowerGroup%20India%20%28Bangalore%20Branch%29.%0A%0ADuring%20my%20studies%2C%20I%20have%20focused%20on%20operations%20management%2C%20process%20documentation%2C%20and%20Excel%20reporting.%20I%20am%20comfortable%20with%20daily%20operations%2C%20team%20coordination%2C%20and%20standard%20shift%20windows.%0A%0AKey%20highlights%3A%0A-%20Fresh%20BBA%20graduate%20%28Class%20of%202026%29%2C%20fast%20learner%2C%20ready%20to%20contribute%20from%20Day%201.%0A-%20Comfortable%20with%20MS%20Excel%2C%20routine%20reporting%2C%20and%20workflow%20coordination.%0A-%20Locally%20based%20in%20Bangalore%20and%20available%20to%20join%20immediately%20for%20an%20on-site%20role%20at%20your%20Dickenson%20Road%20%2F%20MG%20Road%20Corridor%2C%20Bengaluru%20campus.%0A%0AI%20have%20attached%20my%20application%20and%20would%20be%20grateful%20for%20an%20opportunity%20to%20attend%20the%20screening%20drive%20or%20interview.%0A%0AThank%20you%20very%20much.%0A%0AWarm%20regards%2C%0AAditya%20Mehra%0APhone%3A%20%2B91%2070034%2056624%0AEmail%3A%20adityamehra799%40gmail.com%0ALinkedIn%3A%20https%3A%2F%2Fwww.linkedin.com%2Fin%2Fadityamehra07,"Hi, I'm a fresh BBA graduate from DSU Bangalore interested in the Business Operations Support Associate intake drive at ManpowerGroup India (Bangalore Branch). Would love to connect and follow updates!",
BLR-JOB-018,Google India,Business Development & Client Operations Lead,9.1,Tier 2: High Conversion,Bengaluru / Bangalore,Curated MNC & GCC Pipeline,21,Saumya Mehrotra,Recruiter at Google,https://www.linkedin.com/in/saumya-mehrotra-666a26274,Rachana Kamath,Product Support Manager (GPay),https://careers.google.com/,Application: Entry-Level / Operations Trainee - Aditya Mehra (DSU Bangalore),"Dear Saumya,

I hope you are doing well.

I am a fresh graduate from Dayananda Sagar University, Bangalore (BBA in International Business, Class of 2026). I am writing to express my interest in entry-level openings or graduate trainee roles in Operations and Business Support at Google India.

During my studies and internships, I have gained practical exposure to operations coordination, daily documentation, and reporting. I am comfortable with MS Excel, team coordination, and handling routine operational tasks with high attention to detail.

Key points about me:
- Fresh BBA graduate, quick learner, and eager to contribute to ground operations.
- Comfortable with Excel, process follow-ups, and documentation.
- Locally based in Bangalore and available to join immediately for an on-site role.

I would be truly grateful for an opportunity to connect and share my resume with your team.

Thank you very much for your time and consideration.

Warm regards,
Aditya Mehra
Phone: +91 70034 56624
Email: adityamehra799@gmail.com
Location: Bengaluru, Karnataka
LinkedIn: https://www.linkedin.com/in/adityamehra07",mailto:careers@googleindia.com?subject=Application%3A%20Entry-Level%20%2F%20Operations%20Trainee%20-%20Aditya%20Mehra%20%28DSU%20Bangalore%29&body=Dear%20Saumya%2C%0A%0AI%20hope%20you%20are%20doing%20well.%0A%0AI%20am%20a%20fresh%20graduate%20from%20Dayananda%20Sagar%20University%2C%20Bangalore%20%28BBA%20in%20International%20Business%2C%20Class%20of%202026%29.%20I%20am%20writing%20to%20express%20my%20interest%20in%20entry-level%20openings%20or%20graduate%20trainee%20roles%20in%20Operations%20and%20Business%20Support%20at%20Google%20India.%0A%0ADuring%20my%20studies%20and%20internships%2C%20I%20have%20gained%20practical%20exposure%20to%20operations%20coordination%2C%20daily%20documentation%2C%20and%20reporting.%20I%20am%20comfortable%20with%20MS%20Excel%2C%20team%20coordination%2C%20and%20handling%20routine%20operational%20tasks%20with%20high%20attention%20to%20detail.%0A%0AKey%20points%20about%20me%3A%0A-%20Fresh%20BBA%20graduate%2C%20quick%20learner%2C%20and%20eager%20to%20contribute%20to%20ground%20operations.%0A-%20Comfortable%20with%20Excel%2C%20process%20follow-ups%2C%20and%20documentation.%0A-%20Locally%20based%20in%20Bangalore%20and%20available%20to%20join%20immediately%20for%20an%20on-site%20role.%0A%0AI%20would%20be%20truly%20grateful%20for%20an%20opportunity%20to%20connect%20and%20share%20my%20resume%20with%20your%20team.%0A%0AThank%20you%20very%20much%20for%20your%20time%20and%20consideration.%0A%0AWarm%20regards%2C%0AAditya%20Mehra%0APhone%3A%20%2B91%2070034%2056624%0AEmail%3A%20adityamehra799%40gmail.com%0ALocation%3A%20Bengaluru%2C%20Karnataka%0ALinkedIn%3A%20https%3A%2F%2Fwww.linkedin.com%2Fin%2Fadityamehra07,"Hi Saumya, I'm a fresh BBA graduate from DSU Bangalore eager to explore entry-level operations and business support roles at Google India. Would love to connect and follow your team's updates!","Hi Rachana, I noticed you're at Google India. I'm a fresh BBA graduate from DSU Bangalore applying for Business Development & Client Operations Lead. Would you be open to sharing any advice or referring me internally? Thank you so much!"
BLR-JOB-019,Microsoft India,Business Operations Analyst,9.1,Tier 2: High Conversion,Bengaluru / Bangalore,Curated MNC & GCC Pipeline,12,Ashwini Ramdas,Senior Manager Talent Acquisition,https://www.linkedin.com/in/ashwini-ramdas-41249a66,Kashish Mishra,Product Manager,https://careers.microsoft.com/,Application: Entry-Level / Operations Trainee - Aditya Mehra (DSU Bangalore),"Dear Ashwini,

I hope you are doing well.

I am a fresh graduate from Dayananda Sagar University, Bangalore (BBA in International Business, Class of 2026). I am writing to express my interest in entry-level openings or graduate trainee roles in Operations and Business Support at Microsoft India.

During my studies and internships, I have gained practical exposure to operations coordination, daily documentation, and reporting. I am comfortable with MS Excel, team coordination, and handling routine operational tasks with high attention to detail.

Key points about me:
- Fresh BBA graduate, quick learner, and eager to contribute to ground operations.
- Comfortable with Excel, process follow-ups, and documentation.
- Locally based in Bangalore and available to join immediately for an on-site role.

I would be truly grateful for an opportunity to connect and share my resume with your team.

Thank you very much for your time and consideration.

Warm regards,
Aditya Mehra
Phone: +91 70034 56624
Email: adityamehra799@gmail.com
Location: Bengaluru, Karnataka
LinkedIn: https://www.linkedin.com/in/adityamehra07",mailto:careers@microsoftindia.com?subject=Application%3A%20Entry-Level%20%2F%20Operations%20Trainee%20-%20Aditya%20Mehra%20%28DSU%20Bangalore%29&body=Dear%20Ashwini%2C%0A%0AI%20hope%20you%20are%20doing%20well.%0A%0AI%20am%20a%20fresh%20graduate%20from%20Dayananda%20Sagar%20University%2C%20Bangalore%20%28BBA%20in%20International%20Business%2C%20Class%20of%202026%29.%20I%20am%20writing%20to%20express%20my%20interest%20in%20entry-level%20openings%20or%20graduate%20trainee%20roles%20in%20Operations%20and%20Business%20Support%20at%20Microsoft%20India.%0A%0ADuring%20my%20studies%20and%20internships%2C%20I%20have%20gained%20practical%20exposure%20to%20operations%20coordination%2C%20daily%20documentation%2C%20and%20reporting.%20I%20am%20comfortable%20with%20MS%20Excel%2C%20team%20coordination%2C%20and%20handling%20routine%20operational%20tasks%20with%20high%20attention%20to%20detail.%0A%0AKey%20points%20about%20me%3A%0A-%20Fresh%20BBA%20graduate%2C%20quick%20learner%2C%20and%20eager%20to%20contribute%20to%20ground%20operations.%0A-%20Comfortable%20with%20Excel%2C%20process%20follow-ups%2C%20and%20documentation.%0A-%20Locally%20based%20in%20Bangalore%20and%20available%20to%20join%20immediately%20for%20an%20on-site%20role.%0A%0AI%20would%20be%20truly%20grateful%20for%20an%20opportunity%20to%20connect%20and%20share%20my%20resume%20with%20your%20team.%0A%0AThank%20you%20very%20much%20for%20your%20time%20and%20consideration.%0A%0AWarm%20regards%2C%0AAditya%20Mehra%0APhone%3A%20%2B91%2070034%2056624%0AEmail%3A%20adityamehra799%40gmail.com%0ALocation%3A%20Bengaluru%2C%20Karnataka%0ALinkedIn%3A%20https%3A%2F%2Fwww.linkedin.com%2Fin%2Fadityamehra07,"Hi Ashwini, I'm a fresh BBA graduate from DSU Bangalore eager to explore entry-level operations and business support roles at Microsoft India. Would love to connect and follow your team's updates!","Hi Kashish, I noticed you're at Microsoft India. I'm a fresh BBA graduate from DSU Bangalore applying for Business Operations Analyst. Would you be open to sharing any advice or referring me internally? Thank you so much!"
BLR-JOB-020,Apple India,Retail Operations & Supply Chain Specialist,9.0,Tier 2: High Conversion,Bengaluru / Bangalore,Curated MNC & GCC Pipeline,5,Campus Talent Team,Talent Acquisition Lead,https://www.linkedin.com/search/results/people/?keywords=Apple%20India%20HR%20Bangalore,Sneha Sarkar,Social Media Marketing Intern,https://www.apple.com/careers/in/,Application: Entry-Level / Operations Trainee - Aditya Mehra (DSU Bangalore),"Dear Hiring Team,

I hope you are doing well.

I am a fresh graduate from Dayananda Sagar University, Bangalore (BBA in International Business, Class of 2026). I am writing to express my interest in entry-level openings or graduate trainee roles in Operations and Business Support at Apple India.

During my studies and internships, I have gained practical exposure to operations coordination, daily documentation, and reporting. I am comfortable with MS Excel, team coordination, and handling routine operational tasks with high attention to detail.

Key points about me:
- Fresh BBA graduate, quick learner, and eager to contribute to ground operations.
- Comfortable with Excel, process follow-ups, and documentation.
- Locally based in Bangalore and available to join immediately for an on-site role.

I would be truly grateful for an opportunity to connect and share my resume with your team.

Thank you very much for your time and consideration.

Warm regards,
Aditya Mehra
Phone: +91 70034 56624
Email: adityamehra799@gmail.com
Location: Bengaluru, Karnataka
LinkedIn: https://www.linkedin.com/in/adityamehra07",mailto:careers@appleindia.com?subject=Application%3A%20Entry-Level%20%2F%20Operations%20Trainee%20-%20Aditya%20Mehra%20%28DSU%20Bangalore%29&body=Dear%20Hiring%20Team%2C%0A%0AI%20hope%20you%20are%20doing%20well.%0A%0AI%20am%20a%20fresh%20graduate%20from%20Dayananda%20Sagar%20University%2C%20Bangalore%20%28BBA%20in%20International%20Business%2C%20Class%20of%202026%29.%20I%20am%20writing%20to%20express%20my%20interest%20in%20entry-level%20openings%20or%20graduate%20trainee%20roles%20in%20Operations%20and%20Business%20Support%20at%20Apple%20India.%0A%0ADuring%20my%20studies%20and%20internships%2C%20I%20have%20gained%20practical%20exposure%20to%20operations%20coordination%2C%20daily%20documentation%2C%20and%20reporting.%20I%20am%20comfortable%20with%20MS%20Excel%2C%20team%20coordination%2C%20and%20handling%20routine%20operational%20tasks%20with%20high%20attention%20to%20detail.%0A%0AKey%20points%20about%20me%3A%0A-%20Fresh%20BBA%20graduate%2C%20quick%20learner%2C%20and%20eager%20to%20contribute%20to%20ground%20operations.%0A-%20Comfortable%20with%20Excel%2C%20process%20follow-ups%2C%20and%20documentation.%0A-%20Locally%20based%20in%20Bangalore%20and%20available%20to%20join%20immediately%20for%20an%20on-site%20role.%0A%0AI%20would%20be%20truly%20grateful%20for%20an%20opportunity%20to%20connect%20and%20share%20my%20resume%20with%20your%20team.%0A%0AThank%20you%20very%20much%20for%20your%20time%20and%20consideration.%0A%0AWarm%20regards%2C%0AAditya%20Mehra%0APhone%3A%20%2B91%2070034%2056624%0AEmail%3A%20adityamehra799%40gmail.com%0ALocation%3A%20Bengaluru%2C%20Karnataka%0ALinkedIn%3A%20https%3A%2F%2Fwww.linkedin.com%2Fin%2Fadityamehra07,"Hi Hiring Team, I'm a fresh BBA graduate from DSU Bangalore eager to explore entry-level operations and business support roles at Apple India. Would love to connect and follow your team's updates!","Hi Sneha, I noticed you're at Apple India. I'm a fresh BBA graduate from DSU Bangalore applying for Retail Operations & Supply Chain Specialist. Would you be open to sharing any advice or referring me internally? Thank you so much!"
BLR-JOB-021,DHL Express,Export-Import Freight Operations Associate,9.0,Tier 2: High Conversion,Bengaluru / Bangalore,Curated MNC & GCC Pipeline,1,Campus Talent Team,Talent Acquisition Lead,https://www.linkedin.com/search/results/people/?keywords=DHL%20Express%20HR%20Bangalore,Anisha Panda,Account Manager eCommerce,https://www.dhl.com/in-en/home/careers.html,Application: Entry-Level / Operations Trainee - Aditya Mehra (DSU Bangalore),"Dear Hiring Team,

I hope you are doing well.

I am a fresh graduate from Dayananda Sagar University, Bangalore (BBA in International Business, Class of 2026). I am writing to express my interest in entry-level openings or graduate trainee roles in Operations and Business Support at DHL Express.

During my studies and internships, I have gained practical exposure to operations coordination, daily documentation, and reporting. I am comfortable with MS Excel, team coordination, and handling routine operational tasks with high attention to detail.

Key points about me:
- Fresh BBA graduate, quick learner, and eager to contribute to ground operations.
- Comfortable with Excel, process follow-ups, and documentation.
- Locally based in Bangalore and available to join immediately for an on-site role.

I would be truly grateful for an opportunity to connect and share my resume with your team.

Thank you very much for your time and consideration.

Warm regards,
Aditya Mehra
Phone: +91 70034 56624
Email: adityamehra799@gmail.com
Location: Bengaluru, Karnataka
LinkedIn: https://www.linkedin.com/in/adityamehra07",mailto:careers@dhlexpress.com?subject=Application%3A%20Entry-Level%20%2F%20Operations%20Trainee%20-%20Aditya%20Mehra%20%28DSU%20Bangalore%29&body=Dear%20Hiring%20Team%2C%0A%0AI%20hope%20you%20are%20doing%20well.%0A%0AI%20am%20a%20fresh%20graduate%20from%20Dayananda%20Sagar%20University%2C%20Bangalore%20%28BBA%20in%20International%20Business%2C%20Class%20of%202026%29.%20I%20am%20writing%20to%20express%20my%20interest%20in%20entry-level%20openings%20or%20graduate%20trainee%20roles%20in%20Operations%20and%20Business%20Support%20at%20DHL%20Express.%0A%0ADuring%20my%20studies%20and%20internships%2C%20I%20have%20gained%20practical%20exposure%20to%20operations%20coordination%2C%20daily%20documentation%2C%20and%20reporting.%20I%20am%20comfortable%20with%20MS%20Excel%2C%20team%20coordination%2C%20and%20handling%20routine%20operational%20tasks%20with%20high%20attention%20to%20detail.%0A%0AKey%20points%20about%20me%3A%0A-%20Fresh%20BBA%20graduate%2C%20quick%20learner%2C%20and%20eager%20to%20contribute%20to%20ground%20operations.%0A-%20Comfortable%20with%20Excel%2C%20process%20follow-ups%2C%20and%20documentation.%0A-%20Locally%20based%20in%20Bangalore%20and%20available%20to%20join%20immediately%20for%20an%20on-site%20role.%0A%0AI%20would%20be%20truly%20grateful%20for%20an%20opportunity%20to%20connect%20and%20share%20my%20resume%20with%20your%20team.%0A%0AThank%20you%20very%20much%20for%20your%20time%20and%20consideration.%0A%0AWarm%20regards%2C%0AAditya%20Mehra%0APhone%3A%20%2B91%2070034%2056624%0AEmail%3A%20adityamehra799%40gmail.com%0ALocation%3A%20Bengaluru%2C%20Karnataka%0ALinkedIn%3A%20https%3A%2F%2Fwww.linkedin.com%2Fin%2Fadityamehra07,"Hi Hiring Team, I'm a fresh BBA graduate from DSU Bangalore eager to explore entry-level operations and business support roles at DHL Express. Would love to connect and follow your team's updates!","Hi Anisha, I noticed you're at DHL Express. I'm a fresh BBA graduate from DSU Bangalore applying for Export-Import Freight Operations Associate. Would you be open to sharing any advice or referring me internally? Thank you so much!"
BLR-JOB-022,Maersk Line,Ocean Logistics & Supply Chain Trainee,9.0,Tier 2: High Conversion,Bengaluru / Bangalore,Curated MNC & GCC Pipeline,0,Campus Talent Team,Talent Acquisition Lead,https://www.linkedin.com/search/results/people/?keywords=Maersk%20Line%20HR%20Bangalore,,,https://www.maersk.com/careers,Application: Entry-Level / Operations Trainee - Aditya Mehra (DSU Bangalore),"Dear Hiring Team,

I hope you are doing well.

I am a fresh graduate from Dayananda Sagar University, Bangalore (BBA in International Business, Class of 2026). I am writing to express my interest in entry-level openings or graduate trainee roles in Operations and Business Support at Maersk Line.

During my studies and internships, I have gained practical exposure to operations coordination, daily documentation, and reporting. I am comfortable with MS Excel, team coordination, and handling routine operational tasks with high attention to detail.

Key points about me:
- Fresh BBA graduate, quick learner, and eager to contribute to ground operations.
- Comfortable with Excel, process follow-ups, and documentation.
- Locally based in Bangalore and available to join immediately for an on-site role.

I would be truly grateful for an opportunity to connect and share my resume with your team.

Thank you very much for your time and consideration.

Warm regards,
Aditya Mehra
Phone: +91 70034 56624
Email: adityamehra799@gmail.com
Location: Bengaluru, Karnataka
LinkedIn: https://www.linkedin.com/in/adityamehra07",mailto:careers@maerskline.com?subject=Application%3A%20Entry-Level%20%2F%20Operations%20Trainee%20-%20Aditya%20Mehra%20%28DSU%20Bangalore%29&body=Dear%20Hiring%20Team%2C%0A%0AI%20hope%20you%20are%20doing%20well.%0A%0AI%20am%20a%20fresh%20graduate%20from%20Dayananda%20Sagar%20University%2C%20Bangalore%20%28BBA%20in%20International%20Business%2C%20Class%20of%202026%29.%20I%20am%20writing%20to%20express%20my%20interest%20in%20entry-level%20openings%20or%20graduate%20trainee%20roles%20in%20Operations%20and%20Business%20Support%20at%20Maersk%20Line.%0A%0ADuring%20my%20studies%20and%20internships%2C%20I%20have%20gained%20practical%20exposure%20to%20operations%20coordination%2C%20daily%20documentation%2C%20and%20reporting.%20I%20am%20comfortable%20with%20MS%20Excel%2C%20team%20coordination%2C%20and%20handling%20routine%20operational%20tasks%20with%20high%20attention%20to%20detail.%0A%0AKey%20points%20about%20me%3A%0A-%20Fresh%20BBA%20graduate%2C%20quick%20learner%2C%20and%20eager%20to%20contribute%20to%20ground%20operations.%0A-%20Comfortable%20with%20Excel%2C%20process%20follow-ups%2C%20and%20documentation.%0A-%20Locally%20based%20in%20Bangalore%20and%20available%20to%20join%20immediately%20for%20an%20on-site%20role.%0A%0AI%20would%20be%20truly%20grateful%20for%20an%20opportunity%20to%20connect%20and%20share%20my%20resume%20with%20your%20team.%0A%0AThank%20you%20very%20much%20for%20your%20time%20and%20consideration.%0A%0AWarm%20regards%2C%0AAditya%20Mehra%0APhone%3A%20%2B91%2070034%2056624%0AEmail%3A%20adityamehra799%40gmail.com%0ALocation%3A%20Bengaluru%2C%20Karnataka%0ALinkedIn%3A%20https%3A%2F%2Fwww.linkedin.com%2Fin%2Fadityamehra07,"Hi Hiring Team, I'm a fresh BBA graduate from DSU Bangalore eager to explore entry-level operations and business support roles at Maersk Line. Would love to connect and follow your team's updates!","Hi Colleague, I noticed you're at Maersk Line. I'm a fresh BBA graduate from DSU Bangalore applying for Ocean Logistics & Supply Chain Trainee. Would you be open to sharing any advice or referring me internally? Thank you so much!"
BLR-JOB-023,Grant Thornton INDUS,Business Advisory & EXIM Audit Analyst,9.0,Tier 2: High Conversion,Bengaluru / Bangalore,Curated MNC & GCC Pipeline,3,Campus Talent Team,Talent Acquisition Lead,https://www.linkedin.com/search/results/people/?keywords=Grant%20Thornton%20INDUS%20HR%20Bangalore,Sri Poojitha,Partner's Office Intern,https://www.grantthornton.in/careers/,Application: Entry-Level / Operations Trainee - Aditya Mehra (DSU Bangalore),"Dear Hiring Team,

I hope you are doing well.

I am a fresh graduate from Dayananda Sagar University, Bangalore (BBA in International Business, Class of 2026). I am writing to express my interest in entry-level openings or graduate trainee roles in Operations and Business Support at Grant Thornton INDUS.

During my studies and internships, I have gained practical exposure to operations coordination, daily documentation, and reporting. I am comfortable with MS Excel, team coordination, and handling routine operational tasks with high attention to detail.

Key points about me:
- Fresh BBA graduate, quick learner, and eager to contribute to ground operations.
- Comfortable with Excel, process follow-ups, and documentation.
- Locally based in Bangalore and available to join immediately for an on-site role.

I would be truly grateful for an opportunity to connect and share my resume with your team.

Thank you very much for your time and consideration.

Warm regards,
Aditya Mehra
Phone: +91 70034 56624
Email: adityamehra799@gmail.com
Location: Bengaluru, Karnataka
LinkedIn: https://www.linkedin.com/in/adityamehra07",mailto:careers@grantthorntonindus.com?subject=Application%3A%20Entry-Level%20%2F%20Operations%20Trainee%20-%20Aditya%20Mehra%20%28DSU%20Bangalore%29&body=Dear%20Hiring%20Team%2C%0A%0AI%20hope%20you%20are%20doing%20well.%0A%0AI%20am%20a%20fresh%20graduate%20from%20Dayananda%20Sagar%20University%2C%20Bangalore%20%28BBA%20in%20International%20Business%2C%20Class%20of%202026%29.%20I%20am%20writing%20to%20express%20my%20interest%20in%20entry-level%20openings%20or%20graduate%20trainee%20roles%20in%20Operations%20and%20Business%20Support%20at%20Grant%20Thornton%20INDUS.%0A%0ADuring%20my%20studies%20and%20internships%2C%20I%20have%20gained%20practical%20exposure%20to%20operations%20coordination%2C%20daily%20documentation%2C%20and%20reporting.%20I%20am%20comfortable%20with%20MS%20Excel%2C%20team%20coordination%2C%20and%20handling%20routine%20operational%20tasks%20with%20high%20attention%20to%20detail.%0A%0AKey%20points%20about%20me%3A%0A-%20Fresh%20BBA%20graduate%2C%20quick%20learner%2C%20and%20eager%20to%20contribute%20to%20ground%20operations.%0A-%20Comfortable%20with%20Excel%2C%20process%20follow-ups%2C%20and%20documentation.%0A-%20Locally%20based%20in%20Bangalore%20and%20available%20to%20join%20immediately%20for%20an%20on-site%20role.%0A%0AI%20would%20be%20truly%20grateful%20for%20an%20opportunity%20to%20connect%20and%20share%20my%20resume%20with%20your%20team.%0A%0AThank%20you%20very%20much%20for%20your%20time%20and%20consideration.%0A%0AWarm%20regards%2C%0AAditya%20Mehra%0APhone%3A%20%2B91%2070034%2056624%0AEmail%3A%20adityamehra799%40gmail.com%0ALocation%3A%20Bengaluru%2C%20Karnataka%0ALinkedIn%3A%20https%3A%2F%2Fwww.linkedin.com%2Fin%2Fadityamehra07,"Hi Hiring Team, I'm a fresh BBA graduate from DSU Bangalore eager to explore entry-level operations and business support roles at Grant Thornton INDUS. Would love to connect and follow your team's updates!","Hi Sri, I noticed you're at Grant Thornton INDUS. I'm a fresh BBA graduate from DSU Bangalore applying for Business Advisory & EXIM Audit Analyst. Would you be open to sharing any advice or referring me internally? Thank you so much!"
BLR-JOB-024,Walmart Global Tech,Supply Chain & Retail Operations Analyst,9.0,Tier 2: High Conversion,Bengaluru / Bangalore,Curated MNC & GCC Pipeline,6,Ammini Swetha Ravindran,Talent Partner,https://www.linkedin.com/in/ammini-swetha-ravindran-3a943a9a,Aneena Joseph,Resolution coordinator,https://careers.walmart.com/,Application: Entry-Level / Operations Trainee - Aditya Mehra (DSU Bangalore),"Dear Ammini,

I hope you are doing well.

I am a fresh graduate from Dayananda Sagar University, Bangalore (BBA in International Business, Class of 2026). I am writing to express my interest in entry-level openings or graduate trainee roles in Operations and Business Support at Walmart Global Tech.

During my studies and internships, I have gained practical exposure to operations coordination, daily documentation, and reporting. I am comfortable with MS Excel, team coordination, and handling routine operational tasks with high attention to detail.

Key points about me:
- Fresh BBA graduate, quick learner, and eager to contribute to ground operations.
- Comfortable with Excel, process follow-ups, and documentation.
- Locally based in Bangalore and available to join immediately for an on-site role.

I would be truly grateful for an opportunity to connect and share my resume with your team.

Thank you very much for your time and consideration.

Warm regards,
Aditya Mehra
Phone: +91 70034 56624
Email: adityamehra799@gmail.com
Location: Bengaluru, Karnataka
LinkedIn: https://www.linkedin.com/in/adityamehra07",mailto:careers@walmartglobaltech.com?subject=Application%3A%20Entry-Level%20%2F%20Operations%20Trainee%20-%20Aditya%20Mehra%20%28DSU%20Bangalore%29&body=Dear%20Ammini%2C%0A%0AI%20hope%20you%20are%20doing%20well.%0A%0AI%20am%20a%20fresh%20graduate%20from%20Dayananda%20Sagar%20University%2C%20Bangalore%20%28BBA%20in%20International%20Business%2C%20Class%20of%202026%29.%20I%20am%20writing%20to%20express%20my%20interest%20in%20entry-level%20openings%20or%20graduate%20trainee%20roles%20in%20Operations%20and%20Business%20Support%20at%20Walmart%20Global%20Tech.%0A%0ADuring%20my%20studies%20and%20internships%2C%20I%20have%20gained%20practical%20exposure%20to%20operations%20coordination%2C%20daily%20documentation%2C%20and%20reporting.%20I%20am%20comfortable%20with%20MS%20Excel%2C%20team%20coordination%2C%20and%20handling%20routine%20operational%20tasks%20with%20high%20attention%20to%20detail.%0A%0AKey%20points%20about%20me%3A%0A-%20Fresh%20BBA%20graduate%2C%20quick%20learner%2C%20and%20eager%20to%20contribute%20to%20ground%20operations.%0A-%20Comfortable%20with%20Excel%2C%20process%20follow-ups%2C%20and%20documentation.%0A-%20Locally%20based%20in%20Bangalore%20and%20available%20to%20join%20immediately%20for%20an%20on-site%20role.%0A%0AI%20would%20be%20truly%20grateful%20for%20an%20opportunity%20to%20connect%20and%20share%20my%20resume%20with%20your%20team.%0A%0AThank%20you%20very%20much%20for%20your%20time%20and%20consideration.%0A%0AWarm%20regards%2C%0AAditya%20Mehra%0APhone%3A%20%2B91%2070034%2056624%0AEmail%3A%20adityamehra799%40gmail.com%0ALocation%3A%20Bengaluru%2C%20Karnataka%0ALinkedIn%3A%20https%3A%2F%2Fwww.linkedin.com%2Fin%2Fadityamehra07,"Hi Ammini, I'm a fresh BBA graduate from DSU Bangalore eager to explore entry-level operations and business support roles at Walmart Global Tech. Would love to connect and follow your team's updates!","Hi Aneena, I noticed you're at Walmart Global Tech. I'm a fresh BBA graduate from DSU Bangalore applying for Supply Chain & Retail Operations Analyst. Would you be open to sharing any advice or referring me internally? Thank you so much!"
BLR-JOB-025,Honeywell India,Business Operations Associate,9.0,Tier 2: High Conversion,Bengaluru / Bangalore,Curated MNC & GCC Pipeline,120,Jasmin Shaik,Talent Acquisition Specialist,https://www.linkedin.com/in/jasmin-shaik-b7642a190,Suman Thakur,Finance Manager,https://careers.honeywell.com/,Application: Entry-Level / Operations Trainee - Aditya Mehra (DSU Bangalore),"Dear Jasmin,

I hope you are doing well.

I am a fresh graduate from Dayananda Sagar University, Bangalore (BBA in International Business, Class of 2026). I am writing to express my interest in entry-level openings or graduate trainee roles in Operations and Business Support at Honeywell India.

During my studies and internships, I have gained practical exposure to operations coordination, daily documentation, and reporting. I am comfortable with MS Excel, team coordination, and handling routine operational tasks with high attention to detail.

Key points about me:
- Fresh BBA graduate, quick learner, and eager to contribute to ground operations.
- Comfortable with Excel, process follow-ups, and documentation.
- Locally based in Bangalore and available to join immediately for an on-site role.

I would be truly grateful for an opportunity to connect and share my resume with your team.

Thank you very much for your time and consideration.

Warm regards,
Aditya Mehra
Phone: +91 70034 56624
Email: adityamehra799@gmail.com
Location: Bengaluru, Karnataka
LinkedIn: https://www.linkedin.com/in/adityamehra07",mailto:careers@honeywellindia.com?subject=Application%3A%20Entry-Level%20%2F%20Operations%20Trainee%20-%20Aditya%20Mehra%20%28DSU%20Bangalore%29&body=Dear%20Jasmin%2C%0A%0AI%20hope%20you%20are%20doing%20well.%0A%0AI%20am%20a%20fresh%20graduate%20from%20Dayananda%20Sagar%20University%2C%20Bangalore%20%28BBA%20in%20International%20Business%2C%20Class%20of%202026%29.%20I%20am%20writing%20to%20express%20my%20interest%20in%20entry-level%20openings%20or%20graduate%20trainee%20roles%20in%20Operations%20and%20Business%20Support%20at%20Honeywell%20India.%0A%0ADuring%20my%20studies%20and%20internships%2C%20I%20have%20gained%20practical%20exposure%20to%20operations%20coordination%2C%20daily%20documentation%2C%20and%20reporting.%20I%20am%20comfortable%20with%20MS%20Excel%2C%20team%20coordination%2C%20and%20handling%20routine%20operational%20tasks%20with%20high%20attention%20to%20detail.%0A%0AKey%20points%20about%20me%3A%0A-%20Fresh%20BBA%20graduate%2C%20quick%20learner%2C%20and%20eager%20to%20contribute%20to%20ground%20operations.%0A-%20Comfortable%20with%20Excel%2C%20process%20follow-ups%2C%20and%20documentation.%0A-%20Locally%20based%20in%20Bangalore%20and%20available%20to%20join%20immediately%20for%20an%20on-site%20role.%0A%0AI%20would%20be%20truly%20grateful%20for%20an%20opportunity%20to%20connect%20and%20share%20my%20resume%20with%20your%20team.%0A%0AThank%20you%20very%20much%20for%20your%20time%20and%20consideration.%0A%0AWarm%20regards%2C%0AAditya%20Mehra%0APhone%3A%20%2B91%2070034%2056624%0AEmail%3A%20adityamehra799%40gmail.com%0ALocation%3A%20Bengaluru%2C%20Karnataka%0ALinkedIn%3A%20https%3A%2F%2Fwww.linkedin.com%2Fin%2Fadityamehra07,"Hi Jasmin, I'm a fresh BBA graduate from DSU Bangalore eager to explore entry-level operations and business support roles at Honeywell India. Would love to connect and follow your team's updates!","Hi Suman, I noticed you're at Honeywell India. I'm a fresh BBA graduate from DSU Bangalore applying for Business Operations Associate. Would you be open to sharing any advice or referring me internally? Thank you so much!"
BLR-JOB-026,Schneider Electric,Global Supply Chain Executive,9.0,Tier 2: High Conversion,Bengaluru / Bangalore,Curated MNC & GCC Pipeline,5,Campus Talent Team,Talent Acquisition Lead,https://www.linkedin.com/search/results/people/?keywords=Schneider%20Electric%20HR%20Bangalore,Annyaee Dey,Sales Manager,https://www.se.com/in/en/about-us/careers/,Application: Entry-Level / Operations Trainee - Aditya Mehra (DSU Bangalore),"Dear Hiring Team,

I hope you are doing well.

I am a fresh graduate from Dayananda Sagar University, Bangalore (BBA in International Business, Class of 2026). I am writing to express my interest in entry-level openings or graduate trainee roles in Operations and Business Support at Schneider Electric.

During my studies and internships, I have gained practical exposure to operations coordination, daily documentation, and reporting. I am comfortable with MS Excel, team coordination, and handling routine operational tasks with high attention to detail.

Key points about me:
- Fresh BBA graduate, quick learner, and eager to contribute to ground operations.
- Comfortable with Excel, process follow-ups, and documentation.
- Locally based in Bangalore and available to join immediately for an on-site role.

I would be truly grateful for an opportunity to connect and share my resume with your team.

Thank you very much for your time and consideration.

Warm regards,
Aditya Mehra
Phone: +91 70034 56624
Email: adityamehra799@gmail.com
Location: Bengaluru, Karnataka
LinkedIn: https://www.linkedin.com/in/adityamehra07",mailto:careers@schneiderelectric.com?subject=Application%3A%20Entry-Level%20%2F%20Operations%20Trainee%20-%20Aditya%20Mehra%20%28DSU%20Bangalore%29&body=Dear%20Hiring%20Team%2C%0A%0AI%20hope%20you%20are%20doing%20well.%0A%0AI%20am%20a%20fresh%20graduate%20from%20Dayananda%20Sagar%20University%2C%20Bangalore%20%28BBA%20in%20International%20Business%2C%20Class%20of%202026%29.%20I%20am%20writing%20to%20express%20my%20interest%20in%20entry-level%20openings%20or%20graduate%20trainee%20roles%20in%20Operations%20and%20Business%20Support%20at%20Schneider%20Electric.%0A%0ADuring%20my%20studies%20and%20internships%2C%20I%20have%20gained%20practical%20exposure%20to%20operations%20coordination%2C%20daily%20documentation%2C%20and%20reporting.%20I%20am%20comfortable%20with%20MS%20Excel%2C%20team%20coordination%2C%20and%20handling%20routine%20operational%20tasks%20with%20high%20attention%20to%20detail.%0A%0AKey%20points%20about%20me%3A%0A-%20Fresh%20BBA%20graduate%2C%20quick%20learner%2C%20and%20eager%20to%20contribute%20to%20ground%20operations.%0A-%20Comfortable%20with%20Excel%2C%20process%20follow-ups%2C%20and%20documentation.%0A-%20Locally%20based%20in%20Bangalore%20and%20available%20to%20join%20immediately%20for%20an%20on-site%20role.%0A%0AI%20would%20be%20truly%20grateful%20for%20an%20opportunity%20to%20connect%20and%20share%20my%20resume%20with%20your%20team.%0A%0AThank%20you%20very%20much%20for%20your%20time%20and%20consideration.%0A%0AWarm%20regards%2C%0AAditya%20Mehra%0APhone%3A%20%2B91%2070034%2056624%0AEmail%3A%20adityamehra799%40gmail.com%0ALocation%3A%20Bengaluru%2C%20Karnataka%0ALinkedIn%3A%20https%3A%2F%2Fwww.linkedin.com%2Fin%2Fadityamehra07,"Hi Hiring Team, I'm a fresh BBA graduate from DSU Bangalore eager to explore entry-level operations and business support roles at Schneider Electric. Would love to connect and follow your team's updates!","Hi Annyaee, I noticed you're at Schneider Electric. I'm a fresh BBA graduate from DSU Bangalore applying for Global Supply Chain Executive. Would you be open to sharing any advice or referring me internally? Thank you so much!"
BLR-JOB-027,Bosch Ltd,Automotive Operations & Logistics Trainee,8.9,Tier 3: Core Opportunities,Bengaluru / Bangalore,Curated MNC & GCC Pipeline,16,Srinithi Dhishika,Management Trainee Human Resources,https://www.linkedin.com/in/srinithi-dhishika-07b2a7241,Nandini B N,Lead at Bosch,https://www.bosch.in/careers/,Application: Entry-Level / Operations Trainee - Aditya Mehra (DSU Bangalore),"Dear Srinithi,

I hope you are doing well.

I am a fresh graduate from Dayananda Sagar University, Bangalore (BBA in International Business, Class of 2026). I am writing to express my interest in entry-level openings or graduate trainee roles in Operations and Business Support at Bosch Ltd.

During my studies and internships, I have gained practical exposure to operations coordination, daily documentation, and reporting. I am comfortable with MS Excel, team coordination, and handling routine operational tasks with high attention to detail.

Key points about me:
- Fresh BBA graduate, quick learner, and eager to contribute to ground operations.
- Comfortable with Excel, process follow-ups, and documentation.
- Locally based in Bangalore and available to join immediately for an on-site role.

I would be truly grateful for an opportunity to connect and share my resume with your team.

Thank you very much for your time and consideration.

Warm regards,
Aditya Mehra
Phone: +91 70034 56624
Email: adityamehra799@gmail.com
Location: Bengaluru, Karnataka
LinkedIn: https://www.linkedin.com/in/adityamehra07",mailto:careers@boschltd.com?subject=Application%3A%20Entry-Level%20%2F%20Operations%20Trainee%20-%20Aditya%20Mehra%20%28DSU%20Bangalore%29&body=Dear%20Srinithi%2C%0A%0AI%20hope%20you%20are%20doing%20well.%0A%0AI%20am%20a%20fresh%20graduate%20from%20Dayananda%20Sagar%20University%2C%20Bangalore%20%28BBA%20in%20International%20Business%2C%20Class%20of%202026%29.%20I%20am%20writing%20to%20express%20my%20interest%20in%20entry-level%20openings%20or%20graduate%20trainee%20roles%20in%20Operations%20and%20Business%20Support%20at%20Bosch%20Ltd.%0A%0ADuring%20my%20studies%20and%20internships%2C%20I%20have%20gained%20practical%20exposure%20to%20operations%20coordination%2C%20daily%20documentation%2C%20and%20reporting.%20I%20am%20comfortable%20with%20MS%20Excel%2C%20team%20coordination%2C%20and%20handling%20routine%20operational%20tasks%20with%20high%20attention%20to%20detail.%0A%0AKey%20points%20about%20me%3A%0A-%20Fresh%20BBA%20graduate%2C%20quick%20learner%2C%20and%20eager%20to%20contribute%20to%20ground%20operations.%0A-%20Comfortable%20with%20Excel%2C%20process%20follow-ups%2C%20and%20documentation.%0A-%20Locally%20based%20in%20Bangalore%20and%20available%20to%20join%20immediately%20for%20an%20on-site%20role.%0A%0AI%20would%20be%20truly%20grateful%20for%20an%20opportunity%20to%20connect%20and%20share%20my%20resume%20with%20your%20team.%0A%0AThank%20you%20very%20much%20for%20your%20time%20and%20consideration.%0A%0AWarm%20regards%2C%0AAditya%20Mehra%0APhone%3A%20%2B91%2070034%2056624%0AEmail%3A%20adityamehra799%40gmail.com%0ALocation%3A%20Bengaluru%2C%20Karnataka%0ALinkedIn%3A%20https%3A%2F%2Fwww.linkedin.com%2Fin%2Fadityamehra07,"Hi Srinithi, I'm a fresh BBA graduate from DSU Bangalore eager to explore entry-level operations and business support roles at Bosch Ltd. Would love to connect and follow your team's updates!","Hi Nandini, I noticed you're at Bosch Ltd. I'm a fresh BBA graduate from DSU Bangalore applying for Automotive Operations & Logistics Trainee. Would you be open to sharing any advice or referring me internally? Thank you so much!"
BLR-JOB-028,Siemens India,Industrial Operations & Business Support,8.9,Tier 3: Core Opportunities,Bengaluru / Bangalore,Curated MNC & GCC Pipeline,8,Tanushree Dey,Talent Acquisition Partner,https://www.linkedin.com/in/tanushreedey,Emily N Poothully,Global Finance Operations Intern,https://jobs.siemens.com/,Application: Entry-Level / Operations Trainee - Aditya Mehra (DSU Bangalore),"Dear Tanushree,

I hope you are doing well.

I am a fresh graduate from Dayananda Sagar University, Bangalore (BBA in International Business, Class of 2026). I am writing to express my interest in entry-level openings or graduate trainee roles in Operations and Business Support at Siemens India.

During my studies and internships, I have gained practical exposure to operations coordination, daily documentation, and reporting. I am comfortable with MS Excel, team coordination, and handling routine operational tasks with high attention to detail.

Key points about me:
- Fresh BBA graduate, quick learner, and eager to contribute to ground operations.
- Comfortable with Excel, process follow-ups, and documentation.
- Locally based in Bangalore and available to join immediately for an on-site role.

I would be truly grateful for an opportunity to connect and share my resume with your team.

Thank you very much for your time and consideration.

Warm regards,
Aditya Mehra
Phone: +91 70034 56624
Email: adityamehra799@gmail.com
Location: Bengaluru, Karnataka
LinkedIn: https://www.linkedin.com/in/adityamehra07",mailto:careers@siemensindia.com?subject=Application%3A%20Entry-Level%20%2F%20Operations%20Trainee%20-%20Aditya%20Mehra%20%28DSU%20Bangalore%29&body=Dear%20Tanushree%2C%0A%0AI%20hope%20you%20are%20doing%20well.%0A%0AI%20am%20a%20fresh%20graduate%20from%20Dayananda%20Sagar%20University%2C%20Bangalore%20%28BBA%20in%20International%20Business%2C%20Class%20of%202026%29.%20I%20am%20writing%20to%20express%20my%20interest%20in%20entry-level%20openings%20or%20graduate%20trainee%20roles%20in%20Operations%20and%20Business%20Support%20at%20Siemens%20India.%0A%0ADuring%20my%20studies%20and%20internships%2C%20I%20have%20gained%20practical%20exposure%20to%20operations%20coordination%2C%20daily%20documentation%2C%20and%20reporting.%20I%20am%20comfortable%20with%20MS%20Excel%2C%20team%20coordination%2C%20and%20handling%20routine%20operational%20tasks%20with%20high%20attention%20to%20detail.%0A%0AKey%20points%20about%20me%3A%0A-%20Fresh%20BBA%20graduate%2C%20quick%20learner%2C%20and%20eager%20to%20contribute%20to%20ground%20operations.%0A-%20Comfortable%20with%20Excel%2C%20process%20follow-ups%2C%20and%20documentation.%0A-%20Locally%20based%20in%20Bangalore%20and%20available%20to%20join%20immediately%20for%20an%20on-site%20role.%0A%0AI%20would%20be%20truly%20grateful%20for%20an%20opportunity%20to%20connect%20and%20share%20my%20resume%20with%20your%20team.%0A%0AThank%20you%20very%20much%20for%20your%20time%20and%20consideration.%0A%0AWarm%20regards%2C%0AAditya%20Mehra%0APhone%3A%20%2B91%2070034%2056624%0AEmail%3A%20adityamehra799%40gmail.com%0ALocation%3A%20Bengaluru%2C%20Karnataka%0ALinkedIn%3A%20https%3A%2F%2Fwww.linkedin.com%2Fin%2Fadityamehra07,"Hi Tanushree, I'm a fresh BBA graduate from DSU Bangalore eager to explore entry-level operations and business support roles at Siemens India. Would love to connect and follow your team's updates!","Hi Emily, I noticed you're at Siemens India. I'm a fresh BBA graduate from DSU Bangalore applying for Industrial Operations & Business Support. Would you be open to sharing any advice or referring me internally? Thank you so much!"
BLR-JOB-029,ABB India,Power & Automation Operations Analyst,8.8,Tier 3: Core Opportunities,Bengaluru / Bangalore,Curated MNC & GCC Pipeline,19,Madhura Manjunath,Senior Talent Acquisition Specialist,https://www.linkedin.com/in/madhura-manjunath-04081996,Swathi S,Shadow Mentee to CFO,https://careers.abb/global/en,Application: Entry-Level / Operations Trainee - Aditya Mehra (DSU Bangalore),"Dear Madhura,

I hope you are doing well.

I am a fresh graduate from Dayananda Sagar University, Bangalore (BBA in International Business, Class of 2026). I am writing to express my interest in entry-level openings or graduate trainee roles in Operations and Business Support at ABB India.

During my studies and internships, I have gained practical exposure to operations coordination, daily documentation, and reporting. I am comfortable with MS Excel, team coordination, and handling routine operational tasks with high attention to detail.

Key points about me:
- Fresh BBA graduate, quick learner, and eager to contribute to ground operations.
- Comfortable with Excel, process follow-ups, and documentation.
- Locally based in Bangalore and available to join immediately for an on-site role.

I would be truly grateful for an opportunity to connect and share my resume with your team.

Thank you very much for your time and consideration.

Warm regards,
Aditya Mehra
Phone: +91 70034 56624
Email: adityamehra799@gmail.com
Location: Bengaluru, Karnataka
LinkedIn: https://www.linkedin.com/in/adityamehra07",mailto:careers@abbindia.com?subject=Application%3A%20Entry-Level%20%2F%20Operations%20Trainee%20-%20Aditya%20Mehra%20%28DSU%20Bangalore%29&body=Dear%20Madhura%2C%0A%0AI%20hope%20you%20are%20doing%20well.%0A%0AI%20am%20a%20fresh%20graduate%20from%20Dayananda%20Sagar%20University%2C%20Bangalore%20%28BBA%20in%20International%20Business%2C%20Class%20of%202026%29.%20I%20am%20writing%20to%20express%20my%20interest%20in%20entry-level%20openings%20or%20graduate%20trainee%20roles%20in%20Operations%20and%20Business%20Support%20at%20ABB%20India.%0A%0ADuring%20my%20studies%20and%20internships%2C%20I%20have%20gained%20practical%20exposure%20to%20operations%20coordination%2C%20daily%20documentation%2C%20and%20reporting.%20I%20am%20comfortable%20with%20MS%20Excel%2C%20team%20coordination%2C%20and%20handling%20routine%20operational%20tasks%20with%20high%20attention%20to%20detail.%0A%0AKey%20points%20about%20me%3A%0A-%20Fresh%20BBA%20graduate%2C%20quick%20learner%2C%20and%20eager%20to%20contribute%20to%20ground%20operations.%0A-%20Comfortable%20with%20Excel%2C%20process%20follow-ups%2C%20and%20documentation.%0A-%20Locally%20based%20in%20Bangalore%20and%20available%20to%20join%20immediately%20for%20an%20on-site%20role.%0A%0AI%20would%20be%20truly%20grateful%20for%20an%20opportunity%20to%20connect%20and%20share%20my%20resume%20with%20your%20team.%0A%0AThank%20you%20very%20much%20for%20your%20time%20and%20consideration.%0A%0AWarm%20regards%2C%0AAditya%20Mehra%0APhone%3A%20%2B91%2070034%2056624%0AEmail%3A%20adityamehra799%40gmail.com%0ALocation%3A%20Bengaluru%2C%20Karnataka%0ALinkedIn%3A%20https%3A%2F%2Fwww.linkedin.com%2Fin%2Fadityamehra07,"Hi Madhura, I'm a fresh BBA graduate from DSU Bangalore eager to explore entry-level operations and business support roles at ABB India. Would love to connect and follow your team's updates!","Hi Swathi, I noticed you're at ABB India. I'm a fresh BBA graduate from DSU Bangalore applying for Power & Automation Operations Analyst. Would you be open to sharing any advice or referring me internally? Thank you so much!"
BLR-JOB-030,Livspace,Business Development & Client Operations Manager,8.8,Tier 3: Core Opportunities,Bengaluru / Bangalore,Curated MNC & GCC Pipeline,1,Campus Talent Team,Talent Acquisition Lead,https://www.linkedin.com/search/results/people/?keywords=Livspace%20HR%20Bangalore,Garima Uberoi,Business Manager,https://www.livspace.com/in/careers,Application: Entry-Level / Operations Trainee - Aditya Mehra (DSU Bangalore),"Dear Hiring Team,

I hope you are doing well.

I am a fresh graduate from Dayananda Sagar University, Bangalore (BBA in International Business, Class of 2026). I am writing to express my interest in entry-level openings or graduate trainee roles in Operations and Business Support at Livspace.

During my studies and internships, I have gained practical exposure to operations coordination, daily documentation, and reporting. I am comfortable with MS Excel, team coordination, and handling routine operational tasks with high attention to detail.

Key points about me:
- Fresh BBA graduate, quick learner, and eager to contribute to ground operations.
- Comfortable with Excel, process follow-ups, and documentation.
- Locally based in Bangalore and available to join immediately for an on-site role.

I would be truly grateful for an opportunity to connect and share my resume with your team.

Thank you very much for your time and consideration.

Warm regards,
Aditya Mehra
Phone: +91 70034 56624
Email: adityamehra799@gmail.com
Location: Bengaluru, Karnataka
LinkedIn: https://www.linkedin.com/in/adityamehra07",mailto:careers@livspace.com?subject=Application%3A%20Entry-Level%20%2F%20Operations%20Trainee%20-%20Aditya%20Mehra%20%28DSU%20Bangalore%29&body=Dear%20Hiring%20Team%2C%0A%0AI%20hope%20you%20are%20doing%20well.%0A%0AI%20am%20a%20fresh%20graduate%20from%20Dayananda%20Sagar%20University%2C%20Bangalore%20%28BBA%20in%20International%20Business%2C%20Class%20of%202026%29.%20I%20am%20writing%20to%20express%20my%20interest%20in%20entry-level%20openings%20or%20graduate%20trainee%20roles%20in%20Operations%20and%20Business%20Support%20at%20Livspace.%0A%0ADuring%20my%20studies%20and%20internships%2C%20I%20have%20gained%20practical%20exposure%20to%20operations%20coordination%2C%20daily%20documentation%2C%20and%20reporting.%20I%20am%20comfortable%20with%20MS%20Excel%2C%20team%20coordination%2C%20and%20handling%20routine%20operational%20tasks%20with%20high%20attention%20to%20detail.%0A%0AKey%20points%20about%20me%3A%0A-%20Fresh%20BBA%20graduate%2C%20quick%20learner%2C%20and%20eager%20to%20contribute%20to%20ground%20operations.%0A-%20Comfortable%20with%20Excel%2C%20process%20follow-ups%2C%20and%20documentation.%0A-%20Locally%20based%20in%20Bangalore%20and%20available%20to%20join%20immediately%20for%20an%20on-site%20role.%0A%0AI%20would%20be%20truly%20grateful%20for%20an%20opportunity%20to%20connect%20and%20share%20my%20resume%20with%20your%20team.%0A%0AThank%20you%20very%20much%20for%20your%20time%20and%20consideration.%0A%0AWarm%20regards%2C%0AAditya%20Mehra%0APhone%3A%20%2B91%2070034%2056624%0AEmail%3A%20adityamehra799%40gmail.com%0ALocation%3A%20Bengaluru%2C%20Karnataka%0ALinkedIn%3A%20https%3A%2F%2Fwww.linkedin.com%2Fin%2Fadityamehra07,"Hi Hiring Team, I'm a fresh BBA graduate from DSU Bangalore eager to explore entry-level operations and business support roles at Livspace. Would love to connect and follow your team's updates!","Hi Garima, I noticed you're at Livspace. I'm a fresh BBA graduate from DSU Bangalore applying for Business Development & Client Operations Manager. Would you be open to sharing any advice or referring me internally? Thank you so much!"
BLR-JOB-031,Homelane,Client Outreach & Interior Project Executive,8.7,Tier 3: Core Opportunities,Bengaluru / Bangalore,Curated MNC & GCC Pipeline,0,Campus Talent Team,Talent Acquisition Lead,https://www.linkedin.com/search/results/people/?keywords=Homelane%20HR%20Bangalore,,,https://www.homelane.com/careers,Application: Entry-Level / Operations Trainee - Aditya Mehra (DSU Bangalore),"Dear Hiring Team,

I hope you are doing well.

I am a fresh graduate from Dayananda Sagar University, Bangalore (BBA in International Business, Class of 2026). I am writing to express my interest in entry-level openings or graduate trainee roles in Operations and Business Support at Homelane.

During my studies and internships, I have gained practical exposure to operations coordination, daily documentation, and reporting. I am comfortable with MS Excel, team coordination, and handling routine operational tasks with high attention to detail.

Key points about me:
- Fresh BBA graduate, quick learner, and eager to contribute to ground operations.
- Comfortable with Excel, process follow-ups, and documentation.
- Locally based in Bangalore and available to join immediately for an on-site role.

I would be truly grateful for an opportunity to connect and share my resume with your team.

Thank you very much for your time and consideration.

Warm regards,
Aditya Mehra
Phone: +91 70034 56624
Email: adityamehra799@gmail.com
Location: Bengaluru, Karnataka
LinkedIn: https://www.linkedin.com/in/adityamehra07",mailto:careers@homelane.com?subject=Application%3A%20Entry-Level%20%2F%20Operations%20Trainee%20-%20Aditya%20Mehra%20%28DSU%20Bangalore%29&body=Dear%20Hiring%20Team%2C%0A%0AI%20hope%20you%20are%20doing%20well.%0A%0AI%20am%20a%20fresh%20graduate%20from%20Dayananda%20Sagar%20University%2C%20Bangalore%20%28BBA%20in%20International%20Business%2C%20Class%20of%202026%29.%20I%20am%20writing%20to%20express%20my%20interest%20in%20entry-level%20openings%20or%20graduate%20trainee%20roles%20in%20Operations%20and%20Business%20Support%20at%20Homelane.%0A%0ADuring%20my%20studies%20and%20internships%2C%20I%20have%20gained%20practical%20exposure%20to%20operations%20coordination%2C%20daily%20documentation%2C%20and%20reporting.%20I%20am%20comfortable%20with%20MS%20Excel%2C%20team%20coordination%2C%20and%20handling%20routine%20operational%20tasks%20with%20high%20attention%20to%20detail.%0A%0AKey%20points%20about%20me%3A%0A-%20Fresh%20BBA%20graduate%2C%20quick%20learner%2C%20and%20eager%20to%20contribute%20to%20ground%20operations.%0A-%20Comfortable%20with%20Excel%2C%20process%20follow-ups%2C%20and%20documentation.%0A-%20Locally%20based%20in%20Bangalore%20and%20available%20to%20join%20immediately%20for%20an%20on-site%20role.%0A%0AI%20would%20be%20truly%20grateful%20for%20an%20opportunity%20to%20connect%20and%20share%20my%20resume%20with%20your%20team.%0A%0AThank%20you%20very%20much%20for%20your%20time%20and%20consideration.%0A%0AWarm%20regards%2C%0AAditya%20Mehra%0APhone%3A%20%2B91%2070034%2056624%0AEmail%3A%20adityamehra799%40gmail.com%0ALocation%3A%20Bengaluru%2C%20Karnataka%0ALinkedIn%3A%20https%3A%2F%2Fwww.linkedin.com%2Fin%2Fadityamehra07,"Hi Hiring Team, I'm a fresh BBA graduate from DSU Bangalore eager to explore entry-level operations and business support roles at Homelane. Would love to connect and follow your team's updates!","Hi Colleague, I noticed you're at Homelane. I'm a fresh BBA graduate from DSU Bangalore applying for Client Outreach & Interior Project Executive. Would you be open to sharing any advice or referring me internally? Thank you so much!"
BLR-JOB-032,Razorpay,Business Development Associate,8.7,Tier 3: Core Opportunities,Bengaluru / Bangalore,Curated MNC & GCC Pipeline,4,Campus Talent Team,Talent Acquisition Lead,https://www.linkedin.com/search/results/people/?keywords=Razorpay%20HR%20Bangalore,Sri Poojitha,Partner's Office Intern,https://razorpay.com/jobs/,Application: Entry-Level / Operations Trainee - Aditya Mehra (DSU Bangalore),"Dear Hiring Team,

I hope you are doing well.

I am a fresh graduate from Dayananda Sagar University, Bangalore (BBA in International Business, Class of 2026). I am writing to express my interest in entry-level openings or graduate trainee roles in Operations and Business Support at Razorpay.

During my studies and internships, I have gained practical exposure to operations coordination, daily documentation, and reporting. I am comfortable with MS Excel, team coordination, and handling routine operational tasks with high attention to detail.

Key points about me:
- Fresh BBA graduate, quick learner, and eager to contribute to ground operations.
- Comfortable with Excel, process follow-ups, and documentation.
- Locally based in Bangalore and available to join immediately for an on-site role.

I would be truly grateful for an opportunity to connect and share my resume with your team.

Thank you very much for your time and consideration.

Warm regards,
Aditya Mehra
Phone: +91 70034 56624
Email: adityamehra799@gmail.com
Location: Bengaluru, Karnataka
LinkedIn: https://www.linkedin.com/in/adityamehra07",mailto:careers@razorpay.com?subject=Application%3A%20Entry-Level%20%2F%20Operations%20Trainee%20-%20Aditya%20Mehra%20%28DSU%20Bangalore%29&body=Dear%20Hiring%20Team%2C%0A%0AI%20hope%20you%20are%20doing%20well.%0A%0AI%20am%20a%20fresh%20graduate%20from%20Dayananda%20Sagar%20University%2C%20Bangalore%20%28BBA%20in%20International%20Business%2C%20Class%20of%202026%29.%20I%20am%20writing%20to%20express%20my%20interest%20in%20entry-level%20openings%20or%20graduate%20trainee%20roles%20in%20Operations%20and%20Business%20Support%20at%20Razorpay.%0A%0ADuring%20my%20studies%20and%20internships%2C%20I%20have%20gained%20practical%20exposure%20to%20operations%20coordination%2C%20daily%20documentation%2C%20and%20reporting.%20I%20am%20comfortable%20with%20MS%20Excel%2C%20team%20coordination%2C%20and%20handling%20routine%20operational%20tasks%20with%20high%20attention%20to%20detail.%0A%0AKey%20points%20about%20me%3A%0A-%20Fresh%20BBA%20graduate%2C%20quick%20learner%2C%20and%20eager%20to%20contribute%20to%20ground%20operations.%0A-%20Comfortable%20with%20Excel%2C%20process%20follow-ups%2C%20and%20documentation.%0A-%20Locally%20based%20in%20Bangalore%20and%20available%20to%20join%20immediately%20for%20an%20on-site%20role.%0A%0AI%20would%20be%20truly%20grateful%20for%20an%20opportunity%20to%20connect%20and%20share%20my%20resume%20with%20your%20team.%0A%0AThank%20you%20very%20much%20for%20your%20time%20and%20consideration.%0A%0AWarm%20regards%2C%0AAditya%20Mehra%0APhone%3A%20%2B91%2070034%2056624%0AEmail%3A%20adityamehra799%40gmail.com%0ALocation%3A%20Bengaluru%2C%20Karnataka%0ALinkedIn%3A%20https%3A%2F%2Fwww.linkedin.com%2Fin%2Fadityamehra07,"Hi Hiring Team, I'm a fresh BBA graduate from DSU Bangalore eager to explore entry-level operations and business support roles at Razorpay. Would love to connect and follow your team's updates!","Hi Sri, I noticed you're at Razorpay. I'm a fresh BBA graduate from DSU Bangalore applying for Business Development Associate. Would you be open to sharing any advice or referring me internally? Thank you so much!"
BLR-JOB-033,CRED,Member Experience & Operations Analyst,8.6,Tier 3: Core Opportunities,Bengaluru / Bangalore,Curated MNC & GCC Pipeline,12,Mahnya U,Talent Acquisition Executive,https://www.linkedin.com/in/mahnya-u,Pallavi kumar,Growth & Business Development Lead,https://cred.club/careers,Application: Entry-Level / Operations Trainee - Aditya Mehra (DSU Bangalore),"Dear Mahnya,

I hope you are doing well.

I am a fresh graduate from Dayananda Sagar University, Bangalore (BBA in International Business, Class of 2026). I am writing to express my interest in entry-level openings or graduate trainee roles in Operations and Business Support at CRED.

During my studies and internships, I have gained practical exposure to operations coordination, daily documentation, and reporting. I am comfortable with MS Excel, team coordination, and handling routine operational tasks with high attention to detail.

Key points about me:
- Fresh BBA graduate, quick learner, and eager to contribute to ground operations.
- Comfortable with Excel, process follow-ups, and documentation.
- Locally based in Bangalore and available to join immediately for an on-site role.

I would be truly grateful for an opportunity to connect and share my resume with your team.

Thank you very much for your time and consideration.

Warm regards,
Aditya Mehra
Phone: +91 70034 56624
Email: adityamehra799@gmail.com
Location: Bengaluru, Karnataka
LinkedIn: https://www.linkedin.com/in/adityamehra07",mailto:careers@cred.com?subject=Application%3A%20Entry-Level%20%2F%20Operations%20Trainee%20-%20Aditya%20Mehra%20%28DSU%20Bangalore%29&body=Dear%20Mahnya%2C%0A%0AI%20hope%20you%20are%20doing%20well.%0A%0AI%20am%20a%20fresh%20graduate%20from%20Dayananda%20Sagar%20University%2C%20Bangalore%20%28BBA%20in%20International%20Business%2C%20Class%20of%202026%29.%20I%20am%20writing%20to%20express%20my%20interest%20in%20entry-level%20openings%20or%20graduate%20trainee%20roles%20in%20Operations%20and%20Business%20Support%20at%20CRED.%0A%0ADuring%20my%20studies%20and%20internships%2C%20I%20have%20gained%20practical%20exposure%20to%20operations%20coordination%2C%20daily%20documentation%2C%20and%20reporting.%20I%20am%20comfortable%20with%20MS%20Excel%2C%20team%20coordination%2C%20and%20handling%20routine%20operational%20tasks%20with%20high%20attention%20to%20detail.%0A%0AKey%20points%20about%20me%3A%0A-%20Fresh%20BBA%20graduate%2C%20quick%20learner%2C%20and%20eager%20to%20contribute%20to%20ground%20operations.%0A-%20Comfortable%20with%20Excel%2C%20process%20follow-ups%2C%20and%20documentation.%0A-%20Locally%20based%20in%20Bangalore%20and%20available%20to%20join%20immediately%20for%20an%20on-site%20role.%0A%0AI%20would%20be%20truly%20grateful%20for%20an%20opportunity%20to%20connect%20and%20share%20my%20resume%20with%20your%20team.%0A%0AThank%20you%20very%20much%20for%20your%20time%20and%20consideration.%0A%0AWarm%20regards%2C%0AAditya%20Mehra%0APhone%3A%20%2B91%2070034%2056624%0AEmail%3A%20adityamehra799%40gmail.com%0ALocation%3A%20Bengaluru%2C%20Karnataka%0ALinkedIn%3A%20https%3A%2F%2Fwww.linkedin.com%2Fin%2Fadityamehra07,"Hi Mahnya, I'm a fresh BBA graduate from DSU Bangalore eager to explore entry-level operations and business support roles at CRED. Would love to connect and follow your team's updates!","Hi Pallavi, I noticed you're at CRED. I'm a fresh BBA graduate from DSU Bangalore applying for Member Experience & Operations Analyst. Would you be open to sharing any advice or referring me internally? Thank you so much!"
BLR-JOB-034,PhonePe,Merchant Business Development Executive,8.6,Tier 3: Core Opportunities,Bengaluru / Bangalore,Curated MNC & GCC Pipeline,6,Anshika Kohli,Talent Acquisition Intern,https://www.linkedin.com/in/anshika-kohli,Tarun Upadhyay,KAM - Partnership & Alliances,https://www.phonepe.com/careers/,Application: Entry-Level / Operations Trainee - Aditya Mehra (DSU Bangalore),"Dear Anshika,

I hope you are doing well.

I am a fresh graduate from Dayananda Sagar University, Bangalore (BBA in International Business, Class of 2026). I am writing to express my interest in entry-level openings or graduate trainee roles in Operations and Business Support at PhonePe.

During my studies and internships, I have gained practical exposure to operations coordination, daily documentation, and reporting. I am comfortable with MS Excel, team coordination, and handling routine operational tasks with high attention to detail.

Key points about me:
- Fresh BBA graduate, quick learner, and eager to contribute to ground operations.
- Comfortable with Excel, process follow-ups, and documentation.
- Locally based in Bangalore and available to join immediately for an on-site role.

I would be truly grateful for an opportunity to connect and share my resume with your team.

Thank you very much for your time and consideration.

Warm regards,
Aditya Mehra
Phone: +91 70034 56624
Email: adityamehra799@gmail.com
Location: Bengaluru, Karnataka
LinkedIn: https://www.linkedin.com/in/adityamehra07",mailto:careers@phonepe.com?subject=Application%3A%20Entry-Level%20%2F%20Operations%20Trainee%20-%20Aditya%20Mehra%20%28DSU%20Bangalore%29&body=Dear%20Anshika%2C%0A%0AI%20hope%20you%20are%20doing%20well.%0A%0AI%20am%20a%20fresh%20graduate%20from%20Dayananda%20Sagar%20University%2C%20Bangalore%20%28BBA%20in%20International%20Business%2C%20Class%20of%202026%29.%20I%20am%20writing%20to%20express%20my%20interest%20in%20entry-level%20openings%20or%20graduate%20trainee%20roles%20in%20Operations%20and%20Business%20Support%20at%20PhonePe.%0A%0ADuring%20my%20studies%20and%20internships%2C%20I%20have%20gained%20practical%20exposure%20to%20operations%20coordination%2C%20daily%20documentation%2C%20and%20reporting.%20I%20am%20comfortable%20with%20MS%20Excel%2C%20team%20coordination%2C%20and%20handling%20routine%20operational%20tasks%20with%20high%20attention%20to%20detail.%0A%0AKey%20points%20about%20me%3A%0A-%20Fresh%20BBA%20graduate%2C%20quick%20learner%2C%20and%20eager%20to%20contribute%20to%20ground%20operations.%0A-%20Comfortable%20with%20Excel%2C%20process%20follow-ups%2C%20and%20documentation.%0A-%20Locally%20based%20in%20Bangalore%20and%20available%20to%20join%20immediately%20for%20an%20on-site%20role.%0A%0AI%20would%20be%20truly%20grateful%20for%20an%20opportunity%20to%20connect%20and%20share%20my%20resume%20with%20your%20team.%0A%0AThank%20you%20very%20much%20for%20your%20time%20and%20consideration.%0A%0AWarm%20regards%2C%0AAditya%20Mehra%0APhone%3A%20%2B91%2070034%2056624%0AEmail%3A%20adityamehra799%40gmail.com%0ALocation%3A%20Bengaluru%2C%20Karnataka%0ALinkedIn%3A%20https%3A%2F%2Fwww.linkedin.com%2Fin%2Fadityamehra07,"Hi Anshika, I'm a fresh BBA graduate from DSU Bangalore eager to explore entry-level operations and business support roles at PhonePe. Would love to connect and follow your team's updates!","Hi Tarun, I noticed you're at PhonePe. I'm a fresh BBA graduate from DSU Bangalore applying for Merchant Business Development Executive. Would you be open to sharing any advice or referring me internally? Thank you so much!"
BLR-JOB-035,Groww,Operations & Compliance Associate,8.5,Tier 3: Core Opportunities,Bengaluru / Bangalore,Curated MNC & GCC Pipeline,1,Campus Talent Team,Talent Acquisition Lead,https://www.linkedin.com/search/results/people/?keywords=Groww%20HR%20Bangalore,Divya Singh,Customer Success Executive,https://groww.in/careers,Application: Entry-Level / Operations Trainee - Aditya Mehra (DSU Bangalore),"Dear Hiring Team,

I hope you are doing well.

I am a fresh graduate from Dayananda Sagar University, Bangalore (BBA in International Business, Class of 2026). I am writing to express my interest in entry-level openings or graduate trainee roles in Operations and Business Support at Groww.

During my studies and internships, I have gained practical exposure to operations coordination, daily documentation, and reporting. I am comfortable with MS Excel, team coordination, and handling routine operational tasks with high attention to detail.

Key points about me:
- Fresh BBA graduate, quick learner, and eager to contribute to ground operations.
- Comfortable with Excel, process follow-ups, and documentation.
- Locally based in Bangalore and available to join immediately for an on-site role.

I would be truly grateful for an opportunity to connect and share my resume with your team.

Thank you very much for your time and consideration.

Warm regards,
Aditya Mehra
Phone: +91 70034 56624
Email: adityamehra799@gmail.com
Location: Bengaluru, Karnataka
LinkedIn: https://www.linkedin.com/in/adityamehra07",mailto:careers@groww.com?subject=Application%3A%20Entry-Level%20%2F%20Operations%20Trainee%20-%20Aditya%20Mehra%20%28DSU%20Bangalore%29&body=Dear%20Hiring%20Team%2C%0A%0AI%20hope%20you%20are%20doing%20well.%0A%0AI%20am%20a%20fresh%20graduate%20from%20Dayananda%20Sagar%20University%2C%20Bangalore%20%28BBA%20in%20International%20Business%2C%20Class%20of%202026%29.%20I%20am%20writing%20to%20express%20my%20interest%20in%20entry-level%20openings%20or%20graduate%20trainee%20roles%20in%20Operations%20and%20Business%20Support%20at%20Groww.%0A%0ADuring%20my%20studies%20and%20internships%2C%20I%20have%20gained%20practical%20exposure%20to%20operations%20coordination%2C%20daily%20documentation%2C%20and%20reporting.%20I%20am%20comfortable%20with%20MS%20Excel%2C%20team%20coordination%2C%20and%20handling%20routine%20operational%20tasks%20with%20high%20attention%20to%20detail.%0A%0AKey%20points%20about%20me%3A%0A-%20Fresh%20BBA%20graduate%2C%20quick%20learner%2C%20and%20eager%20to%20contribute%20to%20ground%20operations.%0A-%20Comfortable%20with%20Excel%2C%20process%20follow-ups%2C%20and%20documentation.%0A-%20Locally%20based%20in%20Bangalore%20and%20available%20to%20join%20immediately%20for%20an%20on-site%20role.%0A%0AI%20would%20be%20truly%20grateful%20for%20an%20opportunity%20to%20connect%20and%20share%20my%20resume%20with%20your%20team.%0A%0AThank%20you%20very%20much%20for%20your%20time%20and%20consideration.%0A%0AWarm%20regards%2C%0AAditya%20Mehra%0APhone%3A%20%2B91%2070034%2056624%0AEmail%3A%20adityamehra799%40gmail.com%0ALocation%3A%20Bengaluru%2C%20Karnataka%0ALinkedIn%3A%20https%3A%2F%2Fwww.linkedin.com%2Fin%2Fadityamehra07,"Hi Hiring Team, I'm a fresh BBA graduate from DSU Bangalore eager to explore entry-level operations and business support roles at Groww. Would love to connect and follow your team's updates!","Hi Divya, I noticed you're at Groww. I'm a fresh BBA graduate from DSU Bangalore applying for Operations & Compliance Associate. Would you be open to sharing any advice or referring me internally? Thank you so much!"
BLR-JOB-036,Zerodha,Client Support & Operations Specialist,8.5,Tier 3: Core Opportunities,Bengaluru / Bangalore,Curated MNC & GCC Pipeline,1,Campus Talent Team,Talent Acquisition Lead,https://www.linkedin.com/search/results/people/?keywords=Zerodha%20HR%20Bangalore,Sulagna Sen,TA,https://zerodha.com/careers,Application: Entry-Level / Operations Trainee - Aditya Mehra (DSU Bangalore),"Dear Hiring Team,

I hope you are doing well.

I am a fresh graduate from Dayananda Sagar University, Bangalore (BBA in International Business, Class of 2026). I am writing to express my interest in entry-level openings or graduate trainee roles in Operations and Business Support at Zerodha.

During my studies and internships, I have gained practical exposure to operations coordination, daily documentation, and reporting. I am comfortable with MS Excel, team coordination, and handling routine operational tasks with high attention to detail.

Key points about me:
- Fresh BBA graduate, quick learner, and eager to contribute to ground operations.
- Comfortable with Excel, process follow-ups, and documentation.
- Locally based in Bangalore and available to join immediately for an on-site role.

I would be truly grateful for an opportunity to connect and share my resume with your team.

Thank you very much for your time and consideration.

Warm regards,
Aditya Mehra
Phone: +91 70034 56624
Email: adityamehra799@gmail.com
Location: Bengaluru, Karnataka
LinkedIn: https://www.linkedin.com/in/adityamehra07",mailto:careers@zerodha.com?subject=Application%3A%20Entry-Level%20%2F%20Operations%20Trainee%20-%20Aditya%20Mehra%20%28DSU%20Bangalore%29&body=Dear%20Hiring%20Team%2C%0A%0AI%20hope%20you%20are%20doing%20well.%0A%0AI%20am%20a%20fresh%20graduate%20from%20Dayananda%20Sagar%20University%2C%20Bangalore%20%28BBA%20in%20International%20Business%2C%20Class%20of%202026%29.%20I%20am%20writing%20to%20express%20my%20interest%20in%20entry-level%20openings%20or%20graduate%20trainee%20roles%20in%20Operations%20and%20Business%20Support%20at%20Zerodha.%0A%0ADuring%20my%20studies%20and%20internships%2C%20I%20have%20gained%20practical%20exposure%20to%20operations%20coordination%2C%20daily%20documentation%2C%20and%20reporting.%20I%20am%20comfortable%20with%20MS%20Excel%2C%20team%20coordination%2C%20and%20handling%20routine%20operational%20tasks%20with%20high%20attention%20to%20detail.%0A%0AKey%20points%20about%20me%3A%0A-%20Fresh%20BBA%20graduate%2C%20quick%20learner%2C%20and%20eager%20to%20contribute%20to%20ground%20operations.%0A-%20Comfortable%20with%20Excel%2C%20process%20follow-ups%2C%20and%20documentation.%0A-%20Locally%20based%20in%20Bangalore%20and%20available%20to%20join%20immediately%20for%20an%20on-site%20role.%0A%0AI%20would%20be%20truly%20grateful%20for%20an%20opportunity%20to%20connect%20and%20share%20my%20resume%20with%20your%20team.%0A%0AThank%20you%20very%20much%20for%20your%20time%20and%20consideration.%0A%0AWarm%20regards%2C%0AAditya%20Mehra%0APhone%3A%20%2B91%2070034%2056624%0AEmail%3A%20adityamehra799%40gmail.com%0ALocation%3A%20Bengaluru%2C%20Karnataka%0ALinkedIn%3A%20https%3A%2F%2Fwww.linkedin.com%2Fin%2Fadityamehra07,"Hi Hiring Team, I'm a fresh BBA graduate from DSU Bangalore eager to explore entry-level operations and business support roles at Zerodha. Would love to connect and follow your team's updates!","Hi Sulagna, I noticed you're at Zerodha. I'm a fresh BBA graduate from DSU Bangalore applying for Client Support & Operations Specialist. Would you be open to sharing any advice or referring me internally? Thank you so much!"
BLR-JOB-037,Delhivery,Express Freight & Logistics Executive,8.5,Tier 3: Core Opportunities,Bengaluru / Bangalore,Curated MNC & GCC Pipeline,4,Chanchala Ugra,Manager - Talent Acquisition,https://www.linkedin.com/in/chanchala-ugra-a44029145,Sharon Sundara,Supply Chain Analyst,https://www.delhivery.com/careers,Application: Entry-Level / Operations Trainee - Aditya Mehra (DSU Bangalore),"Dear Chanchala,

I hope you are doing well.

I am a fresh graduate from Dayananda Sagar University, Bangalore (BBA in International Business, Class of 2026). I am writing to express my interest in entry-level openings or graduate trainee roles in Operations and Business Support at Delhivery.

During my studies and internships, I have gained practical exposure to operations coordination, daily documentation, and reporting. I am comfortable with MS Excel, team coordination, and handling routine operational tasks with high attention to detail.

Key points about me:
- Fresh BBA graduate, quick learner, and eager to contribute to ground operations.
- Comfortable with Excel, process follow-ups, and documentation.
- Locally based in Bangalore and available to join immediately for an on-site role.

I would be truly grateful for an opportunity to connect and share my resume with your team.

Thank you very much for your time and consideration.

Warm regards,
Aditya Mehra
Phone: +91 70034 56624
Email: adityamehra799@gmail.com
Location: Bengaluru, Karnataka
LinkedIn: https://www.linkedin.com/in/adityamehra07",mailto:careers@delhivery.com?subject=Application%3A%20Entry-Level%20%2F%20Operations%20Trainee%20-%20Aditya%20Mehra%20%28DSU%20Bangalore%29&body=Dear%20Chanchala%2C%0A%0AI%20hope%20you%20are%20doing%20well.%0A%0AI%20am%20a%20fresh%20graduate%20from%20Dayananda%20Sagar%20University%2C%20Bangalore%20%28BBA%20in%20International%20Business%2C%20Class%20of%202026%29.%20I%20am%20writing%20to%20express%20my%20interest%20in%20entry-level%20openings%20or%20graduate%20trainee%20roles%20in%20Operations%20and%20Business%20Support%20at%20Delhivery.%0A%0ADuring%20my%20studies%20and%20internships%2C%20I%20have%20gained%20practical%20exposure%20to%20operations%20coordination%2C%20daily%20documentation%2C%20and%20reporting.%20I%20am%20comfortable%20with%20MS%20Excel%2C%20team%20coordination%2C%20and%20handling%20routine%20operational%20tasks%20with%20high%20attention%20to%20detail.%0A%0AKey%20points%20about%20me%3A%0A-%20Fresh%20BBA%20graduate%2C%20quick%20learner%2C%20and%20eager%20to%20contribute%20to%20ground%20operations.%0A-%20Comfortable%20with%20Excel%2C%20process%20follow-ups%2C%20and%20documentation.%0A-%20Locally%20based%20in%20Bangalore%20and%20available%20to%20join%20immediately%20for%20an%20on-site%20role.%0A%0AI%20would%20be%20truly%20grateful%20for%20an%20opportunity%20to%20connect%20and%20share%20my%20resume%20with%20your%20team.%0A%0AThank%20you%20very%20much%20for%20your%20time%20and%20consideration.%0A%0AWarm%20regards%2C%0AAditya%20Mehra%0APhone%3A%20%2B91%2070034%2056624%0AEmail%3A%20adityamehra799%40gmail.com%0ALocation%3A%20Bengaluru%2C%20Karnataka%0ALinkedIn%3A%20https%3A%2F%2Fwww.linkedin.com%2Fin%2Fadityamehra07,"Hi Chanchala, I'm a fresh BBA graduate from DSU Bangalore eager to explore entry-level operations and business support roles at Delhivery. Would love to connect and follow your team's updates!","Hi Sharon, I noticed you're at Delhivery. I'm a fresh BBA graduate from DSU Bangalore applying for Express Freight & Logistics Executive. Would you be open to sharing any advice or referring me internally? Thank you so much!"
BLR-JOB-038,Blue Dart,Air Cargo Logistics Operations Lead,8.5,Tier 3: Core Opportunities,Bengaluru / Bangalore,Curated MNC & GCC Pipeline,2,Sakshi phaugat,Human Resources Specialist,https://www.linkedin.com/in/sakshi-phaugat-541115203,Vaagishwari T S,Management Trainee - Sales,https://www.bluedart.com/careers,Application: Entry-Level / Operations Trainee - Aditya Mehra (DSU Bangalore),"Dear Sakshi,

I hope you are doing well.

I am a fresh graduate from Dayananda Sagar University, Bangalore (BBA in International Business, Class of 2026). I am writing to express my interest in entry-level openings or graduate trainee roles in Operations and Business Support at Blue Dart.

During my studies and internships, I have gained practical exposure to operations coordination, daily documentation, and reporting. I am comfortable with MS Excel, team coordination, and handling routine operational tasks with high attention to detail.

Key points about me:
- Fresh BBA graduate, quick learner, and eager to contribute to ground operations.
- Comfortable with Excel, process follow-ups, and documentation.
- Locally based in Bangalore and available to join immediately for an on-site role.

I would be truly grateful for an opportunity to connect and share my resume with your team.

Thank you very much for your time and consideration.

Warm regards,
Aditya Mehra
Phone: +91 70034 56624
Email: adityamehra799@gmail.com
Location: Bengaluru, Karnataka
LinkedIn: https://www.linkedin.com/in/adityamehra07",mailto:careers@bluedart.com?subject=Application%3A%20Entry-Level%20%2F%20Operations%20Trainee%20-%20Aditya%20Mehra%20%28DSU%20Bangalore%29&body=Dear%20Sakshi%2C%0A%0AI%20hope%20you%20are%20doing%20well.%0A%0AI%20am%20a%20fresh%20graduate%20from%20Dayananda%20Sagar%20University%2C%20Bangalore%20%28BBA%20in%20International%20Business%2C%20Class%20of%202026%29.%20I%20am%20writing%20to%20express%20my%20interest%20in%20entry-level%20openings%20or%20graduate%20trainee%20roles%20in%20Operations%20and%20Business%20Support%20at%20Blue%20Dart.%0A%0ADuring%20my%20studies%20and%20internships%2C%20I%20have%20gained%20practical%20exposure%20to%20operations%20coordination%2C%20daily%20documentation%2C%20and%20reporting.%20I%20am%20comfortable%20with%20MS%20Excel%2C%20team%20coordination%2C%20and%20handling%20routine%20operational%20tasks%20with%20high%20attention%20to%20detail.%0A%0AKey%20points%20about%20me%3A%0A-%20Fresh%20BBA%20graduate%2C%20quick%20learner%2C%20and%20eager%20to%20contribute%20to%20ground%20operations.%0A-%20Comfortable%20with%20Excel%2C%20process%20follow-ups%2C%20and%20documentation.%0A-%20Locally%20based%20in%20Bangalore%20and%20available%20to%20join%20immediately%20for%20an%20on-site%20role.%0A%0AI%20would%20be%20truly%20grateful%20for%20an%20opportunity%20to%20connect%20and%20share%20my%20resume%20with%20your%20team.%0A%0AThank%20you%20very%20much%20for%20your%20time%20and%20consideration.%0A%0AWarm%20regards%2C%0AAditya%20Mehra%0APhone%3A%20%2B91%2070034%2056624%0AEmail%3A%20adityamehra799%40gmail.com%0ALocation%3A%20Bengaluru%2C%20Karnataka%0ALinkedIn%3A%20https%3A%2F%2Fwww.linkedin.com%2Fin%2Fadityamehra07,"Hi Sakshi, I'm a fresh BBA graduate from DSU Bangalore eager to explore entry-level operations and business support roles at Blue Dart. Would love to connect and follow your team's updates!","Hi Vaagishwari, I noticed you're at Blue Dart. I'm a fresh BBA graduate from DSU Bangalore applying for Air Cargo Logistics Operations Lead. Would you be open to sharing any advice or referring me internally? Thank you so much!"
BLR-JOB-039,Wizcraft International,Experiential Event Producer,8.5,Tier 3: Core Opportunities,Bengaluru / Bangalore,Curated MNC & GCC Pipeline,1,Campus Talent Team,Talent Acquisition Lead,https://www.linkedin.com/search/results/people/?keywords=Wizcraft%20International%20HR%20Bangalore,Sri Poojitha,Partner's Office Intern,http://www.wizcraftworld.com/,Application: Entry-Level / Operations Trainee - Aditya Mehra (DSU Bangalore),"Dear Hiring Team,

I hope you are doing well.

I am a fresh graduate from Dayananda Sagar University, Bangalore (BBA in International Business, Class of 2026). I am writing to express my interest in entry-level openings or graduate trainee roles in Operations and Business Support at Wizcraft International.

During my studies and internships, I have gained practical exposure to operations coordination, daily documentation, and reporting. I am comfortable with MS Excel, team coordination, and handling routine operational tasks with high attention to detail.

Key points about me:
- Fresh BBA graduate, quick learner, and eager to contribute to ground operations.
- Comfortable with Excel, process follow-ups, and documentation.
- Locally based in Bangalore and available to join immediately for an on-site role.

I would be truly grateful for an opportunity to connect and share my resume with your team.

Thank you very much for your time and consideration.

Warm regards,
Aditya Mehra
Phone: +91 70034 56624
Email: adityamehra799@gmail.com
Location: Bengaluru, Karnataka
LinkedIn: https://www.linkedin.com/in/adityamehra07",mailto:careers@wizcraftinternational.com?subject=Application%3A%20Entry-Level%20%2F%20Operations%20Trainee%20-%20Aditya%20Mehra%20%28DSU%20Bangalore%29&body=Dear%20Hiring%20Team%2C%0A%0AI%20hope%20you%20are%20doing%20well.%0A%0AI%20am%20a%20fresh%20graduate%20from%20Dayananda%20Sagar%20University%2C%20Bangalore%20%28BBA%20in%20International%20Business%2C%20Class%20of%202026%29.%20I%20am%20writing%20to%20express%20my%20interest%20in%20entry-level%20openings%20or%20graduate%20trainee%20roles%20in%20Operations%20and%20Business%20Support%20at%20Wizcraft%20International.%0A%0ADuring%20my%20studies%20and%20internships%2C%20I%20have%20gained%20practical%20exposure%20to%20operations%20coordination%2C%20daily%20documentation%2C%20and%20reporting.%20I%20am%20comfortable%20with%20MS%20Excel%2C%20team%20coordination%2C%20and%20handling%20routine%20operational%20tasks%20with%20high%20attention%20to%20detail.%0A%0AKey%20points%20about%20me%3A%0A-%20Fresh%20BBA%20graduate%2C%20quick%20learner%2C%20and%20eager%20to%20contribute%20to%20ground%20operations.%0A-%20Comfortable%20with%20Excel%2C%20process%20follow-ups%2C%20and%20documentation.%0A-%20Locally%20based%20in%20Bangalore%20and%20available%20to%20join%20immediately%20for%20an%20on-site%20role.%0A%0AI%20would%20be%20truly%20grateful%20for%20an%20opportunity%20to%20connect%20and%20share%20my%20resume%20with%20your%20team.%0A%0AThank%20you%20very%20much%20for%20your%20time%20and%20consideration.%0A%0AWarm%20regards%2C%0AAditya%20Mehra%0APhone%3A%20%2B91%2070034%2056624%0AEmail%3A%20adityamehra799%40gmail.com%0ALocation%3A%20Bengaluru%2C%20Karnataka%0ALinkedIn%3A%20https%3A%2F%2Fwww.linkedin.com%2Fin%2Fadityamehra07,"Hi Hiring Team, I'm a fresh BBA graduate from DSU Bangalore eager to explore entry-level operations and business support roles at Wizcraft International. Would love to connect and follow your team's updates!","Hi Sri, I noticed you're at Wizcraft International. I'm a fresh BBA graduate from DSU Bangalore applying for Experiential Event Producer. Would you be open to sharing any advice or referring me internally? Thank you so much!"
BLR-JOB-040,Percept Limited,Event Operations & Brand Activation Lead,8.5,Tier 3: Core Opportunities,Bengaluru / Bangalore,Curated MNC & GCC Pipeline,0,Campus Talent Team,Talent Acquisition Lead,https://www.linkedin.com/search/results/people/?keywords=Percept%20Limited%20HR%20Bangalore,,,https://www.perceptlimited.com/,Application: Entry-Level / Operations Trainee - Aditya Mehra (DSU Bangalore),"Dear Hiring Team,

I hope you are doing well.

I am a fresh graduate from Dayananda Sagar University, Bangalore (BBA in International Business, Class of 2026). I am writing to express my interest in entry-level openings or graduate trainee roles in Operations and Business Support at Percept Limited.

During my studies and internships, I have gained practical exposure to operations coordination, daily documentation, and reporting. I am comfortable with MS Excel, team coordination, and handling routine operational tasks with high attention to detail.

Key points about me:
- Fresh BBA graduate, quick learner, and eager to contribute to ground operations.
- Comfortable with Excel, process follow-ups, and documentation.
- Locally based in Bangalore and available to join immediately for an on-site role.

I would be truly grateful for an opportunity to connect and share my resume with your team.

Thank you very much for your time and consideration.

Warm regards,
Aditya Mehra
Phone: +91 70034 56624
Email: adityamehra799@gmail.com
Location: Bengaluru, Karnataka
LinkedIn: https://www.linkedin.com/in/adityamehra07",mailto:careers@perceptlimited.com?subject=Application%3A%20Entry-Level%20%2F%20Operations%20Trainee%20-%20Aditya%20Mehra%20%28DSU%20Bangalore%29&body=Dear%20Hiring%20Team%2C%0A%0AI%20hope%20you%20are%20doing%20well.%0A%0AI%20am%20a%20fresh%20graduate%20from%20Dayananda%20Sagar%20University%2C%20Bangalore%20%28BBA%20in%20International%20Business%2C%20Class%20of%202026%29.%20I%20am%20writing%20to%20express%20my%20interest%20in%20entry-level%20openings%20or%20graduate%20trainee%20roles%20in%20Operations%20and%20Business%20Support%20at%20Percept%20Limited.%0A%0ADuring%20my%20studies%20and%20internships%2C%20I%20have%20gained%20practical%20exposure%20to%20operations%20coordination%2C%20daily%20documentation%2C%20and%20reporting.%20I%20am%20comfortable%20with%20MS%20Excel%2C%20team%20coordination%2C%20and%20handling%20routine%20operational%20tasks%20with%20high%20attention%20to%20detail.%0A%0AKey%20points%20about%20me%3A%0A-%20Fresh%20BBA%20graduate%2C%20quick%20learner%2C%20and%20eager%20to%20contribute%20to%20ground%20operations.%0A-%20Comfortable%20with%20Excel%2C%20process%20follow-ups%2C%20and%20documentation.%0A-%20Locally%20based%20in%20Bangalore%20and%20available%20to%20join%20immediately%20for%20an%20on-site%20role.%0A%0AI%20would%20be%20truly%20grateful%20for%20an%20opportunity%20to%20connect%20and%20share%20my%20resume%20with%20your%20team.%0A%0AThank%20you%20very%20much%20for%20your%20time%20and%20consideration.%0A%0AWarm%20regards%2C%0AAditya%20Mehra%0APhone%3A%20%2B91%2070034%2056624%0AEmail%3A%20adityamehra799%40gmail.com%0ALocation%3A%20Bengaluru%2C%20Karnataka%0ALinkedIn%3A%20https%3A%2F%2Fwww.linkedin.com%2Fin%2Fadityamehra07,"Hi Hiring Team, I'm a fresh BBA graduate from DSU Bangalore eager to explore entry-level operations and business support roles at Percept Limited. Would love to connect and follow your team's updates!","Hi Colleague, I noticed you're at Percept Limited. I'm a fresh BBA graduate from DSU Bangalore applying for Event Operations & Brand Activation Lead. Would you be open to sharing any advice or referring me internally? Thank you so much!"
BLR-JOB-041,Dentsu India (Fountainhead),Experiential Brand Activation Manager,8.5,Tier 3: Core Opportunities,Bengaluru / Bangalore,Curated MNC & GCC Pipeline,8,Riddhima Yadav,Assistant Manager -Talent Acquisition Recruiter(via AMS),https://www.linkedin.com/in/riddhima-yadav-23332994,Smahi Kohli,Brand Manager,https://www.dentsu.com/in/en/careers,Application: Entry-Level / Operations Trainee - Aditya Mehra (DSU Bangalore),"Dear Riddhima,

I hope you are doing well.

I am a fresh graduate from Dayananda Sagar University, Bangalore (BBA in International Business, Class of 2026). I am writing to express my interest in entry-level openings or graduate trainee roles in Operations and Business Support at Dentsu India (Fountainhead).

During my studies and internships, I have gained practical exposure to operations coordination, daily documentation, and reporting. I am comfortable with MS Excel, team coordination, and handling routine operational tasks with high attention to detail.

Key points about me:
- Fresh BBA graduate, quick learner, and eager to contribute to ground operations.
- Comfortable with Excel, process follow-ups, and documentation.
- Locally based in Bangalore and available to join immediately for an on-site role.

I would be truly grateful for an opportunity to connect and share my resume with your team.

Thank you very much for your time and consideration.

Warm regards,
Aditya Mehra
Phone: +91 70034 56624
Email: adityamehra799@gmail.com
Location: Bengaluru, Karnataka
LinkedIn: https://www.linkedin.com/in/adityamehra07",mailto:careers@dentsuindia(fountainhead).com?subject=Application%3A%20Entry-Level%20%2F%20Operations%20Trainee%20-%20Aditya%20Mehra%20%28DSU%20Bangalore%29&body=Dear%20Riddhima%2C%0A%0AI%20hope%20you%20are%20doing%20well.%0A%0AI%20am%20a%20fresh%20graduate%20from%20Dayananda%20Sagar%20University%2C%20Bangalore%20%28BBA%20in%20International%20Business%2C%20Class%20of%202026%29.%20I%20am%20writing%20to%20express%20my%20interest%20in%20entry-level%20openings%20or%20graduate%20trainee%20roles%20in%20Operations%20and%20Business%20Support%20at%20Dentsu%20India%20%28Fountainhead%29.%0A%0ADuring%20my%20studies%20and%20internships%2C%20I%20have%20gained%20practical%20exposure%20to%20operations%20coordination%2C%20daily%20documentation%2C%20and%20reporting.%20I%20am%20comfortable%20with%20MS%20Excel%2C%20team%20coordination%2C%20and%20handling%20routine%20operational%20tasks%20with%20high%20attention%20to%20detail.%0A%0AKey%20points%20about%20me%3A%0A-%20Fresh%20BBA%20graduate%2C%20quick%20learner%2C%20and%20eager%20to%20contribute%20to%20ground%20operations.%0A-%20Comfortable%20with%20Excel%2C%20process%20follow-ups%2C%20and%20documentation.%0A-%20Locally%20based%20in%20Bangalore%20and%20available%20to%20join%20immediately%20for%20an%20on-site%20role.%0A%0AI%20would%20be%20truly%20grateful%20for%20an%20opportunity%20to%20connect%20and%20share%20my%20resume%20with%20your%20team.%0A%0AThank%20you%20very%20much%20for%20your%20time%20and%20consideration.%0A%0AWarm%20regards%2C%0AAditya%20Mehra%0APhone%3A%20%2B91%2070034%2056624%0AEmail%3A%20adityamehra799%40gmail.com%0ALocation%3A%20Bengaluru%2C%20Karnataka%0ALinkedIn%3A%20https%3A%2F%2Fwww.linkedin.com%2Fin%2Fadityamehra07,"Hi Riddhima, I'm a fresh BBA graduate from DSU Bangalore eager to explore entry-level operations and business support roles at Dentsu India (Fountainhead). Would love to connect and follow your team's updates!","Hi Smahi, I noticed you're at Dentsu India (Fountainhead). I'm a fresh BBA graduate from DSU Bangalore applying for Experiential Brand Activation Manager. Would you be open to sharing any advice or referring me internally? Thank you so much!"
BLR-JOB-044,Titan Company,Retail Operations & Business Trainee,8.3,Tier 3: Core Opportunities,Bengaluru / Bangalore,Curated MNC & GCC Pipeline,5,Campus Talent Team,Talent Acquisition Lead,https://www.linkedin.com/search/results/people/?keywords=Titan%20Company%20HR%20Bangalore,Aishwarya Gupta,Program Manager,https://www.titancompany.in/careers,Application: Entry-Level / Operations Trainee - Aditya Mehra (DSU Bangalore),"Dear Hiring Team,

I hope you are doing well.

I am a fresh graduate from Dayananda Sagar University, Bangalore (BBA in International Business, Class of 2026). I am writing to express my interest in entry-level openings or graduate trainee roles in Operations and Business Support at Titan Company.

During my studies and internships, I have gained practical exposure to operations coordination, daily documentation, and reporting. I am comfortable with MS Excel, team coordination, and handling routine operational tasks with high attention to detail.

Key points about me:
- Fresh BBA graduate, quick learner, and eager to contribute to ground operations.
- Comfortable with Excel, process follow-ups, and documentation.
- Locally based in Bangalore and available to join immediately for an on-site role.

I would be truly grateful for an opportunity to connect and share my resume with your team.

Thank you very much for your time and consideration.

Warm regards,
Aditya Mehra
Phone: +91 70034 56624
Email: adityamehra799@gmail.com
Location: Bengaluru, Karnataka
LinkedIn: https://www.linkedin.com/in/adityamehra07",mailto:careers@titancompany.com?subject=Application%3A%20Entry-Level%20%2F%20Operations%20Trainee%20-%20Aditya%20Mehra%20%28DSU%20Bangalore%29&body=Dear%20Hiring%20Team%2C%0A%0AI%20hope%20you%20are%20doing%20well.%0A%0AI%20am%20a%20fresh%20graduate%20from%20Dayananda%20Sagar%20University%2C%20Bangalore%20%28BBA%20in%20International%20Business%2C%20Class%20of%202026%29.%20I%20am%20writing%20to%20express%20my%20interest%20in%20entry-level%20openings%20or%20graduate%20trainee%20roles%20in%20Operations%20and%20Business%20Support%20at%20Titan%20Company.%0A%0ADuring%20my%20studies%20and%20internships%2C%20I%20have%20gained%20practical%20exposure%20to%20operations%20coordination%2C%20daily%20documentation%2C%20and%20reporting.%20I%20am%20comfortable%20with%20MS%20Excel%2C%20team%20coordination%2C%20and%20handling%20routine%20operational%20tasks%20with%20high%20attention%20to%20detail.%0A%0AKey%20points%20about%20me%3A%0A-%20Fresh%20BBA%20graduate%2C%20quick%20learner%2C%20and%20eager%20to%20contribute%20to%20ground%20operations.%0A-%20Comfortable%20with%20Excel%2C%20process%20follow-ups%2C%20and%20documentation.%0A-%20Locally%20based%20in%20Bangalore%20and%20available%20to%20join%20immediately%20for%20an%20on-site%20role.%0A%0AI%20would%20be%20truly%20grateful%20for%20an%20opportunity%20to%20connect%20and%20share%20my%20resume%20with%20your%20team.%0A%0AThank%20you%20very%20much%20for%20your%20time%20and%20consideration.%0A%0AWarm%20regards%2C%0AAditya%20Mehra%0APhone%3A%20%2B91%2070034%2056624%0AEmail%3A%20adityamehra799%40gmail.com%0ALocation%3A%20Bengaluru%2C%20Karnataka%0ALinkedIn%3A%20https%3A%2F%2Fwww.linkedin.com%2Fin%2Fadityamehra07,"Hi Hiring Team, I'm a fresh BBA graduate from DSU Bangalore eager to explore entry-level operations and business support roles at Titan Company. Would love to connect and follow your team's updates!","Hi Aishwarya, I noticed you're at Titan Company. I'm a fresh BBA graduate from DSU Bangalore applying for Retail Operations & Business Trainee. Would you be open to sharing any advice or referring me internally? Thank you so much!"
BLR-JOB-045,Hindustan Unilever (HUL),Customer Operations & Supply Chain Associate,8.3,Tier 3: Core Opportunities,Bengaluru / Bangalore,Curated MNC & GCC Pipeline,6,Campus Talent Team,Talent Acquisition Lead,https://www.linkedin.com/search/results/people/?keywords=Hindustan%20Unilever%20%28HUL%29%20HR%20Bangalore,Hiba Nasreen,Manager - Digital & AI - B&W Procurement,https://www.hul.co.in/careers/,Application: Entry-Level / Operations Trainee - Aditya Mehra (DSU Bangalore),"Dear Hiring Team,

I hope you are doing well.

I am a fresh graduate from Dayananda Sagar University, Bangalore (BBA in International Business, Class of 2026). I am writing to express my interest in entry-level openings or graduate trainee roles in Operations and Business Support at Hindustan Unilever (HUL).

During my studies and internships, I have gained practical exposure to operations coordination, daily documentation, and reporting. I am comfortable with MS Excel, team coordination, and handling routine operational tasks with high attention to detail.

Key points about me:
- Fresh BBA graduate, quick learner, and eager to contribute to ground operations.
- Comfortable with Excel, process follow-ups, and documentation.
- Locally based in Bangalore and available to join immediately for an on-site role.

I would be truly grateful for an opportunity to connect and share my resume with your team.

Thank you very much for your time and consideration.

Warm regards,
Aditya Mehra
Phone: +91 70034 56624
Email: adityamehra799@gmail.com
Location: Bengaluru, Karnataka
LinkedIn: https://www.linkedin.com/in/adityamehra07",mailto:careers@hindustanunilever(hul).com?subject=Application%3A%20Entry-Level%20%2F%20Operations%20Trainee%20-%20Aditya%20Mehra%20%28DSU%20Bangalore%29&body=Dear%20Hiring%20Team%2C%0A%0AI%20hope%20you%20are%20doing%20well.%0A%0AI%20am%20a%20fresh%20graduate%20from%20Dayananda%20Sagar%20University%2C%20Bangalore%20%28BBA%20in%20International%20Business%2C%20Class%20of%202026%29.%20I%20am%20writing%20to%20express%20my%20interest%20in%20entry-level%20openings%20or%20graduate%20trainee%20roles%20in%20Operations%20and%20Business%20Support%20at%20Hindustan%20Unilever%20%28HUL%29.%0A%0ADuring%20my%20studies%20and%20internships%2C%20I%20have%20gained%20practical%20exposure%20to%20operations%20coordination%2C%20daily%20documentation%2C%20and%20reporting.%20I%20am%20comfortable%20with%20MS%20Excel%2C%20team%20coordination%2C%20and%20handling%20routine%20operational%20tasks%20with%20high%20attention%20to%20detail.%0A%0AKey%20points%20about%20me%3A%0A-%20Fresh%20BBA%20graduate%2C%20quick%20learner%2C%20and%20eager%20to%20contribute%20to%20ground%20operations.%0A-%20Comfortable%20with%20Excel%2C%20process%20follow-ups%2C%20and%20documentation.%0A-%20Locally%20based%20in%20Bangalore%20and%20available%20to%20join%20immediately%20for%20an%20on-site%20role.%0A%0AI%20would%20be%20truly%20grateful%20for%20an%20opportunity%20to%20connect%20and%20share%20my%20resume%20with%20your%20team.%0A%0AThank%20you%20very%20much%20for%20your%20time%20and%20consideration.%0A%0AWarm%20regards%2C%0AAditya%20Mehra%0APhone%3A%20%2B91%2070034%2056624%0AEmail%3A%20adityamehra799%40gmail.com%0ALocation%3A%20Bengaluru%2C%20Karnataka%0ALinkedIn%3A%20https%3A%2F%2Fwww.linkedin.com%2Fin%2Fadityamehra07,"Hi Hiring Team, I'm a fresh BBA graduate from DSU Bangalore eager to explore entry-level operations and business support roles at Hindustan Unilever (HUL). Would love to connect and follow your team's updates!","Hi Hiba, I noticed you're at Hindustan Unilever (HUL). I'm a fresh BBA graduate from DSU Bangalore applying for Customer Operations & Supply Chain Associate. Would you be open to sharing any advice or referring me internally? Thank you so much!"
BLR-JOB-046,ITC Limited,Trade Operations & Logistics Management Trainee,8.2,Tier 3: Core Opportunities,Bengaluru / Bangalore,Curated MNC & GCC Pipeline,37,Manasa H N,Human Resources Generalist,https://www.linkedin.com/in/manasa-h-n-a24469230,Mrunmai Kadam,Duty Manager,https://www.itcportal.com/careers/,Application: Entry-Level / Operations Trainee - Aditya Mehra (DSU Bangalore),"Dear Manasa,

I hope you are doing well.

I am a fresh graduate from Dayananda Sagar University, Bangalore (BBA in International Business, Class of 2026). I am writing to express my interest in entry-level openings or graduate trainee roles in Operations and Business Support at ITC Limited.

During my studies and internships, I have gained practical exposure to operations coordination, daily documentation, and reporting. I am comfortable with MS Excel, team coordination, and handling routine operational tasks with high attention to detail.

Key points about me:
- Fresh BBA graduate, quick learner, and eager to contribute to ground operations.
- Comfortable with Excel, process follow-ups, and documentation.
- Locally based in Bangalore and available to join immediately for an on-site role.

I would be truly grateful for an opportunity to connect and share my resume with your team.

Thank you very much for your time and consideration.

Warm regards,
Aditya Mehra
Phone: +91 70034 56624
Email: adityamehra799@gmail.com
Location: Bengaluru, Karnataka
LinkedIn: https://www.linkedin.com/in/adityamehra07",mailto:careers@itclimited.com?subject=Application%3A%20Entry-Level%20%2F%20Operations%20Trainee%20-%20Aditya%20Mehra%20%28DSU%20Bangalore%29&body=Dear%20Manasa%2C%0A%0AI%20hope%20you%20are%20doing%20well.%0A%0AI%20am%20a%20fresh%20graduate%20from%20Dayananda%20Sagar%20University%2C%20Bangalore%20%28BBA%20in%20International%20Business%2C%20Class%20of%202026%29.%20I%20am%20writing%20to%20express%20my%20interest%20in%20entry-level%20openings%20or%20graduate%20trainee%20roles%20in%20Operations%20and%20Business%20Support%20at%20ITC%20Limited.%0A%0ADuring%20my%20studies%20and%20internships%2C%20I%20have%20gained%20practical%20exposure%20to%20operations%20coordination%2C%20daily%20documentation%2C%20and%20reporting.%20I%20am%20comfortable%20with%20MS%20Excel%2C%20team%20coordination%2C%20and%20handling%20routine%20operational%20tasks%20with%20high%20attention%20to%20detail.%0A%0AKey%20points%20about%20me%3A%0A-%20Fresh%20BBA%20graduate%2C%20quick%20learner%2C%20and%20eager%20to%20contribute%20to%20ground%20operations.%0A-%20Comfortable%20with%20Excel%2C%20process%20follow-ups%2C%20and%20documentation.%0A-%20Locally%20based%20in%20Bangalore%20and%20available%20to%20join%20immediately%20for%20an%20on-site%20role.%0A%0AI%20would%20be%20truly%20grateful%20for%20an%20opportunity%20to%20connect%20and%20share%20my%20resume%20with%20your%20team.%0A%0AThank%20you%20very%20much%20for%20your%20time%20and%20consideration.%0A%0AWarm%20regards%2C%0AAditya%20Mehra%0APhone%3A%20%2B91%2070034%2056624%0AEmail%3A%20adityamehra799%40gmail.com%0ALocation%3A%20Bengaluru%2C%20Karnataka%0ALinkedIn%3A%20https%3A%2F%2Fwww.linkedin.com%2Fin%2Fadityamehra07,"Hi Manasa, I'm a fresh BBA graduate from DSU Bangalore eager to explore entry-level operations and business support roles at ITC Limited. Would love to connect and follow your team's updates!","Hi Mrunmai, I noticed you're at ITC Limited. I'm a fresh BBA graduate from DSU Bangalore applying for Trade Operations & Logistics Management Trainee. Would you be open to sharing any advice or referring me internally? Thank you so much!"
BLR-JOB-047,Colgate-Palmolive,Supply Chain Support Associate,8.2,Tier 3: Core Opportunities,Bengaluru / Bangalore,Curated MNC & GCC Pipeline,1,Campus Talent Team,Talent Acquisition Lead,https://www.linkedin.com/search/results/people/?keywords=Colgate-Palmolive%20HR%20Bangalore,Sanjivani Mundhe,Analyst,https://www.colgatepalmolive.co.in/careers,Application: Entry-Level / Operations Trainee - Aditya Mehra (DSU Bangalore),"Dear Hiring Team,

I hope you are doing well.

I am a fresh graduate from Dayananda Sagar University, Bangalore (BBA in International Business, Class of 2026). I am writing to express my interest in entry-level openings or graduate trainee roles in Operations and Business Support at Colgate-Palmolive.

During my studies and internships, I have gained practical exposure to operations coordination, daily documentation, and reporting. I am comfortable with MS Excel, team coordination, and handling routine operational tasks with high attention to detail.

Key points about me:
- Fresh BBA graduate, quick learner, and eager to contribute to ground operations.
- Comfortable with Excel, process follow-ups, and documentation.
- Locally based in Bangalore and available to join immediately for an on-site role.

I would be truly grateful for an opportunity to connect and share my resume with your team.

Thank you very much for your time and consideration.

Warm regards,
Aditya Mehra
Phone: +91 70034 56624
Email: adityamehra799@gmail.com
Location: Bengaluru, Karnataka
LinkedIn: https://www.linkedin.com/in/adityamehra07",mailto:careers@colgate-palmolive.com?subject=Application%3A%20Entry-Level%20%2F%20Operations%20Trainee%20-%20Aditya%20Mehra%20%28DSU%20Bangalore%29&body=Dear%20Hiring%20Team%2C%0A%0AI%20hope%20you%20are%20doing%20well.%0A%0AI%20am%20a%20fresh%20graduate%20from%20Dayananda%20Sagar%20University%2C%20Bangalore%20%28BBA%20in%20International%20Business%2C%20Class%20of%202026%29.%20I%20am%20writing%20to%20express%20my%20interest%20in%20entry-level%20openings%20or%20graduate%20trainee%20roles%20in%20Operations%20and%20Business%20Support%20at%20Colgate-Palmolive.%0A%0ADuring%20my%20studies%20and%20internships%2C%20I%20have%20gained%20practical%20exposure%20to%20operations%20coordination%2C%20daily%20documentation%2C%20and%20reporting.%20I%20am%20comfortable%20with%20MS%20Excel%2C%20team%20coordination%2C%20and%20handling%20routine%20operational%20tasks%20with%20high%20attention%20to%20detail.%0A%0AKey%20points%20about%20me%3A%0A-%20Fresh%20BBA%20graduate%2C%20quick%20learner%2C%20and%20eager%20to%20contribute%20to%20ground%20operations.%0A-%20Comfortable%20with%20Excel%2C%20process%20follow-ups%2C%20and%20documentation.%0A-%20Locally%20based%20in%20Bangalore%20and%20available%20to%20join%20immediately%20for%20an%20on-site%20role.%0A%0AI%20would%20be%20truly%20grateful%20for%20an%20opportunity%20to%20connect%20and%20share%20my%20resume%20with%20your%20team.%0A%0AThank%20you%20very%20much%20for%20your%20time%20and%20consideration.%0A%0AWarm%20regards%2C%0AAditya%20Mehra%0APhone%3A%20%2B91%2070034%2056624%0AEmail%3A%20adityamehra799%40gmail.com%0ALocation%3A%20Bengaluru%2C%20Karnataka%0ALinkedIn%3A%20https%3A%2F%2Fwww.linkedin.com%2Fin%2Fadityamehra07,"Hi Hiring Team, I'm a fresh BBA graduate from DSU Bangalore eager to explore entry-level operations and business support roles at Colgate-Palmolive. Would love to connect and follow your team's updates!","Hi Sanjivani, I noticed you're at Colgate-Palmolive. I'm a fresh BBA graduate from DSU Bangalore applying for Supply Chain Support Associate. Would you be open to sharing any advice or referring me internally? Thank you so much!"
BLR-JOB-048,3M India,Industrial Operations Support Specialist,8.1,Tier 3: Core Opportunities,Bengaluru / Bangalore,Curated MNC & GCC Pipeline,1,Anusha Ramachandra,Human Resources Manager,https://www.linkedin.com/in/anusha-ramachandra-31022057,Anusha Ramachandra,Human Resources Manager,https://www.3m.co.in/3M/en_IN/company-in/careers/,Application: Entry-Level / Operations Trainee - Aditya Mehra (DSU Bangalore),"Dear Anusha,

I hope you are doing well.

I am a fresh graduate from Dayananda Sagar University, Bangalore (BBA in International Business, Class of 2026). I am writing to express my interest in entry-level openings or graduate trainee roles in Operations and Business Support at 3M India.

During my studies and internships, I have gained practical exposure to operations coordination, daily documentation, and reporting. I am comfortable with MS Excel, team coordination, and handling routine operational tasks with high attention to detail.

Key points about me:
- Fresh BBA graduate, quick learner, and eager to contribute to ground operations.
- Comfortable with Excel, process follow-ups, and documentation.
- Locally based in Bangalore and available to join immediately for an on-site role.

I would be truly grateful for an opportunity to connect and share my resume with your team.

Thank you very much for your time and consideration.

Warm regards,
Aditya Mehra
Phone: +91 70034 56624
Email: adityamehra799@gmail.com
Location: Bengaluru, Karnataka
LinkedIn: https://www.linkedin.com/in/adityamehra07",mailto:careers@3mindia.com?subject=Application%3A%20Entry-Level%20%2F%20Operations%20Trainee%20-%20Aditya%20Mehra%20%28DSU%20Bangalore%29&body=Dear%20Anusha%2C%0A%0AI%20hope%20you%20are%20doing%20well.%0A%0AI%20am%20a%20fresh%20graduate%20from%20Dayananda%20Sagar%20University%2C%20Bangalore%20%28BBA%20in%20International%20Business%2C%20Class%20of%202026%29.%20I%20am%20writing%20to%20express%20my%20interest%20in%20entry-level%20openings%20or%20graduate%20trainee%20roles%20in%20Operations%20and%20Business%20Support%20at%203M%20India.%0A%0ADuring%20my%20studies%20and%20internships%2C%20I%20have%20gained%20practical%20exposure%20to%20operations%20coordination%2C%20daily%20documentation%2C%20and%20reporting.%20I%20am%20comfortable%20with%20MS%20Excel%2C%20team%20coordination%2C%20and%20handling%20routine%20operational%20tasks%20with%20high%20attention%20to%20detail.%0A%0AKey%20points%20about%20me%3A%0A-%20Fresh%20BBA%20graduate%2C%20quick%20learner%2C%20and%20eager%20to%20contribute%20to%20ground%20operations.%0A-%20Comfortable%20with%20Excel%2C%20process%20follow-ups%2C%20and%20documentation.%0A-%20Locally%20based%20in%20Bangalore%20and%20available%20to%20join%20immediately%20for%20an%20on-site%20role.%0A%0AI%20would%20be%20truly%20grateful%20for%20an%20opportunity%20to%20connect%20and%20share%20my%20resume%20with%20your%20team.%0A%0AThank%20you%20very%20much%20for%20your%20time%20and%20consideration.%0A%0AWarm%20regards%2C%0AAditya%20Mehra%0APhone%3A%20%2B91%2070034%2056624%0AEmail%3A%20adityamehra799%40gmail.com%0ALocation%3A%20Bengaluru%2C%20Karnataka%0ALinkedIn%3A%20https%3A%2F%2Fwww.linkedin.com%2Fin%2Fadityamehra07,"Hi Anusha, I'm a fresh BBA graduate from DSU Bangalore eager to explore entry-level operations and business support roles at 3M India. Would love to connect and follow your team's updates!","Hi Anusha, I noticed you're at 3M India. I'm a fresh BBA graduate from DSU Bangalore applying for Industrial Operations Support Specialist. Would you be open to sharing any advice or referring me internally? Thank you so much!"
BLR-JOB-049,Pfizer India,Commercial Operations & Data Trainee,8.1,Tier 3: Core Opportunities,Bengaluru / Bangalore,Curated MNC & GCC Pipeline,0,Campus Talent Team,Talent Acquisition Lead,https://www.linkedin.com/search/results/people/?keywords=Pfizer%20India%20HR%20Bangalore,,,https://www.pfizer.co.in/careers,Application: Entry-Level / Operations Trainee - Aditya Mehra (DSU Bangalore),"Dear Hiring Team,

I hope you are doing well.

I am a fresh graduate from Dayananda Sagar University, Bangalore (BBA in International Business, Class of 2026). I am writing to express my interest in entry-level openings or graduate trainee roles in Operations and Business Support at Pfizer India.

During my studies and internships, I have gained practical exposure to operations coordination, daily documentation, and reporting. I am comfortable with MS Excel, team coordination, and handling routine operational tasks with high attention to detail.

Key points about me:
- Fresh BBA graduate, quick learner, and eager to contribute to ground operations.
- Comfortable with Excel, process follow-ups, and documentation.
- Locally based in Bangalore and available to join immediately for an on-site role.

I would be truly grateful for an opportunity to connect and share my resume with your team.

Thank you very much for your time and consideration.

Warm regards,
Aditya Mehra
Phone: +91 70034 56624
Email: adityamehra799@gmail.com
Location: Bengaluru, Karnataka
LinkedIn: https://www.linkedin.com/in/adityamehra07",mailto:careers@pfizerindia.com?subject=Application%3A%20Entry-Level%20%2F%20Operations%20Trainee%20-%20Aditya%20Mehra%20%28DSU%20Bangalore%29&body=Dear%20Hiring%20Team%2C%0A%0AI%20hope%20you%20are%20doing%20well.%0A%0AI%20am%20a%20fresh%20graduate%20from%20Dayananda%20Sagar%20University%2C%20Bangalore%20%28BBA%20in%20International%20Business%2C%20Class%20of%202026%29.%20I%20am%20writing%20to%20express%20my%20interest%20in%20entry-level%20openings%20or%20graduate%20trainee%20roles%20in%20Operations%20and%20Business%20Support%20at%20Pfizer%20India.%0A%0ADuring%20my%20studies%20and%20internships%2C%20I%20have%20gained%20practical%20exposure%20to%20operations%20coordination%2C%20daily%20documentation%2C%20and%20reporting.%20I%20am%20comfortable%20with%20MS%20Excel%2C%20team%20coordination%2C%20and%20handling%20routine%20operational%20tasks%20with%20high%20attention%20to%20detail.%0A%0AKey%20points%20about%20me%3A%0A-%20Fresh%20BBA%20graduate%2C%20quick%20learner%2C%20and%20eager%20to%20contribute%20to%20ground%20operations.%0A-%20Comfortable%20with%20Excel%2C%20process%20follow-ups%2C%20and%20documentation.%0A-%20Locally%20based%20in%20Bangalore%20and%20available%20to%20join%20immediately%20for%20an%20on-site%20role.%0A%0AI%20would%20be%20truly%20grateful%20for%20an%20opportunity%20to%20connect%20and%20share%20my%20resume%20with%20your%20team.%0A%0AThank%20you%20very%20much%20for%20your%20time%20and%20consideration.%0A%0AWarm%20regards%2C%0AAditya%20Mehra%0APhone%3A%20%2B91%2070034%2056624%0AEmail%3A%20adityamehra799%40gmail.com%0ALocation%3A%20Bengaluru%2C%20Karnataka%0ALinkedIn%3A%20https%3A%2F%2Fwww.linkedin.com%2Fin%2Fadityamehra07,"Hi Hiring Team, I'm a fresh BBA graduate from DSU Bangalore eager to explore entry-level operations and business support roles at Pfizer India. Would love to connect and follow your team's updates!","Hi Colleague, I noticed you're at Pfizer India. I'm a fresh BBA graduate from DSU Bangalore applying for Commercial Operations & Data Trainee. Would you be open to sharing any advice or referring me internally? Thank you so much!"
BLR-JOB-050,AstraZeneca India,Commercial Operations Support Specialist,8.0,Tier 3: Core Opportunities,Bengaluru / Bangalore,Curated MNC & GCC Pipeline,5,Arpita Patra,HR Recruitment Advisor,https://www.linkedin.com/in/arpita-patra-996a7b209,Sri Poojitha,Partner's Office Intern,https://www.astrazeneca.in/careers.html,Application: Entry-Level / Operations Trainee - Aditya Mehra (DSU Bangalore),"Dear Arpita,

I hope you are doing well.

I am a fresh graduate from Dayananda Sagar University, Bangalore (BBA in International Business, Class of 2026). I am writing to express my interest in entry-level openings or graduate trainee roles in Operations and Business Support at AstraZeneca India.

During my studies and internships, I have gained practical exposure to operations coordination, daily documentation, and reporting. I am comfortable with MS Excel, team coordination, and handling routine operational tasks with high attention to detail.

Key points about me:
- Fresh BBA graduate, quick learner, and eager to contribute to ground operations.
- Comfortable with Excel, process follow-ups, and documentation.
- Locally based in Bangalore and available to join immediately for an on-site role.

I would be truly grateful for an opportunity to connect and share my resume with your team.

Thank you very much for your time and consideration.

Warm regards,
Aditya Mehra
Phone: +91 70034 56624
Email: adityamehra799@gmail.com
Location: Bengaluru, Karnataka
LinkedIn: https://www.linkedin.com/in/adityamehra07",mailto:careers@astrazenecaindia.com?subject=Application%3A%20Entry-Level%20%2F%20Operations%20Trainee%20-%20Aditya%20Mehra%20%28DSU%20Bangalore%29&body=Dear%20Arpita%2C%0A%0AI%20hope%20you%20are%20doing%20well.%0A%0AI%20am%20a%20fresh%20graduate%20from%20Dayananda%20Sagar%20University%2C%20Bangalore%20%28BBA%20in%20International%20Business%2C%20Class%20of%202026%29.%20I%20am%20writing%20to%20express%20my%20interest%20in%20entry-level%20openings%20or%20graduate%20trainee%20roles%20in%20Operations%20and%20Business%20Support%20at%20AstraZeneca%20India.%0A%0ADuring%20my%20studies%20and%20internships%2C%20I%20have%20gained%20practical%20exposure%20to%20operations%20coordination%2C%20daily%20documentation%2C%20and%20reporting.%20I%20am%20comfortable%20with%20MS%20Excel%2C%20team%20coordination%2C%20and%20handling%20routine%20operational%20tasks%20with%20high%20attention%20to%20detail.%0A%0AKey%20points%20about%20me%3A%0A-%20Fresh%20BBA%20graduate%2C%20quick%20learner%2C%20and%20eager%20to%20contribute%20to%20ground%20operations.%0A-%20Comfortable%20with%20Excel%2C%20process%20follow-ups%2C%20and%20documentation.%0A-%20Locally%20based%20in%20Bangalore%20and%20available%20to%20join%20immediately%20for%20an%20on-site%20role.%0A%0AI%20would%20be%20truly%20grateful%20for%20an%20opportunity%20to%20connect%20and%20share%20my%20resume%20with%20your%20team.%0A%0AThank%20you%20very%20much%20for%20your%20time%20and%20consideration.%0A%0AWarm%20regards%2C%0AAditya%20Mehra%0APhone%3A%20%2B91%2070034%2056624%0AEmail%3A%20adityamehra799%40gmail.com%0ALocation%3A%20Bengaluru%2C%20Karnataka%0ALinkedIn%3A%20https%3A%2F%2Fwww.linkedin.com%2Fin%2Fadityamehra07,"Hi Arpita, I'm a fresh BBA graduate from DSU Bangalore eager to explore entry-level operations and business support roles at AstraZeneca India. Would love to connect and follow your team's updates!","Hi Sri, I noticed you're at AstraZeneca India. I'm a fresh BBA graduate from DSU Bangalore applying for Commercial Operations Support Specialist. Would you be open to sharing any advice or referring me internally? Thank you so much!"
BLR-JOB-051,Novartis India,Business Operations Support Associate,8.0,Tier 3: Core Opportunities,Bengaluru / Bangalore,Curated MNC & GCC Pipeline,1,Campus Talent Team,Talent Acquisition Lead,https://www.linkedin.com/search/results/people/?keywords=Novartis%20India%20HR%20Bangalore,Meenakshi P M,Associate Analyst Data Science,https://www.novartis.in/careers,Application: Entry-Level / Operations Trainee - Aditya Mehra (DSU Bangalore),"Dear Hiring Team,

I hope you are doing well.

I am a fresh graduate from Dayananda Sagar University, Bangalore (BBA in International Business, Class of 2026). I am writing to express my interest in entry-level openings or graduate trainee roles in Operations and Business Support at Novartis India.

During my studies and internships, I have gained practical exposure to operations coordination, daily documentation, and reporting. I am comfortable with MS Excel, team coordination, and handling routine operational tasks with high attention to detail.

Key points about me:
- Fresh BBA graduate, quick learner, and eager to contribute to ground operations.
- Comfortable with Excel, process follow-ups, and documentation.
- Locally based in Bangalore and available to join immediately for an on-site role.

I would be truly grateful for an opportunity to connect and share my resume with your team.

Thank you very much for your time and consideration.

Warm regards,
Aditya Mehra
Phone: +91 70034 56624
Email: adityamehra799@gmail.com
Location: Bengaluru, Karnataka
LinkedIn: https://www.linkedin.com/in/adityamehra07",mailto:careers@novartisindia.com?subject=Application%3A%20Entry-Level%20%2F%20Operations%20Trainee%20-%20Aditya%20Mehra%20%28DSU%20Bangalore%29&body=Dear%20Hiring%20Team%2C%0A%0AI%20hope%20you%20are%20doing%20well.%0A%0AI%20am%20a%20fresh%20graduate%20from%20Dayananda%20Sagar%20University%2C%20Bangalore%20%28BBA%20in%20International%20Business%2C%20Class%20of%202026%29.%20I%20am%20writing%20to%20express%20my%20interest%20in%20entry-level%20openings%20or%20graduate%20trainee%20roles%20in%20Operations%20and%20Business%20Support%20at%20Novartis%20India.%0A%0ADuring%20my%20studies%20and%20internships%2C%20I%20have%20gained%20practical%20exposure%20to%20operations%20coordination%2C%20daily%20documentation%2C%20and%20reporting.%20I%20am%20comfortable%20with%20MS%20Excel%2C%20team%20coordination%2C%20and%20handling%20routine%20operational%20tasks%20with%20high%20attention%20to%20detail.%0A%0AKey%20points%20about%20me%3A%0A-%20Fresh%20BBA%20graduate%2C%20quick%20learner%2C%20and%20eager%20to%20contribute%20to%20ground%20operations.%0A-%20Comfortable%20with%20Excel%2C%20process%20follow-ups%2C%20and%20documentation.%0A-%20Locally%20based%20in%20Bangalore%20and%20available%20to%20join%20immediately%20for%20an%20on-site%20role.%0A%0AI%20would%20be%20truly%20grateful%20for%20an%20opportunity%20to%20connect%20and%20share%20my%20resume%20with%20your%20team.%0A%0AThank%20you%20very%20much%20for%20your%20time%20and%20consideration.%0A%0AWarm%20regards%2C%0AAditya%20Mehra%0APhone%3A%20%2B91%2070034%2056624%0AEmail%3A%20adityamehra799%40gmail.com%0ALocation%3A%20Bengaluru%2C%20Karnataka%0ALinkedIn%3A%20https%3A%2F%2Fwww.linkedin.com%2Fin%2Fadityamehra07,"Hi Hiring Team, I'm a fresh BBA graduate from DSU Bangalore eager to explore entry-level operations and business support roles at Novartis India. Would love to connect and follow your team's updates!","Hi Meenakshi, I noticed you're at Novartis India. I'm a fresh BBA graduate from DSU Bangalore applying for Business Operations Support Associate. Would you be open to sharing any advice or referring me internally? Thank you so much!"
BLR-JOB-052,Eurofins Scientific,Analytical Operations Support Trainee,8.0,Tier 3: Core Opportunities,Bengaluru / Bangalore,Curated MNC & GCC Pipeline,2,Priyanka Krishna,Senior Talent Acquisition Executive - Offer Negotiations,https://www.linkedin.com/in/priyankakrishna95,Bharathi R,Associate,https://www.eurofins.in/careers/,Application: Entry-Level / Operations Trainee - Aditya Mehra (DSU Bangalore),"Dear Priyanka,

I hope you are doing well.

I am a fresh graduate from Dayananda Sagar University, Bangalore (BBA in International Business, Class of 2026). I am writing to express my interest in entry-level openings or graduate trainee roles in Operations and Business Support at Eurofins Scientific.

During my studies and internships, I have gained practical exposure to operations coordination, daily documentation, and reporting. I am comfortable with MS Excel, team coordination, and handling routine operational tasks with high attention to detail.

Key points about me:
- Fresh BBA graduate, quick learner, and eager to contribute to ground operations.
- Comfortable with Excel, process follow-ups, and documentation.
- Locally based in Bangalore and available to join immediately for an on-site role.

I would be truly grateful for an opportunity to connect and share my resume with your team.

Thank you very much for your time and consideration.

Warm regards,
Aditya Mehra
Phone: +91 70034 56624
Email: adityamehra799@gmail.com
Location: Bengaluru, Karnataka
LinkedIn: https://www.linkedin.com/in/adityamehra07",mailto:careers@eurofinsscientific.com?subject=Application%3A%20Entry-Level%20%2F%20Operations%20Trainee%20-%20Aditya%20Mehra%20%28DSU%20Bangalore%29&body=Dear%20Priyanka%2C%0A%0AI%20hope%20you%20are%20doing%20well.%0A%0AI%20am%20a%20fresh%20graduate%20from%20Dayananda%20Sagar%20University%2C%20Bangalore%20%28BBA%20in%20International%20Business%2C%20Class%20of%202026%29.%20I%20am%20writing%20to%20express%20my%20interest%20in%20entry-level%20openings%20or%20graduate%20trainee%20roles%20in%20Operations%20and%20Business%20Support%20at%20Eurofins%20Scientific.%0A%0ADuring%20my%20studies%20and%20internships%2C%20I%20have%20gained%20practical%20exposure%20to%20operations%20coordination%2C%20daily%20documentation%2C%20and%20reporting.%20I%20am%20comfortable%20with%20MS%20Excel%2C%20team%20coordination%2C%20and%20handling%20routine%20operational%20tasks%20with%20high%20attention%20to%20detail.%0A%0AKey%20points%20about%20me%3A%0A-%20Fresh%20BBA%20graduate%2C%20quick%20learner%2C%20and%20eager%20to%20contribute%20to%20ground%20operations.%0A-%20Comfortable%20with%20Excel%2C%20process%20follow-ups%2C%20and%20documentation.%0A-%20Locally%20based%20in%20Bangalore%20and%20available%20to%20join%20immediately%20for%20an%20on-site%20role.%0A%0AI%20would%20be%20truly%20grateful%20for%20an%20opportunity%20to%20connect%20and%20share%20my%20resume%20with%20your%20team.%0A%0AThank%20you%20very%20much%20for%20your%20time%20and%20consideration.%0A%0AWarm%20regards%2C%0AAditya%20Mehra%0APhone%3A%20%2B91%2070034%2056624%0AEmail%3A%20adityamehra799%40gmail.com%0ALocation%3A%20Bengaluru%2C%20Karnataka%0ALinkedIn%3A%20https%3A%2F%2Fwww.linkedin.com%2Fin%2Fadityamehra07,"Hi Priyanka, I'm a fresh BBA graduate from DSU Bangalore eager to explore entry-level operations and business support roles at Eurofins Scientific. Would love to connect and follow your team's updates!","Hi Bharathi, I noticed you're at Eurofins Scientific. I'm a fresh BBA graduate from DSU Bangalore applying for Analytical Operations Support Trainee. Would you be open to sharing any advice or referring me internally? Thank you so much!"
BLR-JOB-053,WeWork India,Community & Event Operations Lead,8.0,Tier 3: Core Opportunities,Bengaluru / Bangalore,Curated MNC & GCC Pipeline,1,Campus Talent Team,Talent Acquisition Lead,https://www.linkedin.com/search/results/people/?keywords=WeWork%20India%20HR%20Bangalore,Sri Swetha,Finance Associate,https://wework.co.in/careers,Application: Entry-Level / Operations Trainee - Aditya Mehra (DSU Bangalore),"Dear Hiring Team,

I hope you are doing well.

I am a fresh graduate from Dayananda Sagar University, Bangalore (BBA in International Business, Class of 2026). I am writing to express my interest in entry-level openings or graduate trainee roles in Operations and Business Support at WeWork India.

During my studies and internships, I have gained practical exposure to operations coordination, daily documentation, and reporting. I am comfortable with MS Excel, team coordination, and handling routine operational tasks with high attention to detail.

Key points about me:
- Fresh BBA graduate, quick learner, and eager to contribute to ground operations.
- Comfortable with Excel, process follow-ups, and documentation.
- Locally based in Bangalore and available to join immediately for an on-site role.

I would be truly grateful for an opportunity to connect and share my resume with your team.

Thank you very much for your time and consideration.

Warm regards,
Aditya Mehra
Phone: +91 70034 56624
Email: adityamehra799@gmail.com
Location: Bengaluru, Karnataka
LinkedIn: https://www.linkedin.com/in/adityamehra07",mailto:careers@weworkindia.com?subject=Application%3A%20Entry-Level%20%2F%20Operations%20Trainee%20-%20Aditya%20Mehra%20%28DSU%20Bangalore%29&body=Dear%20Hiring%20Team%2C%0A%0AI%20hope%20you%20are%20doing%20well.%0A%0AI%20am%20a%20fresh%20graduate%20from%20Dayananda%20Sagar%20University%2C%20Bangalore%20%28BBA%20in%20International%20Business%2C%20Class%20of%202026%29.%20I%20am%20writing%20to%20express%20my%20interest%20in%20entry-level%20openings%20or%20graduate%20trainee%20roles%20in%20Operations%20and%20Business%20Support%20at%20WeWork%20India.%0A%0ADuring%20my%20studies%20and%20internships%2C%20I%20have%20gained%20practical%20exposure%20to%20operations%20coordination%2C%20daily%20documentation%2C%20and%20reporting.%20I%20am%20comfortable%20with%20MS%20Excel%2C%20team%20coordination%2C%20and%20handling%20routine%20operational%20tasks%20with%20high%20attention%20to%20detail.%0A%0AKey%20points%20about%20me%3A%0A-%20Fresh%20BBA%20graduate%2C%20quick%20learner%2C%20and%20eager%20to%20contribute%20to%20ground%20operations.%0A-%20Comfortable%20with%20Excel%2C%20process%20follow-ups%2C%20and%20documentation.%0A-%20Locally%20based%20in%20Bangalore%20and%20available%20to%20join%20immediately%20for%20an%20on-site%20role.%0A%0AI%20would%20be%20truly%20grateful%20for%20an%20opportunity%20to%20connect%20and%20share%20my%20resume%20with%20your%20team.%0A%0AThank%20you%20very%20much%20for%20your%20time%20and%20consideration.%0A%0AWarm%20regards%2C%0AAditya%20Mehra%0APhone%3A%20%2B91%2070034%2056624%0AEmail%3A%20adityamehra799%40gmail.com%0ALocation%3A%20Bengaluru%2C%20Karnataka%0ALinkedIn%3A%20https%3A%2F%2Fwww.linkedin.com%2Fin%2Fadityamehra07,"Hi Hiring Team, I'm a fresh BBA graduate from DSU Bangalore eager to explore entry-level operations and business support roles at WeWork India. Would love to connect and follow your team's updates!","Hi Sri, I noticed you're at WeWork India. I'm a fresh BBA graduate from DSU Bangalore applying for Community & Event Operations Lead. Would you be open to sharing any advice or referring me internally? Thank you so much!"
BLR-JOB-054,Awfis Space Solutions,Center Operations & Client Success Manager,8.0,Tier 3: Core Opportunities,Bengaluru / Bangalore,Curated MNC & GCC Pipeline,1,Campus Talent Team,Talent Acquisition Lead,https://www.linkedin.com/search/results/people/?keywords=Awfis%20Space%20Solutions%20HR%20Bangalore,Nishtha Gupta,Senior Financial Services Account Associate,https://www.awfis.com/careers,Application: Entry-Level / Operations Trainee - Aditya Mehra (DSU Bangalore),"Dear Hiring Team,

I hope you are doing well.

I am a fresh graduate from Dayananda Sagar University, Bangalore (BBA in International Business, Class of 2026). I am writing to express my interest in entry-level openings or graduate trainee roles in Operations and Business Support at Awfis Space Solutions.

During my studies and internships, I have gained practical exposure to operations coordination, daily documentation, and reporting. I am comfortable with MS Excel, team coordination, and handling routine operational tasks with high attention to detail.

Key points about me:
- Fresh BBA graduate, quick learner, and eager to contribute to ground operations.
- Comfortable with Excel, process follow-ups, and documentation.
- Locally based in Bangalore and available to join immediately for an on-site role.

I would be truly grateful for an opportunity to connect and share my resume with your team.

Thank you very much for your time and consideration.

Warm regards,
Aditya Mehra
Phone: +91 70034 56624
Email: adityamehra799@gmail.com
Location: Bengaluru, Karnataka
LinkedIn: https://www.linkedin.com/in/adityamehra07",mailto:careers@awfisspacesolutions.com?subject=Application%3A%20Entry-Level%20%2F%20Operations%20Trainee%20-%20Aditya%20Mehra%20%28DSU%20Bangalore%29&body=Dear%20Hiring%20Team%2C%0A%0AI%20hope%20you%20are%20doing%20well.%0A%0AI%20am%20a%20fresh%20graduate%20from%20Dayananda%20Sagar%20University%2C%20Bangalore%20%28BBA%20in%20International%20Business%2C%20Class%20of%202026%29.%20I%20am%20writing%20to%20express%20my%20interest%20in%20entry-level%20openings%20or%20graduate%20trainee%20roles%20in%20Operations%20and%20Business%20Support%20at%20Awfis%20Space%20Solutions.%0A%0ADuring%20my%20studies%20and%20internships%2C%20I%20have%20gained%20practical%20exposure%20to%20operations%20coordination%2C%20daily%20documentation%2C%20and%20reporting.%20I%20am%20comfortable%20with%20MS%20Excel%2C%20team%20coordination%2C%20and%20handling%20routine%20operational%20tasks%20with%20high%20attention%20to%20detail.%0A%0AKey%20points%20about%20me%3A%0A-%20Fresh%20BBA%20graduate%2C%20quick%20learner%2C%20and%20eager%20to%20contribute%20to%20ground%20operations.%0A-%20Comfortable%20with%20Excel%2C%20process%20follow-ups%2C%20and%20documentation.%0A-%20Locally%20based%20in%20Bangalore%20and%20available%20to%20join%20immediately%20for%20an%20on-site%20role.%0A%0AI%20would%20be%20truly%20grateful%20for%20an%20opportunity%20to%20connect%20and%20share%20my%20resume%20with%20your%20team.%0A%0AThank%20you%20very%20much%20for%20your%20time%20and%20consideration.%0A%0AWarm%20regards%2C%0AAditya%20Mehra%0APhone%3A%20%2B91%2070034%2056624%0AEmail%3A%20adityamehra799%40gmail.com%0ALocation%3A%20Bengaluru%2C%20Karnataka%0ALinkedIn%3A%20https%3A%2F%2Fwww.linkedin.com%2Fin%2Fadityamehra07,"Hi Hiring Team, I'm a fresh BBA graduate from DSU Bangalore eager to explore entry-level operations and business support roles at Awfis Space Solutions. Would love to connect and follow your team's updates!","Hi Nishtha, I noticed you're at Awfis Space Solutions. I'm a fresh BBA graduate from DSU Bangalore applying for Center Operations & Client Success Manager. Would you be open to sharing any advice or referring me internally? Thank you so much!"
BLR-JOB-055,Indiqube,Workspace Operations Executive,8.0,Tier 3: Core Opportunities,Bengaluru / Bangalore,Curated MNC & GCC Pipeline,0,Campus Talent Team,Talent Acquisition Lead,https://www.linkedin.com/search/results/people/?keywords=Indiqube%20HR%20Bangalore,,,https://indiqube.com/careers,Application: Entry-Level / Operations Trainee - Aditya Mehra (DSU Bangalore),"Dear Hiring Team,

I hope you are doing well.

I am a fresh graduate from Dayananda Sagar University, Bangalore (BBA in International Business, Class of 2026). I am writing to express my interest in entry-level openings or graduate trainee roles in Operations and Business Support at Indiqube.

During my studies and internships, I have gained practical exposure to operations coordination, daily documentation, and reporting. I am comfortable with MS Excel, team coordination, and handling routine operational tasks with high attention to detail.

Key points about me:
- Fresh BBA graduate, quick learner, and eager to contribute to ground operations.
- Comfortable with Excel, process follow-ups, and documentation.
- Locally based in Bangalore and available to join immediately for an on-site role.

I would be truly grateful for an opportunity to connect and share my resume with your team.

Thank you very much for your time and consideration.

Warm regards,
Aditya Mehra
Phone: +91 70034 56624
Email: adityamehra799@gmail.com
Location: Bengaluru, Karnataka
LinkedIn: https://www.linkedin.com/in/adityamehra07",mailto:careers@indiqube.com?subject=Application%3A%20Entry-Level%20%2F%20Operations%20Trainee%20-%20Aditya%20Mehra%20%28DSU%20Bangalore%29&body=Dear%20Hiring%20Team%2C%0A%0AI%20hope%20you%20are%20doing%20well.%0A%0AI%20am%20a%20fresh%20graduate%20from%20Dayananda%20Sagar%20University%2C%20Bangalore%20%28BBA%20in%20International%20Business%2C%20Class%20of%202026%29.%20I%20am%20writing%20to%20express%20my%20interest%20in%20entry-level%20openings%20or%20graduate%20trainee%20roles%20in%20Operations%20and%20Business%20Support%20at%20Indiqube.%0A%0ADuring%20my%20studies%20and%20internships%2C%20I%20have%20gained%20practical%20exposure%20to%20operations%20coordination%2C%20daily%20documentation%2C%20and%20reporting.%20I%20am%20comfortable%20with%20MS%20Excel%2C%20team%20coordination%2C%20and%20handling%20routine%20operational%20tasks%20with%20high%20attention%20to%20detail.%0A%0AKey%20points%20about%20me%3A%0A-%20Fresh%20BBA%20graduate%2C%20quick%20learner%2C%20and%20eager%20to%20contribute%20to%20ground%20operations.%0A-%20Comfortable%20with%20Excel%2C%20process%20follow-ups%2C%20and%20documentation.%0A-%20Locally%20based%20in%20Bangalore%20and%20available%20to%20join%20immediately%20for%20an%20on-site%20role.%0A%0AI%20would%20be%20truly%20grateful%20for%20an%20opportunity%20to%20connect%20and%20share%20my%20resume%20with%20your%20team.%0A%0AThank%20you%20very%20much%20for%20your%20time%20and%20consideration.%0A%0AWarm%20regards%2C%0AAditya%20Mehra%0APhone%3A%20%2B91%2070034%2056624%0AEmail%3A%20adityamehra799%40gmail.com%0ALocation%3A%20Bengaluru%2C%20Karnataka%0ALinkedIn%3A%20https%3A%2F%2Fwww.linkedin.com%2Fin%2Fadityamehra07,"Hi Hiring Team, I'm a fresh BBA graduate from DSU Bangalore eager to explore entry-level operations and business support roles at Indiqube. Would love to connect and follow your team's updates!","Hi Colleague, I noticed you're at Indiqube. I'm a fresh BBA graduate from DSU Bangalore applying for Workspace Operations Executive. Would you be open to sharing any advice or referring me internally? Thank you so much!"
BLR-JOB-056,Swiggy,Field Operations & Supply Chain Trainee,7.8,Tier 3: Core Opportunities,Bengaluru / Bangalore,Curated MNC & GCC Pipeline,8,Prerna Khedkar,Senior Executive Human Resources,https://www.linkedin.com/in/prernakhedkar,ANANYA G,Lead,https://careers.swiggy.com/,Application: Entry-Level / Operations Trainee - Aditya Mehra (DSU Bangalore),"Dear Prerna,

I hope you are doing well.

I am a fresh graduate from Dayananda Sagar University, Bangalore (BBA in International Business, Class of 2026). I am writing to express my interest in entry-level openings or graduate trainee roles in Operations and Business Support at Swiggy.

During my studies and internships, I have gained practical exposure to operations coordination, daily documentation, and reporting. I am comfortable with MS Excel, team coordination, and handling routine operational tasks with high attention to detail.

Key points about me:
- Fresh BBA graduate, quick learner, and eager to contribute to ground operations.
- Comfortable with Excel, process follow-ups, and documentation.
- Locally based in Bangalore and available to join immediately for an on-site role.

I would be truly grateful for an opportunity to connect and share my resume with your team.

Thank you very much for your time and consideration.

Warm regards,
Aditya Mehra
Phone: +91 70034 56624
Email: adityamehra799@gmail.com
Location: Bengaluru, Karnataka
LinkedIn: https://www.linkedin.com/in/adityamehra07",mailto:careers@swiggy.com?subject=Application%3A%20Entry-Level%20%2F%20Operations%20Trainee%20-%20Aditya%20Mehra%20%28DSU%20Bangalore%29&body=Dear%20Prerna%2C%0A%0AI%20hope%20you%20are%20doing%20well.%0A%0AI%20am%20a%20fresh%20graduate%20from%20Dayananda%20Sagar%20University%2C%20Bangalore%20%28BBA%20in%20International%20Business%2C%20Class%20of%202026%29.%20I%20am%20writing%20to%20express%20my%20interest%20in%20entry-level%20openings%20or%20graduate%20trainee%20roles%20in%20Operations%20and%20Business%20Support%20at%20Swiggy.%0A%0ADuring%20my%20studies%20and%20internships%2C%20I%20have%20gained%20practical%20exposure%20to%20operations%20coordination%2C%20daily%20documentation%2C%20and%20reporting.%20I%20am%20comfortable%20with%20MS%20Excel%2C%20team%20coordination%2C%20and%20handling%20routine%20operational%20tasks%20with%20high%20attention%20to%20detail.%0A%0AKey%20points%20about%20me%3A%0A-%20Fresh%20BBA%20graduate%2C%20quick%20learner%2C%20and%20eager%20to%20contribute%20to%20ground%20operations.%0A-%20Comfortable%20with%20Excel%2C%20process%20follow-ups%2C%20and%20documentation.%0A-%20Locally%20based%20in%20Bangalore%20and%20available%20to%20join%20immediately%20for%20an%20on-site%20role.%0A%0AI%20would%20be%20truly%20grateful%20for%20an%20opportunity%20to%20connect%20and%20share%20my%20resume%20with%20your%20team.%0A%0AThank%20you%20very%20much%20for%20your%20time%20and%20consideration.%0A%0AWarm%20regards%2C%0AAditya%20Mehra%0APhone%3A%20%2B91%2070034%2056624%0AEmail%3A%20adityamehra799%40gmail.com%0ALocation%3A%20Bengaluru%2C%20Karnataka%0ALinkedIn%3A%20https%3A%2F%2Fwww.linkedin.com%2Fin%2Fadityamehra07,"Hi Prerna, I'm a fresh BBA graduate from DSU Bangalore eager to explore entry-level operations and business support roles at Swiggy. Would love to connect and follow your team's updates!","Hi ANANYA, I noticed you're at Swiggy. I'm a fresh BBA graduate from DSU Bangalore applying for Field Operations & Supply Chain Trainee. Would you be open to sharing any advice or referring me internally? Thank you so much!"
BLR-JOB-057,Zomato,Restaurant Operations Lead,7.7,Tier 3: Core Opportunities,Bengaluru / Bangalore,Curated MNC & GCC Pipeline,1,Campus Talent Team,Talent Acquisition Lead,https://www.linkedin.com/search/results/people/?keywords=Zomato%20HR%20Bangalore,Sarah Zia Rasheed,Key Account Manager,https://www.zomato.com/careers,Application: Entry-Level / Operations Trainee - Aditya Mehra (DSU Bangalore),"Dear Hiring Team,

I hope you are doing well.

I am a fresh graduate from Dayananda Sagar University, Bangalore (BBA in International Business, Class of 2026). I am writing to express my interest in entry-level openings or graduate trainee roles in Operations and Business Support at Zomato.

During my studies and internships, I have gained practical exposure to operations coordination, daily documentation, and reporting. I am comfortable with MS Excel, team coordination, and handling routine operational tasks with high attention to detail.

Key points about me:
- Fresh BBA graduate, quick learner, and eager to contribute to ground operations.
- Comfortable with Excel, process follow-ups, and documentation.
- Locally based in Bangalore and available to join immediately for an on-site role.

I would be truly grateful for an opportunity to connect and share my resume with your team.

Thank you very much for your time and consideration.

Warm regards,
Aditya Mehra
Phone: +91 70034 56624
Email: adityamehra799@gmail.com
Location: Bengaluru, Karnataka
LinkedIn: https://www.linkedin.com/in/adityamehra07",mailto:careers@zomato.com?subject=Application%3A%20Entry-Level%20%2F%20Operations%20Trainee%20-%20Aditya%20Mehra%20%28DSU%20Bangalore%29&body=Dear%20Hiring%20Team%2C%0A%0AI%20hope%20you%20are%20doing%20well.%0A%0AI%20am%20a%20fresh%20graduate%20from%20Dayananda%20Sagar%20University%2C%20Bangalore%20%28BBA%20in%20International%20Business%2C%20Class%20of%202026%29.%20I%20am%20writing%20to%20express%20my%20interest%20in%20entry-level%20openings%20or%20graduate%20trainee%20roles%20in%20Operations%20and%20Business%20Support%20at%20Zomato.%0A%0ADuring%20my%20studies%20and%20internships%2C%20I%20have%20gained%20practical%20exposure%20to%20operations%20coordination%2C%20daily%20documentation%2C%20and%20reporting.%20I%20am%20comfortable%20with%20MS%20Excel%2C%20team%20coordination%2C%20and%20handling%20routine%20operational%20tasks%20with%20high%20attention%20to%20detail.%0A%0AKey%20points%20about%20me%3A%0A-%20Fresh%20BBA%20graduate%2C%20quick%20learner%2C%20and%20eager%20to%20contribute%20to%20ground%20operations.%0A-%20Comfortable%20with%20Excel%2C%20process%20follow-ups%2C%20and%20documentation.%0A-%20Locally%20based%20in%20Bangalore%20and%20available%20to%20join%20immediately%20for%20an%20on-site%20role.%0A%0AI%20would%20be%20truly%20grateful%20for%20an%20opportunity%20to%20connect%20and%20share%20my%20resume%20with%20your%20team.%0A%0AThank%20you%20very%20much%20for%20your%20time%20and%20consideration.%0A%0AWarm%20regards%2C%0AAditya%20Mehra%0APhone%3A%20%2B91%2070034%2056624%0AEmail%3A%20adityamehra799%40gmail.com%0ALocation%3A%20Bengaluru%2C%20Karnataka%0ALinkedIn%3A%20https%3A%2F%2Fwww.linkedin.com%2Fin%2Fadityamehra07,"Hi Hiring Team, I'm a fresh BBA graduate from DSU Bangalore eager to explore entry-level operations and business support roles at Zomato. Would love to connect and follow your team's updates!","Hi Sarah, I noticed you're at Zomato. I'm a fresh BBA graduate from DSU Bangalore applying for Restaurant Operations Lead. Would you be open to sharing any advice or referring me internally? Thank you so much!"
BLR-JOB-058,Licious,Supply Chain Operations Lead,7.6,Tier 3: Core Opportunities,Bengaluru / Bangalore,Curated MNC & GCC Pipeline,3,Lakshmi E S,Human Resources Intern,https://www.linkedin.com/in/lakshmies16,Ashma Sardar,Program Manager,https://www.licious.in/careers,Application: Entry-Level / Operations Trainee - Aditya Mehra (DSU Bangalore),"Dear Lakshmi,

I hope you are doing well.

I am a fresh graduate from Dayananda Sagar University, Bangalore (BBA in International Business, Class of 2026). I am writing to express my interest in entry-level openings or graduate trainee roles in Operations and Business Support at Licious.

During my studies and internships, I have gained practical exposure to operations coordination, daily documentation, and reporting. I am comfortable with MS Excel, team coordination, and handling routine operational tasks with high attention to detail.

Key points about me:
- Fresh BBA graduate, quick learner, and eager to contribute to ground operations.
- Comfortable with Excel, process follow-ups, and documentation.
- Locally based in Bangalore and available to join immediately for an on-site role.

I would be truly grateful for an opportunity to connect and share my resume with your team.

Thank you very much for your time and consideration.

Warm regards,
Aditya Mehra
Phone: +91 70034 56624
Email: adityamehra799@gmail.com
Location: Bengaluru, Karnataka
LinkedIn: https://www.linkedin.com/in/adityamehra07",mailto:careers@licious.com?subject=Application%3A%20Entry-Level%20%2F%20Operations%20Trainee%20-%20Aditya%20Mehra%20%28DSU%20Bangalore%29&body=Dear%20Lakshmi%2C%0A%0AI%20hope%20you%20are%20doing%20well.%0A%0AI%20am%20a%20fresh%20graduate%20from%20Dayananda%20Sagar%20University%2C%20Bangalore%20%28BBA%20in%20International%20Business%2C%20Class%20of%202026%29.%20I%20am%20writing%20to%20express%20my%20interest%20in%20entry-level%20openings%20or%20graduate%20trainee%20roles%20in%20Operations%20and%20Business%20Support%20at%20Licious.%0A%0ADuring%20my%20studies%20and%20internships%2C%20I%20have%20gained%20practical%20exposure%20to%20operations%20coordination%2C%20daily%20documentation%2C%20and%20reporting.%20I%20am%20comfortable%20with%20MS%20Excel%2C%20team%20coordination%2C%20and%20handling%20routine%20operational%20tasks%20with%20high%20attention%20to%20detail.%0A%0AKey%20points%20about%20me%3A%0A-%20Fresh%20BBA%20graduate%2C%20quick%20learner%2C%20and%20eager%20to%20contribute%20to%20ground%20operations.%0A-%20Comfortable%20with%20Excel%2C%20process%20follow-ups%2C%20and%20documentation.%0A-%20Locally%20based%20in%20Bangalore%20and%20available%20to%20join%20immediately%20for%20an%20on-site%20role.%0A%0AI%20would%20be%20truly%20grateful%20for%20an%20opportunity%20to%20connect%20and%20share%20my%20resume%20with%20your%20team.%0A%0AThank%20you%20very%20much%20for%20your%20time%20and%20consideration.%0A%0AWarm%20regards%2C%0AAditya%20Mehra%0APhone%3A%20%2B91%2070034%2056624%0AEmail%3A%20adityamehra799%40gmail.com%0ALocation%3A%20Bengaluru%2C%20Karnataka%0ALinkedIn%3A%20https%3A%2F%2Fwww.linkedin.com%2Fin%2Fadityamehra07,"Hi Lakshmi, I'm a fresh BBA graduate from DSU Bangalore eager to explore entry-level operations and business support roles at Licious. Would love to connect and follow your team's updates!","Hi Ashma, I noticed you're at Licious. I'm a fresh BBA graduate from DSU Bangalore applying for Supply Chain Operations Lead. Would you be open to sharing any advice or referring me internally? Thank you so much!"
BLR-JOB-059,Urban Company,Partner Operations Specialist,7.5,Tier 3: Core Opportunities,Bengaluru / Bangalore,Curated MNC & GCC Pipeline,8,Campus Talent Team,Talent Acquisition Lead,https://www.linkedin.com/search/results/people/?keywords=Urban%20Company%20HR%20Bangalore,Tanya Gupta,Category Manager,https://careers.urbancompany.com/,Application: Entry-Level / Operations Trainee - Aditya Mehra (DSU Bangalore),"Dear Hiring Team,

I hope you are doing well.

I am a fresh graduate from Dayananda Sagar University, Bangalore (BBA in International Business, Class of 2026). I am writing to express my interest in entry-level openings or graduate trainee roles in Operations and Business Support at Urban Company.

During my studies and internships, I have gained practical exposure to operations coordination, daily documentation, and reporting. I am comfortable with MS Excel, team coordination, and handling routine operational tasks with high attention to detail.

Key points about me:
- Fresh BBA graduate, quick learner, and eager to contribute to ground operations.
- Comfortable with Excel, process follow-ups, and documentation.
- Locally based in Bangalore and available to join immediately for an on-site role.

I would be truly grateful for an opportunity to connect and share my resume with your team.

Thank you very much for your time and consideration.

Warm regards,
Aditya Mehra
Phone: +91 70034 56624
Email: adityamehra799@gmail.com
Location: Bengaluru, Karnataka
LinkedIn: https://www.linkedin.com/in/adityamehra07",mailto:careers@urbancompany.com?subject=Application%3A%20Entry-Level%20%2F%20Operations%20Trainee%20-%20Aditya%20Mehra%20%28DSU%20Bangalore%29&body=Dear%20Hiring%20Team%2C%0A%0AI%20hope%20you%20are%20doing%20well.%0A%0AI%20am%20a%20fresh%20graduate%20from%20Dayananda%20Sagar%20University%2C%20Bangalore%20%28BBA%20in%20International%20Business%2C%20Class%20of%202026%29.%20I%20am%20writing%20to%20express%20my%20interest%20in%20entry-level%20openings%20or%20graduate%20trainee%20roles%20in%20Operations%20and%20Business%20Support%20at%20Urban%20Company.%0A%0ADuring%20my%20studies%20and%20internships%2C%20I%20have%20gained%20practical%20exposure%20to%20operations%20coordination%2C%20daily%20documentation%2C%20and%20reporting.%20I%20am%20comfortable%20with%20MS%20Excel%2C%20team%20coordination%2C%20and%20handling%20routine%20operational%20tasks%20with%20high%20attention%20to%20detail.%0A%0AKey%20points%20about%20me%3A%0A-%20Fresh%20BBA%20graduate%2C%20quick%20learner%2C%20and%20eager%20to%20contribute%20to%20ground%20operations.%0A-%20Comfortable%20with%20Excel%2C%20process%20follow-ups%2C%20and%20documentation.%0A-%20Locally%20based%20in%20Bangalore%20and%20available%20to%20join%20immediately%20for%20an%20on-site%20role.%0A%0AI%20would%20be%20truly%20grateful%20for%20an%20opportunity%20to%20connect%20and%20share%20my%20resume%20with%20your%20team.%0A%0AThank%20you%20very%20much%20for%20your%20time%20and%20consideration.%0A%0AWarm%20regards%2C%0AAditya%20Mehra%0APhone%3A%20%2B91%2070034%2056624%0AEmail%3A%20adityamehra799%40gmail.com%0ALocation%3A%20Bengaluru%2C%20Karnataka%0ALinkedIn%3A%20https%3A%2F%2Fwww.linkedin.com%2Fin%2Fadityamehra07,"Hi Hiring Team, I'm a fresh BBA graduate from DSU Bangalore eager to explore entry-level operations and business support roles at Urban Company. Would love to connect and follow your team's updates!","Hi Tanya, I noticed you're at Urban Company. I'm a fresh BBA graduate from DSU Bangalore applying for Partner Operations Specialist. Would you be open to sharing any advice or referring me internally? Thank you so much!"
BLR-JOB-060,Dunzo,Logistics & Fleet Operations Executive,7.2,Tier 3: Core Opportunities,Bengaluru / Bangalore,Curated MNC & GCC Pipeline,0,Campus Talent Team,Talent Acquisition Lead,https://www.linkedin.com/search/results/people/?keywords=Dunzo%20HR%20Bangalore,,,https://www.dunzo.com/careers,Application: Entry-Level / Operations Trainee - Aditya Mehra (DSU Bangalore),"Dear Hiring Team,

I hope you are doing well.

I am a fresh graduate from Dayananda Sagar University, Bangalore (BBA in International Business, Class of 2026). I am writing to express my interest in entry-level openings or graduate trainee roles in Operations and Business Support at Dunzo.

During my studies and internships, I have gained practical exposure to operations coordination, daily documentation, and reporting. I am comfortable with MS Excel, team coordination, and handling routine operational tasks with high attention to detail.

Key points about me:
- Fresh BBA graduate, quick learner, and eager to contribute to ground operations.
- Comfortable with Excel, process follow-ups, and documentation.
- Locally based in Bangalore and available to join immediately for an on-site role.

I would be truly grateful for an opportunity to connect and share my resume with your team.

Thank you very much for your time and consideration.

Warm regards,
Aditya Mehra
Phone: +91 70034 56624
Email: adityamehra799@gmail.com
Location: Bengaluru, Karnataka
LinkedIn: https://www.linkedin.com/in/adityamehra07",mailto:careers@dunzo.com?subject=Application%3A%20Entry-Level%20%2F%20Operations%20Trainee%20-%20Aditya%20Mehra%20%28DSU%20Bangalore%29&body=Dear%20Hiring%20Team%2C%0A%0AI%20hope%20you%20are%20doing%20well.%0A%0AI%20am%20a%20fresh%20graduate%20from%20Dayananda%20Sagar%20University%2C%20Bangalore%20%28BBA%20in%20International%20Business%2C%20Class%20of%202026%29.%20I%20am%20writing%20to%20express%20my%20interest%20in%20entry-level%20openings%20or%20graduate%20trainee%20roles%20in%20Operations%20and%20Business%20Support%20at%20Dunzo.%0A%0ADuring%20my%20studies%20and%20internships%2C%20I%20have%20gained%20practical%20exposure%20to%20operations%20coordination%2C%20daily%20documentation%2C%20and%20reporting.%20I%20am%20comfortable%20with%20MS%20Excel%2C%20team%20coordination%2C%20and%20handling%20routine%20operational%20tasks%20with%20high%20attention%20to%20detail.%0A%0AKey%20points%20about%20me%3A%0A-%20Fresh%20BBA%20graduate%2C%20quick%20learner%2C%20and%20eager%20to%20contribute%20to%20ground%20operations.%0A-%20Comfortable%20with%20Excel%2C%20process%20follow-ups%2C%20and%20documentation.%0A-%20Locally%20based%20in%20Bangalore%20and%20available%20to%20join%20immediately%20for%20an%20on-site%20role.%0A%0AI%20would%20be%20truly%20grateful%20for%20an%20opportunity%20to%20connect%20and%20share%20my%20resume%20with%20your%20team.%0A%0AThank%20you%20very%20much%20for%20your%20time%20and%20consideration.%0A%0AWarm%20regards%2C%0AAditya%20Mehra%0APhone%3A%20%2B91%2070034%2056624%0AEmail%3A%20adityamehra799%40gmail.com%0ALocation%3A%20Bengaluru%2C%20Karnataka%0ALinkedIn%3A%20https%3A%2F%2Fwww.linkedin.com%2Fin%2Fadityamehra07,"Hi Hiring Team, I'm a fresh BBA graduate from DSU Bangalore eager to explore entry-level operations and business support roles at Dunzo. Would love to connect and follow your team's updates!","Hi Colleague, I noticed you're at Dunzo. I'm a fresh BBA graduate from DSU Bangalore applying for Logistics & Fleet Operations Executive. Would you be open to sharing any advice or referring me internally? Thank you so much!"
BLR-JOB-061,Zepto,Dark Store Operations Executive,7.0,Tier 3: Core Opportunities,Bengaluru / Bangalore,Curated MNC & GCC Pipeline,2,Samantha Rao,Finance and HR (at AMDNS Enterprise-Franchisee),https://www.linkedin.com/in/samantha-rao-34321a33a,Samantha Rao,Finance and HR (at AMDNS Enterprise-Franchisee),https://www.zepto.com/careers,Application: Entry-Level / Operations Trainee - Aditya Mehra (DSU Bangalore),"Dear Samantha,

I hope you are doing well.

I am a fresh graduate from Dayananda Sagar University, Bangalore (BBA in International Business, Class of 2026). I am writing to express my interest in entry-level openings or graduate trainee roles in Operations and Business Support at Zepto.

During my studies and internships, I have gained practical exposure to operations coordination, daily documentation, and reporting. I am comfortable with MS Excel, team coordination, and handling routine operational tasks with high attention to detail.

Key points about me:
- Fresh BBA graduate, quick learner, and eager to contribute to ground operations.
- Comfortable with Excel, process follow-ups, and documentation.
- Locally based in Bangalore and available to join immediately for an on-site role.

I would be truly grateful for an opportunity to connect and share my resume with your team.

Thank you very much for your time and consideration.

Warm regards,
Aditya Mehra
Phone: +91 70034 56624
Email: adityamehra799@gmail.com
Location: Bengaluru, Karnataka
LinkedIn: https://www.linkedin.com/in/adityamehra07",mailto:careers@zepto.com?subject=Application%3A%20Entry-Level%20%2F%20Operations%20Trainee%20-%20Aditya%20Mehra%20%28DSU%20Bangalore%29&body=Dear%20Samantha%2C%0A%0AI%20hope%20you%20are%20doing%20well.%0A%0AI%20am%20a%20fresh%20graduate%20from%20Dayananda%20Sagar%20University%2C%20Bangalore%20%28BBA%20in%20International%20Business%2C%20Class%20of%202026%29.%20I%20am%20writing%20to%20express%20my%20interest%20in%20entry-level%20openings%20or%20graduate%20trainee%20roles%20in%20Operations%20and%20Business%20Support%20at%20Zepto.%0A%0ADuring%20my%20studies%20and%20internships%2C%20I%20have%20gained%20practical%20exposure%20to%20operations%20coordination%2C%20daily%20documentation%2C%20and%20reporting.%20I%20am%20comfortable%20with%20MS%20Excel%2C%20team%20coordination%2C%20and%20handling%20routine%20operational%20tasks%20with%20high%20attention%20to%20detail.%0A%0AKey%20points%20about%20me%3A%0A-%20Fresh%20BBA%20graduate%2C%20quick%20learner%2C%20and%20eager%20to%20contribute%20to%20ground%20operations.%0A-%20Comfortable%20with%20Excel%2C%20process%20follow-ups%2C%20and%20documentation.%0A-%20Locally%20based%20in%20Bangalore%20and%20available%20to%20join%20immediately%20for%20an%20on-site%20role.%0A%0AI%20would%20be%20truly%20grateful%20for%20an%20opportunity%20to%20connect%20and%20share%20my%20resume%20with%20your%20team.%0A%0AThank%20you%20very%20much%20for%20your%20time%20and%20consideration.%0A%0AWarm%20regards%2C%0AAditya%20Mehra%0APhone%3A%20%2B91%2070034%2056624%0AEmail%3A%20adityamehra799%40gmail.com%0ALocation%3A%20Bengaluru%2C%20Karnataka%0ALinkedIn%3A%20https%3A%2F%2Fwww.linkedin.com%2Fin%2Fadityamehra07,"Hi Samantha, I'm a fresh BBA graduate from DSU Bangalore eager to explore entry-level operations and business support roles at Zepto. Would love to connect and follow your team's updates!","Hi Samantha, I noticed you're at Zepto. I'm a fresh BBA graduate from DSU Bangalore applying for Dark Store Operations Executive. Would you be open to sharing any advice or referring me internally? Thank you so much!"
BLR-JOB-042,Nestle India,Supply Chain & Retail Operations Trainee,6.33,Tier 3: Core Opportunities,Bengaluru / Bangalore,Curated MNC & GCC Pipeline,0,Campus Talent Team,Talent Acquisition Lead,https://www.linkedin.com/search/results/people/?keywords=Nestle%20India%20HR%20Bangalore,,,https://www.nestle.in/jobs,Application: Entry-Level / Operations Trainee - Aditya Mehra (DSU Bangalore),"Dear Hiring Team,

I hope you are doing well.

I am a fresh graduate from Dayananda Sagar University, Bangalore (BBA in International Business, Class of 2026). I am writing to express my interest in entry-level openings or graduate trainee roles in Operations and Business Support at Nestle India.

During my studies and internships, I have gained practical exposure to operations coordination, daily documentation, and reporting. I am comfortable with MS Excel, team coordination, and handling routine operational tasks with high attention to detail.

Key points about me:
- Fresh BBA graduate, quick learner, and eager to contribute to ground operations.
- Comfortable with Excel, process follow-ups, and documentation.
- Locally based in Bangalore and available to join immediately for an on-site role.

I would be truly grateful for an opportunity to connect and share my resume with your team.

Thank you very much for your time and consideration.

Warm regards,
Aditya Mehra
Phone: +91 70034 56624
Email: adityamehra799@gmail.com
Location: Bengaluru, Karnataka
LinkedIn: https://www.linkedin.com/in/adityamehra07",mailto:careers@nestleindia.com?subject=Application%3A%20Entry-Level%20%2F%20Operations%20Trainee%20-%20Aditya%20Mehra%20%28DSU%20Bangalore%29&body=Dear%20Hiring%20Team%2C%0A%0AI%20hope%20you%20are%20doing%20well.%0A%0AI%20am%20a%20fresh%20graduate%20from%20Dayananda%20Sagar%20University%2C%20Bangalore%20%28BBA%20in%20International%20Business%2C%20Class%20of%202026%29.%20I%20am%20writing%20to%20express%20my%20interest%20in%20entry-level%20openings%20or%20graduate%20trainee%20roles%20in%20Operations%20and%20Business%20Support%20at%20Nestle%20India.%0A%0ADuring%20my%20studies%20and%20internships%2C%20I%20have%20gained%20practical%20exposure%20to%20operations%20coordination%2C%20daily%20documentation%2C%20and%20reporting.%20I%20am%20comfortable%20with%20MS%20Excel%2C%20team%20coordination%2C%20and%20handling%20routine%20operational%20tasks%20with%20high%20attention%20to%20detail.%0A%0AKey%20points%20about%20me%3A%0A-%20Fresh%20BBA%20graduate%2C%20quick%20learner%2C%20and%20eager%20to%20contribute%20to%20ground%20operations.%0A-%20Comfortable%20with%20Excel%2C%20process%20follow-ups%2C%20and%20documentation.%0A-%20Locally%20based%20in%20Bangalore%20and%20available%20to%20join%20immediately%20for%20an%20on-site%20role.%0A%0AI%20would%20be%20truly%20grateful%20for%20an%20opportunity%20to%20connect%20and%20share%20my%20resume%20with%20your%20team.%0A%0AThank%20you%20very%20much%20for%20your%20time%20and%20consideration.%0A%0AWarm%20regards%2C%0AAditya%20Mehra%0APhone%3A%20%2B91%2070034%2056624%0AEmail%3A%20adityamehra799%40gmail.com%0ALocation%3A%20Bengaluru%2C%20Karnataka%0ALinkedIn%3A%20https%3A%2F%2Fwww.linkedin.com%2Fin%2Fadityamehra07,"Hi Hiring Team, I'm a fresh BBA graduate from DSU Bangalore eager to explore entry-level operations and business support roles at Nestle India. Would love to connect and follow your team's updates!","Hi Colleague, I noticed you're at Nestle India. I'm a fresh BBA graduate from DSU Bangalore applying for Supply Chain & Retail Operations Trainee. Would you be open to sharing any advice or referring me internally? Thank you so much!"
BLR-JOB-043,Britannia Industries,FMCG Operations & Supply Chain Trainee,6.33,Tier 3: Core Opportunities,Bengaluru / Bangalore,Curated MNC & GCC Pipeline,4,Maria Sushil,Human Resources Officer,https://www.linkedin.com/in/maria-s-3a0a38113,Niriksha G,Lead I - TA,https://britannia.co.in/careers,Application: Entry-Level / Operations Trainee - Aditya Mehra (DSU Bangalore),"Dear Maria,

I hope you are doing well.

I am a fresh graduate from Dayananda Sagar University, Bangalore (BBA in International Business, Class of 2026). I am writing to express my interest in entry-level openings or graduate trainee roles in Operations and Business Support at Britannia Industries.

During my studies and internships, I have gained practical exposure to operations coordination, daily documentation, and reporting. I am comfortable with MS Excel, team coordination, and handling routine operational tasks with high attention to detail.

Key points about me:
- Fresh BBA graduate, quick learner, and eager to contribute to ground operations.
- Comfortable with Excel, process follow-ups, and documentation.
- Locally based in Bangalore and available to join immediately for an on-site role.

I would be truly grateful for an opportunity to connect and share my resume with your team.

Thank you very much for your time and consideration.

Warm regards,
Aditya Mehra
Phone: +91 70034 56624
Email: adityamehra799@gmail.com
Location: Bengaluru, Karnataka
LinkedIn: https://www.linkedin.com/in/adityamehra07",mailto:careers@britanniaindustries.com?subject=Application%3A%20Entry-Level%20%2F%20Operations%20Trainee%20-%20Aditya%20Mehra%20%28DSU%20Bangalore%29&body=Dear%20Maria%2C%0A%0AI%20hope%20you%20are%20doing%20well.%0A%0AI%20am%20a%20fresh%20graduate%20from%20Dayananda%20Sagar%20University%2C%20Bangalore%20%28BBA%20in%20International%20Business%2C%20Class%20of%202026%29.%20I%20am%20writing%20to%20express%20my%20interest%20in%20entry-level%20openings%20or%20graduate%20trainee%20roles%20in%20Operations%20and%20Business%20Support%20at%20Britannia%20Industries.%0A%0ADuring%20my%20studies%20and%20internships%2C%20I%20have%20gained%20practical%20exposure%20to%20operations%20coordination%2C%20daily%20documentation%2C%20and%20reporting.%20I%20am%20comfortable%20with%20MS%20Excel%2C%20team%20coordination%2C%20and%20handling%20routine%20operational%20tasks%20with%20high%20attention%20to%20detail.%0A%0AKey%20points%20about%20me%3A%0A-%20Fresh%20BBA%20graduate%2C%20quick%20learner%2C%20and%20eager%20to%20contribute%20to%20ground%20operations.%0A-%20Comfortable%20with%20Excel%2C%20process%20follow-ups%2C%20and%20documentation.%0A-%20Locally%20based%20in%20Bangalore%20and%20available%20to%20join%20immediately%20for%20an%20on-site%20role.%0A%0AI%20would%20be%20truly%20grateful%20for%20an%20opportunity%20to%20connect%20and%20share%20my%20resume%20with%20your%20team.%0A%0AThank%20you%20very%20much%20for%20your%20time%20and%20consideration.%0A%0AWarm%20regards%2C%0AAditya%20Mehra%0APhone%3A%20%2B91%2070034%2056624%0AEmail%3A%20adityamehra799%40gmail.com%0ALocation%3A%20Bengaluru%2C%20Karnataka%0ALinkedIn%3A%20https%3A%2F%2Fwww.linkedin.com%2Fin%2Fadityamehra07,"Hi Maria, I'm a fresh BBA graduate from DSU Bangalore eager to explore entry-level operations and business support roles at Britannia Industries. Would love to connect and follow your team's updates!","Hi Niriksha, I noticed you're at Britannia Industries. I'm a fresh BBA graduate from DSU Bangalore applying for FMCG Operations & Supply Chain Trainee. Would you be open to sharing any advice or referring me internally? Thank you so much!"
