Company,Total Connections,Recruiters Count,Founders / C-Suite Count,Hiring Managers Count,Active Pipeline Openings Count,Best Matching Job Roles,Referral Opportunity Score,Tier,Application Priority
EY,113,6,1,6,2,Business Analyst - Global Advisory | Business Operations Associate,100,Tier A (Extremely High Value),P0 - Immediate Multi-Channel Outreach
Deloitte,99,12,2,15,1,Risk & Business Operations Advisory Analyst,100,Tier A (Extremely High Value),P0 - Immediate Multi-Channel Outreach
Accenture,89,22,1,4,1,Global Business Operations & BD Analyst,100,Tier A (Extremely High Value),P0 - Immediate Multi-Channel Outreach
IBM,78,8,4,8,1,Supply Chain & Operations Consultant,100,Tier A (Extremely High Value),P0 - Immediate Multi-Channel Outreach
Goldman Sachs,77,2,15,15,1,Global Markets Operations Analyst,100,Tier A (Extremely High Value),P0 - Immediate Multi-Channel Outreach
Tata Consultancy Services,72,28,7,5,0,Business Operations / Management Analyst,100,Tier A (Extremely High Value),P0 - Immediate Multi-Channel Outreach
"Christ University, Bangalore",62,0,2,7,0,Business Operations / Management Analyst,100,Tier A (Extremely High Value),P0 - Immediate Multi-Channel Outreach
Student Welfare Office (SWO),42,1,2,11,0,Business Operations / Management Analyst,100,Tier A (Extremely High Value),P0 - Immediate Multi-Channel Outreach
Capgemini,41,7,0,2,0,Business Operations / Management Analyst,100,Tier A (Extremely High Value),P0 - Immediate Multi-Channel Outreach
Amazon,38,9,3,9,1,Operations & Vendor Management Executive,100,Tier A (Extremely High Value),P0 - Immediate Multi-Channel Outreach
CUSBMA,37,2,1,15,0,Business Operations / Management Analyst,100,Tier A (Extremely High Value),P0 - Immediate Multi-Channel Outreach
JPMorganChase,29,0,2,7,0,Business Operations / Management Analyst,100,Tier A (Extremely High Value),P0 - Immediate Multi-Channel Outreach
Freelance,29,4,0,5,0,Business Operations / Management Analyst,100,Tier A (Extremely High Value),P0 - Immediate Multi-Channel Outreach
Dayananda Sagar University,26,2,1,5,0,Business Operations / Management Analyst,100,Tier A (Extremely High Value),P0 - Immediate Multi-Channel Outreach
Sustainable Development Goals Cell (SDG),24,0,0,11,0,Business Operations / Management Analyst,100,Tier A (Extremely High Value),P0 - Immediate Multi-Channel Outreach
Rippling,24,2,1,3,0,Business Operations / Management Analyst,100,Tier A (Extremely High Value),P0 - Immediate Multi-Channel Outreach
ICICI Bank,23,2,0,18,0,Business Operations / Management Analyst,100,Tier A (Extremely High Value),P0 - Immediate Multi-Channel Outreach
Christ University Commerce Association,22,1,0,8,0,Business Operations / Management Analyst,100,Tier A (Extremely High Value),P0 - Immediate Multi-Channel Outreach
KPMG India,21,5,0,1,0,Business Operations / Management Analyst,100,Tier A (Extremely High Value),P0 - Immediate Multi-Channel Outreach
Self-employed,20,2,3,4,0,Business Operations / Management Analyst,100,Tier A (Extremely High Value),P0 - Immediate Multi-Channel Outreach
Infosys,20,4,0,0,0,Business Operations / Management Analyst,100,Tier A (Extremely High Value),P0 - Immediate Multi-Channel Outreach
PW (PhysicsWallah),20,0,0,9,0,Business Operations / Management Analyst,100,Tier A (Extremely High Value),P0 - Immediate Multi-Channel Outreach
ITC Limited,16,6,0,2,1,Trade Operations & Logistics Management Trainee,100,Tier A (Extremely High Value),P0 - Immediate Multi-Channel Outreach
Google,15,1,2,5,1,Business Development & Client Operations Lead,100,Tier A (Extremely High Value),P0 - Immediate Multi-Channel Outreach
HSBC,15,1,2,6,1,Global Trade & Receivables Finance Associate,100,Tier A (Extremely High Value),P0 - Immediate Multi-Channel Outreach
Morgan Stanley,11,2,2,3,0,Business Operations / Management Analyst,100,Tier A (Extremely High Value),P0 - Immediate Multi-Channel Outreach
Microsoft,11,2,0,3,1,Business Operations Analyst,100,Tier A (Extremely High Value),P0 - Immediate Multi-Channel Outreach
A-Quant,9,0,3,5,0,Business Operations / Management Analyst,100,Tier A (Extremely High Value),P0 - Immediate Multi-Channel Outreach
Millennium Campus Network (MCN),9,0,4,4,0,Business Operations / Management Analyst,100,Tier A (Extremely High Value),P0 - Immediate Multi-Channel Outreach
Tata Elxsi,9,7,1,0,0,Business Operations / Management Analyst,100,Tier A (Extremely High Value),P0 - Immediate Multi-Channel Outreach
NoBroker.com,9,6,0,0,0,Business Operations / Management Analyst,100,Tier A (Extremely High Value),P0 - Immediate Multi-Channel Outreach
J.P. Morgan,8,1,3,4,0,Business Operations / Management Analyst,100,Tier A (Extremely High Value),P0 - Immediate Multi-Channel Outreach
Quess Corp Limited,8,5,0,2,0,Business Operations / Management Analyst,100,Tier A (Extremely High Value),P0 - Immediate Multi-Channel Outreach
Allegis Global Solutions,7,7,1,0,0,Business Operations / Management Analyst,100,Tier A (Extremely High Value),P0 - Immediate Multi-Channel Outreach
Tessolve,4,4,3,0,0,Business Operations / Management Analyst,100,Tier A (Extremely High Value),P0 - Immediate Multi-Channel Outreach
Wipro,16,3,1,1,0,Business Operations / Management Analyst,99,Tier A (Extremely High Value),P0 - Immediate Multi-Channel Outreach
Centre for Social Action (CSA),18,0,0,6,0,Business Operations / Management Analyst,96,Tier A (Extremely High Value),P0 - Immediate Multi-Channel Outreach
Target,17,2,1,2,0,Business Operations / Management Analyst,96,Tier A (Extremely High Value),P0 - Immediate Multi-Channel Outreach
Bhanzu,12,2,1,3,0,Business Operations / Management Analyst,96,Tier A (Extremely High Value),P0 - Immediate Multi-Channel Outreach
Urban Company,8,0,0,6,1,Partner Operations Specialist,96,Tier A (Extremely High Value),P0 - Immediate Multi-Channel Outreach
Randstad,7,3,2,1,0,Business Operations / Management Analyst,93,Tier A (Extremely High Value),P0 - Immediate Multi-Channel Outreach
Boston Consulting Group (BCG),12,3,1,1,0,Business Operations / Management Analyst,91,Tier A (Extremely High Value),P0 - Immediate Multi-Channel Outreach
JPMorgan Chase & Co.,11,1,2,3,0,Business Operations / Management Analyst,91,Tier A (Extremely High Value),P0 - Immediate Multi-Channel Outreach
Swiggy,8,1,0,4,1,Field Operations & Supply Chain Trainee,91,Tier A (Extremely High Value),P0 - Immediate Multi-Channel Outreach
KPMG,21,1,0,1,1,Global Risk & Management Trainee,87,Tier A (Extremely High Value),P0 - Immediate Multi-Channel Outreach
Codeyoung,10,1,1,4,0,Business Operations / Management Analyst,87,Tier A (Extremely High Value),P0 - Immediate Multi-Channel Outreach
Wissen Technology,6,5,0,0,0,Business Operations / Management Analyst,87,Tier A (Extremely High Value),P0 - Immediate Multi-Channel Outreach
GLANCE : Group for Latest Affairs N Current Events,5,0,3,4,0,Business Operations / Management Analyst,86,Tier A (Extremely High Value),P0 - Immediate Multi-Channel Outreach
Tech Mahindra,13,1,2,2,0,Business Operations / Management Analyst,85,Tier A (Extremely High Value),P0 - Immediate Multi-Channel Outreach
Cornerstone Information Technology,5,5,0,0,0,Business Operations / Management Analyst,85,Tier A (Extremely High Value),P0 - Immediate Multi-Channel Outreach
AtkinsRéalis,5,5,0,0,0,Business Operations / Management Analyst,85,Tier A (Extremely High Value),P0 - Immediate Multi-Channel Outreach
Walmart,3,1,2,2,1,Supply Chain & Retail Operations Analyst,85,Tier A (Extremely High Value),P0 - Immediate Multi-Channel Outreach
PwC,12,1,1,1,1,Business Operations Analyst,81,Tier A (Extremely High Value),P0 - Immediate Multi-Channel Outreach
Flipkart,11,1,1,3,0,Business Operations / Management Analyst,79,Tier A (Extremely High Value),P0 - Immediate Multi-Channel Outreach
Navi,7,2,1,2,0,Business Operations / Management Analyst,76,Tier A (Extremely High Value),P0 - Immediate Multi-Channel Outreach
"UDAAN, The E-Cell",5,0,3,3,0,Business Operations / Management Analyst,76,Tier A (Extremely High Value),P0 - Immediate Multi-Channel Outreach
MJ marketing consultancy,4,3,1,1,0,Business Operations / Management Analyst,75,Tier A (Extremely High Value),P0 - Immediate Multi-Channel Outreach
Commonwealth Bank,16,2,1,0,0,Business Operations / Management Analyst,74,Tier A (Extremely High Value),P0 - Immediate Multi-Channel Outreach
KPMG Global Services (KGS),3,1,1,2,1,Global Risk & Management Trainee,73,Tier A (Extremely High Value),P0 - Immediate Multi-Channel Outreach
Alchemy Techsol,6,4,0,0,0,Business Operations / Management Analyst,72,Tier A (Extremely High Value),P0 - Immediate Multi-Channel Outreach
Accenture in India,13,3,0,0,0,Business Operations / Management Analyst,71,Tier A (Extremely High Value),P0 - Immediate Multi-Channel Outreach
ABB,7,1,1,1,1,Power & Automation Operations Analyst,71,Tier A (Extremely High Value),P0 - Immediate Multi-Channel Outreach
Miles Education,7,1,1,3,0,Business Operations / Management Analyst,71,Tier A (Extremely High Value),P0 - Immediate Multi-Channel Outreach
Simplilearn,7,1,1,3,0,Business Operations / Management Analyst,71,Tier A (Extremely High Value),P0 - Immediate Multi-Channel Outreach
dentsu,5,2,0,1,1,Experiential Brand Activation Manager,70,Tier A (Extremely High Value),P0 - Immediate Multi-Channel Outreach
UST,2,0,0,2,2,FMCG Operations & Supply Chain Trainee | Customer Operations & Supply Chain Associate,64,Tier A (Extremely High Value),P0 - Immediate Multi-Channel Outreach
SE,1,0,0,0,3,Global Operations & Compliance Associate | Global Risk & Management Trainee | Business Operations Analyst,62,Tier A (Extremely High Value),P0 - Immediate Multi-Channel Outreach
PwC India,11,1,1,1,0,Business Operations / Management Analyst,59,Tier A (Extremely High Value),P0 - Immediate Multi-Channel Outreach
Zepto,2,2,0,0,1,Dark Store Operations Executive,54,Tier A (Extremely High Value),P0 - Immediate Multi-Channel Outreach
Credvest,1,1,1,0,1,Member Experience & Operations Analyst,49,Tier A (Extremely High Value),P0 - Immediate Multi-Channel Outreach
Schneider Electric,4,0,0,2,1,Global Supply Chain Executive,48,Tier A (Extremely High Value),P0 - Immediate Multi-Channel Outreach
Walmart Global Tech India,2,0,1,1,1,Supply Chain & Retail Operations Analyst,46,Tier A (Extremely High Value),P0 - Immediate Multi-Channel Outreach
PhonePe,5,1,0,0,1,Merchant Business Development Executive,45,Tier A (Extremely High Value),P0 - Immediate Multi-Channel Outreach
Accenture Strategy & Consulting,12,0,0,2,0,Business Operations / Management Analyst,44,Tier A (Extremely High Value),P0 - Immediate Multi-Channel Outreach
Bb,1,0,1,1,1,Power & Automation Operations Analyst,44,Tier A (Extremely High Value),P0 - Immediate Multi-Channel Outreach
PhonePe Payment Gateway,1,0,1,1,1,Merchant Business Development Executive,44,Tier A (Extremely High Value),P0 - Immediate Multi-Channel Outreach
STAN,1,0,1,1,1,Customer Operations & Supply Chain Associate,44,Tier A (Extremely High Value),P0 - Immediate Multi-Channel Outreach
AstraZeneca India,1,0,1,1,1,Commercial Operations Support Specialist,44,Tier A (Extremely High Value),P0 - Immediate Multi-Channel Outreach
Cisco,3,1,0,0,1,Global Supply Chain Analyst,41,Tier A (Extremely High Value),P0 - Immediate Multi-Channel Outreach
Delhivery,3,1,0,0,1,Express Freight & Logistics Executive,41,Tier A (Extremely High Value),P0 - Immediate Multi-Channel Outreach
AstraZeneca,3,1,0,0,1,Commercial Operations Support Specialist,41,Tier A (Extremely High Value),P0 - Immediate Multi-Channel Outreach
Honeywell,3,1,0,0,1,Business Operations Associate,41,Tier A (Extremely High Value),P0 - Immediate Multi-Channel Outreach
The Walt Disney Company,2,1,1,1,0,Business Operations / Management Analyst,41,Tier A (Extremely High Value),P0 - Immediate Multi-Channel Outreach
Titan Company Limited,5,0,0,1,1,Retail Operations & Business Trainee,40,Tier A (Extremely High Value),P0 - Immediate Multi-Channel Outreach
Britannia Industries Limited,2,1,0,0,1,FMCG Operations & Supply Chain Trainee,39,Tier A (Extremely High Value),P0 - Immediate Multi-Channel Outreach
Swiss Re,1,1,0,0,1,Operations & Reinsurance Risk Analyst,37,Tier A (Extremely High Value),P0 - Immediate Multi-Channel Outreach
Goldman Sachs (Payroll: AMS),1,1,0,0,1,Global Markets Operations Analyst,37,Tier A (Extremely High Value),P0 - Immediate Multi-Channel Outreach
Credence Solutions,1,1,0,0,1,Member Experience & Operations Analyst,37,Tier A (Extremely High Value),P0 - Immediate Multi-Channel Outreach
Eurofins,1,1,0,0,1,Analytical Operations Support Trainee,37,Tier A (Extremely High Value),P0 - Immediate Multi-Channel Outreach
Credfoods,1,1,0,0,1,Member Experience & Operations Analyst,37,Tier A (Extremely High Value),P0 - Immediate Multi-Channel Outreach
Hiver,1,1,0,0,1,Express Freight & Logistics Executive,37,Tier A (Extremely High Value),P0 - Immediate Multi-Channel Outreach
3M,1,1,0,0,1,Industrial Operations Support Specialist,37,Tier A (Extremely High Value),P0 - Immediate Multi-Channel Outreach
Intellicredence Pvt. Ltd.,1,1,0,0,1,Member Experience & Operations Analyst,37,Tier A (Extremely High Value),P0 - Immediate Multi-Channel Outreach
IBM India Software Labs (ISL),1,1,0,0,1,Supply Chain & Operations Consultant,37,Tier A (Extremely High Value),P0 - Immediate Multi-Channel Outreach
Brainlicious,1,1,0,0,1,Supply Chain Operations Lead,37,Tier A (Extremely High Value),P0 - Immediate Multi-Channel Outreach
Dar,1,1,0,0,1,Air Cargo Logistics Operations Lead,37,Tier A (Extremely High Value),P0 - Immediate Multi-Channel Outreach
Unilever,3,0,0,1,1,Customer Operations & Supply Chain Associate,36,Tier A (Extremely High Value),P0 - Immediate Multi-Channel Outreach
Orcred,1,0,0,1,1,Member Experience & Operations Analyst,32,Tier A (Extremely High Value),P0 - Immediate Multi-Channel Outreach
CredO,1,0,0,1,1,Member Experience & Operations Analyst,32,Tier A (Extremely High Value),P0 - Immediate Multi-Channel Outreach
DHL Express,1,0,0,1,1,Export-Import Freight Operations Associate,32,Tier A (Extremely High Value),P0 - Immediate Multi-Channel Outreach
"Midland Credit Management, an Encore Capital Group Company",1,0,0,1,1,Member Experience & Operations Analyst,32,Tier A (Extremely High Value),P0 - Immediate Multi-Channel Outreach
BB,1,0,0,1,1,Power & Automation Operations Analyst,32,Tier A (Extremely High Value),P0 - Immediate Multi-Channel Outreach
Livspace,1,0,0,1,1,Business Development & Client Operations Manager,32,Tier A (Extremely High Value),P0 - Immediate Multi-Channel Outreach
Ford Credit,1,0,0,1,1,Member Experience & Operations Analyst,32,Tier A (Extremely High Value),P0 - Immediate Multi-Channel Outreach
Licious,1,0,0,1,1,Supply Chain Operations Lead,32,Tier A (Extremely High Value),P0 - Immediate Multi-Channel Outreach
Zomato,1,0,0,1,1,Restaurant Operations Lead,32,Tier A (Extremely High Value),P0 - Immediate Multi-Channel Outreach
Alt,1,0,0,1,1,Exhibition & Event Operations Lead,32,Tier A (Extremely High Value),P0 - Immediate Multi-Channel Outreach
Siemens,5,0,0,0,1,Industrial Operations & Business Support,30,Tier A (Extremely High Value),P0 - Immediate Multi-Channel Outreach
Bosch,4,0,0,0,1,Automotive Operations & Logistics Trainee,28,Tier A (Extremely High Value),P0 - Immediate Multi-Channel Outreach
Apple,4,0,0,0,1,Retail Operations & Supply Chain Specialist,28,Tier A (Extremely High Value),P0 - Immediate Multi-Channel Outreach
Razorpay,3,0,0,0,1,Business Development Associate,26,Tier A (Extremely High Value),P0 - Immediate Multi-Channel Outreach
PwC Acceleration Center India,7,0,0,1,0,Business Operations / Management Analyst,24,Tier A (Extremely High Value),P0 - Immediate Multi-Channel Outreach
Boeing,2,0,0,0,1,Supply Chain & Logistics Operations Specialist,24,Tier A (Extremely High Value),P0 - Immediate Multi-Channel Outreach
Grant Thornton INDUS,2,0,0,0,1,Business Advisory & EXIM Audit Analyst,24,Tier A (Extremely High Value),P0 - Immediate Multi-Channel Outreach
Beyond Campus,1,0,1,1,0,Business Operations / Management Analyst,24,Tier A (Extremely High Value),P0 - Immediate Multi-Channel Outreach
Alfa Hockey,1,0,1,1,0,Business Operations / Management Analyst,24,Tier A (Extremely High Value),P0 - Immediate Multi-Channel Outreach
Grey Hawks Media Pvt Ltd,1,0,1,1,0,Business Operations / Management Analyst,24,Tier A (Extremely High Value),P0 - Immediate Multi-Channel Outreach
Symbiosis Institute of Business Management (SIBM) Bengaluru,1,0,1,1,0,Business Operations / Management Analyst,24,Tier A (Extremely High Value),P0 - Immediate Multi-Channel Outreach
Ashreyaedge,1,0,1,1,0,Business Operations / Management Analyst,24,Tier A (Extremely High Value),P0 - Immediate Multi-Channel Outreach
HashedIn by Deloitte,4,1,0,0,0,Business Operations / Management Analyst,23,Tier A (Extremely High Value),P0 - Immediate Multi-Channel Outreach
Groww,1,0,0,0,1,Operations & Compliance Associate,22,Tier A (Extremely High Value),P0 - Immediate Multi-Channel Outreach
Artelicious Studio,1,0,0,0,1,Supply Chain Operations Lead,22,Tier A (Extremely High Value),P0 - Immediate Multi-Channel Outreach
WeWork India,1,0,0,0,1,Community & Event Operations Lead,22,Tier A (Extremely High Value),P0 - Immediate Multi-Channel Outreach
Blue Dart,1,0,0,0,1,Air Cargo Logistics Operations Lead,22,Tier A (Extremely High Value),P0 - Immediate Multi-Channel Outreach
Ernst & Young,1,0,0,0,1,Business Analyst - Global Advisory,22,Tier A (Extremely High Value),P0 - Immediate Multi-Channel Outreach
CareCredit,1,0,0,0,1,Member Experience & Operations Analyst,22,Tier A (Extremely High Value),P0 - Immediate Multi-Channel Outreach
Novartis India,1,0,0,0,1,Business Operations Support Associate,22,Tier A (Extremely High Value),P0 - Immediate Multi-Channel Outreach
Zerodha Fund House,1,0,0,0,1,Client Support & Operations Specialist,22,Tier A (Extremely High Value),P0 - Immediate Multi-Channel Outreach
Colgate-Palmolive (India) Ltd,1,0,0,0,1,Supply Chain Support Associate,22,Tier A (Extremely High Value),P0 - Immediate Multi-Channel Outreach
FIS,1,0,0,0,1,Center Operations & Client Success Manager,22,Tier A (Extremely High Value),P0 - Immediate Multi-Channel Outreach
Kenstone Credit Solutions,1,0,0,0,1,Member Experience & Operations Analyst,22,Tier A (Extremely High Value),P0 - Immediate Multi-Channel Outreach
Creditor Academy,1,0,0,0,1,Member Experience & Operations Analyst,22,Tier A (Extremely High Value),P0 - Immediate Multi-Channel Outreach
Schneider Electric Innovation Centre (R&D),1,0,0,0,1,Global Supply Chain Executive,22,Tier A (Extremely High Value),P0 - Immediate Multi-Channel Outreach
TE Connectivity,1,0,0,0,1,Global Supply Chain Support Executive,22,Tier A (Extremely High Value),P0 - Immediate Multi-Channel Outreach
IBM India Pvt Ltd,1,0,0,0,1,Supply Chain & Operations Consultant,22,Tier A (Extremely High Value),P0 - Immediate Multi-Channel Outreach
Chaitanya India Fin Credit Pvt Ltd,1,0,0,0,1,Member Experience & Operations Analyst,22,Tier A (Extremely High Value),P0 - Immediate Multi-Channel Outreach
Google Operations Center,3,1,0,0,0,Business Operations / Management Analyst,21,Tier A (Extremely High Value),P0 - Immediate Multi-Channel Outreach
McKinsey & Company,5,0,0,1,0,Business Operations / Management Analyst,20,Tier A (Extremely High Value),P0 - Immediate Multi-Channel Outreach
Kaseya,2,1,0,0,0,Business Operations / Management Analyst,19,Tier A (Extremely High Value),P0 - Immediate Multi-Channel Outreach
Vandey Global Services,1,1,0,0,0,Business Operations / Management Analyst,17,Tier A (Extremely High Value),P0 - Immediate Multi-Channel Outreach
Moneyview,1,1,0,0,0,Business Operations / Management Analyst,17,Tier A (Extremely High Value),P0 - Immediate Multi-Channel Outreach
FutureSoft (INDIA) Private Limited(Deployed at PWC),1,1,0,0,0,Business Operations / Management Analyst,17,Tier A (Extremely High Value),P0 - Immediate Multi-Channel Outreach
HerKey,1,1,0,0,0,Business Operations / Management Analyst,17,Tier A (Extremely High Value),P0 - Immediate Multi-Channel Outreach
internzvalley,1,1,0,0,0,Business Operations / Management Analyst,17,Tier A (Extremely High Value),P0 - Immediate Multi-Channel Outreach
Storeys Real Estate,1,1,0,0,0,Business Operations / Management Analyst,17,Tier A (Extremely High Value),P0 - Immediate Multi-Channel Outreach
PricewaterhouseCoopers - Service Delivery Center (PwC SDC),1,1,0,0,0,Business Operations / Management Analyst,17,Tier A (Extremely High Value),P0 - Immediate Multi-Channel Outreach
Honeywell Aerospace,3,0,0,1,0,Business Operations / Management Analyst,16,Tier A (Extremely High Value),P0 - Immediate Multi-Channel Outreach
EY-Parthenon,3,0,0,1,0,Business Operations / Management Analyst,16,Tier A (Extremely High Value),P0 - Immediate Multi-Channel Outreach
NYVO Money,2,0,0,1,0,Business Operations / Management Analyst,14,Tier A (Extremely High Value),P0 - Immediate Multi-Channel Outreach
Codeeyx,1,0,0,1,0,Business Operations / Management Analyst,12,Tier A (Extremely High Value),P0 - Immediate Multi-Channel Outreach
OneInsure.Money,1,0,0,1,0,Business Operations / Management Analyst,12,Tier A (Extremely High Value),P0 - Immediate Multi-Channel Outreach
Reliance Money,1,0,0,1,0,Business Operations / Management Analyst,12,Tier A (Extremely High Value),P0 - Immediate Multi-Channel Outreach
Popeyes Louisiana Kitchen,1,0,0,1,0,Business Operations / Management Analyst,12,Tier A (Extremely High Value),P0 - Immediate Multi-Channel Outreach
Amazon Web Services (AWS),1,0,0,1,0,Business Operations / Management Analyst,12,Tier A (Extremely High Value),P0 - Immediate Multi-Channel Outreach
Grey,1,0,0,1,0,Business Operations / Management Analyst,12,Tier A (Extremely High Value),P0 - Immediate Multi-Channel Outreach
KeyValue Software Systems,1,0,0,1,0,Business Operations / Management Analyst,12,Tier A (Extremely High Value),P0 - Immediate Multi-Channel Outreach
Amazon Business,1,0,0,1,0,Business Operations / Management Analyst,12,Tier A (Extremely High Value),P0 - Immediate Multi-Channel Outreach
Meytier Inc.,1,0,0,1,0,Business Operations / Management Analyst,12,Tier A (Extremely High Value),P0 - Immediate Multi-Channel Outreach
KEYA HOMES PVT LTD,1,0,0,1,0,Business Operations / Management Analyst,12,Tier A (Extremely High Value),P0 - Immediate Multi-Channel Outreach
PwC Acceleration Centers in India,4,0,0,0,0,Business Operations / Management Analyst,8,Tier A (Extremely High Value),P0 - Immediate Multi-Channel Outreach
Harvey Mudd College,4,0,0,0,0,Business Operations / Management Analyst,8,Tier A (Extremely High Value),P0 - Immediate Multi-Channel Outreach
PwC Acceleration Centers,3,0,0,0,0,Business Operations / Management Analyst,6,Tier A (Extremely High Value),P0 - Immediate Multi-Channel Outreach
greytHR,2,0,0,0,0,Business Operations / Management Analyst,4,Tier A (Extremely High Value),P0 - Immediate Multi-Channel Outreach
KPMG US,2,0,0,0,0,Business Operations / Management Analyst,4,Tier A (Extremely High Value),P0 - Immediate Multi-Channel Outreach
Money Lancer Investments Pvt.Ltd.,1,0,0,0,0,Business Operations / Management Analyst,2,Tier A (Extremely High Value),P0 - Immediate Multi-Channel Outreach
Crawford Bayley & Co. Advocates & Solicitors,1,0,0,0,0,Business Operations / Management Analyst,2,Tier A (Extremely High Value),P0 - Immediate Multi-Channel Outreach
Neeyamo,1,0,0,0,0,Business Operations / Management Analyst,2,Tier A (Extremely High Value),P0 - Immediate Multi-Channel Outreach
Opkey,1,0,0,0,0,Business Operations / Management Analyst,2,Tier A (Extremely High Value),P0 - Immediate Multi-Channel Outreach
Google Student Ambassador,1,0,0,0,0,Business Operations / Management Analyst,2,Tier A (Extremely High Value),P0 - Immediate Multi-Channel Outreach
Keys On Rent,1,0,0,0,0,Business Operations / Management Analyst,2,Tier A (Extremely High Value),P0 - Immediate Multi-Channel Outreach
Deloitte USI,1,0,0,0,0,Business Operations / Management Analyst,2,Tier A (Extremely High Value),P0 - Immediate Multi-Channel Outreach
KPMG Banglore,1,0,0,0,0,Business Operations / Management Analyst,2,Tier A (Extremely High Value),P0 - Immediate Multi-Channel Outreach
Deloitte Digital,1,0,0,0,0,Business Operations / Management Analyst,2,Tier A (Extremely High Value),P0 - Immediate Multi-Channel Outreach
Deloitte India (Offices of the US),1,0,0,0,0,Business Operations / Management Analyst,2,Tier A (Extremely High Value),P0 - Immediate Multi-Channel Outreach
IBM Cloud,1,0,0,0,0,Business Operations / Management Analyst,2,Tier A (Extremely High Value),P0 - Immediate Multi-Channel Outreach
MoneyMasterz,1,0,0,0,0,Business Operations / Management Analyst,2,Tier A (Extremely High Value),P0 - Immediate Multi-Channel Outreach
HoneyQuote,1,0,0,0,0,Business Operations / Management Analyst,2,Tier A (Extremely High Value),P0 - Immediate Multi-Channel Outreach
LegalStanley Business Consultants,1,0,0,0,0,Business Operations / Management Analyst,2,Tier A (Extremely High Value),P0 - Immediate Multi-Channel Outreach
W. P. Carey School of Business – Arizona State University,1,0,0,0,0,Business Operations / Management Analyst,2,Tier A (Extremely High Value),P0 - Immediate Multi-Channel Outreach
OspreyAI Labs,1,0,0,0,0,Business Operations / Management Analyst,2,Tier A (Extremely High Value),P0 - Immediate Multi-Channel Outreach
SP4 Ameya,1,0,0,0,0,Business Operations / Management Analyst,2,Tier A (Extremely High Value),P0 - Immediate Multi-Channel Outreach
EY GDS,1,0,0,0,0,Business Operations / Management Analyst,2,Tier A (Extremely High Value),P0 - Immediate Multi-Channel Outreach
Birdeye,1,0,0,0,0,Business Operations / Management Analyst,2,Tier A (Extremely High Value),P0 - Immediate Multi-Channel Outreach
Bold and Beyond,1,0,0,0,0,Business Operations / Management Analyst,2,Tier A (Extremely High Value),P0 - Immediate Multi-Channel Outreach
Google Student Ambassadors India,1,0,0,0,0,Business Operations / Management Analyst,2,Tier A (Extremely High Value),P0 - Immediate Multi-Channel Outreach
Jersey Group,1,0,0,0,0,Business Operations / Management Analyst,2,Tier A (Extremely High Value),P0 - Immediate Multi-Channel Outreach
"Accenture Managed Services Provider International Ltd, Bangalore",1,0,0,0,0,Business Operations / Management Analyst,2,Tier A (Extremely High Value),P0 - Immediate Multi-Channel Outreach
KPMG UK,1,0,0,0,0,Business Operations / Management Analyst,2,Tier A (Extremely High Value),P0 - Immediate Multi-Channel Outreach
South London and Maudsley NHS Foundation Trust,1,0,0,0,0,Business Operations / Management Analyst,2,Tier A (Extremely High Value),P0 - Immediate Multi-Channel Outreach
Google (via Cognizant),1,0,0,0,0,Business Operations / Management Analyst,2,Tier A (Extremely High Value),P0 - Immediate Multi-Channel Outreach
DigiKey,1,0,0,0,0,Business Operations / Management Analyst,2,Tier A (Extremely High Value),P0 - Immediate Multi-Channel Outreach
KEYENCE INDIA PVT. LTD.,1,0,0,0,0,Business Operations / Management Analyst,2,Tier A (Extremely High Value),P0 - Immediate Multi-Channel Outreach
ANSR,8,2,1,1,0,Business Operations / Management Analyst,68,Tier B (Strong Opportunity),P1 - Targeted Warm Referral
Decorpot,4,4,0,0,0,Business Operations / Management Analyst,68,Tier B (Strong Opportunity),P1 - Targeted Warm Referral
Cognizant,21,1,0,1,0,Business Operations / Management Analyst,67,Tier B (Strong Opportunity),P1 - Targeted Warm Referral
L&T Technology Services,5,3,1,0,0,Business Operations / Management Analyst,67,Tier B (Strong Opportunity),P1 - Targeted Warm Referral
Tata Electronics,4,1,2,2,0,Business Operations / Management Analyst,67,Tier B (Strong Opportunity),P1 - Targeted Warm Referral
Square Yards,5,1,0,4,0,Business Operations / Management Analyst,65,Tier B (Strong Opportunity),P1 - Targeted Warm Referral
Aditya Birla Fashion and Retail Ltd.,6,2,1,1,0,Business Operations / Management Analyst,64,Tier B (Strong Opportunity),P1 - Targeted Warm Referral
Thrive the HR club BYC,6,0,1,4,0,Business Operations / Management Analyst,64,Tier B (Strong Opportunity),P1 - Targeted Warm Referral
Genpact,8,1,1,2,0,Business Operations / Management Analyst,63,Tier B (Strong Opportunity),P1 - Targeted Warm Referral
Zyoin Group,4,3,0,1,0,Business Operations / Management Analyst,63,Tier B (Strong Opportunity),P1 - Targeted Warm Referral
Newton School,4,3,0,1,0,Business Operations / Management Analyst,63,Tier B (Strong Opportunity),P1 - Targeted Warm Referral
SmartQ,3,3,1,0,0,Business Operations / Management Analyst,63,Tier B (Strong Opportunity),P1 - Targeted Warm Referral
CUSBMA-YESHWANTHPUR,16,0,0,3,0,Business Operations / Management Analyst,62,Tier B (Strong Opportunity),P1 - Targeted Warm Referral
Paytm,5,2,1,1,0,Business Operations / Management Analyst,62,Tier B (Strong Opportunity),P1 - Targeted Warm Referral
Concentrix,13,1,0,2,0,Business Operations / Management Analyst,61,Tier B (Strong Opportunity),P1 - Targeted Warm Referral
HCLTech,10,0,0,4,0,Business Operations / Management Analyst,60,Tier B (Strong Opportunity),P1 - Targeted Warm Referral
Mercuriusdoc,4,0,1,4,0,Business Operations / Management Analyst,60,Tier B (Strong Opportunity),P1 - Targeted Warm Referral
CGI,4,2,1,1,0,Business Operations / Management Analyst,60,Tier B (Strong Opportunity),P1 - Targeted Warm Referral
SVKM's Narsee Monjee Institute of Management Studies (NMIMS),3,0,2,3,0,Business Operations / Management Analyst,60,Tier B (Strong Opportunity),P1 - Targeted Warm Referral
Indegene,6,1,1,2,0,Business Operations / Management Analyst,59,Tier B (Strong Opportunity),P1 - Targeted Warm Referral
LTM,5,1,2,1,0,Business Operations / Management Analyst,59,Tier B (Strong Opportunity),P1 - Targeted Warm Referral
CIEL HR,4,2,0,2,0,Business Operations / Management Analyst,58,Tier B (Strong Opportunity),P1 - Targeted Warm Referral
Presidency University Bangalore,3,2,1,1,0,Business Operations / Management Analyst,58,Tier B (Strong Opportunity),P1 - Targeted Warm Referral
Accolite,3,2,1,1,0,Business Operations / Management Analyst,58,Tier B (Strong Opportunity),P1 - Targeted Warm Referral
Deutsche Bank,15,1,0,1,0,Business Operations / Management Analyst,55,Tier B (Strong Opportunity),P1 - Targeted Warm Referral
Wells Fargo,9,1,1,1,0,Business Operations / Management Analyst,55,Tier B (Strong Opportunity),P1 - Targeted Warm Referral
BSS Recruit,5,1,0,3,0,Business Operations / Management Analyst,55,Tier B (Strong Opportunity),P1 - Targeted Warm Referral
Vyapar,5,3,0,0,0,Business Operations / Management Analyst,55,Tier B (Strong Opportunity),P1 - Targeted Warm Referral
Masai,4,1,1,2,0,Business Operations / Management Analyst,55,Tier B (Strong Opportunity),P1 - Targeted Warm Referral
"NTT DATA, Inc.",3,1,2,1,0,Business Operations / Management Analyst,55,Tier B (Strong Opportunity),P1 - Targeted Warm Referral
Zinnov,3,1,2,1,0,Business Operations / Management Analyst,55,Tier B (Strong Opportunity),P1 - Targeted Warm Referral
"Department of Physical Education, Christ University",6,0,1,3,0,Business Operations / Management Analyst,54,Tier B (Strong Opportunity),P1 - Targeted Warm Referral
TEKsystems,4,1,0,3,0,Business Operations / Management Analyst,53,Tier B (Strong Opportunity),P1 - Targeted Warm Referral
YES BANK,3,1,1,2,0,Business Operations / Management Analyst,53,Tier B (Strong Opportunity),P1 - Targeted Warm Referral
Mygate,6,0,0,4,0,Business Operations / Management Analyst,52,Tier B (Strong Opportunity),P1 - Targeted Warm Referral
DXC Technology,6,2,0,1,0,Business Operations / Management Analyst,52,Tier B (Strong Opportunity),P1 - Targeted Warm Referral
Randstad Enterprise,5,2,1,0,0,Business Operations / Management Analyst,52,Tier B (Strong Opportunity),P1 - Targeted Warm Referral
MathCo,5,2,1,0,0,Business Operations / Management Analyst,52,Tier B (Strong Opportunity),P1 - Targeted Warm Referral
Gallagher,13,1,0,1,0,Business Operations / Management Analyst,51,Tier B (Strong Opportunity),P1 - Targeted Warm Referral
slice,7,1,1,1,0,Business Operations / Management Analyst,51,Tier B (Strong Opportunity),P1 - Targeted Warm Referral
K12 Techno Services Pvt. Ltd.,3,3,0,0,0,Business Operations / Management Analyst,51,Tier B (Strong Opportunity),P1 - Targeted Warm Referral
Fidelis Technology Services,3,3,0,0,0,Business Operations / Management Analyst,51,Tier B (Strong Opportunity),P1 - Targeted Warm Referral
Impact Analytics,3,3,0,0,0,Business Operations / Management Analyst,51,Tier B (Strong Opportunity),P1 - Targeted Warm Referral
"Sunrise Systems, Inc.",3,3,0,0,0,Business Operations / Management Analyst,51,Tier B (Strong Opportunity),P1 - Targeted Warm Referral
HDFC Bank,4,0,1,3,0,Business Operations / Management Analyst,50,Tier B (Strong Opportunity),P1 - Targeted Warm Referral
Liberati,4,0,1,3,0,Business Operations / Management Analyst,50,Tier B (Strong Opportunity),P1 - Targeted Warm Referral
Meesho,4,2,1,0,0,Business Operations / Management Analyst,50,Tier B (Strong Opportunity),P1 - Targeted Warm Referral
"International Institute of Business Studies - IIBS, Bengaluru",3,0,2,2,0,Business Operations / Management Analyst,50,Tier B (Strong Opportunity),P1 - Targeted Warm Referral
NxtGen Cloud Technologies Pvt Ltd,3,0,2,2,0,Business Operations / Management Analyst,50,Tier B (Strong Opportunity),P1 - Targeted Warm Referral
Ditto Insurance,17,1,0,0,0,Business Operations / Management Analyst,49,Tier B (Strong Opportunity),P1 - Targeted Warm Referral
LSEG,11,1,1,0,0,Business Operations / Management Analyst,49,Tier B (Strong Opportunity),P1 - Targeted Warm Referral
Unacademy,9,2,0,0,0,Business Operations / Management Analyst,48,Tier B (Strong Opportunity),P1 - Targeted Warm Referral
"Zariya Productions, CHRIST (Deemed to be University), BGR",8,0,1,2,0,Business Operations / Management Analyst,48,Tier B (Strong Opportunity),P1 - Targeted Warm Referral
Confidential,3,2,1,0,0,Business Operations / Management Analyst,48,Tier B (Strong Opportunity),P1 - Targeted Warm Referral
Niche,3,0,1,3,0,Business Operations / Management Analyst,48,Tier B (Strong Opportunity),P1 - Targeted Warm Referral
Flowmingo AI,2,0,2,2,0,Business Operations / Management Analyst,48,Tier B (Strong Opportunity),P1 - Targeted Warm Referral
"SVKM's Narsee Monjee Institute of Management Studies (NMIMS), Bangalore",2,0,2,2,0,Business Operations / Management Analyst,48,Tier B (Strong Opportunity),P1 - Targeted Warm Referral
Indian Institute of Management Jammu,2,0,2,2,0,Business Operations / Management Analyst,48,Tier B (Strong Opportunity),P1 - Targeted Warm Referral
AsteroidX,5,1,1,1,0,Business Operations / Management Analyst,47,Tier B (Strong Opportunity),P1 - Targeted Warm Referral
Alumni Relations Cell BGR (Christ University),8,0,0,3,0,Business Operations / Management Analyst,46,Tier B (Strong Opportunity),P1 - Targeted Warm Referral
Adfactors PR,7,0,1,2,0,Business Operations / Management Analyst,46,Tier B (Strong Opportunity),P1 - Targeted Warm Referral
CloudZenia,3,2,0,1,0,Business Operations / Management Analyst,46,Tier B (Strong Opportunity),P1 - Targeted Warm Referral
Eli Lilly and Company,3,2,0,1,0,Business Operations / Management Analyst,46,Tier B (Strong Opportunity),P1 - Targeted Warm Referral
VARITE INC,3,2,0,1,0,Business Operations / Management Analyst,46,Tier B (Strong Opportunity),P1 - Targeted Warm Referral
WORK POTATO CONSULTANCY,2,2,1,0,0,Business Operations / Management Analyst,46,Tier B (Strong Opportunity),P1 - Targeted Warm Referral
Hector Beverages,2,2,1,0,0,Business Operations / Management Analyst,46,Tier B (Strong Opportunity),P1 - Targeted Warm Referral
Insemi Technology Services Pvt. Ltd.,2,2,1,0,0,Business Operations / Management Analyst,46,Tier B (Strong Opportunity),P1 - Targeted Warm Referral
Pazcare,10,1,0,1,0,Business Operations / Management Analyst,45,Tier B (Strong Opportunity),P1 - Targeted Warm Referral
Bajaj Finserv,5,1,0,2,0,Business Operations / Management Analyst,45,Tier B (Strong Opportunity),P1 - Targeted Warm Referral
BrightCHAMPS,4,1,1,1,0,Business Operations / Management Analyst,45,Tier B (Strong Opportunity),P1 - Targeted Warm Referral
ISBR Business School,4,1,1,1,0,Business Operations / Management Analyst,45,Tier B (Strong Opportunity),P1 - Targeted Warm Referral
eMudhra,7,0,0,3,0,Business Operations / Management Analyst,44,Tier B (Strong Opportunity),P1 - Targeted Warm Referral
Sagility,7,2,0,0,0,Business Operations / Management Analyst,44,Tier B (Strong Opportunity),P1 - Targeted Warm Referral
Bosch Global Software Technologies,6,0,1,2,0,Business Operations / Management Analyst,44,Tier B (Strong Opportunity),P1 - Targeted Warm Referral
Reliance Retail,4,1,0,2,0,Business Operations / Management Analyst,43,Tier B (Strong Opportunity),P1 - Targeted Warm Referral
Kotak Mahindra Bank,4,1,0,2,0,Business Operations / Management Analyst,43,Tier B (Strong Opportunity),P1 - Targeted Warm Referral
Policybazaar.com,3,1,1,1,0,Business Operations / Management Analyst,43,Tier B (Strong Opportunity),P1 - Targeted Warm Referral
Adecco,3,1,1,1,0,Business Operations / Management Analyst,43,Tier B (Strong Opportunity),P1 - Targeted Warm Referral
Kidvento Education and Research,3,1,1,1,0,Business Operations / Management Analyst,43,Tier B (Strong Opportunity),P1 - Targeted Warm Referral
CHRIST Incubation and Consultancy Foundation,6,0,0,3,0,Business Operations / Management Analyst,42,Tier B (Strong Opportunity),P1 - Targeted Warm Referral
ShopDeck,6,2,0,0,0,Business Operations / Management Analyst,42,Tier B (Strong Opportunity),P1 - Targeted Warm Referral
Let Us Dream,5,0,1,2,0,Business Operations / Management Analyst,42,Tier B (Strong Opportunity),P1 - Targeted Warm Referral
Greenwood High International School,5,0,1,2,0,Business Operations / Management Analyst,42,Tier B (Strong Opportunity),P1 - Targeted Warm Referral
Stripe,13,1,0,0,0,Business Operations / Management Analyst,41,Tier B (Strong Opportunity),P1 - Targeted Warm Referral
PVR Limited,3,1,0,2,0,Business Operations / Management Analyst,41,Tier B (Strong Opportunity),P1 - Targeted Warm Referral
Inkle,2,1,1,1,0,Business Operations / Management Analyst,41,Tier B (Strong Opportunity),P1 - Targeted Warm Referral
Generali Central Life Insurance,2,1,1,1,0,Business Operations / Management Analyst,41,Tier B (Strong Opportunity),P1 - Targeted Warm Referral
PRISM,2,1,1,1,0,Business Operations / Management Analyst,41,Tier B (Strong Opportunity),P1 - Targeted Warm Referral
American Express,5,0,0,3,0,Business Operations / Management Analyst,40,Tier B (Strong Opportunity),P1 - Targeted Warm Referral
Instawork,5,2,0,0,0,Business Operations / Management Analyst,40,Tier B (Strong Opportunity),P1 - Targeted Warm Referral
ReSource Pro,5,2,0,0,0,Business Operations / Management Analyst,40,Tier B (Strong Opportunity),P1 - Targeted Warm Referral
Societe Generale Global Solution Centre,5,2,0,0,0,Business Operations / Management Analyst,40,Tier B (Strong Opportunity),P1 - Targeted Warm Referral
Agoda,4,0,1,2,0,Business Operations / Management Analyst,40,Tier B (Strong Opportunity),P1 - Targeted Warm Referral
U&I Trust,4,0,1,2,0,Business Operations / Management Analyst,40,Tier B (Strong Opportunity),P1 - Targeted Warm Referral
Infosys BPM,11,1,0,0,0,Business Operations / Management Analyst,37,Tier B (Strong Opportunity),P1 - Targeted Warm Referral
"E-Cell, Christ University BYC",10,0,0,1,0,Business Operations / Management Analyst,30,Tier B (Strong Opportunity),P1 - Targeted Warm Referral
ANZ,13,0,0,0,0,Business Operations / Management Analyst,26,Tier B (Strong Opportunity),P1 - Targeted Warm Referral
University Student Council - CHRIST (Deemed to be University),10,0,0,0,0,Business Operations / Management Analyst,20,Tier B (Strong Opportunity),P1 - Targeted Warm Referral
BlackRock,10,0,0,0,0,Business Operations / Management Analyst,20,Tier B (Strong Opportunity),P1 - Targeted Warm Referral
CAPS- Centre For Academic And Professional Support,9,0,0,2,0,Business Operations / Management Analyst,38,Tier C (Useful / Moderate Probability),P2 - Secondary Sourcing
Startek,4,2,0,0,0,Business Operations / Management Analyst,38,Tier C (Useful / Moderate Probability),P2 - Secondary Sourcing
EdLernity,4,2,0,0,0,Business Operations / Management Analyst,38,Tier C (Useful / Moderate Probability),P2 - Secondary Sourcing
Echobooom Management and Entrepreneurial Solutions,4,2,0,0,0,Business Operations / Management Analyst,38,Tier C (Useful / Moderate Probability),P2 - Secondary Sourcing
ECONTAGO- The Economics Association,4,0,0,3,0,Business Operations / Management Analyst,38,Tier C (Useful / Moderate Probability),P2 - Secondary Sourcing
CAPS - BRC (Centre for Academic And Professional Support),4,0,0,3,0,Business Operations / Management Analyst,38,Tier C (Useful / Moderate Probability),P2 - Secondary Sourcing
"Department of International Studies, Political Science and History (Christ University, BRC campus)",4,0,0,3,0,Business Operations / Management Analyst,38,Tier C (Useful / Moderate Probability),P2 - Secondary Sourcing
ICICI Prudential Life Insurance Company Limited,4,0,0,3,0,Business Operations / Management Analyst,38,Tier C (Useful / Moderate Probability),P2 - Secondary Sourcing
Toyota Financial Services India,4,0,0,3,0,Business Operations / Management Analyst,38,Tier C (Useful / Moderate Probability),P2 - Secondary Sourcing
Acuity Analytics,4,2,0,0,0,Business Operations / Management Analyst,38,Tier C (Useful / Moderate Probability),P2 - Secondary Sourcing
Sasken Technologies Limited,4,2,0,0,0,Business Operations / Management Analyst,38,Tier C (Useful / Moderate Probability),P2 - Secondary Sourcing
Palo Alto Networks,4,2,0,0,0,Business Operations / Management Analyst,38,Tier C (Useful / Moderate Probability),P2 - Secondary Sourcing
FIB Connect BYC,3,0,1,2,0,Business Operations / Management Analyst,38,Tier C (Useful / Moderate Probability),P2 - Secondary Sourcing
The Knowledge Academy,6,1,0,1,0,Business Operations / Management Analyst,37,Tier C (Useful / Moderate Probability),P2 - Secondary Sourcing
WNS,6,1,0,1,0,Business Operations / Management Analyst,37,Tier C (Useful / Moderate Probability),P2 - Secondary Sourcing
LTIMindtree,5,1,1,0,0,Business Operations / Management Analyst,37,Tier C (Useful / Moderate Probability),P2 - Secondary Sourcing
Wipro Limited,3,2,0,0,0,Business Operations / Management Analyst,36,Tier C (Useful / Moderate Probability),P2 - Secondary Sourcing
Futurense Technologies,3,2,0,0,0,Business Operations / Management Analyst,36,Tier C (Useful / Moderate Probability),P2 - Secondary Sourcing
Condé Nast,3,2,0,0,0,Business Operations / Management Analyst,36,Tier C (Useful / Moderate Probability),P2 - Secondary Sourcing
Aptara,3,0,0,3,0,Business Operations / Management Analyst,36,Tier C (Useful / Moderate Probability),P2 - Secondary Sourcing
D. E. Shaw India Private Limited,3,2,0,0,0,Business Operations / Management Analyst,36,Tier C (Useful / Moderate Probability),P2 - Secondary Sourcing
Central Coalfields Limited,3,2,0,0,0,Business Operations / Management Analyst,36,Tier C (Useful / Moderate Probability),P2 - Secondary Sourcing
Cognoscere BYC,3,0,0,3,0,Business Operations / Management Analyst,36,Tier C (Useful / Moderate Probability),P2 - Secondary Sourcing
iBridge Techsoft,3,2,0,0,0,Business Operations / Management Analyst,36,Tier C (Useful / Moderate Probability),P2 - Secondary Sourcing
Embassy Group,3,2,0,0,0,Business Operations / Management Analyst,36,Tier C (Useful / Moderate Probability),P2 - Secondary Sourcing
Hitachi Energy,3,2,0,0,0,Business Operations / Management Analyst,36,Tier C (Useful / Moderate Probability),P2 - Secondary Sourcing
Deluxe,2,0,1,2,0,Business Operations / Management Analyst,36,Tier C (Useful / Moderate Probability),P2 - Secondary Sourcing
"Centre for Service Learning, BRC",2,0,1,2,0,Business Operations / Management Analyst,36,Tier C (Useful / Moderate Probability),P2 - Secondary Sourcing
OOPSroops LLP,2,0,1,2,0,Business Operations / Management Analyst,36,Tier C (Useful / Moderate Probability),P2 - Secondary Sourcing
Citi,2,0,1,2,0,Business Operations / Management Analyst,36,Tier C (Useful / Moderate Probability),P2 - Secondary Sourcing
Marquee Equity,2,0,1,2,0,Business Operations / Management Analyst,36,Tier C (Useful / Moderate Probability),P2 - Secondary Sourcing
Practo,5,1,0,1,0,Business Operations / Management Analyst,35,Tier C (Useful / Moderate Probability),P2 - Secondary Sourcing
Digit Insurance,5,1,0,1,0,Business Operations / Management Analyst,35,Tier C (Useful / Moderate Probability),P2 - Secondary Sourcing
ITC Infotech,5,1,0,1,0,Business Operations / Management Analyst,35,Tier C (Useful / Moderate Probability),P2 - Secondary Sourcing
EXL,5,1,0,1,0,Business Operations / Management Analyst,35,Tier C (Useful / Moderate Probability),P2 - Secondary Sourcing
Vistaar Financial Services Pvt Ltd,4,1,1,0,0,Business Operations / Management Analyst,35,Tier C (Useful / Moderate Probability),P2 - Secondary Sourcing
SDG CELL BYC,7,0,0,2,0,Business Operations / Management Analyst,34,Tier C (Useful / Moderate Probability),P2 - Secondary Sourcing
Hewlett Packard Enterprise,7,0,0,2,0,Business Operations / Management Analyst,34,Tier C (Useful / Moderate Probability),P2 - Secondary Sourcing
"LanceSoft, Inc.",2,2,0,0,0,Business Operations / Management Analyst,34,Tier C (Useful / Moderate Probability),P2 - Secondary Sourcing
Synthite Industries Pvt. Ltd,2,2,0,0,0,Business Operations / Management Analyst,34,Tier C (Useful / Moderate Probability),P2 - Secondary Sourcing
V4U HR SOLUTIONS.COM,2,2,0,0,0,Business Operations / Management Analyst,34,Tier C (Useful / Moderate Probability),P2 - Secondary Sourcing
Horizontal Talent,2,2,0,0,0,Business Operations / Management Analyst,34,Tier C (Useful / Moderate Probability),P2 - Secondary Sourcing
Ensetu,2,2,0,0,0,Business Operations / Management Analyst,34,Tier C (Useful / Moderate Probability),P2 - Secondary Sourcing
CliniLaunch Research Institute,2,2,0,0,0,Business Operations / Management Analyst,34,Tier C (Useful / Moderate Probability),P2 - Secondary Sourcing
Shadowfax,2,2,0,0,0,Business Operations / Management Analyst,34,Tier C (Useful / Moderate Probability),P2 - Secondary Sourcing
Gradient M,2,2,0,0,0,Business Operations / Management Analyst,34,Tier C (Useful / Moderate Probability),P2 - Secondary Sourcing
iTCart,2,2,0,0,0,Business Operations / Management Analyst,34,Tier C (Useful / Moderate Probability),P2 - Secondary Sourcing
Alp Consulting Ltd.,2,2,0,0,0,Business Operations / Management Analyst,34,Tier C (Useful / Moderate Probability),P2 - Secondary Sourcing
Laguna India Pvt Ltd,2,2,0,0,0,Business Operations / Management Analyst,34,Tier C (Useful / Moderate Probability),P2 - Secondary Sourcing
CGB SOLUTIONS,2,2,0,0,0,Business Operations / Management Analyst,34,Tier C (Useful / Moderate Probability),P2 - Secondary Sourcing
Teknowgrade Pvt Ltd,2,2,0,0,0,Business Operations / Management Analyst,34,Tier C (Useful / Moderate Probability),P2 - Secondary Sourcing
Ekfrazo Technologies Private Limited,2,2,0,0,0,Business Operations / Management Analyst,34,Tier C (Useful / Moderate Probability),P2 - Secondary Sourcing
Sapience Minds,2,2,0,0,0,Business Operations / Management Analyst,34,Tier C (Useful / Moderate Probability),P2 - Secondary Sourcing
Esyasoft Holding,2,2,0,0,0,Business Operations / Management Analyst,34,Tier C (Useful / Moderate Probability),P2 - Secondary Sourcing
Torry Harris Integration Solutions,2,2,0,0,0,Business Operations / Management Analyst,34,Tier C (Useful / Moderate Probability),P2 - Secondary Sourcing
Brik Oven,2,2,0,0,0,Business Operations / Management Analyst,34,Tier C (Useful / Moderate Probability),P2 - Secondary Sourcing
Embark,2,2,0,0,0,Business Operations / Management Analyst,34,Tier C (Useful / Moderate Probability),P2 - Secondary Sourcing
Talendroid Technologies,2,2,0,0,0,Business Operations / Management Analyst,34,Tier C (Useful / Moderate Probability),P2 - Secondary Sourcing
Pehchaan The Street School (Trust),2,2,0,0,0,Business Operations / Management Analyst,34,Tier C (Useful / Moderate Probability),P2 - Secondary Sourcing
Fourth Frontier,2,2,0,0,0,Business Operations / Management Analyst,34,Tier C (Useful / Moderate Probability),P2 - Secondary Sourcing
eTeam,2,2,0,0,0,Business Operations / Management Analyst,34,Tier C (Useful / Moderate Probability),P2 - Secondary Sourcing
ALIQAN Technologies,2,2,0,0,0,Business Operations / Management Analyst,34,Tier C (Useful / Moderate Probability),P2 - Secondary Sourcing
Indpro AB,2,2,0,0,0,Business Operations / Management Analyst,34,Tier C (Useful / Moderate Probability),P2 - Secondary Sourcing
TRAVERZE,2,2,0,0,0,Business Operations / Management Analyst,34,Tier C (Useful / Moderate Probability),P2 - Secondary Sourcing
cognext.ai,2,2,0,0,0,Business Operations / Management Analyst,34,Tier C (Useful / Moderate Probability),P2 - Secondary Sourcing
Urban Ladder,2,2,0,0,0,Business Operations / Management Analyst,34,Tier C (Useful / Moderate Probability),P2 - Secondary Sourcing
Greenway Health,2,2,0,0,0,Business Operations / Management Analyst,34,Tier C (Useful / Moderate Probability),P2 - Secondary Sourcing
"Mindset Consulting, LLC",2,2,0,0,0,Business Operations / Management Analyst,34,Tier C (Useful / Moderate Probability),P2 - Secondary Sourcing
IITIL - Innovative Information Technologies India Limited,2,2,0,0,0,Business Operations / Management Analyst,34,Tier C (Useful / Moderate Probability),P2 - Secondary Sourcing
BootMinds,2,2,0,0,0,Business Operations / Management Analyst,34,Tier C (Useful / Moderate Probability),P2 - Secondary Sourcing
WeRize,2,2,0,0,0,Business Operations / Management Analyst,34,Tier C (Useful / Moderate Probability),P2 - Secondary Sourcing
Jones RecruitZo,2,2,0,0,0,Business Operations / Management Analyst,34,Tier C (Useful / Moderate Probability),P2 - Secondary Sourcing
Arcana,2,2,0,0,0,Business Operations / Management Analyst,34,Tier C (Useful / Moderate Probability),P2 - Secondary Sourcing
ShareChat,2,2,0,0,0,Business Operations / Management Analyst,34,Tier C (Useful / Moderate Probability),P2 - Secondary Sourcing
Collective Artists Network,2,2,0,0,0,Business Operations / Management Analyst,34,Tier C (Useful / Moderate Probability),P2 - Secondary Sourcing
Utthunga,2,2,0,0,0,Business Operations / Management Analyst,34,Tier C (Useful / Moderate Probability),P2 - Secondary Sourcing
Yethi Consulting,2,2,0,0,0,Business Operations / Management Analyst,34,Tier C (Useful / Moderate Probability),P2 - Secondary Sourcing
Columbia Shipmanagement,2,2,0,0,0,Business Operations / Management Analyst,34,Tier C (Useful / Moderate Probability),P2 - Secondary Sourcing
Allstate India,4,1,0,1,0,Business Operations / Management Analyst,33,Tier C (Useful / Moderate Probability),P2 - Secondary Sourcing
Synechron,4,1,0,1,0,Business Operations / Management Analyst,33,Tier C (Useful / Moderate Probability),P2 - Secondary Sourcing
Bonito Designs,3,1,1,0,0,Business Operations / Management Analyst,33,Tier C (Useful / Moderate Probability),P2 - Secondary Sourcing
Finance and Economics Cell,6,0,0,2,0,Business Operations / Management Analyst,32,Tier C (Useful / Moderate Probability),P2 - Secondary Sourcing
NSRCEL,6,0,0,2,0,Business Operations / Management Analyst,32,Tier C (Useful / Moderate Probability),P2 - Secondary Sourcing
Quest Global,5,0,1,1,0,Business Operations / Management Analyst,32,Tier C (Useful / Moderate Probability),P2 - Secondary Sourcing
Interview Kickstart,3,1,0,1,0,Business Operations / Management Analyst,31,Tier C (Useful / Moderate Probability),P2 - Secondary Sourcing
The Indian Hotels Company Limited (IHCL),3,1,0,1,0,Business Operations / Management Analyst,31,Tier C (Useful / Moderate Probability),P2 - Secondary Sourcing
Melange | HR club at CUSBMA,3,1,0,1,0,Business Operations / Management Analyst,31,Tier C (Useful / Moderate Probability),P2 - Secondary Sourcing
YASH Technologies,3,1,0,1,0,Business Operations / Management Analyst,31,Tier C (Useful / Moderate Probability),P2 - Secondary Sourcing
Eloelo,3,1,0,1,0,Business Operations / Management Analyst,31,Tier C (Useful / Moderate Probability),P2 - Secondary Sourcing
WPP Media,3,1,0,1,0,Business Operations / Management Analyst,31,Tier C (Useful / Moderate Probability),P2 - Secondary Sourcing
Fresh Prints,3,1,0,1,0,Business Operations / Management Analyst,31,Tier C (Useful / Moderate Probability),P2 - Secondary Sourcing
Crio.Do,3,1,0,1,0,Business Operations / Management Analyst,31,Tier C (Useful / Moderate Probability),P2 - Secondary Sourcing
Nike,3,1,0,1,0,Business Operations / Management Analyst,31,Tier C (Useful / Moderate Probability),P2 - Secondary Sourcing
BPM LLP,3,1,0,1,0,Business Operations / Management Analyst,31,Tier C (Useful / Moderate Probability),P2 - Secondary Sourcing
Vedantu,3,1,0,1,0,Business Operations / Management Analyst,31,Tier C (Useful / Moderate Probability),P2 - Secondary Sourcing
Odigma,3,1,0,1,0,Business Operations / Management Analyst,31,Tier C (Useful / Moderate Probability),P2 - Secondary Sourcing
e2open,2,1,1,0,0,Business Operations / Management Analyst,31,Tier C (Useful / Moderate Probability),P2 - Secondary Sourcing
Fidelity Investments,2,1,1,0,0,Business Operations / Management Analyst,31,Tier C (Useful / Moderate Probability),P2 - Secondary Sourcing
Reliance Consumer Products Limited,2,1,1,0,0,Business Operations / Management Analyst,31,Tier C (Useful / Moderate Probability),P2 - Secondary Sourcing
Siemens Healthineers,2,1,1,0,0,Business Operations / Management Analyst,31,Tier C (Useful / Moderate Probability),P2 - Secondary Sourcing
Media.net,2,1,1,0,0,Business Operations / Management Analyst,31,Tier C (Useful / Moderate Probability),P2 - Secondary Sourcing
Capco,2,1,1,0,0,Business Operations / Management Analyst,31,Tier C (Useful / Moderate Probability),P2 - Secondary Sourcing
Pine Labs,2,1,1,0,0,Business Operations / Management Analyst,31,Tier C (Useful / Moderate Probability),P2 - Secondary Sourcing
Nasdaq,2,1,1,0,0,Business Operations / Management Analyst,31,Tier C (Useful / Moderate Probability),P2 - Secondary Sourcing
Axis Bank,5,0,0,2,0,Business Operations / Management Analyst,30,Tier C (Useful / Moderate Probability),P2 - Secondary Sourcing
Dezerv,4,0,1,1,0,Business Operations / Management Analyst,30,Tier C (Useful / Moderate Probability),P2 - Secondary Sourcing
SCAPS - School of Commerce,4,0,1,1,0,Business Operations / Management Analyst,30,Tier C (Useful / Moderate Probability),P2 - Secondary Sourcing
Amity University,4,0,1,1,0,Business Operations / Management Analyst,30,Tier C (Useful / Moderate Probability),P2 - Secondary Sourcing
Corizo Edutech Private Limited,2,1,0,1,0,Business Operations / Management Analyst,29,Tier C (Useful / Moderate Probability),P2 - Secondary Sourcing
AB InBev India,2,1,0,1,0,Business Operations / Management Analyst,29,Tier C (Useful / Moderate Probability),P2 - Secondary Sourcing
"Fossil Group, Inc.",2,1,0,1,0,Business Operations / Management Analyst,29,Tier C (Useful / Moderate Probability),P2 - Secondary Sourcing
Tata Capital,2,1,0,1,0,Business Operations / Management Analyst,29,Tier C (Useful / Moderate Probability),P2 - Secondary Sourcing
Northern Trust Corporation,2,1,0,1,0,Business Operations / Management Analyst,29,Tier C (Useful / Moderate Probability),P2 - Secondary Sourcing
PRIMUS Global Technologies Pvt Ltd,2,1,0,1,0,Business Operations / Management Analyst,29,Tier C (Useful / Moderate Probability),P2 - Secondary Sourcing
AutoVRse,2,1,0,1,0,Business Operations / Management Analyst,29,Tier C (Useful / Moderate Probability),P2 - Secondary Sourcing
AIESEC,2,1,0,1,0,Business Operations / Management Analyst,29,Tier C (Useful / Moderate Probability),P2 - Secondary Sourcing
Manipal Hospitals (MHEPL),2,1,0,1,0,Business Operations / Management Analyst,29,Tier C (Useful / Moderate Probability),P2 - Secondary Sourcing
Live Connections,2,1,0,1,0,Business Operations / Management Analyst,29,Tier C (Useful / Moderate Probability),P2 - Secondary Sourcing
Cafe Coffee Day,2,1,0,1,0,Business Operations / Management Analyst,29,Tier C (Useful / Moderate Probability),P2 - Secondary Sourcing
Zyoin,2,1,0,1,0,Business Operations / Management Analyst,29,Tier C (Useful / Moderate Probability),P2 - Secondary Sourcing
Reliance Brands Limited,2,1,0,1,0,Business Operations / Management Analyst,29,Tier C (Useful / Moderate Probability),P2 - Secondary Sourcing
Hike Education,2,1,0,1,0,Business Operations / Management Analyst,29,Tier C (Useful / Moderate Probability),P2 - Secondary Sourcing
Omnicom Media Group India,2,1,0,1,0,Business Operations / Management Analyst,29,Tier C (Useful / Moderate Probability),P2 - Secondary Sourcing
ZeroFox,2,1,0,1,0,Business Operations / Management Analyst,29,Tier C (Useful / Moderate Probability),P2 - Secondary Sourcing
DTDC Express Limited,2,1,0,1,0,Business Operations / Management Analyst,29,Tier C (Useful / Moderate Probability),P2 - Secondary Sourcing
GeekyAnts,2,1,0,1,0,Business Operations / Management Analyst,29,Tier C (Useful / Moderate Probability),P2 - Secondary Sourcing
Daks Strategies & Solutions Private Limited,1,1,1,0,0,Business Operations / Management Analyst,29,Tier C (Useful / Moderate Probability),P2 - Secondary Sourcing
REA India,1,1,1,0,0,Business Operations / Management Analyst,29,Tier C (Useful / Moderate Probability),P2 - Secondary Sourcing
Coface,1,1,1,0,0,Business Operations / Management Analyst,29,Tier C (Useful / Moderate Probability),P2 - Secondary Sourcing
Pattern®,1,1,1,0,0,Business Operations / Management Analyst,29,Tier C (Useful / Moderate Probability),P2 - Secondary Sourcing
91springboard,1,1,1,0,0,Business Operations / Management Analyst,29,Tier C (Useful / Moderate Probability),P2 - Secondary Sourcing
Bloom Energy,1,1,1,0,0,Business Operations / Management Analyst,29,Tier C (Useful / Moderate Probability),P2 - Secondary Sourcing
Implere Technologies Pvt Ltd,1,1,1,0,0,Business Operations / Management Analyst,29,Tier C (Useful / Moderate Probability),P2 - Secondary Sourcing
Project C Foundation - We Care For Your Mental Health,1,1,1,0,0,Business Operations / Management Analyst,29,Tier C (Useful / Moderate Probability),P2 - Secondary Sourcing
Hudson's Bay Company,1,1,1,0,0,Business Operations / Management Analyst,29,Tier C (Useful / Moderate Probability),P2 - Secondary Sourcing
BCT Consulting,1,1,1,0,0,Business Operations / Management Analyst,29,Tier C (Useful / Moderate Probability),P2 - Secondary Sourcing
Bounteous,1,1,1,0,0,Business Operations / Management Analyst,29,Tier C (Useful / Moderate Probability),P2 - Secondary Sourcing
Randstad India,1,1,1,0,0,Business Operations / Management Analyst,29,Tier C (Useful / Moderate Probability),P2 - Secondary Sourcing
Emvo,1,1,1,0,0,Business Operations / Management Analyst,29,Tier C (Useful / Moderate Probability),P2 - Secondary Sourcing
dbt Labs,1,1,1,0,0,Business Operations / Management Analyst,29,Tier C (Useful / Moderate Probability),P2 - Secondary Sourcing
CKPC Properties,1,1,1,0,0,Business Operations / Management Analyst,29,Tier C (Useful / Moderate Probability),P2 - Secondary Sourcing
Nineleaps,1,1,1,0,0,Business Operations / Management Analyst,29,Tier C (Useful / Moderate Probability),P2 - Secondary Sourcing
FloBiz | myBillBook,1,1,1,0,0,Business Operations / Management Analyst,29,Tier C (Useful / Moderate Probability),P2 - Secondary Sourcing
Toast,1,1,1,0,0,Business Operations / Management Analyst,29,Tier C (Useful / Moderate Probability),P2 - Secondary Sourcing
Plastics For Change,1,1,1,0,0,Business Operations / Management Analyst,29,Tier C (Useful / Moderate Probability),P2 - Secondary Sourcing
Rockstar Games,1,1,1,0,0,Business Operations / Management Analyst,29,Tier C (Useful / Moderate Probability),P2 - Secondary Sourcing
Cyrptec Digital Transformation Private Limited,1,1,1,0,0,Business Operations / Management Analyst,29,Tier C (Useful / Moderate Probability),P2 - Secondary Sourcing
Axalin Staffing Solutions,1,1,1,0,0,Business Operations / Management Analyst,29,Tier C (Useful / Moderate Probability),P2 - Secondary Sourcing
DNV,1,1,1,0,0,Business Operations / Management Analyst,29,Tier C (Useful / Moderate Probability),P2 - Secondary Sourcing
Habsons Group,1,1,1,0,0,Business Operations / Management Analyst,29,Tier C (Useful / Moderate Probability),P2 - Secondary Sourcing
NTT Global Data Centers,1,1,1,0,0,Business Operations / Management Analyst,29,Tier C (Useful / Moderate Probability),P2 - Secondary Sourcing
DCB Bank,1,1,1,0,0,Business Operations / Management Analyst,29,Tier C (Useful / Moderate Probability),P2 - Secondary Sourcing
Scrut Automation,1,1,1,0,0,Business Operations / Management Analyst,29,Tier C (Useful / Moderate Probability),P2 - Secondary Sourcing
smartShift,1,1,1,0,0,Business Operations / Management Analyst,29,Tier C (Useful / Moderate Probability),P2 - Secondary Sourcing
bp,1,1,1,0,0,Business Operations / Management Analyst,29,Tier C (Useful / Moderate Probability),P2 - Secondary Sourcing
FundsIndia,1,1,1,0,0,Business Operations / Management Analyst,29,Tier C (Useful / Moderate Probability),P2 - Secondary Sourcing
Gameberry Labs,1,1,1,0,0,Business Operations / Management Analyst,29,Tier C (Useful / Moderate Probability),P2 - Secondary Sourcing
PeopleLoom Consulting,1,1,1,0,0,Business Operations / Management Analyst,29,Tier C (Useful / Moderate Probability),P2 - Secondary Sourcing
NETGEAR,1,1,1,0,0,Business Operations / Management Analyst,29,Tier C (Useful / Moderate Probability),P2 - Secondary Sourcing
Tessell,1,1,1,0,0,Business Operations / Management Analyst,29,Tier C (Useful / Moderate Probability),P2 - Secondary Sourcing
dnata International,1,1,1,0,0,Business Operations / Management Analyst,29,Tier C (Useful / Moderate Probability),P2 - Secondary Sourcing
Aquera,1,1,1,0,0,Business Operations / Management Analyst,29,Tier C (Useful / Moderate Probability),P2 - Secondary Sourcing
HealthEdge,1,1,1,0,0,Business Operations / Management Analyst,29,Tier C (Useful / Moderate Probability),P2 - Secondary Sourcing
CAE,1,1,1,0,0,Business Operations / Management Analyst,29,Tier C (Useful / Moderate Probability),P2 - Secondary Sourcing
EZE Cloud Consulting,1,1,1,0,0,Business Operations / Management Analyst,29,Tier C (Useful / Moderate Probability),P2 - Secondary Sourcing
HiringReferrals,1,1,1,0,0,Business Operations / Management Analyst,29,Tier C (Useful / Moderate Probability),P2 - Secondary Sourcing
Dolby Laboratories,1,1,1,0,0,Business Operations / Management Analyst,29,Tier C (Useful / Moderate Probability),P2 - Secondary Sourcing
Optiv - Infotree Payroll( Contract),1,1,1,0,0,Business Operations / Management Analyst,29,Tier C (Useful / Moderate Probability),P2 - Secondary Sourcing
Emversity,1,1,1,0,0,Business Operations / Management Analyst,29,Tier C (Useful / Moderate Probability),P2 - Secondary Sourcing
Rupeek,1,1,1,0,0,Business Operations / Management Analyst,29,Tier C (Useful / Moderate Probability),P2 - Secondary Sourcing
TTK Services Private Limited,1,1,1,0,0,Business Operations / Management Analyst,29,Tier C (Useful / Moderate Probability),P2 - Secondary Sourcing
Maxcient Technologies,1,1,1,0,0,Business Operations / Management Analyst,29,Tier C (Useful / Moderate Probability),P2 - Secondary Sourcing
Aviatrix,1,1,1,0,0,Business Operations / Management Analyst,29,Tier C (Useful / Moderate Probability),P2 - Secondary Sourcing
Lokal,1,1,1,0,0,Business Operations / Management Analyst,29,Tier C (Useful / Moderate Probability),P2 - Secondary Sourcing
CRMIT Solutions,1,1,1,0,0,Business Operations / Management Analyst,29,Tier C (Useful / Moderate Probability),P2 - Secondary Sourcing
INTO University Partnerships,1,1,1,0,0,Business Operations / Management Analyst,29,Tier C (Useful / Moderate Probability),P2 - Secondary Sourcing
Sapiens,1,1,1,0,0,Business Operations / Management Analyst,29,Tier C (Useful / Moderate Probability),P2 - Secondary Sourcing
Centre for Placement and Career Guidance (CPCG) - CHRIST (Deemed to be University),9,0,0,1,0,Business Operations / Management Analyst,28,Tier C (Useful / Moderate Probability),P2 - Secondary Sourcing
Oracle,9,0,0,1,0,Business Operations / Management Analyst,28,Tier C (Useful / Moderate Probability),P2 - Secondary Sourcing
District,4,0,0,2,0,Business Operations / Management Analyst,28,Tier C (Useful / Moderate Probability),P2 - Secondary Sourcing
Ellipsis BGR,4,0,0,2,0,Business Operations / Management Analyst,28,Tier C (Useful / Moderate Probability),P2 - Secondary Sourcing
Great Learning,4,0,0,2,0,Business Operations / Management Analyst,28,Tier C (Useful / Moderate Probability),P2 - Secondary Sourcing
First Advantage,4,0,0,2,0,Business Operations / Management Analyst,28,Tier C (Useful / Moderate Probability),P2 - Secondary Sourcing
Clevertize,3,0,1,1,0,Business Operations / Management Analyst,28,Tier C (Useful / Moderate Probability),P2 - Secondary Sourcing
Bengaluru Bio Cluster,3,0,1,1,0,Business Operations / Management Analyst,28,Tier C (Useful / Moderate Probability),P2 - Secondary Sourcing
Labcorp,3,0,1,1,0,Business Operations / Management Analyst,28,Tier C (Useful / Moderate Probability),P2 - Secondary Sourcing
Toastmasters International,3,0,1,1,0,Business Operations / Management Analyst,28,Tier C (Useful / Moderate Probability),P2 - Secondary Sourcing
The Hindu,3,0,1,1,0,Business Operations / Management Analyst,28,Tier C (Useful / Moderate Probability),P2 - Secondary Sourcing
Wall Street Society,3,0,1,1,0,Business Operations / Management Analyst,28,Tier C (Useful / Moderate Probability),P2 - Secondary Sourcing
Myntra,3,0,1,1,0,Business Operations / Management Analyst,28,Tier C (Useful / Moderate Probability),P2 - Secondary Sourcing
Hindustan Aeronautics Limited,6,1,0,0,0,Business Operations / Management Analyst,27,Tier C (Useful / Moderate Probability),P2 - Secondary Sourcing
Iron Mountain,6,1,0,0,0,Business Operations / Management Analyst,27,Tier C (Useful / Moderate Probability),P2 - Secondary Sourcing
"Symbiosis Centre for Management Studies, Bengaluru",3,0,0,2,0,Business Operations / Management Analyst,26,Tier C (Useful / Moderate Probability),P2 - Secondary Sourcing
FIB Connect,3,0,0,2,0,Business Operations / Management Analyst,26,Tier C (Useful / Moderate Probability),P2 - Secondary Sourcing
Bennett Coleman & Co. Ltd. (The Times of India),3,0,0,2,0,Business Operations / Management Analyst,26,Tier C (Useful / Moderate Probability),P2 - Secondary Sourcing
Melento,3,0,0,2,0,Business Operations / Management Analyst,26,Tier C (Useful / Moderate Probability),P2 - Secondary Sourcing
IDFC FIRST Bank,3,0,0,2,0,Business Operations / Management Analyst,26,Tier C (Useful / Moderate Probability),P2 - Secondary Sourcing
Skit.ai,3,0,0,2,0,Business Operations / Management Analyst,26,Tier C (Useful / Moderate Probability),P2 - Secondary Sourcing
NMIMS School of Law Bangalore,2,0,1,1,0,Business Operations / Management Analyst,26,Tier C (Useful / Moderate Probability),P2 - Secondary Sourcing
Unwind Ventures,2,0,1,1,0,Business Operations / Management Analyst,26,Tier C (Useful / Moderate Probability),P2 - Secondary Sourcing
Talaash- A Jai Hind BMS Initiative,2,0,1,1,0,Business Operations / Management Analyst,26,Tier C (Useful / Moderate Probability),P2 - Secondary Sourcing
"CHRIST University, Yeshwanthpur Campus (BYC)",2,0,1,1,0,Business Operations / Management Analyst,26,Tier C (Useful / Moderate Probability),P2 - Secondary Sourcing
"Social Responsibility Cell, XIM University",2,0,1,1,0,Business Operations / Management Analyst,26,Tier C (Useful / Moderate Probability),P2 - Secondary Sourcing
"Indian Institute of Technology, Bombay",2,0,1,1,0,Business Operations / Management Analyst,26,Tier C (Useful / Moderate Probability),P2 - Secondary Sourcing
Intuito - The Analytics Club of NMIMS Bangalore,2,0,1,1,0,Business Operations / Management Analyst,26,Tier C (Useful / Moderate Probability),P2 - Secondary Sourcing
Kriya NextWealth Private Limited,2,0,1,1,0,Business Operations / Management Analyst,26,Tier C (Useful / Moderate Probability),P2 - Secondary Sourcing
Secure Steps,2,0,1,1,0,Business Operations / Management Analyst,26,Tier C (Useful / Moderate Probability),P2 - Secondary Sourcing
Nunify,2,0,1,1,0,Business Operations / Management Analyst,26,Tier C (Useful / Moderate Probability),P2 - Secondary Sourcing
Cummins India,2,0,1,1,0,Business Operations / Management Analyst,26,Tier C (Useful / Moderate Probability),P2 - Secondary Sourcing
Ramachandran International Institute Of Management (RIIM Pune),2,0,1,1,0,Business Operations / Management Analyst,26,Tier C (Useful / Moderate Probability),P2 - Secondary Sourcing
AdBeets,2,0,1,1,0,Business Operations / Management Analyst,26,Tier C (Useful / Moderate Probability),P2 - Secondary Sourcing
Campus Binge,2,0,1,1,0,Business Operations / Management Analyst,26,Tier C (Useful / Moderate Probability),P2 - Secondary Sourcing
Salesforce,2,0,1,1,0,Business Operations / Management Analyst,26,Tier C (Useful / Moderate Probability),P2 - Secondary Sourcing
Gartner,2,0,1,1,0,Business Operations / Management Analyst,26,Tier C (Useful / Moderate Probability),P2 - Secondary Sourcing
StoneX Group Inc.,5,1,0,0,0,Business Operations / Management Analyst,25,Tier C (Useful / Moderate Probability),P2 - Secondary Sourcing
Centre for Academic and Professional Support (CAPS) | BYC,7,0,0,1,0,Business Operations / Management Analyst,24,Tier C (Useful / Moderate Probability),P2 - Secondary Sourcing
IQVIA,7,0,0,1,0,Business Operations / Management Analyst,24,Tier C (Useful / Moderate Probability),P2 - Secondary Sourcing
AIESEC in India,2,0,0,2,0,Business Operations / Management Analyst,24,Tier C (Useful / Moderate Probability),P2 - Secondary Sourcing
airtel,2,0,0,2,0,Business Operations / Management Analyst,24,Tier C (Useful / Moderate Probability),P2 - Secondary Sourcing
IDP Education Ltd,2,0,0,2,0,Business Operations / Management Analyst,24,Tier C (Useful / Moderate Probability),P2 - Secondary Sourcing
Muthoot Fincorp Ltd.,2,0,0,2,0,Business Operations / Management Analyst,24,Tier C (Useful / Moderate Probability),P2 - Secondary Sourcing
ELEVARE - THE BBA CLUB,2,0,0,2,0,Business Operations / Management Analyst,24,Tier C (Useful / Moderate Probability),P2 - Secondary Sourcing
"Department of Commerce, CHRIST (Deemed to be University), Bangalore Central Campus",2,0,0,2,0,Business Operations / Management Analyst,24,Tier C (Useful / Moderate Probability),P2 - Secondary Sourcing
Business Association - SJU,2,0,0,2,0,Business Operations / Management Analyst,24,Tier C (Useful / Moderate Probability),P2 - Secondary Sourcing
TIS Labs Pvt Ltd,2,0,0,2,0,Business Operations / Management Analyst,24,Tier C (Useful / Moderate Probability),P2 - Secondary Sourcing
noon,2,0,0,2,0,Business Operations / Management Analyst,24,Tier C (Useful / Moderate Probability),P2 - Secondary Sourcing
Gupshup,2,0,0,2,0,Business Operations / Management Analyst,24,Tier C (Useful / Moderate Probability),P2 - Secondary Sourcing
MRCC,2,0,0,2,0,Business Operations / Management Analyst,24,Tier C (Useful / Moderate Probability),P2 - Secondary Sourcing
Association of Christian Christites (ACC),2,0,0,2,0,Business Operations / Management Analyst,24,Tier C (Useful / Moderate Probability),P2 - Secondary Sourcing
Airtel Business,2,0,0,2,0,Business Operations / Management Analyst,24,Tier C (Useful / Moderate Probability),P2 - Secondary Sourcing
Visa Solutions 4U,2,0,0,2,0,Business Operations / Management Analyst,24,Tier C (Useful / Moderate Probability),P2 - Secondary Sourcing
foundit,2,0,0,2,0,Business Operations / Management Analyst,24,Tier C (Useful / Moderate Probability),P2 - Secondary Sourcing
Zomentum,2,0,0,2,0,Business Operations / Management Analyst,24,Tier C (Useful / Moderate Probability),P2 - Secondary Sourcing
Adani Cement,2,0,0,2,0,Business Operations / Management Analyst,24,Tier C (Useful / Moderate Probability),P2 - Secondary Sourcing
ICICI Lombard,2,0,0,2,0,Business Operations / Management Analyst,24,Tier C (Useful / Moderate Probability),P2 - Secondary Sourcing
Saahas Zero Waste,2,0,0,2,0,Business Operations / Management Analyst,24,Tier C (Useful / Moderate Probability),P2 - Secondary Sourcing
UG Student Council@NMIMS's PDSE&FBM,1,0,1,1,0,Business Operations / Management Analyst,24,Tier C (Useful / Moderate Probability),P2 - Secondary Sourcing
Ved Sanjeevani,1,0,1,1,0,Business Operations / Management Analyst,24,Tier C (Useful / Moderate Probability),P2 - Secondary Sourcing
Opal Healthcare,1,0,1,1,0,Business Operations / Management Analyst,24,Tier C (Useful / Moderate Probability),P2 - Secondary Sourcing
NEW BERRY CAPITALS PRIVATE LIMITED,1,0,1,1,0,Business Operations / Management Analyst,24,Tier C (Useful / Moderate Probability),P2 - Secondary Sourcing
Raahi.India,1,0,1,1,0,Business Operations / Management Analyst,24,Tier C (Useful / Moderate Probability),P2 - Secondary Sourcing
Eton College Canada,1,0,1,1,0,Business Operations / Management Analyst,24,Tier C (Useful / Moderate Probability),P2 - Secondary Sourcing
The Tall Mirror,1,0,1,1,0,Business Operations / Management Analyst,24,Tier C (Useful / Moderate Probability),P2 - Secondary Sourcing
BIG FM,1,0,1,1,0,Business Operations / Management Analyst,24,Tier C (Useful / Moderate Probability),P2 - Secondary Sourcing
"Dr B R Ambedkar National Institute of Technology, Jalandhar",1,0,1,1,0,Business Operations / Management Analyst,24,Tier C (Useful / Moderate Probability),P2 - Secondary Sourcing
Trendy Trio,1,0,1,1,0,Business Operations / Management Analyst,24,Tier C (Useful / Moderate Probability),P2 - Secondary Sourcing
The Right Coll:,1,0,1,1,0,Business Operations / Management Analyst,24,Tier C (Useful / Moderate Probability),P2 - Secondary Sourcing
Akartha,1,0,1,1,0,Business Operations / Management Analyst,24,Tier C (Useful / Moderate Probability),P2 - Secondary Sourcing
Shiksha Study Abroad,1,0,1,1,0,Business Operations / Management Analyst,24,Tier C (Useful / Moderate Probability),P2 - Secondary Sourcing
Project Tara,1,0,1,1,0,Business Operations / Management Analyst,24,Tier C (Useful / Moderate Probability),P2 - Secondary Sourcing
Whiskers,1,0,1,1,0,Business Operations / Management Analyst,24,Tier C (Useful / Moderate Probability),P2 - Secondary Sourcing
TBX (formerly TransBnk),1,0,1,1,0,Business Operations / Management Analyst,24,Tier C (Useful / Moderate Probability),P2 - Secondary Sourcing
Research Cell HRC,1,0,1,1,0,Business Operations / Management Analyst,24,Tier C (Useful / Moderate Probability),P2 - Secondary Sourcing
"Devi Ahilya Vishwavidyalaya (DAVV), Indore",1,0,1,1,0,Business Operations / Management Analyst,24,Tier C (Useful / Moderate Probability),P2 - Secondary Sourcing
Leap10x,1,0,1,1,0,Business Operations / Management Analyst,24,Tier C (Useful / Moderate Probability),P2 - Secondary Sourcing
Jamshedpur Public School,1,0,1,1,0,Business Operations / Management Analyst,24,Tier C (Useful / Moderate Probability),P2 - Secondary Sourcing
ikibor,1,0,1,1,0,Business Operations / Management Analyst,24,Tier C (Useful / Moderate Probability),P2 - Secondary Sourcing
Openhouse,1,0,1,1,0,Business Operations / Management Analyst,24,Tier C (Useful / Moderate Probability),P2 - Secondary Sourcing
RA Services,1,0,1,1,0,Business Operations / Management Analyst,24,Tier C (Useful / Moderate Probability),P2 - Secondary Sourcing
"Legal Services Clinic, NLSIU",1,0,1,1,0,Business Operations / Management Analyst,24,Tier C (Useful / Moderate Probability),P2 - Secondary Sourcing
B E S T - Books Editing Subtitles Translations,1,0,1,1,0,Business Operations / Management Analyst,24,Tier C (Useful / Moderate Probability),P2 - Secondary Sourcing
QWQER (India),1,0,1,1,0,Business Operations / Management Analyst,24,Tier C (Useful / Moderate Probability),P2 - Secondary Sourcing
Tribal Brew,1,0,1,1,0,Business Operations / Management Analyst,24,Tier C (Useful / Moderate Probability),P2 - Secondary Sourcing
Melsta Studio Pvt Ltd,1,0,1,1,0,Business Operations / Management Analyst,24,Tier C (Useful / Moderate Probability),P2 - Secondary Sourcing
Strategic HR - Your Growth Partner,1,0,1,1,0,Business Operations / Management Analyst,24,Tier C (Useful / Moderate Probability),P2 - Secondary Sourcing
Cloudnap,1,0,1,1,0,Business Operations / Management Analyst,24,Tier C (Useful / Moderate Probability),P2 - Secondary Sourcing
Tummy Bitess,1,0,1,1,0,Business Operations / Management Analyst,24,Tier C (Useful / Moderate Probability),P2 - Secondary Sourcing
Envision Enviro Technologies North East,1,0,1,1,0,Business Operations / Management Analyst,24,Tier C (Useful / Moderate Probability),P2 - Secondary Sourcing
Toy'n around → Now The Genesis Company,1,0,1,1,0,Business Operations / Management Analyst,24,Tier C (Useful / Moderate Probability),P2 - Secondary Sourcing
TRAYI by RECENTERED INDIA LLP,1,0,1,1,0,Business Operations / Management Analyst,24,Tier C (Useful / Moderate Probability),P2 - Secondary Sourcing
Nantrid Group,1,0,1,1,0,Business Operations / Management Analyst,24,Tier C (Useful / Moderate Probability),P2 - Secondary Sourcing
Milaane Media,1,0,1,1,0,Business Operations / Management Analyst,24,Tier C (Useful / Moderate Probability),P2 - Secondary Sourcing
MarkXime,1,0,1,1,0,Business Operations / Management Analyst,24,Tier C (Useful / Moderate Probability),P2 - Secondary Sourcing
Contexta Health,1,0,1,1,0,Business Operations / Management Analyst,24,Tier C (Useful / Moderate Probability),P2 - Secondary Sourcing
Joyns,1,0,1,1,0,Business Operations / Management Analyst,24,Tier C (Useful / Moderate Probability),P2 - Secondary Sourcing
Institution's Innovation Council SJU,1,0,1,1,0,Business Operations / Management Analyst,24,Tier C (Useful / Moderate Probability),P2 - Secondary Sourcing
Trust Realty,1,0,1,1,0,Business Operations / Management Analyst,24,Tier C (Useful / Moderate Probability),P2 - Secondary Sourcing
studojo,1,0,1,1,0,Business Operations / Management Analyst,24,Tier C (Useful / Moderate Probability),P2 - Secondary Sourcing
WeHunt,1,0,1,1,0,Business Operations / Management Analyst,24,Tier C (Useful / Moderate Probability),P2 - Secondary Sourcing
LGM Corporate,1,0,1,1,0,Business Operations / Management Analyst,24,Tier C (Useful / Moderate Probability),P2 - Secondary Sourcing
Student Council,1,0,1,1,0,Business Operations / Management Analyst,24,Tier C (Useful / Moderate Probability),P2 - Secondary Sourcing
Vibrant Crystals,1,0,1,1,0,Business Operations / Management Analyst,24,Tier C (Useful / Moderate Probability),P2 - Secondary Sourcing
Maharaja Surajmal Institute,1,0,1,1,0,Business Operations / Management Analyst,24,Tier C (Useful / Moderate Probability),P2 - Secondary Sourcing
Skydrop logistics,1,0,1,1,0,Business Operations / Management Analyst,24,Tier C (Useful / Moderate Probability),P2 - Secondary Sourcing
Clinion,1,0,1,1,0,Business Operations / Management Analyst,24,Tier C (Useful / Moderate Probability),P2 - Secondary Sourcing
Nimble Global Pte Ltd,1,0,1,1,0,Business Operations / Management Analyst,24,Tier C (Useful / Moderate Probability),P2 - Secondary Sourcing
Sfornando SRL,1,0,1,1,0,Business Operations / Management Analyst,24,Tier C (Useful / Moderate Probability),P2 - Secondary Sourcing
Healloop.in,1,0,1,1,0,Business Operations / Management Analyst,24,Tier C (Useful / Moderate Probability),P2 - Secondary Sourcing
ShreeJi Maadhav Digiworld Hospitality India LLP,1,0,1,1,0,Business Operations / Management Analyst,24,Tier C (Useful / Moderate Probability),P2 - Secondary Sourcing
Department of Sociology - CHRIST (Deemed to be University),1,0,1,1,0,Business Operations / Management Analyst,24,Tier C (Useful / Moderate Probability),P2 - Secondary Sourcing
Flying Organics Private Limited,1,0,1,1,0,Business Operations / Management Analyst,24,Tier C (Useful / Moderate Probability),P2 - Secondary Sourcing
3SC,1,0,1,1,0,Business Operations / Management Analyst,24,Tier C (Useful / Moderate Probability),P2 - Secondary Sourcing
"Colive, Your Fam",1,0,1,1,0,Business Operations / Management Analyst,24,Tier C (Useful / Moderate Probability),P2 - Secondary Sourcing
Phoenix Multinational,1,0,1,1,0,Business Operations / Management Analyst,24,Tier C (Useful / Moderate Probability),P2 - Secondary Sourcing
LVI HOLDINGS PVT LTD,1,0,1,1,0,Business Operations / Management Analyst,24,Tier C (Useful / Moderate Probability),P2 - Secondary Sourcing
Sniffer Group,1,0,1,1,0,Business Operations / Management Analyst,24,Tier C (Useful / Moderate Probability),P2 - Secondary Sourcing
eduInUK,1,0,1,1,0,Business Operations / Management Analyst,24,Tier C (Useful / Moderate Probability),P2 - Secondary Sourcing
ambinoro,1,0,1,1,0,Business Operations / Management Analyst,24,Tier C (Useful / Moderate Probability),P2 - Secondary Sourcing
BII,1,0,1,1,0,Business Operations / Management Analyst,24,Tier C (Useful / Moderate Probability),P2 - Secondary Sourcing
Quabrick,1,0,1,1,0,Business Operations / Management Analyst,24,Tier C (Useful / Moderate Probability),P2 - Secondary Sourcing
Zippee,1,0,1,1,0,Business Operations / Management Analyst,24,Tier C (Useful / Moderate Probability),P2 - Secondary Sourcing
SOME (So Others Might Eat),1,0,1,1,0,Business Operations / Management Analyst,24,Tier C (Useful / Moderate Probability),P2 - Secondary Sourcing
Stonehill International School,1,0,1,1,0,Business Operations / Management Analyst,24,Tier C (Useful / Moderate Probability),P2 - Secondary Sourcing
MAITHONG online store,1,0,1,1,0,Business Operations / Management Analyst,24,Tier C (Useful / Moderate Probability),P2 - Secondary Sourcing
Raphe mPhibr,1,0,1,1,0,Business Operations / Management Analyst,24,Tier C (Useful / Moderate Probability),P2 - Secondary Sourcing
LZN Atelier,1,0,1,1,0,Business Operations / Management Analyst,24,Tier C (Useful / Moderate Probability),P2 - Secondary Sourcing
Braahmam International,1,0,1,1,0,Business Operations / Management Analyst,24,Tier C (Useful / Moderate Probability),P2 - Secondary Sourcing
Mar Sleeva Medicity Palai,1,0,1,1,0,Business Operations / Management Analyst,24,Tier C (Useful / Moderate Probability),P2 - Secondary Sourcing
"School Of Economics, NMIMS Navi Mumbai",1,0,1,1,0,Business Operations / Management Analyst,24,Tier C (Useful / Moderate Probability),P2 - Secondary Sourcing
sju hindi parishad,1,0,1,1,0,Business Operations / Management Analyst,24,Tier C (Useful / Moderate Probability),P2 - Secondary Sourcing
"Presidency University, Bangalore",1,0,1,1,0,Business Operations / Management Analyst,24,Tier C (Useful / Moderate Probability),P2 - Secondary Sourcing
"Student Exchange Committee, IIM Bangalore",1,0,1,1,0,Business Operations / Management Analyst,24,Tier C (Useful / Moderate Probability),P2 - Secondary Sourcing
Consult with CARE,1,0,1,1,0,Business Operations / Management Analyst,24,Tier C (Useful / Moderate Probability),P2 - Secondary Sourcing
Anil Surendra Modi School Of Commerce (ASMSOC),1,0,1,1,0,Business Operations / Management Analyst,24,Tier C (Useful / Moderate Probability),P2 - Secondary Sourcing
SparkyNEON,1,0,1,1,0,Business Operations / Management Analyst,24,Tier C (Useful / Moderate Probability),P2 - Secondary Sourcing
"SMARAN 3.0, IIM Sirmaur",1,0,1,1,0,Business Operations / Management Analyst,24,Tier C (Useful / Moderate Probability),P2 - Secondary Sourcing
YKONE,1,0,1,1,0,Business Operations / Management Analyst,24,Tier C (Useful / Moderate Probability),P2 - Secondary Sourcing
Coheron Wealth,1,0,1,1,0,Business Operations / Management Analyst,24,Tier C (Useful / Moderate Probability),P2 - Secondary Sourcing
Bulletyze,1,0,1,1,0,Business Operations / Management Analyst,24,Tier C (Useful / Moderate Probability),P2 - Secondary Sourcing
The Economics Forum - SJU,1,0,1,1,0,Business Operations / Management Analyst,24,Tier C (Useful / Moderate Probability),P2 - Secondary Sourcing
S19 Care Foundation,1,0,1,1,0,Business Operations / Management Analyst,24,Tier C (Useful / Moderate Probability),P2 - Secondary Sourcing
sustainability club ( Dayananda Sagar University),1,0,1,1,0,Business Operations / Management Analyst,24,Tier C (Useful / Moderate Probability),P2 - Secondary Sourcing
Transition VC,1,0,1,1,0,Business Operations / Management Analyst,24,Tier C (Useful / Moderate Probability),P2 - Secondary Sourcing
Main Mission,1,0,1,1,0,Business Operations / Management Analyst,24,Tier C (Useful / Moderate Probability),P2 - Secondary Sourcing
DraperU India (formerly Draper Startup House Hyderabad),1,0,1,1,0,Business Operations / Management Analyst,24,Tier C (Useful / Moderate Probability),P2 - Secondary Sourcing
DunJun Studios,1,0,1,1,0,Business Operations / Management Analyst,24,Tier C (Useful / Moderate Probability),P2 - Secondary Sourcing
Arraafi InfoTech Pvt Ltd,1,0,1,1,0,Business Operations / Management Analyst,24,Tier C (Useful / Moderate Probability),P2 - Secondary Sourcing
KAROBAR : ENTREPRENEURSHIP CLUB,1,0,1,1,0,Business Operations / Management Analyst,24,Tier C (Useful / Moderate Probability),P2 - Secondary Sourcing
Holistrix Media Co.,1,0,1,1,0,Business Operations / Management Analyst,24,Tier C (Useful / Moderate Probability),P2 - Secondary Sourcing
100x100,1,0,1,1,0,Business Operations / Management Analyst,24,Tier C (Useful / Moderate Probability),P2 - Secondary Sourcing
Treebo Hospitality Ventures,1,0,1,1,0,Business Operations / Management Analyst,24,Tier C (Useful / Moderate Probability),P2 - Secondary Sourcing
The Elixyr Atelier,1,0,1,1,0,Business Operations / Management Analyst,24,Tier C (Useful / Moderate Probability),P2 - Secondary Sourcing
PetYosa,1,0,1,1,0,Business Operations / Management Analyst,24,Tier C (Useful / Moderate Probability),P2 - Secondary Sourcing
The Westchaos Club,1,0,1,1,0,Business Operations / Management Analyst,24,Tier C (Useful / Moderate Probability),P2 - Secondary Sourcing
Fjord Research,1,0,1,1,0,Business Operations / Management Analyst,24,Tier C (Useful / Moderate Probability),P2 - Secondary Sourcing
freelance,1,0,1,1,0,Business Operations / Management Analyst,24,Tier C (Useful / Moderate Probability),P2 - Secondary Sourcing
MOHAMMAD RAFI ANWARI TRADING PRIVATE LIMITED,1,0,1,1,0,Business Operations / Management Analyst,24,Tier C (Useful / Moderate Probability),P2 - Secondary Sourcing
SME finserv,1,0,1,1,0,Business Operations / Management Analyst,24,Tier C (Useful / Moderate Probability),P2 - Secondary Sourcing
Aavid Advertising and Marketing,1,0,1,1,0,Business Operations / Management Analyst,24,Tier C (Useful / Moderate Probability),P2 - Secondary Sourcing
Bioweal Products Private Limited,1,0,1,1,0,Business Operations / Management Analyst,24,Tier C (Useful / Moderate Probability),P2 - Secondary Sourcing
Lumora AI,1,0,1,1,0,Business Operations / Management Analyst,24,Tier C (Useful / Moderate Probability),P2 - Secondary Sourcing
Smile Box (Digital Marketing & Production),1,0,1,1,0,Business Operations / Management Analyst,24,Tier C (Useful / Moderate Probability),P2 - Secondary Sourcing
DWF,1,0,1,1,0,Business Operations / Management Analyst,24,Tier C (Useful / Moderate Probability),P2 - Secondary Sourcing
Vishal Hardware Co Ltd,1,0,1,1,0,Business Operations / Management Analyst,24,Tier C (Useful / Moderate Probability),P2 - Secondary Sourcing
AlignBooks,1,0,1,1,0,Business Operations / Management Analyst,24,Tier C (Useful / Moderate Probability),P2 - Secondary Sourcing
Cache22,1,0,1,1,0,Business Operations / Management Analyst,24,Tier C (Useful / Moderate Probability),P2 - Secondary Sourcing
Christ University Central Campus,1,0,1,1,0,Business Operations / Management Analyst,24,Tier C (Useful / Moderate Probability),P2 - Secondary Sourcing
Talking Point Communications,1,0,1,1,0,Business Operations / Management Analyst,24,Tier C (Useful / Moderate Probability),P2 - Secondary Sourcing
Techno Softwares,1,0,1,1,0,Business Operations / Management Analyst,24,Tier C (Useful / Moderate Probability),P2 - Secondary Sourcing
Encrypta IN,1,0,1,1,0,Business Operations / Management Analyst,24,Tier C (Useful / Moderate Probability),P2 - Secondary Sourcing
FR8,1,0,1,1,0,Business Operations / Management Analyst,24,Tier C (Useful / Moderate Probability),P2 - Secondary Sourcing
TEDxKIITUniversity,1,0,1,1,0,Business Operations / Management Analyst,24,Tier C (Useful / Moderate Probability),P2 - Secondary Sourcing
LiquiLoans,1,0,1,1,0,Business Operations / Management Analyst,24,Tier C (Useful / Moderate Probability),P2 - Secondary Sourcing
Yujan's,1,0,1,1,0,Business Operations / Management Analyst,24,Tier C (Useful / Moderate Probability),P2 - Secondary Sourcing
Virtualize Solutions,1,0,1,1,0,Business Operations / Management Analyst,24,Tier C (Useful / Moderate Probability),P2 - Secondary Sourcing
Radboud University Medical Center,1,0,1,1,0,Business Operations / Management Analyst,24,Tier C (Useful / Moderate Probability),P2 - Secondary Sourcing
Sia,1,0,1,1,0,Business Operations / Management Analyst,24,Tier C (Useful / Moderate Probability),P2 - Secondary Sourcing
Academic Committee SOE,1,0,1,1,0,Business Operations / Management Analyst,24,Tier C (Useful / Moderate Probability),P2 - Secondary Sourcing
Coastal Insurance Brokers Private Limited.,1,0,1,1,0,Business Operations / Management Analyst,24,Tier C (Useful / Moderate Probability),P2 - Secondary Sourcing
Rupa And Company Limited,1,0,1,1,0,Business Operations / Management Analyst,24,Tier C (Useful / Moderate Probability),P2 - Secondary Sourcing
Vyapaar Vichar,1,0,1,1,0,Business Operations / Management Analyst,24,Tier C (Useful / Moderate Probability),P2 - Secondary Sourcing
Disha Mercantile Solutions Private Limited,1,0,1,1,0,Business Operations / Management Analyst,24,Tier C (Useful / Moderate Probability),P2 - Secondary Sourcing
ProcUrPal,1,0,1,1,0,Business Operations / Management Analyst,24,Tier C (Useful / Moderate Probability),P2 - Secondary Sourcing
Fluke Corporation,1,0,1,1,0,Business Operations / Management Analyst,24,Tier C (Useful / Moderate Probability),P2 - Secondary Sourcing
BII Health,1,0,1,1,0,Business Operations / Management Analyst,24,Tier C (Useful / Moderate Probability),P2 - Secondary Sourcing
OneXtel,1,0,1,1,0,Business Operations / Management Analyst,24,Tier C (Useful / Moderate Probability),P2 - Secondary Sourcing
BOBBIN,1,0,1,1,0,Business Operations / Management Analyst,24,Tier C (Useful / Moderate Probability),P2 - Secondary Sourcing
22feet,1,0,1,1,0,Business Operations / Management Analyst,24,Tier C (Useful / Moderate Probability),P2 - Secondary Sourcing
ACE Consortium,1,0,1,1,0,Business Operations / Management Analyst,24,Tier C (Useful / Moderate Probability),P2 - Secondary Sourcing
WikiLabs,1,0,1,1,0,Business Operations / Management Analyst,24,Tier C (Useful / Moderate Probability),P2 - Secondary Sourcing
Mera Kal,1,0,1,1,0,Business Operations / Management Analyst,24,Tier C (Useful / Moderate Probability),P2 - Secondary Sourcing
Zoozy Food Solutions,1,0,1,1,0,Business Operations / Management Analyst,24,Tier C (Useful / Moderate Probability),P2 - Secondary Sourcing
Aura Revive,1,0,1,1,0,Business Operations / Management Analyst,24,Tier C (Useful / Moderate Probability),P2 - Secondary Sourcing
ProTal HR,1,0,1,1,0,Business Operations / Management Analyst,24,Tier C (Useful / Moderate Probability),P2 - Secondary Sourcing
LWT Academy,1,0,1,1,0,Business Operations / Management Analyst,24,Tier C (Useful / Moderate Probability),P2 - Secondary Sourcing
KnowledgeApp,1,0,1,1,0,Business Operations / Management Analyst,24,Tier C (Useful / Moderate Probability),P2 - Secondary Sourcing
Clustal,1,0,1,1,0,Business Operations / Management Analyst,24,Tier C (Useful / Moderate Probability),P2 - Secondary Sourcing
HELMO TECH INNOVATIONS,1,0,1,1,0,Business Operations / Management Analyst,24,Tier C (Useful / Moderate Probability),P2 - Secondary Sourcing
IMS Ghaziabad (University Courses Campus),1,0,1,1,0,Business Operations / Management Analyst,24,Tier C (Useful / Moderate Probability),P2 - Secondary Sourcing
Last Minute Productions,1,0,1,1,0,Business Operations / Management Analyst,24,Tier C (Useful / Moderate Probability),P2 - Secondary Sourcing
DiFACTO Robotics and Automation,1,0,1,1,0,Business Operations / Management Analyst,24,Tier C (Useful / Moderate Probability),P2 - Secondary Sourcing
Cosmiclatte India Private Limited,1,0,1,1,0,Business Operations / Management Analyst,24,Tier C (Useful / Moderate Probability),P2 - Secondary Sourcing
KrowdKraft,1,0,1,1,0,Business Operations / Management Analyst,24,Tier C (Useful / Moderate Probability),P2 - Secondary Sourcing
Jio Creative Labs,1,0,1,1,0,Business Operations / Management Analyst,24,Tier C (Useful / Moderate Probability),P2 - Secondary Sourcing
Plus Nine one,1,0,1,1,0,Business Operations / Management Analyst,24,Tier C (Useful / Moderate Probability),P2 - Secondary Sourcing
PepsiCo,1,0,1,1,0,Business Operations / Management Analyst,24,Tier C (Useful / Moderate Probability),P2 - Secondary Sourcing
86B Research and Advisory Services LLP,1,0,1,1,0,Business Operations / Management Analyst,24,Tier C (Useful / Moderate Probability),P2 - Secondary Sourcing
Purple Pilates,1,0,1,1,0,Business Operations / Management Analyst,24,Tier C (Useful / Moderate Probability),P2 - Secondary Sourcing
LavenderhuesNMore,1,0,1,1,0,Business Operations / Management Analyst,24,Tier C (Useful / Moderate Probability),P2 - Secondary Sourcing
Vault N3,1,0,1,1,0,Business Operations / Management Analyst,24,Tier C (Useful / Moderate Probability),P2 - Secondary Sourcing
Tatvam Setu,1,0,1,1,0,Business Operations / Management Analyst,24,Tier C (Useful / Moderate Probability),P2 - Secondary Sourcing
Aapka Sahara Foundation,1,0,1,1,0,Business Operations / Management Analyst,24,Tier C (Useful / Moderate Probability),P2 - Secondary Sourcing
The Nook Store,1,0,1,1,0,Business Operations / Management Analyst,24,Tier C (Useful / Moderate Probability),P2 - Secondary Sourcing
Alva's Institute of Engineering and Technology,1,0,1,1,0,Business Operations / Management Analyst,24,Tier C (Useful / Moderate Probability),P2 - Secondary Sourcing
Swasti,1,0,1,1,0,Business Operations / Management Analyst,24,Tier C (Useful / Moderate Probability),P2 - Secondary Sourcing
Optimist,1,0,1,1,0,Business Operations / Management Analyst,24,Tier C (Useful / Moderate Probability),P2 - Secondary Sourcing
Beta Alpha Psi - Epsilon Psi,1,0,1,1,0,Business Operations / Management Analyst,24,Tier C (Useful / Moderate Probability),P2 - Secondary Sourcing
Wedding Culture India,1,0,1,1,0,Business Operations / Management Analyst,24,Tier C (Useful / Moderate Probability),P2 - Secondary Sourcing
National Lok Adalat,1,0,1,1,0,Business Operations / Management Analyst,24,Tier C (Useful / Moderate Probability),P2 - Secondary Sourcing
Mt7,1,0,1,1,0,Business Operations / Management Analyst,24,Tier C (Useful / Moderate Probability),P2 - Secondary Sourcing
Iraa & Co,1,0,1,1,0,Business Operations / Management Analyst,24,Tier C (Useful / Moderate Probability),P2 - Secondary Sourcing
Searce Inc,1,0,1,1,0,Business Operations / Management Analyst,24,Tier C (Useful / Moderate Probability),P2 - Secondary Sourcing
Alumni Relations,1,0,1,1,0,Business Operations / Management Analyst,24,Tier C (Useful / Moderate Probability),P2 - Secondary Sourcing
The February Company,1,0,1,1,0,Business Operations / Management Analyst,24,Tier C (Useful / Moderate Probability),P2 - Secondary Sourcing
Sai Infraaequipments Pvt Ltd,1,0,1,1,0,Business Operations / Management Analyst,24,Tier C (Useful / Moderate Probability),P2 - Secondary Sourcing
T V Rao Learning Systems Pvt. Ltd.,1,0,1,1,0,Business Operations / Management Analyst,24,Tier C (Useful / Moderate Probability),P2 - Secondary Sourcing
ZUVI CARE,1,0,1,1,0,Business Operations / Management Analyst,24,Tier C (Useful / Moderate Probability),P2 - Secondary Sourcing
Upliftmore,1,0,1,1,0,Business Operations / Management Analyst,24,Tier C (Useful / Moderate Probability),P2 - Secondary Sourcing
Alumni Affairs Committee IIM SAMBALPUR,1,0,1,1,0,Business Operations / Management Analyst,24,Tier C (Useful / Moderate Probability),P2 - Secondary Sourcing
evento Tech Events And Training Private Limited,1,0,1,1,0,Business Operations / Management Analyst,24,Tier C (Useful / Moderate Probability),P2 - Secondary Sourcing
Aquila Learning,1,0,1,1,0,Business Operations / Management Analyst,24,Tier C (Useful / Moderate Probability),P2 - Secondary Sourcing
ChordAi,1,0,1,1,0,Business Operations / Management Analyst,24,Tier C (Useful / Moderate Probability),P2 - Secondary Sourcing
Alien Corp Live,1,0,1,1,0,Business Operations / Management Analyst,24,Tier C (Useful / Moderate Probability),P2 - Secondary Sourcing
communiTREE,1,0,1,1,0,Business Operations / Management Analyst,24,Tier C (Useful / Moderate Probability),P2 - Secondary Sourcing
The Good Bug,1,0,1,1,0,Business Operations / Management Analyst,24,Tier C (Useful / Moderate Probability),P2 - Secondary Sourcing
Shilpi Builders,1,0,1,1,0,Business Operations / Management Analyst,24,Tier C (Useful / Moderate Probability),P2 - Secondary Sourcing
Leadocc,1,0,1,1,0,Business Operations / Management Analyst,24,Tier C (Useful / Moderate Probability),P2 - Secondary Sourcing
NEXTUP HR Consulting Private Limited,1,0,1,1,0,Business Operations / Management Analyst,24,Tier C (Useful / Moderate Probability),P2 - Secondary Sourcing
Saahas,1,0,1,1,0,Business Operations / Management Analyst,24,Tier C (Useful / Moderate Probability),P2 - Secondary Sourcing
APEX HR SOLUTIONS,1,0,1,1,0,Business Operations / Management Analyst,24,Tier C (Useful / Moderate Probability),P2 - Secondary Sourcing
SheFi,1,0,1,1,0,Business Operations / Management Analyst,24,Tier C (Useful / Moderate Probability),P2 - Secondary Sourcing
RM EVENTS,1,0,1,1,0,Business Operations / Management Analyst,24,Tier C (Useful / Moderate Probability),P2 - Secondary Sourcing
Wings Brand Activations India Private Ltd.,1,0,1,1,0,Business Operations / Management Analyst,24,Tier C (Useful / Moderate Probability),P2 - Secondary Sourcing
Humanness,1,0,1,1,0,Business Operations / Management Analyst,24,Tier C (Useful / Moderate Probability),P2 - Secondary Sourcing
Basecamp Startups India,1,0,1,1,0,Business Operations / Management Analyst,24,Tier C (Useful / Moderate Probability),P2 - Secondary Sourcing
Shyft,1,0,1,1,0,Business Operations / Management Analyst,24,Tier C (Useful / Moderate Probability),P2 - Secondary Sourcing
Furlenco,1,0,1,1,0,Business Operations / Management Analyst,24,Tier C (Useful / Moderate Probability),P2 - Secondary Sourcing
360 Realtors LLP,1,0,1,1,0,Business Operations / Management Analyst,24,Tier C (Useful / Moderate Probability),P2 - Secondary Sourcing
Vikareta,1,0,1,1,0,Business Operations / Management Analyst,24,Tier C (Useful / Moderate Probability),P2 - Secondary Sourcing
RethinkPassion,1,0,1,1,0,Business Operations / Management Analyst,24,Tier C (Useful / Moderate Probability),P2 - Secondary Sourcing
"Velankani Information Systems, Inc",1,0,1,1,0,Business Operations / Management Analyst,24,Tier C (Useful / Moderate Probability),P2 - Secondary Sourcing
Live Illusion Productions,1,0,1,1,0,Business Operations / Management Analyst,24,Tier C (Useful / Moderate Probability),P2 - Secondary Sourcing
District 121 - Toastmasters International,1,0,1,1,0,Business Operations / Management Analyst,24,Tier C (Useful / Moderate Probability),P2 - Secondary Sourcing
Maryland Judiciary,1,0,1,1,0,Business Operations / Management Analyst,24,Tier C (Useful / Moderate Probability),P2 - Secondary Sourcing
ASHVA CAREERS,1,0,1,1,0,Business Operations / Management Analyst,24,Tier C (Useful / Moderate Probability),P2 - Secondary Sourcing
Gokhale Institute of Politics and Economics,1,0,1,1,0,Business Operations / Management Analyst,24,Tier C (Useful / Moderate Probability),P2 - Secondary Sourcing
American Youth Association,1,0,1,1,0,Business Operations / Management Analyst,24,Tier C (Useful / Moderate Probability),P2 - Secondary Sourcing
The Mirror Effects,1,0,1,1,0,Business Operations / Management Analyst,24,Tier C (Useful / Moderate Probability),P2 - Secondary Sourcing
OneTapp Consulting (Client: Toyota Kirloskar Motor),1,0,1,1,0,Business Operations / Management Analyst,24,Tier C (Useful / Moderate Probability),P2 - Secondary Sourcing
AlphaNova Inc,1,0,1,1,0,Business Operations / Management Analyst,24,Tier C (Useful / Moderate Probability),P2 - Secondary Sourcing
ARi,1,0,1,1,0,Business Operations / Management Analyst,24,Tier C (Useful / Moderate Probability),P2 - Secondary Sourcing
LeaseLink CRE Advisors,1,0,1,1,0,Business Operations / Management Analyst,24,Tier C (Useful / Moderate Probability),P2 - Secondary Sourcing
BetterAlt,1,0,1,1,0,Business Operations / Management Analyst,24,Tier C (Useful / Moderate Probability),P2 - Secondary Sourcing
St Joseph's College of Commerce (Autonomous),1,0,1,1,0,Business Operations / Management Analyst,24,Tier C (Useful / Moderate Probability),P2 - Secondary Sourcing
Consultify 24/7,1,0,1,1,0,Business Operations / Management Analyst,24,Tier C (Useful / Moderate Probability),P2 - Secondary Sourcing
SJCC Research Forum,1,0,1,1,0,Business Operations / Management Analyst,24,Tier C (Useful / Moderate Probability),P2 - Secondary Sourcing
Cosmos Cloud 株式会社,1,0,1,1,0,Business Operations / Management Analyst,24,Tier C (Useful / Moderate Probability),P2 - Secondary Sourcing
Social Story,1,0,1,1,0,Business Operations / Management Analyst,24,Tier C (Useful / Moderate Probability),P2 - Secondary Sourcing
The Zen Theory,1,0,1,1,0,Business Operations / Management Analyst,24,Tier C (Useful / Moderate Probability),P2 - Secondary Sourcing
KARISHYA SOLUTIONS PVT LTD,1,0,1,1,0,Business Operations / Management Analyst,24,Tier C (Useful / Moderate Probability),P2 - Secondary Sourcing
Swaastik Yog School,1,0,1,1,0,Business Operations / Management Analyst,24,Tier C (Useful / Moderate Probability),P2 - Secondary Sourcing
Vancouver Community College (VCC),1,0,1,1,0,Business Operations / Management Analyst,24,Tier C (Useful / Moderate Probability),P2 - Secondary Sourcing
Cinemax Institute Of Fashion And Films Association,1,0,1,1,0,Business Operations / Management Analyst,24,Tier C (Useful / Moderate Probability),P2 - Secondary Sourcing
Tap Invest,1,0,1,1,0,Business Operations / Management Analyst,24,Tier C (Useful / Moderate Probability),P2 - Secondary Sourcing
Serified Store,1,0,1,1,0,Business Operations / Management Analyst,24,Tier C (Useful / Moderate Probability),P2 - Secondary Sourcing
Teenovate India,1,0,1,1,0,Business Operations / Management Analyst,24,Tier C (Useful / Moderate Probability),P2 - Secondary Sourcing
"Sukul Psychology, Ontario",1,0,1,1,0,Business Operations / Management Analyst,24,Tier C (Useful / Moderate Probability),P2 - Secondary Sourcing
SAP Labs India,1,0,1,1,0,Business Operations / Management Analyst,24,Tier C (Useful / Moderate Probability),P2 - Secondary Sourcing
KVM International School & Kameshwar Vidhya Mandir,1,0,1,1,0,Business Operations / Management Analyst,24,Tier C (Useful / Moderate Probability),P2 - Secondary Sourcing
Deecipher Trading Academy,1,0,1,1,0,Business Operations / Management Analyst,24,Tier C (Useful / Moderate Probability),P2 - Secondary Sourcing
Murli Meals,1,0,1,1,0,Business Operations / Management Analyst,24,Tier C (Useful / Moderate Probability),P2 - Secondary Sourcing
Teal & Co.,1,0,1,1,0,Business Operations / Management Analyst,24,Tier C (Useful / Moderate Probability),P2 - Secondary Sourcing
Expressive Arts Academy,1,0,1,1,0,Business Operations / Management Analyst,24,Tier C (Useful / Moderate Probability),P2 - Secondary Sourcing
morganvij immigration services pvt ltd,1,0,1,1,0,Business Operations / Management Analyst,24,Tier C (Useful / Moderate Probability),P2 - Secondary Sourcing
Regent College London,1,0,1,1,0,Business Operations / Management Analyst,24,Tier C (Useful / Moderate Probability),P2 - Secondary Sourcing
Prime Research Writes,1,0,1,1,0,Business Operations / Management Analyst,24,Tier C (Useful / Moderate Probability),P2 - Secondary Sourcing
Aventus Language Academy and Services LLP,1,0,1,1,0,Business Operations / Management Analyst,24,Tier C (Useful / Moderate Probability),P2 - Secondary Sourcing
Fortis La Femme,1,0,1,1,0,Business Operations / Management Analyst,24,Tier C (Useful / Moderate Probability),P2 - Secondary Sourcing
HCL Healthcare,1,0,1,1,0,Business Operations / Management Analyst,24,Tier C (Useful / Moderate Probability),P2 - Secondary Sourcing
CS Academy,1,0,1,1,0,Business Operations / Management Analyst,24,Tier C (Useful / Moderate Probability),P2 - Secondary Sourcing
Wayda,1,0,1,1,0,Business Operations / Management Analyst,24,Tier C (Useful / Moderate Probability),P2 - Secondary Sourcing
Leo Aurum Ltd.,1,0,1,1,0,Business Operations / Management Analyst,24,Tier C (Useful / Moderate Probability),P2 - Secondary Sourcing
Pharmaceutical Company,1,0,1,1,0,Business Operations / Management Analyst,24,Tier C (Useful / Moderate Probability),P2 - Secondary Sourcing
Kognitive Sales Solutions,1,0,1,1,0,Business Operations / Management Analyst,24,Tier C (Useful / Moderate Probability),P2 - Secondary Sourcing
AONE HR SERVICES,1,0,1,1,0,Business Operations / Management Analyst,24,Tier C (Useful / Moderate Probability),P2 - Secondary Sourcing
Incas Sourcing,1,0,1,1,0,Business Operations / Management Analyst,24,Tier C (Useful / Moderate Probability),P2 - Secondary Sourcing
Internshala,1,0,1,1,0,Business Operations / Management Analyst,24,Tier C (Useful / Moderate Probability),P2 - Secondary Sourcing
Test Maestro,1,0,1,1,0,Business Operations / Management Analyst,24,Tier C (Useful / Moderate Probability),P2 - Secondary Sourcing
Kariwala Industries Limited,1,0,1,1,0,Business Operations / Management Analyst,24,Tier C (Useful / Moderate Probability),P2 - Secondary Sourcing
Dune Talent Solutions,1,0,1,1,0,Business Operations / Management Analyst,24,Tier C (Useful / Moderate Probability),P2 - Secondary Sourcing
MedNob AI,1,0,1,1,0,Business Operations / Management Analyst,24,Tier C (Useful / Moderate Probability),P2 - Secondary Sourcing
Vgrow Overseas,1,0,1,1,0,Business Operations / Management Analyst,24,Tier C (Useful / Moderate Probability),P2 - Secondary Sourcing
Guhan Lifestyle,1,0,1,1,0,Business Operations / Management Analyst,24,Tier C (Useful / Moderate Probability),P2 - Secondary Sourcing
Tech Ed Sol,1,0,1,1,0,Business Operations / Management Analyst,24,Tier C (Useful / Moderate Probability),P2 - Secondary Sourcing
Advent HR Solutions,1,0,1,1,0,Business Operations / Management Analyst,24,Tier C (Useful / Moderate Probability),P2 - Secondary Sourcing
Paasho Patisserie,1,0,1,1,0,Business Operations / Management Analyst,24,Tier C (Useful / Moderate Probability),P2 - Secondary Sourcing
The Closet Fits: Online Thrift Store,1,0,1,1,0,Business Operations / Management Analyst,24,Tier C (Useful / Moderate Probability),P2 - Secondary Sourcing
Alphaleo Ventures,1,0,1,1,0,Business Operations / Management Analyst,24,Tier C (Useful / Moderate Probability),P2 - Secondary Sourcing
Jayshree PU-Tech,1,0,1,1,0,Business Operations / Management Analyst,24,Tier C (Useful / Moderate Probability),P2 - Secondary Sourcing
L.E.K. Consulting,1,0,1,1,0,Business Operations / Management Analyst,24,Tier C (Useful / Moderate Probability),P2 - Secondary Sourcing
"BLASH-The International Trade and Business Club, IIFT Delhi",1,0,1,1,0,Business Operations / Management Analyst,24,Tier C (Useful / Moderate Probability),P2 - Secondary Sourcing
Xoxoday,1,0,1,1,0,Business Operations / Management Analyst,24,Tier C (Useful / Moderate Probability),P2 - Secondary Sourcing
ORPHEUS Production,1,0,1,1,0,Business Operations / Management Analyst,24,Tier C (Useful / Moderate Probability),P2 - Secondary Sourcing
Brave New World | India,1,0,1,1,0,Business Operations / Management Analyst,24,Tier C (Useful / Moderate Probability),P2 - Secondary Sourcing
Tap Capital,1,0,1,1,0,Business Operations / Management Analyst,24,Tier C (Useful / Moderate Probability),P2 - Secondary Sourcing
Possible (Earlier called Truweight) - www.possible.in,1,0,1,1,0,Business Operations / Management Analyst,24,Tier C (Useful / Moderate Probability),P2 - Secondary Sourcing
DakshOne,1,0,1,1,0,Business Operations / Management Analyst,24,Tier C (Useful / Moderate Probability),P2 - Secondary Sourcing
Navodaya - The UG Social Responsibility Committee,1,0,1,1,0,Business Operations / Management Analyst,24,Tier C (Useful / Moderate Probability),P2 - Secondary Sourcing
Net2Source Inc.,1,0,1,1,0,Business Operations / Management Analyst,24,Tier C (Useful / Moderate Probability),P2 - Secondary Sourcing
Leeds INSA,1,0,1,1,0,Business Operations / Management Analyst,24,Tier C (Useful / Moderate Probability),P2 - Secondary Sourcing
Blue Eagle Capital,1,0,1,1,0,Business Operations / Management Analyst,24,Tier C (Useful / Moderate Probability),P2 - Secondary Sourcing
Retina International,1,0,1,1,0,Business Operations / Management Analyst,24,Tier C (Useful / Moderate Probability),P2 - Secondary Sourcing
Mr Purohit,1,0,1,1,0,Business Operations / Management Analyst,24,Tier C (Useful / Moderate Probability),P2 - Secondary Sourcing
Rua Crochet,1,0,1,1,0,Business Operations / Management Analyst,24,Tier C (Useful / Moderate Probability),P2 - Secondary Sourcing
Trivaan Builders,1,0,1,1,0,Business Operations / Management Analyst,24,Tier C (Useful / Moderate Probability),P2 - Secondary Sourcing
Entertainment News and Reviews,1,0,1,1,0,Business Operations / Management Analyst,24,Tier C (Useful / Moderate Probability),P2 - Secondary Sourcing
Blackrock,1,0,1,1,0,Business Operations / Management Analyst,24,Tier C (Useful / Moderate Probability),P2 - Secondary Sourcing
TeaBliss India,1,0,1,1,0,Business Operations / Management Analyst,24,Tier C (Useful / Moderate Probability),P2 - Secondary Sourcing
Cognito,1,0,1,1,0,Business Operations / Management Analyst,24,Tier C (Useful / Moderate Probability),P2 - Secondary Sourcing
Prezent,1,0,1,1,0,Business Operations / Management Analyst,24,Tier C (Useful / Moderate Probability),P2 - Secondary Sourcing
Capital One,1,0,1,1,0,Business Operations / Management Analyst,24,Tier C (Useful / Moderate Probability),P2 - Secondary Sourcing
SHIM Bhopal,1,0,1,1,0,Business Operations / Management Analyst,24,Tier C (Useful / Moderate Probability),P2 - Secondary Sourcing
Baxter International Inc.,1,0,1,1,0,Business Operations / Management Analyst,24,Tier C (Useful / Moderate Probability),P2 - Secondary Sourcing
Maxpo Exhibitions Pvt Ltd,1,0,1,1,0,Business Operations / Management Analyst,24,Tier C (Useful / Moderate Probability),P2 - Secondary Sourcing
Arena Animation,1,0,1,1,0,Business Operations / Management Analyst,24,Tier C (Useful / Moderate Probability),P2 - Secondary Sourcing
Dipti construction and services,1,0,1,1,0,Business Operations / Management Analyst,24,Tier C (Useful / Moderate Probability),P2 - Secondary Sourcing
O'Brien,1,0,1,1,0,Business Operations / Management Analyst,24,Tier C (Useful / Moderate Probability),P2 - Secondary Sourcing
Dodo Payments,1,0,1,1,0,Business Operations / Management Analyst,24,Tier C (Useful / Moderate Probability),P2 - Secondary Sourcing
"Sri Chaitanya Techno School, Bangalore",1,0,1,1,0,Business Operations / Management Analyst,24,Tier C (Useful / Moderate Probability),P2 - Secondary Sourcing
FourFrontAI,1,0,1,1,0,Business Operations / Management Analyst,24,Tier C (Useful / Moderate Probability),P2 - Secondary Sourcing
VMock,1,0,1,1,0,Business Operations / Management Analyst,24,Tier C (Useful / Moderate Probability),P2 - Secondary Sourcing
Mulk Holdings FZC,1,0,1,1,0,Business Operations / Management Analyst,24,Tier C (Useful / Moderate Probability),P2 - Secondary Sourcing
Runable,1,0,1,1,0,Business Operations / Management Analyst,24,Tier C (Useful / Moderate Probability),P2 - Secondary Sourcing
Bangalore Institute of Technology,1,0,1,1,0,Business Operations / Management Analyst,24,Tier C (Useful / Moderate Probability),P2 - Secondary Sourcing
IncNut Digital,1,0,1,1,0,Business Operations / Management Analyst,24,Tier C (Useful / Moderate Probability),P2 - Secondary Sourcing
TravelDilSe.com,1,0,1,1,0,Business Operations / Management Analyst,24,Tier C (Useful / Moderate Probability),P2 - Secondary Sourcing
ANNY,1,0,1,1,0,Business Operations / Management Analyst,24,Tier C (Useful / Moderate Probability),P2 - Secondary Sourcing
The Knotted Knook,1,0,1,1,0,Business Operations / Management Analyst,24,Tier C (Useful / Moderate Probability),P2 - Secondary Sourcing
Arthasutra,1,0,1,1,0,Business Operations / Management Analyst,24,Tier C (Useful / Moderate Probability),P2 - Secondary Sourcing
Computer Society of India,1,0,1,1,0,Business Operations / Management Analyst,24,Tier C (Useful / Moderate Probability),P2 - Secondary Sourcing
Dr. D. Y. Patil Hospital and Research Centre,1,0,1,1,0,Business Operations / Management Analyst,24,Tier C (Useful / Moderate Probability),P2 - Secondary Sourcing
Akar Advertising & Marketing Pvt. Ltd.,1,0,1,1,0,Business Operations / Management Analyst,24,Tier C (Useful / Moderate Probability),P2 - Secondary Sourcing
Healthwise Clinic,1,0,1,1,0,Business Operations / Management Analyst,24,Tier C (Useful / Moderate Probability),P2 - Secondary Sourcing
FTS Consultants Private Limited,1,0,1,1,0,Business Operations / Management Analyst,24,Tier C (Useful / Moderate Probability),P2 - Secondary Sourcing
Assam Cancer Care Foundation,1,0,1,1,0,Business Operations / Management Analyst,24,Tier C (Useful / Moderate Probability),P2 - Secondary Sourcing
La Cigale Hotel Managed by Accor,1,0,1,1,0,Business Operations / Management Analyst,24,Tier C (Useful / Moderate Probability),P2 - Secondary Sourcing
Ranjeet Deshmukh Dental College,1,0,1,1,0,Business Operations / Management Analyst,24,Tier C (Useful / Moderate Probability),P2 - Secondary Sourcing
Hormonalwings Physiotherapy Clinic,1,0,1,1,0,Business Operations / Management Analyst,24,Tier C (Useful / Moderate Probability),P2 - Secondary Sourcing
Spear Physical Therapy,1,0,1,1,0,Business Operations / Management Analyst,24,Tier C (Useful / Moderate Probability),P2 - Secondary Sourcing
CareSpace: Virtual Therapy Platform,1,0,1,1,0,Business Operations / Management Analyst,24,Tier C (Useful / Moderate Probability),P2 - Secondary Sourcing
HealthSpecifics (HS),1,0,1,1,0,Business Operations / Management Analyst,24,Tier C (Useful / Moderate Probability),P2 - Secondary Sourcing
Ephysiohealth,1,0,1,1,0,Business Operations / Management Analyst,24,Tier C (Useful / Moderate Probability),P2 - Secondary Sourcing
Dento Art,1,0,1,1,0,Business Operations / Management Analyst,24,Tier C (Useful / Moderate Probability),P2 - Secondary Sourcing
Dr.Amrita’s Dentacare,1,0,1,1,0,Business Operations / Management Analyst,24,Tier C (Useful / Moderate Probability),P2 - Secondary Sourcing
Flexrite World,1,0,1,1,0,Business Operations / Management Analyst,24,Tier C (Useful / Moderate Probability),P2 - Secondary Sourcing
"MAX@Home, Max Healthcare",1,0,1,1,0,Business Operations / Management Analyst,24,Tier C (Useful / Moderate Probability),P2 - Secondary Sourcing
CMR University,1,0,1,1,0,Business Operations / Management Analyst,24,Tier C (Useful / Moderate Probability),P2 - Secondary Sourcing
Publicis Groupe,1,0,1,1,0,Business Operations / Management Analyst,24,Tier C (Useful / Moderate Probability),P2 - Secondary Sourcing
Mysa,1,0,1,1,0,Business Operations / Management Analyst,24,Tier C (Useful / Moderate Probability),P2 - Secondary Sourcing
AD Consultancy,1,0,1,1,0,Business Operations / Management Analyst,24,Tier C (Useful / Moderate Probability),P2 - Secondary Sourcing
Book Club- Christ University,1,0,1,1,0,Business Operations / Management Analyst,24,Tier C (Useful / Moderate Probability),P2 - Secondary Sourcing
MS Ramaiah College,1,0,1,1,0,Business Operations / Management Analyst,24,Tier C (Useful / Moderate Probability),P2 - Secondary Sourcing
"Institute of Hotel Management, Bangalore",1,0,1,1,0,Business Operations / Management Analyst,24,Tier C (Useful / Moderate Probability),P2 - Secondary Sourcing
GRT Hotels & Resorts,1,0,1,1,0,Business Operations / Management Analyst,24,Tier C (Useful / Moderate Probability),P2 - Secondary Sourcing
The Ace Collective,1,0,1,1,0,Business Operations / Management Analyst,24,Tier C (Useful / Moderate Probability),P2 - Secondary Sourcing
BSR LAW FIRM,1,0,1,1,0,Business Operations / Management Analyst,24,Tier C (Useful / Moderate Probability),P2 - Secondary Sourcing
CollegiateX,1,0,1,1,0,Business Operations / Management Analyst,24,Tier C (Useful / Moderate Probability),P2 - Secondary Sourcing
Thrivo Consulting,1,0,1,1,0,Business Operations / Management Analyst,24,Tier C (Useful / Moderate Probability),P2 - Secondary Sourcing
St. Joseph Group of Institutions,1,0,1,1,0,Business Operations / Management Analyst,24,Tier C (Useful / Moderate Probability),P2 - Secondary Sourcing
Codegnan,1,0,1,1,0,Business Operations / Management Analyst,24,Tier C (Useful / Moderate Probability),P2 - Secondary Sourcing
Studojo,1,0,1,1,0,Business Operations / Management Analyst,24,Tier C (Useful / Moderate Probability),P2 - Secondary Sourcing
Genfuse Labs,1,0,1,1,0,Business Operations / Management Analyst,24,Tier C (Useful / Moderate Probability),P2 - Secondary Sourcing
LinkedIn (Via Careernet),1,0,1,1,0,Business Operations / Management Analyst,24,Tier C (Useful / Moderate Probability),P2 - Secondary Sourcing
Tracxn,1,0,1,1,0,Business Operations / Management Analyst,24,Tier C (Useful / Moderate Probability),P2 - Secondary Sourcing
Curated Editions,1,0,1,1,0,Business Operations / Management Analyst,24,Tier C (Useful / Moderate Probability),P2 - Secondary Sourcing
Mytrm AI,1,0,1,1,0,Business Operations / Management Analyst,24,Tier C (Useful / Moderate Probability),P2 - Secondary Sourcing
Adsum Advisory Services Private Ltd,1,0,1,1,0,Business Operations / Management Analyst,24,Tier C (Useful / Moderate Probability),P2 - Secondary Sourcing
Bosch Global Software Technologies(KGIS),1,0,1,1,0,Business Operations / Management Analyst,24,Tier C (Useful / Moderate Probability),P2 - Secondary Sourcing
Contour Education,1,0,1,1,0,Business Operations / Management Analyst,24,Tier C (Useful / Moderate Probability),P2 - Secondary Sourcing
Astria Digital,1,0,1,1,0,Business Operations / Management Analyst,24,Tier C (Useful / Moderate Probability),P2 - Secondary Sourcing
Sarvaank Associates,1,0,1,1,0,Business Operations / Management Analyst,24,Tier C (Useful / Moderate Probability),P2 - Secondary Sourcing
"Markquest - The Marketing Club, PU",1,0,1,1,0,Business Operations / Management Analyst,24,Tier C (Useful / Moderate Probability),P2 - Secondary Sourcing
Rekart Innovations Private Limited,1,0,1,1,0,Business Operations / Management Analyst,24,Tier C (Useful / Moderate Probability),P2 - Secondary Sourcing
Early Stage Entrepreneur Community (ESEC),1,0,1,1,0,Business Operations / Management Analyst,24,Tier C (Useful / Moderate Probability),P2 - Secondary Sourcing
Otogenetics Corporation,1,0,1,1,0,Business Operations / Management Analyst,24,Tier C (Useful / Moderate Probability),P2 - Secondary Sourcing
Parchii,1,0,1,1,0,Business Operations / Management Analyst,24,Tier C (Useful / Moderate Probability),P2 - Secondary Sourcing
Swaruchii,1,0,1,1,0,Business Operations / Management Analyst,24,Tier C (Useful / Moderate Probability),P2 - Secondary Sourcing
Pariyojana Club- IIM Jammu,1,0,1,1,0,Business Operations / Management Analyst,24,Tier C (Useful / Moderate Probability),P2 - Secondary Sourcing
BrainFlyers,1,0,1,1,0,Business Operations / Management Analyst,24,Tier C (Useful / Moderate Probability),P2 - Secondary Sourcing
Digi Nurture Pvt. Ltd.,1,0,1,1,0,Business Operations / Management Analyst,24,Tier C (Useful / Moderate Probability),P2 - Secondary Sourcing
The English Advantage,1,0,1,1,0,Business Operations / Management Analyst,24,Tier C (Useful / Moderate Probability),P2 - Secondary Sourcing
CodeSanket,1,0,1,1,0,Business Operations / Management Analyst,24,Tier C (Useful / Moderate Probability),P2 - Secondary Sourcing
Eunera,1,0,1,1,0,Business Operations / Management Analyst,24,Tier C (Useful / Moderate Probability),P2 - Secondary Sourcing
GreenTensor,1,0,1,1,0,Business Operations / Management Analyst,24,Tier C (Useful / Moderate Probability),P2 - Secondary Sourcing
IRL Club,1,0,1,1,0,Business Operations / Management Analyst,24,Tier C (Useful / Moderate Probability),P2 - Secondary Sourcing
IIT Tirupati Research Scholars,1,0,1,1,0,Business Operations / Management Analyst,24,Tier C (Useful / Moderate Probability),P2 - Secondary Sourcing
IKEA,1,0,1,1,0,Business Operations / Management Analyst,24,Tier C (Useful / Moderate Probability),P2 - Secondary Sourcing
Jawaharlal Institute Of Postgraduate Medical Education And Research (JIPMER),1,0,1,1,0,Business Operations / Management Analyst,24,Tier C (Useful / Moderate Probability),P2 - Secondary Sourcing
Social Lens,1,0,1,1,0,Business Operations / Management Analyst,24,Tier C (Useful / Moderate Probability),P2 - Secondary Sourcing
Amitiel Consultants,1,0,1,1,0,Business Operations / Management Analyst,24,Tier C (Useful / Moderate Probability),P2 - Secondary Sourcing
Brainstorm Infotech,1,0,1,1,0,Business Operations / Management Analyst,24,Tier C (Useful / Moderate Probability),P2 - Secondary Sourcing
Toyota Kirloskar Motor,4,1,0,0,0,Business Operations / Management Analyst,23,Tier C (Useful / Moderate Probability),P2 - Secondary Sourcing
Consilio LLC,4,1,0,0,0,Business Operations / Management Analyst,23,Tier C (Useful / Moderate Probability),P2 - Secondary Sourcing
Elliott Davis,4,1,0,0,0,Business Operations / Management Analyst,23,Tier C (Useful / Moderate Probability),P2 - Secondary Sourcing
Abbott,4,1,0,0,0,Business Operations / Management Analyst,23,Tier C (Useful / Moderate Probability),P2 - Secondary Sourcing
Societe Generale,6,0,0,1,0,Business Operations / Management Analyst,22,Tier C (Useful / Moderate Probability),P2 - Secondary Sourcing
LSEG (London Stock Exchange Group),6,0,0,1,0,Business Operations / Management Analyst,22,Tier C (Useful / Moderate Probability),P2 - Secondary Sourcing
Bambinos.live - Future School,6,0,0,1,0,Business Operations / Management Analyst,22,Tier C (Useful / Moderate Probability),P2 - Secondary Sourcing
Tata Consumer Products,3,1,0,0,0,Business Operations / Management Analyst,21,Tier C (Useful / Moderate Probability),P2 - Secondary Sourcing
Lowe's India,3,1,0,0,0,Business Operations / Management Analyst,21,Tier C (Useful / Moderate Probability),P2 - Secondary Sourcing
Careernet,3,1,0,0,0,Business Operations / Management Analyst,21,Tier C (Useful / Moderate Probability),P2 - Secondary Sourcing
Acmegrade,3,1,0,0,0,Business Operations / Management Analyst,21,Tier C (Useful / Moderate Probability),P2 - Secondary Sourcing
NTT DATA,3,1,0,0,0,Business Operations / Management Analyst,21,Tier C (Useful / Moderate Probability),P2 - Secondary Sourcing
Brillio,3,1,0,0,0,Business Operations / Management Analyst,21,Tier C (Useful / Moderate Probability),P2 - Secondary Sourcing
eClerx,3,1,0,0,0,Business Operations / Management Analyst,21,Tier C (Useful / Moderate Probability),P2 - Secondary Sourcing
Brady Corporation,3,1,0,0,0,Business Operations / Management Analyst,21,Tier C (Useful / Moderate Probability),P2 - Secondary Sourcing
Tata Technologies,3,1,0,0,0,Business Operations / Management Analyst,21,Tier C (Useful / Moderate Probability),P2 - Secondary Sourcing
Merck Group,3,1,0,0,0,Business Operations / Management Analyst,21,Tier C (Useful / Moderate Probability),P2 - Secondary Sourcing
Halma plc,3,1,0,0,0,Business Operations / Management Analyst,21,Tier C (Useful / Moderate Probability),P2 - Secondary Sourcing
IQVIA India,3,1,0,0,0,Business Operations / Management Analyst,21,Tier C (Useful / Moderate Probability),P2 - Secondary Sourcing
Sitero,3,1,0,0,0,Business Operations / Management Analyst,21,Tier C (Useful / Moderate Probability),P2 - Secondary Sourcing
Visara Partners,3,1,0,0,0,Business Operations / Management Analyst,21,Tier C (Useful / Moderate Probability),P2 - Secondary Sourcing
South Indian Bank,5,0,0,1,0,Business Operations / Management Analyst,20,Tier C (Useful / Moderate Probability),P2 - Secondary Sourcing
Tata Motors,5,0,0,1,0,Business Operations / Management Analyst,20,Tier C (Useful / Moderate Probability),P2 - Secondary Sourcing
Bluevine,5,0,0,1,0,Business Operations / Management Analyst,20,Tier C (Useful / Moderate Probability),P2 - Secondary Sourcing
Alliance University,5,0,0,1,0,Business Operations / Management Analyst,20,Tier C (Useful / Moderate Probability),P2 - Secondary Sourcing
Northern Trust,9,0,0,0,0,Business Operations / Management Analyst,18,Tier C (Useful / Moderate Probability),P2 - Secondary Sourcing
Wint Wealth,4,0,0,1,0,Business Operations / Management Analyst,18,Tier C (Useful / Moderate Probability),P2 - Secondary Sourcing
Learning and Development Cell,4,0,0,1,0,Business Operations / Management Analyst,18,Tier C (Useful / Moderate Probability),P2 - Secondary Sourcing
Hindalco Industries Limited,4,0,0,1,0,Business Operations / Management Analyst,18,Tier C (Useful / Moderate Probability),P2 - Secondary Sourcing
Ascendion,4,0,0,1,0,Business Operations / Management Analyst,18,Tier C (Useful / Moderate Probability),P2 - Secondary Sourcing
CAPS - Centre For Academic And Professional Support,4,0,0,1,0,Business Operations / Management Analyst,18,Tier C (Useful / Moderate Probability),P2 - Secondary Sourcing
PRAVAH: The HR Club,4,0,0,1,0,Business Operations / Management Analyst,18,Tier C (Useful / Moderate Probability),P2 - Secondary Sourcing
"Bulls and Bears, BGR Christ University",4,0,0,1,0,Business Operations / Management Analyst,18,Tier C (Useful / Moderate Probability),P2 - Secondary Sourcing
Barclays,4,0,0,1,0,Business Operations / Management Analyst,18,Tier C (Useful / Moderate Probability),P2 - Secondary Sourcing
Cushman & Wakefield,4,0,0,1,0,Business Operations / Management Analyst,18,Tier C (Useful / Moderate Probability),P2 - Secondary Sourcing
"Lowe's Companies, Inc.",4,0,0,1,0,Business Operations / Management Analyst,18,Tier C (Useful / Moderate Probability),P2 - Secondary Sourcing
Commvault,4,0,0,1,0,Business Operations / Management Analyst,18,Tier C (Useful / Moderate Probability),P2 - Secondary Sourcing
Student Council BYC,8,0,0,0,0,Business Operations / Management Analyst,16,Tier C (Useful / Moderate Probability),P2 - Secondary Sourcing
InAmigos Foundation (IAF),8,0,0,0,0,Business Operations / Management Analyst,16,Tier C (Useful / Moderate Probability),P2 - Secondary Sourcing
Mu Sigma Inc.,8,0,0,0,0,Business Operations / Management Analyst,16,Tier C (Useful / Moderate Probability),P2 - Secondary Sourcing
Infosys Springboard,8,0,0,0,0,Business Operations / Management Analyst,16,Tier C (Useful / Moderate Probability),P2 - Secondary Sourcing
Recro,3,0,0,1,0,Business Operations / Management Analyst,16,Tier C (Useful / Moderate Probability),P2 - Secondary Sourcing
Narayana Health,3,0,0,1,0,Business Operations / Management Analyst,16,Tier C (Useful / Moderate Probability),P2 - Secondary Sourcing
Jio Platforms Limited (JPL),3,0,0,1,0,Business Operations / Management Analyst,16,Tier C (Useful / Moderate Probability),P2 - Secondary Sourcing
Self-Employed,3,0,0,1,0,Business Operations / Management Analyst,16,Tier C (Useful / Moderate Probability),P2 - Secondary Sourcing
DOCathon League,3,0,0,1,0,Business Operations / Management Analyst,16,Tier C (Useful / Moderate Probability),P2 - Secondary Sourcing
Amadeus,3,0,0,1,0,Business Operations / Management Analyst,16,Tier C (Useful / Moderate Probability),P2 - Secondary Sourcing
NatWest Group,3,0,0,1,0,Business Operations / Management Analyst,16,Tier C (Useful / Moderate Probability),P2 - Secondary Sourcing
JSW Steel,3,0,0,1,0,Business Operations / Management Analyst,16,Tier C (Useful / Moderate Probability),P2 - Secondary Sourcing
bigbasket,3,0,0,1,0,Business Operations / Management Analyst,16,Tier C (Useful / Moderate Probability),P2 - Secondary Sourcing
Material Depot,3,0,0,1,0,Business Operations / Management Analyst,16,Tier C (Useful / Moderate Probability),P2 - Secondary Sourcing
Talview,3,0,0,1,0,Business Operations / Management Analyst,16,Tier C (Useful / Moderate Probability),P2 - Secondary Sourcing
Scaler,3,0,0,1,0,Business Operations / Management Analyst,16,Tier C (Useful / Moderate Probability),P2 - Secondary Sourcing
Godrej Properties Limited,3,0,0,1,0,Business Operations / Management Analyst,16,Tier C (Useful / Moderate Probability),P2 - Secondary Sourcing
Ozark Productions,3,0,0,1,0,Business Operations / Management Analyst,16,Tier C (Useful / Moderate Probability),P2 - Secondary Sourcing
BNP Paribas,3,0,0,1,0,Business Operations / Management Analyst,16,Tier C (Useful / Moderate Probability),P2 - Secondary Sourcing
Happiest Minds Technologies,3,0,0,1,0,Business Operations / Management Analyst,16,Tier C (Useful / Moderate Probability),P2 - Secondary Sourcing
Maruti Suzuki India Limited,3,0,0,1,0,Business Operations / Management Analyst,16,Tier C (Useful / Moderate Probability),P2 - Secondary Sourcing
Stratix BYC,3,0,0,1,0,Business Operations / Management Analyst,16,Tier C (Useful / Moderate Probability),P2 - Secondary Sourcing
Torque Communications,3,0,0,1,0,Business Operations / Management Analyst,16,Tier C (Useful / Moderate Probability),P2 - Secondary Sourcing
WLDD Private Limited,3,0,0,1,0,Business Operations / Management Analyst,16,Tier C (Useful / Moderate Probability),P2 - Secondary Sourcing
Audit Partnership,3,0,0,1,0,Business Operations / Management Analyst,16,Tier C (Useful / Moderate Probability),P2 - Secondary Sourcing
SocialPanga,3,0,0,1,0,Business Operations / Management Analyst,16,Tier C (Useful / Moderate Probability),P2 - Secondary Sourcing
E-CELL DYPIU,3,0,0,1,0,Business Operations / Management Analyst,16,Tier C (Useful / Moderate Probability),P2 - Secondary Sourcing
Quest For Success,3,0,0,1,0,Business Operations / Management Analyst,16,Tier C (Useful / Moderate Probability),P2 - Secondary Sourcing
Hue Learn,3,0,0,1,0,Business Operations / Management Analyst,16,Tier C (Useful / Moderate Probability),P2 - Secondary Sourcing
"Christ University, Bangalore Bannerghatta Road Campus (Official)",7,0,0,0,0,Business Operations / Management Analyst,14,Tier C (Useful / Moderate Probability),P2 - Secondary Sourcing
Puravankara Limited,7,0,0,0,0,Business Operations / Management Analyst,14,Tier C (Useful / Moderate Probability),P2 - Secondary Sourcing
Indian Institute of Science (IISc),7,0,0,0,0,Business Operations / Management Analyst,14,Tier C (Useful / Moderate Probability),P2 - Secondary Sourcing
State Street,7,0,0,0,0,Business Operations / Management Analyst,14,Tier C (Useful / Moderate Probability),P2 - Secondary Sourcing
Unisys,7,0,0,0,0,Business Operations / Management Analyst,14,Tier C (Useful / Moderate Probability),P2 - Secondary Sourcing
Confluencr - Global Influencer Marketing Agency,6,0,0,0,0,Business Operations / Management Analyst,12,Tier C (Useful / Moderate Probability),P2 - Secondary Sourcing
ServiceNow,6,0,0,0,0,Business Operations / Management Analyst,12,Tier C (Useful / Moderate Probability),P2 - Secondary Sourcing
Gain,6,0,0,0,0,Business Operations / Management Analyst,12,Tier C (Useful / Moderate Probability),P2 - Secondary Sourcing
Self Employed,6,0,0,0,0,Business Operations / Management Analyst,12,Tier C (Useful / Moderate Probability),P2 - Secondary Sourcing
Airlearn,6,0,0,0,0,Business Operations / Management Analyst,12,Tier C (Useful / Moderate Probability),P2 - Secondary Sourcing
Reserve Bank of India (RBI),5,0,0,0,0,Business Operations / Management Analyst,10,Tier C (Useful / Moderate Probability),P2 - Secondary Sourcing
Younity.in,5,0,0,0,0,Business Operations / Management Analyst,10,Tier C (Useful / Moderate Probability),P2 - Secondary Sourcing
S&P Global,5,0,0,0,0,Business Operations / Management Analyst,10,Tier C (Useful / Moderate Probability),P2 - Secondary Sourcing
Christites for Climate Action (CCA),5,0,0,0,0,Business Operations / Management Analyst,10,Tier C (Useful / Moderate Probability),P2 - Secondary Sourcing
Plum,5,0,0,0,0,Business Operations / Management Analyst,10,Tier C (Useful / Moderate Probability),P2 - Secondary Sourcing
Psychology Association Bannerghatta Road Campus,5,0,0,0,0,Business Operations / Management Analyst,10,Tier C (Useful / Moderate Probability),P2 - Secondary Sourcing
Ementora,5,0,0,0,0,Business Operations / Management Analyst,10,Tier C (Useful / Moderate Probability),P2 - Secondary Sourcing
Cogent E Services,4,0,0,0,0,Business Operations / Management Analyst,8,Tier C (Useful / Moderate Probability),P2 - Secondary Sourcing
State Bank of India,4,0,0,0,0,Business Operations / Management Analyst,8,Tier C (Useful / Moderate Probability),P2 - Secondary Sourcing
Velocity,4,0,0,0,0,Business Operations / Management Analyst,8,Tier C (Useful / Moderate Probability),P2 - Secondary Sourcing
Himalaya Wellness Company,4,0,0,0,0,Business Operations / Management Analyst,8,Tier C (Useful / Moderate Probability),P2 - Secondary Sourcing
Infosys Finacle,4,0,0,0,0,Business Operations / Management Analyst,8,Tier C (Useful / Moderate Probability),P2 - Secondary Sourcing
Aon,4,0,0,0,0,Business Operations / Management Analyst,8,Tier C (Useful / Moderate Probability),P2 - Secondary Sourcing
Nykaa,4,0,0,0,0,Business Operations / Management Analyst,8,Tier C (Useful / Moderate Probability),P2 - Secondary Sourcing
Grant Thornton Bharat LLP,4,0,0,0,0,Business Operations / Management Analyst,8,Tier C (Useful / Moderate Probability),P2 - Secondary Sourcing
PES University,4,0,0,0,0,Business Operations / Management Analyst,8,Tier C (Useful / Moderate Probability),P2 - Secondary Sourcing
NATIONAL CADET CORPS - India,4,0,0,0,0,Business Operations / Management Analyst,8,Tier C (Useful / Moderate Probability),P2 - Secondary Sourcing
JLL,4,0,0,0,0,Business Operations / Management Analyst,8,Tier C (Useful / Moderate Probability),P2 - Secondary Sourcing
Hyperbots Inc.,4,0,0,0,0,Business Operations / Management Analyst,8,Tier C (Useful / Moderate Probability),P2 - Secondary Sourcing
Mphasis,4,0,0,0,0,Business Operations / Management Analyst,8,Tier C (Useful / Moderate Probability),P2 - Secondary Sourcing
RSM US LLP,4,0,0,0,0,Business Operations / Management Analyst,8,Tier C (Useful / Moderate Probability),P2 - Secondary Sourcing
IndiGo (InterGlobe Aviation Ltd),4,0,0,0,0,Business Operations / Management Analyst,8,Tier C (Useful / Moderate Probability),P2 - Secondary Sourcing
Biocon Biologics,4,0,0,0,0,Business Operations / Management Analyst,8,Tier C (Useful / Moderate Probability),P2 - Secondary Sourcing
Archetype,3,0,0,0,0,Business Operations / Management Analyst,6,Tier C (Useful / Moderate Probability),P2 - Secondary Sourcing
Akshayakalpa Organic,3,0,0,0,0,Business Operations / Management Analyst,6,Tier C (Useful / Moderate Probability),P2 - Secondary Sourcing
NielsenIQ,3,0,0,0,0,Business Operations / Management Analyst,6,Tier C (Useful / Moderate Probability),P2 - Secondary Sourcing
Micro Labs Limited,3,0,0,0,0,Business Operations / Management Analyst,6,Tier C (Useful / Moderate Probability),P2 - Secondary Sourcing
NMIMS Centre for International Studies,3,0,0,0,0,Business Operations / Management Analyst,6,Tier C (Useful / Moderate Probability),P2 - Secondary Sourcing
B S R & Co. LLP,3,0,0,0,0,Business Operations / Management Analyst,6,Tier C (Useful / Moderate Probability),P2 - Secondary Sourcing
Indian Oil Corporation Limited (Iocl),3,0,0,0,0,Business Operations / Management Analyst,6,Tier C (Useful / Moderate Probability),P2 - Secondary Sourcing
Anmol Share Broking Private Limited - MyAnmol Group,3,0,0,0,0,Business Operations / Management Analyst,6,Tier C (Useful / Moderate Probability),P2 - Secondary Sourcing
"Samarthanam Trust for the Disabled, Bangalore",3,0,0,0,0,Business Operations / Management Analyst,6,Tier C (Useful / Moderate Probability),P2 - Secondary Sourcing
Address Advisors,3,0,0,0,0,Business Operations / Management Analyst,6,Tier C (Useful / Moderate Probability),P2 - Secondary Sourcing
Dentsu Global Services,3,0,0,0,0,Business Operations / Management Analyst,6,Tier C (Useful / Moderate Probability),P2 - Secondary Sourcing
High Court of Karnataka - India,3,0,0,0,0,Business Operations / Management Analyst,6,Tier C (Useful / Moderate Probability),P2 - Secondary Sourcing
OSBIndia Private Limited,3,0,0,0,0,Business Operations / Management Analyst,6,Tier C (Useful / Moderate Probability),P2 - Secondary Sourcing
Bank of Baroda,3,0,0,0,0,Business Operations / Management Analyst,6,Tier C (Useful / Moderate Probability),P2 - Secondary Sourcing
United Nations Academic Impact,3,0,0,0,0,Business Operations / Management Analyst,6,Tier C (Useful / Moderate Probability),P2 - Secondary Sourcing
Aahwahan Foundation,3,0,0,0,0,Business Operations / Management Analyst,6,Tier C (Useful / Moderate Probability),P2 - Secondary Sourcing
Larsen & Toubro,3,0,0,0,0,Business Operations / Management Analyst,6,Tier C (Useful / Moderate Probability),P2 - Secondary Sourcing
Aditya Birla Capital,3,0,0,0,0,Business Operations / Management Analyst,6,Tier C (Useful / Moderate Probability),P2 - Secondary Sourcing
MindMatrixEd,3,0,0,0,0,Business Operations / Management Analyst,6,Tier C (Useful / Moderate Probability),P2 - Secondary Sourcing
International Institute of SDG's and Public Policy Research,3,0,0,0,0,Business Operations / Management Analyst,6,Tier C (Useful / Moderate Probability),P2 - Secondary Sourcing
The Narayana Group,3,0,0,0,0,Business Operations / Management Analyst,6,Tier C (Useful / Moderate Probability),P2 - Secondary Sourcing
Evolve Back Resorts,3,0,0,0,0,Business Operations / Management Analyst,6,Tier C (Useful / Moderate Probability),P2 - Secondary Sourcing
Prodigy InfoTech,3,0,0,0,0,Business Operations / Management Analyst,6,Tier C (Useful / Moderate Probability),P2 - Secondary Sourcing
E-Cell BGR,3,0,0,0,0,Business Operations / Management Analyst,6,Tier C (Useful / Moderate Probability),P2 - Secondary Sourcing
Pledge A Smile,3,0,0,0,0,Business Operations / Management Analyst,6,Tier C (Useful / Moderate Probability),P2 - Secondary Sourcing
"Mount Carmel College, Palace Rd, Bengaluru",3,0,0,0,0,Business Operations / Management Analyst,6,Tier C (Useful / Moderate Probability),P2 - Secondary Sourcing
Muskurahat Foundation,3,0,0,0,0,Business Operations / Management Analyst,6,Tier C (Useful / Moderate Probability),P2 - Secondary Sourcing
MSL India,3,0,0,0,0,Business Operations / Management Analyst,6,Tier C (Useful / Moderate Probability),P2 - Secondary Sourcing
Snabbit,3,0,0,0,0,Business Operations / Management Analyst,6,Tier C (Useful / Moderate Probability),P2 - Secondary Sourcing
Dell Technologies,3,0,0,0,0,Business Operations / Management Analyst,6,Tier C (Useful / Moderate Probability),P2 - Secondary Sourcing
Bandhan Bank,3,0,0,0,0,Business Operations / Management Analyst,6,Tier C (Useful / Moderate Probability),P2 - Secondary Sourcing
Zensar Technologies,3,0,0,0,0,Business Operations / Management Analyst,6,Tier C (Useful / Moderate Probability),P2 - Secondary Sourcing
EdgeVerve,3,0,0,0,0,Business Operations / Management Analyst,6,Tier C (Useful / Moderate Probability),P2 - Secondary Sourcing
GrowthSchool,3,0,0,0,0,Business Operations / Management Analyst,6,Tier C (Useful / Moderate Probability),P2 - Secondary Sourcing
Dhanvesttor,3,0,0,0,0,Business Operations / Management Analyst,6,Tier C (Useful / Moderate Probability),P2 - Secondary Sourcing
Upwork,3,0,0,0,0,Business Operations / Management Analyst,6,Tier C (Useful / Moderate Probability),P2 - Secondary Sourcing
ALLEN,3,0,0,0,0,Business Operations / Management Analyst,6,Tier C (Useful / Moderate Probability),P2 - Secondary Sourcing
Broadridge,3,0,0,0,0,Business Operations / Management Analyst,6,Tier C (Useful / Moderate Probability),P2 - Secondary Sourcing
Cleartax,3,0,0,0,0,Business Operations / Management Analyst,6,Tier C (Useful / Moderate Probability),P2 - Secondary Sourcing
Jain (Deemed-to-be University),3,0,0,0,0,Business Operations / Management Analyst,6,Tier C (Useful / Moderate Probability),P2 - Secondary Sourcing
AUMOVIO,3,0,0,0,0,Business Operations / Management Analyst,6,Tier C (Useful / Moderate Probability),P2 - Secondary Sourcing
Zscaler,3,0,0,0,0,Business Operations / Management Analyst,6,Tier C (Useful / Moderate Probability),P2 - Secondary Sourcing
InternPe,3,0,0,0,0,Business Operations / Management Analyst,6,Tier C (Useful / Moderate Probability),P2 - Secondary Sourcing
Carelon Global Solutions India,3,0,0,0,0,Business Operations / Management Analyst,6,Tier C (Useful / Moderate Probability),P2 - Secondary Sourcing
GharPayy,2,1,0,0,0,Business Operations / Management Analyst,19,Tier D (Low Relevance / Boutique),P3 - Ad-Hoc
Ocube Services,2,1,0,0,0,Business Operations / Management Analyst,19,Tier D (Low Relevance / Boutique),P3 - Ad-Hoc
Taj Hotels,2,1,0,0,0,Business Operations / Management Analyst,19,Tier D (Low Relevance / Boutique),P3 - Ad-Hoc
Bharti AXA Life Insurance,2,1,0,0,0,Business Operations / Management Analyst,19,Tier D (Low Relevance / Boutique),P3 - Ad-Hoc
GIVA,2,1,0,0,0,Business Operations / Management Analyst,19,Tier D (Low Relevance / Boutique),P3 - Ad-Hoc
Wonderla Holidays Ltd.,2,1,0,0,0,Business Operations / Management Analyst,19,Tier D (Low Relevance / Boutique),P3 - Ad-Hoc
Pace Wisdom Solutions,2,1,0,0,0,Business Operations / Management Analyst,19,Tier D (Low Relevance / Boutique),P3 - Ad-Hoc
Shoppers Stop,2,1,0,0,0,Business Operations / Management Analyst,19,Tier D (Low Relevance / Boutique),P3 - Ad-Hoc
Jagruti Rehabilitation Center,2,1,0,0,0,Business Operations / Management Analyst,19,Tier D (Low Relevance / Boutique),P3 - Ad-Hoc
Winman Software India LLP,2,1,0,0,0,Business Operations / Management Analyst,19,Tier D (Low Relevance / Boutique),P3 - Ad-Hoc
MAVIP Group,2,1,0,0,0,Business Operations / Management Analyst,19,Tier D (Low Relevance / Boutique),P3 - Ad-Hoc
Innoknowvex,2,1,0,0,0,Business Operations / Management Analyst,19,Tier D (Low Relevance / Boutique),P3 - Ad-Hoc
Equiniti India,2,1,0,0,0,Business Operations / Management Analyst,19,Tier D (Low Relevance / Boutique),P3 - Ad-Hoc
TeamLease Services Limited,2,1,0,0,0,Business Operations / Management Analyst,19,Tier D (Low Relevance / Boutique),P3 - Ad-Hoc
Tonbo Imaging,2,1,0,0,0,Business Operations / Management Analyst,19,Tier D (Low Relevance / Boutique),P3 - Ad-Hoc
Simtrak Solutions,2,1,0,0,0,Business Operations / Management Analyst,19,Tier D (Low Relevance / Boutique),P3 - Ad-Hoc
ArivuPro,2,1,0,0,0,Business Operations / Management Analyst,19,Tier D (Low Relevance / Boutique),P3 - Ad-Hoc
Wogle Tech,2,1,0,0,0,Business Operations / Management Analyst,19,Tier D (Low Relevance / Boutique),P3 - Ad-Hoc
sugar.fit,2,1,0,0,0,Business Operations / Management Analyst,19,Tier D (Low Relevance / Boutique),P3 - Ad-Hoc
Convertcart,2,1,0,0,0,Business Operations / Management Analyst,19,Tier D (Low Relevance / Boutique),P3 - Ad-Hoc
Jar,2,1,0,0,0,Business Operations / Management Analyst,19,Tier D (Low Relevance / Boutique),P3 - Ad-Hoc
Osfin.ai,2,1,0,0,0,Business Operations / Management Analyst,19,Tier D (Low Relevance / Boutique),P3 - Ad-Hoc
Li-Mat Soft Solutions Pvt Ltd,2,1,0,0,0,Business Operations / Management Analyst,19,Tier D (Low Relevance / Boutique),P3 - Ad-Hoc
HealthCare Global,2,1,0,0,0,Business Operations / Management Analyst,19,Tier D (Low Relevance / Boutique),P3 - Ad-Hoc
Lenovo India,2,1,0,0,0,Business Operations / Management Analyst,19,Tier D (Low Relevance / Boutique),P3 - Ad-Hoc
GSK,2,1,0,0,0,Business Operations / Management Analyst,19,Tier D (Low Relevance / Boutique),P3 - Ad-Hoc
SW Network (Sociowash),2,1,0,0,0,Business Operations / Management Analyst,19,Tier D (Low Relevance / Boutique),P3 - Ad-Hoc
Indian Edu Hub,2,1,0,0,0,Business Operations / Management Analyst,19,Tier D (Low Relevance / Boutique),P3 - Ad-Hoc
Courtyard by Marriott,2,1,0,0,0,Business Operations / Management Analyst,19,Tier D (Low Relevance / Boutique),P3 - Ad-Hoc
Arvind Fashions Limited,2,1,0,0,0,Business Operations / Management Analyst,19,Tier D (Low Relevance / Boutique),P3 - Ad-Hoc
Manipal University Jaipur,2,1,0,0,0,Business Operations / Management Analyst,19,Tier D (Low Relevance / Boutique),P3 - Ad-Hoc
iBUS,2,1,0,0,0,Business Operations / Management Analyst,19,Tier D (Low Relevance / Boutique),P3 - Ad-Hoc
SkilloVilla,2,1,0,0,0,Business Operations / Management Analyst,19,Tier D (Low Relevance / Boutique),P3 - Ad-Hoc
Alstom,2,1,0,0,0,Business Operations / Management Analyst,19,Tier D (Low Relevance / Boutique),P3 - Ad-Hoc
Jigsaw,2,1,0,0,0,Business Operations / Management Analyst,19,Tier D (Low Relevance / Boutique),P3 - Ad-Hoc
Zenskar,2,1,0,0,0,Business Operations / Management Analyst,19,Tier D (Low Relevance / Boutique),P3 - Ad-Hoc
Festo India,2,1,0,0,0,Business Operations / Management Analyst,19,Tier D (Low Relevance / Boutique),P3 - Ad-Hoc
Sammaan Capital Limited,2,1,0,0,0,Business Operations / Management Analyst,19,Tier D (Low Relevance / Boutique),P3 - Ad-Hoc
Ample,2,1,0,0,0,Business Operations / Management Analyst,19,Tier D (Low Relevance / Boutique),P3 - Ad-Hoc
Veave,2,1,0,0,0,Business Operations / Management Analyst,19,Tier D (Low Relevance / Boutique),P3 - Ad-Hoc
Cog Culture,2,1,0,0,0,Business Operations / Management Analyst,19,Tier D (Low Relevance / Boutique),P3 - Ad-Hoc
CodersBrain,2,1,0,0,0,Business Operations / Management Analyst,19,Tier D (Low Relevance / Boutique),P3 - Ad-Hoc
Kilowott,2,1,0,0,0,Business Operations / Management Analyst,19,Tier D (Low Relevance / Boutique),P3 - Ad-Hoc
Avekshaa Technologies,2,1,0,0,0,Business Operations / Management Analyst,19,Tier D (Low Relevance / Boutique),P3 - Ad-Hoc
Graphy Inc.,2,1,0,0,0,Business Operations / Management Analyst,19,Tier D (Low Relevance / Boutique),P3 - Ad-Hoc
SYMPHONI HR,2,1,0,0,0,Business Operations / Management Analyst,19,Tier D (Low Relevance / Boutique),P3 - Ad-Hoc
Publicis Re:Sources,2,1,0,0,0,Business Operations / Management Analyst,19,Tier D (Low Relevance / Boutique),P3 - Ad-Hoc
Airbus,2,1,0,0,0,Business Operations / Management Analyst,19,Tier D (Low Relevance / Boutique),P3 - Ad-Hoc
BIBA Fashion Ltd,2,1,0,0,0,Business Operations / Management Analyst,19,Tier D (Low Relevance / Boutique),P3 - Ad-Hoc
QBS Learning,2,1,0,0,0,Business Operations / Management Analyst,19,Tier D (Low Relevance / Boutique),P3 - Ad-Hoc
VIBGYOR Group of Schools,2,1,0,0,0,Business Operations / Management Analyst,19,Tier D (Low Relevance / Boutique),P3 - Ad-Hoc
Continental,2,1,0,0,0,Business Operations / Management Analyst,19,Tier D (Low Relevance / Boutique),P3 - Ad-Hoc
BlueTree,2,1,0,0,0,Business Operations / Management Analyst,19,Tier D (Low Relevance / Boutique),P3 - Ad-Hoc
Canarys,2,1,0,0,0,Business Operations / Management Analyst,19,Tier D (Low Relevance / Boutique),P3 - Ad-Hoc
Reckonsys Tech Labs,2,1,0,0,0,Business Operations / Management Analyst,19,Tier D (Low Relevance / Boutique),P3 - Ad-Hoc
Kyndryl,2,1,0,0,0,Business Operations / Management Analyst,19,Tier D (Low Relevance / Boutique),P3 - Ad-Hoc
Learntech Edu Solutions Pvt. Ltd.,2,1,0,0,0,Business Operations / Management Analyst,19,Tier D (Low Relevance / Boutique),P3 - Ad-Hoc
Sansera Engineering Limited,2,1,0,0,0,Business Operations / Management Analyst,19,Tier D (Low Relevance / Boutique),P3 - Ad-Hoc
LinkedIn,2,1,0,0,0,Business Operations / Management Analyst,19,Tier D (Low Relevance / Boutique),P3 - Ad-Hoc
Bosch India,2,1,0,0,0,Business Operations / Management Analyst,19,Tier D (Low Relevance / Boutique),P3 - Ad-Hoc
BETSOL,2,1,0,0,0,Business Operations / Management Analyst,19,Tier D (Low Relevance / Boutique),P3 - Ad-Hoc
MediBuddy,2,1,0,0,0,Business Operations / Management Analyst,19,Tier D (Low Relevance / Boutique),P3 - Ad-Hoc
Trigent Software Inc,2,1,0,0,0,Business Operations / Management Analyst,19,Tier D (Low Relevance / Boutique),P3 - Ad-Hoc
Perito Staffing Services LLP,2,1,0,0,0,Business Operations / Management Analyst,19,Tier D (Low Relevance / Boutique),P3 - Ad-Hoc
Incture,2,1,0,0,0,Business Operations / Management Analyst,19,Tier D (Low Relevance / Boutique),P3 - Ad-Hoc
Scandron,2,1,0,0,0,Business Operations / Management Analyst,19,Tier D (Low Relevance / Boutique),P3 - Ad-Hoc
Korn Ferry,2,1,0,0,0,Business Operations / Management Analyst,19,Tier D (Low Relevance / Boutique),P3 - Ad-Hoc
Champions Group,2,1,0,0,0,Business Operations / Management Analyst,19,Tier D (Low Relevance / Boutique),P3 - Ad-Hoc
NeoSOFT,2,1,0,0,0,Business Operations / Management Analyst,19,Tier D (Low Relevance / Boutique),P3 - Ad-Hoc
Sprintzeal,2,1,0,0,0,Business Operations / Management Analyst,19,Tier D (Low Relevance / Boutique),P3 - Ad-Hoc
Coforge,2,1,0,0,0,Business Operations / Management Analyst,19,Tier D (Low Relevance / Boutique),P3 - Ad-Hoc
TESCRA,2,1,0,0,0,Business Operations / Management Analyst,19,Tier D (Low Relevance / Boutique),P3 - Ad-Hoc
ISG (Information Services Group),2,1,0,0,0,Business Operations / Management Analyst,19,Tier D (Low Relevance / Boutique),P3 - Ad-Hoc
UltraTech Cement,2,1,0,0,0,Business Operations / Management Analyst,19,Tier D (Low Relevance / Boutique),P3 - Ad-Hoc
Choice Furntech,1,1,0,0,0,Business Operations / Management Analyst,17,Tier D (Low Relevance / Boutique),P3 - Ad-Hoc
Deeporion Technology Pvt Ltd,1,1,0,0,0,Business Operations / Management Analyst,17,Tier D (Low Relevance / Boutique),P3 - Ad-Hoc
Skyline Career,1,1,0,0,0,Business Operations / Management Analyst,17,Tier D (Low Relevance / Boutique),P3 - Ad-Hoc
LearnX,1,1,0,0,0,Business Operations / Management Analyst,17,Tier D (Low Relevance / Boutique),P3 - Ad-Hoc
IBEForuM,1,1,0,0,0,Business Operations / Management Analyst,17,Tier D (Low Relevance / Boutique),P3 - Ad-Hoc
Pharmaleaf_India Private Limited,1,1,0,0,0,Business Operations / Management Analyst,17,Tier D (Low Relevance / Boutique),P3 - Ad-Hoc
Convergence Property Development Services Private Limited,1,1,0,0,0,Business Operations / Management Analyst,17,Tier D (Low Relevance / Boutique),P3 - Ad-Hoc
Leap of Faith Technologies,1,1,0,0,0,Business Operations / Management Analyst,17,Tier D (Low Relevance / Boutique),P3 - Ad-Hoc
Otherside Consulting,1,1,0,0,0,Business Operations / Management Analyst,17,Tier D (Low Relevance / Boutique),P3 - Ad-Hoc
Freeflow Ideas,1,1,0,0,0,Business Operations / Management Analyst,17,Tier D (Low Relevance / Boutique),P3 - Ad-Hoc
Equiniti,1,1,0,0,0,Business Operations / Management Analyst,17,Tier D (Low Relevance / Boutique),P3 - Ad-Hoc
Parity Cube Pvt. Ltd.,1,1,0,0,0,Business Operations / Management Analyst,17,Tier D (Low Relevance / Boutique),P3 - Ad-Hoc
ITW Universe,1,1,0,0,0,Business Operations / Management Analyst,17,Tier D (Low Relevance / Boutique),P3 - Ad-Hoc
Digi Rush Solutions,1,1,0,0,0,Business Operations / Management Analyst,17,Tier D (Low Relevance / Boutique),P3 - Ad-Hoc
Trustmark Consultants Private Limited,1,1,0,0,0,Business Operations / Management Analyst,17,Tier D (Low Relevance / Boutique),P3 - Ad-Hoc
Golden Bird Jewels,1,1,0,0,0,Business Operations / Management Analyst,17,Tier D (Low Relevance / Boutique),P3 - Ad-Hoc
Go Ads India Pvt Ltd,1,1,0,0,0,Business Operations / Management Analyst,17,Tier D (Low Relevance / Boutique),P3 - Ad-Hoc
Galaxi Engineering Technology Services Private Limited,1,1,0,0,0,Business Operations / Management Analyst,17,Tier D (Low Relevance / Boutique),P3 - Ad-Hoc
Taskus,1,1,0,0,0,Business Operations / Management Analyst,17,Tier D (Low Relevance / Boutique),P3 - Ad-Hoc
Autoliv,1,1,0,0,0,Business Operations / Management Analyst,17,Tier D (Low Relevance / Boutique),P3 - Ad-Hoc
"Smartkeen Tech | NetSuite , Workato, Celigo & Boomi Solution Provider",1,1,0,0,0,Business Operations / Management Analyst,17,Tier D (Low Relevance / Boutique),P3 - Ad-Hoc
Gettute,1,1,0,0,0,Business Operations / Management Analyst,17,Tier D (Low Relevance / Boutique),P3 - Ad-Hoc
Galaxy Office Automation Pvt. Ltd.,1,1,0,0,0,Business Operations / Management Analyst,17,Tier D (Low Relevance / Boutique),P3 - Ad-Hoc
Athena Executive Search & Consulting (AESC),1,1,0,0,0,Business Operations / Management Analyst,17,Tier D (Low Relevance / Boutique),P3 - Ad-Hoc
Sourcing Screen,1,1,0,0,0,Business Operations / Management Analyst,17,Tier D (Low Relevance / Boutique),P3 - Ad-Hoc
WESTLINE,1,1,0,0,0,Business Operations / Management Analyst,17,Tier D (Low Relevance / Boutique),P3 - Ad-Hoc
Spastics Society of Karnataka,1,1,0,0,0,Business Operations / Management Analyst,17,Tier D (Low Relevance / Boutique),P3 - Ad-Hoc
Urban Hospitality Solutions,1,1,0,0,0,Business Operations / Management Analyst,17,Tier D (Low Relevance / Boutique),P3 - Ad-Hoc
GarbhaGudi IVF Centre,1,1,0,0,0,Business Operations / Management Analyst,17,Tier D (Low Relevance / Boutique),P3 - Ad-Hoc
Y-Not Design & Mfg.,1,1,0,0,0,Business Operations / Management Analyst,17,Tier D (Low Relevance / Boutique),P3 - Ad-Hoc
Ensemble Health Partners,1,1,0,0,0,Business Operations / Management Analyst,17,Tier D (Low Relevance / Boutique),P3 - Ad-Hoc
Elytespark,1,1,0,0,0,Business Operations / Management Analyst,17,Tier D (Low Relevance / Boutique),P3 - Ad-Hoc
Al Dhafra Fire Equipment and Contracting LLC,1,1,0,0,0,Business Operations / Management Analyst,17,Tier D (Low Relevance / Boutique),P3 - Ad-Hoc
Transvolt Mobility,1,1,0,0,0,Business Operations / Management Analyst,17,Tier D (Low Relevance / Boutique),P3 - Ad-Hoc
Clumsy Designs,1,1,0,0,0,Business Operations / Management Analyst,17,Tier D (Low Relevance / Boutique),P3 - Ad-Hoc
Chubb,1,1,0,0,0,Business Operations / Management Analyst,17,Tier D (Low Relevance / Boutique),P3 - Ad-Hoc
Mobillor,1,1,0,0,0,Business Operations / Management Analyst,17,Tier D (Low Relevance / Boutique),P3 - Ad-Hoc
Consyst,1,1,0,0,0,Business Operations / Management Analyst,17,Tier D (Low Relevance / Boutique),P3 - Ad-Hoc
Kushals Fashion Jewellery,1,1,0,0,0,Business Operations / Management Analyst,17,Tier D (Low Relevance / Boutique),P3 - Ad-Hoc
Magness International pvt Ltd,1,1,0,0,0,Business Operations / Management Analyst,17,Tier D (Low Relevance / Boutique),P3 - Ad-Hoc
Sarabhai Institute of Science and Technology - SIST,1,1,0,0,0,Business Operations / Management Analyst,17,Tier D (Low Relevance / Boutique),P3 - Ad-Hoc
OpenBet,1,1,0,0,0,Business Operations / Management Analyst,17,Tier D (Low Relevance / Boutique),P3 - Ad-Hoc
Emirates International Consultancy,1,1,0,0,0,Business Operations / Management Analyst,17,Tier D (Low Relevance / Boutique),P3 - Ad-Hoc
Inmakes Infotech Pvt Ltd,1,1,0,0,0,Business Operations / Management Analyst,17,Tier D (Low Relevance / Boutique),P3 - Ad-Hoc
Career Ladder Consulting Services,1,1,0,0,0,Business Operations / Management Analyst,17,Tier D (Low Relevance / Boutique),P3 - Ad-Hoc
Eram Motors - Mahindra & Mahindra Dealer,1,1,0,0,0,Business Operations / Management Analyst,17,Tier D (Low Relevance / Boutique),P3 - Ad-Hoc
Tech Vedhu,1,1,0,0,0,Business Operations / Management Analyst,17,Tier D (Low Relevance / Boutique),P3 - Ad-Hoc
Fubeus,1,1,0,0,0,Business Operations / Management Analyst,17,Tier D (Low Relevance / Boutique),P3 - Ad-Hoc
EarlyJobs,1,1,0,0,0,Business Operations / Management Analyst,17,Tier D (Low Relevance / Boutique),P3 - Ad-Hoc
Al Hasawi Industrial Group,1,1,0,0,0,Business Operations / Management Analyst,17,Tier D (Low Relevance / Boutique),P3 - Ad-Hoc
Self Employed hiring,1,1,0,0,0,Business Operations / Management Analyst,17,Tier D (Low Relevance / Boutique),P3 - Ad-Hoc
Omnicom Global Solutions,1,1,0,0,0,Business Operations / Management Analyst,17,Tier D (Low Relevance / Boutique),P3 - Ad-Hoc
ITISH Business Solutions,1,1,0,0,0,Business Operations / Management Analyst,17,Tier D (Low Relevance / Boutique),P3 - Ad-Hoc
Industrial and Commercial Bank of China,1,1,0,0,0,Business Operations / Management Analyst,17,Tier D (Low Relevance / Boutique),P3 - Ad-Hoc
Syntel by Arvind,1,1,0,0,0,Business Operations / Management Analyst,17,Tier D (Low Relevance / Boutique),P3 - Ad-Hoc
Saroj Diagnostic Laboratory,1,1,0,0,0,Business Operations / Management Analyst,17,Tier D (Low Relevance / Boutique),P3 - Ad-Hoc
Portea,1,1,0,0,0,Business Operations / Management Analyst,17,Tier D (Low Relevance / Boutique),P3 - Ad-Hoc
Nimbus BPO Limited,1,1,0,0,0,Business Operations / Management Analyst,17,Tier D (Low Relevance / Boutique),P3 - Ad-Hoc
Zensciences,1,1,0,0,0,Business Operations / Management Analyst,17,Tier D (Low Relevance / Boutique),P3 - Ad-Hoc
Sunlight Sports Group,1,1,0,0,0,Business Operations / Management Analyst,17,Tier D (Low Relevance / Boutique),P3 - Ad-Hoc
Scott International,1,1,0,0,0,Business Operations / Management Analyst,17,Tier D (Low Relevance / Boutique),P3 - Ad-Hoc
Ace Designers Limited,1,1,0,0,0,Business Operations / Management Analyst,17,Tier D (Low Relevance / Boutique),P3 - Ad-Hoc
Astral Limited,1,1,0,0,0,Business Operations / Management Analyst,17,Tier D (Low Relevance / Boutique),P3 - Ad-Hoc
Pourad India Pvt.Ltd.,1,1,0,0,0,Business Operations / Management Analyst,17,Tier D (Low Relevance / Boutique),P3 - Ad-Hoc
Velnora Talent Partners,1,1,0,0,0,Business Operations / Management Analyst,17,Tier D (Low Relevance / Boutique),P3 - Ad-Hoc
PivoTDive,1,1,0,0,0,Business Operations / Management Analyst,17,Tier D (Low Relevance / Boutique),P3 - Ad-Hoc
Freekit Media,1,1,0,0,0,Business Operations / Management Analyst,17,Tier D (Low Relevance / Boutique),P3 - Ad-Hoc
Bigmouth,1,1,0,0,0,Business Operations / Management Analyst,17,Tier D (Low Relevance / Boutique),P3 - Ad-Hoc
Tribera.AI,1,1,0,0,0,Business Operations / Management Analyst,17,Tier D (Low Relevance / Boutique),P3 - Ad-Hoc
Klüber Lubrication,1,1,0,0,0,Business Operations / Management Analyst,17,Tier D (Low Relevance / Boutique),P3 - Ad-Hoc
Hashout Technologies,1,1,0,0,0,Business Operations / Management Analyst,17,Tier D (Low Relevance / Boutique),P3 - Ad-Hoc
Soho Square Solutions,1,1,0,0,0,Business Operations / Management Analyst,17,Tier D (Low Relevance / Boutique),P3 - Ad-Hoc
Self-Directed Development,1,1,0,0,0,Business Operations / Management Analyst,17,Tier D (Low Relevance / Boutique),P3 - Ad-Hoc
Catalyst Brands India,1,1,0,0,0,Business Operations / Management Analyst,17,Tier D (Low Relevance / Boutique),P3 - Ad-Hoc
Sukino Continuum Care,1,1,0,0,0,Business Operations / Management Analyst,17,Tier D (Low Relevance / Boutique),P3 - Ad-Hoc
VerveNest Technologies Pvt Ltd,1,1,0,0,0,Business Operations / Management Analyst,17,Tier D (Low Relevance / Boutique),P3 - Ad-Hoc
Principal Search Global IT Consulting India Pvt Ltd,1,1,0,0,0,Business Operations / Management Analyst,17,Tier D (Low Relevance / Boutique),P3 - Ad-Hoc
viamagus,1,1,0,0,0,Business Operations / Management Analyst,17,Tier D (Low Relevance / Boutique),P3 - Ad-Hoc
Ezyplacements,1,1,0,0,0,Business Operations / Management Analyst,17,Tier D (Low Relevance / Boutique),P3 - Ad-Hoc
andinolabs (Andino Global Tech Private Limited),1,1,0,0,0,Business Operations / Management Analyst,17,Tier D (Low Relevance / Boutique),P3 - Ad-Hoc
"Q1 Technologies, Inc.",1,1,0,0,0,Business Operations / Management Analyst,17,Tier D (Low Relevance / Boutique),P3 - Ad-Hoc
InspironLabs,1,1,0,0,0,Business Operations / Management Analyst,17,Tier D (Low Relevance / Boutique),P3 - Ad-Hoc
Dautom,1,1,0,0,0,Business Operations / Management Analyst,17,Tier D (Low Relevance / Boutique),P3 - Ad-Hoc
Conviction Hr Pvt Ltd (conviction Global),1,1,0,0,0,Business Operations / Management Analyst,17,Tier D (Low Relevance / Boutique),P3 - Ad-Hoc
Brickwork India,1,1,0,0,0,Business Operations / Management Analyst,17,Tier D (Low Relevance / Boutique),P3 - Ad-Hoc
DPDzero,1,1,0,0,0,Business Operations / Management Analyst,17,Tier D (Low Relevance / Boutique),P3 - Ad-Hoc
10000 Coders,1,1,0,0,0,Business Operations / Management Analyst,17,Tier D (Low Relevance / Boutique),P3 - Ad-Hoc
PlayShifu,1,1,0,0,0,Business Operations / Management Analyst,17,Tier D (Low Relevance / Boutique),P3 - Ad-Hoc
AS-IT-IS Nutrition,1,1,0,0,0,Business Operations / Management Analyst,17,Tier D (Low Relevance / Boutique),P3 - Ad-Hoc
Okta,1,1,0,0,0,Business Operations / Management Analyst,17,Tier D (Low Relevance / Boutique),P3 - Ad-Hoc
Svamitva Group,1,1,0,0,0,Business Operations / Management Analyst,17,Tier D (Low Relevance / Boutique),P3 - Ad-Hoc
Organic Mandya,1,1,0,0,0,Business Operations / Management Analyst,17,Tier D (Low Relevance / Boutique),P3 - Ad-Hoc
Nextvel Consulting LLP,1,1,0,0,0,Business Operations / Management Analyst,17,Tier D (Low Relevance / Boutique),P3 - Ad-Hoc
Multifonds,1,1,0,0,0,Business Operations / Management Analyst,17,Tier D (Low Relevance / Boutique),P3 - Ad-Hoc
Rafi Lifecare Hospital,1,1,0,0,0,Business Operations / Management Analyst,17,Tier D (Low Relevance / Boutique),P3 - Ad-Hoc
Ajinorah Institutions,1,1,0,0,0,Business Operations / Management Analyst,17,Tier D (Low Relevance / Boutique),P3 - Ad-Hoc
DataNimbus,1,1,0,0,0,Business Operations / Management Analyst,17,Tier D (Low Relevance / Boutique),P3 - Ad-Hoc
SAKHA GLOBAL PRIVATE LIMITED,1,1,0,0,0,Business Operations / Management Analyst,17,Tier D (Low Relevance / Boutique),P3 - Ad-Hoc
HireTick,1,1,0,0,0,Business Operations / Management Analyst,17,Tier D (Low Relevance / Boutique),P3 - Ad-Hoc
HireLink Pvt. Ltd.,1,1,0,0,0,Business Operations / Management Analyst,17,Tier D (Low Relevance / Boutique),P3 - Ad-Hoc
Aims Healthcare,1,1,0,0,0,Business Operations / Management Analyst,17,Tier D (Low Relevance / Boutique),P3 - Ad-Hoc
Performance Polymers - Saint-Gobain India,1,1,0,0,0,Business Operations / Management Analyst,17,Tier D (Low Relevance / Boutique),P3 - Ad-Hoc
Wroots Global Private Limited,1,1,0,0,0,Business Operations / Management Analyst,17,Tier D (Low Relevance / Boutique),P3 - Ad-Hoc
Antino,1,1,0,0,0,Business Operations / Management Analyst,17,Tier D (Low Relevance / Boutique),P3 - Ad-Hoc
eazeebox,1,1,0,0,0,Business Operations / Management Analyst,17,Tier D (Low Relevance / Boutique),P3 - Ad-Hoc
Highway Roop Precision Technologies Limited,1,1,0,0,0,Business Operations / Management Analyst,17,Tier D (Low Relevance / Boutique),P3 - Ad-Hoc
Cook N Klean,1,1,0,0,0,Business Operations / Management Analyst,17,Tier D (Low Relevance / Boutique),P3 - Ad-Hoc
"Med Plus, A Unit Of Optival Health Solutions Private Limited",1,1,0,0,0,Business Operations / Management Analyst,17,Tier D (Low Relevance / Boutique),P3 - Ad-Hoc
WeRoute Systems,1,1,0,0,0,Business Operations / Management Analyst,17,Tier D (Low Relevance / Boutique),P3 - Ad-Hoc
Tama Stores,1,1,0,0,0,Business Operations / Management Analyst,17,Tier D (Low Relevance / Boutique),P3 - Ad-Hoc
Future Ready Foundation,1,1,0,0,0,Business Operations / Management Analyst,17,Tier D (Low Relevance / Boutique),P3 - Ad-Hoc
Elite Foods Pvt. Ltd.,1,1,0,0,0,Business Operations / Management Analyst,17,Tier D (Low Relevance / Boutique),P3 - Ad-Hoc
BHILOSA INDUSTRIES PRIVATE LIMITED,1,1,0,0,0,Business Operations / Management Analyst,17,Tier D (Low Relevance / Boutique),P3 - Ad-Hoc
Nikshan Electronics,1,1,0,0,0,Business Operations / Management Analyst,17,Tier D (Low Relevance / Boutique),P3 - Ad-Hoc
Eurofins IT Delivery Center,1,1,0,0,0,Business Operations / Management Analyst,17,Tier D (Low Relevance / Boutique),P3 - Ad-Hoc
ASAJ Solutions,1,1,0,0,0,Business Operations / Management Analyst,17,Tier D (Low Relevance / Boutique),P3 - Ad-Hoc
Success Factor LLC - FZ,1,1,0,0,0,Business Operations / Management Analyst,17,Tier D (Low Relevance / Boutique),P3 - Ad-Hoc
HT Media Ltd,1,1,0,0,0,Business Operations / Management Analyst,17,Tier D (Low Relevance / Boutique),P3 - Ad-Hoc
HiringGo,1,1,0,0,0,Business Operations / Management Analyst,17,Tier D (Low Relevance / Boutique),P3 - Ad-Hoc
Arnold Consulting Private Limited,1,1,0,0,0,Business Operations / Management Analyst,17,Tier D (Low Relevance / Boutique),P3 - Ad-Hoc
Zota Healthcare Limited,1,1,0,0,0,Business Operations / Management Analyst,17,Tier D (Low Relevance / Boutique),P3 - Ad-Hoc
Aerotek,1,1,0,0,0,Business Operations / Management Analyst,17,Tier D (Low Relevance / Boutique),P3 - Ad-Hoc
Vee Healthtek,1,1,0,0,0,Business Operations / Management Analyst,17,Tier D (Low Relevance / Boutique),P3 - Ad-Hoc
ESAF Bank,1,1,0,0,0,Business Operations / Management Analyst,17,Tier D (Low Relevance / Boutique),P3 - Ad-Hoc
Utkal Envirocare,1,1,0,0,0,Business Operations / Management Analyst,17,Tier D (Low Relevance / Boutique),P3 - Ad-Hoc
Tundra Technical Solutions,1,1,0,0,0,Business Operations / Management Analyst,17,Tier D (Low Relevance / Boutique),P3 - Ad-Hoc
Zephyr Capitals,1,1,0,0,0,Business Operations / Management Analyst,17,Tier D (Low Relevance / Boutique),P3 - Ad-Hoc
"City College Jayanagar (CCJ) - PUC, UG & PG College in Bangalore",1,1,0,0,0,Business Operations / Management Analyst,17,Tier D (Low Relevance / Boutique),P3 - Ad-Hoc
Techindo Systems,1,1,0,0,0,Business Operations / Management Analyst,17,Tier D (Low Relevance / Boutique),P3 - Ad-Hoc
Leadgenerator.io,1,1,0,0,0,Business Operations / Management Analyst,17,Tier D (Low Relevance / Boutique),P3 - Ad-Hoc
99Games,1,1,0,0,0,Business Operations / Management Analyst,17,Tier D (Low Relevance / Boutique),P3 - Ad-Hoc
Echidna,1,1,0,0,0,Business Operations / Management Analyst,17,Tier D (Low Relevance / Boutique),P3 - Ad-Hoc
Success Pact,1,1,0,0,0,Business Operations / Management Analyst,17,Tier D (Low Relevance / Boutique),P3 - Ad-Hoc
"JDB Group, Guwahati",1,1,0,0,0,Business Operations / Management Analyst,17,Tier D (Low Relevance / Boutique),P3 - Ad-Hoc
Prudential plc,1,1,0,0,0,Business Operations / Management Analyst,17,Tier D (Low Relevance / Boutique),P3 - Ad-Hoc
Trident Group India,1,1,0,0,0,Business Operations / Management Analyst,17,Tier D (Low Relevance / Boutique),P3 - Ad-Hoc
"Rainbow Group of Companies, India",1,1,0,0,0,Business Operations / Management Analyst,17,Tier D (Low Relevance / Boutique),P3 - Ad-Hoc
Tript,1,1,0,0,0,Business Operations / Management Analyst,17,Tier D (Low Relevance / Boutique),P3 - Ad-Hoc
Keerthi Honda,1,1,0,0,0,Business Operations / Management Analyst,17,Tier D (Low Relevance / Boutique),P3 - Ad-Hoc
Phoenix Forge Pvt Ltd,1,1,0,0,0,Business Operations / Management Analyst,17,Tier D (Low Relevance / Boutique),P3 - Ad-Hoc
BR Goyal Infrastructure Limited,1,1,0,0,0,Business Operations / Management Analyst,17,Tier D (Low Relevance / Boutique),P3 - Ad-Hoc
Whitecaps International School of Pastry,1,1,0,0,0,Business Operations / Management Analyst,17,Tier D (Low Relevance / Boutique),P3 - Ad-Hoc
Mint Capital,1,1,0,0,0,Business Operations / Management Analyst,17,Tier D (Low Relevance / Boutique),P3 - Ad-Hoc
Aether Consulting,1,1,0,0,0,Business Operations / Management Analyst,17,Tier D (Low Relevance / Boutique),P3 - Ad-Hoc
Star Health,1,1,0,0,0,Business Operations / Management Analyst,17,Tier D (Low Relevance / Boutique),P3 - Ad-Hoc
Incluziv,1,1,0,0,0,Business Operations / Management Analyst,17,Tier D (Low Relevance / Boutique),P3 - Ad-Hoc
Foxconn hon hai technology India megha development pvt Ltd,1,1,0,0,0,Business Operations / Management Analyst,17,Tier D (Low Relevance / Boutique),P3 - Ad-Hoc
VYZE INC,1,1,0,0,0,Business Operations / Management Analyst,17,Tier D (Low Relevance / Boutique),P3 - Ad-Hoc
Sellcraft Global Technology Solutions,1,1,0,0,0,Business Operations / Management Analyst,17,Tier D (Low Relevance / Boutique),P3 - Ad-Hoc
"Siox Global, LLC",1,1,0,0,0,Business Operations / Management Analyst,17,Tier D (Low Relevance / Boutique),P3 - Ad-Hoc
Zap India Technologies,1,1,0,0,0,Business Operations / Management Analyst,17,Tier D (Low Relevance / Boutique),P3 - Ad-Hoc
Capace Software Private Limited,1,1,0,0,0,Business Operations / Management Analyst,17,Tier D (Low Relevance / Boutique),P3 - Ad-Hoc
AcceleratorX,1,1,0,0,0,Business Operations / Management Analyst,17,Tier D (Low Relevance / Boutique),P3 - Ad-Hoc
Euphoric Thought Technologies Pvt. Ltd.,1,1,0,0,0,Business Operations / Management Analyst,17,Tier D (Low Relevance / Boutique),P3 - Ad-Hoc
TalentNiti,1,1,0,0,0,Business Operations / Management Analyst,17,Tier D (Low Relevance / Boutique),P3 - Ad-Hoc
KITES SENIOCARE,1,1,0,0,0,Business Operations / Management Analyst,17,Tier D (Low Relevance / Boutique),P3 - Ad-Hoc
Health Insurance Care,1,1,0,0,0,Business Operations / Management Analyst,17,Tier D (Low Relevance / Boutique),P3 - Ad-Hoc
"Boston Institute of Analytics - Manyata Tech Park, Bengaluru Campus",1,1,0,0,0,Business Operations / Management Analyst,17,Tier D (Low Relevance / Boutique),P3 - Ad-Hoc
Aequs Limited,1,1,0,0,0,Business Operations / Management Analyst,17,Tier D (Low Relevance / Boutique),P3 - Ad-Hoc
Amruthaya Central School,1,1,0,0,0,Business Operations / Management Analyst,17,Tier D (Low Relevance / Boutique),P3 - Ad-Hoc
Allegis Group / UK Aerotek,1,1,0,0,0,Business Operations / Management Analyst,17,Tier D (Low Relevance / Boutique),P3 - Ad-Hoc
Upskill Workforce Private Limited,1,1,0,0,0,Business Operations / Management Analyst,17,Tier D (Low Relevance / Boutique),P3 - Ad-Hoc
Primathon,1,1,0,0,0,Business Operations / Management Analyst,17,Tier D (Low Relevance / Boutique),P3 - Ad-Hoc
Sphoorti Machine Tools Pvt Ltd,1,1,0,0,0,Business Operations / Management Analyst,17,Tier D (Low Relevance / Boutique),P3 - Ad-Hoc
SGI ENGINEERS PRIVATE LIMITED,1,1,0,0,0,Business Operations / Management Analyst,17,Tier D (Low Relevance / Boutique),P3 - Ad-Hoc
Selectify,1,1,0,0,0,Business Operations / Management Analyst,17,Tier D (Low Relevance / Boutique),P3 - Ad-Hoc
Vintage Legal,1,1,0,0,0,Business Operations / Management Analyst,17,Tier D (Low Relevance / Boutique),P3 - Ad-Hoc
Ecolution,1,1,0,0,0,Business Operations / Management Analyst,17,Tier D (Low Relevance / Boutique),P3 - Ad-Hoc
SAVIC Inc.,1,1,0,0,0,Business Operations / Management Analyst,17,Tier D (Low Relevance / Boutique),P3 - Ad-Hoc
Hawkins Cookers Limited,1,1,0,0,0,Business Operations / Management Analyst,17,Tier D (Low Relevance / Boutique),P3 - Ad-Hoc
People Equation,1,1,0,0,0,Business Operations / Management Analyst,17,Tier D (Low Relevance / Boutique),P3 - Ad-Hoc
Silq,1,1,0,0,0,Business Operations / Management Analyst,17,Tier D (Low Relevance / Boutique),P3 - Ad-Hoc
Armedu,1,1,0,0,0,Business Operations / Management Analyst,17,Tier D (Low Relevance / Boutique),P3 - Ad-Hoc
Teleperformance,1,1,0,0,0,Business Operations / Management Analyst,17,Tier D (Low Relevance / Boutique),P3 - Ad-Hoc
Haldiram Products Private Limited,1,1,0,0,0,Business Operations / Management Analyst,17,Tier D (Low Relevance / Boutique),P3 - Ad-Hoc
AITG | Bhogale Automotive Private limited (BAPL),1,1,0,0,0,Business Operations / Management Analyst,17,Tier D (Low Relevance / Boutique),P3 - Ad-Hoc
Codemonk,1,1,0,0,0,Business Operations / Management Analyst,17,Tier D (Low Relevance / Boutique),P3 - Ad-Hoc
NovoTree Minds Consulting Private Limited,1,1,0,0,0,Business Operations / Management Analyst,17,Tier D (Low Relevance / Boutique),P3 - Ad-Hoc
Talent Hunt Management,1,1,0,0,0,Business Operations / Management Analyst,17,Tier D (Low Relevance / Boutique),P3 - Ad-Hoc
Cava Athleisure,1,1,0,0,0,Business Operations / Management Analyst,17,Tier D (Low Relevance / Boutique),P3 - Ad-Hoc
Vignesh Services & Solutions,1,1,0,0,0,Business Operations / Management Analyst,17,Tier D (Low Relevance / Boutique),P3 - Ad-Hoc
Sakon,1,1,0,0,0,Business Operations / Management Analyst,17,Tier D (Low Relevance / Boutique),P3 - Ad-Hoc
Al Faris Group,1,1,0,0,0,Business Operations / Management Analyst,17,Tier D (Low Relevance / Boutique),P3 - Ad-Hoc
Avils Infra Private Limited,1,1,0,0,0,Business Operations / Management Analyst,17,Tier D (Low Relevance / Boutique),P3 - Ad-Hoc
Proscout,1,1,0,0,0,Business Operations / Management Analyst,17,Tier D (Low Relevance / Boutique),P3 - Ad-Hoc
Maximus Human Resources Pvt Ltd.,1,1,0,0,0,Business Operations / Management Analyst,17,Tier D (Low Relevance / Boutique),P3 - Ad-Hoc
FornaxTech,1,1,0,0,0,Business Operations / Management Analyst,17,Tier D (Low Relevance / Boutique),P3 - Ad-Hoc
Avodha,1,1,0,0,0,Business Operations / Management Analyst,17,Tier D (Low Relevance / Boutique),P3 - Ad-Hoc
Indianeers Media,1,1,0,0,0,Business Operations / Management Analyst,17,Tier D (Low Relevance / Boutique),P3 - Ad-Hoc
Kasplo,1,1,0,0,0,Business Operations / Management Analyst,17,Tier D (Low Relevance / Boutique),P3 - Ad-Hoc
Unravel,1,1,0,0,0,Business Operations / Management Analyst,17,Tier D (Low Relevance / Boutique),P3 - Ad-Hoc
Amm Brands,1,1,0,0,0,Business Operations / Management Analyst,17,Tier D (Low Relevance / Boutique),P3 - Ad-Hoc
Let’s Set Destinations,1,1,0,0,0,Business Operations / Management Analyst,17,Tier D (Low Relevance / Boutique),P3 - Ad-Hoc
Elite Business Solution,1,1,0,0,0,Business Operations / Management Analyst,17,Tier D (Low Relevance / Boutique),P3 - Ad-Hoc
Lifetime Health,1,1,0,0,0,Business Operations / Management Analyst,17,Tier D (Low Relevance / Boutique),P3 - Ad-Hoc
Mouser Electronics,1,1,0,0,0,Business Operations / Management Analyst,17,Tier D (Low Relevance / Boutique),P3 - Ad-Hoc
Decision Culture,1,1,0,0,0,Business Operations / Management Analyst,17,Tier D (Low Relevance / Boutique),P3 - Ad-Hoc
OTSI - Object Technology Solutions Inc.,1,1,0,0,0,Business Operations / Management Analyst,17,Tier D (Low Relevance / Boutique),P3 - Ad-Hoc
Jobs-in 360,1,1,0,0,0,Business Operations / Management Analyst,17,Tier D (Low Relevance / Boutique),P3 - Ad-Hoc
Home Centre India,1,1,0,0,0,Business Operations / Management Analyst,17,Tier D (Low Relevance / Boutique),P3 - Ad-Hoc
INSPIRE SOLUTIONS,1,1,0,0,0,Business Operations / Management Analyst,17,Tier D (Low Relevance / Boutique),P3 - Ad-Hoc
Actalent,1,1,0,0,0,Business Operations / Management Analyst,17,Tier D (Low Relevance / Boutique),P3 - Ad-Hoc
HOLOGRAD,1,1,0,0,0,Business Operations / Management Analyst,17,Tier D (Low Relevance / Boutique),P3 - Ad-Hoc
Aptita Consulting Partners,1,1,0,0,0,Business Operations / Management Analyst,17,Tier D (Low Relevance / Boutique),P3 - Ad-Hoc
Avillion Farms,1,1,0,0,0,Business Operations / Management Analyst,17,Tier D (Low Relevance / Boutique),P3 - Ad-Hoc
Apar Technologies,1,1,0,0,0,Business Operations / Management Analyst,17,Tier D (Low Relevance / Boutique),P3 - Ad-Hoc
Skywaves Rise,1,1,0,0,0,Business Operations / Management Analyst,17,Tier D (Low Relevance / Boutique),P3 - Ad-Hoc
Anatta,1,1,0,0,0,Business Operations / Management Analyst,17,Tier D (Low Relevance / Boutique),P3 - Ad-Hoc
TalentOne HR Consulting LLP,1,1,0,0,0,Business Operations / Management Analyst,17,Tier D (Low Relevance / Boutique),P3 - Ad-Hoc
VIBHAVA MARKETING CORPORATION,1,1,0,0,0,Business Operations / Management Analyst,17,Tier D (Low Relevance / Boutique),P3 - Ad-Hoc
The Wedding Company,1,1,0,0,0,Business Operations / Management Analyst,17,Tier D (Low Relevance / Boutique),P3 - Ad-Hoc
Propel Consult,1,1,0,0,0,Business Operations / Management Analyst,17,Tier D (Low Relevance / Boutique),P3 - Ad-Hoc
Million Minds Management Services Ltd.,1,1,0,0,0,Business Operations / Management Analyst,17,Tier D (Low Relevance / Boutique),P3 - Ad-Hoc
str8bat,1,1,0,0,0,Business Operations / Management Analyst,17,Tier D (Low Relevance / Boutique),P3 - Ad-Hoc
THARA COFFEE,1,1,0,0,0,Business Operations / Management Analyst,17,Tier D (Low Relevance / Boutique),P3 - Ad-Hoc
H&CO,1,1,0,0,0,Business Operations / Management Analyst,17,Tier D (Low Relevance / Boutique),P3 - Ad-Hoc
LADERA TECHNOLOGY,1,1,0,0,0,Business Operations / Management Analyst,17,Tier D (Low Relevance / Boutique),P3 - Ad-Hoc
Technotask Business Solutions Pvt Ltd,1,1,0,0,0,Business Operations / Management Analyst,17,Tier D (Low Relevance / Boutique),P3 - Ad-Hoc
Smart Grow capital,1,1,0,0,0,Business Operations / Management Analyst,17,Tier D (Low Relevance / Boutique),P3 - Ad-Hoc
Corizo,1,1,0,0,0,Business Operations / Management Analyst,17,Tier D (Low Relevance / Boutique),P3 - Ad-Hoc
TATA Power,1,1,0,0,0,Business Operations / Management Analyst,17,Tier D (Low Relevance / Boutique),P3 - Ad-Hoc
DGS Technical Services Inc.,1,1,0,0,0,Business Operations / Management Analyst,17,Tier D (Low Relevance / Boutique),P3 - Ad-Hoc
Ajmal Real Estate,1,1,0,0,0,Business Operations / Management Analyst,17,Tier D (Low Relevance / Boutique),P3 - Ad-Hoc
SkillOrbit,1,1,0,0,0,Business Operations / Management Analyst,17,Tier D (Low Relevance / Boutique),P3 - Ad-Hoc
Malabar Cements Limited,1,1,0,0,0,Business Operations / Management Analyst,17,Tier D (Low Relevance / Boutique),P3 - Ad-Hoc
Mantri Developers Pvt. Ltd.,1,1,0,0,0,Business Operations / Management Analyst,17,Tier D (Low Relevance / Boutique),P3 - Ad-Hoc
Rentokil PCI,1,1,0,0,0,Business Operations / Management Analyst,17,Tier D (Low Relevance / Boutique),P3 - Ad-Hoc
IQZ DESIGNS PRIVATE LIMITED,1,1,0,0,0,Business Operations / Management Analyst,17,Tier D (Low Relevance / Boutique),P3 - Ad-Hoc
The School of Raya,1,1,0,0,0,Business Operations / Management Analyst,17,Tier D (Low Relevance / Boutique),P3 - Ad-Hoc
Euroschool - India,1,1,0,0,0,Business Operations / Management Analyst,17,Tier D (Low Relevance / Boutique),P3 - Ad-Hoc
PROVAB TECHNOSOFT,1,1,0,0,0,Business Operations / Management Analyst,17,Tier D (Low Relevance / Boutique),P3 - Ad-Hoc
Arvind Limited,1,1,0,0,0,Business Operations / Management Analyst,17,Tier D (Low Relevance / Boutique),P3 - Ad-Hoc
Nexus DMC,1,1,0,0,0,Business Operations / Management Analyst,17,Tier D (Low Relevance / Boutique),P3 - Ad-Hoc
KIBI SPORTS,1,1,0,0,0,Business Operations / Management Analyst,17,Tier D (Low Relevance / Boutique),P3 - Ad-Hoc
Motherhood Women's & Childcare Hospital Pvt. Ltd,1,1,0,0,0,Business Operations / Management Analyst,17,Tier D (Low Relevance / Boutique),P3 - Ad-Hoc
Boston Technology Corporation,1,1,0,0,0,Business Operations / Management Analyst,17,Tier D (Low Relevance / Boutique),P3 - Ad-Hoc
Quirky Media,1,1,0,0,0,Business Operations / Management Analyst,17,Tier D (Low Relevance / Boutique),P3 - Ad-Hoc
TechGrove by Banyan Software,1,1,0,0,0,Business Operations / Management Analyst,17,Tier D (Low Relevance / Boutique),P3 - Ad-Hoc
Prohuman Technology Pvt. Ltd.,1,1,0,0,0,Business Operations / Management Analyst,17,Tier D (Low Relevance / Boutique),P3 - Ad-Hoc
VARUN BEVERAGES LIMITED,1,1,0,0,0,Business Operations / Management Analyst,17,Tier D (Low Relevance / Boutique),P3 - Ad-Hoc
TalentWell Solutions,1,1,0,0,0,Business Operations / Management Analyst,17,Tier D (Low Relevance / Boutique),P3 - Ad-Hoc
"Pyramid Consulting, Inc",1,1,0,0,0,Business Operations / Management Analyst,17,Tier D (Low Relevance / Boutique),P3 - Ad-Hoc
Web Nautical,1,1,0,0,0,Business Operations / Management Analyst,17,Tier D (Low Relevance / Boutique),P3 - Ad-Hoc
HealthPlix,1,1,0,0,0,Business Operations / Management Analyst,17,Tier D (Low Relevance / Boutique),P3 - Ad-Hoc
LuLu Group India,1,1,0,0,0,Business Operations / Management Analyst,17,Tier D (Low Relevance / Boutique),P3 - Ad-Hoc
Kapture CX,1,1,0,0,0,Business Operations / Management Analyst,17,Tier D (Low Relevance / Boutique),P3 - Ad-Hoc
Scope Entertainment,1,1,0,0,0,Business Operations / Management Analyst,17,Tier D (Low Relevance / Boutique),P3 - Ad-Hoc
Technogiants Digisolutions Pvt Ltd,1,1,0,0,0,Business Operations / Management Analyst,17,Tier D (Low Relevance / Boutique),P3 - Ad-Hoc
Acuver Consulting,1,1,0,0,0,Business Operations / Management Analyst,17,Tier D (Low Relevance / Boutique),P3 - Ad-Hoc
Fealty Technologies,1,1,0,0,0,Business Operations / Management Analyst,17,Tier D (Low Relevance / Boutique),P3 - Ad-Hoc
Zyeta,1,1,0,0,0,Business Operations / Management Analyst,17,Tier D (Low Relevance / Boutique),P3 - Ad-Hoc
Qubit Global Services,1,1,0,0,0,Business Operations / Management Analyst,17,Tier D (Low Relevance / Boutique),P3 - Ad-Hoc
Kanmalai Technologies Pvt Ltd,1,1,0,0,0,Business Operations / Management Analyst,17,Tier D (Low Relevance / Boutique),P3 - Ad-Hoc
Nationwide Immigration Services,1,1,0,0,0,Business Operations / Management Analyst,17,Tier D (Low Relevance / Boutique),P3 - Ad-Hoc
"Styldod, Inc",1,1,0,0,0,Business Operations / Management Analyst,17,Tier D (Low Relevance / Boutique),P3 - Ad-Hoc
SUN Mobility,1,1,0,0,0,Business Operations / Management Analyst,17,Tier D (Low Relevance / Boutique),P3 - Ad-Hoc
Svaika Corporate Pvt Ltd,1,1,0,0,0,Business Operations / Management Analyst,17,Tier D (Low Relevance / Boutique),P3 - Ad-Hoc
Planview,1,1,0,0,0,Business Operations / Management Analyst,17,Tier D (Low Relevance / Boutique),P3 - Ad-Hoc
Merrin & Associates,1,1,0,0,0,Business Operations / Management Analyst,17,Tier D (Low Relevance / Boutique),P3 - Ad-Hoc
Opt IT Technologies (I) Pvt. Ltd,1,1,0,0,0,Business Operations / Management Analyst,17,Tier D (Low Relevance / Boutique),P3 - Ad-Hoc
ExaThought,1,1,0,0,0,Business Operations / Management Analyst,17,Tier D (Low Relevance / Boutique),P3 - Ad-Hoc
CSP Tech Solutions,1,1,0,0,0,Business Operations / Management Analyst,17,Tier D (Low Relevance / Boutique),P3 - Ad-Hoc
ACN Healthcare RCM Services Pvt Ltd,1,1,0,0,0,Business Operations / Management Analyst,17,Tier D (Low Relevance / Boutique),P3 - Ad-Hoc
Simplotel,1,1,0,0,0,Business Operations / Management Analyst,17,Tier D (Low Relevance / Boutique),P3 - Ad-Hoc
Jumbotail,1,1,0,0,0,Business Operations / Management Analyst,17,Tier D (Low Relevance / Boutique),P3 - Ad-Hoc
Wishup.co,1,1,0,0,0,Business Operations / Management Analyst,17,Tier D (Low Relevance / Boutique),P3 - Ad-Hoc
Gland Pharma Limited,1,1,0,0,0,Business Operations / Management Analyst,17,Tier D (Low Relevance / Boutique),P3 - Ad-Hoc
Rossell Techsys Limited,1,1,0,0,0,Business Operations / Management Analyst,17,Tier D (Low Relevance / Boutique),P3 - Ad-Hoc
Benchmark Gensuite®,1,1,0,0,0,Business Operations / Management Analyst,17,Tier D (Low Relevance / Boutique),P3 - Ad-Hoc
Trinity Life Sciences,1,1,0,0,0,Business Operations / Management Analyst,17,Tier D (Low Relevance / Boutique),P3 - Ad-Hoc
JRD Systems,1,1,0,0,0,Business Operations / Management Analyst,17,Tier D (Low Relevance / Boutique),P3 - Ad-Hoc
Bigbee Experience Management Pvt Ltd,1,1,0,0,0,Business Operations / Management Analyst,17,Tier D (Low Relevance / Boutique),P3 - Ad-Hoc
Version 1,1,1,0,0,0,Business Operations / Management Analyst,17,Tier D (Low Relevance / Boutique),P3 - Ad-Hoc
ExcelTech Computers,1,1,0,0,0,Business Operations / Management Analyst,17,Tier D (Low Relevance / Boutique),P3 - Ad-Hoc
ISPH Plus General Trading LLC,1,1,0,0,0,Business Operations / Management Analyst,17,Tier D (Low Relevance / Boutique),P3 - Ad-Hoc
PREMO India,1,1,0,0,0,Business Operations / Management Analyst,17,Tier D (Low Relevance / Boutique),P3 - Ad-Hoc
DataZymes,1,1,0,0,0,Business Operations / Management Analyst,17,Tier D (Low Relevance / Boutique),P3 - Ad-Hoc
Aditi Consulting,1,1,0,0,0,Business Operations / Management Analyst,17,Tier D (Low Relevance / Boutique),P3 - Ad-Hoc
Arcteus Media,1,1,0,0,0,Business Operations / Management Analyst,17,Tier D (Low Relevance / Boutique),P3 - Ad-Hoc
Prewel Labs,1,1,0,0,0,Business Operations / Management Analyst,17,Tier D (Low Relevance / Boutique),P3 - Ad-Hoc
iCert Global,1,1,0,0,0,Business Operations / Management Analyst,17,Tier D (Low Relevance / Boutique),P3 - Ad-Hoc
People Realm Recruitment Services Private Limited,1,1,0,0,0,Business Operations / Management Analyst,17,Tier D (Low Relevance / Boutique),P3 - Ad-Hoc
Heleum,1,1,0,0,0,Business Operations / Management Analyst,17,Tier D (Low Relevance / Boutique),P3 - Ad-Hoc
Analytics Society of India,1,1,0,0,0,Business Operations / Management Analyst,17,Tier D (Low Relevance / Boutique),P3 - Ad-Hoc
Vijaya Diagnostic Centre Limited,1,1,0,0,0,Business Operations / Management Analyst,17,Tier D (Low Relevance / Boutique),P3 - Ad-Hoc
Radisson Salem,1,1,0,0,0,Business Operations / Management Analyst,17,Tier D (Low Relevance / Boutique),P3 - Ad-Hoc
Hitachi Vantara,1,1,0,0,0,Business Operations / Management Analyst,17,Tier D (Low Relevance / Boutique),P3 - Ad-Hoc
Dattha Institute,1,1,0,0,0,Business Operations / Management Analyst,17,Tier D (Low Relevance / Boutique),P3 - Ad-Hoc
Krish-V Global Enterprises Pvt. Ltd,1,1,0,0,0,Business Operations / Management Analyst,17,Tier D (Low Relevance / Boutique),P3 - Ad-Hoc
BIZTECHNOSYS,1,1,0,0,0,Business Operations / Management Analyst,17,Tier D (Low Relevance / Boutique),P3 - Ad-Hoc
Wow! Momo,1,1,0,0,0,Business Operations / Management Analyst,17,Tier D (Low Relevance / Boutique),P3 - Ad-Hoc
Courtyard by Marriott Bengaluru Hebbal,1,1,0,0,0,Business Operations / Management Analyst,17,Tier D (Low Relevance / Boutique),P3 - Ad-Hoc
Sarda Metals & Alloys Ltd.,1,1,0,0,0,Business Operations / Management Analyst,17,Tier D (Low Relevance / Boutique),P3 - Ad-Hoc
UniMech Aerospace and Manufacturing Pvt Ltd,1,1,0,0,0,Business Operations / Management Analyst,17,Tier D (Low Relevance / Boutique),P3 - Ad-Hoc
Maderu Engineering Private Limited Bangalore,1,1,0,0,0,Business Operations / Management Analyst,17,Tier D (Low Relevance / Boutique),P3 - Ad-Hoc
Marutee Design & Engineering Pvt. Ltd.,1,1,0,0,0,Business Operations / Management Analyst,17,Tier D (Low Relevance / Boutique),P3 - Ad-Hoc
LetsTransport,1,1,0,0,0,Business Operations / Management Analyst,17,Tier D (Low Relevance / Boutique),P3 - Ad-Hoc
GKD Events,1,1,0,0,0,Business Operations / Management Analyst,17,Tier D (Low Relevance / Boutique),P3 - Ad-Hoc
Skyrise Education,1,1,0,0,0,Business Operations / Management Analyst,17,Tier D (Low Relevance / Boutique),P3 - Ad-Hoc
Cigres Technologies Private Limited,1,1,0,0,0,Business Operations / Management Analyst,17,Tier D (Low Relevance / Boutique),P3 - Ad-Hoc
Altair (Siemens Company),1,1,0,0,0,Business Operations / Management Analyst,17,Tier D (Low Relevance / Boutique),P3 - Ad-Hoc
3K Technologies,1,1,0,0,0,Business Operations / Management Analyst,17,Tier D (Low Relevance / Boutique),P3 - Ad-Hoc
SRV Hospitals,1,1,0,0,0,Business Operations / Management Analyst,17,Tier D (Low Relevance / Boutique),P3 - Ad-Hoc
Global Quest Technologies,1,1,0,0,0,Business Operations / Management Analyst,17,Tier D (Low Relevance / Boutique),P3 - Ad-Hoc
LAYAM FLEXI SOLUTIONS PRIVATE LIMITED,1,1,0,0,0,Business Operations / Management Analyst,17,Tier D (Low Relevance / Boutique),P3 - Ad-Hoc
Spinny,1,1,0,0,0,Business Operations / Management Analyst,17,Tier D (Low Relevance / Boutique),P3 - Ad-Hoc
Squarepoint,1,1,0,0,0,Business Operations / Management Analyst,17,Tier D (Low Relevance / Boutique),P3 - Ad-Hoc
Rashmi Metaliks Limited,1,1,0,0,0,Business Operations / Management Analyst,17,Tier D (Low Relevance / Boutique),P3 - Ad-Hoc
NephroPlus,1,1,0,0,0,Business Operations / Management Analyst,17,Tier D (Low Relevance / Boutique),P3 - Ad-Hoc
Testhouse Ltd,1,1,0,0,0,Business Operations / Management Analyst,17,Tier D (Low Relevance / Boutique),P3 - Ad-Hoc
La Place Sarovar Portico Lucknow,1,1,0,0,0,Business Operations / Management Analyst,17,Tier D (Low Relevance / Boutique),P3 - Ad-Hoc
SKIDATA,1,1,0,0,0,Business Operations / Management Analyst,17,Tier D (Low Relevance / Boutique),P3 - Ad-Hoc
MiniMed,1,1,0,0,0,Business Operations / Management Analyst,17,Tier D (Low Relevance / Boutique),P3 - Ad-Hoc
Pineswift Technologies Pvt Ltd,1,1,0,0,0,Business Operations / Management Analyst,17,Tier D (Low Relevance / Boutique),P3 - Ad-Hoc
Vahan,1,1,0,0,0,Business Operations / Management Analyst,17,Tier D (Low Relevance / Boutique),P3 - Ad-Hoc
Shanti Infosoft LLP - A CMMI Level 5 Company,1,1,0,0,0,Business Operations / Management Analyst,17,Tier D (Low Relevance / Boutique),P3 - Ad-Hoc
Shriram Properties Ltd,1,1,0,0,0,Business Operations / Management Analyst,17,Tier D (Low Relevance / Boutique),P3 - Ad-Hoc
Newmi Care,1,1,0,0,0,Business Operations / Management Analyst,17,Tier D (Low Relevance / Boutique),P3 - Ad-Hoc
FORTYTWO LABS,1,1,0,0,0,Business Operations / Management Analyst,17,Tier D (Low Relevance / Boutique),P3 - Ad-Hoc
The LIT School,1,1,0,0,0,Business Operations / Management Analyst,17,Tier D (Low Relevance / Boutique),P3 - Ad-Hoc
Eduteria,1,1,0,0,0,Business Operations / Management Analyst,17,Tier D (Low Relevance / Boutique),P3 - Ad-Hoc
OfBusiness,1,1,0,0,0,Business Operations / Management Analyst,17,Tier D (Low Relevance / Boutique),P3 - Ad-Hoc
Tekion Corp,1,1,0,0,0,Business Operations / Management Analyst,17,Tier D (Low Relevance / Boutique),P3 - Ad-Hoc
ZettaMine Labs Pvt. Ltd.,1,1,0,0,0,Business Operations / Management Analyst,17,Tier D (Low Relevance / Boutique),P3 - Ad-Hoc
TimeTooth Technologies Pvt. Ltd.,1,1,0,0,0,Business Operations / Management Analyst,17,Tier D (Low Relevance / Boutique),P3 - Ad-Hoc
Mavenzeit,1,1,0,0,0,Business Operations / Management Analyst,17,Tier D (Low Relevance / Boutique),P3 - Ad-Hoc
Total Environment Building Systems Pvt Ltd,1,1,0,0,0,Business Operations / Management Analyst,17,Tier D (Low Relevance / Boutique),P3 - Ad-Hoc
Fyllo,1,1,0,0,0,Business Operations / Management Analyst,17,Tier D (Low Relevance / Boutique),P3 - Ad-Hoc
"Megh Computing, Inc.",1,1,0,0,0,Business Operations / Management Analyst,17,Tier D (Low Relevance / Boutique),P3 - Ad-Hoc
OnFinance AI,1,1,0,0,0,Business Operations / Management Analyst,17,Tier D (Low Relevance / Boutique),P3 - Ad-Hoc
Genz Educatewing.,1,1,0,0,0,Business Operations / Management Analyst,17,Tier D (Low Relevance / Boutique),P3 - Ad-Hoc
Bambrew,1,1,0,0,0,Business Operations / Management Analyst,17,Tier D (Low Relevance / Boutique),P3 - Ad-Hoc
WeDo Marketing,1,1,0,0,0,Business Operations / Management Analyst,17,Tier D (Low Relevance / Boutique),P3 - Ad-Hoc
Metvy,1,1,0,0,0,Business Operations / Management Analyst,17,Tier D (Low Relevance / Boutique),P3 - Ad-Hoc
EDUPHOENIX SOLUTIONS,1,1,0,0,0,Business Operations / Management Analyst,17,Tier D (Low Relevance / Boutique),P3 - Ad-Hoc
Winners win commuinity,1,1,0,0,0,Business Operations / Management Analyst,17,Tier D (Low Relevance / Boutique),P3 - Ad-Hoc
Bask HR Consulting Private Limited,1,1,0,0,0,Business Operations / Management Analyst,17,Tier D (Low Relevance / Boutique),P3 - Ad-Hoc
Flick TV,1,1,0,0,0,Business Operations / Management Analyst,17,Tier D (Low Relevance / Boutique),P3 - Ad-Hoc
HBS - Hiringlabs Business Solutions,1,1,0,0,0,Business Operations / Management Analyst,17,Tier D (Low Relevance / Boutique),P3 - Ad-Hoc
Lucidspire,1,1,0,0,0,Business Operations / Management Analyst,17,Tier D (Low Relevance / Boutique),P3 - Ad-Hoc
BRIGHTPATH TECHNOLOGY & SERVICES PRIVATE LIMITED,1,1,0,0,0,Business Operations / Management Analyst,17,Tier D (Low Relevance / Boutique),P3 - Ad-Hoc
Candescent,1,1,0,0,0,Business Operations / Management Analyst,17,Tier D (Low Relevance / Boutique),P3 - Ad-Hoc
Morae,1,1,0,0,0,Business Operations / Management Analyst,17,Tier D (Low Relevance / Boutique),P3 - Ad-Hoc
Emergent,1,1,0,0,0,Business Operations / Management Analyst,17,Tier D (Low Relevance / Boutique),P3 - Ad-Hoc
IndiShreshtha Private Limited,1,1,0,0,0,Business Operations / Management Analyst,17,Tier D (Low Relevance / Boutique),P3 - Ad-Hoc
SRV International School,1,1,0,0,0,Business Operations / Management Analyst,17,Tier D (Low Relevance / Boutique),P3 - Ad-Hoc
ThoughtSpot,1,1,0,0,0,Business Operations / Management Analyst,17,Tier D (Low Relevance / Boutique),P3 - Ad-Hoc
"Energy, engineering, manufacturing, Edutech,",1,1,0,0,0,Business Operations / Management Analyst,17,Tier D (Low Relevance / Boutique),P3 - Ad-Hoc
V5 Global,1,1,0,0,0,Business Operations / Management Analyst,17,Tier D (Low Relevance / Boutique),P3 - Ad-Hoc
Mind Waves,1,1,0,0,0,Business Operations / Management Analyst,17,Tier D (Low Relevance / Boutique),P3 - Ad-Hoc
Mustard,1,1,0,0,0,Business Operations / Management Analyst,17,Tier D (Low Relevance / Boutique),P3 - Ad-Hoc
Bizinventive,1,1,0,0,0,Business Operations / Management Analyst,17,Tier D (Low Relevance / Boutique),P3 - Ad-Hoc
Delta Electronics India,1,1,0,0,0,Business Operations / Management Analyst,17,Tier D (Low Relevance / Boutique),P3 - Ad-Hoc
THE MENTOR,1,1,0,0,0,Business Operations / Management Analyst,17,Tier D (Low Relevance / Boutique),P3 - Ad-Hoc
AI Academy (Ed-Tech),1,1,0,0,0,Business Operations / Management Analyst,17,Tier D (Low Relevance / Boutique),P3 - Ad-Hoc
Dexian,1,1,0,0,0,Business Operations / Management Analyst,17,Tier D (Low Relevance / Boutique),P3 - Ad-Hoc
Growupp,1,1,0,0,0,Business Operations / Management Analyst,17,Tier D (Low Relevance / Boutique),P3 - Ad-Hoc
Antastic Technologies,1,1,0,0,0,Business Operations / Management Analyst,17,Tier D (Low Relevance / Boutique),P3 - Ad-Hoc
Next Footstep Pvt Ltd.,1,1,0,0,0,Business Operations / Management Analyst,17,Tier D (Low Relevance / Boutique),P3 - Ad-Hoc
ASHTECH INDUSTRIES PRIVATE LIMITED,1,1,0,0,0,Business Operations / Management Analyst,17,Tier D (Low Relevance / Boutique),P3 - Ad-Hoc
istripoint,1,1,0,0,0,Business Operations / Management Analyst,17,Tier D (Low Relevance / Boutique),P3 - Ad-Hoc
PASSION 3D WORLD,1,1,0,0,0,Business Operations / Management Analyst,17,Tier D (Low Relevance / Boutique),P3 - Ad-Hoc
Nagarro,1,1,0,0,0,Business Operations / Management Analyst,17,Tier D (Low Relevance / Boutique),P3 - Ad-Hoc
LEARN CONFIDENT,1,1,0,0,0,Business Operations / Management Analyst,17,Tier D (Low Relevance / Boutique),P3 - Ad-Hoc
Goldfinch Hotel by MRG group,1,1,0,0,0,Business Operations / Management Analyst,17,Tier D (Low Relevance / Boutique),P3 - Ad-Hoc
Hotel Floral Palace,1,1,0,0,0,Business Operations / Management Analyst,17,Tier D (Low Relevance / Boutique),P3 - Ad-Hoc
NewZenAlpha Tech Pvt Ltd,1,1,0,0,0,Business Operations / Management Analyst,17,Tier D (Low Relevance / Boutique),P3 - Ad-Hoc
Paradise Food Court Pvt. Ltd (Paradise Biryani),1,1,0,0,0,Business Operations / Management Analyst,17,Tier D (Low Relevance / Boutique),P3 - Ad-Hoc
Rambus,1,1,0,0,0,Business Operations / Management Analyst,17,Tier D (Low Relevance / Boutique),P3 - Ad-Hoc
The Coca-Cola Company,1,1,0,0,0,Business Operations / Management Analyst,17,Tier D (Low Relevance / Boutique),P3 - Ad-Hoc
KAAPRO,1,1,0,0,0,Business Operations / Management Analyst,17,Tier D (Low Relevance / Boutique),P3 - Ad-Hoc
Infomatics Corp,1,1,0,0,0,Business Operations / Management Analyst,17,Tier D (Low Relevance / Boutique),P3 - Ad-Hoc
Automotive,1,1,0,0,0,Business Operations / Management Analyst,17,Tier D (Low Relevance / Boutique),P3 - Ad-Hoc
Pioneer Business Solutions,1,1,0,0,0,Business Operations / Management Analyst,17,Tier D (Low Relevance / Boutique),P3 - Ad-Hoc
Emirates,1,1,0,0,0,Business Operations / Management Analyst,17,Tier D (Low Relevance / Boutique),P3 - Ad-Hoc
A3T TECHNOLOGIES,1,1,0,0,0,Business Operations / Management Analyst,17,Tier D (Low Relevance / Boutique),P3 - Ad-Hoc
Infinite Computing Systems,1,1,0,0,0,Business Operations / Management Analyst,17,Tier D (Low Relevance / Boutique),P3 - Ad-Hoc
Dietary Business Intelligence (DBI),1,1,0,0,0,Business Operations / Management Analyst,17,Tier D (Low Relevance / Boutique),P3 - Ad-Hoc
Codingal,1,1,0,0,0,Business Operations / Management Analyst,17,Tier D (Low Relevance / Boutique),P3 - Ad-Hoc
Vikas Kochhar & Associates,1,1,0,0,0,Business Operations / Management Analyst,17,Tier D (Low Relevance / Boutique),P3 - Ad-Hoc
BEMCOHYDRAULICS,1,1,0,0,0,Business Operations / Management Analyst,17,Tier D (Low Relevance / Boutique),P3 - Ad-Hoc
NRB Industrial Bearings Limited,1,1,0,0,0,Business Operations / Management Analyst,17,Tier D (Low Relevance / Boutique),P3 - Ad-Hoc
Pepsales AI,1,1,0,0,0,Business Operations / Management Analyst,17,Tier D (Low Relevance / Boutique),P3 - Ad-Hoc
HELPY_MOTO,1,1,0,0,0,Business Operations / Management Analyst,17,Tier D (Low Relevance / Boutique),P3 - Ad-Hoc
Tarang Software Technologies,1,1,0,0,0,Business Operations / Management Analyst,17,Tier D (Low Relevance / Boutique),P3 - Ad-Hoc
OMK SOLUTIONS,1,1,0,0,0,Business Operations / Management Analyst,17,Tier D (Low Relevance / Boutique),P3 - Ad-Hoc
Grahvirasat group,1,1,0,0,0,Business Operations / Management Analyst,17,Tier D (Low Relevance / Boutique),P3 - Ad-Hoc
Divya Pharmacy - Patanjali Group,1,1,0,0,0,Business Operations / Management Analyst,17,Tier D (Low Relevance / Boutique),P3 - Ad-Hoc
Spark Minda,1,1,0,0,0,Business Operations / Management Analyst,17,Tier D (Low Relevance / Boutique),P3 - Ad-Hoc
RiseKraft,1,1,0,0,0,Business Operations / Management Analyst,17,Tier D (Low Relevance / Boutique),P3 - Ad-Hoc
Jinvani Media and Entertainment GmBH,1,1,0,0,0,Business Operations / Management Analyst,17,Tier D (Low Relevance / Boutique),P3 - Ad-Hoc
UBI Services Ltd,1,1,0,0,0,Business Operations / Management Analyst,17,Tier D (Low Relevance / Boutique),P3 - Ad-Hoc
GLOURIOUS BIM SOLUTION,1,1,0,0,0,Business Operations / Management Analyst,17,Tier D (Low Relevance / Boutique),P3 - Ad-Hoc
CCS Global Tech,1,1,0,0,0,Business Operations / Management Analyst,17,Tier D (Low Relevance / Boutique),P3 - Ad-Hoc
XD BUILD,1,1,0,0,0,Business Operations / Management Analyst,17,Tier D (Low Relevance / Boutique),P3 - Ad-Hoc
Nisha Builders Contracting LLC,1,1,0,0,0,Business Operations / Management Analyst,17,Tier D (Low Relevance / Boutique),P3 - Ad-Hoc
Sudhanand Group,1,1,0,0,0,Business Operations / Management Analyst,17,Tier D (Low Relevance / Boutique),P3 - Ad-Hoc
Tech4Biz Solutions Private Limited,1,1,0,0,0,Business Operations / Management Analyst,17,Tier D (Low Relevance / Boutique),P3 - Ad-Hoc
Ciberspring,1,1,0,0,0,Business Operations / Management Analyst,17,Tier D (Low Relevance / Boutique),P3 - Ad-Hoc
"ExcelGens, Inc.",1,1,0,0,0,Business Operations / Management Analyst,17,Tier D (Low Relevance / Boutique),P3 - Ad-Hoc
Settlrs,1,1,0,0,0,Business Operations / Management Analyst,17,Tier D (Low Relevance / Boutique),P3 - Ad-Hoc
7Dxperts,1,1,0,0,0,Business Operations / Management Analyst,17,Tier D (Low Relevance / Boutique),P3 - Ad-Hoc
FINTELLIX,1,1,0,0,0,Business Operations / Management Analyst,17,Tier D (Low Relevance / Boutique),P3 - Ad-Hoc
InfoVision Inc.,1,1,0,0,0,Business Operations / Management Analyst,17,Tier D (Low Relevance / Boutique),P3 - Ad-Hoc
IFB Industries Ltd,1,1,0,0,0,Business Operations / Management Analyst,17,Tier D (Low Relevance / Boutique),P3 - Ad-Hoc
Sattva,1,1,0,0,0,Business Operations / Management Analyst,17,Tier D (Low Relevance / Boutique),P3 - Ad-Hoc
GGS Engineering Services,1,1,0,0,0,Business Operations / Management Analyst,17,Tier D (Low Relevance / Boutique),P3 - Ad-Hoc
Aster Health Academy,1,1,0,0,0,Business Operations / Management Analyst,17,Tier D (Low Relevance / Boutique),P3 - Ad-Hoc
Tablez Food Company Pvt Ltd,1,1,0,0,0,Business Operations / Management Analyst,17,Tier D (Low Relevance / Boutique),P3 - Ad-Hoc
aTom Trains,1,1,0,0,0,Business Operations / Management Analyst,17,Tier D (Low Relevance / Boutique),P3 - Ad-Hoc
TOYOTA TSUSHO INDIA PVT LTD,1,1,0,0,0,Business Operations / Management Analyst,17,Tier D (Low Relevance / Boutique),P3 - Ad-Hoc
OpalForce,1,1,0,0,0,Business Operations / Management Analyst,17,Tier D (Low Relevance / Boutique),P3 - Ad-Hoc
Nisarga Family Homes,1,1,0,0,0,Business Operations / Management Analyst,17,Tier D (Low Relevance / Boutique),P3 - Ad-Hoc
GenNext India Private Limited - Executive Search Company,1,1,0,0,0,Business Operations / Management Analyst,17,Tier D (Low Relevance / Boutique),P3 - Ad-Hoc
Teksands.ai,1,1,0,0,0,Business Operations / Management Analyst,17,Tier D (Low Relevance / Boutique),P3 - Ad-Hoc
Embitel Technologies,1,1,0,0,0,Business Operations / Management Analyst,17,Tier D (Low Relevance / Boutique),P3 - Ad-Hoc
ABF Group of Companies,1,1,0,0,0,Business Operations / Management Analyst,17,Tier D (Low Relevance / Boutique),P3 - Ad-Hoc
SpanIdea Systems,1,1,0,0,0,Business Operations / Management Analyst,17,Tier D (Low Relevance / Boutique),P3 - Ad-Hoc
ZMotion Autonomous Systems Pvt Ltd,1,1,0,0,0,Business Operations / Management Analyst,17,Tier D (Low Relevance / Boutique),P3 - Ad-Hoc
TechTree IT Systems Pvt. Ltd.,1,1,0,0,0,Business Operations / Management Analyst,17,Tier D (Low Relevance / Boutique),P3 - Ad-Hoc
Loco,1,1,0,0,0,Business Operations / Management Analyst,17,Tier D (Low Relevance / Boutique),P3 - Ad-Hoc
Gloify,1,1,0,0,0,Business Operations / Management Analyst,17,Tier D (Low Relevance / Boutique),P3 - Ad-Hoc
DPIIND,1,1,0,0,0,Business Operations / Management Analyst,17,Tier D (Low Relevance / Boutique),P3 - Ad-Hoc
Intertek,1,1,0,0,0,Business Operations / Management Analyst,17,Tier D (Low Relevance / Boutique),P3 - Ad-Hoc
Facilities And Building Solutions Pvt. Ltd,1,1,0,0,0,Business Operations / Management Analyst,17,Tier D (Low Relevance / Boutique),P3 - Ad-Hoc
Immersive Radical Digimedia,1,1,0,0,0,Business Operations / Management Analyst,17,Tier D (Low Relevance / Boutique),P3 - Ad-Hoc
JSM Consulting Inc.,1,1,0,0,0,Business Operations / Management Analyst,17,Tier D (Low Relevance / Boutique),P3 - Ad-Hoc
CARE4SIGN SAFETEC LIMITED ( Certifying Authority),1,1,0,0,0,Business Operations / Management Analyst,17,Tier D (Low Relevance / Boutique),P3 - Ad-Hoc
Dyuti Technologies - India,1,1,0,0,0,Business Operations / Management Analyst,17,Tier D (Low Relevance / Boutique),P3 - Ad-Hoc
Star Union Dai-ichi Life Insurance Company Limited,1,1,0,0,0,Business Operations / Management Analyst,17,Tier D (Low Relevance / Boutique),P3 - Ad-Hoc
Wildcraft India,1,1,0,0,0,Business Operations / Management Analyst,17,Tier D (Low Relevance / Boutique),P3 - Ad-Hoc
Pagoda Projects,1,1,0,0,0,Business Operations / Management Analyst,17,Tier D (Low Relevance / Boutique),P3 - Ad-Hoc
Tata Hitachi Construction Machinery Company Private Limited,1,1,0,0,0,Business Operations / Management Analyst,17,Tier D (Low Relevance / Boutique),P3 - Ad-Hoc
Syngenta,1,1,0,0,0,Business Operations / Management Analyst,17,Tier D (Low Relevance / Boutique),P3 - Ad-Hoc
Racks and Rollers,1,1,0,0,0,Business Operations / Management Analyst,17,Tier D (Low Relevance / Boutique),P3 - Ad-Hoc
Workforce Management Consultancy,1,1,0,0,0,Business Operations / Management Analyst,17,Tier D (Low Relevance / Boutique),P3 - Ad-Hoc
Homesavers,1,1,0,0,0,Business Operations / Management Analyst,17,Tier D (Low Relevance / Boutique),P3 - Ad-Hoc
DaveAI,1,1,0,0,0,Business Operations / Management Analyst,17,Tier D (Low Relevance / Boutique),P3 - Ad-Hoc
SnapX.ai,1,1,0,0,0,Business Operations / Management Analyst,17,Tier D (Low Relevance / Boutique),P3 - Ad-Hoc
MyYogaTeacher,1,1,0,0,0,Business Operations / Management Analyst,17,Tier D (Low Relevance / Boutique),P3 - Ad-Hoc
QuantumStreet AI,1,1,0,0,0,Business Operations / Management Analyst,17,Tier D (Low Relevance / Boutique),P3 - Ad-Hoc
Adit,1,1,0,0,0,Business Operations / Management Analyst,17,Tier D (Low Relevance / Boutique),P3 - Ad-Hoc
Shine Projects,1,1,0,0,0,Business Operations / Management Analyst,17,Tier D (Low Relevance / Boutique),P3 - Ad-Hoc
Amgen,1,1,0,0,0,Business Operations / Management Analyst,17,Tier D (Low Relevance / Boutique),P3 - Ad-Hoc
GSS Pharma Pvt.Ltd,1,1,0,0,0,Business Operations / Management Analyst,17,Tier D (Low Relevance / Boutique),P3 - Ad-Hoc
JOBSINADAY,1,1,0,0,0,Business Operations / Management Analyst,17,Tier D (Low Relevance / Boutique),P3 - Ad-Hoc
Efficio Hub LLP,1,1,0,0,0,Business Operations / Management Analyst,17,Tier D (Low Relevance / Boutique),P3 - Ad-Hoc
Varaha,1,1,0,0,0,Business Operations / Management Analyst,17,Tier D (Low Relevance / Boutique),P3 - Ad-Hoc
Peeko,1,1,0,0,0,Business Operations / Management Analyst,17,Tier D (Low Relevance / Boutique),P3 - Ad-Hoc
Source One Management,1,1,0,0,0,Business Operations / Management Analyst,17,Tier D (Low Relevance / Boutique),P3 - Ad-Hoc
Britts Imperial UC,1,1,0,0,0,Business Operations / Management Analyst,17,Tier D (Low Relevance / Boutique),P3 - Ad-Hoc
Ushur,1,1,0,0,0,Business Operations / Management Analyst,17,Tier D (Low Relevance / Boutique),P3 - Ad-Hoc
Intelizign,1,1,0,0,0,Business Operations / Management Analyst,17,Tier D (Low Relevance / Boutique),P3 - Ad-Hoc
NK Consultants,1,1,0,0,0,Business Operations / Management Analyst,17,Tier D (Low Relevance / Boutique),P3 - Ad-Hoc
SilverCross Medisciences,1,1,0,0,0,Business Operations / Management Analyst,17,Tier D (Low Relevance / Boutique),P3 - Ad-Hoc
IncepBio,1,1,0,0,0,Business Operations / Management Analyst,17,Tier D (Low Relevance / Boutique),P3 - Ad-Hoc
Cyderes,1,1,0,0,0,Business Operations / Management Analyst,17,Tier D (Low Relevance / Boutique),P3 - Ad-Hoc
AGS Health,1,1,0,0,0,Business Operations / Management Analyst,17,Tier D (Low Relevance / Boutique),P3 - Ad-Hoc
Yaskawa India Private Limited,1,1,0,0,0,Business Operations / Management Analyst,17,Tier D (Low Relevance / Boutique),P3 - Ad-Hoc
F5,1,1,0,0,0,Business Operations / Management Analyst,17,Tier D (Low Relevance / Boutique),P3 - Ad-Hoc
Betterbeans Consultants Pvt Ltd,1,1,0,0,0,Business Operations / Management Analyst,17,Tier D (Low Relevance / Boutique),P3 - Ad-Hoc
Nexus Select Trust,1,1,0,0,0,Business Operations / Management Analyst,17,Tier D (Low Relevance / Boutique),P3 - Ad-Hoc
MFIT INTERIOR DECORATION,1,1,0,0,0,Business Operations / Management Analyst,17,Tier D (Low Relevance / Boutique),P3 - Ad-Hoc
Diligent Enterprises,1,1,0,0,0,Business Operations / Management Analyst,17,Tier D (Low Relevance / Boutique),P3 - Ad-Hoc
Siemens Technology and Services Private Limited,1,1,0,0,0,Business Operations / Management Analyst,17,Tier D (Low Relevance / Boutique),P3 - Ad-Hoc
ZAFCO,1,1,0,0,0,Business Operations / Management Analyst,17,Tier D (Low Relevance / Boutique),P3 - Ad-Hoc
TALCHEMIST,1,1,0,0,0,Business Operations / Management Analyst,17,Tier D (Low Relevance / Boutique),P3 - Ad-Hoc
Aptiv,1,1,0,0,0,Business Operations / Management Analyst,17,Tier D (Low Relevance / Boutique),P3 - Ad-Hoc
Wipro Aerospace,1,1,0,0,0,Business Operations / Management Analyst,17,Tier D (Low Relevance / Boutique),P3 - Ad-Hoc
APR Groups- TNI,1,1,0,0,0,Business Operations / Management Analyst,17,Tier D (Low Relevance / Boutique),P3 - Ad-Hoc
NYASSA RETAIL PRIVATE LIMITED,1,1,0,0,0,Business Operations / Management Analyst,17,Tier D (Low Relevance / Boutique),P3 - Ad-Hoc
Experis India,1,1,0,0,0,Business Operations / Management Analyst,17,Tier D (Low Relevance / Boutique),P3 - Ad-Hoc
Realbotz,1,1,0,0,0,Business Operations / Management Analyst,17,Tier D (Low Relevance / Boutique),P3 - Ad-Hoc
Seagate Technology,1,1,0,0,0,Business Operations / Management Analyst,17,Tier D (Low Relevance / Boutique),P3 - Ad-Hoc
HNS RECRUITMENT SOLUTIONS LTD,1,1,0,0,0,Business Operations / Management Analyst,17,Tier D (Low Relevance / Boutique),P3 - Ad-Hoc
Naukrigulf,1,1,0,0,0,Business Operations / Management Analyst,17,Tier D (Low Relevance / Boutique),P3 - Ad-Hoc
CyberTrack Technology Solutions Pvt. Ltd.,1,1,0,0,0,Business Operations / Management Analyst,17,Tier D (Low Relevance / Boutique),P3 - Ad-Hoc
EPS Group,1,1,0,0,0,Business Operations / Management Analyst,17,Tier D (Low Relevance / Boutique),P3 - Ad-Hoc
BigInIT,1,1,0,0,0,Business Operations / Management Analyst,17,Tier D (Low Relevance / Boutique),P3 - Ad-Hoc
Precot,1,1,0,0,0,Business Operations / Management Analyst,17,Tier D (Low Relevance / Boutique),P3 - Ad-Hoc
K2 Learning Resources India Pvt. Ltd.,1,1,0,0,0,Business Operations / Management Analyst,17,Tier D (Low Relevance / Boutique),P3 - Ad-Hoc
HYRE,1,1,0,0,0,Business Operations / Management Analyst,17,Tier D (Low Relevance / Boutique),P3 - Ad-Hoc
Tesco,1,1,0,0,0,Business Operations / Management Analyst,17,Tier D (Low Relevance / Boutique),P3 - Ad-Hoc
Kenn IT Business Solutions,1,1,0,0,0,Business Operations / Management Analyst,17,Tier D (Low Relevance / Boutique),P3 - Ad-Hoc
RK Group,1,1,0,0,0,Business Operations / Management Analyst,17,Tier D (Low Relevance / Boutique),P3 - Ad-Hoc
Rayvector Technologies,1,1,0,0,0,Business Operations / Management Analyst,17,Tier D (Low Relevance / Boutique),P3 - Ad-Hoc
Zibtek - Custom Software Development Company,1,1,0,0,0,Business Operations / Management Analyst,17,Tier D (Low Relevance / Boutique),P3 - Ad-Hoc
Centum Electronics Ltd.,1,1,0,0,0,Business Operations / Management Analyst,17,Tier D (Low Relevance / Boutique),P3 - Ad-Hoc
Milestone Aluminium Pvt Ltd,1,1,0,0,0,Business Operations / Management Analyst,17,Tier D (Low Relevance / Boutique),P3 - Ad-Hoc
Sugam Group,1,1,0,0,0,Business Operations / Management Analyst,17,Tier D (Low Relevance / Boutique),P3 - Ad-Hoc
Axiamatic,1,1,0,0,0,Business Operations / Management Analyst,17,Tier D (Low Relevance / Boutique),P3 - Ad-Hoc
Vibrant Tech Solutions,1,1,0,0,0,Business Operations / Management Analyst,17,Tier D (Low Relevance / Boutique),P3 - Ad-Hoc
Truww,1,1,0,0,0,Business Operations / Management Analyst,17,Tier D (Low Relevance / Boutique),P3 - Ad-Hoc
Eximietas Design,1,1,0,0,0,Business Operations / Management Analyst,17,Tier D (Low Relevance / Boutique),P3 - Ad-Hoc
RAYNS TECHNOLOGIES | IT Solutions,1,1,0,0,0,Business Operations / Management Analyst,17,Tier D (Low Relevance / Boutique),P3 - Ad-Hoc
Hi-Ideals Technologies Private Limited,1,1,0,0,0,Business Operations / Management Analyst,17,Tier D (Low Relevance / Boutique),P3 - Ad-Hoc
nference,1,1,0,0,0,Business Operations / Management Analyst,17,Tier D (Low Relevance / Boutique),P3 - Ad-Hoc
Social collage,1,1,0,0,0,Business Operations / Management Analyst,17,Tier D (Low Relevance / Boutique),P3 - Ad-Hoc
KPS Management Services,1,1,0,0,0,Business Operations / Management Analyst,17,Tier D (Low Relevance / Boutique),P3 - Ad-Hoc
PromptCloud,1,1,0,0,0,Business Operations / Management Analyst,17,Tier D (Low Relevance / Boutique),P3 - Ad-Hoc
Loco Bear,1,1,0,0,0,Business Operations / Management Analyst,17,Tier D (Low Relevance / Boutique),P3 - Ad-Hoc
ZopSmart Technology,1,1,0,0,0,Business Operations / Management Analyst,17,Tier D (Low Relevance / Boutique),P3 - Ad-Hoc
RGBSI,1,1,0,0,0,Business Operations / Management Analyst,17,Tier D (Low Relevance / Boutique),P3 - Ad-Hoc
Wabtec Corporation,1,1,0,0,0,Business Operations / Management Analyst,17,Tier D (Low Relevance / Boutique),P3 - Ad-Hoc
BFree Foods,1,1,0,0,0,Business Operations / Management Analyst,17,Tier D (Low Relevance / Boutique),P3 - Ad-Hoc
Groupe SII,1,1,0,0,0,Business Operations / Management Analyst,17,Tier D (Low Relevance / Boutique),P3 - Ad-Hoc
Vola Finance,1,1,0,0,0,Business Operations / Management Analyst,17,Tier D (Low Relevance / Boutique),P3 - Ad-Hoc
IMCB SOLUTIONS LLP,1,1,0,0,0,Business Operations / Management Analyst,17,Tier D (Low Relevance / Boutique),P3 - Ad-Hoc
American Chase,1,1,0,0,0,Business Operations / Management Analyst,17,Tier D (Low Relevance / Boutique),P3 - Ad-Hoc
LiftOff LLC,1,1,0,0,0,Business Operations / Management Analyst,17,Tier D (Low Relevance / Boutique),P3 - Ad-Hoc
Bitrix Innovations Private Limited,1,1,0,0,0,Business Operations / Management Analyst,17,Tier D (Low Relevance / Boutique),P3 - Ad-Hoc
Xevyte,1,1,0,0,0,Business Operations / Management Analyst,17,Tier D (Low Relevance / Boutique),P3 - Ad-Hoc
Apptware,1,1,0,0,0,Business Operations / Management Analyst,17,Tier D (Low Relevance / Boutique),P3 - Ad-Hoc
NSP,1,1,0,0,0,Business Operations / Management Analyst,17,Tier D (Low Relevance / Boutique),P3 - Ad-Hoc
SACHA,1,1,0,0,0,Business Operations / Management Analyst,17,Tier D (Low Relevance / Boutique),P3 - Ad-Hoc
Blacklisted,1,1,0,0,0,Business Operations / Management Analyst,17,Tier D (Low Relevance / Boutique),P3 - Ad-Hoc
Acme Services,1,1,0,0,0,Business Operations / Management Analyst,17,Tier D (Low Relevance / Boutique),P3 - Ad-Hoc
SkyOnn Technologies,1,1,0,0,0,Business Operations / Management Analyst,17,Tier D (Low Relevance / Boutique),P3 - Ad-Hoc
IBST,1,1,0,0,0,Business Operations / Management Analyst,17,Tier D (Low Relevance / Boutique),P3 - Ad-Hoc
Programming.com,1,1,0,0,0,Business Operations / Management Analyst,17,Tier D (Low Relevance / Boutique),P3 - Ad-Hoc
UiPath,1,1,0,0,0,Business Operations / Management Analyst,17,Tier D (Low Relevance / Boutique),P3 - Ad-Hoc
HungerBox,1,1,0,0,0,Business Operations / Management Analyst,17,Tier D (Low Relevance / Boutique),P3 - Ad-Hoc
PeepalDesign,1,1,0,0,0,Business Operations / Management Analyst,17,Tier D (Low Relevance / Boutique),P3 - Ad-Hoc
CloudXtreme LLC,1,1,0,0,0,Business Operations / Management Analyst,17,Tier D (Low Relevance / Boutique),P3 - Ad-Hoc
Amrera Great Solutions Pvt. Ltd.,1,1,0,0,0,Business Operations / Management Analyst,17,Tier D (Low Relevance / Boutique),P3 - Ad-Hoc
Contract,1,1,0,0,0,Business Operations / Management Analyst,17,Tier D (Low Relevance / Boutique),P3 - Ad-Hoc
Spektra Systems,1,1,0,0,0,Business Operations / Management Analyst,17,Tier D (Low Relevance / Boutique),P3 - Ad-Hoc
Livin Interiors,1,1,0,0,0,Business Operations / Management Analyst,17,Tier D (Low Relevance / Boutique),P3 - Ad-Hoc
Assettrust Services Pvt Ltd,1,1,0,0,0,Business Operations / Management Analyst,17,Tier D (Low Relevance / Boutique),P3 - Ad-Hoc
Henry Harvin Education,1,1,0,0,0,Business Operations / Management Analyst,17,Tier D (Low Relevance / Boutique),P3 - Ad-Hoc
PROPERTYPISTOL.com,1,1,0,0,0,Business Operations / Management Analyst,17,Tier D (Low Relevance / Boutique),P3 - Ad-Hoc
SMC Squared India,1,1,0,0,0,Business Operations / Management Analyst,17,Tier D (Low Relevance / Boutique),P3 - Ad-Hoc
MishiPay,1,1,0,0,0,Business Operations / Management Analyst,17,Tier D (Low Relevance / Boutique),P3 - Ad-Hoc
SolarSquare,1,1,0,0,0,Business Operations / Management Analyst,17,Tier D (Low Relevance / Boutique),P3 - Ad-Hoc
Xceedance,1,1,0,0,0,Business Operations / Management Analyst,17,Tier D (Low Relevance / Boutique),P3 - Ad-Hoc
Igrowmybiz,1,1,0,0,0,Business Operations / Management Analyst,17,Tier D (Low Relevance / Boutique),P3 - Ad-Hoc
Digitide,1,1,0,0,0,Business Operations / Management Analyst,17,Tier D (Low Relevance / Boutique),P3 - Ad-Hoc
SATHI-UP,1,1,0,0,0,Business Operations / Management Analyst,17,Tier D (Low Relevance / Boutique),P3 - Ad-Hoc
Thinkitive Inc.,1,1,0,0,0,Business Operations / Management Analyst,17,Tier D (Low Relevance / Boutique),P3 - Ad-Hoc
Digio.in,1,1,0,0,0,Business Operations / Management Analyst,17,Tier D (Low Relevance / Boutique),P3 - Ad-Hoc
ANAROCK Property Consultants Private Limited,1,1,0,0,0,Business Operations / Management Analyst,17,Tier D (Low Relevance / Boutique),P3 - Ad-Hoc
Suprajit Engineering Ltd.,1,1,0,0,0,Business Operations / Management Analyst,17,Tier D (Low Relevance / Boutique),P3 - Ad-Hoc
Cimmons,1,1,0,0,0,Business Operations / Management Analyst,17,Tier D (Low Relevance / Boutique),P3 - Ad-Hoc
Infoblox,1,1,0,0,0,Business Operations / Management Analyst,17,Tier D (Low Relevance / Boutique),P3 - Ad-Hoc
Hyatt,1,1,0,0,0,Business Operations / Management Analyst,17,Tier D (Low Relevance / Boutique),P3 - Ad-Hoc
Avyaan Management Pvt. Ltd.,1,1,0,0,0,Business Operations / Management Analyst,17,Tier D (Low Relevance / Boutique),P3 - Ad-Hoc
Merino Group,1,1,0,0,0,Business Operations / Management Analyst,17,Tier D (Low Relevance / Boutique),P3 - Ad-Hoc
JASWINDER PAL SINGH,1,1,0,0,0,Business Operations / Management Analyst,17,Tier D (Low Relevance / Boutique),P3 - Ad-Hoc
TAFF Inc,1,1,0,0,0,Business Operations / Management Analyst,17,Tier D (Low Relevance / Boutique),P3 - Ad-Hoc
SuperStuff,1,1,0,0,0,Business Operations / Management Analyst,17,Tier D (Low Relevance / Boutique),P3 - Ad-Hoc
SHREE RAM GROUP,1,1,0,0,0,Business Operations / Management Analyst,17,Tier D (Low Relevance / Boutique),P3 - Ad-Hoc
Finaks Advisory Services Private Limited,1,1,0,0,0,Business Operations / Management Analyst,17,Tier D (Low Relevance / Boutique),P3 - Ad-Hoc
Enlite,1,1,0,0,0,Business Operations / Management Analyst,17,Tier D (Low Relevance / Boutique),P3 - Ad-Hoc
Phase 1 Events and Experiences,1,1,0,0,0,Business Operations / Management Analyst,17,Tier D (Low Relevance / Boutique),P3 - Ad-Hoc
Voice India,1,1,0,0,0,Business Operations / Management Analyst,17,Tier D (Low Relevance / Boutique),P3 - Ad-Hoc
NeoDove Technologies Pvt. Ltd.,1,1,0,0,0,Business Operations / Management Analyst,17,Tier D (Low Relevance / Boutique),P3 - Ad-Hoc
Lucio IT Services,1,1,0,0,0,Business Operations / Management Analyst,17,Tier D (Low Relevance / Boutique),P3 - Ad-Hoc
IDESLABS PRIVATE LIMITED,1,1,0,0,0,Business Operations / Management Analyst,17,Tier D (Low Relevance / Boutique),P3 - Ad-Hoc
ZopSmart,1,1,0,0,0,Business Operations / Management Analyst,17,Tier D (Low Relevance / Boutique),P3 - Ad-Hoc
The Timken Company,1,1,0,0,0,Business Operations / Management Analyst,17,Tier D (Low Relevance / Boutique),P3 - Ad-Hoc
Ecolab,1,1,0,0,0,Business Operations / Management Analyst,17,Tier D (Low Relevance / Boutique),P3 - Ad-Hoc
Deconstruct,1,1,0,0,0,Business Operations / Management Analyst,17,Tier D (Low Relevance / Boutique),P3 - Ad-Hoc
Cosmere Technologies [ BIM | Scan to BIM/CAD | Digitisation | CGI ],1,1,0,0,0,Business Operations / Management Analyst,17,Tier D (Low Relevance / Boutique),P3 - Ad-Hoc
ZS,1,1,0,0,0,Business Operations / Management Analyst,17,Tier D (Low Relevance / Boutique),P3 - Ad-Hoc
GlobalLogic,1,1,0,0,0,Business Operations / Management Analyst,17,Tier D (Low Relevance / Boutique),P3 - Ad-Hoc
"Trintech, India (via of StaffWorQs)",1,1,0,0,0,Business Operations / Management Analyst,17,Tier D (Low Relevance / Boutique),P3 - Ad-Hoc
IntrnForte,1,1,0,0,0,Business Operations / Management Analyst,17,Tier D (Low Relevance / Boutique),P3 - Ad-Hoc
TAO The Automation Office,1,1,0,0,0,Business Operations / Management Analyst,17,Tier D (Low Relevance / Boutique),P3 - Ad-Hoc
PeopleLogic Business Solutions (P) Ltd.,1,1,0,0,0,Business Operations / Management Analyst,17,Tier D (Low Relevance / Boutique),P3 - Ad-Hoc
Arthtattva,1,1,0,0,0,Business Operations / Management Analyst,17,Tier D (Low Relevance / Boutique),P3 - Ad-Hoc
Metalco Extrusions Global LLP,1,1,0,0,0,Business Operations / Management Analyst,17,Tier D (Low Relevance / Boutique),P3 - Ad-Hoc
RPA Infotech India Pvt Ltd.,1,1,0,0,0,Business Operations / Management Analyst,17,Tier D (Low Relevance / Boutique),P3 - Ad-Hoc
SMR INFOFLOW SERVICES PRIVATE LIMITED.,1,1,0,0,0,Business Operations / Management Analyst,17,Tier D (Low Relevance / Boutique),P3 - Ad-Hoc
Tuebora Inc,1,1,0,0,0,Business Operations / Management Analyst,17,Tier D (Low Relevance / Boutique),P3 - Ad-Hoc
Max Healthcare,1,1,0,0,0,Business Operations / Management Analyst,17,Tier D (Low Relevance / Boutique),P3 - Ad-Hoc
ServiceMaster Restore®,1,1,0,0,0,Business Operations / Management Analyst,17,Tier D (Low Relevance / Boutique),P3 - Ad-Hoc
Brainbox Consulting | Digital,1,1,0,0,0,Business Operations / Management Analyst,17,Tier D (Low Relevance / Boutique),P3 - Ad-Hoc
Lumber & Yarn Homes India pvt ltd,1,1,0,0,0,Business Operations / Management Analyst,17,Tier D (Low Relevance / Boutique),P3 - Ad-Hoc
ManpowerGroup India,1,1,0,0,0,Business Operations / Management Analyst,17,Tier D (Low Relevance / Boutique),P3 - Ad-Hoc
Kaden Boriss Global - Legal & Business Strategists,1,1,0,0,0,Business Operations / Management Analyst,17,Tier D (Low Relevance / Boutique),P3 - Ad-Hoc
The Briminc Softech,1,1,0,0,0,Business Operations / Management Analyst,17,Tier D (Low Relevance / Boutique),P3 - Ad-Hoc
Riddhi Siddhi Designs and Services Pvt Ltd.,1,1,0,0,0,Business Operations / Management Analyst,17,Tier D (Low Relevance / Boutique),P3 - Ad-Hoc
Wyreflow Technologies,1,1,0,0,0,Business Operations / Management Analyst,17,Tier D (Low Relevance / Boutique),P3 - Ad-Hoc
Platform9,1,1,0,0,0,Business Operations / Management Analyst,17,Tier D (Low Relevance / Boutique),P3 - Ad-Hoc
Balaji technologies,1,1,0,0,0,Business Operations / Management Analyst,17,Tier D (Low Relevance / Boutique),P3 - Ad-Hoc
Solventum,1,1,0,0,0,Business Operations / Management Analyst,17,Tier D (Low Relevance / Boutique),P3 - Ad-Hoc
To-Let Globe,1,1,0,0,0,Business Operations / Management Analyst,17,Tier D (Low Relevance / Boutique),P3 - Ad-Hoc
JobMantra,1,1,0,0,0,Business Operations / Management Analyst,17,Tier D (Low Relevance / Boutique),P3 - Ad-Hoc
IGM Shipping Private Limited,1,1,0,0,0,Business Operations / Management Analyst,17,Tier D (Low Relevance / Boutique),P3 - Ad-Hoc
Mantras2Success.com,1,1,0,0,0,Business Operations / Management Analyst,17,Tier D (Low Relevance / Boutique),P3 - Ad-Hoc
Bank of Maharashtra,1,1,0,0,0,Business Operations / Management Analyst,17,Tier D (Low Relevance / Boutique),P3 - Ad-Hoc
Axxon HR Solutions,1,1,0,0,0,Business Operations / Management Analyst,17,Tier D (Low Relevance / Boutique),P3 - Ad-Hoc
NetConnectGlobal,1,1,0,0,0,Business Operations / Management Analyst,17,Tier D (Low Relevance / Boutique),P3 - Ad-Hoc
Vaden Consultancy,1,1,0,0,0,Business Operations / Management Analyst,17,Tier D (Low Relevance / Boutique),P3 - Ad-Hoc
Immidart Technologies LLP,1,1,0,0,0,Business Operations / Management Analyst,17,Tier D (Low Relevance / Boutique),P3 - Ad-Hoc
ADQ Services,1,1,0,0,0,Business Operations / Management Analyst,17,Tier D (Low Relevance / Boutique),P3 - Ad-Hoc
Shree Bhawani Consultancy Services Pvt Ltd | SBCSPL,1,1,0,0,0,Business Operations / Management Analyst,17,Tier D (Low Relevance / Boutique),P3 - Ad-Hoc
Apptad,1,1,0,0,0,Business Operations / Management Analyst,17,Tier D (Low Relevance / Boutique),P3 - Ad-Hoc
Advanced MedTech Solutions (AMS),1,1,0,0,0,Business Operations / Management Analyst,17,Tier D (Low Relevance / Boutique),P3 - Ad-Hoc
Gamlaa,1,1,0,0,0,Business Operations / Management Analyst,17,Tier D (Low Relevance / Boutique),P3 - Ad-Hoc
VIP Pipes,1,1,0,0,0,Business Operations / Management Analyst,17,Tier D (Low Relevance / Boutique),P3 - Ad-Hoc
"V-Soft Consulting Group, Inc.",1,1,0,0,0,Business Operations / Management Analyst,17,Tier D (Low Relevance / Boutique),P3 - Ad-Hoc
Radiant Info Solutions Pvt. Ltd.,1,1,0,0,0,Business Operations / Management Analyst,17,Tier D (Low Relevance / Boutique),P3 - Ad-Hoc
VIBGYOR Advisors,1,1,0,0,0,Business Operations / Management Analyst,17,Tier D (Low Relevance / Boutique),P3 - Ad-Hoc
California Technology Solutions,1,1,0,0,0,Business Operations / Management Analyst,17,Tier D (Low Relevance / Boutique),P3 - Ad-Hoc
LIVRIDE & SERVICES LLP,1,1,0,0,0,Business Operations / Management Analyst,17,Tier D (Low Relevance / Boutique),P3 - Ad-Hoc
YourDOST,1,1,0,0,0,Business Operations / Management Analyst,17,Tier D (Low Relevance / Boutique),P3 - Ad-Hoc
Belenus Champion Hospital,1,1,0,0,0,Business Operations / Management Analyst,17,Tier D (Low Relevance / Boutique),P3 - Ad-Hoc
Krayonnz,1,1,0,0,0,Business Operations / Management Analyst,17,Tier D (Low Relevance / Boutique),P3 - Ad-Hoc
STARWORTH GLOBAL SOLUTIONS,1,1,0,0,0,Business Operations / Management Analyst,17,Tier D (Low Relevance / Boutique),P3 - Ad-Hoc
Fidelis Corporate Solutions Private Limited,1,1,0,0,0,Business Operations / Management Analyst,17,Tier D (Low Relevance / Boutique),P3 - Ad-Hoc
techjays,1,1,0,0,0,Business Operations / Management Analyst,17,Tier D (Low Relevance / Boutique),P3 - Ad-Hoc
CME Group,1,1,0,0,0,Business Operations / Management Analyst,17,Tier D (Low Relevance / Boutique),P3 - Ad-Hoc
Curefit,1,1,0,0,0,Business Operations / Management Analyst,17,Tier D (Low Relevance / Boutique),P3 - Ad-Hoc
Employment Express Verband LLP,1,1,0,0,0,Business Operations / Management Analyst,17,Tier D (Low Relevance / Boutique),P3 - Ad-Hoc
Cipla,1,1,0,0,0,Business Operations / Management Analyst,17,Tier D (Low Relevance / Boutique),P3 - Ad-Hoc
DIATOZ: Digital A to Z Solutions,1,1,0,0,0,Business Operations / Management Analyst,17,Tier D (Low Relevance / Boutique),P3 - Ad-Hoc
Simeio,1,1,0,0,0,Business Operations / Management Analyst,17,Tier D (Low Relevance / Boutique),P3 - Ad-Hoc
Aspire Tech-IT solution,1,1,0,0,0,Business Operations / Management Analyst,17,Tier D (Low Relevance / Boutique),P3 - Ad-Hoc
CodeSquadz,1,1,0,0,0,Business Operations / Management Analyst,17,Tier D (Low Relevance / Boutique),P3 - Ad-Hoc
Plaker Technology Private Limited,1,1,0,0,0,Business Operations / Management Analyst,17,Tier D (Low Relevance / Boutique),P3 - Ad-Hoc
Optilogix,1,1,0,0,0,Business Operations / Management Analyst,17,Tier D (Low Relevance / Boutique),P3 - Ad-Hoc
Net Ninja Solutions Private Limited,1,1,0,0,0,Business Operations / Management Analyst,17,Tier D (Low Relevance / Boutique),P3 - Ad-Hoc
Sigmoid,1,1,0,0,0,Business Operations / Management Analyst,17,Tier D (Low Relevance / Boutique),P3 - Ad-Hoc
finnoda service,1,1,0,0,0,Business Operations / Management Analyst,17,Tier D (Low Relevance / Boutique),P3 - Ad-Hoc
Veca Consulting Pvt Ltd,1,1,0,0,0,Business Operations / Management Analyst,17,Tier D (Low Relevance / Boutique),P3 - Ad-Hoc
Illumina,1,1,0,0,0,Business Operations / Management Analyst,17,Tier D (Low Relevance / Boutique),P3 - Ad-Hoc
360 Technology,1,1,0,0,0,Business Operations / Management Analyst,17,Tier D (Low Relevance / Boutique),P3 - Ad-Hoc
WINGS INFRASTRUCTURE,1,1,0,0,0,Business Operations / Management Analyst,17,Tier D (Low Relevance / Boutique),P3 - Ad-Hoc
ASHNI | Formerly Lumi | Lighting Design Studio | Sustainable Lighting Solutions,1,1,0,0,0,Business Operations / Management Analyst,17,Tier D (Low Relevance / Boutique),P3 - Ad-Hoc
Life Systems Medizintechnik-Service GmbH,1,1,0,0,0,Business Operations / Management Analyst,17,Tier D (Low Relevance / Boutique),P3 - Ad-Hoc
Intel Corporation,1,1,0,0,0,Business Operations / Management Analyst,17,Tier D (Low Relevance / Boutique),P3 - Ad-Hoc
Decode Age®,1,1,0,0,0,Business Operations / Management Analyst,17,Tier D (Low Relevance / Boutique),P3 - Ad-Hoc
SEED Engineering Consultants,1,1,0,0,0,Business Operations / Management Analyst,17,Tier D (Low Relevance / Boutique),P3 - Ad-Hoc
Rimik Technologies,1,1,0,0,0,Business Operations / Management Analyst,17,Tier D (Low Relevance / Boutique),P3 - Ad-Hoc
Arto Precast Concrete,1,1,0,0,0,Business Operations / Management Analyst,17,Tier D (Low Relevance / Boutique),P3 - Ad-Hoc
EdiGlobe,1,1,0,0,0,Business Operations / Management Analyst,17,Tier D (Low Relevance / Boutique),P3 - Ad-Hoc
dmg events,1,1,0,0,0,Business Operations / Management Analyst,17,Tier D (Low Relevance / Boutique),P3 - Ad-Hoc
Flipspaces,1,1,0,0,0,Business Operations / Management Analyst,17,Tier D (Low Relevance / Boutique),P3 - Ad-Hoc
Peoplefy,1,1,0,0,0,Business Operations / Management Analyst,17,Tier D (Low Relevance / Boutique),P3 - Ad-Hoc
MGO (Macias Gini & O'Connell LLP),1,1,0,0,0,Business Operations / Management Analyst,17,Tier D (Low Relevance / Boutique),P3 - Ad-Hoc
The Fresh Press,1,1,0,0,0,Business Operations / Management Analyst,17,Tier D (Low Relevance / Boutique),P3 - Ad-Hoc
DigiMark Agency,1,1,0,0,0,Business Operations / Management Analyst,17,Tier D (Low Relevance / Boutique),P3 - Ad-Hoc
Saksoft,1,1,0,0,0,Business Operations / Management Analyst,17,Tier D (Low Relevance / Boutique),P3 - Ad-Hoc
Nityo Infotech,1,1,0,0,0,Business Operations / Management Analyst,17,Tier D (Low Relevance / Boutique),P3 - Ad-Hoc
SD123 Technology Solution LLP,1,1,0,0,0,Business Operations / Management Analyst,17,Tier D (Low Relevance / Boutique),P3 - Ad-Hoc
Miratech,1,1,0,0,0,Business Operations / Management Analyst,17,Tier D (Low Relevance / Boutique),P3 - Ad-Hoc
SAYYAM INVESTMENTS PRIVATE LIMITED,1,1,0,0,0,Business Operations / Management Analyst,17,Tier D (Low Relevance / Boutique),P3 - Ad-Hoc
Assets grow,1,1,0,0,0,Business Operations / Management Analyst,17,Tier D (Low Relevance / Boutique),P3 - Ad-Hoc
MSI Services Pvt Ltd,1,1,0,0,0,Business Operations / Management Analyst,17,Tier D (Low Relevance / Boutique),P3 - Ad-Hoc
Droggol Infotech Private Limited,1,1,0,0,0,Business Operations / Management Analyst,17,Tier D (Low Relevance / Boutique),P3 - Ad-Hoc
3AgesRealty.com,1,1,0,0,0,Business Operations / Management Analyst,17,Tier D (Low Relevance / Boutique),P3 - Ad-Hoc
JCBL India,1,1,0,0,0,Business Operations / Management Analyst,17,Tier D (Low Relevance / Boutique),P3 - Ad-Hoc
natberh,1,1,0,0,0,Business Operations / Management Analyst,17,Tier D (Low Relevance / Boutique),P3 - Ad-Hoc
TopHire.co,1,1,0,0,0,Business Operations / Management Analyst,17,Tier D (Low Relevance / Boutique),P3 - Ad-Hoc
Selloship,1,1,0,0,0,Business Operations / Management Analyst,17,Tier D (Low Relevance / Boutique),P3 - Ad-Hoc
ICONIQA Hotels & Resorts,1,1,0,0,0,Business Operations / Management Analyst,17,Tier D (Low Relevance / Boutique),P3 - Ad-Hoc
No Broker Technology Pvt Ltd,1,1,0,0,0,Business Operations / Management Analyst,17,Tier D (Low Relevance / Boutique),P3 - Ad-Hoc
Inspira Builders,1,1,0,0,0,Business Operations / Management Analyst,17,Tier D (Low Relevance / Boutique),P3 - Ad-Hoc
Dr. Paws,1,1,0,0,0,Business Operations / Management Analyst,17,Tier D (Low Relevance / Boutique),P3 - Ad-Hoc
HyperThink Systems,1,1,0,0,0,Business Operations / Management Analyst,17,Tier D (Low Relevance / Boutique),P3 - Ad-Hoc
Zypp Electric,1,1,0,0,0,Business Operations / Management Analyst,17,Tier D (Low Relevance / Boutique),P3 - Ad-Hoc
Gainwell Technologies,1,1,0,0,0,Business Operations / Management Analyst,17,Tier D (Low Relevance / Boutique),P3 - Ad-Hoc
Jaquar & Company Private Limited,1,1,0,0,0,Business Operations / Management Analyst,17,Tier D (Low Relevance / Boutique),P3 - Ad-Hoc
Springfield Properties,1,1,0,0,0,Business Operations / Management Analyst,17,Tier D (Low Relevance / Boutique),P3 - Ad-Hoc
MOGG'S Estates,1,1,0,0,0,Business Operations / Management Analyst,17,Tier D (Low Relevance / Boutique),P3 - Ad-Hoc
Showoffff,1,1,0,0,0,Business Operations / Management Analyst,17,Tier D (Low Relevance / Boutique),P3 - Ad-Hoc
Hamilton Housewares (Milton),1,1,0,0,0,Business Operations / Management Analyst,17,Tier D (Low Relevance / Boutique),P3 - Ad-Hoc
Bharat Heavy Electricals Limited,1,1,0,0,0,Business Operations / Management Analyst,17,Tier D (Low Relevance / Boutique),P3 - Ad-Hoc
AvgoVa solutions,1,1,0,0,0,Business Operations / Management Analyst,17,Tier D (Low Relevance / Boutique),P3 - Ad-Hoc
Textron India Private Limited,1,1,0,0,0,Business Operations / Management Analyst,17,Tier D (Low Relevance / Boutique),P3 - Ad-Hoc
JINA ENGINEERS PRIVATE LIMITED,1,1,0,0,0,Business Operations / Management Analyst,17,Tier D (Low Relevance / Boutique),P3 - Ad-Hoc
Wrike,1,1,0,0,0,Business Operations / Management Analyst,17,Tier D (Low Relevance / Boutique),P3 - Ad-Hoc
BDO India,1,1,0,0,0,Business Operations / Management Analyst,17,Tier D (Low Relevance / Boutique),P3 - Ad-Hoc
Allegis Group,1,1,0,0,0,Business Operations / Management Analyst,17,Tier D (Low Relevance / Boutique),P3 - Ad-Hoc
Klaus IT Solutions Pvt Ltd,1,1,0,0,0,Business Operations / Management Analyst,17,Tier D (Low Relevance / Boutique),P3 - Ad-Hoc
"The Oberoi, Bengaluru",1,1,0,0,0,Business Operations / Management Analyst,17,Tier D (Low Relevance / Boutique),P3 - Ad-Hoc
Naprod Life Sciences Pvt. Ltd.,1,1,0,0,0,Business Operations / Management Analyst,17,Tier D (Low Relevance / Boutique),P3 - Ad-Hoc
Andor Tech,1,1,0,0,0,Business Operations / Management Analyst,17,Tier D (Low Relevance / Boutique),P3 - Ad-Hoc
Northvex IT Consulting,1,1,0,0,0,Business Operations / Management Analyst,17,Tier D (Low Relevance / Boutique),P3 - Ad-Hoc
Whatfix,1,1,0,0,0,Business Operations / Management Analyst,17,Tier D (Low Relevance / Boutique),P3 - Ad-Hoc
Ninjacart,1,1,0,0,0,Business Operations / Management Analyst,17,Tier D (Low Relevance / Boutique),P3 - Ad-Hoc
Gokuldas Exports Ltd.,1,1,0,0,0,Business Operations / Management Analyst,17,Tier D (Low Relevance / Boutique),P3 - Ad-Hoc
Parangat Technologies,1,1,0,0,0,Business Operations / Management Analyst,17,Tier D (Low Relevance / Boutique),P3 - Ad-Hoc
Alnakheelat building and house cleaning,1,1,0,0,0,Business Operations / Management Analyst,17,Tier D (Low Relevance / Boutique),P3 - Ad-Hoc
SNITCH,1,1,0,0,0,Business Operations / Management Analyst,17,Tier D (Low Relevance / Boutique),P3 - Ad-Hoc
WareIQ,1,1,0,0,0,Business Operations / Management Analyst,17,Tier D (Low Relevance / Boutique),P3 - Ad-Hoc
Empnéo ICT,1,1,0,0,0,Business Operations / Management Analyst,17,Tier D (Low Relevance / Boutique),P3 - Ad-Hoc
StoreKing,1,1,0,0,0,Business Operations / Management Analyst,17,Tier D (Low Relevance / Boutique),P3 - Ad-Hoc
SHUBHARAMBH PRODUCTIONS (P) LIMITED,1,1,0,0,0,Business Operations / Management Analyst,17,Tier D (Low Relevance / Boutique),P3 - Ad-Hoc
Right Management,1,1,0,0,0,Business Operations / Management Analyst,17,Tier D (Low Relevance / Boutique),P3 - Ad-Hoc
HR Sutra,1,1,0,0,0,Business Operations / Management Analyst,17,Tier D (Low Relevance / Boutique),P3 - Ad-Hoc
Eastencher Software Private Limited,1,1,0,0,0,Business Operations / Management Analyst,17,Tier D (Low Relevance / Boutique),P3 - Ad-Hoc
FranchiseBAZAR & sparkle★minds,1,1,0,0,0,Business Operations / Management Analyst,17,Tier D (Low Relevance / Boutique),P3 - Ad-Hoc
Sheraton Grand Bengaluru Whitefield Hotel & Convention Center,1,1,0,0,0,Business Operations / Management Analyst,17,Tier D (Low Relevance / Boutique),P3 - Ad-Hoc
Avo Automation,1,1,0,0,0,Business Operations / Management Analyst,17,Tier D (Low Relevance / Boutique),P3 - Ad-Hoc
IMC Certifications,1,1,0,0,0,Business Operations / Management Analyst,17,Tier D (Low Relevance / Boutique),P3 - Ad-Hoc
CMAAN TECHNOLOGIES,1,1,0,0,0,Business Operations / Management Analyst,17,Tier D (Low Relevance / Boutique),P3 - Ad-Hoc
Fastenal,1,1,0,0,0,Business Operations / Management Analyst,17,Tier D (Low Relevance / Boutique),P3 - Ad-Hoc
Toyota Industries Engine India Pvt. Ltd.,1,1,0,0,0,Business Operations / Management Analyst,17,Tier D (Low Relevance / Boutique),P3 - Ad-Hoc
Rhydburg,1,1,0,0,0,Business Operations / Management Analyst,17,Tier D (Low Relevance / Boutique),P3 - Ad-Hoc
Happilo,1,1,0,0,0,Business Operations / Management Analyst,17,Tier D (Low Relevance / Boutique),P3 - Ad-Hoc
Finexta Infotech,1,1,0,0,0,Business Operations / Management Analyst,17,Tier D (Low Relevance / Boutique),P3 - Ad-Hoc
ElectricPe,1,1,0,0,0,Business Operations / Management Analyst,17,Tier D (Low Relevance / Boutique),P3 - Ad-Hoc
Recruise India Consulting Pvt Ltd,1,1,0,0,0,Business Operations / Management Analyst,17,Tier D (Low Relevance / Boutique),P3 - Ad-Hoc
6thStreet.com,1,1,0,0,0,Business Operations / Management Analyst,17,Tier D (Low Relevance / Boutique),P3 - Ad-Hoc
HTCL Technologies Pvt Ltd,1,1,0,0,0,Business Operations / Management Analyst,17,Tier D (Low Relevance / Boutique),P3 - Ad-Hoc
Haloocom,1,1,0,0,0,Business Operations / Management Analyst,17,Tier D (Low Relevance / Boutique),P3 - Ad-Hoc
TankhaPay,1,1,0,0,0,Business Operations / Management Analyst,17,Tier D (Low Relevance / Boutique),P3 - Ad-Hoc
Vidhai Technologies Private Limited,1,1,0,0,0,Business Operations / Management Analyst,17,Tier D (Low Relevance / Boutique),P3 - Ad-Hoc
Concentrix Catalyst,1,1,0,0,0,Business Operations / Management Analyst,17,Tier D (Low Relevance / Boutique),P3 - Ad-Hoc
Koskii,1,1,0,0,0,Business Operations / Management Analyst,17,Tier D (Low Relevance / Boutique),P3 - Ad-Hoc
CMR Group of Institutions,1,1,0,0,0,Business Operations / Management Analyst,17,Tier D (Low Relevance / Boutique),P3 - Ad-Hoc
Scale AI,1,1,0,0,0,Business Operations / Management Analyst,17,Tier D (Low Relevance / Boutique),P3 - Ad-Hoc
Juego Studios,1,1,0,0,0,Business Operations / Management Analyst,17,Tier D (Low Relevance / Boutique),P3 - Ad-Hoc
TRUGlobal,1,1,0,0,0,Business Operations / Management Analyst,17,Tier D (Low Relevance / Boutique),P3 - Ad-Hoc
Bhavani Industries,1,1,0,0,0,Business Operations / Management Analyst,17,Tier D (Low Relevance / Boutique),P3 - Ad-Hoc
Palle Technologies,1,1,0,0,0,Business Operations / Management Analyst,17,Tier D (Low Relevance / Boutique),P3 - Ad-Hoc
Ejyle,1,1,0,0,0,Business Operations / Management Analyst,17,Tier D (Low Relevance / Boutique),P3 - Ad-Hoc
A2G Consulting BV (A2G Technologies),1,1,0,0,0,Business Operations / Management Analyst,17,Tier D (Low Relevance / Boutique),P3 - Ad-Hoc
AMK Group,1,1,0,0,0,Business Operations / Management Analyst,17,Tier D (Low Relevance / Boutique),P3 - Ad-Hoc
Spice Route Legal,1,1,0,0,0,Business Operations / Management Analyst,17,Tier D (Low Relevance / Boutique),P3 - Ad-Hoc
Spice Lounge Food Works Ltd,1,1,0,0,0,Business Operations / Management Analyst,17,Tier D (Low Relevance / Boutique),P3 - Ad-Hoc
MWIDM,1,1,0,0,0,Business Operations / Management Analyst,17,Tier D (Low Relevance / Boutique),P3 - Ad-Hoc
Randstad Sourceright,1,1,0,0,0,Business Operations / Management Analyst,17,Tier D (Low Relevance / Boutique),P3 - Ad-Hoc
3Axial steel detailing and services pvt. ltd,1,1,0,0,0,Business Operations / Management Analyst,17,Tier D (Low Relevance / Boutique),P3 - Ad-Hoc
GoDevz,1,1,0,0,0,Business Operations / Management Analyst,17,Tier D (Low Relevance / Boutique),P3 - Ad-Hoc
NetAmbit,1,1,0,0,0,Business Operations / Management Analyst,17,Tier D (Low Relevance / Boutique),P3 - Ad-Hoc
Yulu,1,1,0,0,0,Business Operations / Management Analyst,17,Tier D (Low Relevance / Boutique),P3 - Ad-Hoc
Aster DM Healthcare,1,1,0,0,0,Business Operations / Management Analyst,17,Tier D (Low Relevance / Boutique),P3 - Ad-Hoc
Decos,1,1,0,0,0,Business Operations / Management Analyst,17,Tier D (Low Relevance / Boutique),P3 - Ad-Hoc
Intugine - Logistics through Innovation,1,1,0,0,0,Business Operations / Management Analyst,17,Tier D (Low Relevance / Boutique),P3 - Ad-Hoc
ShellKode,1,1,0,0,0,Business Operations / Management Analyst,17,Tier D (Low Relevance / Boutique),P3 - Ad-Hoc
MARS Exploration Pvt Ltd,1,1,0,0,0,Business Operations / Management Analyst,17,Tier D (Low Relevance / Boutique),P3 - Ad-Hoc
IFORTIS WORLDWIDE™,1,1,0,0,0,Business Operations / Management Analyst,17,Tier D (Low Relevance / Boutique),P3 - Ad-Hoc
Avantor,1,1,0,0,0,Business Operations / Management Analyst,17,Tier D (Low Relevance / Boutique),P3 - Ad-Hoc
Globner Consulting,1,1,0,0,0,Business Operations / Management Analyst,17,Tier D (Low Relevance / Boutique),P3 - Ad-Hoc
Manipal Hospitals (MHEL),1,1,0,0,0,Business Operations / Management Analyst,17,Tier D (Low Relevance / Boutique),P3 - Ad-Hoc
Blitz,1,1,0,0,0,Business Operations / Management Analyst,17,Tier D (Low Relevance / Boutique),P3 - Ad-Hoc
Search Homes India Private Limited,1,1,0,0,0,Business Operations / Management Analyst,17,Tier D (Low Relevance / Boutique),P3 - Ad-Hoc
Jio,1,1,0,0,0,Business Operations / Management Analyst,17,Tier D (Low Relevance / Boutique),P3 - Ad-Hoc
MarketStar,1,1,0,0,0,Business Operations / Management Analyst,17,Tier D (Low Relevance / Boutique),P3 - Ad-Hoc
Atlas Chiropractic & Wellness,1,1,0,0,0,Business Operations / Management Analyst,17,Tier D (Low Relevance / Boutique),P3 - Ad-Hoc
Skillz,1,1,0,0,0,Business Operations / Management Analyst,17,Tier D (Low Relevance / Boutique),P3 - Ad-Hoc
Exultant,1,1,0,0,0,Business Operations / Management Analyst,17,Tier D (Low Relevance / Boutique),P3 - Ad-Hoc
TÜV Rheinland Group,1,1,0,0,0,Business Operations / Management Analyst,17,Tier D (Low Relevance / Boutique),P3 - Ad-Hoc
NAVIS Human Resources,1,1,0,0,0,Business Operations / Management Analyst,17,Tier D (Low Relevance / Boutique),P3 - Ad-Hoc
TeamHome,1,1,0,0,0,Business Operations / Management Analyst,17,Tier D (Low Relevance / Boutique),P3 - Ad-Hoc
PITCS,1,1,0,0,0,Business Operations / Management Analyst,17,Tier D (Low Relevance / Boutique),P3 - Ad-Hoc
BCE Global Tech,1,1,0,0,0,Business Operations / Management Analyst,17,Tier D (Low Relevance / Boutique),P3 - Ad-Hoc
TMRW House of Brands,1,1,0,0,0,Business Operations / Management Analyst,17,Tier D (Low Relevance / Boutique),P3 - Ad-Hoc
Inditex,1,1,0,0,0,Business Operations / Management Analyst,17,Tier D (Low Relevance / Boutique),P3 - Ad-Hoc
IndiaMART InterMESH Limited,1,1,0,0,0,Business Operations / Management Analyst,17,Tier D (Low Relevance / Boutique),P3 - Ad-Hoc
Cambre Ateliers,1,1,0,0,0,Business Operations / Management Analyst,17,Tier D (Low Relevance / Boutique),P3 - Ad-Hoc
VedPrep,1,1,0,0,0,Business Operations / Management Analyst,17,Tier D (Low Relevance / Boutique),P3 - Ad-Hoc
Acroboost Elocity Pvt. Ltd,1,1,0,0,0,Business Operations / Management Analyst,17,Tier D (Low Relevance / Boutique),P3 - Ad-Hoc
ITC Hotels,1,1,0,0,0,Business Operations / Management Analyst,17,Tier D (Low Relevance / Boutique),P3 - Ad-Hoc
Kerry,1,1,0,0,0,Business Operations / Management Analyst,17,Tier D (Low Relevance / Boutique),P3 - Ad-Hoc
Meragi,1,1,0,0,0,Business Operations / Management Analyst,17,Tier D (Low Relevance / Boutique),P3 - Ad-Hoc
Numaligarh Refinery Limited,1,1,0,0,0,Business Operations / Management Analyst,17,Tier D (Low Relevance / Boutique),P3 - Ad-Hoc
NowIntern®,1,1,0,0,0,Business Operations / Management Analyst,17,Tier D (Low Relevance / Boutique),P3 - Ad-Hoc
Narula Infrastructure Pvt. Ltd.-NIPL,1,1,0,0,0,Business Operations / Management Analyst,17,Tier D (Low Relevance / Boutique),P3 - Ad-Hoc
Bangalore International Academy,1,1,0,0,0,Business Operations / Management Analyst,17,Tier D (Low Relevance / Boutique),P3 - Ad-Hoc
ICONMA,1,1,0,0,0,Business Operations / Management Analyst,17,Tier D (Low Relevance / Boutique),P3 - Ad-Hoc
Orion Edutech Pvt Ltd - India,1,1,0,0,0,Business Operations / Management Analyst,17,Tier D (Low Relevance / Boutique),P3 - Ad-Hoc
Cnergee Technologies Private Limited,1,1,0,0,0,Business Operations / Management Analyst,17,Tier D (Low Relevance / Boutique),P3 - Ad-Hoc
Abacus Service Corporation,1,1,0,0,0,Business Operations / Management Analyst,17,Tier D (Low Relevance / Boutique),P3 - Ad-Hoc
Plentra Technologies Pvt Ltd,1,1,0,0,0,Business Operations / Management Analyst,17,Tier D (Low Relevance / Boutique),P3 - Ad-Hoc
Vicinity Centres,1,1,0,0,0,Business Operations / Management Analyst,17,Tier D (Low Relevance / Boutique),P3 - Ad-Hoc
GenX PV,1,1,0,0,0,Business Operations / Management Analyst,17,Tier D (Low Relevance / Boutique),P3 - Ad-Hoc
300Plus Innovative Solutions,1,1,0,0,0,Business Operations / Management Analyst,17,Tier D (Low Relevance / Boutique),P3 - Ad-Hoc
BookLeaf Publishing,1,1,0,0,0,Business Operations / Management Analyst,17,Tier D (Low Relevance / Boutique),P3 - Ad-Hoc
Cholamandalam Investment and Finance Company Limited,1,1,0,0,0,Business Operations / Management Analyst,17,Tier D (Low Relevance / Boutique),P3 - Ad-Hoc
Ayuda Solutions Pvt. Ltd.,1,1,0,0,0,Business Operations / Management Analyst,17,Tier D (Low Relevance / Boutique),P3 - Ad-Hoc
SR INDIA,1,1,0,0,0,Business Operations / Management Analyst,17,Tier D (Low Relevance / Boutique),P3 - Ad-Hoc
Lium Go,1,1,0,0,0,Business Operations / Management Analyst,17,Tier D (Low Relevance / Boutique),P3 - Ad-Hoc
JAIN ADISHWAR HOSIERY WORKS LLP,1,1,0,0,0,Business Operations / Management Analyst,17,Tier D (Low Relevance / Boutique),P3 - Ad-Hoc
DMI Housing Finance,1,1,0,0,0,Business Operations / Management Analyst,17,Tier D (Low Relevance / Boutique),P3 - Ad-Hoc
Employee Hub,1,1,0,0,0,Business Operations / Management Analyst,17,Tier D (Low Relevance / Boutique),P3 - Ad-Hoc
"Mount Carmel College, Bangalore",2,0,0,1,0,Business Operations / Management Analyst,14,Tier D (Low Relevance / Boutique),P3 - Ad-Hoc
Anand Rathi Share and Stock Brokers Ltd,2,0,0,1,0,Business Operations / Management Analyst,14,Tier D (Low Relevance / Boutique),P3 - Ad-Hoc
St Johns Research Institute,2,0,0,1,0,Business Operations / Management Analyst,14,Tier D (Low Relevance / Boutique),P3 - Ad-Hoc
Future Link Consultants,2,0,0,1,0,Business Operations / Management Analyst,14,Tier D (Low Relevance / Boutique),P3 - Ad-Hoc
HDFC Bank Limited,2,0,0,1,0,Business Operations / Management Analyst,14,Tier D (Low Relevance / Boutique),P3 - Ad-Hoc
Angel One,2,0,0,1,0,Business Operations / Management Analyst,14,Tier D (Low Relevance / Boutique),P3 - Ad-Hoc
Artha-Economics,2,0,0,1,0,Business Operations / Management Analyst,14,Tier D (Low Relevance / Boutique),P3 - Ad-Hoc
RoomAdda,2,0,0,1,0,Business Operations / Management Analyst,14,Tier D (Low Relevance / Boutique),P3 - Ad-Hoc
Adani Enterprises Limited,2,0,0,1,0,Business Operations / Management Analyst,14,Tier D (Low Relevance / Boutique),P3 - Ad-Hoc
Mindsprint,2,0,0,1,0,Business Operations / Management Analyst,14,Tier D (Low Relevance / Boutique),P3 - Ad-Hoc
Signature Global,2,0,0,1,0,Business Operations / Management Analyst,14,Tier D (Low Relevance / Boutique),P3 - Ad-Hoc
National Service Scheme,2,0,0,1,0,Business Operations / Management Analyst,14,Tier D (Low Relevance / Boutique),P3 - Ad-Hoc
Rotaract Club Of Christ University,2,0,0,1,0,Business Operations / Management Analyst,14,Tier D (Low Relevance / Boutique),P3 - Ad-Hoc
ICC - International Christite Community,2,0,0,1,0,Business Operations / Management Analyst,14,Tier D (Low Relevance / Boutique),P3 - Ad-Hoc
Goodera,2,0,0,1,0,Business Operations / Management Analyst,14,Tier D (Low Relevance / Boutique),P3 - Ad-Hoc
Finmark.BYC,2,0,0,1,0,Business Operations / Management Analyst,14,Tier D (Low Relevance / Boutique),P3 - Ad-Hoc
Team Snappers,2,0,0,1,0,Business Operations / Management Analyst,14,Tier D (Low Relevance / Boutique),P3 - Ad-Hoc
Ather Energy,2,0,0,1,0,Business Operations / Management Analyst,14,Tier D (Low Relevance / Boutique),P3 - Ad-Hoc
Insight DPS,2,0,0,1,0,Business Operations / Management Analyst,14,Tier D (Low Relevance / Boutique),P3 - Ad-Hoc
Tip Toe Productions,2,0,0,1,0,Business Operations / Management Analyst,14,Tier D (Low Relevance / Boutique),P3 - Ad-Hoc
Magic Bus India Foundation,2,0,0,1,0,Business Operations / Management Analyst,14,Tier D (Low Relevance / Boutique),P3 - Ad-Hoc
Kaapi Machines,2,0,0,1,0,Business Operations / Management Analyst,14,Tier D (Low Relevance / Boutique),P3 - Ad-Hoc
BSR & Co. LLP,2,0,0,1,0,Business Operations / Management Analyst,14,Tier D (Low Relevance / Boutique),P3 - Ad-Hoc
Shopdeck,2,0,0,1,0,Business Operations / Management Analyst,14,Tier D (Low Relevance / Boutique),P3 - Ad-Hoc
A.P. Moller - Maersk,2,0,0,1,0,Business Operations / Management Analyst,14,Tier D (Low Relevance / Boutique),P3 - Ad-Hoc
Home Locator,2,0,0,1,0,Business Operations / Management Analyst,14,Tier D (Low Relevance / Boutique),P3 - Ad-Hoc
Bytescare,2,0,0,1,0,Business Operations / Management Analyst,14,Tier D (Low Relevance / Boutique),P3 - Ad-Hoc
DashLoc - Gen AI Multi-Location Hyperlocal online Presence Platform,2,0,0,1,0,Business Operations / Management Analyst,14,Tier D (Low Relevance / Boutique),P3 - Ad-Hoc
Orkla India,2,0,0,1,0,Business Operations / Management Analyst,14,Tier D (Low Relevance / Boutique),P3 - Ad-Hoc
LUMOS - The Official Research Club of SBM,2,0,0,1,0,Business Operations / Management Analyst,14,Tier D (Low Relevance / Boutique),P3 - Ad-Hoc
Jana Small Finance Bank,2,0,0,1,0,Business Operations / Management Analyst,14,Tier D (Low Relevance / Boutique),P3 - Ad-Hoc
Capgemini Engineering,2,0,0,1,0,Business Operations / Management Analyst,14,Tier D (Low Relevance / Boutique),P3 - Ad-Hoc
Paras Health,2,0,0,1,0,Business Operations / Management Analyst,14,Tier D (Low Relevance / Boutique),P3 - Ad-Hoc
Bark.com,2,0,0,1,0,Business Operations / Management Analyst,14,Tier D (Low Relevance / Boutique),P3 - Ad-Hoc
LaunchED Global,2,0,0,1,0,Business Operations / Management Analyst,14,Tier D (Low Relevance / Boutique),P3 - Ad-Hoc
Cognoscere Christ Yeshwanthpur,2,0,0,1,0,Business Operations / Management Analyst,14,Tier D (Low Relevance / Boutique),P3 - Ad-Hoc
Rapido,2,0,0,1,0,Business Operations / Management Analyst,14,Tier D (Low Relevance / Boutique),P3 - Ad-Hoc
HDB Financial Services Ltd.,2,0,0,1,0,Business Operations / Management Analyst,14,Tier D (Low Relevance / Boutique),P3 - Ad-Hoc
Tenarai,2,0,0,1,0,Business Operations / Management Analyst,14,Tier D (Low Relevance / Boutique),P3 - Ad-Hoc
ArcelorMittal Nippon Steel India,2,0,0,1,0,Business Operations / Management Analyst,14,Tier D (Low Relevance / Boutique),P3 - Ad-Hoc
JLL India,2,0,0,1,0,Business Operations / Management Analyst,14,Tier D (Low Relevance / Boutique),P3 - Ad-Hoc
BNY,2,0,0,1,0,Business Operations / Management Analyst,14,Tier D (Low Relevance / Boutique),P3 - Ad-Hoc
IEEE Information Theory Society Dayananda Sagar University,2,0,0,1,0,Business Operations / Management Analyst,14,Tier D (Low Relevance / Boutique),P3 - Ad-Hoc
upGrad Rekrut,2,0,0,1,0,Business Operations / Management Analyst,14,Tier D (Low Relevance / Boutique),P3 - Ad-Hoc
Apollo Health and Lifestyle Limited,2,0,0,1,0,Business Operations / Management Analyst,14,Tier D (Low Relevance / Boutique),P3 - Ad-Hoc
Viatris,2,0,0,1,0,Business Operations / Management Analyst,14,Tier D (Low Relevance / Boutique),P3 - Ad-Hoc
Infinite Computer Solutions,2,0,0,1,0,Business Operations / Management Analyst,14,Tier D (Low Relevance / Boutique),P3 - Ad-Hoc
Flutch,2,0,0,1,0,Business Operations / Management Analyst,14,Tier D (Low Relevance / Boutique),P3 - Ad-Hoc
Madverse Music,2,0,0,1,0,Business Operations / Management Analyst,14,Tier D (Low Relevance / Boutique),P3 - Ad-Hoc
Other,2,0,0,1,0,Business Operations / Management Analyst,14,Tier D (Low Relevance / Boutique),P3 - Ad-Hoc
Microland Limited,2,0,0,1,0,Business Operations / Management Analyst,14,Tier D (Low Relevance / Boutique),P3 - Ad-Hoc
Sago,2,0,0,1,0,Business Operations / Management Analyst,14,Tier D (Low Relevance / Boutique),P3 - Ad-Hoc
Embibe,2,0,0,1,0,Business Operations / Management Analyst,14,Tier D (Low Relevance / Boutique),P3 - Ad-Hoc
Vignette Windows,2,0,0,1,0,Business Operations / Management Analyst,14,Tier D (Low Relevance / Boutique),P3 - Ad-Hoc
Ericsson,2,0,0,1,0,Business Operations / Management Analyst,14,Tier D (Low Relevance / Boutique),P3 - Ad-Hoc
Kenvue,2,0,0,1,0,Business Operations / Management Analyst,14,Tier D (Low Relevance / Boutique),P3 - Ad-Hoc
One Point One Solutions,2,0,0,1,0,Business Operations / Management Analyst,14,Tier D (Low Relevance / Boutique),P3 - Ad-Hoc
Visionet Systems Inc.,2,0,0,1,0,Business Operations / Management Analyst,14,Tier D (Low Relevance / Boutique),P3 - Ad-Hoc
Marriott International,2,0,0,1,0,Business Operations / Management Analyst,14,Tier D (Low Relevance / Boutique),P3 - Ad-Hoc
JioStar,2,0,0,1,0,Business Operations / Management Analyst,14,Tier D (Low Relevance / Boutique),P3 - Ad-Hoc
Uber,2,0,0,1,0,Business Operations / Management Analyst,14,Tier D (Low Relevance / Boutique),P3 - Ad-Hoc
UNext Learning,2,0,0,1,0,Business Operations / Management Analyst,14,Tier D (Low Relevance / Boutique),P3 - Ad-Hoc
Wolken Software,2,0,0,1,0,Business Operations / Management Analyst,14,Tier D (Low Relevance / Boutique),P3 - Ad-Hoc
DeakinTALENT,1,0,0,1,0,Business Operations / Management Analyst,12,Tier D (Low Relevance / Boutique),P3 - Ad-Hoc
Kukdukoo,1,0,0,1,0,Business Operations / Management Analyst,12,Tier D (Low Relevance / Boutique),P3 - Ad-Hoc
Dr. DY Patil Education & Research Foundation,1,0,0,1,0,Business Operations / Management Analyst,12,Tier D (Low Relevance / Boutique),P3 - Ad-Hoc
North Dakota State University,1,0,0,1,0,Business Operations / Management Analyst,12,Tier D (Low Relevance / Boutique),P3 - Ad-Hoc
Noble Education Group,1,0,0,1,0,Business Operations / Management Analyst,12,Tier D (Low Relevance / Boutique),P3 - Ad-Hoc
The House of Indu,1,0,0,1,0,Business Operations / Management Analyst,12,Tier D (Low Relevance / Boutique),P3 - Ad-Hoc
LUMOS,1,0,0,1,0,Business Operations / Management Analyst,12,Tier D (Low Relevance / Boutique),P3 - Ad-Hoc
Fidelity Immigration,1,0,0,1,0,Business Operations / Management Analyst,12,Tier D (Low Relevance / Boutique),P3 - Ad-Hoc
Grizon Tech,1,0,0,1,0,Business Operations / Management Analyst,12,Tier D (Low Relevance / Boutique),P3 - Ad-Hoc
Indorama Ventures | Global Capability Centre,1,0,0,1,0,Business Operations / Management Analyst,12,Tier D (Low Relevance / Boutique),P3 - Ad-Hoc
Clients Code,1,0,0,1,0,Business Operations / Management Analyst,12,Tier D (Low Relevance / Boutique),P3 - Ad-Hoc
Shiv Manpower Services,1,0,0,1,0,Business Operations / Management Analyst,12,Tier D (Low Relevance / Boutique),P3 - Ad-Hoc
Angel Edunext Pvt Ltd | Student Visa Expert in Ahmedabad,1,0,0,1,0,Business Operations / Management Analyst,12,Tier D (Low Relevance / Boutique),P3 - Ad-Hoc
Aussie Education,1,0,0,1,0,Business Operations / Management Analyst,12,Tier D (Low Relevance / Boutique),P3 - Ad-Hoc
"STUDENTS' CENTRAL COMMITTEE, SVIT-VASAD",1,0,0,1,0,Business Operations / Management Analyst,12,Tier D (Low Relevance / Boutique),P3 - Ad-Hoc
Exes MS Knitwears Official,1,0,0,1,0,Business Operations / Management Analyst,12,Tier D (Low Relevance / Boutique),P3 - Ad-Hoc
PlanCover.com,1,0,0,1,0,Business Operations / Management Analyst,12,Tier D (Low Relevance / Boutique),P3 - Ad-Hoc
Wealthy,1,0,0,1,0,Business Operations / Management Analyst,12,Tier D (Low Relevance / Boutique),P3 - Ad-Hoc
Cosmo Looks,1,0,0,1,0,Business Operations / Management Analyst,12,Tier D (Low Relevance / Boutique),P3 - Ad-Hoc
GDG on Campus NMIMS,1,0,0,1,0,Business Operations / Management Analyst,12,Tier D (Low Relevance / Boutique),P3 - Ad-Hoc
HYUE,1,0,0,1,0,Business Operations / Management Analyst,12,Tier D (Low Relevance / Boutique),P3 - Ad-Hoc
aecc,1,0,0,1,0,Business Operations / Management Analyst,12,Tier D (Low Relevance / Boutique),P3 - Ad-Hoc
TinkerHub MITS,1,0,0,1,0,Business Operations / Management Analyst,12,Tier D (Low Relevance / Boutique),P3 - Ad-Hoc
"Alternative Dispute Resolution Committee, NMIMS Mumbai",1,0,0,1,0,Business Operations / Management Analyst,12,Tier D (Low Relevance / Boutique),P3 - Ad-Hoc
Tetr College of Business,1,0,0,1,0,Business Operations / Management Analyst,12,Tier D (Low Relevance / Boutique),P3 - Ad-Hoc
AI Foundry Club,1,0,0,1,0,Business Operations / Management Analyst,12,Tier D (Low Relevance / Boutique),P3 - Ad-Hoc
ARTIKON - THE ART CLUB OF MSIT,1,0,0,1,0,Business Operations / Management Analyst,12,Tier D (Low Relevance / Boutique),P3 - Ad-Hoc
Kotak Life,1,0,0,1,0,Business Operations / Management Analyst,12,Tier D (Low Relevance / Boutique),P3 - Ad-Hoc
"CSA, christ University",1,0,0,1,0,Business Operations / Management Analyst,12,Tier D (Low Relevance / Boutique),P3 - Ad-Hoc
Hashed Open Finance,1,0,0,1,0,Business Operations / Management Analyst,12,Tier D (Low Relevance / Boutique),P3 - Ad-Hoc
Seher - The Dawn of Empowerment,1,0,0,1,0,Business Operations / Management Analyst,12,Tier D (Low Relevance / Boutique),P3 - Ad-Hoc
SHEIN INDIA,1,0,0,1,0,Business Operations / Management Analyst,12,Tier D (Low Relevance / Boutique),P3 - Ad-Hoc
Prezantim Presentation Strategy,1,0,0,1,0,Business Operations / Management Analyst,12,Tier D (Low Relevance / Boutique),P3 - Ad-Hoc
Crowne Plaza Lucknow by IHG,1,0,0,1,0,Business Operations / Management Analyst,12,Tier D (Low Relevance / Boutique),P3 - Ad-Hoc
Ataraxia E-Sports Club (Christ University),1,0,0,1,0,Business Operations / Management Analyst,12,Tier D (Low Relevance / Boutique),P3 - Ad-Hoc
UPLYFT HR CONSULTANTS (JOIN UPLYFT),1,0,0,1,0,Business Operations / Management Analyst,12,Tier D (Low Relevance / Boutique),P3 - Ad-Hoc
EQUINOCT,1,0,0,1,0,Business Operations / Management Analyst,12,Tier D (Low Relevance / Boutique),P3 - Ad-Hoc
Anand Rathi Group,1,0,0,1,0,Business Operations / Management Analyst,12,Tier D (Low Relevance / Boutique),P3 - Ad-Hoc
AdLantic Media LLC,1,0,0,1,0,Business Operations / Management Analyst,12,Tier D (Low Relevance / Boutique),P3 - Ad-Hoc
Smarsh,1,0,0,1,0,Business Operations / Management Analyst,12,Tier D (Low Relevance / Boutique),P3 - Ad-Hoc
Milann Fertility & Birthing Hospital,1,0,0,1,0,Business Operations / Management Analyst,12,Tier D (Low Relevance / Boutique),P3 - Ad-Hoc
House of Misfits,1,0,0,1,0,Business Operations / Management Analyst,12,Tier D (Low Relevance / Boutique),P3 - Ad-Hoc
Reliance Jio,1,0,0,1,0,Business Operations / Management Analyst,12,Tier D (Low Relevance / Boutique),P3 - Ad-Hoc
Zydus Wellness,1,0,0,1,0,Business Operations / Management Analyst,12,Tier D (Low Relevance / Boutique),P3 - Ad-Hoc
Procter & Gamble,1,0,0,1,0,Business Operations / Management Analyst,12,Tier D (Low Relevance / Boutique),P3 - Ad-Hoc
24 Arc Media LLP,1,0,0,1,0,Business Operations / Management Analyst,12,Tier D (Low Relevance / Boutique),P3 - Ad-Hoc
ASK Property Fund,1,0,0,1,0,Business Operations / Management Analyst,12,Tier D (Low Relevance / Boutique),P3 - Ad-Hoc
Indus International School Bangalore (IISB),1,0,0,1,0,Business Operations / Management Analyst,12,Tier D (Low Relevance / Boutique),P3 - Ad-Hoc
The CEO Magazine Global,1,0,0,1,0,Business Operations / Management Analyst,12,Tier D (Low Relevance / Boutique),P3 - Ad-Hoc
FirstMeridian Global Services Private Limited,1,0,0,1,0,Business Operations / Management Analyst,12,Tier D (Low Relevance / Boutique),P3 - Ad-Hoc
Mastercard Advisors - Data & Analytics,1,0,0,1,0,Business Operations / Management Analyst,12,Tier D (Low Relevance / Boutique),P3 - Ad-Hoc
Ralecon,1,0,0,1,0,Business Operations / Management Analyst,12,Tier D (Low Relevance / Boutique),P3 - Ad-Hoc
VerdeXGlobal,1,0,0,1,0,Business Operations / Management Analyst,12,Tier D (Low Relevance / Boutique),P3 - Ad-Hoc
AdvisoIQ,1,0,0,1,0,Business Operations / Management Analyst,12,Tier D (Low Relevance / Boutique),P3 - Ad-Hoc
PROKNOW TECH,1,0,0,1,0,Business Operations / Management Analyst,12,Tier D (Low Relevance / Boutique),P3 - Ad-Hoc
Diya Academy Of Learning - India,1,0,0,1,0,Business Operations / Management Analyst,12,Tier D (Low Relevance / Boutique),P3 - Ad-Hoc
Frequency.CX,1,0,0,1,0,Business Operations / Management Analyst,12,Tier D (Low Relevance / Boutique),P3 - Ad-Hoc
IMA CHRIST Student Chapter,1,0,0,1,0,Business Operations / Management Analyst,12,Tier D (Low Relevance / Boutique),P3 - Ad-Hoc
OWLED,1,0,0,1,0,Business Operations / Management Analyst,12,Tier D (Low Relevance / Boutique),P3 - Ad-Hoc
Medivis XR,1,0,0,1,0,Business Operations / Management Analyst,12,Tier D (Low Relevance / Boutique),P3 - Ad-Hoc
POLI.design,1,0,0,1,0,Business Operations / Management Analyst,12,Tier D (Low Relevance / Boutique),P3 - Ad-Hoc
Automobili Lamborghini S.p.A.,1,0,0,1,0,Business Operations / Management Analyst,12,Tier D (Low Relevance / Boutique),P3 - Ad-Hoc
Intel,1,0,0,1,0,Business Operations / Management Analyst,12,Tier D (Low Relevance / Boutique),P3 - Ad-Hoc
GravityONE,1,0,0,1,0,Business Operations / Management Analyst,12,Tier D (Low Relevance / Boutique),P3 - Ad-Hoc
Thinkfuel Marketing,1,0,0,1,0,Business Operations / Management Analyst,12,Tier D (Low Relevance / Boutique),P3 - Ad-Hoc
ALPHA INNOVATION,1,0,0,1,0,Business Operations / Management Analyst,12,Tier D (Low Relevance / Boutique),P3 - Ad-Hoc
Rotary International,1,0,0,1,0,Business Operations / Management Analyst,12,Tier D (Low Relevance / Boutique),P3 - Ad-Hoc
AILinc,1,0,0,1,0,Business Operations / Management Analyst,12,Tier D (Low Relevance / Boutique),P3 - Ad-Hoc
HIVADO,1,0,0,1,0,Business Operations / Management Analyst,12,Tier D (Low Relevance / Boutique),P3 - Ad-Hoc
CACOPS(CPA Australia club of professional studies),1,0,0,1,0,Business Operations / Management Analyst,12,Tier D (Low Relevance / Boutique),P3 - Ad-Hoc
BSc@GIPE,1,0,0,1,0,Business Operations / Management Analyst,12,Tier D (Low Relevance / Boutique),P3 - Ad-Hoc
Impacteers,1,0,0,1,0,Business Operations / Management Analyst,12,Tier D (Low Relevance / Boutique),P3 - Ad-Hoc
Abhijna - The Psychology Club,1,0,0,1,0,Business Operations / Management Analyst,12,Tier D (Low Relevance / Boutique),P3 - Ad-Hoc
Anudip Foundation,1,0,0,1,0,Business Operations / Management Analyst,12,Tier D (Low Relevance / Boutique),P3 - Ad-Hoc
Ethinos,1,0,0,1,0,Business Operations / Management Analyst,12,Tier D (Low Relevance / Boutique),P3 - Ad-Hoc
"BASE Educational Services Pvt Ltd., Bangalore",1,0,0,1,0,Business Operations / Management Analyst,12,Tier D (Low Relevance / Boutique),P3 - Ad-Hoc
BizQuant,1,0,0,1,0,Business Operations / Management Analyst,12,Tier D (Low Relevance / Boutique),P3 - Ad-Hoc
"The Research Club | Department of Psychology, CHRIST (Deemed to be University)",1,0,0,1,0,Business Operations / Management Analyst,12,Tier D (Low Relevance / Boutique),P3 - Ad-Hoc
AB InBev,1,0,0,1,0,Business Operations / Management Analyst,12,Tier D (Low Relevance / Boutique),P3 - Ad-Hoc
Etram Dance Academy,1,0,0,1,0,Business Operations / Management Analyst,12,Tier D (Low Relevance / Boutique),P3 - Ad-Hoc
ECODE,1,0,0,1,0,Business Operations / Management Analyst,12,Tier D (Low Relevance / Boutique),P3 - Ad-Hoc
"The Debating Society, BRC",1,0,0,1,0,Business Operations / Management Analyst,12,Tier D (Low Relevance / Boutique),P3 - Ad-Hoc
PlaceCom - Corporate Industry Relations (NMIMS Hyderabad),1,0,0,1,0,Business Operations / Management Analyst,12,Tier D (Low Relevance / Boutique),P3 - Ad-Hoc
Invences Inc.,1,0,0,1,0,Business Operations / Management Analyst,12,Tier D (Low Relevance / Boutique),P3 - Ad-Hoc
CPCG BYC (Centre for Placement and Career Guidance),1,0,0,1,0,Business Operations / Management Analyst,12,Tier D (Low Relevance / Boutique),P3 - Ad-Hoc
IEEE Student Branch SJU,1,0,0,1,0,Business Operations / Management Analyst,12,Tier D (Low Relevance / Boutique),P3 - Ad-Hoc
alsap Technologies FZE LLC,1,0,0,1,0,Business Operations / Management Analyst,12,Tier D (Low Relevance / Boutique),P3 - Ad-Hoc
Adani Group,1,0,0,1,0,Business Operations / Management Analyst,12,Tier D (Low Relevance / Boutique),P3 - Ad-Hoc
Vidur Sparsh - The Touch,1,0,0,1,0,Business Operations / Management Analyst,12,Tier D (Low Relevance / Boutique),P3 - Ad-Hoc
CoreXtend Technologies Private Limited,1,0,0,1,0,Business Operations / Management Analyst,12,Tier D (Low Relevance / Boutique),P3 - Ad-Hoc
Taabi Mobility Limited,1,0,0,1,0,Business Operations / Management Analyst,12,Tier D (Low Relevance / Boutique),P3 - Ad-Hoc
Hoichoi TV,1,0,0,1,0,Business Operations / Management Analyst,12,Tier D (Low Relevance / Boutique),P3 - Ad-Hoc
AI Foundry Club DSU,1,0,0,1,0,Business Operations / Management Analyst,12,Tier D (Low Relevance / Boutique),P3 - Ad-Hoc
Open Heart,1,0,0,1,0,Business Operations / Management Analyst,12,Tier D (Low Relevance / Boutique),P3 - Ad-Hoc
Go Digit,1,0,0,1,0,Business Operations / Management Analyst,12,Tier D (Low Relevance / Boutique),P3 - Ad-Hoc
Global Research and Consulting Group,1,0,0,1,0,Business Operations / Management Analyst,12,Tier D (Low Relevance / Boutique),P3 - Ad-Hoc
AIESEC chandigarh,1,0,0,1,0,Business Operations / Management Analyst,12,Tier D (Low Relevance / Boutique),P3 - Ad-Hoc
"Hands of Hope, Raipur",1,0,0,1,0,Business Operations / Management Analyst,12,Tier D (Low Relevance / Boutique),P3 - Ad-Hoc
AU SMALL FINANCE BANK,1,0,0,1,0,Business Operations / Management Analyst,12,Tier D (Low Relevance / Boutique),P3 - Ad-Hoc
BOROKA BEVERAGES,1,0,0,1,0,Business Operations / Management Analyst,12,Tier D (Low Relevance / Boutique),P3 - Ad-Hoc
Turning sapiens,1,0,0,1,0,Business Operations / Management Analyst,12,Tier D (Low Relevance / Boutique),P3 - Ad-Hoc
Bright Bandage Foundation,1,0,0,1,0,Business Operations / Management Analyst,12,Tier D (Low Relevance / Boutique),P3 - Ad-Hoc
3J Market Research LLP,1,0,0,1,0,Business Operations / Management Analyst,12,Tier D (Low Relevance / Boutique),P3 - Ad-Hoc
department of Computer Science Christ univeristy,1,0,0,1,0,Business Operations / Management Analyst,12,Tier D (Low Relevance / Boutique),P3 - Ad-Hoc
Only Earth,1,0,0,1,0,Business Operations / Management Analyst,12,Tier D (Low Relevance / Boutique),P3 - Ad-Hoc
One Paper Research Analyst,1,0,0,1,0,Business Operations / Management Analyst,12,Tier D (Low Relevance / Boutique),P3 - Ad-Hoc
Plentix media,1,0,0,1,0,Business Operations / Management Analyst,12,Tier D (Low Relevance / Boutique),P3 - Ad-Hoc
Insuright Insurance Broking Pvt Ltd,1,0,0,1,0,Business Operations / Management Analyst,12,Tier D (Low Relevance / Boutique),P3 - Ad-Hoc
Omnicom Media India,1,0,0,1,0,Business Operations / Management Analyst,12,Tier D (Low Relevance / Boutique),P3 - Ad-Hoc
Gender Champions Club- Department of Economics,1,0,0,1,0,Business Operations / Management Analyst,12,Tier D (Low Relevance / Boutique),P3 - Ad-Hoc
DAISE (Design And Innovation For Social Entrepreneurship),1,0,0,1,0,Business Operations / Management Analyst,12,Tier D (Low Relevance / Boutique),P3 - Ad-Hoc
Finovate.BYC,1,0,0,1,0,Business Operations / Management Analyst,12,Tier D (Low Relevance / Boutique),P3 - Ad-Hoc
Mitige Commerce Department Fest,1,0,0,1,0,Business Operations / Management Analyst,12,Tier D (Low Relevance / Boutique),P3 - Ad-Hoc
"Equinomica, newsletter of economics department",1,0,0,1,0,Business Operations / Management Analyst,12,Tier D (Low Relevance / Boutique),P3 - Ad-Hoc
Cornerstone Sport and Entertainment Private Limited,1,0,0,1,0,Business Operations / Management Analyst,12,Tier D (Low Relevance / Boutique),P3 - Ad-Hoc
"MITIGE, Intra-Department Fest",1,0,0,1,0,Business Operations / Management Analyst,12,Tier D (Low Relevance / Boutique),P3 - Ad-Hoc
ISPH MUN Society,1,0,0,1,0,Business Operations / Management Analyst,12,Tier D (Low Relevance / Boutique),P3 - Ad-Hoc
Alaiy,1,0,0,1,0,Business Operations / Management Analyst,12,Tier D (Low Relevance / Boutique),P3 - Ad-Hoc
Refining Skills™,1,0,0,1,0,Business Operations / Management Analyst,12,Tier D (Low Relevance / Boutique),P3 - Ad-Hoc
SimplyFI Softech India Pvt. Ltd.,1,0,0,1,0,Business Operations / Management Analyst,12,Tier D (Low Relevance / Boutique),P3 - Ad-Hoc
Travonex,1,0,0,1,0,Business Operations / Management Analyst,12,Tier D (Low Relevance / Boutique),P3 - Ad-Hoc
Travel Diaries Goa,1,0,0,1,0,Business Operations / Management Analyst,12,Tier D (Low Relevance / Boutique),P3 - Ad-Hoc
Amphin,1,0,0,1,0,Business Operations / Management Analyst,12,Tier D (Low Relevance / Boutique),P3 - Ad-Hoc
Nine Oh Nine,1,0,0,1,0,Business Operations / Management Analyst,12,Tier D (Low Relevance / Boutique),P3 - Ad-Hoc
Wysa,1,0,0,1,0,Business Operations / Management Analyst,12,Tier D (Low Relevance / Boutique),P3 - Ad-Hoc
DSI Finserve,1,0,0,1,0,Business Operations / Management Analyst,12,Tier D (Low Relevance / Boutique),P3 - Ad-Hoc
EC-Council,1,0,0,1,0,Business Operations / Management Analyst,12,Tier D (Low Relevance / Boutique),P3 - Ad-Hoc
NEWBREED SOLUTIONS,1,0,0,1,0,Business Operations / Management Analyst,12,Tier D (Low Relevance / Boutique),P3 - Ad-Hoc
Antaral Jain University - Institutional Social Responsibility,1,0,0,1,0,Business Operations / Management Analyst,12,Tier D (Low Relevance / Boutique),P3 - Ad-Hoc
BRIDGE Academy,1,0,0,1,0,Business Operations / Management Analyst,12,Tier D (Low Relevance / Boutique),P3 - Ad-Hoc
Double Tap,1,0,0,1,0,Business Operations / Management Analyst,12,Tier D (Low Relevance / Boutique),P3 - Ad-Hoc
CareerMaker.ai,1,0,0,1,0,Business Operations / Management Analyst,12,Tier D (Low Relevance / Boutique),P3 - Ad-Hoc
Fynd (Shopsense Retail Technologies Ltd.),1,0,0,1,0,Business Operations / Management Analyst,12,Tier D (Low Relevance / Boutique),P3 - Ad-Hoc
ZingHR,1,0,0,1,0,Business Operations / Management Analyst,12,Tier D (Low Relevance / Boutique),P3 - Ad-Hoc
Everisse AI,1,0,0,1,0,Business Operations / Management Analyst,12,Tier D (Low Relevance / Boutique),P3 - Ad-Hoc
ELAN GROUP,1,0,0,1,0,Business Operations / Management Analyst,12,Tier D (Low Relevance / Boutique),P3 - Ad-Hoc
Shikshagraha,1,0,0,1,0,Business Operations / Management Analyst,12,Tier D (Low Relevance / Boutique),P3 - Ad-Hoc
Viralsetu,1,0,0,1,0,Business Operations / Management Analyst,12,Tier D (Low Relevance / Boutique),P3 - Ad-Hoc
Frootle India Private Limited,1,0,0,1,0,Business Operations / Management Analyst,12,Tier D (Low Relevance / Boutique),P3 - Ad-Hoc
Nord Anglia Education,1,0,0,1,0,Business Operations / Management Analyst,12,Tier D (Low Relevance / Boutique),P3 - Ad-Hoc
Sales Co Asia,1,0,0,1,0,Business Operations / Management Analyst,12,Tier D (Low Relevance / Boutique),P3 - Ad-Hoc
Ambit Private Limited,1,0,0,1,0,Business Operations / Management Analyst,12,Tier D (Low Relevance / Boutique),P3 - Ad-Hoc
Programmers.io,1,0,0,1,0,Business Operations / Management Analyst,12,Tier D (Low Relevance / Boutique),P3 - Ad-Hoc
Viral Fission,1,0,0,1,0,Business Operations / Management Analyst,12,Tier D (Low Relevance / Boutique),P3 - Ad-Hoc
KIIT WORDSMITH,1,0,0,1,0,Business Operations / Management Analyst,12,Tier D (Low Relevance / Boutique),P3 - Ad-Hoc
KALAKAAR EVENTS,1,0,0,1,0,Business Operations / Management Analyst,12,Tier D (Low Relevance / Boutique),P3 - Ad-Hoc
E- INCORP ELITE,1,0,0,1,0,Business Operations / Management Analyst,12,Tier D (Low Relevance / Boutique),P3 - Ad-Hoc
RIGHT SOURCE HR,1,0,0,1,0,Business Operations / Management Analyst,12,Tier D (Low Relevance / Boutique),P3 - Ad-Hoc
CRM.Team Innovation,1,0,0,1,0,Business Operations / Management Analyst,12,Tier D (Low Relevance / Boutique),P3 - Ad-Hoc
AR Marketing Solution,1,0,0,1,0,Business Operations / Management Analyst,12,Tier D (Low Relevance / Boutique),P3 - Ad-Hoc
Insight India,1,0,0,1,0,Business Operations / Management Analyst,12,Tier D (Low Relevance / Boutique),P3 - Ad-Hoc
Unzero Life,1,0,0,1,0,Business Operations / Management Analyst,12,Tier D (Low Relevance / Boutique),P3 - Ad-Hoc
IAM Group of companies,1,0,0,1,0,Business Operations / Management Analyst,12,Tier D (Low Relevance / Boutique),P3 - Ad-Hoc
Balrampur Chini Mills Limited,1,0,0,1,0,Business Operations / Management Analyst,12,Tier D (Low Relevance / Boutique),P3 - Ad-Hoc
Vrata Tech Solutions (VTS),1,0,0,1,0,Business Operations / Management Analyst,12,Tier D (Low Relevance / Boutique),P3 - Ad-Hoc
VIZPAY BUSINESS SOLUTION PRIVATE LIMITED,1,0,0,1,0,Business Operations / Management Analyst,12,Tier D (Low Relevance / Boutique),P3 - Ad-Hoc
Galveston Healthcare Private Limited,1,0,0,1,0,Business Operations / Management Analyst,12,Tier D (Low Relevance / Boutique),P3 - Ad-Hoc
Makoons Play School,1,0,0,1,0,Business Operations / Management Analyst,12,Tier D (Low Relevance / Boutique),P3 - Ad-Hoc
EWA Centre,1,0,0,1,0,Business Operations / Management Analyst,12,Tier D (Low Relevance / Boutique),P3 - Ad-Hoc
Anand Rathi Wealth Limited,1,0,0,1,0,Business Operations / Management Analyst,12,Tier D (Low Relevance / Boutique),P3 - Ad-Hoc
Innovision NIT Rourkela,1,0,0,1,0,Business Operations / Management Analyst,12,Tier D (Low Relevance / Boutique),P3 - Ad-Hoc
PS Group Realty,1,0,0,1,0,Business Operations / Management Analyst,12,Tier D (Low Relevance / Boutique),P3 - Ad-Hoc
Western Capital Advisors Pvt Ltd,1,0,0,1,0,Business Operations / Management Analyst,12,Tier D (Low Relevance / Boutique),P3 - Ad-Hoc
EIS TechInfra Solutions,1,0,0,1,0,Business Operations / Management Analyst,12,Tier D (Low Relevance / Boutique),P3 - Ad-Hoc
Asylum,1,0,0,1,0,Business Operations / Management Analyst,12,Tier D (Low Relevance / Boutique),P3 - Ad-Hoc
Beenet Communications,1,0,0,1,0,Business Operations / Management Analyst,12,Tier D (Low Relevance / Boutique),P3 - Ad-Hoc
Simplify Healthcare,1,0,0,1,0,Business Operations / Management Analyst,12,Tier D (Low Relevance / Boutique),P3 - Ad-Hoc
WIRO | Shopify Premier Agency,1,0,0,1,0,Business Operations / Management Analyst,12,Tier D (Low Relevance / Boutique),P3 - Ad-Hoc
Marsh,1,0,0,1,0,Business Operations / Management Analyst,12,Tier D (Low Relevance / Boutique),P3 - Ad-Hoc
Bansal Overseas,1,0,0,1,0,Business Operations / Management Analyst,12,Tier D (Low Relevance / Boutique),P3 - Ad-Hoc
Edstellar,1,0,0,1,0,Business Operations / Management Analyst,12,Tier D (Low Relevance / Boutique),P3 - Ad-Hoc
DCM Shriram LTD,1,0,0,1,0,Business Operations / Management Analyst,12,Tier D (Low Relevance / Boutique),P3 - Ad-Hoc
Raj Group,1,0,0,1,0,Business Operations / Management Analyst,12,Tier D (Low Relevance / Boutique),P3 - Ad-Hoc
Insignia NMIMS Bangalore,1,0,0,1,0,Business Operations / Management Analyst,12,Tier D (Low Relevance / Boutique),P3 - Ad-Hoc
Lakshya: The Sports Committee NMIMS Bengaluru,1,0,0,1,0,Business Operations / Management Analyst,12,Tier D (Low Relevance / Boutique),P3 - Ad-Hoc
MAHAVIR GARMENTS PRIV LIMITED,1,0,0,1,0,Business Operations / Management Analyst,12,Tier D (Low Relevance / Boutique),P3 - Ad-Hoc
TripGain,1,0,0,1,0,Business Operations / Management Analyst,12,Tier D (Low Relevance / Boutique),P3 - Ad-Hoc
Greaves Cotton Limited,1,0,0,1,0,Business Operations / Management Analyst,12,Tier D (Low Relevance / Boutique),P3 - Ad-Hoc
upGrad,1,0,0,1,0,Business Operations / Management Analyst,12,Tier D (Low Relevance / Boutique),P3 - Ad-Hoc
Argus- The Media Law Club byc,1,0,0,1,0,Business Operations / Management Analyst,12,Tier D (Low Relevance / Boutique),P3 - Ad-Hoc
HSBC Mutual Fund,1,0,0,1,0,Business Operations / Management Analyst,12,Tier D (Low Relevance / Boutique),P3 - Ad-Hoc
TELUS Digital,1,0,0,1,0,Business Operations / Management Analyst,12,Tier D (Low Relevance / Boutique),P3 - Ad-Hoc
"Entrepreneurship Development Cell, IIEST Shibpur",1,0,0,1,0,Business Operations / Management Analyst,12,Tier D (Low Relevance / Boutique),P3 - Ad-Hoc
NorthStar Academy 'NSA',1,0,0,1,0,Business Operations / Management Analyst,12,Tier D (Low Relevance / Boutique),P3 - Ad-Hoc
Mayabious Group,1,0,0,1,0,Business Operations / Management Analyst,12,Tier D (Low Relevance / Boutique),P3 - Ad-Hoc
91Springboard,1,0,0,1,0,Business Operations / Management Analyst,12,Tier D (Low Relevance / Boutique),P3 - Ad-Hoc
Tenneo,1,0,0,1,0,Business Operations / Management Analyst,12,Tier D (Low Relevance / Boutique),P3 - Ad-Hoc
Beroe Inc,1,0,0,1,0,Business Operations / Management Analyst,12,Tier D (Low Relevance / Boutique),P3 - Ad-Hoc
AtoB Associate,1,0,0,1,0,Business Operations / Management Analyst,12,Tier D (Low Relevance / Boutique),P3 - Ad-Hoc
Nutri Newron Pediatrix Official,1,0,0,1,0,Business Operations / Management Analyst,12,Tier D (Low Relevance / Boutique),P3 - Ad-Hoc
"101 Travels, Inc.",1,0,0,1,0,Business Operations / Management Analyst,12,Tier D (Low Relevance / Boutique),P3 - Ad-Hoc
Gravita Oasis Review Solutions Pvt Ltd,1,0,0,1,0,Business Operations / Management Analyst,12,Tier D (Low Relevance / Boutique),P3 - Ad-Hoc
Victa Earlyjobs Technologies Pvt. Ltd.,1,0,0,1,0,Business Operations / Management Analyst,12,Tier D (Low Relevance / Boutique),P3 - Ad-Hoc
Popin,1,0,0,1,0,Business Operations / Management Analyst,12,Tier D (Low Relevance / Boutique),P3 - Ad-Hoc
Alpha Variance Solutions,1,0,0,1,0,Business Operations / Management Analyst,12,Tier D (Low Relevance / Boutique),P3 - Ad-Hoc
HappyLocate,1,0,0,1,0,Business Operations / Management Analyst,12,Tier D (Low Relevance / Boutique),P3 - Ad-Hoc
ADS Auto Part,1,0,0,1,0,Business Operations / Management Analyst,12,Tier D (Low Relevance / Boutique),P3 - Ad-Hoc
TEDxMVJCE,1,0,0,1,0,Business Operations / Management Analyst,12,Tier D (Low Relevance / Boutique),P3 - Ad-Hoc
BCforward,1,0,0,1,0,Business Operations / Management Analyst,12,Tier D (Low Relevance / Boutique),P3 - Ad-Hoc
WMWave Technologies Private ltd,1,0,0,1,0,Business Operations / Management Analyst,12,Tier D (Low Relevance / Boutique),P3 - Ad-Hoc
Advanced E-Solutions Pte Limited,1,0,0,1,0,Business Operations / Management Analyst,12,Tier D (Low Relevance / Boutique),P3 - Ad-Hoc
Finmark BYC,1,0,0,1,0,Business Operations / Management Analyst,12,Tier D (Low Relevance / Boutique),P3 - Ad-Hoc
ACE Club YPR,1,0,0,1,0,Business Operations / Management Analyst,12,Tier D (Low Relevance / Boutique),P3 - Ad-Hoc
KALLE HALLE,1,0,0,1,0,Business Operations / Management Analyst,12,Tier D (Low Relevance / Boutique),P3 - Ad-Hoc
video,1,0,0,1,0,Business Operations / Management Analyst,12,Tier D (Low Relevance / Boutique),P3 - Ad-Hoc
Social Capitalist 101,1,0,0,1,0,Business Operations / Management Analyst,12,Tier D (Low Relevance / Boutique),P3 - Ad-Hoc
Aenova Group,1,0,0,1,0,Business Operations / Management Analyst,12,Tier D (Low Relevance / Boutique),P3 - Ad-Hoc
IBiz Club,1,0,0,1,0,Business Operations / Management Analyst,12,Tier D (Low Relevance / Boutique),P3 - Ad-Hoc
The Debating Society Christ University,1,0,0,1,0,Business Operations / Management Analyst,12,Tier D (Low Relevance / Boutique),P3 - Ad-Hoc
Sandoz,1,0,0,1,0,Business Operations / Management Analyst,12,Tier D (Low Relevance / Boutique),P3 - Ad-Hoc
hims & hers,1,0,0,1,0,Business Operations / Management Analyst,12,Tier D (Low Relevance / Boutique),P3 - Ad-Hoc
The Convergence Foundation,1,0,0,1,0,Business Operations / Management Analyst,12,Tier D (Low Relevance / Boutique),P3 - Ad-Hoc
WhiteSERP | SEO Agency,1,0,0,1,0,Business Operations / Management Analyst,12,Tier D (Low Relevance / Boutique),P3 - Ad-Hoc
WoRisGo,1,0,0,1,0,Business Operations / Management Analyst,12,Tier D (Low Relevance / Boutique),P3 - Ad-Hoc
AG Systems,1,0,0,1,0,Business Operations / Management Analyst,12,Tier D (Low Relevance / Boutique),P3 - Ad-Hoc
Kuku,1,0,0,1,0,Business Operations / Management Analyst,12,Tier D (Low Relevance / Boutique),P3 - Ad-Hoc
ECHO,1,0,0,1,0,Business Operations / Management Analyst,12,Tier D (Low Relevance / Boutique),P3 - Ad-Hoc
SYNAPSE : Strategy and Business Analytics Society,1,0,0,1,0,Business Operations / Management Analyst,12,Tier D (Low Relevance / Boutique),P3 - Ad-Hoc
Teen Visionaries,1,0,0,1,0,Business Operations / Management Analyst,12,Tier D (Low Relevance / Boutique),P3 - Ad-Hoc
NetFyre,1,0,0,1,0,Business Operations / Management Analyst,12,Tier D (Low Relevance / Boutique),P3 - Ad-Hoc
TripFactory.com,1,0,0,1,0,Business Operations / Management Analyst,12,Tier D (Low Relevance / Boutique),P3 - Ad-Hoc
Quash,1,0,0,1,0,Business Operations / Management Analyst,12,Tier D (Low Relevance / Boutique),P3 - Ad-Hoc
GuavaSure,1,0,0,1,0,Business Operations / Management Analyst,12,Tier D (Low Relevance / Boutique),P3 - Ad-Hoc
Novel Office US,1,0,0,1,0,Business Operations / Management Analyst,12,Tier D (Low Relevance / Boutique),P3 - Ad-Hoc
AfterLight House,1,0,0,1,0,Business Operations / Management Analyst,12,Tier D (Low Relevance / Boutique),P3 - Ad-Hoc
NS Matrix Services Pvt. Ltd.,1,0,0,1,0,Business Operations / Management Analyst,12,Tier D (Low Relevance / Boutique),P3 - Ad-Hoc
Team Sangeeth - Official Band of Department of Commerce,1,0,0,1,0,Business Operations / Management Analyst,12,Tier D (Low Relevance / Boutique),P3 - Ad-Hoc
Office of Alumni Engagement - CHRIST (Deemed to be University),1,0,0,1,0,Business Operations / Management Analyst,12,Tier D (Low Relevance / Boutique),P3 - Ad-Hoc
Turtlemint,1,0,0,1,0,Business Operations / Management Analyst,12,Tier D (Low Relevance / Boutique),P3 - Ad-Hoc
Mirai: Indo-Japan Summit,1,0,0,1,0,Business Operations / Management Analyst,12,Tier D (Low Relevance / Boutique),P3 - Ad-Hoc
ekincare,1,0,0,1,0,Business Operations / Management Analyst,12,Tier D (Low Relevance / Boutique),P3 - Ad-Hoc
HowNWhy Education,1,0,0,1,0,Business Operations / Management Analyst,12,Tier D (Low Relevance / Boutique),P3 - Ad-Hoc
Sydenham BMS Society,1,0,0,1,0,Business Operations / Management Analyst,12,Tier D (Low Relevance / Boutique),P3 - Ad-Hoc
Innovative Diagnostics,1,0,0,1,0,Business Operations / Management Analyst,12,Tier D (Low Relevance / Boutique),P3 - Ad-Hoc
"ACM, Association for Computing Machinery",1,0,0,1,0,Business Operations / Management Analyst,12,Tier D (Low Relevance / Boutique),P3 - Ad-Hoc
BlueTech Media,1,0,0,1,0,Business Operations / Management Analyst,12,Tier D (Low Relevance / Boutique),P3 - Ad-Hoc
Antkind Collective,1,0,0,1,0,Business Operations / Management Analyst,12,Tier D (Low Relevance / Boutique),P3 - Ad-Hoc
devx AI labs,1,0,0,1,0,Business Operations / Management Analyst,12,Tier D (Low Relevance / Boutique),P3 - Ad-Hoc
Magebit,1,0,0,1,0,Business Operations / Management Analyst,12,Tier D (Low Relevance / Boutique),P3 - Ad-Hoc
Trinity Mobility,1,0,0,1,0,Business Operations / Management Analyst,12,Tier D (Low Relevance / Boutique),P3 - Ad-Hoc
Zeta,1,0,0,1,0,Business Operations / Management Analyst,12,Tier D (Low Relevance / Boutique),P3 - Ad-Hoc
Medini Technologies,1,0,0,1,0,Business Operations / Management Analyst,12,Tier D (Low Relevance / Boutique),P3 - Ad-Hoc
Eduquity,1,0,0,1,0,Business Operations / Management Analyst,12,Tier D (Low Relevance / Boutique),P3 - Ad-Hoc
Elegance Avenue,1,0,0,1,0,Business Operations / Management Analyst,12,Tier D (Low Relevance / Boutique),P3 - Ad-Hoc
Dayananda Sagar Business School,1,0,0,1,0,Business Operations / Management Analyst,12,Tier D (Low Relevance / Boutique),P3 - Ad-Hoc
Maitri Global Education,1,0,0,1,0,Business Operations / Management Analyst,12,Tier D (Low Relevance / Boutique),P3 - Ad-Hoc
BUZZ: the communication society,1,0,0,1,0,Business Operations / Management Analyst,12,Tier D (Low Relevance / Boutique),P3 - Ad-Hoc
CUSBMA BRC,1,0,0,1,0,Business Operations / Management Analyst,12,Tier D (Low Relevance / Boutique),P3 - Ad-Hoc
AAGAAZ,1,0,0,1,0,Business Operations / Management Analyst,12,Tier D (Low Relevance / Boutique),P3 - Ad-Hoc
Om Logistics Supply Chain Pvt. Ltd.,1,0,0,1,0,Business Operations / Management Analyst,12,Tier D (Low Relevance / Boutique),P3 - Ad-Hoc
Prodexia,1,0,0,1,0,Business Operations / Management Analyst,12,Tier D (Low Relevance / Boutique),P3 - Ad-Hoc
Rhythm Hospitality,1,0,0,1,0,Business Operations / Management Analyst,12,Tier D (Low Relevance / Boutique),P3 - Ad-Hoc
Collabera,1,0,0,1,0,Business Operations / Management Analyst,12,Tier D (Low Relevance / Boutique),P3 - Ad-Hoc
Sinhika,1,0,0,1,0,Business Operations / Management Analyst,12,Tier D (Low Relevance / Boutique),P3 - Ad-Hoc
Burhan Technology Co. Official,1,0,0,1,0,Business Operations / Management Analyst,12,Tier D (Low Relevance / Boutique),P3 - Ad-Hoc
factori.com,1,0,0,1,0,Business Operations / Management Analyst,12,Tier D (Low Relevance / Boutique),P3 - Ad-Hoc
PEPPY,1,0,0,1,0,Business Operations / Management Analyst,12,Tier D (Low Relevance / Boutique),P3 - Ad-Hoc
Tenarai ( former Infogain),1,0,0,1,0,Business Operations / Management Analyst,12,Tier D (Low Relevance / Boutique),P3 - Ad-Hoc
AB InBev GCC India,1,0,0,1,0,Business Operations / Management Analyst,12,Tier D (Low Relevance / Boutique),P3 - Ad-Hoc
Marque - The Marketing Club of IIM Rohtak,1,0,0,1,0,Business Operations / Management Analyst,12,Tier D (Low Relevance / Boutique),P3 - Ad-Hoc
Berger Paints India,1,0,0,1,0,Business Operations / Management Analyst,12,Tier D (Low Relevance / Boutique),P3 - Ad-Hoc
Ozone Experiential Events - India | Middle East,1,0,0,1,0,Business Operations / Management Analyst,12,Tier D (Low Relevance / Boutique),P3 - Ad-Hoc
Rize,1,0,0,1,0,Business Operations / Management Analyst,12,Tier D (Low Relevance / Boutique),P3 - Ad-Hoc
Msigma Gokulam,1,0,0,1,0,Business Operations / Management Analyst,12,Tier D (Low Relevance / Boutique),P3 - Ad-Hoc
StoneX Global,1,0,0,1,0,Business Operations / Management Analyst,12,Tier D (Low Relevance / Boutique),P3 - Ad-Hoc
BookMyShow,1,0,0,1,0,Business Operations / Management Analyst,12,Tier D (Low Relevance / Boutique),P3 - Ad-Hoc
Tata Medical and Diagnostics,1,0,0,1,0,Business Operations / Management Analyst,12,Tier D (Low Relevance / Boutique),P3 - Ad-Hoc
Finnet Media,1,0,0,1,0,Business Operations / Management Analyst,12,Tier D (Low Relevance / Boutique),P3 - Ad-Hoc
Swordfish Integrated Marketing Agency,1,0,0,1,0,Business Operations / Management Analyst,12,Tier D (Low Relevance / Boutique),P3 - Ad-Hoc
Radium Management Services Pvt. Ltd.,1,0,0,1,0,Business Operations / Management Analyst,12,Tier D (Low Relevance / Boutique),P3 - Ad-Hoc
Aratt Developers,1,0,0,1,0,Business Operations / Management Analyst,12,Tier D (Low Relevance / Boutique),P3 - Ad-Hoc
Entrepreneurs Club Mainz,1,0,0,1,0,Business Operations / Management Analyst,12,Tier D (Low Relevance / Boutique),P3 - Ad-Hoc
Gigmo Solutions,1,0,0,1,0,Business Operations / Management Analyst,12,Tier D (Low Relevance / Boutique),P3 - Ad-Hoc
Information Security Media Group (ISMG),1,0,0,1,0,Business Operations / Management Analyst,12,Tier D (Low Relevance / Boutique),P3 - Ad-Hoc
WEBCONCEPTS TECHNOLOGIES PVT. LTD.,1,0,0,1,0,Business Operations / Management Analyst,12,Tier D (Low Relevance / Boutique),P3 - Ad-Hoc
InOpTra Digital,1,0,0,1,0,Business Operations / Management Analyst,12,Tier D (Low Relevance / Boutique),P3 - Ad-Hoc
GetNaukri,1,0,0,1,0,Business Operations / Management Analyst,12,Tier D (Low Relevance / Boutique),P3 - Ad-Hoc
Aacharane,1,0,0,1,0,Business Operations / Management Analyst,12,Tier D (Low Relevance / Boutique),P3 - Ad-Hoc
Times Internet,1,0,0,1,0,Business Operations / Management Analyst,12,Tier D (Low Relevance / Boutique),P3 - Ad-Hoc
Next Level Experiences LLP,1,0,0,1,0,Business Operations / Management Analyst,12,Tier D (Low Relevance / Boutique),P3 - Ad-Hoc
Aira by navratan,1,0,0,1,0,Business Operations / Management Analyst,12,Tier D (Low Relevance / Boutique),P3 - Ad-Hoc
Uncool,1,0,0,1,0,Business Operations / Management Analyst,12,Tier D (Low Relevance / Boutique),P3 - Ad-Hoc
Wings Brand Activations(I) Pvt. Ltd.,1,0,0,1,0,Business Operations / Management Analyst,12,Tier D (Low Relevance / Boutique),P3 - Ad-Hoc
Twoside Production,1,0,0,1,0,Business Operations / Management Analyst,12,Tier D (Low Relevance / Boutique),P3 - Ad-Hoc
Clapingo,1,0,0,1,0,Business Operations / Management Analyst,12,Tier D (Low Relevance / Boutique),P3 - Ad-Hoc
iMocha,1,0,0,1,0,Business Operations / Management Analyst,12,Tier D (Low Relevance / Boutique),P3 - Ad-Hoc
Wizcraft Entertainment Agency Pvt Ltd,1,0,0,1,0,Business Operations / Management Analyst,12,Tier D (Low Relevance / Boutique),P3 - Ad-Hoc
SMIFS LIMITED,1,0,0,1,0,Business Operations / Management Analyst,12,Tier D (Low Relevance / Boutique),P3 - Ad-Hoc
SOFT SKILLS STUDIOS,1,0,0,1,0,Business Operations / Management Analyst,12,Tier D (Low Relevance / Boutique),P3 - Ad-Hoc
Chanakya University,1,0,0,1,0,Business Operations / Management Analyst,12,Tier D (Low Relevance / Boutique),P3 - Ad-Hoc
Justwords,1,0,0,1,0,Business Operations / Management Analyst,12,Tier D (Low Relevance / Boutique),P3 - Ad-Hoc
Amul (GCMMF),1,0,0,1,0,Business Operations / Management Analyst,12,Tier D (Low Relevance / Boutique),P3 - Ad-Hoc
Logispace,1,0,0,1,0,Business Operations / Management Analyst,12,Tier D (Low Relevance / Boutique),P3 - Ad-Hoc
Dynapix Digital Media,1,0,0,1,0,Business Operations / Management Analyst,12,Tier D (Low Relevance / Boutique),P3 - Ad-Hoc
Next Art Creations,1,0,0,1,0,Business Operations / Management Analyst,12,Tier D (Low Relevance / Boutique),P3 - Ad-Hoc
Rupeezy,1,0,0,1,0,Business Operations / Management Analyst,12,Tier D (Low Relevance / Boutique),P3 - Ad-Hoc
JW Marriott Pune,1,0,0,1,0,Business Operations / Management Analyst,12,Tier D (Low Relevance / Boutique),P3 - Ad-Hoc
HDFC Ergo,1,0,0,1,0,Business Operations / Management Analyst,12,Tier D (Low Relevance / Boutique),P3 - Ad-Hoc
Weavehand,1,0,0,1,0,Business Operations / Management Analyst,12,Tier D (Low Relevance / Boutique),P3 - Ad-Hoc
Pwall Homes,1,0,0,1,0,Business Operations / Management Analyst,12,Tier D (Low Relevance / Boutique),P3 - Ad-Hoc
enParadigm,1,0,0,1,0,Business Operations / Management Analyst,12,Tier D (Low Relevance / Boutique),P3 - Ad-Hoc
apna,1,0,0,1,0,Business Operations / Management Analyst,12,Tier D (Low Relevance / Boutique),P3 - Ad-Hoc
Cummins Generator Technologies,1,0,0,1,0,Business Operations / Management Analyst,12,Tier D (Low Relevance / Boutique),P3 - Ad-Hoc
3i Infotech Ltd.,1,0,0,1,0,Business Operations / Management Analyst,12,Tier D (Low Relevance / Boutique),P3 - Ad-Hoc
"The Human Capital Lab | Department of Psychology, CHRIST (Deemed to be University)",1,0,0,1,0,Business Operations / Management Analyst,12,Tier D (Low Relevance / Boutique),P3 - Ad-Hoc
Kunvarji Realty Advisors,1,0,0,1,0,Business Operations / Management Analyst,12,Tier D (Low Relevance / Boutique),P3 - Ad-Hoc
Protiviti India Member Firm,1,0,0,1,0,Business Operations / Management Analyst,12,Tier D (Low Relevance / Boutique),P3 - Ad-Hoc
Protiviti,1,0,0,1,0,Business Operations / Management Analyst,12,Tier D (Low Relevance / Boutique),P3 - Ad-Hoc
Vamsiram Builders and Developers Private Limited,1,0,0,1,0,Business Operations / Management Analyst,12,Tier D (Low Relevance / Boutique),P3 - Ad-Hoc
StoryProc,1,0,0,1,0,Business Operations / Management Analyst,12,Tier D (Low Relevance / Boutique),P3 - Ad-Hoc
"MarGene, NMIMS Bangalore",1,0,0,1,0,Business Operations / Management Analyst,12,Tier D (Low Relevance / Boutique),P3 - Ad-Hoc
Adsyndicate,1,0,0,1,0,Business Operations / Management Analyst,12,Tier D (Low Relevance / Boutique),P3 - Ad-Hoc
ZecureFin,1,0,0,1,0,Business Operations / Management Analyst,12,Tier D (Low Relevance / Boutique),P3 - Ad-Hoc
Learnflu (E-learning provider) Online learning service private limited,1,0,0,1,0,Business Operations / Management Analyst,12,Tier D (Low Relevance / Boutique),P3 - Ad-Hoc
Softechie Club,1,0,0,1,0,Business Operations / Management Analyst,12,Tier D (Low Relevance / Boutique),P3 - Ad-Hoc
Indiabulls Securities Limited,1,0,0,1,0,Business Operations / Management Analyst,12,Tier D (Low Relevance / Boutique),P3 - Ad-Hoc
Valueleaf Services (India) Pvt. Ltd.,1,0,0,1,0,Business Operations / Management Analyst,12,Tier D (Low Relevance / Boutique),P3 - Ad-Hoc
Anima Creative Management,1,0,0,1,0,Business Operations / Management Analyst,12,Tier D (Low Relevance / Boutique),P3 - Ad-Hoc
Mobilab (by Primary Healthtech),1,0,0,1,0,Business Operations / Management Analyst,12,Tier D (Low Relevance / Boutique),P3 - Ad-Hoc
Neeta's Kitchenette,1,0,0,1,0,Business Operations / Management Analyst,12,Tier D (Low Relevance / Boutique),P3 - Ad-Hoc
Syntarix Tech Pvt Ltd,1,0,0,1,0,Business Operations / Management Analyst,12,Tier D (Low Relevance / Boutique),P3 - Ad-Hoc
Theia Ventures,1,0,0,1,0,Business Operations / Management Analyst,12,Tier D (Low Relevance / Boutique),P3 - Ad-Hoc
SinkIn IT Solutions,1,0,0,1,0,Business Operations / Management Analyst,12,Tier D (Low Relevance / Boutique),P3 - Ad-Hoc
Bridgegold,1,0,0,1,0,Business Operations / Management Analyst,12,Tier D (Low Relevance / Boutique),P3 - Ad-Hoc
SENSECARE LIMITED,1,0,0,1,0,Business Operations / Management Analyst,12,Tier D (Low Relevance / Boutique),P3 - Ad-Hoc
JaaGa.AI,1,0,0,1,0,Business Operations / Management Analyst,12,Tier D (Low Relevance / Boutique),P3 - Ad-Hoc
Mulund College of Commerce,1,0,0,1,0,Business Operations / Management Analyst,12,Tier D (Low Relevance / Boutique),P3 - Ad-Hoc
Directful,1,0,0,1,0,Business Operations / Management Analyst,12,Tier D (Low Relevance / Boutique),P3 - Ad-Hoc
Jindal Power Limited,1,0,0,1,0,Business Operations / Management Analyst,12,Tier D (Low Relevance / Boutique),P3 - Ad-Hoc
Medha,1,0,0,1,0,Business Operations / Management Analyst,12,Tier D (Low Relevance / Boutique),P3 - Ad-Hoc
Norma(India) Limited,1,0,0,1,0,Business Operations / Management Analyst,12,Tier D (Low Relevance / Boutique),P3 - Ad-Hoc
Bayer,1,0,0,1,0,Business Operations / Management Analyst,12,Tier D (Low Relevance / Boutique),P3 - Ad-Hoc
Schiffbauergasse startup,1,0,0,1,0,Business Operations / Management Analyst,12,Tier D (Low Relevance / Boutique),P3 - Ad-Hoc
Simply Sport Foundation,1,0,0,1,0,Business Operations / Management Analyst,12,Tier D (Low Relevance / Boutique),P3 - Ad-Hoc
autoDX Technologies Private Limited,1,0,0,1,0,Business Operations / Management Analyst,12,Tier D (Low Relevance / Boutique),P3 - Ad-Hoc
D2C Ecommerce,1,0,0,1,0,Business Operations / Management Analyst,12,Tier D (Low Relevance / Boutique),P3 - Ad-Hoc
Dakshi Movement,1,0,0,1,0,Business Operations / Management Analyst,12,Tier D (Low Relevance / Boutique),P3 - Ad-Hoc
Gobester.com/pt,1,0,0,1,0,Business Operations / Management Analyst,12,Tier D (Low Relevance / Boutique),P3 - Ad-Hoc
Neptune India Limited,1,0,0,1,0,Business Operations / Management Analyst,12,Tier D (Low Relevance / Boutique),P3 - Ad-Hoc
Nirmal Bang Wealth Pvt Ltd,1,0,0,1,0,Business Operations / Management Analyst,12,Tier D (Low Relevance / Boutique),P3 - Ad-Hoc
Aditya Birla Lifestyle Brands Limited,1,0,0,1,0,Business Operations / Management Analyst,12,Tier D (Low Relevance / Boutique),P3 - Ad-Hoc
This Is Blueprint,1,0,0,1,0,Business Operations / Management Analyst,12,Tier D (Low Relevance / Boutique),P3 - Ad-Hoc
Rocky Mountaineer,1,0,0,1,0,Business Operations / Management Analyst,12,Tier D (Low Relevance / Boutique),P3 - Ad-Hoc
LH2 Holdings,1,0,0,1,0,Business Operations / Management Analyst,12,Tier D (Low Relevance / Boutique),P3 - Ad-Hoc
Kaiyo premium Water,1,0,0,1,0,Business Operations / Management Analyst,12,Tier D (Low Relevance / Boutique),P3 - Ad-Hoc
GST AND INCOME TAX,1,0,0,1,0,Business Operations / Management Analyst,12,Tier D (Low Relevance / Boutique),P3 - Ad-Hoc
Wildnet Technologies,1,0,0,1,0,Business Operations / Management Analyst,12,Tier D (Low Relevance / Boutique),P3 - Ad-Hoc
GlobalPay WSFx,1,0,0,1,0,Business Operations / Management Analyst,12,Tier D (Low Relevance / Boutique),P3 - Ad-Hoc
CSRBOX®,1,0,0,1,0,Business Operations / Management Analyst,12,Tier D (Low Relevance / Boutique),P3 - Ad-Hoc
SISS,1,0,0,1,0,Business Operations / Management Analyst,12,Tier D (Low Relevance / Boutique),P3 - Ad-Hoc
Aski Super Specialty Hospital and Research Centre,1,0,0,1,0,Business Operations / Management Analyst,12,Tier D (Low Relevance / Boutique),P3 - Ad-Hoc
NexTeir,1,0,0,1,0,Business Operations / Management Analyst,12,Tier D (Low Relevance / Boutique),P3 - Ad-Hoc
Havas Market,1,0,0,1,0,Business Operations / Management Analyst,12,Tier D (Low Relevance / Boutique),P3 - Ad-Hoc
MakeMyTrip,1,0,0,1,0,Business Operations / Management Analyst,12,Tier D (Low Relevance / Boutique),P3 - Ad-Hoc
Mallcom India Ltd.,1,0,0,1,0,Business Operations / Management Analyst,12,Tier D (Low Relevance / Boutique),P3 - Ad-Hoc
Bharat internships,1,0,0,1,0,Business Operations / Management Analyst,12,Tier D (Low Relevance / Boutique),P3 - Ad-Hoc
Growth Investing,1,0,0,1,0,Business Operations / Management Analyst,12,Tier D (Low Relevance / Boutique),P3 - Ad-Hoc
Urgo Medical,1,0,0,1,0,Business Operations / Management Analyst,12,Tier D (Low Relevance / Boutique),P3 - Ad-Hoc
Biokart India Pvt. Ltd.,1,0,0,1,0,Business Operations / Management Analyst,12,Tier D (Low Relevance / Boutique),P3 - Ad-Hoc
Vedic City,1,0,0,1,0,Business Operations / Management Analyst,12,Tier D (Low Relevance / Boutique),P3 - Ad-Hoc
Ambala,1,0,0,1,0,Business Operations / Management Analyst,12,Tier D (Low Relevance / Boutique),P3 - Ad-Hoc
Behin Health,1,0,0,1,0,Business Operations / Management Analyst,12,Tier D (Low Relevance / Boutique),P3 - Ad-Hoc
Rougine Darou,1,0,0,1,0,Business Operations / Management Analyst,12,Tier D (Low Relevance / Boutique),P3 - Ad-Hoc
IFANglobal,1,0,0,1,0,Business Operations / Management Analyst,12,Tier D (Low Relevance / Boutique),P3 - Ad-Hoc
Technology Project Leader | Devarts Technologies,1,0,0,1,0,Business Operations / Management Analyst,12,Tier D (Low Relevance / Boutique),P3 - Ad-Hoc
Smart Geek Visas,1,0,0,1,0,Business Operations / Management Analyst,12,Tier D (Low Relevance / Boutique),P3 - Ad-Hoc
Elsevier,1,0,0,1,0,Business Operations / Management Analyst,12,Tier D (Low Relevance / Boutique),P3 - Ad-Hoc
OrigoVisa Pvt. Ltd.,1,0,0,1,0,Business Operations / Management Analyst,12,Tier D (Low Relevance / Boutique),P3 - Ad-Hoc
Magnon Group,1,0,0,1,0,Business Operations / Management Analyst,12,Tier D (Low Relevance / Boutique),P3 - Ad-Hoc
NextNation,1,0,0,1,0,Business Operations / Management Analyst,12,Tier D (Low Relevance / Boutique),P3 - Ad-Hoc
Influencer.in,1,0,0,1,0,Business Operations / Management Analyst,12,Tier D (Low Relevance / Boutique),P3 - Ad-Hoc
Vlocal Group,1,0,0,1,0,Business Operations / Management Analyst,12,Tier D (Low Relevance / Boutique),P3 - Ad-Hoc
Aeroplay Entertainment,1,0,0,1,0,Business Operations / Management Analyst,12,Tier D (Low Relevance / Boutique),P3 - Ad-Hoc
Morrio,1,0,0,1,0,Business Operations / Management Analyst,12,Tier D (Low Relevance / Boutique),P3 - Ad-Hoc
ClearQuote,1,0,0,1,0,Business Operations / Management Analyst,12,Tier D (Low Relevance / Boutique),P3 - Ad-Hoc
Nuvie,1,0,0,1,0,Business Operations / Management Analyst,12,Tier D (Low Relevance / Boutique),P3 - Ad-Hoc
Buddy Loan,1,0,0,1,0,Business Operations / Management Analyst,12,Tier D (Low Relevance / Boutique),P3 - Ad-Hoc
RM India,1,0,0,1,0,Business Operations / Management Analyst,12,Tier D (Low Relevance / Boutique),P3 - Ad-Hoc
Tint Tone & Shade,1,0,0,1,0,Business Operations / Management Analyst,12,Tier D (Low Relevance / Boutique),P3 - Ad-Hoc
Navalt,1,0,0,1,0,Business Operations / Management Analyst,12,Tier D (Low Relevance / Boutique),P3 - Ad-Hoc
Wiingy,1,0,0,1,0,Business Operations / Management Analyst,12,Tier D (Low Relevance / Boutique),P3 - Ad-Hoc
Cite AI,1,0,0,1,0,Business Operations / Management Analyst,12,Tier D (Low Relevance / Boutique),P3 - Ad-Hoc
DeePet Services,1,0,0,1,0,Business Operations / Management Analyst,12,Tier D (Low Relevance / Boutique),P3 - Ad-Hoc
LetsTagOn,1,0,0,1,0,Business Operations / Management Analyst,12,Tier D (Low Relevance / Boutique),P3 - Ad-Hoc
Acino,1,0,0,1,0,Business Operations / Management Analyst,12,Tier D (Low Relevance / Boutique),P3 - Ad-Hoc
Studiovasal,1,0,0,1,0,Business Operations / Management Analyst,12,Tier D (Low Relevance / Boutique),P3 - Ad-Hoc
Sobha Ltd.,1,0,0,1,0,Business Operations / Management Analyst,12,Tier D (Low Relevance / Boutique),P3 - Ad-Hoc
ANAROCK,1,0,0,1,0,Business Operations / Management Analyst,12,Tier D (Low Relevance / Boutique),P3 - Ad-Hoc
Urban Vault,1,0,0,1,0,Business Operations / Management Analyst,12,Tier D (Low Relevance / Boutique),P3 - Ad-Hoc
Lifestyle International Pvt Ltd,1,0,0,1,0,Business Operations / Management Analyst,12,Tier D (Low Relevance / Boutique),P3 - Ad-Hoc
Table Space,1,0,0,1,0,Business Operations / Management Analyst,12,Tier D (Low Relevance / Boutique),P3 - Ad-Hoc
upGrad KnowledgeHut,1,0,0,1,0,Business Operations / Management Analyst,12,Tier D (Low Relevance / Boutique),P3 - Ad-Hoc
Even,1,0,0,1,0,Business Operations / Management Analyst,12,Tier D (Low Relevance / Boutique),P3 - Ad-Hoc
Bilkar service pvt ltd,1,0,0,1,0,Business Operations / Management Analyst,12,Tier D (Low Relevance / Boutique),P3 - Ad-Hoc
EVENT CHARMS,1,0,0,1,0,Business Operations / Management Analyst,12,Tier D (Low Relevance / Boutique),P3 - Ad-Hoc
Busy Infotech Pvt. Ltd. (An Indiamart company),1,0,0,1,0,Business Operations / Management Analyst,12,Tier D (Low Relevance / Boutique),P3 - Ad-Hoc
Penny on the Move,1,0,0,1,0,Business Operations / Management Analyst,12,Tier D (Low Relevance / Boutique),P3 - Ad-Hoc
Humaine Labs,1,0,0,1,0,Business Operations / Management Analyst,12,Tier D (Low Relevance / Boutique),P3 - Ad-Hoc
Tecnotree Corporation,1,0,0,1,0,Business Operations / Management Analyst,12,Tier D (Low Relevance / Boutique),P3 - Ad-Hoc
Globoserv,1,0,0,1,0,Business Operations / Management Analyst,12,Tier D (Low Relevance / Boutique),P3 - Ad-Hoc
Zyva Chime Pvt. Ltd.,1,0,0,1,0,Business Operations / Management Analyst,12,Tier D (Low Relevance / Boutique),P3 - Ad-Hoc
HDU Healthcare,1,0,0,1,0,Business Operations / Management Analyst,12,Tier D (Low Relevance / Boutique),P3 - Ad-Hoc
Kidspark,1,0,0,1,0,Business Operations / Management Analyst,12,Tier D (Low Relevance / Boutique),P3 - Ad-Hoc
Femme Music,1,0,0,1,0,Business Operations / Management Analyst,12,Tier D (Low Relevance / Boutique),P3 - Ad-Hoc
Novel Office India,1,0,0,1,0,Business Operations / Management Analyst,12,Tier D (Low Relevance / Boutique),P3 - Ad-Hoc
Neon Market India,1,0,0,1,0,Business Operations / Management Analyst,12,Tier D (Low Relevance / Boutique),P3 - Ad-Hoc
Simandhar Education,1,0,0,1,0,Business Operations / Management Analyst,12,Tier D (Low Relevance / Boutique),P3 - Ad-Hoc
Motivation Weight Management,1,0,0,1,0,Business Operations / Management Analyst,12,Tier D (Low Relevance / Boutique),P3 - Ad-Hoc
The Centre for Counselling & Health Services (CCHS),1,0,0,1,0,Business Operations / Management Analyst,12,Tier D (Low Relevance / Boutique),P3 - Ad-Hoc
edZeb,1,0,0,1,0,Business Operations / Management Analyst,12,Tier D (Low Relevance / Boutique),P3 - Ad-Hoc
datawrkz,1,0,0,1,0,Business Operations / Management Analyst,12,Tier D (Low Relevance / Boutique),P3 - Ad-Hoc
GRANITE - Global Digital Agency,1,0,0,1,0,Business Operations / Management Analyst,12,Tier D (Low Relevance / Boutique),P3 - Ad-Hoc
Sova Health,1,0,0,1,0,Business Operations / Management Analyst,12,Tier D (Low Relevance / Boutique),P3 - Ad-Hoc
Mindenious,1,0,0,1,0,Business Operations / Management Analyst,12,Tier D (Low Relevance / Boutique),P3 - Ad-Hoc
CAPS - BGR (Centre for Academic And Professional Support),1,0,0,1,0,Business Operations / Management Analyst,12,Tier D (Low Relevance / Boutique),P3 - Ad-Hoc
Spantronics,1,0,0,1,0,Business Operations / Management Analyst,12,Tier D (Low Relevance / Boutique),P3 - Ad-Hoc
Studomatrix,1,0,0,1,0,Business Operations / Management Analyst,12,Tier D (Low Relevance / Boutique),P3 - Ad-Hoc
People Konnect,1,0,0,1,0,Business Operations / Management Analyst,12,Tier D (Low Relevance / Boutique),P3 - Ad-Hoc
Walker Chandiok and Co Llp,1,0,0,1,0,Business Operations / Management Analyst,12,Tier D (Low Relevance / Boutique),P3 - Ad-Hoc
"Total RCM Solutions, LLC",1,0,0,1,0,Business Operations / Management Analyst,12,Tier D (Low Relevance / Boutique),P3 - Ad-Hoc
The BigTree Entertainment,1,0,0,1,0,Business Operations / Management Analyst,12,Tier D (Low Relevance / Boutique),P3 - Ad-Hoc
V3 Events & Entertainments,1,0,0,1,0,Business Operations / Management Analyst,12,Tier D (Low Relevance / Boutique),P3 - Ad-Hoc
Blinkit,1,0,0,1,0,Business Operations / Management Analyst,12,Tier D (Low Relevance / Boutique),P3 - Ad-Hoc
Rosetta Hospitality,1,0,0,1,0,Business Operations / Management Analyst,12,Tier D (Low Relevance / Boutique),P3 - Ad-Hoc
Intileo Technologies LLP,1,0,0,1,0,Business Operations / Management Analyst,12,Tier D (Low Relevance / Boutique),P3 - Ad-Hoc
SA Technologies Inc.,1,0,0,1,0,Business Operations / Management Analyst,12,Tier D (Low Relevance / Boutique),P3 - Ad-Hoc
Contactx Resource Management,1,0,0,1,0,Business Operations / Management Analyst,12,Tier D (Low Relevance / Boutique),P3 - Ad-Hoc
The Marketing Poet,1,0,0,1,0,Business Operations / Management Analyst,12,Tier D (Low Relevance / Boutique),P3 - Ad-Hoc
AllSaints,1,0,0,1,0,Business Operations / Management Analyst,12,Tier D (Low Relevance / Boutique),P3 - Ad-Hoc
Standard Chartered,1,0,0,1,0,Business Operations / Management Analyst,12,Tier D (Low Relevance / Boutique),P3 - Ad-Hoc
Lysto,1,0,0,1,0,Business Operations / Management Analyst,12,Tier D (Low Relevance / Boutique),P3 - Ad-Hoc
66degrees,1,0,0,1,0,Business Operations / Management Analyst,12,Tier D (Low Relevance / Boutique),P3 - Ad-Hoc
B2B Sales Arrow,1,0,0,1,0,Business Operations / Management Analyst,12,Tier D (Low Relevance / Boutique),P3 - Ad-Hoc
HugoHub,1,0,0,1,0,Business Operations / Management Analyst,12,Tier D (Low Relevance / Boutique),P3 - Ad-Hoc
Aceolution,1,0,0,1,0,Business Operations / Management Analyst,12,Tier D (Low Relevance / Boutique),P3 - Ad-Hoc
Dhee Coding Lab,1,0,0,1,0,Business Operations / Management Analyst,12,Tier D (Low Relevance / Boutique),P3 - Ad-Hoc
OBOX,1,0,0,1,0,Business Operations / Management Analyst,12,Tier D (Low Relevance / Boutique),P3 - Ad-Hoc
Gruhanza Interiors,1,0,0,1,0,Business Operations / Management Analyst,12,Tier D (Low Relevance / Boutique),P3 - Ad-Hoc
IVS School,1,0,0,1,0,Business Operations / Management Analyst,12,Tier D (Low Relevance / Boutique),P3 - Ad-Hoc
Angel Finance,1,0,0,1,0,Business Operations / Management Analyst,12,Tier D (Low Relevance / Boutique),P3 - Ad-Hoc
ERemedium,1,0,0,1,0,Business Operations / Management Analyst,12,Tier D (Low Relevance / Boutique),P3 - Ad-Hoc
1218 Global,1,0,0,1,0,Business Operations / Management Analyst,12,Tier D (Low Relevance / Boutique),P3 - Ad-Hoc
Design Factory India,1,0,0,1,0,Business Operations / Management Analyst,12,Tier D (Low Relevance / Boutique),P3 - Ad-Hoc
The Full Circle,1,0,0,1,0,Business Operations / Management Analyst,12,Tier D (Low Relevance / Boutique),P3 - Ad-Hoc
Elegance Enterprises,1,0,0,1,0,Business Operations / Management Analyst,12,Tier D (Low Relevance / Boutique),P3 - Ad-Hoc
Maitri Interior Projects Pvt Ltd,1,0,0,1,0,Business Operations / Management Analyst,12,Tier D (Low Relevance / Boutique),P3 - Ad-Hoc
Boehringer Ingelheim,1,0,0,1,0,Business Operations / Management Analyst,12,Tier D (Low Relevance / Boutique),P3 - Ad-Hoc
KORA Kollective,1,0,0,1,0,Business Operations / Management Analyst,12,Tier D (Low Relevance / Boutique),P3 - Ad-Hoc
Pinq Polka,1,0,0,1,0,Business Operations / Management Analyst,12,Tier D (Low Relevance / Boutique),P3 - Ad-Hoc
VRIZE,1,0,0,1,0,Business Operations / Management Analyst,12,Tier D (Low Relevance / Boutique),P3 - Ad-Hoc
Ghar Aaja Par Desi,1,0,0,1,0,Business Operations / Management Analyst,12,Tier D (Low Relevance / Boutique),P3 - Ad-Hoc
Asian Paints,1,0,0,1,0,Business Operations / Management Analyst,12,Tier D (Low Relevance / Boutique),P3 - Ad-Hoc
Motherson Group,1,0,0,1,0,Business Operations / Management Analyst,12,Tier D (Low Relevance / Boutique),P3 - Ad-Hoc
Why Summits,1,0,0,1,0,Business Operations / Management Analyst,12,Tier D (Low Relevance / Boutique),P3 - Ad-Hoc
Multipro Consumer Products Limited,1,0,0,1,0,Business Operations / Management Analyst,12,Tier D (Low Relevance / Boutique),P3 - Ad-Hoc
UPL,1,0,0,1,0,Business Operations / Management Analyst,12,Tier D (Low Relevance / Boutique),P3 - Ad-Hoc
Fincurious,1,0,0,1,0,Business Operations / Management Analyst,12,Tier D (Low Relevance / Boutique),P3 - Ad-Hoc
Medalla Group LLC,1,0,0,1,0,Business Operations / Management Analyst,12,Tier D (Low Relevance / Boutique),P3 - Ad-Hoc
Clove Dental,1,0,0,1,0,Business Operations / Management Analyst,12,Tier D (Low Relevance / Boutique),P3 - Ad-Hoc
Lumen Technologies,1,0,0,1,0,Business Operations / Management Analyst,12,Tier D (Low Relevance / Boutique),P3 - Ad-Hoc
Hilton,1,0,0,1,0,Business Operations / Management Analyst,12,Tier D (Low Relevance / Boutique),P3 - Ad-Hoc
Sembcorp Industries Ltd,1,0,0,1,0,Business Operations / Management Analyst,12,Tier D (Low Relevance / Boutique),P3 - Ad-Hoc
SharePal.in,1,0,0,1,0,Business Operations / Management Analyst,12,Tier D (Low Relevance / Boutique),P3 - Ad-Hoc
Orthosquare,1,0,0,1,0,Business Operations / Management Analyst,12,Tier D (Low Relevance / Boutique),P3 - Ad-Hoc
Mission Walk Physiotherapy and Rehabilitation Center,1,0,0,1,0,Business Operations / Management Analyst,12,Tier D (Low Relevance / Boutique),P3 - Ad-Hoc
Mon kiné Center,1,0,0,1,0,Business Operations / Management Analyst,12,Tier D (Low Relevance / Boutique),P3 - Ad-Hoc
iEnergizer,1,0,0,1,0,Business Operations / Management Analyst,12,Tier D (Low Relevance / Boutique),P3 - Ad-Hoc
Medanta,1,0,0,1,0,Business Operations / Management Analyst,12,Tier D (Low Relevance / Boutique),P3 - Ad-Hoc
Apotex India,1,0,0,1,0,Business Operations / Management Analyst,12,Tier D (Low Relevance / Boutique),P3 - Ad-Hoc
TATA AIG General Insurance Company Limited,1,0,0,1,0,Business Operations / Management Analyst,12,Tier D (Low Relevance / Boutique),P3 - Ad-Hoc
Fortis Hospitals Mumbai,1,0,0,1,0,Business Operations / Management Analyst,12,Tier D (Low Relevance / Boutique),P3 - Ad-Hoc
MGAI.AE,1,0,0,1,0,Business Operations / Management Analyst,12,Tier D (Low Relevance / Boutique),P3 - Ad-Hoc
Fullstack Academy,1,0,0,1,0,Business Operations / Management Analyst,12,Tier D (Low Relevance / Boutique),P3 - Ad-Hoc
FundsIndiaPartner,1,0,0,1,0,Business Operations / Management Analyst,12,Tier D (Low Relevance / Boutique),P3 - Ad-Hoc
S Chand Group,1,0,0,1,0,Business Operations / Management Analyst,12,Tier D (Low Relevance / Boutique),P3 - Ad-Hoc
LAL,1,0,0,1,0,Business Operations / Management Analyst,12,Tier D (Low Relevance / Boutique),P3 - Ad-Hoc
Davenport Resourcing Limited,1,0,0,1,0,Business Operations / Management Analyst,12,Tier D (Low Relevance / Boutique),P3 - Ad-Hoc
Theron Solutions,1,0,0,1,0,Business Operations / Management Analyst,12,Tier D (Low Relevance / Boutique),P3 - Ad-Hoc
R K SWAMY Limited (Formerly R K Swamy Private Limited),1,0,0,1,0,Business Operations / Management Analyst,12,Tier D (Low Relevance / Boutique),P3 - Ad-Hoc
GraphX Systems,1,0,0,1,0,Business Operations / Management Analyst,12,Tier D (Low Relevance / Boutique),P3 - Ad-Hoc
FRESH CONNECTION LIMITED,1,0,0,1,0,Business Operations / Management Analyst,12,Tier D (Low Relevance / Boutique),P3 - Ad-Hoc
"Munim - Accounting, Billing & GST Software",1,0,0,1,0,Business Operations / Management Analyst,12,Tier D (Low Relevance / Boutique),P3 - Ad-Hoc
SIS Group Enterprises,1,0,0,1,0,Business Operations / Management Analyst,12,Tier D (Low Relevance / Boutique),P3 - Ad-Hoc
Vega Schools,1,0,0,1,0,Business Operations / Management Analyst,12,Tier D (Low Relevance / Boutique),P3 - Ad-Hoc
Marmeto,1,0,0,1,0,Business Operations / Management Analyst,12,Tier D (Low Relevance / Boutique),P3 - Ad-Hoc
Air India Express,1,0,0,1,0,Business Operations / Management Analyst,12,Tier D (Low Relevance / Boutique),P3 - Ad-Hoc
CleverTap,1,0,0,1,0,Business Operations / Management Analyst,12,Tier D (Low Relevance / Boutique),P3 - Ad-Hoc
XCUTIVES INC.,1,0,0,1,0,Business Operations / Management Analyst,12,Tier D (Low Relevance / Boutique),P3 - Ad-Hoc
HeiDigi,1,0,0,1,0,Business Operations / Management Analyst,12,Tier D (Low Relevance / Boutique),P3 - Ad-Hoc
Xanadu,1,0,0,1,0,Business Operations / Management Analyst,12,Tier D (Low Relevance / Boutique),P3 - Ad-Hoc
Mas Vee Digital,1,0,0,1,0,Business Operations / Management Analyst,12,Tier D (Low Relevance / Boutique),P3 - Ad-Hoc
HYRGPT,1,0,0,1,0,Business Operations / Management Analyst,12,Tier D (Low Relevance / Boutique),P3 - Ad-Hoc
Kadence,1,0,0,1,0,Business Operations / Management Analyst,12,Tier D (Low Relevance / Boutique),P3 - Ad-Hoc
Followyourchild,1,0,0,1,0,Business Operations / Management Analyst,12,Tier D (Low Relevance / Boutique),P3 - Ad-Hoc
King’s Coffee Co,1,0,0,1,0,Business Operations / Management Analyst,12,Tier D (Low Relevance / Boutique),P3 - Ad-Hoc
Ralph Lauren,1,0,0,1,0,Business Operations / Management Analyst,12,Tier D (Low Relevance / Boutique),P3 - Ad-Hoc
Leverage,1,0,0,1,0,Business Operations / Management Analyst,12,Tier D (Low Relevance / Boutique),P3 - Ad-Hoc
Red Baron Pvt. Ltd.,1,0,0,1,0,Business Operations / Management Analyst,12,Tier D (Low Relevance / Boutique),P3 - Ad-Hoc
Greentern,1,0,0,1,0,Business Operations / Management Analyst,12,Tier D (Low Relevance / Boutique),P3 - Ad-Hoc
SeekRight,1,0,0,1,0,Business Operations / Management Analyst,12,Tier D (Low Relevance / Boutique),P3 - Ad-Hoc
Krystal Ventures Studio,1,0,0,1,0,Business Operations / Management Analyst,12,Tier D (Low Relevance / Boutique),P3 - Ad-Hoc
TEDxPESU,1,0,0,1,0,Business Operations / Management Analyst,12,Tier D (Low Relevance / Boutique),P3 - Ad-Hoc
Allianz,1,0,0,1,0,Business Operations / Management Analyst,12,Tier D (Low Relevance / Boutique),P3 - Ad-Hoc
REConnect Energy,1,0,0,1,0,Business Operations / Management Analyst,12,Tier D (Low Relevance / Boutique),P3 - Ad-Hoc
HashiCorp,1,0,0,1,0,Business Operations / Management Analyst,12,Tier D (Low Relevance / Boutique),P3 - Ad-Hoc
Makeup by Monalisa Mandal,1,0,0,1,0,Business Operations / Management Analyst,12,Tier D (Low Relevance / Boutique),P3 - Ad-Hoc
Nomiso,1,0,0,1,0,Business Operations / Management Analyst,12,Tier D (Low Relevance / Boutique),P3 - Ad-Hoc
Reverie Language Technologies,1,0,0,1,0,Business Operations / Management Analyst,12,Tier D (Low Relevance / Boutique),P3 - Ad-Hoc
PropTiger.com,1,0,0,1,0,Business Operations / Management Analyst,12,Tier D (Low Relevance / Boutique),P3 - Ad-Hoc
Croma,1,0,0,1,0,Business Operations / Management Analyst,12,Tier D (Low Relevance / Boutique),P3 - Ad-Hoc
Supermarket (Food Retail – Contract),1,0,0,1,0,Business Operations / Management Analyst,12,Tier D (Low Relevance / Boutique),P3 - Ad-Hoc
HSBC via Allegis Global Solutions,1,0,0,1,0,Business Operations / Management Analyst,12,Tier D (Low Relevance / Boutique),P3 - Ad-Hoc
THE METAL EXTRUSIONS,1,0,0,1,0,Business Operations / Management Analyst,12,Tier D (Low Relevance / Boutique),P3 - Ad-Hoc
Kotaklife insurance,1,0,0,1,0,Business Operations / Management Analyst,12,Tier D (Low Relevance / Boutique),P3 - Ad-Hoc
UniTxt Pro,1,0,0,1,0,Business Operations / Management Analyst,12,Tier D (Low Relevance / Boutique),P3 - Ad-Hoc
Flivv Developers,1,0,0,1,0,Business Operations / Management Analyst,12,Tier D (Low Relevance / Boutique),P3 - Ad-Hoc
CereOne Media Pvt Ltd,1,0,0,1,0,Business Operations / Management Analyst,12,Tier D (Low Relevance / Boutique),P3 - Ad-Hoc
NRSR&Co,1,0,0,1,0,Business Operations / Management Analyst,12,Tier D (Low Relevance / Boutique),P3 - Ad-Hoc
REDOQ,1,0,0,1,0,Business Operations / Management Analyst,12,Tier D (Low Relevance / Boutique),P3 - Ad-Hoc
JB Arrowstar Solutions Pvt. Ltd.,1,0,0,1,0,Business Operations / Management Analyst,12,Tier D (Low Relevance / Boutique),P3 - Ad-Hoc
VFI Consultant,1,0,0,1,0,Business Operations / Management Analyst,12,Tier D (Low Relevance / Boutique),P3 - Ad-Hoc
EcoA2Zee Private Limited,1,0,0,1,0,Business Operations / Management Analyst,12,Tier D (Low Relevance / Boutique),P3 - Ad-Hoc
Impetus,1,0,0,1,0,Business Operations / Management Analyst,12,Tier D (Low Relevance / Boutique),P3 - Ad-Hoc
Pierian Services,1,0,0,1,0,Business Operations / Management Analyst,12,Tier D (Low Relevance / Boutique),P3 - Ad-Hoc
Eclipse Financial Management,1,0,0,1,0,Business Operations / Management Analyst,12,Tier D (Low Relevance / Boutique),P3 - Ad-Hoc
A D Naik Wealth,1,0,0,1,0,Business Operations / Management Analyst,12,Tier D (Low Relevance / Boutique),P3 - Ad-Hoc
Global3,1,0,0,1,0,Business Operations / Management Analyst,12,Tier D (Low Relevance / Boutique),P3 - Ad-Hoc
IndiaAI,1,0,0,1,0,Business Operations / Management Analyst,12,Tier D (Low Relevance / Boutique),P3 - Ad-Hoc
Noble Influencers,1,0,0,1,0,Business Operations / Management Analyst,12,Tier D (Low Relevance / Boutique),P3 - Ad-Hoc
Oriflame Sweden Cosmetics / Independent Consultant,1,0,0,1,0,Business Operations / Management Analyst,12,Tier D (Low Relevance / Boutique),P3 - Ad-Hoc
Agro Tech Foods Limited,1,0,0,1,0,Business Operations / Management Analyst,12,Tier D (Low Relevance / Boutique),P3 - Ad-Hoc
Cocoblu Retail,1,0,0,1,0,Business Operations / Management Analyst,12,Tier D (Low Relevance / Boutique),P3 - Ad-Hoc
Piramal Realty,1,0,0,1,0,Business Operations / Management Analyst,12,Tier D (Low Relevance / Boutique),P3 - Ad-Hoc
Executive Search Firm,1,0,0,1,0,Business Operations / Management Analyst,12,Tier D (Low Relevance / Boutique),P3 - Ad-Hoc
BETFOC,1,0,0,1,0,Business Operations / Management Analyst,12,Tier D (Low Relevance / Boutique),P3 - Ad-Hoc
Coastr,1,0,0,1,0,Business Operations / Management Analyst,12,Tier D (Low Relevance / Boutique),P3 - Ad-Hoc
Upstox,1,0,0,1,0,Business Operations / Management Analyst,12,Tier D (Low Relevance / Boutique),P3 - Ad-Hoc
Success Point College - Middle East,1,0,0,1,0,Business Operations / Management Analyst,12,Tier D (Low Relevance / Boutique),P3 - Ad-Hoc
JSW,1,0,0,1,0,Business Operations / Management Analyst,12,Tier D (Low Relevance / Boutique),P3 - Ad-Hoc
EarthSync,1,0,0,1,0,Business Operations / Management Analyst,12,Tier D (Low Relevance / Boutique),P3 - Ad-Hoc
N9 World Technologies,1,0,0,1,0,Business Operations / Management Analyst,12,Tier D (Low Relevance / Boutique),P3 - Ad-Hoc
Delhi Public School (DPS),1,0,0,1,0,Business Operations / Management Analyst,12,Tier D (Low Relevance / Boutique),P3 - Ad-Hoc
iSync - iLogitron Technologies,1,0,0,1,0,Business Operations / Management Analyst,12,Tier D (Low Relevance / Boutique),P3 - Ad-Hoc
Property First Realty LLP,1,0,0,1,0,Business Operations / Management Analyst,12,Tier D (Low Relevance / Boutique),P3 - Ad-Hoc
EFC Limited (India),1,0,0,1,0,Business Operations / Management Analyst,12,Tier D (Low Relevance / Boutique),P3 - Ad-Hoc
Parinaam Foundation,1,0,0,1,0,Business Operations / Management Analyst,12,Tier D (Low Relevance / Boutique),P3 - Ad-Hoc
The Souled Store,1,0,0,1,0,Business Operations / Management Analyst,12,Tier D (Low Relevance / Boutique),P3 - Ad-Hoc
Opsio,1,0,0,1,0,Business Operations / Management Analyst,12,Tier D (Low Relevance / Boutique),P3 - Ad-Hoc
HDFC AMC,1,0,0,1,0,Business Operations / Management Analyst,12,Tier D (Low Relevance / Boutique),P3 - Ad-Hoc
SCHOTT Poonawalla,1,0,0,1,0,Business Operations / Management Analyst,12,Tier D (Low Relevance / Boutique),P3 - Ad-Hoc
Nangia Global,1,0,0,1,0,Business Operations / Management Analyst,12,Tier D (Low Relevance / Boutique),P3 - Ad-Hoc
Aavas Financiers Ltd,1,0,0,1,0,Business Operations / Management Analyst,12,Tier D (Low Relevance / Boutique),P3 - Ad-Hoc
Home First Finance Company (HFFC),1,0,0,1,0,Business Operations / Management Analyst,12,Tier D (Low Relevance / Boutique),P3 - Ad-Hoc
DeopersIndia,1,0,0,1,0,Business Operations / Management Analyst,12,Tier D (Low Relevance / Boutique),P3 - Ad-Hoc
www.themisto.in,1,0,0,1,0,Business Operations / Management Analyst,12,Tier D (Low Relevance / Boutique),P3 - Ad-Hoc
ClayWorks,1,0,0,1,0,Business Operations / Management Analyst,12,Tier D (Low Relevance / Boutique),P3 - Ad-Hoc
Sanjiwani Chikitsa Kendra,1,0,0,1,0,Business Operations / Management Analyst,12,Tier D (Low Relevance / Boutique),P3 - Ad-Hoc
IDBI Bank,1,0,0,1,0,Business Operations / Management Analyst,12,Tier D (Low Relevance / Boutique),P3 - Ad-Hoc
TrueWing Marketing,1,0,0,1,0,Business Operations / Management Analyst,12,Tier D (Low Relevance / Boutique),P3 - Ad-Hoc
S2 Design Studio,1,0,0,1,0,Business Operations / Management Analyst,12,Tier D (Low Relevance / Boutique),P3 - Ad-Hoc
Hytech Education,2,0,0,0,0,Business Operations / Management Analyst,4,Tier D (Low Relevance / Boutique),P3 - Ad-Hoc
Outlook Publishing (India) Pvt. Ltd.,2,0,0,0,0,Business Operations / Management Analyst,4,Tier D (Low Relevance / Boutique),P3 - Ad-Hoc
Hexaware Technologies,2,0,0,0,0,Business Operations / Management Analyst,4,Tier D (Low Relevance / Boutique),P3 - Ad-Hoc
InSnap Technologies Pvt Ltd,2,0,0,0,0,Business Operations / Management Analyst,4,Tier D (Low Relevance / Boutique),P3 - Ad-Hoc
Kroll,2,0,0,0,0,Business Operations / Management Analyst,4,Tier D (Low Relevance / Boutique),P3 - Ad-Hoc
Zilios,2,0,0,0,0,Business Operations / Management Analyst,4,Tier D (Low Relevance / Boutique),P3 - Ad-Hoc
MIT World Peace University,2,0,0,0,0,Business Operations / Management Analyst,4,Tier D (Low Relevance / Boutique),P3 - Ad-Hoc
Adani Solar,2,0,0,0,0,Business Operations / Management Analyst,4,Tier D (Low Relevance / Boutique),P3 - Ad-Hoc
Rao Consultants,2,0,0,0,0,Business Operations / Management Analyst,4,Tier D (Low Relevance / Boutique),P3 - Ad-Hoc
Apexon,2,0,0,0,0,Business Operations / Management Analyst,4,Tier D (Low Relevance / Boutique),P3 - Ad-Hoc
YugaYatra Retail ( OPC ) Private Ltd,2,0,0,0,0,Business Operations / Management Analyst,4,Tier D (Low Relevance / Boutique),P3 - Ad-Hoc
BNP Paribas CIB,2,0,0,0,0,Business Operations / Management Analyst,4,Tier D (Low Relevance / Boutique),P3 - Ad-Hoc
Christ Academy Institute of law,2,0,0,0,0,Business Operations / Management Analyst,4,Tier D (Low Relevance / Boutique),P3 - Ad-Hoc
SVKM's NMIMS Kirit P. Mehta School of Law Moot Court Committee,2,0,0,0,0,Business Operations / Management Analyst,4,Tier D (Low Relevance / Boutique),P3 - Ad-Hoc
Freelancer,2,0,0,0,0,Business Operations / Management Analyst,4,Tier D (Low Relevance / Boutique),P3 - Ad-Hoc
Prime Legal,2,0,0,0,0,Business Operations / Management Analyst,4,Tier D (Low Relevance / Boutique),P3 - Ad-Hoc
Business Owner,2,0,0,0,0,Business Operations / Management Analyst,4,Tier D (Low Relevance / Boutique),P3 - Ad-Hoc
UniAcco,2,0,0,0,0,Business Operations / Management Analyst,4,Tier D (Low Relevance / Boutique),P3 - Ad-Hoc
GLG,2,0,0,0,0,Business Operations / Management Analyst,4,Tier D (Low Relevance / Boutique),P3 - Ad-Hoc
UTI Mutual Fund,2,0,0,0,0,Business Operations / Management Analyst,4,Tier D (Low Relevance / Boutique),P3 - Ad-Hoc
DoraDAO,2,0,0,0,0,Business Operations / Management Analyst,4,Tier D (Low Relevance / Boutique),P3 - Ad-Hoc
Lifesight,2,0,0,0,0,Business Operations / Management Analyst,4,Tier D (Low Relevance / Boutique),P3 - Ad-Hoc
MHP – A Porsche Company,2,0,0,0,0,Business Operations / Management Analyst,4,Tier D (Low Relevance / Boutique),P3 - Ad-Hoc
Intervue.io,2,0,0,0,0,Business Operations / Management Analyst,4,Tier D (Low Relevance / Boutique),P3 - Ad-Hoc
Steel Authority of India Limited,2,0,0,0,0,Business Operations / Management Analyst,4,Tier D (Low Relevance / Boutique),P3 - Ad-Hoc
Healthletic Lifestyle,2,0,0,0,0,Business Operations / Management Analyst,4,Tier D (Low Relevance / Boutique),P3 - Ad-Hoc
NJ Group,2,0,0,0,0,Business Operations / Management Analyst,4,Tier D (Low Relevance / Boutique),P3 - Ad-Hoc
88GB,2,0,0,0,0,Business Operations / Management Analyst,4,Tier D (Low Relevance / Boutique),P3 - Ad-Hoc
London Stock Exchange,2,0,0,0,0,Business Operations / Management Analyst,4,Tier D (Low Relevance / Boutique),P3 - Ad-Hoc
Kibuschool,2,0,0,0,0,Business Operations / Management Analyst,4,Tier D (Low Relevance / Boutique),P3 - Ad-Hoc
MarketStar India (Regalix),2,0,0,0,0,Business Operations / Management Analyst,4,Tier D (Low Relevance / Boutique),P3 - Ad-Hoc
NetSuite,2,0,0,0,0,Business Operations / Management Analyst,4,Tier D (Low Relevance / Boutique),P3 - Ad-Hoc
Daimler Truck Innovation Center India (DTICI),2,0,0,0,0,Business Operations / Management Analyst,4,Tier D (Low Relevance / Boutique),P3 - Ad-Hoc
Tredence Inc.,2,0,0,0,0,Business Operations / Management Analyst,4,Tier D (Low Relevance / Boutique),P3 - Ad-Hoc
Mastercard,2,0,0,0,0,Business Operations / Management Analyst,4,Tier D (Low Relevance / Boutique),P3 - Ad-Hoc
Adobe,2,0,0,0,0,Business Operations / Management Analyst,4,Tier D (Low Relevance / Boutique),P3 - Ad-Hoc
Niche | Marketing Club,2,0,0,0,0,Business Operations / Management Analyst,4,Tier D (Low Relevance / Boutique),P3 - Ad-Hoc
Pocket FM,2,0,0,0,0,Business Operations / Management Analyst,4,Tier D (Low Relevance / Boutique),P3 - Ad-Hoc
Sainsbury's,2,0,0,0,0,Business Operations / Management Analyst,4,Tier D (Low Relevance / Boutique),P3 - Ad-Hoc
Wipro Consumer Care and Lighting,2,0,0,0,0,Business Operations / Management Analyst,4,Tier D (Low Relevance / Boutique),P3 - Ad-Hoc
UnifyCX,2,0,0,0,0,Business Operations / Management Analyst,4,Tier D (Low Relevance / Boutique),P3 - Ad-Hoc
Kristu Jayanti University,2,0,0,0,0,Business Operations / Management Analyst,4,Tier D (Low Relevance / Boutique),P3 - Ad-Hoc
World Brain Center Hospital - India,2,0,0,0,0,Business Operations / Management Analyst,4,Tier D (Low Relevance / Boutique),P3 - Ad-Hoc
Personal Projects,2,0,0,0,0,Business Operations / Management Analyst,4,Tier D (Low Relevance / Boutique),P3 - Ad-Hoc
Varcons Technologies,2,0,0,0,0,Business Operations / Management Analyst,4,Tier D (Low Relevance / Boutique),P3 - Ad-Hoc
Ascent Decor,2,0,0,0,0,Business Operations / Management Analyst,4,Tier D (Low Relevance / Boutique),P3 - Ad-Hoc
PayU,2,0,0,0,0,Business Operations / Management Analyst,4,Tier D (Low Relevance / Boutique),P3 - Ad-Hoc
Landmark Group,2,0,0,0,0,Business Operations / Management Analyst,4,Tier D (Low Relevance / Boutique),P3 - Ad-Hoc
Cashfree Payments,2,0,0,0,0,Business Operations / Management Analyst,4,Tier D (Low Relevance / Boutique),P3 - Ad-Hoc
SAPTHAGIRI NPS UNIVERSITY,2,0,0,0,0,Business Operations / Management Analyst,4,Tier D (Low Relevance / Boutique),P3 - Ad-Hoc
Future Leaders Programme for Christites,2,0,0,0,0,Business Operations / Management Analyst,4,Tier D (Low Relevance / Boutique),P3 - Ad-Hoc
Alchemist Marketing & Talent Solutions,2,0,0,0,0,Business Operations / Management Analyst,4,Tier D (Low Relevance / Boutique),P3 - Ad-Hoc
The Indian Express,2,0,0,0,0,Business Operations / Management Analyst,4,Tier D (Low Relevance / Boutique),P3 - Ad-Hoc
GEMS Education,2,0,0,0,0,Business Operations / Management Analyst,4,Tier D (Low Relevance / Boutique),P3 - Ad-Hoc
Ellucian,2,0,0,0,0,Business Operations / Management Analyst,4,Tier D (Low Relevance / Boutique),P3 - Ad-Hoc
IIMBx Digital Learning Foundation,2,0,0,0,0,Business Operations / Management Analyst,4,Tier D (Low Relevance / Boutique),P3 - Ad-Hoc
India Today,2,0,0,0,0,Business Operations / Management Analyst,4,Tier D (Low Relevance / Boutique),P3 - Ad-Hoc
Moshi Moshi - The Communication Company,2,0,0,0,0,Business Operations / Management Analyst,4,Tier D (Low Relevance / Boutique),P3 - Ad-Hoc
Dabur India Limited,2,0,0,0,0,Business Operations / Management Analyst,4,Tier D (Low Relevance / Boutique),P3 - Ad-Hoc
Bharat Electronics Limited,2,0,0,0,0,Business Operations / Management Analyst,4,Tier D (Low Relevance / Boutique),P3 - Ad-Hoc
Quantum Leap Learning Solutions Pvt Ltd,2,0,0,0,0,Business Operations / Management Analyst,4,Tier D (Low Relevance / Boutique),P3 - Ad-Hoc
ＳＫＹＴＨＲＩＮΞＴＨＲΛ,2,0,0,0,0,Business Operations / Management Analyst,4,Tier D (Low Relevance / Boutique),P3 - Ad-Hoc
Brigade Group,2,0,0,0,0,Business Operations / Management Analyst,4,Tier D (Low Relevance / Boutique),P3 - Ad-Hoc
Tata Steel,2,0,0,0,0,Business Operations / Management Analyst,4,Tier D (Low Relevance / Boutique),P3 - Ad-Hoc
Christ University,2,0,0,0,0,Business Operations / Management Analyst,4,Tier D (Low Relevance / Boutique),P3 - Ad-Hoc
Young ICCA,2,0,0,0,0,Business Operations / Management Analyst,4,Tier D (Low Relevance / Boutique),P3 - Ad-Hoc
News Tap One,2,0,0,0,0,Business Operations / Management Analyst,4,Tier D (Low Relevance / Boutique),P3 - Ad-Hoc
HDFC Mutual Fund,2,0,0,0,0,Business Operations / Management Analyst,4,Tier D (Low Relevance / Boutique),P3 - Ad-Hoc
Singapore Training And Development Association (STADA),2,0,0,0,0,Business Operations / Management Analyst,4,Tier D (Low Relevance / Boutique),P3 - Ad-Hoc
Qodeit,2,0,0,0,0,Business Operations / Management Analyst,4,Tier D (Low Relevance / Boutique),P3 - Ad-Hoc
Wissen Infotech,2,0,0,0,0,Business Operations / Management Analyst,4,Tier D (Low Relevance / Boutique),P3 - Ad-Hoc
Uptrail,2,0,0,0,0,Business Operations / Management Analyst,4,Tier D (Low Relevance / Boutique),P3 - Ad-Hoc
Mosaic Wellness,2,0,0,0,0,Business Operations / Management Analyst,4,Tier D (Low Relevance / Boutique),P3 - Ad-Hoc
Nova Benefits,2,0,0,0,0,Business Operations / Management Analyst,4,Tier D (Low Relevance / Boutique),P3 - Ad-Hoc
Wings Events,2,0,0,0,0,Business Operations / Management Analyst,4,Tier D (Low Relevance / Boutique),P3 - Ad-Hoc
NEWME,2,0,0,0,0,Business Operations / Management Analyst,4,Tier D (Low Relevance / Boutique),P3 - Ad-Hoc
Crane Consulting and Outsourcing,2,0,0,0,0,Business Operations / Management Analyst,4,Tier D (Low Relevance / Boutique),P3 - Ad-Hoc
"DRDO, Ministry of Defence, Govt. of India",2,0,0,0,0,Business Operations / Management Analyst,4,Tier D (Low Relevance / Boutique),P3 - Ad-Hoc
Travarsa Private Limited,2,0,0,0,0,Business Operations / Management Analyst,4,Tier D (Low Relevance / Boutique),P3 - Ad-Hoc
District and Sessions Court,2,0,0,0,0,Business Operations / Management Analyst,4,Tier D (Low Relevance / Boutique),P3 - Ad-Hoc
Recruiterflow,2,0,0,0,0,Business Operations / Management Analyst,4,Tier D (Low Relevance / Boutique),P3 - Ad-Hoc
First Citizens India,2,0,0,0,0,Business Operations / Management Analyst,4,Tier D (Low Relevance / Boutique),P3 - Ad-Hoc
Media Mantra,2,0,0,0,0,Business Operations / Management Analyst,4,Tier D (Low Relevance / Boutique),P3 - Ad-Hoc
Havells India Ltd,2,0,0,0,0,Business Operations / Management Analyst,4,Tier D (Low Relevance / Boutique),P3 - Ad-Hoc
Preferred Square,2,0,0,0,0,Business Operations / Management Analyst,4,Tier D (Low Relevance / Boutique),P3 - Ad-Hoc
National Cadet Corps,2,0,0,0,0,Business Operations / Management Analyst,4,Tier D (Low Relevance / Boutique),P3 - Ad-Hoc
Entrepreneurship Cell Kengeri,2,0,0,0,0,Business Operations / Management Analyst,4,Tier D (Low Relevance / Boutique),P3 - Ad-Hoc
DWF (Legal Operations),2,0,0,0,0,Business Operations / Management Analyst,4,Tier D (Low Relevance / Boutique),P3 - Ad-Hoc
CavinKare,2,0,0,0,0,Business Operations / Management Analyst,4,Tier D (Low Relevance / Boutique),P3 - Ad-Hoc
HiveMinds,2,0,0,0,0,Business Operations / Management Analyst,4,Tier D (Low Relevance / Boutique),P3 - Ad-Hoc
CodeAlpha,2,0,0,0,0,Business Operations / Management Analyst,4,Tier D (Low Relevance / Boutique),P3 - Ad-Hoc
University Living,2,0,0,0,0,Business Operations / Management Analyst,4,Tier D (Low Relevance / Boutique),P3 - Ad-Hoc
"Indian Institute of Technology, Roorkee",2,0,0,0,0,Business Operations / Management Analyst,4,Tier D (Low Relevance / Boutique),P3 - Ad-Hoc
FactSet,2,0,0,0,0,Business Operations / Management Analyst,4,Tier D (Low Relevance / Boutique),P3 - Ad-Hoc
Smart Food Safe : Quality & Food Safety Management Software,2,0,0,0,0,Business Operations / Management Analyst,4,Tier D (Low Relevance / Boutique),P3 - Ad-Hoc
Telstra,2,0,0,0,0,Business Operations / Management Analyst,4,Tier D (Low Relevance / Boutique),P3 - Ad-Hoc
DIAGEO India,2,0,0,0,0,Business Operations / Management Analyst,4,Tier D (Low Relevance / Boutique),P3 - Ad-Hoc
Wolters Kluwer,2,0,0,0,0,Business Operations / Management Analyst,4,Tier D (Low Relevance / Boutique),P3 - Ad-Hoc
"Jyoti Nivas College Autonomous, Bangalore",2,0,0,0,0,Business Operations / Management Analyst,4,Tier D (Low Relevance / Boutique),P3 - Ad-Hoc
NAVEX,2,0,0,0,0,Business Operations / Management Analyst,4,Tier D (Low Relevance / Boutique),P3 - Ad-Hoc
Tarento Group,2,0,0,0,0,Business Operations / Management Analyst,4,Tier D (Low Relevance / Boutique),P3 - Ad-Hoc
Ramaiah Institute Of Management (MSRIM),2,0,0,0,0,Business Operations / Management Analyst,4,Tier D (Low Relevance / Boutique),P3 - Ad-Hoc
Bharat Petroleum Corporation Limited,2,0,0,0,0,Business Operations / Management Analyst,4,Tier D (Low Relevance / Boutique),P3 - Ad-Hoc
Traicon India Private Limited,2,0,0,0,0,Business Operations / Management Analyst,4,Tier D (Low Relevance / Boutique),P3 - Ad-Hoc
Bajaj Capital Ltd,2,0,0,0,0,Business Operations / Management Analyst,4,Tier D (Low Relevance / Boutique),P3 - Ad-Hoc
Han Digital Solution,2,0,0,0,0,Business Operations / Management Analyst,4,Tier D (Low Relevance / Boutique),P3 - Ad-Hoc
CRY - Child Rights and You,2,0,0,0,0,Business Operations / Management Analyst,4,Tier D (Low Relevance / Boutique),P3 - Ad-Hoc
SURAKSHA CHAKRA FOUNDATION INDIA,2,0,0,0,0,Business Operations / Management Analyst,4,Tier D (Low Relevance / Boutique),P3 - Ad-Hoc
Indpro.io,2,0,0,0,0,Business Operations / Management Analyst,4,Tier D (Low Relevance / Boutique),P3 - Ad-Hoc
Instagram,2,0,0,0,0,Business Operations / Management Analyst,4,Tier D (Low Relevance / Boutique),P3 - Ad-Hoc
IHX - A Perfios Company,2,0,0,0,0,Business Operations / Management Analyst,4,Tier D (Low Relevance / Boutique),P3 - Ad-Hoc
ScaleX,2,0,0,0,0,Business Operations / Management Analyst,4,Tier D (Low Relevance / Boutique),P3 - Ad-Hoc
Aditya Birla Sun Life Mutual Fund (ABSLMF),2,0,0,0,0,Business Operations / Management Analyst,4,Tier D (Low Relevance / Boutique),P3 - Ad-Hoc
The Times Of India,2,0,0,0,0,Business Operations / Management Analyst,4,Tier D (Low Relevance / Boutique),P3 - Ad-Hoc
Edunet Foundation,2,0,0,0,0,Business Operations / Management Analyst,4,Tier D (Low Relevance / Boutique),P3 - Ad-Hoc
JM Financial Ltd,2,0,0,0,0,Business Operations / Management Analyst,4,Tier D (Low Relevance / Boutique),P3 - Ad-Hoc
Humans Care Foundation,2,0,0,0,0,Business Operations / Management Analyst,4,Tier D (Low Relevance / Boutique),P3 - Ad-Hoc
Burson,2,0,0,0,0,Business Operations / Management Analyst,4,Tier D (Low Relevance / Boutique),P3 - Ad-Hoc
ITILITE,2,0,0,0,0,Business Operations / Management Analyst,4,Tier D (Low Relevance / Boutique),P3 - Ad-Hoc
Airtribe,2,0,0,0,0,Business Operations / Management Analyst,4,Tier D (Low Relevance / Boutique),P3 - Ad-Hoc
Gain.pro,2,0,0,0,0,Business Operations / Management Analyst,4,Tier D (Low Relevance / Boutique),P3 - Ad-Hoc
EntTelligence,2,0,0,0,0,Business Operations / Management Analyst,4,Tier D (Low Relevance / Boutique),P3 - Ad-Hoc
Trigent Software - Professional Services,2,0,0,0,0,Business Operations / Management Analyst,4,Tier D (Low Relevance / Boutique),P3 - Ad-Hoc
Bain & Company,2,0,0,0,0,Business Operations / Management Analyst,4,Tier D (Low Relevance / Boutique),P3 - Ad-Hoc
International Business Association of Christ University,2,0,0,0,0,Business Operations / Management Analyst,4,Tier D (Low Relevance / Boutique),P3 - Ad-Hoc
Zolo,2,0,0,0,0,Business Operations / Management Analyst,4,Tier D (Low Relevance / Boutique),P3 - Ad-Hoc
Triplespeed,2,0,0,0,0,Business Operations / Management Analyst,4,Tier D (Low Relevance / Boutique),P3 - Ad-Hoc
Quantamise Code,2,0,0,0,0,Business Operations / Management Analyst,4,Tier D (Low Relevance / Boutique),P3 - Ad-Hoc
SkillCraft Technology,2,0,0,0,0,Business Operations / Management Analyst,4,Tier D (Low Relevance / Boutique),P3 - Ad-Hoc
Airtel Digital,2,0,0,0,0,Business Operations / Management Analyst,4,Tier D (Low Relevance / Boutique),P3 - Ad-Hoc
"Christ University, Bangalore Kengeri Campus (Official)",2,0,0,0,0,Business Operations / Management Analyst,4,Tier D (Low Relevance / Boutique),P3 - Ad-Hoc
SCIT - Symbiosis Centre For Information Technology,2,0,0,0,0,Business Operations / Management Analyst,4,Tier D (Low Relevance / Boutique),P3 - Ad-Hoc
Heart It Out,2,0,0,0,0,Business Operations / Management Analyst,4,Tier D (Low Relevance / Boutique),P3 - Ad-Hoc
Headout,2,0,0,0,0,Business Operations / Management Analyst,4,Tier D (Low Relevance / Boutique),P3 - Ad-Hoc
Scoop Insurance Brokers,2,0,0,0,0,Business Operations / Management Analyst,4,Tier D (Low Relevance / Boutique),P3 - Ad-Hoc
NVIDIA,2,0,0,0,0,Business Operations / Management Analyst,4,Tier D (Low Relevance / Boutique),P3 - Ad-Hoc
AAPNA Infotheek Pvt. Ltd.,2,0,0,0,0,Business Operations / Management Analyst,4,Tier D (Low Relevance / Boutique),P3 - Ad-Hoc
Sharda Exports,2,0,0,0,0,Business Operations / Management Analyst,4,Tier D (Low Relevance / Boutique),P3 - Ad-Hoc
HP,2,0,0,0,0,Business Operations / Management Analyst,4,Tier D (Low Relevance / Boutique),P3 - Ad-Hoc
FABDIZ,2,0,0,0,0,Business Operations / Management Analyst,4,Tier D (Low Relevance / Boutique),P3 - Ad-Hoc
SISA,2,0,0,0,0,Business Operations / Management Analyst,4,Tier D (Low Relevance / Boutique),P3 - Ad-Hoc
Tiger Analytics,2,0,0,0,0,Business Operations / Management Analyst,4,Tier D (Low Relevance / Boutique),P3 - Ad-Hoc
Besant Technologies Bengaluru (BTM Layout),2,0,0,0,0,Business Operations / Management Analyst,4,Tier D (Low Relevance / Boutique),P3 - Ad-Hoc
1M1B (1 Million for 1 Billion),2,0,0,0,0,Business Operations / Management Analyst,4,Tier D (Low Relevance / Boutique),P3 - Ad-Hoc
Wooqer,2,0,0,0,0,Business Operations / Management Analyst,4,Tier D (Low Relevance / Boutique),P3 - Ad-Hoc
Outskill,2,0,0,0,0,Business Operations / Management Analyst,4,Tier D (Low Relevance / Boutique),P3 - Ad-Hoc
American Express Global Business Travel,2,0,0,0,0,Business Operations / Management Analyst,4,Tier D (Low Relevance / Boutique),P3 - Ad-Hoc
BT Group,2,0,0,0,0,Business Operations / Management Analyst,4,Tier D (Low Relevance / Boutique),P3 - Ad-Hoc
ELiteTech Intern,2,0,0,0,0,Business Operations / Management Analyst,4,Tier D (Low Relevance / Boutique),P3 - Ad-Hoc
Co-op,2,0,0,0,0,Business Operations / Management Analyst,4,Tier D (Low Relevance / Boutique),P3 - Ad-Hoc
TP,2,0,0,0,0,Business Operations / Management Analyst,4,Tier D (Low Relevance / Boutique),P3 - Ad-Hoc
Schbang,2,0,0,0,0,Business Operations / Management Analyst,4,Tier D (Low Relevance / Boutique),P3 - Ad-Hoc
SmartSoC Solutions Pvt Ltd,2,0,0,0,0,Business Operations / Management Analyst,4,Tier D (Low Relevance / Boutique),P3 - Ad-Hoc
Bristlecone,2,0,0,0,0,Business Operations / Management Analyst,4,Tier D (Low Relevance / Boutique),P3 - Ad-Hoc
Mondelēz International,2,0,0,0,0,Business Operations / Management Analyst,4,Tier D (Low Relevance / Boutique),P3 - Ad-Hoc
Cargill,2,0,0,0,0,Business Operations / Management Analyst,4,Tier D (Low Relevance / Boutique),P3 - Ad-Hoc
Bajaj Allianz Life Insurance,2,0,0,0,0,Business Operations / Management Analyst,4,Tier D (Low Relevance / Boutique),P3 - Ad-Hoc
Manhattan Associates,2,0,0,0,0,Business Operations / Management Analyst,4,Tier D (Low Relevance / Boutique),P3 - Ad-Hoc
Moder,2,0,0,0,0,Business Operations / Management Analyst,4,Tier D (Low Relevance / Boutique),P3 - Ad-Hoc
eInfochips (An Arrow Company),2,0,0,0,0,Business Operations / Management Analyst,4,Tier D (Low Relevance / Boutique),P3 - Ad-Hoc
KFin Technologies Ltd.,2,0,0,0,0,Business Operations / Management Analyst,4,Tier D (Low Relevance / Boutique),P3 - Ad-Hoc
Juniper Square,2,0,0,0,0,Business Operations / Management Analyst,4,Tier D (Low Relevance / Boutique),P3 - Ad-Hoc
SAP,2,0,0,0,0,Business Operations / Management Analyst,4,Tier D (Low Relevance / Boutique),P3 - Ad-Hoc
Dover India,2,0,0,0,0,Business Operations / Management Analyst,4,Tier D (Low Relevance / Boutique),P3 - Ad-Hoc
St Joseph's University,2,0,0,0,0,Business Operations / Management Analyst,4,Tier D (Low Relevance / Boutique),P3 - Ad-Hoc
Intent Farm - Performance Marketing Agency,2,0,0,0,0,Business Operations / Management Analyst,4,Tier D (Low Relevance / Boutique),P3 - Ad-Hoc
Kantar,2,0,0,0,0,Business Operations / Management Analyst,4,Tier D (Low Relevance / Boutique),P3 - Ad-Hoc
The Press Project.,2,0,0,0,0,Business Operations / Management Analyst,4,Tier D (Low Relevance / Boutique),P3 - Ad-Hoc
Valenta,2,0,0,0,0,Business Operations / Management Analyst,4,Tier D (Low Relevance / Boutique),P3 - Ad-Hoc
Fortrea,2,0,0,0,0,Business Operations / Management Analyst,4,Tier D (Low Relevance / Boutique),P3 - Ad-Hoc
Epicor,2,0,0,0,0,Business Operations / Management Analyst,4,Tier D (Low Relevance / Boutique),P3 - Ad-Hoc
LeadSquared,2,0,0,0,0,Business Operations / Management Analyst,4,Tier D (Low Relevance / Boutique),P3 - Ad-Hoc
Syngene International Limited,2,0,0,0,0,Business Operations / Management Analyst,4,Tier D (Low Relevance / Boutique),P3 - Ad-Hoc
ICON plc,2,0,0,0,0,Business Operations / Management Analyst,4,Tier D (Low Relevance / Boutique),P3 - Ad-Hoc
TimesPro,1,0,0,0,0,Business Operations / Management Analyst,2,Tier D (Low Relevance / Boutique),P3 - Ad-Hoc
Shubham K-Mart Pvt Ltd,1,0,0,0,0,Business Operations / Management Analyst,2,Tier D (Low Relevance / Boutique),P3 - Ad-Hoc
BGS IAS,1,0,0,0,0,Business Operations / Management Analyst,2,Tier D (Low Relevance / Boutique),P3 - Ad-Hoc
Umang,1,0,0,0,0,Business Operations / Management Analyst,2,Tier D (Low Relevance / Boutique),P3 - Ad-Hoc
Giant Eagle GCC,1,0,0,0,0,Business Operations / Management Analyst,2,Tier D (Low Relevance / Boutique),P3 - Ad-Hoc
Nita Mukesh Ambani Cultural Centre,1,0,0,0,0,Business Operations / Management Analyst,2,Tier D (Low Relevance / Boutique),P3 - Ad-Hoc
SN Associates & Co.,1,0,0,0,0,Business Operations / Management Analyst,2,Tier D (Low Relevance / Boutique),P3 - Ad-Hoc
WeAct_India,1,0,0,0,0,Business Operations / Management Analyst,2,Tier D (Low Relevance / Boutique),P3 - Ad-Hoc
R RAMPURIA & COMPANY,1,0,0,0,0,Business Operations / Management Analyst,2,Tier D (Low Relevance / Boutique),P3 - Ad-Hoc
SEA SPEED CHA SERVICES PRIVATE LIMITED,1,0,0,0,0,Business Operations / Management Analyst,2,Tier D (Low Relevance / Boutique),P3 - Ad-Hoc
Pineapple Consulting,1,0,0,0,0,Business Operations / Management Analyst,2,Tier D (Low Relevance / Boutique),P3 - Ad-Hoc
Scholar India Publishers,1,0,0,0,0,Business Operations / Management Analyst,2,Tier D (Low Relevance / Boutique),P3 - Ad-Hoc
Jorhat Stallions,1,0,0,0,0,Business Operations / Management Analyst,2,Tier D (Low Relevance / Boutique),P3 - Ad-Hoc
AEGIS law group,1,0,0,0,0,Business Operations / Management Analyst,2,Tier D (Low Relevance / Boutique),P3 - Ad-Hoc
Dublin City University,1,0,0,0,0,Business Operations / Management Analyst,2,Tier D (Low Relevance / Boutique),P3 - Ad-Hoc
Odisha Development Management Programme(ODMP),1,0,0,0,0,Business Operations / Management Analyst,2,Tier D (Low Relevance / Boutique),P3 - Ad-Hoc
Happy Folks Club,1,0,0,0,0,Business Operations / Management Analyst,2,Tier D (Low Relevance / Boutique),P3 - Ad-Hoc
HWLE Lawyers,1,0,0,0,0,Business Operations / Management Analyst,2,Tier D (Low Relevance / Boutique),P3 - Ad-Hoc
Innovaskill Technologies Private Limited,1,0,0,0,0,Business Operations / Management Analyst,2,Tier D (Low Relevance / Boutique),P3 - Ad-Hoc
TheConversions,1,0,0,0,0,Business Operations / Management Analyst,2,Tier D (Low Relevance / Boutique),P3 - Ad-Hoc
Marrybrown,1,0,0,0,0,Business Operations / Management Analyst,2,Tier D (Low Relevance / Boutique),P3 - Ad-Hoc
Aara Education Consultancy,1,0,0,0,0,Business Operations / Management Analyst,2,Tier D (Low Relevance / Boutique),P3 - Ad-Hoc
Enactus H.R. College,1,0,0,0,0,Business Operations / Management Analyst,2,Tier D (Low Relevance / Boutique),P3 - Ad-Hoc
Pacmays Media,1,0,0,0,0,Business Operations / Management Analyst,2,Tier D (Low Relevance / Boutique),P3 - Ad-Hoc
Obsydian_official,1,0,0,0,0,Business Operations / Management Analyst,2,Tier D (Low Relevance / Boutique),P3 - Ad-Hoc
LEASIT,1,0,0,0,0,Business Operations / Management Analyst,2,Tier D (Low Relevance / Boutique),P3 - Ad-Hoc
Park Place Technologies,1,0,0,0,0,Business Operations / Management Analyst,2,Tier D (Low Relevance / Boutique),P3 - Ad-Hoc
LOBB Logistics,1,0,0,0,0,Business Operations / Management Analyst,2,Tier D (Low Relevance / Boutique),P3 - Ad-Hoc
Happy Faces Vadodara,1,0,0,0,0,Business Operations / Management Analyst,2,Tier D (Low Relevance / Boutique),P3 - Ad-Hoc
ReNyou- Reflections 'N' You Counselling & Mental Wellbeing Services,1,0,0,0,0,Business Operations / Management Analyst,2,Tier D (Low Relevance / Boutique),P3 - Ad-Hoc
Impact Body Works,1,0,0,0,0,Business Operations / Management Analyst,2,Tier D (Low Relevance / Boutique),P3 - Ad-Hoc
SKIL Events,1,0,0,0,0,Business Operations / Management Analyst,2,Tier D (Low Relevance / Boutique),P3 - Ad-Hoc
Worldview Education,1,0,0,0,0,Business Operations / Management Analyst,2,Tier D (Low Relevance / Boutique),P3 - Ad-Hoc
D. E. Shaw Research,1,0,0,0,0,Business Operations / Management Analyst,2,Tier D (Low Relevance / Boutique),P3 - Ad-Hoc
HAVVOK,1,0,0,0,0,Business Operations / Management Analyst,2,Tier D (Low Relevance / Boutique),P3 - Ad-Hoc
Innovex Media LLP,1,0,0,0,0,Business Operations / Management Analyst,2,Tier D (Low Relevance / Boutique),P3 - Ad-Hoc
GenY Medium,1,0,0,0,0,Business Operations / Management Analyst,2,Tier D (Low Relevance / Boutique),P3 - Ad-Hoc
Elangovan and Associates LLP,1,0,0,0,0,Business Operations / Management Analyst,2,Tier D (Low Relevance / Boutique),P3 - Ad-Hoc
Curious Cat,1,0,0,0,0,Business Operations / Management Analyst,2,Tier D (Low Relevance / Boutique),P3 - Ad-Hoc
"Centre for Policies, Laws and Agenda, NUSRL Ranchi",1,0,0,0,0,Business Operations / Management Analyst,2,Tier D (Low Relevance / Boutique),P3 - Ad-Hoc
Commonwealth bank of Australia,1,0,0,0,0,Business Operations / Management Analyst,2,Tier D (Low Relevance / Boutique),P3 - Ad-Hoc
DFW Medical Practice Consultants,1,0,0,0,0,Business Operations / Management Analyst,2,Tier D (Low Relevance / Boutique),P3 - Ad-Hoc
Internal Complaint Committee,1,0,0,0,0,Business Operations / Management Analyst,2,Tier D (Low Relevance / Boutique),P3 - Ad-Hoc
Chambers of Sr. Adv. Munisha Gandhi,1,0,0,0,0,Business Operations / Management Analyst,2,Tier D (Low Relevance / Boutique),P3 - Ad-Hoc
ANGELEXPRESS NGO,1,0,0,0,0,Business Operations / Management Analyst,2,Tier D (Low Relevance / Boutique),P3 - Ad-Hoc
Deen Dayal Upadhyaya (DDU) Gorakhpur University,1,0,0,0,0,Business Operations / Management Analyst,2,Tier D (Low Relevance / Boutique),P3 - Ad-Hoc
Kermis Events Private Limited,1,0,0,0,0,Business Operations / Management Analyst,2,Tier D (Low Relevance / Boutique),P3 - Ad-Hoc
Vita Nova Educators,1,0,0,0,0,Business Operations / Management Analyst,2,Tier D (Low Relevance / Boutique),P3 - Ad-Hoc
Paradeep Phosphates,1,0,0,0,0,Business Operations / Management Analyst,2,Tier D (Low Relevance / Boutique),P3 - Ad-Hoc
TNS India Foundation,1,0,0,0,0,Business Operations / Management Analyst,2,Tier D (Low Relevance / Boutique),P3 - Ad-Hoc
Cryogas Equipment Pvt Ltd.,1,0,0,0,0,Business Operations / Management Analyst,2,Tier D (Low Relevance / Boutique),P3 - Ad-Hoc
LEAP India Limited,1,0,0,0,0,Business Operations / Management Analyst,2,Tier D (Low Relevance / Boutique),P3 - Ad-Hoc
Helping heroes india foundation,1,0,0,0,0,Business Operations / Management Analyst,2,Tier D (Low Relevance / Boutique),P3 - Ad-Hoc
QIMS,1,0,0,0,0,Business Operations / Management Analyst,2,Tier D (Low Relevance / Boutique),P3 - Ad-Hoc
QuadB Technologies,1,0,0,0,0,Business Operations / Management Analyst,2,Tier D (Low Relevance / Boutique),P3 - Ad-Hoc
"CGC University, Mohali",1,0,0,0,0,Business Operations / Management Analyst,2,Tier D (Low Relevance / Boutique),P3 - Ad-Hoc
Shree Impex,1,0,0,0,0,Business Operations / Management Analyst,2,Tier D (Low Relevance / Boutique),P3 - Ad-Hoc
Rajah Charitable Medical Trust,1,0,0,0,0,Business Operations / Management Analyst,2,Tier D (Low Relevance / Boutique),P3 - Ad-Hoc
MAAC,1,0,0,0,0,Business Operations / Management Analyst,2,Tier D (Low Relevance / Boutique),P3 - Ad-Hoc
Govt. Women’s College,1,0,0,0,0,Business Operations / Management Analyst,2,Tier D (Low Relevance / Boutique),P3 - Ad-Hoc
Rotaract club of ssmrv,1,0,0,0,0,Business Operations / Management Analyst,2,Tier D (Low Relevance / Boutique),P3 - Ad-Hoc
petcart,1,0,0,0,0,Business Operations / Management Analyst,2,Tier D (Low Relevance / Boutique),P3 - Ad-Hoc
The Muthoot Group,1,0,0,0,0,Business Operations / Management Analyst,2,Tier D (Low Relevance / Boutique),P3 - Ad-Hoc
SMS2ORBIT - Orbit Messaging Hub Pvt Ltd,1,0,0,0,0,Business Operations / Management Analyst,2,Tier D (Low Relevance / Boutique),P3 - Ad-Hoc
Branduo Studio - Design Agency,1,0,0,0,0,Business Operations / Management Analyst,2,Tier D (Low Relevance / Boutique),P3 - Ad-Hoc
Vinod Cookware India Pvt Ltd.,1,0,0,0,0,Business Operations / Management Analyst,2,Tier D (Low Relevance / Boutique),P3 - Ad-Hoc
Easenix Travels,1,0,0,0,0,Business Operations / Management Analyst,2,Tier D (Low Relevance / Boutique),P3 - Ad-Hoc
The Vancouver College of Dental Hygiene Inc.,1,0,0,0,0,Business Operations / Management Analyst,2,Tier D (Low Relevance / Boutique),P3 - Ad-Hoc
Odoo,1,0,0,0,0,Business Operations / Management Analyst,2,Tier D (Low Relevance / Boutique),P3 - Ad-Hoc
FUTURE MUN,1,0,0,0,0,Business Operations / Management Analyst,2,Tier D (Low Relevance / Boutique),P3 - Ad-Hoc
Arena Animation Sayajigunj,1,0,0,0,0,Business Operations / Management Analyst,2,Tier D (Low Relevance / Boutique),P3 - Ad-Hoc
RLRC India,1,0,0,0,0,Business Operations / Management Analyst,2,Tier D (Low Relevance / Boutique),P3 - Ad-Hoc
Pegasus Mortgage Lending Center,1,0,0,0,0,Business Operations / Management Analyst,2,Tier D (Low Relevance / Boutique),P3 - Ad-Hoc
Aditya Birla Group,1,0,0,0,0,Business Operations / Management Analyst,2,Tier D (Low Relevance / Boutique),P3 - Ad-Hoc
Interior Company,1,0,0,0,0,Business Operations / Management Analyst,2,Tier D (Low Relevance / Boutique),P3 - Ad-Hoc
Jawaharlal Nehru University,1,0,0,0,0,Business Operations / Management Analyst,2,Tier D (Low Relevance / Boutique),P3 - Ad-Hoc
JOB CONSULTANCY,1,0,0,0,0,Business Operations / Management Analyst,2,Tier D (Low Relevance / Boutique),P3 - Ad-Hoc
Manoharlal Jain & Company,1,0,0,0,0,Business Operations / Management Analyst,2,Tier D (Low Relevance / Boutique),P3 - Ad-Hoc
Foundation for Agrarian Studies,1,0,0,0,0,Business Operations / Management Analyst,2,Tier D (Low Relevance / Boutique),P3 - Ad-Hoc
Arivihan Technologies,1,0,0,0,0,Business Operations / Management Analyst,2,Tier D (Low Relevance / Boutique),P3 - Ad-Hoc
NutriOm Health Clinic,1,0,0,0,0,Business Operations / Management Analyst,2,Tier D (Low Relevance / Boutique),P3 - Ad-Hoc
SummitEdge,1,0,0,0,0,Business Operations / Management Analyst,2,Tier D (Low Relevance / Boutique),P3 - Ad-Hoc
ChannelMAX.Net,1,0,0,0,0,Business Operations / Management Analyst,2,Tier D (Low Relevance / Boutique),P3 - Ad-Hoc
Ask Your Why,1,0,0,0,0,Business Operations / Management Analyst,2,Tier D (Low Relevance / Boutique),P3 - Ad-Hoc
IFFCO Marketing,1,0,0,0,0,Business Operations / Management Analyst,2,Tier D (Low Relevance / Boutique),P3 - Ad-Hoc
Freelance (Self employed),1,0,0,0,0,Business Operations / Management Analyst,2,Tier D (Low Relevance / Boutique),P3 - Ad-Hoc
Mirae Asset Sharekhan,1,0,0,0,0,Business Operations / Management Analyst,2,Tier D (Low Relevance / Boutique),P3 - Ad-Hoc
"Marengo Asia Hospitals, Faridabad",1,0,0,0,0,Business Operations / Management Analyst,2,Tier D (Low Relevance / Boutique),P3 - Ad-Hoc
English World Education,1,0,0,0,0,Business Operations / Management Analyst,2,Tier D (Low Relevance / Boutique),P3 - Ad-Hoc
Daksh Law,1,0,0,0,0,Business Operations / Management Analyst,2,Tier D (Low Relevance / Boutique),P3 - Ad-Hoc
Mumbai Pav Co.,1,0,0,0,0,Business Operations / Management Analyst,2,Tier D (Low Relevance / Boutique),P3 - Ad-Hoc
Radvision World Consultancy Services LLP,1,0,0,0,0,Business Operations / Management Analyst,2,Tier D (Low Relevance / Boutique),P3 - Ad-Hoc
Bhoomi Natural Products and Exports Pvt.Ltd,1,0,0,0,0,Business Operations / Management Analyst,2,Tier D (Low Relevance / Boutique),P3 - Ad-Hoc
"Nair hospital Dental College, Mumbai",1,0,0,0,0,Business Operations / Management Analyst,2,Tier D (Low Relevance / Boutique),P3 - Ad-Hoc
Magnit Global,1,0,0,0,0,Business Operations / Management Analyst,2,Tier D (Low Relevance / Boutique),P3 - Ad-Hoc
Automative Stamping and Assemblies limited,1,0,0,0,0,Business Operations / Management Analyst,2,Tier D (Low Relevance / Boutique),P3 - Ad-Hoc
Infraspec,1,0,0,0,0,Business Operations / Management Analyst,2,Tier D (Low Relevance / Boutique),P3 - Ad-Hoc
Christ University Debating Society,1,0,0,0,0,Business Operations / Management Analyst,2,Tier D (Low Relevance / Boutique),P3 - Ad-Hoc
Synov IT Services Pvt Ltd,1,0,0,0,0,Business Operations / Management Analyst,2,Tier D (Low Relevance / Boutique),P3 - Ad-Hoc
ASPIRE FINANCE PRIVATE LIMITED,1,0,0,0,0,Business Operations / Management Analyst,2,Tier D (Low Relevance / Boutique),P3 - Ad-Hoc
Boston Institute of Analytics,1,0,0,0,0,Business Operations / Management Analyst,2,Tier D (Low Relevance / Boutique),P3 - Ad-Hoc
Aspire Institute,1,0,0,0,0,Business Operations / Management Analyst,2,Tier D (Low Relevance / Boutique),P3 - Ad-Hoc
Ekoching,1,0,0,0,0,Business Operations / Management Analyst,2,Tier D (Low Relevance / Boutique),P3 - Ad-Hoc
Green club of mithibai,1,0,0,0,0,Business Operations / Management Analyst,2,Tier D (Low Relevance / Boutique),P3 - Ad-Hoc
Glint Enterprises,1,0,0,0,0,Business Operations / Management Analyst,2,Tier D (Low Relevance / Boutique),P3 - Ad-Hoc
Advocate P Karunakar,1,0,0,0,0,Business Operations / Management Analyst,2,Tier D (Low Relevance / Boutique),P3 - Ad-Hoc
RJCP Subhash Misra & Co.,1,0,0,0,0,Business Operations / Management Analyst,2,Tier D (Low Relevance / Boutique),P3 - Ad-Hoc
Harvard Project for Asian and International Relations (HPAIR),1,0,0,0,0,Business Operations / Management Analyst,2,Tier D (Low Relevance / Boutique),P3 - Ad-Hoc
Tibox Technology Private Limited,1,0,0,0,0,Business Operations / Management Analyst,2,Tier D (Low Relevance / Boutique),P3 - Ad-Hoc
EVAK,1,0,0,0,0,Business Operations / Management Analyst,2,Tier D (Low Relevance / Boutique),P3 - Ad-Hoc
India Peace Centre,1,0,0,0,0,Business Operations / Management Analyst,2,Tier D (Low Relevance / Boutique),P3 - Ad-Hoc
Emertxe Information Technologies,1,0,0,0,0,Business Operations / Management Analyst,2,Tier D (Low Relevance / Boutique),P3 - Ad-Hoc
Savingz,1,0,0,0,0,Business Operations / Management Analyst,2,Tier D (Low Relevance / Boutique),P3 - Ad-Hoc
Center of Policy Research and Governance (CPRG),1,0,0,0,0,Business Operations / Management Analyst,2,Tier D (Low Relevance / Boutique),P3 - Ad-Hoc
LeDroit India,1,0,0,0,0,Business Operations / Management Analyst,2,Tier D (Low Relevance / Boutique),P3 - Ad-Hoc
Penn State Engineering Entrepreneurship,1,0,0,0,0,Business Operations / Management Analyst,2,Tier D (Low Relevance / Boutique),P3 - Ad-Hoc
Midas Finance,1,0,0,0,0,Business Operations / Management Analyst,2,Tier D (Low Relevance / Boutique),P3 - Ad-Hoc
Havas,1,0,0,0,0,Business Operations / Management Analyst,2,Tier D (Low Relevance / Boutique),P3 - Ad-Hoc
Rotary Club,1,0,0,0,0,Business Operations / Management Analyst,2,Tier D (Low Relevance / Boutique),P3 - Ad-Hoc
toothsialigners,1,0,0,0,0,Business Operations / Management Analyst,2,Tier D (Low Relevance / Boutique),P3 - Ad-Hoc
The Estée Lauder Companies Inc.,1,0,0,0,0,Business Operations / Management Analyst,2,Tier D (Low Relevance / Boutique),P3 - Ad-Hoc
Trisdel Media Pvt. Ltd.,1,0,0,0,0,Business Operations / Management Analyst,2,Tier D (Low Relevance / Boutique),P3 - Ad-Hoc
Career College Bhopal,1,0,0,0,0,Business Operations / Management Analyst,2,Tier D (Low Relevance / Boutique),P3 - Ad-Hoc
NMIMS Kirit P. Mehta School of Law's Centre For Research and Conferences,1,0,0,0,0,Business Operations / Management Analyst,2,Tier D (Low Relevance / Boutique),P3 - Ad-Hoc
FundEnable,1,0,0,0,0,Business Operations / Management Analyst,2,Tier D (Low Relevance / Boutique),P3 - Ad-Hoc
Sahu Steel,1,0,0,0,0,Business Operations / Management Analyst,2,Tier D (Low Relevance / Boutique),P3 - Ad-Hoc
TataCliq Luxury,1,0,0,0,0,Business Operations / Management Analyst,2,Tier D (Low Relevance / Boutique),P3 - Ad-Hoc
ByKasak,1,0,0,0,0,Business Operations / Management Analyst,2,Tier D (Low Relevance / Boutique),P3 - Ad-Hoc
St Johns Medical College -Dept of Hospital Administration,1,0,0,0,0,Business Operations / Management Analyst,2,Tier D (Low Relevance / Boutique),P3 - Ad-Hoc
The Institute of Company Secretaries of India,1,0,0,0,0,Business Operations / Management Analyst,2,Tier D (Low Relevance / Boutique),P3 - Ad-Hoc
The Lalit Suri Hospitality Group,1,0,0,0,0,Business Operations / Management Analyst,2,Tier D (Low Relevance / Boutique),P3 - Ad-Hoc
BrandMonitor,1,0,0,0,0,Business Operations / Management Analyst,2,Tier D (Low Relevance / Boutique),P3 - Ad-Hoc
InstaPract,1,0,0,0,0,Business Operations / Management Analyst,2,Tier D (Low Relevance / Boutique),P3 - Ad-Hoc
Farmland Rainwater Harvesting Systems,1,0,0,0,0,Business Operations / Management Analyst,2,Tier D (Low Relevance / Boutique),P3 - Ad-Hoc
Klyp,1,0,0,0,0,Business Operations / Management Analyst,2,Tier D (Low Relevance / Boutique),P3 - Ad-Hoc
Aimerz.ai,1,0,0,0,0,Business Operations / Management Analyst,2,Tier D (Low Relevance / Boutique),P3 - Ad-Hoc
InPrime Finserv,1,0,0,0,0,Business Operations / Management Analyst,2,Tier D (Low Relevance / Boutique),P3 - Ad-Hoc
Eksure Insurance Brokers Private Limited,1,0,0,0,0,Business Operations / Management Analyst,2,Tier D (Low Relevance / Boutique),P3 - Ad-Hoc
The Cawnpore Magazine,1,0,0,0,0,Business Operations / Management Analyst,2,Tier D (Low Relevance / Boutique),P3 - Ad-Hoc
Dovetail Capital Private Limited,1,0,0,0,0,Business Operations / Management Analyst,2,Tier D (Low Relevance / Boutique),P3 - Ad-Hoc
RMJ & Associates LLP,1,0,0,0,0,Business Operations / Management Analyst,2,Tier D (Low Relevance / Boutique),P3 - Ad-Hoc
Master's Union X Schbang,1,0,0,0,0,Business Operations / Management Analyst,2,Tier D (Low Relevance / Boutique),P3 - Ad-Hoc
BSEIndia,1,0,0,0,0,Business Operations / Management Analyst,2,Tier D (Low Relevance / Boutique),P3 - Ad-Hoc
Rotract Club NMCCE,1,0,0,0,0,Business Operations / Management Analyst,2,Tier D (Low Relevance / Boutique),P3 - Ad-Hoc
H&CO USA,1,0,0,0,0,Business Operations / Management Analyst,2,Tier D (Low Relevance / Boutique),P3 - Ad-Hoc
Beams Fintech Fund,1,0,0,0,0,Business Operations / Management Analyst,2,Tier D (Low Relevance / Boutique),P3 - Ad-Hoc
Gallantt Group,1,0,0,0,0,Business Operations / Management Analyst,2,Tier D (Low Relevance / Boutique),P3 - Ad-Hoc
"The Theory Club St. Xavier's College (Autonomous), Mumbai",1,0,0,0,0,Business Operations / Management Analyst,2,Tier D (Low Relevance / Boutique),P3 - Ad-Hoc
Mprex Healthcare P. Ltd,1,0,0,0,0,Business Operations / Management Analyst,2,Tier D (Low Relevance / Boutique),P3 - Ad-Hoc
RevOps Co-op,1,0,0,0,0,Business Operations / Management Analyst,2,Tier D (Low Relevance / Boutique),P3 - Ad-Hoc
Indian Bank,1,0,0,0,0,Business Operations / Management Analyst,2,Tier D (Low Relevance / Boutique),P3 - Ad-Hoc
Kaydee Capital,1,0,0,0,0,Business Operations / Management Analyst,2,Tier D (Low Relevance / Boutique),P3 - Ad-Hoc
Reprogram your mind,1,0,0,0,0,Business Operations / Management Analyst,2,Tier D (Low Relevance / Boutique),P3 - Ad-Hoc
Paytm Payment Gateway,1,0,0,0,0,Business Operations / Management Analyst,2,Tier D (Low Relevance / Boutique),P3 - Ad-Hoc
MITSUMI Distribution,1,0,0,0,0,Business Operations / Management Analyst,2,Tier D (Low Relevance / Boutique),P3 - Ad-Hoc
id8 media solutions!,1,0,0,0,0,Business Operations / Management Analyst,2,Tier D (Low Relevance / Boutique),P3 - Ad-Hoc
Kamlesh Steel Industries,1,0,0,0,0,Business Operations / Management Analyst,2,Tier D (Low Relevance / Boutique),P3 - Ad-Hoc
iAngels Wealth,1,0,0,0,0,Business Operations / Management Analyst,2,Tier D (Low Relevance / Boutique),P3 - Ad-Hoc
Axis Max Life Insurance Limited,1,0,0,0,0,Business Operations / Management Analyst,2,Tier D (Low Relevance / Boutique),P3 - Ad-Hoc
Tommy Hilfiger,1,0,0,0,0,Business Operations / Management Analyst,2,Tier D (Low Relevance / Boutique),P3 - Ad-Hoc
Bajaj Auto Ltd,1,0,0,0,0,Business Operations / Management Analyst,2,Tier D (Low Relevance / Boutique),P3 - Ad-Hoc
The Founders,1,0,0,0,0,Business Operations / Management Analyst,2,Tier D (Low Relevance / Boutique),P3 - Ad-Hoc
JCI (Junior Chamber International),1,0,0,0,0,Business Operations / Management Analyst,2,Tier D (Low Relevance / Boutique),P3 - Ad-Hoc
Aari India,1,0,0,0,0,Business Operations / Management Analyst,2,Tier D (Low Relevance / Boutique),P3 - Ad-Hoc
BEGUR & PARTNERS,1,0,0,0,0,Business Operations / Management Analyst,2,Tier D (Low Relevance / Boutique),P3 - Ad-Hoc
Web Martini,1,0,0,0,0,Business Operations / Management Analyst,2,Tier D (Low Relevance / Boutique),P3 - Ad-Hoc
"Student Council, NMIMS Kirit P. Mehta School of Law",1,0,0,0,0,Business Operations / Management Analyst,2,Tier D (Low Relevance / Boutique),P3 - Ad-Hoc
Pravin Dalal School of Entrepreneurship and Family Business Management (PDSE&FB),1,0,0,0,0,Business Operations / Management Analyst,2,Tier D (Low Relevance / Boutique),P3 - Ad-Hoc
TaeguTec India Pvt Ltd,1,0,0,0,0,Business Operations / Management Analyst,2,Tier D (Low Relevance / Boutique),P3 - Ad-Hoc
The Better India,1,0,0,0,0,Business Operations / Management Analyst,2,Tier D (Low Relevance / Boutique),P3 - Ad-Hoc
aecc india,1,0,0,0,0,Business Operations / Management Analyst,2,Tier D (Low Relevance / Boutique),P3 - Ad-Hoc
PaulTech Software Services Pvt Ltd,1,0,0,0,0,Business Operations / Management Analyst,2,Tier D (Low Relevance / Boutique),P3 - Ad-Hoc
Legal Links Advocates and Associates,1,0,0,0,0,Business Operations / Management Analyst,2,Tier D (Low Relevance / Boutique),P3 - Ad-Hoc
High Court of Bombay,1,0,0,0,0,Business Operations / Management Analyst,2,Tier D (Low Relevance / Boutique),P3 - Ad-Hoc
"Anil & Aditya, Chartered Accountants & DGFT Consultants",1,0,0,0,0,Business Operations / Management Analyst,2,Tier D (Low Relevance / Boutique),P3 - Ad-Hoc
Ricago,1,0,0,0,0,Business Operations / Management Analyst,2,Tier D (Low Relevance / Boutique),P3 - Ad-Hoc
IEEE(Institute of Electrical and Electronics Engineers),1,0,0,0,0,Business Operations / Management Analyst,2,Tier D (Low Relevance / Boutique),P3 - Ad-Hoc
Sandhyasuri and Associates,1,0,0,0,0,Business Operations / Management Analyst,2,Tier D (Low Relevance / Boutique),P3 - Ad-Hoc
RUSH (Sports Psychology Club),1,0,0,0,0,Business Operations / Management Analyst,2,Tier D (Low Relevance / Boutique),P3 - Ad-Hoc
Mindsync Solutions,1,0,0,0,0,Business Operations / Management Analyst,2,Tier D (Low Relevance / Boutique),P3 - Ad-Hoc
Manonandana Unit-2 (NGO),1,0,0,0,0,Business Operations / Management Analyst,2,Tier D (Low Relevance / Boutique),P3 - Ad-Hoc
Gender Sensitisation Committee,1,0,0,0,0,Business Operations / Management Analyst,2,Tier D (Low Relevance / Boutique),P3 - Ad-Hoc
ezAtlas,1,0,0,0,0,Business Operations / Management Analyst,2,Tier D (Low Relevance / Boutique),P3 - Ad-Hoc
SS Digipro,1,0,0,0,0,Business Operations / Management Analyst,2,Tier D (Low Relevance / Boutique),P3 - Ad-Hoc
Torin Wealth,1,0,0,0,0,Business Operations / Management Analyst,2,Tier D (Low Relevance / Boutique),P3 - Ad-Hoc
Rad Elan distributors PVt Ltd.,1,0,0,0,0,Business Operations / Management Analyst,2,Tier D (Low Relevance / Boutique),P3 - Ad-Hoc
KRITYANAND UNESCO CLUB,1,0,0,0,0,Business Operations / Management Analyst,2,Tier D (Low Relevance / Boutique),P3 - Ad-Hoc
Meet Your Therapist,1,0,0,0,0,Business Operations / Management Analyst,2,Tier D (Low Relevance / Boutique),P3 - Ad-Hoc
OnlineJobs.PH,1,0,0,0,0,Business Operations / Management Analyst,2,Tier D (Low Relevance / Boutique),P3 - Ad-Hoc
"Iris, The Film & Photography Society, P.G.D.A.V. College",1,0,0,0,0,Business Operations / Management Analyst,2,Tier D (Low Relevance / Boutique),P3 - Ad-Hoc
Reev Travels,1,0,0,0,0,Business Operations / Management Analyst,2,Tier D (Low Relevance / Boutique),P3 - Ad-Hoc
Dayand Sagar,1,0,0,0,0,Business Operations / Management Analyst,2,Tier D (Low Relevance / Boutique),P3 - Ad-Hoc
Delhi Public School Nigahi,1,0,0,0,0,Business Operations / Management Analyst,2,Tier D (Low Relevance / Boutique),P3 - Ad-Hoc
The University of Manchester Women In Business Society,1,0,0,0,0,Business Operations / Management Analyst,2,Tier D (Low Relevance / Boutique),P3 - Ad-Hoc
Thrive Together NGO,1,0,0,0,0,Business Operations / Management Analyst,2,Tier D (Low Relevance / Boutique),P3 - Ad-Hoc
Union Bank of India,1,0,0,0,0,Business Operations / Management Analyst,2,Tier D (Low Relevance / Boutique),P3 - Ad-Hoc
WhitePeak Consulting,1,0,0,0,0,Business Operations / Management Analyst,2,Tier D (Low Relevance / Boutique),P3 - Ad-Hoc
Owlytics_co,1,0,0,0,0,Business Operations / Management Analyst,2,Tier D (Low Relevance / Boutique),P3 - Ad-Hoc
SimpleGhar Network,1,0,0,0,0,Business Operations / Management Analyst,2,Tier D (Low Relevance / Boutique),P3 - Ad-Hoc
Sattva Consulting,1,0,0,0,0,Business Operations / Management Analyst,2,Tier D (Low Relevance / Boutique),P3 - Ad-Hoc
Miraya events,1,0,0,0,0,Business Operations / Management Analyst,2,Tier D (Low Relevance / Boutique),P3 - Ad-Hoc
Trending Alive,1,0,0,0,0,Business Operations / Management Analyst,2,Tier D (Low Relevance / Boutique),P3 - Ad-Hoc
SoftAge Information Technology Limited,1,0,0,0,0,Business Operations / Management Analyst,2,Tier D (Low Relevance / Boutique),P3 - Ad-Hoc
VAM Consulting,1,0,0,0,0,Business Operations / Management Analyst,2,Tier D (Low Relevance / Boutique),P3 - Ad-Hoc
"Indian Institute of Management, Calcutta",1,0,0,0,0,Business Operations / Management Analyst,2,Tier D (Low Relevance / Boutique),P3 - Ad-Hoc
Management Studies and Incubation Start-up Committee,1,0,0,0,0,Business Operations / Management Analyst,2,Tier D (Low Relevance / Boutique),P3 - Ad-Hoc
Mount Carmel (Deemed to be University),1,0,0,0,0,Business Operations / Management Analyst,2,Tier D (Low Relevance / Boutique),P3 - Ad-Hoc
Coding Macaw Bootcamp,1,0,0,0,0,Business Operations / Management Analyst,2,Tier D (Low Relevance / Boutique),P3 - Ad-Hoc
Corporate Connect Club,1,0,0,0,0,Business Operations / Management Analyst,2,Tier D (Low Relevance / Boutique),P3 - Ad-Hoc
Chandna and sons,1,0,0,0,0,Business Operations / Management Analyst,2,Tier D (Low Relevance / Boutique),P3 - Ad-Hoc
AZAL - Azerbaijan Airlines,1,0,0,0,0,Business Operations / Management Analyst,2,Tier D (Low Relevance / Boutique),P3 - Ad-Hoc
Embassy Services,1,0,0,0,0,Business Operations / Management Analyst,2,Tier D (Low Relevance / Boutique),P3 - Ad-Hoc
Studio Ionique,1,0,0,0,0,Business Operations / Management Analyst,2,Tier D (Low Relevance / Boutique),P3 - Ad-Hoc
Mount Carmel Pu College,1,0,0,0,0,Business Operations / Management Analyst,2,Tier D (Low Relevance / Boutique),P3 - Ad-Hoc
Finyatri,1,0,0,0,0,Business Operations / Management Analyst,2,Tier D (Low Relevance / Boutique),P3 - Ad-Hoc
Pricol Limited,1,0,0,0,0,Business Operations / Management Analyst,2,Tier D (Low Relevance / Boutique),P3 - Ad-Hoc
Poovayya & Co.,1,0,0,0,0,Business Operations / Management Analyst,2,Tier D (Low Relevance / Boutique),P3 - Ad-Hoc
Nexteer Automotive,1,0,0,0,0,Business Operations / Management Analyst,2,Tier D (Low Relevance / Boutique),P3 - Ad-Hoc
Gimmmick,1,0,0,0,0,Business Operations / Management Analyst,2,Tier D (Low Relevance / Boutique),P3 - Ad-Hoc
Centre of law and environment christ academy,1,0,0,0,0,Business Operations / Management Analyst,2,Tier D (Low Relevance / Boutique),P3 - Ad-Hoc
Laand,1,0,0,0,0,Business Operations / Management Analyst,2,Tier D (Low Relevance / Boutique),P3 - Ad-Hoc
Tata Cummins Ltd,1,0,0,0,0,Business Operations / Management Analyst,2,Tier D (Low Relevance / Boutique),P3 - Ad-Hoc
Ratings Intelligence,1,0,0,0,0,Business Operations / Management Analyst,2,Tier D (Low Relevance / Boutique),P3 - Ad-Hoc
"Sree Narayana Guru College Of Legal Studies , Kollam",1,0,0,0,0,Business Operations / Management Analyst,2,Tier D (Low Relevance / Boutique),P3 - Ad-Hoc
Economic Laws Practice (ELP),1,0,0,0,0,Business Operations / Management Analyst,2,Tier D (Low Relevance / Boutique),P3 - Ad-Hoc
Techno Exponent (T-Web Exponent Services Pvt. Ltd),1,0,0,0,0,Business Operations / Management Analyst,2,Tier D (Low Relevance / Boutique),P3 - Ad-Hoc
All India Law Students Forum,1,0,0,0,0,Business Operations / Management Analyst,2,Tier D (Low Relevance / Boutique),P3 - Ad-Hoc
DSP Mutual Fund,1,0,0,0,0,Business Operations / Management Analyst,2,Tier D (Low Relevance / Boutique),P3 - Ad-Hoc
The Professional Couriers,1,0,0,0,0,Business Operations / Management Analyst,2,Tier D (Low Relevance / Boutique),P3 - Ad-Hoc
ATV Legal,1,0,0,0,0,Business Operations / Management Analyst,2,Tier D (Low Relevance / Boutique),P3 - Ad-Hoc
BOUGUESSA,1,0,0,0,0,Business Operations / Management Analyst,2,Tier D (Low Relevance / Boutique),P3 - Ad-Hoc
INDro foundation,1,0,0,0,0,Business Operations / Management Analyst,2,Tier D (Low Relevance / Boutique),P3 - Ad-Hoc
Karnataka Institute for Law and Parliamentary Reforms.,1,0,0,0,0,Business Operations / Management Analyst,2,Tier D (Low Relevance / Boutique),P3 - Ad-Hoc
Belle Vue Clinic,1,0,0,0,0,Business Operations / Management Analyst,2,Tier D (Low Relevance / Boutique),P3 - Ad-Hoc
Hudson Dunes FZCO,1,0,0,0,0,Business Operations / Management Analyst,2,Tier D (Low Relevance / Boutique),P3 - Ad-Hoc
Coimbatore district court,1,0,0,0,0,Business Operations / Management Analyst,2,Tier D (Low Relevance / Boutique),P3 - Ad-Hoc
Sreenarayana public school,1,0,0,0,0,Business Operations / Management Analyst,2,Tier D (Low Relevance / Boutique),P3 - Ad-Hoc
Swecha,1,0,0,0,0,Business Operations / Management Analyst,2,Tier D (Low Relevance / Boutique),P3 - Ad-Hoc
YUTK,1,0,0,0,0,Business Operations / Management Analyst,2,Tier D (Low Relevance / Boutique),P3 - Ad-Hoc
Wayfair,1,0,0,0,0,Business Operations / Management Analyst,2,Tier D (Low Relevance / Boutique),P3 - Ad-Hoc
TableIQ,1,0,0,0,0,Business Operations / Management Analyst,2,Tier D (Low Relevance / Boutique),P3 - Ad-Hoc
Pioneer Legal,1,0,0,0,0,Business Operations / Management Analyst,2,Tier D (Low Relevance / Boutique),P3 - Ad-Hoc
Vidyashankari English School,1,0,0,0,0,Business Operations / Management Analyst,2,Tier D (Low Relevance / Boutique),P3 - Ad-Hoc
C.H. Robinson,1,0,0,0,0,Business Operations / Management Analyst,2,Tier D (Low Relevance / Boutique),P3 - Ad-Hoc
Airkrit India (Formerly Edulyt India),1,0,0,0,0,Business Operations / Management Analyst,2,Tier D (Low Relevance / Boutique),P3 - Ad-Hoc
"CounselKraft Legal Services, LLP",1,0,0,0,0,Business Operations / Management Analyst,2,Tier D (Low Relevance / Boutique),P3 - Ad-Hoc
EthAum Venture Partners,1,0,0,0,0,Business Operations / Management Analyst,2,Tier D (Low Relevance / Boutique),P3 - Ad-Hoc
"Manthra Legal Counsel, LLC",1,0,0,0,0,Business Operations / Management Analyst,2,Tier D (Low Relevance / Boutique),P3 - Ad-Hoc
Human Rights Lawyers' Association,1,0,0,0,0,Business Operations / Management Analyst,2,Tier D (Low Relevance / Boutique),P3 - Ad-Hoc
Doolally Craft Beers (and a Cider!),1,0,0,0,0,Business Operations / Management Analyst,2,Tier D (Low Relevance / Boutique),P3 - Ad-Hoc
"Council for National Conference and International Relations, PESU FOL",1,0,0,0,0,Business Operations / Management Analyst,2,Tier D (Low Relevance / Boutique),P3 - Ad-Hoc
Stibium Tech Private Limited,1,0,0,0,0,Business Operations / Management Analyst,2,Tier D (Low Relevance / Boutique),P3 - Ad-Hoc
No company,1,0,0,0,0,Business Operations / Management Analyst,2,Tier D (Low Relevance / Boutique),P3 - Ad-Hoc
Media Committee (VIMARSH),1,0,0,0,0,Business Operations / Management Analyst,2,Tier D (Low Relevance / Boutique),P3 - Ad-Hoc
Thakur N' Associates,1,0,0,0,0,Business Operations / Management Analyst,2,Tier D (Low Relevance / Boutique),P3 - Ad-Hoc
Brickwork Ratings,1,0,0,0,0,Business Operations / Management Analyst,2,Tier D (Low Relevance / Boutique),P3 - Ad-Hoc
Hyatt Centric Sector 17 Chandigarh,1,0,0,0,0,Business Operations / Management Analyst,2,Tier D (Low Relevance / Boutique),P3 - Ad-Hoc
National Institute of Securities Markets (NISM),1,0,0,0,0,Business Operations / Management Analyst,2,Tier D (Low Relevance / Boutique),P3 - Ad-Hoc
Proclient LSI,1,0,0,0,0,Business Operations / Management Analyst,2,Tier D (Low Relevance / Boutique),P3 - Ad-Hoc
Centre for law and environmental committee,1,0,0,0,0,Business Operations / Management Analyst,2,Tier D (Low Relevance / Boutique),P3 - Ad-Hoc
Bisani Legal,1,0,0,0,0,Business Operations / Management Analyst,2,Tier D (Low Relevance / Boutique),P3 - Ad-Hoc
The MUN Company,1,0,0,0,0,Business Operations / Management Analyst,2,Tier D (Low Relevance / Boutique),P3 - Ad-Hoc
"COMSPECT-The Commerce Society of Lakshmibai College, Delhi University",1,0,0,0,0,Business Operations / Management Analyst,2,Tier D (Low Relevance / Boutique),P3 - Ad-Hoc
Positron Energy Limited,1,0,0,0,0,Business Operations / Management Analyst,2,Tier D (Low Relevance / Boutique),P3 - Ad-Hoc
Proplex Consulting LLP,1,0,0,0,0,Business Operations / Management Analyst,2,Tier D (Low Relevance / Boutique),P3 - Ad-Hoc
Anji legal firm,1,0,0,0,0,Business Operations / Management Analyst,2,Tier D (Low Relevance / Boutique),P3 - Ad-Hoc
Padmalaya Dance Foundation,1,0,0,0,0,Business Operations / Management Analyst,2,Tier D (Low Relevance / Boutique),P3 - Ad-Hoc
FerroHub Sports,1,0,0,0,0,Business Operations / Management Analyst,2,Tier D (Low Relevance / Boutique),P3 - Ad-Hoc
NovintiX,1,0,0,0,0,Business Operations / Management Analyst,2,Tier D (Low Relevance / Boutique),P3 - Ad-Hoc
..,1,0,0,0,0,Business Operations / Management Analyst,2,Tier D (Low Relevance / Boutique),P3 - Ad-Hoc
Ramaiah College of Law,1,0,0,0,0,Business Operations / Management Analyst,2,Tier D (Low Relevance / Boutique),P3 - Ad-Hoc
Vankdari Legal,1,0,0,0,0,Business Operations / Management Analyst,2,Tier D (Low Relevance / Boutique),P3 - Ad-Hoc
Krishna And Saurastri Associates LLP,1,0,0,0,0,Business Operations / Management Analyst,2,Tier D (Low Relevance / Boutique),P3 - Ad-Hoc
"Legal Aid Clinic, Christ University",1,0,0,0,0,Business Operations / Management Analyst,2,Tier D (Low Relevance / Boutique),P3 - Ad-Hoc
"Legal Specs, University of Birmingham",1,0,0,0,0,Business Operations / Management Analyst,2,Tier D (Low Relevance / Boutique),P3 - Ad-Hoc
Genesis Technologies Pvt. Ltd.,1,0,0,0,0,Business Operations / Management Analyst,2,Tier D (Low Relevance / Boutique),P3 - Ad-Hoc
Maargin,1,0,0,0,0,Business Operations / Management Analyst,2,Tier D (Low Relevance / Boutique),P3 - Ad-Hoc
"The Nature Club, NMIMS",1,0,0,0,0,Business Operations / Management Analyst,2,Tier D (Low Relevance / Boutique),P3 - Ad-Hoc
Centre for Placement and Career Guidance (CPCG),1,0,0,0,0,Business Operations / Management Analyst,2,Tier D (Low Relevance / Boutique),P3 - Ad-Hoc
RV University,1,0,0,0,0,Business Operations / Management Analyst,2,Tier D (Low Relevance / Boutique),P3 - Ad-Hoc
DHL Global Forwarding,1,0,0,0,0,Business Operations / Management Analyst,2,Tier D (Low Relevance / Boutique),P3 - Ad-Hoc
CIVIE,1,0,0,0,0,Business Operations / Management Analyst,2,Tier D (Low Relevance / Boutique),P3 - Ad-Hoc
Shri Navratan Medical & Research Centre (SMNRC),1,0,0,0,0,Business Operations / Management Analyst,2,Tier D (Low Relevance / Boutique),P3 - Ad-Hoc
INTERLINK SHIPPING & CLEARING PRIVATE LIMITED,1,0,0,0,0,Business Operations / Management Analyst,2,Tier D (Low Relevance / Boutique),P3 - Ad-Hoc
CORD,1,0,0,0,0,Business Operations / Management Analyst,2,Tier D (Low Relevance / Boutique),P3 - Ad-Hoc
Dua Associates,1,0,0,0,0,Business Operations / Management Analyst,2,Tier D (Low Relevance / Boutique),P3 - Ad-Hoc
PSL Advocates & Solicitors,1,0,0,0,0,Business Operations / Management Analyst,2,Tier D (Low Relevance / Boutique),P3 - Ad-Hoc
New York University,1,0,0,0,0,Business Operations / Management Analyst,2,Tier D (Low Relevance / Boutique),P3 - Ad-Hoc
SKILL INTERN,1,0,0,0,0,Business Operations / Management Analyst,2,Tier D (Low Relevance / Boutique),P3 - Ad-Hoc
Matru Law Firm Associates,1,0,0,0,0,Business Operations / Management Analyst,2,Tier D (Low Relevance / Boutique),P3 - Ad-Hoc
Bizdata Inc,1,0,0,0,0,Business Operations / Management Analyst,2,Tier D (Low Relevance / Boutique),P3 - Ad-Hoc
Philips,1,0,0,0,0,Business Operations / Management Analyst,2,Tier D (Low Relevance / Boutique),P3 - Ad-Hoc
STERLING'S MAC HOTELS PRIVATE LIMITED,1,0,0,0,0,Business Operations / Management Analyst,2,Tier D (Low Relevance / Boutique),P3 - Ad-Hoc
"CHRIST University, Pune - Lavasa",1,0,0,0,0,Business Operations / Management Analyst,2,Tier D (Low Relevance / Boutique),P3 - Ad-Hoc
Mangalore Refinery & Petrochemicals LTD - India,1,0,0,0,0,Business Operations / Management Analyst,2,Tier D (Low Relevance / Boutique),P3 - Ad-Hoc
Rocket Learning,1,0,0,0,0,Business Operations / Management Analyst,2,Tier D (Low Relevance / Boutique),P3 - Ad-Hoc
FLYWORLD Migration & Legal Services,1,0,0,0,0,Business Operations / Management Analyst,2,Tier D (Low Relevance / Boutique),P3 - Ad-Hoc
"Moot Court Society, School of Law, SVKM's NMIMS University Bengaluru",1,0,0,0,0,Business Operations / Management Analyst,2,Tier D (Low Relevance / Boutique),P3 - Ad-Hoc
Aditya softserv,1,0,0,0,0,Business Operations / Management Analyst,2,Tier D (Low Relevance / Boutique),P3 - Ad-Hoc
Lakeshore Capital,1,0,0,0,0,Business Operations / Management Analyst,2,Tier D (Low Relevance / Boutique),P3 - Ad-Hoc
Lenovo,1,0,0,0,0,Business Operations / Management Analyst,2,Tier D (Low Relevance / Boutique),P3 - Ad-Hoc
Hellmann Worldwide Logistics,1,0,0,0,0,Business Operations / Management Analyst,2,Tier D (Low Relevance / Boutique),P3 - Ad-Hoc
ANGLER Technologies India Pvt Ltd,1,0,0,0,0,Business Operations / Management Analyst,2,Tier D (Low Relevance / Boutique),P3 - Ad-Hoc
Hammurabi & Solomon Partners,1,0,0,0,0,Business Operations / Management Analyst,2,Tier D (Low Relevance / Boutique),P3 - Ad-Hoc
Team Archives,1,0,0,0,0,Business Operations / Management Analyst,2,Tier D (Low Relevance / Boutique),P3 - Ad-Hoc
Indian Council of Medical Research (ICMR-NICHR),1,0,0,0,0,Business Operations / Management Analyst,2,Tier D (Low Relevance / Boutique),P3 - Ad-Hoc
Pandiyans industries -snr group of companies,1,0,0,0,0,Business Operations / Management Analyst,2,Tier D (Low Relevance / Boutique),P3 - Ad-Hoc
Brookfield Properties,1,0,0,0,0,Business Operations / Management Analyst,2,Tier D (Low Relevance / Boutique),P3 - Ad-Hoc
Ethnotech Academy,1,0,0,0,0,Business Operations / Management Analyst,2,Tier D (Low Relevance / Boutique),P3 - Ad-Hoc
Emireq,1,0,0,0,0,Business Operations / Management Analyst,2,Tier D (Low Relevance / Boutique),P3 - Ad-Hoc
Bhanix,1,0,0,0,0,Business Operations / Management Analyst,2,Tier D (Low Relevance / Boutique),P3 - Ad-Hoc
TATA AIA Life Insurance,1,0,0,0,0,Business Operations / Management Analyst,2,Tier D (Low Relevance / Boutique),P3 - Ad-Hoc
Uniify,1,0,0,0,0,Business Operations / Management Analyst,2,Tier D (Low Relevance / Boutique),P3 - Ad-Hoc
Canadian International School Bangladesh,1,0,0,0,0,Business Operations / Management Analyst,2,Tier D (Low Relevance / Boutique),P3 - Ad-Hoc
Moglix,1,0,0,0,0,Business Operations / Management Analyst,2,Tier D (Low Relevance / Boutique),P3 - Ad-Hoc
Strong Property DOO,1,0,0,0,0,Business Operations / Management Analyst,2,Tier D (Low Relevance / Boutique),P3 - Ad-Hoc
LauTek Solutions,1,0,0,0,0,Business Operations / Management Analyst,2,Tier D (Low Relevance / Boutique),P3 - Ad-Hoc
Trivium Education,1,0,0,0,0,Business Operations / Management Analyst,2,Tier D (Low Relevance / Boutique),P3 - Ad-Hoc
Hedge School of Applied Economics,1,0,0,0,0,Business Operations / Management Analyst,2,Tier D (Low Relevance / Boutique),P3 - Ad-Hoc
Citrin Cooperman,1,0,0,0,0,Business Operations / Management Analyst,2,Tier D (Low Relevance / Boutique),P3 - Ad-Hoc
BarRaiser,1,0,0,0,0,Business Operations / Management Analyst,2,Tier D (Low Relevance / Boutique),P3 - Ad-Hoc
"School of Legal Studies, CUSAT",1,0,0,0,0,Business Operations / Management Analyst,2,Tier D (Low Relevance / Boutique),P3 - Ad-Hoc
Athabari Tea Estates,1,0,0,0,0,Business Operations / Management Analyst,2,Tier D (Low Relevance / Boutique),P3 - Ad-Hoc
G. Joseph & Associates,1,0,0,0,0,Business Operations / Management Analyst,2,Tier D (Low Relevance / Boutique),P3 - Ad-Hoc
Ayyar & Cherian,1,0,0,0,0,Business Operations / Management Analyst,2,Tier D (Low Relevance / Boutique),P3 - Ad-Hoc
Physics Wallah (PW),1,0,0,0,0,Business Operations / Management Analyst,2,Tier D (Low Relevance / Boutique),P3 - Ad-Hoc
Bhumi Creation,1,0,0,0,0,Business Operations / Management Analyst,2,Tier D (Low Relevance / Boutique),P3 - Ad-Hoc
Profcyma career solutions LLP,1,0,0,0,0,Business Operations / Management Analyst,2,Tier D (Low Relevance / Boutique),P3 - Ad-Hoc
MS Dhoni Global School,1,0,0,0,0,Business Operations / Management Analyst,2,Tier D (Low Relevance / Boutique),P3 - Ad-Hoc
Forrest Hotel and Apartments located in the heart of Canberra 30 National Cirt Forrest 2603,1,0,0,0,0,Business Operations / Management Analyst,2,Tier D (Low Relevance / Boutique),P3 - Ad-Hoc
Self Shiksha Consultancy,1,0,0,0,0,Business Operations / Management Analyst,2,Tier D (Low Relevance / Boutique),P3 - Ad-Hoc
EDGE,1,0,0,0,0,Business Operations / Management Analyst,2,Tier D (Low Relevance / Boutique),P3 - Ad-Hoc
CA Daphny Dsouza and CA Raksha Rao,1,0,0,0,0,Business Operations / Management Analyst,2,Tier D (Low Relevance / Boutique),P3 - Ad-Hoc
Hound Mobility,1,0,0,0,0,Business Operations / Management Analyst,2,Tier D (Low Relevance / Boutique),P3 - Ad-Hoc
Diffracty,1,0,0,0,0,Business Operations / Management Analyst,2,Tier D (Low Relevance / Boutique),P3 - Ad-Hoc
vSplash,1,0,0,0,0,Business Operations / Management Analyst,2,Tier D (Low Relevance / Boutique),P3 - Ad-Hoc
Eqube Energy and Research Services LLP,1,0,0,0,0,Business Operations / Management Analyst,2,Tier D (Low Relevance / Boutique),P3 - Ad-Hoc
vivo India,1,0,0,0,0,Business Operations / Management Analyst,2,Tier D (Low Relevance / Boutique),P3 - Ad-Hoc
BrandcomPR,1,0,0,0,0,Business Operations / Management Analyst,2,Tier D (Low Relevance / Boutique),P3 - Ad-Hoc
Brevan Howard,1,0,0,0,0,Business Operations / Management Analyst,2,Tier D (Low Relevance / Boutique),P3 - Ad-Hoc
BRIC-RAJIV GANDHI CENTRE FOR BIOTECHNOLOGY,1,0,0,0,0,Business Operations / Management Analyst,2,Tier D (Low Relevance / Boutique),P3 - Ad-Hoc
Marvell Technology,1,0,0,0,0,Business Operations / Management Analyst,2,Tier D (Low Relevance / Boutique),P3 - Ad-Hoc
Malayala Manorama Co. Ltd,1,0,0,0,0,Business Operations / Management Analyst,2,Tier D (Low Relevance / Boutique),P3 - Ad-Hoc
Spark Kuwait Generators Maintenance Company,1,0,0,0,0,Business Operations / Management Analyst,2,Tier D (Low Relevance / Boutique),P3 - Ad-Hoc
Napptix,1,0,0,0,0,Business Operations / Management Analyst,2,Tier D (Low Relevance / Boutique),P3 - Ad-Hoc
CA Rajan D’souza,1,0,0,0,0,Business Operations / Management Analyst,2,Tier D (Low Relevance / Boutique),P3 - Ad-Hoc
The Reppro,1,0,0,0,0,Business Operations / Management Analyst,2,Tier D (Low Relevance / Boutique),P3 - Ad-Hoc
State of Missouri,1,0,0,0,0,Business Operations / Management Analyst,2,Tier D (Low Relevance / Boutique),P3 - Ad-Hoc
Raphael Production House,1,0,0,0,0,Business Operations / Management Analyst,2,Tier D (Low Relevance / Boutique),P3 - Ad-Hoc
JKCement,1,0,0,0,0,Business Operations / Management Analyst,2,Tier D (Low Relevance / Boutique),P3 - Ad-Hoc
"RGN PRICE & CO .CHATERED ACCOUNTANTS KOCHI, INDIA",1,0,0,0,0,Business Operations / Management Analyst,2,Tier D (Low Relevance / Boutique),P3 - Ad-Hoc
TekUnik,1,0,0,0,0,Business Operations / Management Analyst,2,Tier D (Low Relevance / Boutique),P3 - Ad-Hoc
Logiware Supply Chain Solutions,1,0,0,0,0,Business Operations / Management Analyst,2,Tier D (Low Relevance / Boutique),P3 - Ad-Hoc
Airline Turbo logistics India Pvt Ltd,1,0,0,0,0,Business Operations / Management Analyst,2,Tier D (Low Relevance / Boutique),P3 - Ad-Hoc
PillarStone EV InfraStructure,1,0,0,0,0,Business Operations / Management Analyst,2,Tier D (Low Relevance / Boutique),P3 - Ad-Hoc
BuyMore Infotech,1,0,0,0,0,Business Operations / Management Analyst,2,Tier D (Low Relevance / Boutique),P3 - Ad-Hoc
The Tatva,1,0,0,0,0,Business Operations / Management Analyst,2,Tier D (Low Relevance / Boutique),P3 - Ad-Hoc
TEDxNITKSurathkal,1,0,0,0,0,Business Operations / Management Analyst,2,Tier D (Low Relevance / Boutique),P3 - Ad-Hoc
Unified Mentor Private Limited,1,0,0,0,0,Business Operations / Management Analyst,2,Tier D (Low Relevance / Boutique),P3 - Ad-Hoc
Ambassador International Academy,1,0,0,0,0,Business Operations / Management Analyst,2,Tier D (Low Relevance / Boutique),P3 - Ad-Hoc
IBT Media,1,0,0,0,0,Business Operations / Management Analyst,2,Tier D (Low Relevance / Boutique),P3 - Ad-Hoc
Littlebox India,1,0,0,0,0,Business Operations / Management Analyst,2,Tier D (Low Relevance / Boutique),P3 - Ad-Hoc
Exnovation,1,0,0,0,0,Business Operations / Management Analyst,2,Tier D (Low Relevance / Boutique),P3 - Ad-Hoc
"Ce-Chem Pharmaceutical Private Limited , Bangalore",1,0,0,0,0,Business Operations / Management Analyst,2,Tier D (Low Relevance / Boutique),P3 - Ad-Hoc
ITOrizin Technology Solutions Pvt. Ltd.,1,0,0,0,0,Business Operations / Management Analyst,2,Tier D (Low Relevance / Boutique),P3 - Ad-Hoc
TEKNIKOZ,1,0,0,0,0,Business Operations / Management Analyst,2,Tier D (Low Relevance / Boutique),P3 - Ad-Hoc
MyHotelio,1,0,0,0,0,Business Operations / Management Analyst,2,Tier D (Low Relevance / Boutique),P3 - Ad-Hoc
Muscle fuel vault,1,0,0,0,0,Business Operations / Management Analyst,2,Tier D (Low Relevance / Boutique),P3 - Ad-Hoc
KIRLOSKAR FERROUS INDUSTRIES LTD,1,0,0,0,0,Business Operations / Management Analyst,2,Tier D (Low Relevance / Boutique),P3 - Ad-Hoc
Kartavya,1,0,0,0,0,Business Operations / Management Analyst,2,Tier D (Low Relevance / Boutique),P3 - Ad-Hoc
Sleepy Owl Coffee,1,0,0,0,0,Business Operations / Management Analyst,2,Tier D (Low Relevance / Boutique),P3 - Ad-Hoc
Future Interns,1,0,0,0,0,Business Operations / Management Analyst,2,Tier D (Low Relevance / Boutique),P3 - Ad-Hoc
Global IDs,1,0,0,0,0,Business Operations / Management Analyst,2,Tier D (Low Relevance / Boutique),P3 - Ad-Hoc
E Cure NGO,1,0,0,0,0,Business Operations / Management Analyst,2,Tier D (Low Relevance / Boutique),P3 - Ad-Hoc
Sri Shankara Cancer Hospital & Research Centre,1,0,0,0,0,Business Operations / Management Analyst,2,Tier D (Low Relevance / Boutique),P3 - Ad-Hoc
MSAI - Medical Students' Association of India,1,0,0,0,0,Business Operations / Management Analyst,2,Tier D (Low Relevance / Boutique),P3 - Ad-Hoc
Shop@kanya,1,0,0,0,0,Business Operations / Management Analyst,2,Tier D (Low Relevance / Boutique),P3 - Ad-Hoc
FGM,1,0,0,0,0,Business Operations / Management Analyst,2,Tier D (Low Relevance / Boutique),P3 - Ad-Hoc
Aptean India,1,0,0,0,0,Business Operations / Management Analyst,2,Tier D (Low Relevance / Boutique),P3 - Ad-Hoc
Baanganga Gold & Diamond (I) Ltd,1,0,0,0,0,Business Operations / Management Analyst,2,Tier D (Low Relevance / Boutique),P3 - Ad-Hoc
Aster RV Hospital,1,0,0,0,0,Business Operations / Management Analyst,2,Tier D (Low Relevance / Boutique),P3 - Ad-Hoc
Creator24,1,0,0,0,0,Business Operations / Management Analyst,2,Tier D (Low Relevance / Boutique),P3 - Ad-Hoc
"Suzlon Energy Limited, Pune",1,0,0,0,0,Business Operations / Management Analyst,2,Tier D (Low Relevance / Boutique),P3 - Ad-Hoc
SGS,1,0,0,0,0,Business Operations / Management Analyst,2,Tier D (Low Relevance / Boutique),P3 - Ad-Hoc
TVS Motor Company,1,0,0,0,0,Business Operations / Management Analyst,2,Tier D (Low Relevance / Boutique),P3 - Ad-Hoc
Thodupuzha,1,0,0,0,0,Business Operations / Management Analyst,2,Tier D (Low Relevance / Boutique),P3 - Ad-Hoc
"Turtle Express, Bengaluru",1,0,0,0,0,Business Operations / Management Analyst,2,Tier D (Low Relevance / Boutique),P3 - Ad-Hoc
Biogen,1,0,0,0,0,Business Operations / Management Analyst,2,Tier D (Low Relevance / Boutique),P3 - Ad-Hoc
Zopping,1,0,0,0,0,Business Operations / Management Analyst,2,Tier D (Low Relevance / Boutique),P3 - Ad-Hoc
DAY TO DAY TRADING PRIVATE LIMITED,1,0,0,0,0,Business Operations / Management Analyst,2,Tier D (Low Relevance / Boutique),P3 - Ad-Hoc
Salsabeel Ahmed & Co.,1,0,0,0,0,Business Operations / Management Analyst,2,Tier D (Low Relevance / Boutique),P3 - Ad-Hoc
R Tulsian & Co. LLP,1,0,0,0,0,Business Operations / Management Analyst,2,Tier D (Low Relevance / Boutique),P3 - Ad-Hoc
Vaidsys Technologies,1,0,0,0,0,Business Operations / Management Analyst,2,Tier D (Low Relevance / Boutique),P3 - Ad-Hoc
Fidelity National Financial,1,0,0,0,0,Business Operations / Management Analyst,2,Tier D (Low Relevance / Boutique),P3 - Ad-Hoc
Knowcraft Analytics,1,0,0,0,0,Business Operations / Management Analyst,2,Tier D (Low Relevance / Boutique),P3 - Ad-Hoc
LehLah,1,0,0,0,0,Business Operations / Management Analyst,2,Tier D (Low Relevance / Boutique),P3 - Ad-Hoc
Consulate General of India,1,0,0,0,0,Business Operations / Management Analyst,2,Tier D (Low Relevance / Boutique),P3 - Ad-Hoc
Samagra (CS Association),1,0,0,0,0,Business Operations / Management Analyst,2,Tier D (Low Relevance / Boutique),P3 - Ad-Hoc
Volvo Construction Equipment,1,0,0,0,0,Business Operations / Management Analyst,2,Tier D (Low Relevance / Boutique),P3 - Ad-Hoc
ABC Consultants,1,0,0,0,0,Business Operations / Management Analyst,2,Tier D (Low Relevance / Boutique),P3 - Ad-Hoc
Zoople Technologies,1,0,0,0,0,Business Operations / Management Analyst,2,Tier D (Low Relevance / Boutique),P3 - Ad-Hoc
"Policy, Politics and Governance Foundation (PPGF)",1,0,0,0,0,Business Operations / Management Analyst,2,Tier D (Low Relevance / Boutique),P3 - Ad-Hoc
She Can Foundation,1,0,0,0,0,Business Operations / Management Analyst,2,Tier D (Low Relevance / Boutique),P3 - Ad-Hoc
Paarth Creations,1,0,0,0,0,Business Operations / Management Analyst,2,Tier D (Low Relevance / Boutique),P3 - Ad-Hoc
Khaitan & Co,1,0,0,0,0,Business Operations / Management Analyst,2,Tier D (Low Relevance / Boutique),P3 - Ad-Hoc
JNB Consulting House,1,0,0,0,0,Business Operations / Management Analyst,2,Tier D (Low Relevance / Boutique),P3 - Ad-Hoc
SIBCA,1,0,0,0,0,Business Operations / Management Analyst,2,Tier D (Low Relevance / Boutique),P3 - Ad-Hoc
Intas Pharmaceuticals,1,0,0,0,0,Business Operations / Management Analyst,2,Tier D (Low Relevance / Boutique),P3 - Ad-Hoc
Bollywood Bubble,1,0,0,0,0,Business Operations / Management Analyst,2,Tier D (Low Relevance / Boutique),P3 - Ad-Hoc
"Loreto College, Kolkata",1,0,0,0,0,Business Operations / Management Analyst,2,Tier D (Low Relevance / Boutique),P3 - Ad-Hoc
Blume Ventures,1,0,0,0,0,Business Operations / Management Analyst,2,Tier D (Low Relevance / Boutique),P3 - Ad-Hoc
School,1,0,0,0,0,Business Operations / Management Analyst,2,Tier D (Low Relevance / Boutique),P3 - Ad-Hoc
Maccaron India Private Limited,1,0,0,0,0,Business Operations / Management Analyst,2,Tier D (Low Relevance / Boutique),P3 - Ad-Hoc
Mechispike Solutions,1,0,0,0,0,Business Operations / Management Analyst,2,Tier D (Low Relevance / Boutique),P3 - Ad-Hoc
SkyllX,1,0,0,0,0,Business Operations / Management Analyst,2,Tier D (Low Relevance / Boutique),P3 - Ad-Hoc
COLT Partners,1,0,0,0,0,Business Operations / Management Analyst,2,Tier D (Low Relevance / Boutique),P3 - Ad-Hoc
Internship Studio,1,0,0,0,0,Business Operations / Management Analyst,2,Tier D (Low Relevance / Boutique),P3 - Ad-Hoc
Dokie AI,1,0,0,0,0,Business Operations / Management Analyst,2,Tier D (Low Relevance / Boutique),P3 - Ad-Hoc
Huilgol Law Chambers,1,0,0,0,0,Business Operations / Management Analyst,2,Tier D (Low Relevance / Boutique),P3 - Ad-Hoc
Govt RC College of Commerce and Management,1,0,0,0,0,Business Operations / Management Analyst,2,Tier D (Low Relevance / Boutique),P3 - Ad-Hoc
iMature.in,1,0,0,0,0,Business Operations / Management Analyst,2,Tier D (Low Relevance / Boutique),P3 - Ad-Hoc
ICB Tax Consultancy,1,0,0,0,0,Business Operations / Management Analyst,2,Tier D (Low Relevance / Boutique),P3 - Ad-Hoc
Shanik Events,1,0,0,0,0,Business Operations / Management Analyst,2,Tier D (Low Relevance / Boutique),P3 - Ad-Hoc
Bosch Mobility Platform & Solutions,1,0,0,0,0,Business Operations / Management Analyst,2,Tier D (Low Relevance / Boutique),P3 - Ad-Hoc
Sanjoe Bhavan (NGO),1,0,0,0,0,Business Operations / Management Analyst,2,Tier D (Low Relevance / Boutique),P3 - Ad-Hoc
Culture Careers,1,0,0,0,0,Business Operations / Management Analyst,2,Tier D (Low Relevance / Boutique),P3 - Ad-Hoc
CSIR-Central Scientific Instruments Organisation,1,0,0,0,0,Business Operations / Management Analyst,2,Tier D (Low Relevance / Boutique),P3 - Ad-Hoc
iconhomz,1,0,0,0,0,Business Operations / Management Analyst,2,Tier D (Low Relevance / Boutique),P3 - Ad-Hoc
Macquarie Group,1,0,0,0,0,Business Operations / Management Analyst,2,Tier D (Low Relevance / Boutique),P3 - Ad-Hoc
TargetHR,1,0,0,0,0,Business Operations / Management Analyst,2,Tier D (Low Relevance / Boutique),P3 - Ad-Hoc
yashodha education charitable trust,1,0,0,0,0,Business Operations / Management Analyst,2,Tier D (Low Relevance / Boutique),P3 - Ad-Hoc
Max health care care hospital,1,0,0,0,0,Business Operations / Management Analyst,2,Tier D (Low Relevance / Boutique),P3 - Ad-Hoc
Fortune Business Insights™,1,0,0,0,0,Business Operations / Management Analyst,2,Tier D (Low Relevance / Boutique),P3 - Ad-Hoc
MGH Group,1,0,0,0,0,Business Operations / Management Analyst,2,Tier D (Low Relevance / Boutique),P3 - Ad-Hoc
Maximus Clothing Co.,1,0,0,0,0,Business Operations / Management Analyst,2,Tier D (Low Relevance / Boutique),P3 - Ad-Hoc
Intentshark,1,0,0,0,0,Business Operations / Management Analyst,2,Tier D (Low Relevance / Boutique),P3 - Ad-Hoc
"Harvest International School, Bangalore",1,0,0,0,0,Business Operations / Management Analyst,2,Tier D (Low Relevance / Boutique),P3 - Ad-Hoc
Christ Kengeri Toastmasters Club,1,0,0,0,0,Business Operations / Management Analyst,2,Tier D (Low Relevance / Boutique),P3 - Ad-Hoc
Pibit.AI,1,0,0,0,0,Business Operations / Management Analyst,2,Tier D (Low Relevance / Boutique),P3 - Ad-Hoc
Cathartic (University Arts Publication),1,0,0,0,0,Business Operations / Management Analyst,2,Tier D (Low Relevance / Boutique),P3 - Ad-Hoc
Golden The HR tech Solutions and services private Limited,1,0,0,0,0,Business Operations / Management Analyst,2,Tier D (Low Relevance / Boutique),P3 - Ad-Hoc
Logesys Solutions India Pvt. Ltd,1,0,0,0,0,Business Operations / Management Analyst,2,Tier D (Low Relevance / Boutique),P3 - Ad-Hoc
Capria Ventures,1,0,0,0,0,Business Operations / Management Analyst,2,Tier D (Low Relevance / Boutique),P3 - Ad-Hoc
Miles School of Branding and Advertising(SOBA),1,0,0,0,0,Business Operations / Management Analyst,2,Tier D (Low Relevance / Boutique),P3 - Ad-Hoc
Spotify for Creators,1,0,0,0,0,Business Operations / Management Analyst,2,Tier D (Low Relevance / Boutique),P3 - Ad-Hoc
Academiq.io,1,0,0,0,0,Business Operations / Management Analyst,2,Tier D (Low Relevance / Boutique),P3 - Ad-Hoc
THE SECRETARIAT,1,0,0,0,0,Business Operations / Management Analyst,2,Tier D (Low Relevance / Boutique),P3 - Ad-Hoc
TalentiFi-X,1,0,0,0,0,Business Operations / Management Analyst,2,Tier D (Low Relevance / Boutique),P3 - Ad-Hoc
Sumeru Solutions,1,0,0,0,0,Business Operations / Management Analyst,2,Tier D (Low Relevance / Boutique),P3 - Ad-Hoc
Relief Mission Foundation,1,0,0,0,0,Business Operations / Management Analyst,2,Tier D (Low Relevance / Boutique),P3 - Ad-Hoc
Government of Jharkhand,1,0,0,0,0,Business Operations / Management Analyst,2,Tier D (Low Relevance / Boutique),P3 - Ad-Hoc
Research Club (Department of professional studies),1,0,0,0,0,Business Operations / Management Analyst,2,Tier D (Low Relevance / Boutique),P3 - Ad-Hoc
SirpiDataScience,1,0,0,0,0,Business Operations / Management Analyst,2,Tier D (Low Relevance / Boutique),P3 - Ad-Hoc
Indian Heritage,1,0,0,0,0,Business Operations / Management Analyst,2,Tier D (Low Relevance / Boutique),P3 - Ad-Hoc
eBay,1,0,0,0,0,Business Operations / Management Analyst,2,Tier D (Low Relevance / Boutique),P3 - Ad-Hoc
Mercor,1,0,0,0,0,Business Operations / Management Analyst,2,Tier D (Low Relevance / Boutique),P3 - Ad-Hoc
OPPO India,1,0,0,0,0,Business Operations / Management Analyst,2,Tier D (Low Relevance / Boutique),P3 - Ad-Hoc
ALLEN Career Institute Overseas,1,0,0,0,0,Business Operations / Management Analyst,2,Tier D (Low Relevance / Boutique),P3 - Ad-Hoc
DPS Debating & MUN Society,1,0,0,0,0,Business Operations / Management Analyst,2,Tier D (Low Relevance / Boutique),P3 - Ad-Hoc
GenX Leadership Academy,1,0,0,0,0,Business Operations / Management Analyst,2,Tier D (Low Relevance / Boutique),P3 - Ad-Hoc
Scry AI,1,0,0,0,0,Business Operations / Management Analyst,2,Tier D (Low Relevance / Boutique),P3 - Ad-Hoc
Saket Modi & Co.,1,0,0,0,0,Business Operations / Management Analyst,2,Tier D (Low Relevance / Boutique),P3 - Ad-Hoc
TeamLease Regtech Pvt. Ltd.,1,0,0,0,0,Business Operations / Management Analyst,2,Tier D (Low Relevance / Boutique),P3 - Ad-Hoc
Ayatana Resorts,1,0,0,0,0,Business Operations / Management Analyst,2,Tier D (Low Relevance / Boutique),P3 - Ad-Hoc
Christ University Library committee,1,0,0,0,0,Business Operations / Management Analyst,2,Tier D (Low Relevance / Boutique),P3 - Ad-Hoc
Neuralix AI,1,0,0,0,0,Business Operations / Management Analyst,2,Tier D (Low Relevance / Boutique),P3 - Ad-Hoc
LAAJAWAB,1,0,0,0,0,Business Operations / Management Analyst,2,Tier D (Low Relevance / Boutique),P3 - Ad-Hoc
Center for Service Learnjng,1,0,0,0,0,Business Operations / Management Analyst,2,Tier D (Low Relevance / Boutique),P3 - Ad-Hoc
U&I Foundation,1,0,0,0,0,Business Operations / Management Analyst,2,Tier D (Low Relevance / Boutique),P3 - Ad-Hoc
Onex Solutions Pvt. Ltd,1,0,0,0,0,Business Operations / Management Analyst,2,Tier D (Low Relevance / Boutique),P3 - Ad-Hoc
TripleTwo,1,0,0,0,0,Business Operations / Management Analyst,2,Tier D (Low Relevance / Boutique),P3 - Ad-Hoc
VISAKHAPATNAM STEEL PLANT,1,0,0,0,0,Business Operations / Management Analyst,2,Tier D (Low Relevance / Boutique),P3 - Ad-Hoc
Gemini Solutions Pvt Ltd,1,0,0,0,0,Business Operations / Management Analyst,2,Tier D (Low Relevance / Boutique),P3 - Ad-Hoc
Bajaj Logistics,1,0,0,0,0,Business Operations / Management Analyst,2,Tier D (Low Relevance / Boutique),P3 - Ad-Hoc
MResult,1,0,0,0,0,Business Operations / Management Analyst,2,Tier D (Low Relevance / Boutique),P3 - Ad-Hoc
Lulu group international,1,0,0,0,0,Business Operations / Management Analyst,2,Tier D (Low Relevance / Boutique),P3 - Ad-Hoc
Family Business (Samruddhi Stores),1,0,0,0,0,Business Operations / Management Analyst,2,Tier D (Low Relevance / Boutique),P3 - Ad-Hoc
Dolphy,1,0,0,0,0,Business Operations / Management Analyst,2,Tier D (Low Relevance / Boutique),P3 - Ad-Hoc
P2 Secure Solutions,1,0,0,0,0,Business Operations / Management Analyst,2,Tier D (Low Relevance / Boutique),P3 - Ad-Hoc
ZETWERK,1,0,0,0,0,Business Operations / Management Analyst,2,Tier D (Low Relevance / Boutique),P3 - Ad-Hoc
Evolve Robot Lab,1,0,0,0,0,Business Operations / Management Analyst,2,Tier D (Low Relevance / Boutique),P3 - Ad-Hoc
Pacific Asia Travel Association (PATA),1,0,0,0,0,Business Operations / Management Analyst,2,Tier D (Low Relevance / Boutique),P3 - Ad-Hoc
EduLinkUp,1,0,0,0,0,Business Operations / Management Analyst,2,Tier D (Low Relevance / Boutique),P3 - Ad-Hoc
Share India Securities Limited,1,0,0,0,0,Business Operations / Management Analyst,2,Tier D (Low Relevance / Boutique),P3 - Ad-Hoc
Kaustubh Naik Ventures Private Limited,1,0,0,0,0,Business Operations / Management Analyst,2,Tier D (Low Relevance / Boutique),P3 - Ad-Hoc
ExcelR,1,0,0,0,0,Business Operations / Management Analyst,2,Tier D (Low Relevance / Boutique),P3 - Ad-Hoc
Dilip Buildcon Ltd.,1,0,0,0,0,Business Operations / Management Analyst,2,Tier D (Low Relevance / Boutique),P3 - Ad-Hoc
E-Cell Ramaiah,1,0,0,0,0,Business Operations / Management Analyst,2,Tier D (Low Relevance / Boutique),P3 - Ad-Hoc
Edmingle,1,0,0,0,0,Business Operations / Management Analyst,2,Tier D (Low Relevance / Boutique),P3 - Ad-Hoc
Amara - Non-Profit Youth Initiative,1,0,0,0,0,Business Operations / Management Analyst,2,Tier D (Low Relevance / Boutique),P3 - Ad-Hoc
Multitech Industrial Solutions,1,0,0,0,0,Business Operations / Management Analyst,2,Tier D (Low Relevance / Boutique),P3 - Ad-Hoc
Valora: The Valuation Society,1,0,0,0,0,Business Operations / Management Analyst,2,Tier D (Low Relevance / Boutique),P3 - Ad-Hoc
OBAPS GLOBAL TECHNOLOGIES PRIVATE LIMITED,1,0,0,0,0,Business Operations / Management Analyst,2,Tier D (Low Relevance / Boutique),P3 - Ad-Hoc
JPrime Buildcon,1,0,0,0,0,Business Operations / Management Analyst,2,Tier D (Low Relevance / Boutique),P3 - Ad-Hoc
IEEE CIS SBC DSU,1,0,0,0,0,Business Operations / Management Analyst,2,Tier D (Low Relevance / Boutique),P3 - Ad-Hoc
Deeksha,1,0,0,0,0,Business Operations / Management Analyst,2,Tier D (Low Relevance / Boutique),P3 - Ad-Hoc
VTB,1,0,0,0,0,Business Operations / Management Analyst,2,Tier D (Low Relevance / Boutique),P3 - Ad-Hoc
Lulu Retail,1,0,0,0,0,Business Operations / Management Analyst,2,Tier D (Low Relevance / Boutique),P3 - Ad-Hoc
Anakin (YC S21),1,0,0,0,0,Business Operations / Management Analyst,2,Tier D (Low Relevance / Boutique),P3 - Ad-Hoc
Independent Project,1,0,0,0,0,Business Operations / Management Analyst,2,Tier D (Low Relevance / Boutique),P3 - Ad-Hoc
Justdial,1,0,0,0,0,Business Operations / Management Analyst,2,Tier D (Low Relevance / Boutique),P3 - Ad-Hoc
Centre for Service Learning (CSL),1,0,0,0,0,Business Operations / Management Analyst,2,Tier D (Low Relevance / Boutique),P3 - Ad-Hoc
BAIF Institute for Sustainable Livelihoods & Development,1,0,0,0,0,Business Operations / Management Analyst,2,Tier D (Low Relevance / Boutique),P3 - Ad-Hoc
ASPIRE St Joseph's University,1,0,0,0,0,Business Operations / Management Analyst,2,Tier D (Low Relevance / Boutique),P3 - Ad-Hoc
"DATAMARK, Inc.",1,0,0,0,0,Business Operations / Management Analyst,2,Tier D (Low Relevance / Boutique),P3 - Ad-Hoc
Animal Welfare Club Woxsen University,1,0,0,0,0,Business Operations / Management Analyst,2,Tier D (Low Relevance / Boutique),P3 - Ad-Hoc
"Manipal Academy of Higher Education, Bengaluru",1,0,0,0,0,Business Operations / Management Analyst,2,Tier D (Low Relevance / Boutique),P3 - Ad-Hoc
CIVIS - Europe's Civic University Alliance,1,0,0,0,0,Business Operations / Management Analyst,2,Tier D (Low Relevance / Boutique),P3 - Ad-Hoc
Stimulus Hospitality Private Limited,1,0,0,0,0,Business Operations / Management Analyst,2,Tier D (Low Relevance / Boutique),P3 - Ad-Hoc
Mahindra & Mahindra,1,0,0,0,0,Business Operations / Management Analyst,2,Tier D (Low Relevance / Boutique),P3 - Ad-Hoc
VIEW Group India Private Limited,1,0,0,0,0,Business Operations / Management Analyst,2,Tier D (Low Relevance / Boutique),P3 - Ad-Hoc
Techno International New Town,1,0,0,0,0,Business Operations / Management Analyst,2,Tier D (Low Relevance / Boutique),P3 - Ad-Hoc
Hope rehabilitation center,1,0,0,0,0,Business Operations / Management Analyst,2,Tier D (Low Relevance / Boutique),P3 - Ad-Hoc
Atom Privé Financial Services,1,0,0,0,0,Business Operations / Management Analyst,2,Tier D (Low Relevance / Boutique),P3 - Ad-Hoc
Mittal Analytics Private Limited,1,0,0,0,0,Business Operations / Management Analyst,2,Tier D (Low Relevance / Boutique),P3 - Ad-Hoc
The Statement Home,1,0,0,0,0,Business Operations / Management Analyst,2,Tier D (Low Relevance / Boutique),P3 - Ad-Hoc
CHRIST University,1,0,0,0,0,Business Operations / Management Analyst,2,Tier D (Low Relevance / Boutique),P3 - Ad-Hoc
Internet Research Bureau,1,0,0,0,0,Business Operations / Management Analyst,2,Tier D (Low Relevance / Boutique),P3 - Ad-Hoc
Popular Digital AI,1,0,0,0,0,Business Operations / Management Analyst,2,Tier D (Low Relevance / Boutique),P3 - Ad-Hoc
Centre for Counselling and Health Services.,1,0,0,0,0,Business Operations / Management Analyst,2,Tier D (Low Relevance / Boutique),P3 - Ad-Hoc
Hubhawks,1,0,0,0,0,Business Operations / Management Analyst,2,Tier D (Low Relevance / Boutique),P3 - Ad-Hoc
Confido Health,1,0,0,0,0,Business Operations / Management Analyst,2,Tier D (Low Relevance / Boutique),P3 - Ad-Hoc
EdgeVerse India Private Limited,1,0,0,0,0,Business Operations / Management Analyst,2,Tier D (Low Relevance / Boutique),P3 - Ad-Hoc
Summerhill Technologies,1,0,0,0,0,Business Operations / Management Analyst,2,Tier D (Low Relevance / Boutique),P3 - Ad-Hoc
BuildHii,1,0,0,0,0,Business Operations / Management Analyst,2,Tier D (Low Relevance / Boutique),P3 - Ad-Hoc
Linkedln,1,0,0,0,0,Business Operations / Management Analyst,2,Tier D (Low Relevance / Boutique),P3 - Ad-Hoc
Enactus,1,0,0,0,0,Business Operations / Management Analyst,2,Tier D (Low Relevance / Boutique),P3 - Ad-Hoc
The Project Noor,1,0,0,0,0,Business Operations / Management Analyst,2,Tier D (Low Relevance / Boutique),P3 - Ad-Hoc
GOLCHHA GROUP,1,0,0,0,0,Business Operations / Management Analyst,2,Tier D (Low Relevance / Boutique),P3 - Ad-Hoc
Bal Nikten Society,1,0,0,0,0,Business Operations / Management Analyst,2,Tier D (Low Relevance / Boutique),P3 - Ad-Hoc
Barak & Brazos Engineering Pvt Ltd,1,0,0,0,0,Business Operations / Management Analyst,2,Tier D (Low Relevance / Boutique),P3 - Ad-Hoc
IEEE Computer Society,1,0,0,0,0,Business Operations / Management Analyst,2,Tier D (Low Relevance / Boutique),P3 - Ad-Hoc
Kerala Institute of Local Administration (KILA),1,0,0,0,0,Business Operations / Management Analyst,2,Tier D (Low Relevance / Boutique),P3 - Ad-Hoc
Apollo Excelcare Hospital,1,0,0,0,0,Business Operations / Management Analyst,2,Tier D (Low Relevance / Boutique),P3 - Ad-Hoc
Progressive Management Consultants - India,1,0,0,0,0,Business Operations / Management Analyst,2,Tier D (Low Relevance / Boutique),P3 - Ad-Hoc
University Of North Bengal,1,0,0,0,0,Business Operations / Management Analyst,2,Tier D (Low Relevance / Boutique),P3 - Ad-Hoc
Shoe Camp,1,0,0,0,0,Business Operations / Management Analyst,2,Tier D (Low Relevance / Boutique),P3 - Ad-Hoc
MathSoc: The Mathematics Club of IIM Bodh Gaya,1,0,0,0,0,Business Operations / Management Analyst,2,Tier D (Low Relevance / Boutique),P3 - Ad-Hoc
Young Indians,1,0,0,0,0,Business Operations / Management Analyst,2,Tier D (Low Relevance / Boutique),P3 - Ad-Hoc
Aldrich,1,0,0,0,0,Business Operations / Management Analyst,2,Tier D (Low Relevance / Boutique),P3 - Ad-Hoc
Araniko Hardware Center (P) Ltd.,1,0,0,0,0,Business Operations / Management Analyst,2,Tier D (Low Relevance / Boutique),P3 - Ad-Hoc
tour On ®,1,0,0,0,0,Business Operations / Management Analyst,2,Tier D (Low Relevance / Boutique),P3 - Ad-Hoc
NexTen Brands,1,0,0,0,0,Business Operations / Management Analyst,2,Tier D (Low Relevance / Boutique),P3 - Ad-Hoc
The EdGlide Project,1,0,0,0,0,Business Operations / Management Analyst,2,Tier D (Low Relevance / Boutique),P3 - Ad-Hoc
ProDiSyn Innovations Pvt Ltd,1,0,0,0,0,Business Operations / Management Analyst,2,Tier D (Low Relevance / Boutique),P3 - Ad-Hoc
Indian Space Research Organisation - ISRO,1,0,0,0,0,Business Operations / Management Analyst,2,Tier D (Low Relevance / Boutique),P3 - Ad-Hoc
Voya Financial,1,0,0,0,0,Business Operations / Management Analyst,2,Tier D (Low Relevance / Boutique),P3 - Ad-Hoc
NYU Stern School of Business,1,0,0,0,0,Business Operations / Management Analyst,2,Tier D (Low Relevance / Boutique),P3 - Ad-Hoc
"Indian Cultural Centre- Embassy Of India, Doha - Qatar",1,0,0,0,0,Business Operations / Management Analyst,2,Tier D (Low Relevance / Boutique),P3 - Ad-Hoc
Stop the Spot,1,0,0,0,0,Business Operations / Management Analyst,2,Tier D (Low Relevance / Boutique),P3 - Ad-Hoc
dhruvatare foundation,1,0,0,0,0,Business Operations / Management Analyst,2,Tier D (Low Relevance / Boutique),P3 - Ad-Hoc
20:20 MSL,1,0,0,0,0,Business Operations / Management Analyst,2,Tier D (Low Relevance / Boutique),P3 - Ad-Hoc
City Sightseeing Dublin,1,0,0,0,0,Business Operations / Management Analyst,2,Tier D (Low Relevance / Boutique),P3 - Ad-Hoc
iGaming Real Talk,1,0,0,0,0,Business Operations / Management Analyst,2,Tier D (Low Relevance / Boutique),P3 - Ad-Hoc
MindPlus,1,0,0,0,0,Business Operations / Management Analyst,2,Tier D (Low Relevance / Boutique),P3 - Ad-Hoc
FINOLOGY: The Finance Club,1,0,0,0,0,Business Operations / Management Analyst,2,Tier D (Low Relevance / Boutique),P3 - Ad-Hoc
CEVA SANTE ANIMALE,1,0,0,0,0,Business Operations / Management Analyst,2,Tier D (Low Relevance / Boutique),P3 - Ad-Hoc
Jacquard Fabrics India PVT LTD,1,0,0,0,0,Business Operations / Management Analyst,2,Tier D (Low Relevance / Boutique),P3 - Ad-Hoc
CoralMetrix,1,0,0,0,0,Business Operations / Management Analyst,2,Tier D (Low Relevance / Boutique),P3 - Ad-Hoc
Bodycraft Salon Spa and Clinic,1,0,0,0,0,Business Operations / Management Analyst,2,Tier D (Low Relevance / Boutique),P3 - Ad-Hoc
PlanetSpark,1,0,0,0,0,Business Operations / Management Analyst,2,Tier D (Low Relevance / Boutique),P3 - Ad-Hoc
Khurana & Khurana,1,0,0,0,0,Business Operations / Management Analyst,2,Tier D (Low Relevance / Boutique),P3 - Ad-Hoc
HelloPe,1,0,0,0,0,Business Operations / Management Analyst,2,Tier D (Low Relevance / Boutique),P3 - Ad-Hoc
DAV PUBLIC SCHOOL,1,0,0,0,0,Business Operations / Management Analyst,2,Tier D (Low Relevance / Boutique),P3 - Ad-Hoc
zeb,1,0,0,0,0,Business Operations / Management Analyst,2,Tier D (Low Relevance / Boutique),P3 - Ad-Hoc
Alshaya Group,1,0,0,0,0,Business Operations / Management Analyst,2,Tier D (Low Relevance / Boutique),P3 - Ad-Hoc
Greenwood High International,1,0,0,0,0,Business Operations / Management Analyst,2,Tier D (Low Relevance / Boutique),P3 - Ad-Hoc
SpotDraft,1,0,0,0,0,Business Operations / Management Analyst,2,Tier D (Low Relevance / Boutique),P3 - Ad-Hoc
Project Karuna H.E.A.L,1,0,0,0,0,Business Operations / Management Analyst,2,Tier D (Low Relevance / Boutique),P3 - Ad-Hoc
csr karma club christ,1,0,0,0,0,Business Operations / Management Analyst,2,Tier D (Low Relevance / Boutique),P3 - Ad-Hoc
Geojit,1,0,0,0,0,Business Operations / Management Analyst,2,Tier D (Low Relevance / Boutique),P3 - Ad-Hoc
Kendriya vidyalaya ITBP Seemadwar Dehradun Uttarakhand,1,0,0,0,0,Business Operations / Management Analyst,2,Tier D (Low Relevance / Boutique),P3 - Ad-Hoc
Nokia,1,0,0,0,0,Business Operations / Management Analyst,2,Tier D (Low Relevance / Boutique),P3 - Ad-Hoc
KVR Auto Group,1,0,0,0,0,Business Operations / Management Analyst,2,Tier D (Low Relevance / Boutique),P3 - Ad-Hoc
QSpiders - Software Testing Training Institute,1,0,0,0,0,Business Operations / Management Analyst,2,Tier D (Low Relevance / Boutique),P3 - Ad-Hoc
Oratoria BYC,1,0,0,0,0,Business Operations / Management Analyst,2,Tier D (Low Relevance / Boutique),P3 - Ad-Hoc
ClickPost,1,0,0,0,0,Business Operations / Management Analyst,2,Tier D (Low Relevance / Boutique),P3 - Ad-Hoc
Meolaa,1,0,0,0,0,Business Operations / Management Analyst,2,Tier D (Low Relevance / Boutique),P3 - Ad-Hoc
"The Department of Commerce, Model United Nations Society",1,0,0,0,0,Business Operations / Management Analyst,2,Tier D (Low Relevance / Boutique),P3 - Ad-Hoc
GNLU Legal Services Committee,1,0,0,0,0,Business Operations / Management Analyst,2,Tier D (Low Relevance / Boutique),P3 - Ad-Hoc
equentis,1,0,0,0,0,Business Operations / Management Analyst,2,Tier D (Low Relevance / Boutique),P3 - Ad-Hoc
Hyperlink Brand Solutions Pvt. Ltd.,1,0,0,0,0,Business Operations / Management Analyst,2,Tier D (Low Relevance / Boutique),P3 - Ad-Hoc
Visa,1,0,0,0,0,Business Operations / Management Analyst,2,Tier D (Low Relevance / Boutique),P3 - Ad-Hoc
ITW Polymers & Fluids South Asia,1,0,0,0,0,Business Operations / Management Analyst,2,Tier D (Low Relevance / Boutique),P3 - Ad-Hoc
TresVista,1,0,0,0,0,Business Operations / Management Analyst,2,Tier D (Low Relevance / Boutique),P3 - Ad-Hoc
Sequel Logistics,1,0,0,0,0,Business Operations / Management Analyst,2,Tier D (Low Relevance / Boutique),P3 - Ad-Hoc
কাপে ভরা স্বপ্নের আড্ডা (Kape Bhora Swopner Adda),1,0,0,0,0,Business Operations / Management Analyst,2,Tier D (Low Relevance / Boutique),P3 - Ad-Hoc
Reap Benefit,1,0,0,0,0,Business Operations / Management Analyst,2,Tier D (Low Relevance / Boutique),P3 - Ad-Hoc
Newton School of Technology,1,0,0,0,0,Business Operations / Management Analyst,2,Tier D (Low Relevance / Boutique),P3 - Ad-Hoc
William Penn (P) Ltd,1,0,0,0,0,Business Operations / Management Analyst,2,Tier D (Low Relevance / Boutique),P3 - Ad-Hoc
Amnesty International University of Melbourne,1,0,0,0,0,Business Operations / Management Analyst,2,Tier D (Low Relevance / Boutique),P3 - Ad-Hoc
Hindustan Times,1,0,0,0,0,Business Operations / Management Analyst,2,Tier D (Low Relevance / Boutique),P3 - Ad-Hoc
Crown Crest Infrastructure Private Limited,1,0,0,0,0,Business Operations / Management Analyst,2,Tier D (Low Relevance / Boutique),P3 - Ad-Hoc
The House of Rare,1,0,0,0,0,Business Operations / Management Analyst,2,Tier D (Low Relevance / Boutique),P3 - Ad-Hoc
CDSIMER,1,0,0,0,0,Business Operations / Management Analyst,2,Tier D (Low Relevance / Boutique),P3 - Ad-Hoc
ECRU PR,1,0,0,0,0,Business Operations / Management Analyst,2,Tier D (Low Relevance / Boutique),P3 - Ad-Hoc
Echoes of the Earth,1,0,0,0,0,Business Operations / Management Analyst,2,Tier D (Low Relevance / Boutique),P3 - Ad-Hoc
DocWealth Doctors' Wealth Advisors,1,0,0,0,0,Business Operations / Management Analyst,2,Tier D (Low Relevance / Boutique),P3 - Ad-Hoc
"The Human Resources Club, Christ University",1,0,0,0,0,Business Operations / Management Analyst,2,Tier D (Low Relevance / Boutique),P3 - Ad-Hoc
The International school Bangalore,1,0,0,0,0,Business Operations / Management Analyst,2,Tier D (Low Relevance / Boutique),P3 - Ad-Hoc
BazaarX.CO (GoFinX),1,0,0,0,0,Business Operations / Management Analyst,2,Tier D (Low Relevance / Boutique),P3 - Ad-Hoc
Camali Clinic,1,0,0,0,0,Business Operations / Management Analyst,2,Tier D (Low Relevance / Boutique),P3 - Ad-Hoc
Delhi Public School Bangalore North,1,0,0,0,0,Business Operations / Management Analyst,2,Tier D (Low Relevance / Boutique),P3 - Ad-Hoc
NSVM & Associates,1,0,0,0,0,Business Operations / Management Analyst,2,Tier D (Low Relevance / Boutique),P3 - Ad-Hoc
Amintiri,1,0,0,0,0,Business Operations / Management Analyst,2,Tier D (Low Relevance / Boutique),P3 - Ad-Hoc
BrainHub Polyclinic,1,0,0,0,0,Business Operations / Management Analyst,2,Tier D (Low Relevance / Boutique),P3 - Ad-Hoc
Thrift for Good,1,0,0,0,0,Business Operations / Management Analyst,2,Tier D (Low Relevance / Boutique),P3 - Ad-Hoc
Internal Quality Assurance Cell Christ University,1,0,0,0,0,Business Operations / Management Analyst,2,Tier D (Low Relevance / Boutique),P3 - Ad-Hoc
Computacenter,1,0,0,0,0,Business Operations / Management Analyst,2,Tier D (Low Relevance / Boutique),P3 - Ad-Hoc
RBL Bank,1,0,0,0,0,Business Operations / Management Analyst,2,Tier D (Low Relevance / Boutique),P3 - Ad-Hoc
Doughnut Economics Action Lab (DEAL),1,0,0,0,0,Business Operations / Management Analyst,2,Tier D (Low Relevance / Boutique),P3 - Ad-Hoc
SpryteLabs,1,0,0,0,0,Business Operations / Management Analyst,2,Tier D (Low Relevance / Boutique),P3 - Ad-Hoc
Oak Lores,1,0,0,0,0,Business Operations / Management Analyst,2,Tier D (Low Relevance / Boutique),P3 - Ad-Hoc
Acelen,1,0,0,0,0,Business Operations / Management Analyst,2,Tier D (Low Relevance / Boutique),P3 - Ad-Hoc
SPIRECREST SOLUTIONS PVT. LTD.,1,0,0,0,0,Business Operations / Management Analyst,2,Tier D (Low Relevance / Boutique),P3 - Ad-Hoc
ztayo,1,0,0,0,0,Business Operations / Management Analyst,2,Tier D (Low Relevance / Boutique),P3 - Ad-Hoc
Shreepraa Enterprise,1,0,0,0,0,Business Operations / Management Analyst,2,Tier D (Low Relevance / Boutique),P3 - Ad-Hoc
Sahej Uban & Associates (A Law Firm),1,0,0,0,0,Business Operations / Management Analyst,2,Tier D (Low Relevance / Boutique),P3 - Ad-Hoc
Vaachika Voice Work,1,0,0,0,0,Business Operations / Management Analyst,2,Tier D (Low Relevance / Boutique),P3 - Ad-Hoc
Vignette Windows- Christ University BRC,1,0,0,0,0,Business Operations / Management Analyst,2,Tier D (Low Relevance / Boutique),P3 - Ad-Hoc
The University of Queensland,1,0,0,0,0,Business Operations / Management Analyst,2,Tier D (Low Relevance / Boutique),P3 - Ad-Hoc
Zurich Insurance Company Ltd,1,0,0,0,0,Business Operations / Management Analyst,2,Tier D (Low Relevance / Boutique),P3 - Ad-Hoc
SEARCH CREATORS PVT. LTD,1,0,0,0,0,Business Operations / Management Analyst,2,Tier D (Low Relevance / Boutique),P3 - Ad-Hoc
Radio Orange FM,1,0,0,0,0,Business Operations / Management Analyst,2,Tier D (Low Relevance / Boutique),P3 - Ad-Hoc
St. creations,1,0,0,0,0,Business Operations / Management Analyst,2,Tier D (Low Relevance / Boutique),P3 - Ad-Hoc
Maxviewnow,1,0,0,0,0,Business Operations / Management Analyst,2,Tier D (Low Relevance / Boutique),P3 - Ad-Hoc
Banana Club,1,0,0,0,0,Business Operations / Management Analyst,2,Tier D (Low Relevance / Boutique),P3 - Ad-Hoc
4most,1,0,0,0,0,Business Operations / Management Analyst,2,Tier D (Low Relevance / Boutique),P3 - Ad-Hoc
The Standard India,1,0,0,0,0,Business Operations / Management Analyst,2,Tier D (Low Relevance / Boutique),P3 - Ad-Hoc
Regional Rehabilitation and Research Center,1,0,0,0,0,Business Operations / Management Analyst,2,Tier D (Low Relevance / Boutique),P3 - Ad-Hoc
Facilio,1,0,0,0,0,Business Operations / Management Analyst,2,Tier D (Low Relevance / Boutique),P3 - Ad-Hoc
Cybersaviours Private Limited,1,0,0,0,0,Business Operations / Management Analyst,2,Tier D (Low Relevance / Boutique),P3 - Ad-Hoc
OneAssure,1,0,0,0,0,Business Operations / Management Analyst,2,Tier D (Low Relevance / Boutique),P3 - Ad-Hoc
UNLOX®,1,0,0,0,0,Business Operations / Management Analyst,2,Tier D (Low Relevance / Boutique),P3 - Ad-Hoc
London Stock Exchange Group (LSEG),1,0,0,0,0,Business Operations / Management Analyst,2,Tier D (Low Relevance / Boutique),P3 - Ad-Hoc
MountDiggers,1,0,0,0,0,Business Operations / Management Analyst,2,Tier D (Low Relevance / Boutique),P3 - Ad-Hoc
Centre for Placement and Career Guidance,1,0,0,0,0,Business Operations / Management Analyst,2,Tier D (Low Relevance / Boutique),P3 - Ad-Hoc
bahuroopi,1,0,0,0,0,Business Operations / Management Analyst,2,Tier D (Low Relevance / Boutique),P3 - Ad-Hoc
FundVice,1,0,0,0,0,Business Operations / Management Analyst,2,Tier D (Low Relevance / Boutique),P3 - Ad-Hoc
Plug My Drip,1,0,0,0,0,Business Operations / Management Analyst,2,Tier D (Low Relevance / Boutique),P3 - Ad-Hoc
Walnut Folks Group,1,0,0,0,0,Business Operations / Management Analyst,2,Tier D (Low Relevance / Boutique),P3 - Ad-Hoc
Rockstud Capital,1,0,0,0,0,Business Operations / Management Analyst,2,Tier D (Low Relevance / Boutique),P3 - Ad-Hoc
Crushaders Tech,1,0,0,0,0,Business Operations / Management Analyst,2,Tier D (Low Relevance / Boutique),P3 - Ad-Hoc
A'ridjobs وظائف العراق,1,0,0,0,0,Business Operations / Management Analyst,2,Tier D (Low Relevance / Boutique),P3 - Ad-Hoc
Zoca,1,0,0,0,0,Business Operations / Management Analyst,2,Tier D (Low Relevance / Boutique),P3 - Ad-Hoc
"MACS - Mentoring and Counselling Services, BGR",1,0,0,0,0,Business Operations / Management Analyst,2,Tier D (Low Relevance / Boutique),P3 - Ad-Hoc
Cyient,1,0,0,0,0,Business Operations / Management Analyst,2,Tier D (Low Relevance / Boutique),P3 - Ad-Hoc
"SPARSH Hospital, Bengaluru",1,0,0,0,0,Business Operations / Management Analyst,2,Tier D (Low Relevance / Boutique),P3 - Ad-Hoc
Bion Advisors,1,0,0,0,0,Business Operations / Management Analyst,2,Tier D (Low Relevance / Boutique),P3 - Ad-Hoc
Dharwad Institute of Mental Health and Neuroscience,1,0,0,0,0,Business Operations / Management Analyst,2,Tier D (Low Relevance / Boutique),P3 - Ad-Hoc
3one4 Capital,1,0,0,0,0,Business Operations / Management Analyst,2,Tier D (Low Relevance / Boutique),P3 - Ad-Hoc
4K Fitness Club,1,0,0,0,0,Business Operations / Management Analyst,2,Tier D (Low Relevance / Boutique),P3 - Ad-Hoc
Krishnan's Educational Trust,1,0,0,0,0,Business Operations / Management Analyst,2,Tier D (Low Relevance / Boutique),P3 - Ad-Hoc
Tradepass,1,0,0,0,0,Business Operations / Management Analyst,2,Tier D (Low Relevance / Boutique),P3 - Ad-Hoc
CIIRC,1,0,0,0,0,Business Operations / Management Analyst,2,Tier D (Low Relevance / Boutique),P3 - Ad-Hoc
JRS&Co.,1,0,0,0,0,Business Operations / Management Analyst,2,Tier D (Low Relevance / Boutique),P3 - Ad-Hoc
Stefano Ricci,1,0,0,0,0,Business Operations / Management Analyst,2,Tier D (Low Relevance / Boutique),P3 - Ad-Hoc
pavna Group Of Industries,1,0,0,0,0,Business Operations / Management Analyst,2,Tier D (Low Relevance / Boutique),P3 - Ad-Hoc
Shivaami,1,0,0,0,0,Business Operations / Management Analyst,2,Tier D (Low Relevance / Boutique),P3 - Ad-Hoc
Dove Soft Ltd.,1,0,0,0,0,Business Operations / Management Analyst,2,Tier D (Low Relevance / Boutique),P3 - Ad-Hoc
KPSJ & Associates LLP,1,0,0,0,0,Business Operations / Management Analyst,2,Tier D (Low Relevance / Boutique),P3 - Ad-Hoc
Quation Solutions Private Limited,1,0,0,0,0,Business Operations / Management Analyst,2,Tier D (Low Relevance / Boutique),P3 - Ad-Hoc
"Finance and Investment Cell, Christ University",1,0,0,0,0,Business Operations / Management Analyst,2,Tier D (Low Relevance / Boutique),P3 - Ad-Hoc
NowVia,1,0,0,0,0,Business Operations / Management Analyst,2,Tier D (Low Relevance / Boutique),P3 - Ad-Hoc
DhanDrishti Financial Literacy Program DSI initiative,1,0,0,0,0,Business Operations / Management Analyst,2,Tier D (Low Relevance / Boutique),P3 - Ad-Hoc
TÜV SÜD,1,0,0,0,0,Business Operations / Management Analyst,2,Tier D (Low Relevance / Boutique),P3 - Ad-Hoc
Praxis,1,0,0,0,0,Business Operations / Management Analyst,2,Tier D (Low Relevance / Boutique),P3 - Ad-Hoc
YouTube Channel,1,0,0,0,0,Business Operations / Management Analyst,2,Tier D (Low Relevance / Boutique),P3 - Ad-Hoc
Square Feet Realtors,1,0,0,0,0,Business Operations / Management Analyst,2,Tier D (Low Relevance / Boutique),P3 - Ad-Hoc
India Glycols Limited,1,0,0,0,0,Business Operations / Management Analyst,2,Tier D (Low Relevance / Boutique),P3 - Ad-Hoc
CDACINDIA,1,0,0,0,0,Business Operations / Management Analyst,2,Tier D (Low Relevance / Boutique),P3 - Ad-Hoc
Midis Group,1,0,0,0,0,Business Operations / Management Analyst,2,Tier D (Low Relevance / Boutique),P3 - Ad-Hoc
Step Up For India,1,0,0,0,0,Business Operations / Management Analyst,2,Tier D (Low Relevance / Boutique),P3 - Ad-Hoc
Jiraaf - Powered by AI Growth,1,0,0,0,0,Business Operations / Management Analyst,2,Tier D (Low Relevance / Boutique),P3 - Ad-Hoc
KIOCL Limited,1,0,0,0,0,Business Operations / Management Analyst,2,Tier D (Low Relevance / Boutique),P3 - Ad-Hoc
Tierra Food India Pvt Ltd,1,0,0,0,0,Business Operations / Management Analyst,2,Tier D (Low Relevance / Boutique),P3 - Ad-Hoc
Atria Education,1,0,0,0,0,Business Operations / Management Analyst,2,Tier D (Low Relevance / Boutique),P3 - Ad-Hoc
Bharath Electronics and Appliances,1,0,0,0,0,Business Operations / Management Analyst,2,Tier D (Low Relevance / Boutique),P3 - Ad-Hoc
B.C. Shetty & Co. Chartered Accountants,1,0,0,0,0,Business Operations / Management Analyst,2,Tier D (Low Relevance / Boutique),P3 - Ad-Hoc
Purnartha PMS,1,0,0,0,0,Business Operations / Management Analyst,2,Tier D (Low Relevance / Boutique),P3 - Ad-Hoc
BornHi Digital,1,0,0,0,0,Business Operations / Management Analyst,2,Tier D (Low Relevance / Boutique),P3 - Ad-Hoc
Forth Worth Studios,1,0,0,0,0,Business Operations / Management Analyst,2,Tier D (Low Relevance / Boutique),P3 - Ad-Hoc
Nagar Palika Parishad Pilibhit,1,0,0,0,0,Business Operations / Management Analyst,2,Tier D (Low Relevance / Boutique),P3 - Ad-Hoc
Apex Edge research & advisory solutions,1,0,0,0,0,Business Operations / Management Analyst,2,Tier D (Low Relevance / Boutique),P3 - Ad-Hoc
JYESTA CORPORATE ENTITY,1,0,0,0,0,Business Operations / Management Analyst,2,Tier D (Low Relevance / Boutique),P3 - Ad-Hoc
Centre for Councelling and Health services,1,0,0,0,0,Business Operations / Management Analyst,2,Tier D (Low Relevance / Boutique),P3 - Ad-Hoc
Mayuri ceramics,1,0,0,0,0,Business Operations / Management Analyst,2,Tier D (Low Relevance / Boutique),P3 - Ad-Hoc
Taggd,1,0,0,0,0,Business Operations / Management Analyst,2,Tier D (Low Relevance / Boutique),P3 - Ad-Hoc
Rashtriya Ispat Nigam Limited (Rinl),1,0,0,0,0,Business Operations / Management Analyst,2,Tier D (Low Relevance / Boutique),P3 - Ad-Hoc
NoQs Digital,1,0,0,0,0,Business Operations / Management Analyst,2,Tier D (Low Relevance / Boutique),P3 - Ad-Hoc
AUMHUM,1,0,0,0,0,Business Operations / Management Analyst,2,Tier D (Low Relevance / Boutique),P3 - Ad-Hoc
Divinus India Pvt Ltd,1,0,0,0,0,Business Operations / Management Analyst,2,Tier D (Low Relevance / Boutique),P3 - Ad-Hoc
Us Mediaworks,1,0,0,0,0,Business Operations / Management Analyst,2,Tier D (Low Relevance / Boutique),P3 - Ad-Hoc
Warivo Motor India,1,0,0,0,0,Business Operations / Management Analyst,2,Tier D (Low Relevance / Boutique),P3 - Ad-Hoc
British Council,1,0,0,0,0,Business Operations / Management Analyst,2,Tier D (Low Relevance / Boutique),P3 - Ad-Hoc
Nirmal Bang,1,0,0,0,0,Business Operations / Management Analyst,2,Tier D (Low Relevance / Boutique),P3 - Ad-Hoc
Anubhavi Automation Private Ltd,1,0,0,0,0,Business Operations / Management Analyst,2,Tier D (Low Relevance / Boutique),P3 - Ad-Hoc
Nagarjuna Agritech Limited,1,0,0,0,0,Business Operations / Management Analyst,2,Tier D (Low Relevance / Boutique),P3 - Ad-Hoc
Applied Materials,1,0,0,0,0,Business Operations / Management Analyst,2,Tier D (Low Relevance / Boutique),P3 - Ad-Hoc
Samashti - The Student Council,1,0,0,0,0,Business Operations / Management Analyst,2,Tier D (Low Relevance / Boutique),P3 - Ad-Hoc
TechBlocks,1,0,0,0,0,Business Operations / Management Analyst,2,Tier D (Low Relevance / Boutique),P3 - Ad-Hoc
Wipro Enterprises Pvt Ltd,1,0,0,0,0,Business Operations / Management Analyst,2,Tier D (Low Relevance / Boutique),P3 - Ad-Hoc
Happiest Health,1,0,0,0,0,Business Operations / Management Analyst,2,Tier D (Low Relevance / Boutique),P3 - Ad-Hoc
LNB & ASSOCIATES,1,0,0,0,0,Business Operations / Management Analyst,2,Tier D (Low Relevance / Boutique),P3 - Ad-Hoc
Fractal,1,0,0,0,0,Business Operations / Management Analyst,2,Tier D (Low Relevance / Boutique),P3 - Ad-Hoc
JM Financial Services Ltd,1,0,0,0,0,Business Operations / Management Analyst,2,Tier D (Low Relevance / Boutique),P3 - Ad-Hoc
Sri Anuragavi Garments,1,0,0,0,0,Business Operations / Management Analyst,2,Tier D (Low Relevance / Boutique),P3 - Ad-Hoc
Trainity,1,0,0,0,0,Business Operations / Management Analyst,2,Tier D (Low Relevance / Boutique),P3 - Ad-Hoc
ParikSaathi,1,0,0,0,0,Business Operations / Management Analyst,2,Tier D (Low Relevance / Boutique),P3 - Ad-Hoc
Chervic Advisory Services,1,0,0,0,0,Business Operations / Management Analyst,2,Tier D (Low Relevance / Boutique),P3 - Ad-Hoc
Arali Ventures,1,0,0,0,0,Business Operations / Management Analyst,2,Tier D (Low Relevance / Boutique),P3 - Ad-Hoc
Ludhiana Beverages Pvt. Ltd.,1,0,0,0,0,Business Operations / Management Analyst,2,Tier D (Low Relevance / Boutique),P3 - Ad-Hoc
Crowd Product (CoProTech): World's No.1 Pitching & Audience Engagement solution,1,0,0,0,0,Business Operations / Management Analyst,2,Tier D (Low Relevance / Boutique),P3 - Ad-Hoc
Prana Ventures,1,0,0,0,0,Business Operations / Management Analyst,2,Tier D (Low Relevance / Boutique),P3 - Ad-Hoc
RP Cloud Kitchens,1,0,0,0,0,Business Operations / Management Analyst,2,Tier D (Low Relevance / Boutique),P3 - Ad-Hoc
NJ IndiaInvest Private Limited,1,0,0,0,0,Business Operations / Management Analyst,2,Tier D (Low Relevance / Boutique),P3 - Ad-Hoc
ZecData Technology- A CMMI Level 3 Company,1,0,0,0,0,Business Operations / Management Analyst,2,Tier D (Low Relevance / Boutique),P3 - Ad-Hoc
RIXA,1,0,0,0,0,Business Operations / Management Analyst,2,Tier D (Low Relevance / Boutique),P3 - Ad-Hoc
Deccan AI Experts,1,0,0,0,0,Business Operations / Management Analyst,2,Tier D (Low Relevance / Boutique),P3 - Ad-Hoc
Carl Stahl Middle East,1,0,0,0,0,Business Operations / Management Analyst,2,Tier D (Low Relevance / Boutique),P3 - Ad-Hoc
Cura,1,0,0,0,0,Business Operations / Management Analyst,2,Tier D (Low Relevance / Boutique),P3 - Ad-Hoc
USDC Global,1,0,0,0,0,Business Operations / Management Analyst,2,Tier D (Low Relevance / Boutique),P3 - Ad-Hoc
Unified Vision Capital Pvt. Ltd.,1,0,0,0,0,Business Operations / Management Analyst,2,Tier D (Low Relevance / Boutique),P3 - Ad-Hoc
Shree Renga Polyester Pvt Ltd,1,0,0,0,0,Business Operations / Management Analyst,2,Tier D (Low Relevance / Boutique),P3 - Ad-Hoc
"Institute For Human Development, India",1,0,0,0,0,Business Operations / Management Analyst,2,Tier D (Low Relevance / Boutique),P3 - Ad-Hoc
TSMT Consulting Private Limited,1,0,0,0,0,Business Operations / Management Analyst,2,Tier D (Low Relevance / Boutique),P3 - Ad-Hoc
PensionBox,1,0,0,0,0,Business Operations / Management Analyst,2,Tier D (Low Relevance / Boutique),P3 - Ad-Hoc
Gem Motors,1,0,0,0,0,Business Operations / Management Analyst,2,Tier D (Low Relevance / Boutique),P3 - Ad-Hoc
The London School of Economics and Political Science (LSE),1,0,0,0,0,Business Operations / Management Analyst,2,Tier D (Low Relevance / Boutique),P3 - Ad-Hoc
SunGarner Energies Ltd,1,0,0,0,0,Business Operations / Management Analyst,2,Tier D (Low Relevance / Boutique),P3 - Ad-Hoc
KOTHARI ENFAB PRIVATE LIMITED,1,0,0,0,0,Business Operations / Management Analyst,2,Tier D (Low Relevance / Boutique),P3 - Ad-Hoc
Inmogic Technologies,1,0,0,0,0,Business Operations / Management Analyst,2,Tier D (Low Relevance / Boutique),P3 - Ad-Hoc
VANALOK,1,0,0,0,0,Business Operations / Management Analyst,2,Tier D (Low Relevance / Boutique),P3 - Ad-Hoc
JVW Technologies Private Limited,1,0,0,0,0,Business Operations / Management Analyst,2,Tier D (Low Relevance / Boutique),P3 - Ad-Hoc
Varahe Analytics Private Limited,1,0,0,0,0,Business Operations / Management Analyst,2,Tier D (Low Relevance / Boutique),P3 - Ad-Hoc
IMPRI Impact and Policy Research Institute,1,0,0,0,0,Business Operations / Management Analyst,2,Tier D (Low Relevance / Boutique),P3 - Ad-Hoc
BNM Institute Of Technology,1,0,0,0,0,Business Operations / Management Analyst,2,Tier D (Low Relevance / Boutique),P3 - Ad-Hoc
United Regulation,1,0,0,0,0,Business Operations / Management Analyst,2,Tier D (Low Relevance / Boutique),P3 - Ad-Hoc
SIMHA AND CO,1,0,0,0,0,Business Operations / Management Analyst,2,Tier D (Low Relevance / Boutique),P3 - Ad-Hoc
Arise Ventures,1,0,0,0,0,Business Operations / Management Analyst,2,Tier D (Low Relevance / Boutique),P3 - Ad-Hoc
Zeitview,1,0,0,0,0,Business Operations / Management Analyst,2,Tier D (Low Relevance / Boutique),P3 - Ad-Hoc
Freshworks,1,0,0,0,0,Business Operations / Management Analyst,2,Tier D (Low Relevance / Boutique),P3 - Ad-Hoc
NK Kothari Finserve Pvt. Ltd,1,0,0,0,0,Business Operations / Management Analyst,2,Tier D (Low Relevance / Boutique),P3 - Ad-Hoc
Own The Story,1,0,0,0,0,Business Operations / Management Analyst,2,Tier D (Low Relevance / Boutique),P3 - Ad-Hoc
Shriram Finance Limited,1,0,0,0,0,Business Operations / Management Analyst,2,Tier D (Low Relevance / Boutique),P3 - Ad-Hoc
Rapidman Security Services Private Limited,1,0,0,0,0,Business Operations / Management Analyst,2,Tier D (Low Relevance / Boutique),P3 - Ad-Hoc
eStatus,1,0,0,0,0,Business Operations / Management Analyst,2,Tier D (Low Relevance / Boutique),P3 - Ad-Hoc
Rentxperts - Leasing Consultancy,1,0,0,0,0,Business Operations / Management Analyst,2,Tier D (Low Relevance / Boutique),P3 - Ad-Hoc
Muvatupuzha MLA Office,1,0,0,0,0,Business Operations / Management Analyst,2,Tier D (Low Relevance / Boutique),P3 - Ad-Hoc
Aaosa.co,1,0,0,0,0,Business Operations / Management Analyst,2,Tier D (Low Relevance / Boutique),P3 - Ad-Hoc
Department of Professional Studies (CHRIST Deemed to be University),1,0,0,0,0,Business Operations / Management Analyst,2,Tier D (Low Relevance / Boutique),P3 - Ad-Hoc
AgniKul Cosmos,1,0,0,0,0,Business Operations / Management Analyst,2,Tier D (Low Relevance / Boutique),P3 - Ad-Hoc
Branding and strategist,1,0,0,0,0,Business Operations / Management Analyst,2,Tier D (Low Relevance / Boutique),P3 - Ad-Hoc
TIES,1,0,0,0,0,Business Operations / Management Analyst,2,Tier D (Low Relevance / Boutique),P3 - Ad-Hoc
Krystal Ventures Studio | Klarus Capital,1,0,0,0,0,Business Operations / Management Analyst,2,Tier D (Low Relevance / Boutique),P3 - Ad-Hoc
Xpertiz,1,0,0,0,0,Business Operations / Management Analyst,2,Tier D (Low Relevance / Boutique),P3 - Ad-Hoc
AICraft,1,0,0,0,0,Business Operations / Management Analyst,2,Tier D (Low Relevance / Boutique),P3 - Ad-Hoc
Motilal Oswal Asset Management Company Ltd.,1,0,0,0,0,Business Operations / Management Analyst,2,Tier D (Low Relevance / Boutique),P3 - Ad-Hoc
Centre for Public Policy Research,1,0,0,0,0,Business Operations / Management Analyst,2,Tier D (Low Relevance / Boutique),P3 - Ad-Hoc
Mokobara,1,0,0,0,0,Business Operations / Management Analyst,2,Tier D (Low Relevance / Boutique),P3 - Ad-Hoc
AUM Ventures,1,0,0,0,0,Business Operations / Management Analyst,2,Tier D (Low Relevance / Boutique),P3 - Ad-Hoc
IAN Group,1,0,0,0,0,Business Operations / Management Analyst,2,Tier D (Low Relevance / Boutique),P3 - Ad-Hoc
Agentic Universe,1,0,0,0,0,Business Operations / Management Analyst,2,Tier D (Low Relevance / Boutique),P3 - Ad-Hoc
All In Capital,1,0,0,0,0,Business Operations / Management Analyst,2,Tier D (Low Relevance / Boutique),P3 - Ad-Hoc
nasscom,1,0,0,0,0,Business Operations / Management Analyst,2,Tier D (Low Relevance / Boutique),P3 - Ad-Hoc
Office of Sr Advocate Promad Kumar Pattnaik,1,0,0,0,0,Business Operations / Management Analyst,2,Tier D (Low Relevance / Boutique),P3 - Ad-Hoc
Webvillee Technology Pvt Ltd,1,0,0,0,0,Business Operations / Management Analyst,2,Tier D (Low Relevance / Boutique),P3 - Ad-Hoc
ACETEC MOTORS PRIVATE LIMITED,1,0,0,0,0,Business Operations / Management Analyst,2,Tier D (Low Relevance / Boutique),P3 - Ad-Hoc
Narayan Stores,1,0,0,0,0,Business Operations / Management Analyst,2,Tier D (Low Relevance / Boutique),P3 - Ad-Hoc
Ovum Hospitals - India,1,0,0,0,0,Business Operations / Management Analyst,2,Tier D (Low Relevance / Boutique),P3 - Ad-Hoc
CloudzyTec,1,0,0,0,0,Business Operations / Management Analyst,2,Tier D (Low Relevance / Boutique),P3 - Ad-Hoc
LeafyAffair,1,0,0,0,0,Business Operations / Management Analyst,2,Tier D (Low Relevance / Boutique),P3 - Ad-Hoc
SRISHTI HOSPITALS AND RESEARCH CENTRE PRIVATE LIMITED,1,0,0,0,0,Business Operations / Management Analyst,2,Tier D (Low Relevance / Boutique),P3 - Ad-Hoc
Hegde & More Chartered Accountants,1,0,0,0,0,Business Operations / Management Analyst,2,Tier D (Low Relevance / Boutique),P3 - Ad-Hoc
Kreedo Early Childhood Solutions,1,0,0,0,0,Business Operations / Management Analyst,2,Tier D (Low Relevance / Boutique),P3 - Ad-Hoc
"Orpheus Productions, Christ (Deemed to be University) BGR",1,0,0,0,0,Business Operations / Management Analyst,2,Tier D (Low Relevance / Boutique),P3 - Ad-Hoc
Havas Media Network India,1,0,0,0,0,Business Operations / Management Analyst,2,Tier D (Low Relevance / Boutique),P3 - Ad-Hoc
V Star Creations Pvt Ltd,1,0,0,0,0,Business Operations / Management Analyst,2,Tier D (Low Relevance / Boutique),P3 - Ad-Hoc
Believe In Smiles,1,0,0,0,0,Business Operations / Management Analyst,2,Tier D (Low Relevance / Boutique),P3 - Ad-Hoc
CropNow,1,0,0,0,0,Business Operations / Management Analyst,2,Tier D (Low Relevance / Boutique),P3 - Ad-Hoc
none,1,0,0,0,0,Business Operations / Management Analyst,2,Tier D (Low Relevance / Boutique),P3 - Ad-Hoc
Prudentia: The HR Association,1,0,0,0,0,Business Operations / Management Analyst,2,Tier D (Low Relevance / Boutique),P3 - Ad-Hoc
S. K. Agrawal and Co Chartered Accountants LLP,1,0,0,0,0,Business Operations / Management Analyst,2,Tier D (Low Relevance / Boutique),P3 - Ad-Hoc
RNSIT MBA,1,0,0,0,0,Business Operations / Management Analyst,2,Tier D (Low Relevance / Boutique),P3 - Ad-Hoc
"The Totgars’ Co-operative Sales Society Ltd., Sirsi",1,0,0,0,0,Business Operations / Management Analyst,2,Tier D (Low Relevance / Boutique),P3 - Ad-Hoc
B.A.L corporate private limited,1,0,0,0,0,Business Operations / Management Analyst,2,Tier D (Low Relevance / Boutique),P3 - Ad-Hoc
Altisource,1,0,0,0,0,Business Operations / Management Analyst,2,Tier D (Low Relevance / Boutique),P3 - Ad-Hoc
Vialto,1,0,0,0,0,Business Operations / Management Analyst,2,Tier D (Low Relevance / Boutique),P3 - Ad-Hoc
Bloom Skills,1,0,0,0,0,Business Operations / Management Analyst,2,Tier D (Low Relevance / Boutique),P3 - Ad-Hoc
FlyRank AI,1,0,0,0,0,Business Operations / Management Analyst,2,Tier D (Low Relevance / Boutique),P3 - Ad-Hoc
ProHance,1,0,0,0,0,Business Operations / Management Analyst,2,Tier D (Low Relevance / Boutique),P3 - Ad-Hoc
CA K S Krishnan & Co,1,0,0,0,0,Business Operations / Management Analyst,2,Tier D (Low Relevance / Boutique),P3 - Ad-Hoc
Autumn,1,0,0,0,0,Business Operations / Management Analyst,2,Tier D (Low Relevance / Boutique),P3 - Ad-Hoc
7Classes Career Institute : Only 7 Students In a Batch,1,0,0,0,0,Business Operations / Management Analyst,2,Tier D (Low Relevance / Boutique),P3 - Ad-Hoc
Dyashin Technosoft,1,0,0,0,0,Business Operations / Management Analyst,2,Tier D (Low Relevance / Boutique),P3 - Ad-Hoc
AROHUL FOODS PRIVATE LIMITED,1,0,0,0,0,Business Operations / Management Analyst,2,Tier D (Low Relevance / Boutique),P3 - Ad-Hoc
DigiNxtHlt Solutions Pvt. Ltd.,1,0,0,0,0,Business Operations / Management Analyst,2,Tier D (Low Relevance / Boutique),P3 - Ad-Hoc
Muthu paper packs,1,0,0,0,0,Business Operations / Management Analyst,2,Tier D (Low Relevance / Boutique),P3 - Ad-Hoc
Muttur and company,1,0,0,0,0,Business Operations / Management Analyst,2,Tier D (Low Relevance / Boutique),P3 - Ad-Hoc
Tradeshala,1,0,0,0,0,Business Operations / Management Analyst,2,Tier D (Low Relevance / Boutique),P3 - Ad-Hoc
Qream Solutions Private Limited,1,0,0,0,0,Business Operations / Management Analyst,2,Tier D (Low Relevance / Boutique),P3 - Ad-Hoc
Aiesec - International Non - Profit - Organization,1,0,0,0,0,Business Operations / Management Analyst,2,Tier D (Low Relevance / Boutique),P3 - Ad-Hoc
U.S. Consulate General Mumbai,1,0,0,0,0,Business Operations / Management Analyst,2,Tier D (Low Relevance / Boutique),P3 - Ad-Hoc
Behavioral Decision Lab,1,0,0,0,0,Business Operations / Management Analyst,2,Tier D (Low Relevance / Boutique),P3 - Ad-Hoc
Linzz Events,1,0,0,0,0,Business Operations / Management Analyst,2,Tier D (Low Relevance / Boutique),P3 - Ad-Hoc
Contaque,1,0,0,0,0,Business Operations / Management Analyst,2,Tier D (Low Relevance / Boutique),P3 - Ad-Hoc
South Asian Association for Regional Cooperation (SAARC),1,0,0,0,0,Business Operations / Management Analyst,2,Tier D (Low Relevance / Boutique),P3 - Ad-Hoc
InDiiServe.ai,1,0,0,0,0,Business Operations / Management Analyst,2,Tier D (Low Relevance / Boutique),P3 - Ad-Hoc
Shadvika Financial Services,1,0,0,0,0,Business Operations / Management Analyst,2,Tier D (Low Relevance / Boutique),P3 - Ad-Hoc
GooCampus Edu Solutions,1,0,0,0,0,Business Operations / Management Analyst,2,Tier D (Low Relevance / Boutique),P3 - Ad-Hoc
Dayananda Sagar Institutions,1,0,0,0,0,Business Operations / Management Analyst,2,Tier D (Low Relevance / Boutique),P3 - Ad-Hoc
Mark Ad,1,0,0,0,0,Business Operations / Management Analyst,2,Tier D (Low Relevance / Boutique),P3 - Ad-Hoc
0 to 100 learn academy,1,0,0,0,0,Business Operations / Management Analyst,2,Tier D (Low Relevance / Boutique),P3 - Ad-Hoc
Ramaiah Institute Of Technology,1,0,0,0,0,Business Operations / Management Analyst,2,Tier D (Low Relevance / Boutique),P3 - Ad-Hoc
Bio Edge Solutions,1,0,0,0,0,Business Operations / Management Analyst,2,Tier D (Low Relevance / Boutique),P3 - Ad-Hoc
Windsun Renewables Pvt Ltd,1,0,0,0,0,Business Operations / Management Analyst,2,Tier D (Low Relevance / Boutique),P3 - Ad-Hoc
INAYAT,1,0,0,0,0,Business Operations / Management Analyst,2,Tier D (Low Relevance / Boutique),P3 - Ad-Hoc
Mintor Media,1,0,0,0,0,Business Operations / Management Analyst,2,Tier D (Low Relevance / Boutique),P3 - Ad-Hoc
SmartProxis Technologies Pvt. Ltd,1,0,0,0,0,Business Operations / Management Analyst,2,Tier D (Low Relevance / Boutique),P3 - Ad-Hoc
DWF group,1,0,0,0,0,Business Operations / Management Analyst,2,Tier D (Low Relevance / Boutique),P3 - Ad-Hoc
Manju Ranjith & Associates,1,0,0,0,0,Business Operations / Management Analyst,2,Tier D (Low Relevance / Boutique),P3 - Ad-Hoc
The Sustainability Club,1,0,0,0,0,Business Operations / Management Analyst,2,Tier D (Low Relevance / Boutique),P3 - Ad-Hoc
FluencyArc,1,0,0,0,0,Business Operations / Management Analyst,2,Tier D (Low Relevance / Boutique),P3 - Ad-Hoc
ABA of North Texas,1,0,0,0,0,Business Operations / Management Analyst,2,Tier D (Low Relevance / Boutique),P3 - Ad-Hoc
Vit Vivran Consultants Private Limited,1,0,0,0,0,Business Operations / Management Analyst,2,Tier D (Low Relevance / Boutique),P3 - Ad-Hoc
Sreedar Mohan & Associates,1,0,0,0,0,Business Operations / Management Analyst,2,Tier D (Low Relevance / Boutique),P3 - Ad-Hoc
Teachfly Educare Pvt Ltd,1,0,0,0,0,Business Operations / Management Analyst,2,Tier D (Low Relevance / Boutique),P3 - Ad-Hoc
Office of Sr. Advocate Pradeep Rai,1,0,0,0,0,Business Operations / Management Analyst,2,Tier D (Low Relevance / Boutique),P3 - Ad-Hoc
Koch Business Solutions India,1,0,0,0,0,Business Operations / Management Analyst,2,Tier D (Low Relevance / Boutique),P3 - Ad-Hoc
Mad Mex Fresh Mexican,1,0,0,0,0,Business Operations / Management Analyst,2,Tier D (Low Relevance / Boutique),P3 - Ad-Hoc
Gravity Chemicals and Specialties,1,0,0,0,0,Business Operations / Management Analyst,2,Tier D (Low Relevance / Boutique),P3 - Ad-Hoc
Spacecubed,1,0,0,0,0,Business Operations / Management Analyst,2,Tier D (Low Relevance / Boutique),P3 - Ad-Hoc
Dayanada Sagar University,1,0,0,0,0,Business Operations / Management Analyst,2,Tier D (Low Relevance / Boutique),P3 - Ad-Hoc
The Banja-raas,1,0,0,0,0,Business Operations / Management Analyst,2,Tier D (Low Relevance / Boutique),P3 - Ad-Hoc
PHINIA,1,0,0,0,0,Business Operations / Management Analyst,2,Tier D (Low Relevance / Boutique),P3 - Ad-Hoc
JCBL,1,0,0,0,0,Business Operations / Management Analyst,2,Tier D (Low Relevance / Boutique),P3 - Ad-Hoc
Invenzo Labs,1,0,0,0,0,Business Operations / Management Analyst,2,Tier D (Low Relevance / Boutique),P3 - Ad-Hoc
Kumbhakarna Konsult,1,0,0,0,0,Business Operations / Management Analyst,2,Tier D (Low Relevance / Boutique),P3 - Ad-Hoc
UpQuest Communications,1,0,0,0,0,Business Operations / Management Analyst,2,Tier D (Low Relevance / Boutique),P3 - Ad-Hoc
PRandit,1,0,0,0,0,Business Operations / Management Analyst,2,Tier D (Low Relevance / Boutique),P3 - Ad-Hoc
A. K. Capital Services Ltd,1,0,0,0,0,Business Operations / Management Analyst,2,Tier D (Low Relevance / Boutique),P3 - Ad-Hoc
"School of Public Health, JSS AHER",1,0,0,0,0,Business Operations / Management Analyst,2,Tier D (Low Relevance / Boutique),P3 - Ad-Hoc
Women in Sales,1,0,0,0,0,Business Operations / Management Analyst,2,Tier D (Low Relevance / Boutique),P3 - Ad-Hoc
Aamras Collective,1,0,0,0,0,Business Operations / Management Analyst,2,Tier D (Low Relevance / Boutique),P3 - Ad-Hoc
Motilal Oswal Financial Services Ltd,1,0,0,0,0,Business Operations / Management Analyst,2,Tier D (Low Relevance / Boutique),P3 - Ad-Hoc
Quant LegalTech,1,0,0,0,0,Business Operations / Management Analyst,2,Tier D (Low Relevance / Boutique),P3 - Ad-Hoc
Jd birla institute,1,0,0,0,0,Business Operations / Management Analyst,2,Tier D (Low Relevance / Boutique),P3 - Ad-Hoc
Dreamspan,1,0,0,0,0,Business Operations / Management Analyst,2,Tier D (Low Relevance / Boutique),P3 - Ad-Hoc
Reliance Industries Limited,1,0,0,0,0,Business Operations / Management Analyst,2,Tier D (Low Relevance / Boutique),P3 - Ad-Hoc
ElpeeCo.,1,0,0,0,0,Business Operations / Management Analyst,2,Tier D (Low Relevance / Boutique),P3 - Ad-Hoc
Alyne Group,1,0,0,0,0,Business Operations / Management Analyst,2,Tier D (Low Relevance / Boutique),P3 - Ad-Hoc
Qua Nutrition,1,0,0,0,0,Business Operations / Management Analyst,2,Tier D (Low Relevance / Boutique),P3 - Ad-Hoc
Das Writing Services Pvt. Ltd.,1,0,0,0,0,Business Operations / Management Analyst,2,Tier D (Low Relevance / Boutique),P3 - Ad-Hoc
Madison World,1,0,0,0,0,Business Operations / Management Analyst,2,Tier D (Low Relevance / Boutique),P3 - Ad-Hoc
Indian Institute of Technology Jodhpur,1,0,0,0,0,Business Operations / Management Analyst,2,Tier D (Low Relevance / Boutique),P3 - Ad-Hoc
Society of Health Education Legal Training & Emergency Rehabilitation(SHELTER),1,0,0,0,0,Business Operations / Management Analyst,2,Tier D (Low Relevance / Boutique),P3 - Ad-Hoc
XSC MBF Alumni Committee,1,0,0,0,0,Business Operations / Management Analyst,2,Tier D (Low Relevance / Boutique),P3 - Ad-Hoc
Innov2Grow,1,0,0,0,0,Business Operations / Management Analyst,2,Tier D (Low Relevance / Boutique),P3 - Ad-Hoc
Akash International School - India,1,0,0,0,0,Business Operations / Management Analyst,2,Tier D (Low Relevance / Boutique),P3 - Ad-Hoc
A-1 Fence Products Company Pvt. Ltd.,1,0,0,0,0,Business Operations / Management Analyst,2,Tier D (Low Relevance / Boutique),P3 - Ad-Hoc
Blueberry Group - Believe | Inspire | Value,1,0,0,0,0,Business Operations / Management Analyst,2,Tier D (Low Relevance / Boutique),P3 - Ad-Hoc
Ingenious BPO,1,0,0,0,0,Business Operations / Management Analyst,2,Tier D (Low Relevance / Boutique),P3 - Ad-Hoc
AirFly Aviation Academy,1,0,0,0,0,Business Operations / Management Analyst,2,Tier D (Low Relevance / Boutique),P3 - Ad-Hoc
Genx innovation,1,0,0,0,0,Business Operations / Management Analyst,2,Tier D (Low Relevance / Boutique),P3 - Ad-Hoc
Mission Gyan,1,0,0,0,0,Business Operations / Management Analyst,2,Tier D (Low Relevance / Boutique),P3 - Ad-Hoc
Mercedes-Benz India,1,0,0,0,0,Business Operations / Management Analyst,2,Tier D (Low Relevance / Boutique),P3 - Ad-Hoc
Inflection Point Ventures,1,0,0,0,0,Business Operations / Management Analyst,2,Tier D (Low Relevance / Boutique),P3 - Ad-Hoc
Department of Media Studies BGR,1,0,0,0,0,Business Operations / Management Analyst,2,Tier D (Low Relevance / Boutique),P3 - Ad-Hoc
Menzies Aviation,1,0,0,0,0,Business Operations / Management Analyst,2,Tier D (Low Relevance / Boutique),P3 - Ad-Hoc
Skillible,1,0,0,0,0,Business Operations / Management Analyst,2,Tier D (Low Relevance / Boutique),P3 - Ad-Hoc
MALOOK PHARMACEUTICALS PVT. LTD.,1,0,0,0,0,Business Operations / Management Analyst,2,Tier D (Low Relevance / Boutique),P3 - Ad-Hoc
Snapmint,1,0,0,0,0,Business Operations / Management Analyst,2,Tier D (Low Relevance / Boutique),P3 - Ad-Hoc
Vishisht School of Management (VIPSAR),1,0,0,0,0,Business Operations / Management Analyst,2,Tier D (Low Relevance / Boutique),P3 - Ad-Hoc
SAMSUNG SDS,1,0,0,0,0,Business Operations / Management Analyst,2,Tier D (Low Relevance / Boutique),P3 - Ad-Hoc
PI Industries Ltd,1,0,0,0,0,Business Operations / Management Analyst,2,Tier D (Low Relevance / Boutique),P3 - Ad-Hoc
Sense Projects-pvt-ltd,1,0,0,0,0,Business Operations / Management Analyst,2,Tier D (Low Relevance / Boutique),P3 - Ad-Hoc
Parexel,1,0,0,0,0,Business Operations / Management Analyst,2,Tier D (Low Relevance / Boutique),P3 - Ad-Hoc
Optus,1,0,0,0,0,Business Operations / Management Analyst,2,Tier D (Low Relevance / Boutique),P3 - Ad-Hoc
AgentC,1,0,0,0,0,Business Operations / Management Analyst,2,Tier D (Low Relevance / Boutique),P3 - Ad-Hoc
SKYLINE BUILDERS,1,0,0,0,0,Business Operations / Management Analyst,2,Tier D (Low Relevance / Boutique),P3 - Ad-Hoc
QualityKiosk Technologies Pvt. Ltd.,1,0,0,0,0,Business Operations / Management Analyst,2,Tier D (Low Relevance / Boutique),P3 - Ad-Hoc
Crowwd,1,0,0,0,0,Business Operations / Management Analyst,2,Tier D (Low Relevance / Boutique),P3 - Ad-Hoc
Vantage Circle,1,0,0,0,0,Business Operations / Management Analyst,2,Tier D (Low Relevance / Boutique),P3 - Ad-Hoc
RiseOTB,1,0,0,0,0,Business Operations / Management Analyst,2,Tier D (Low Relevance / Boutique),P3 - Ad-Hoc
Barcode Entertainment : Strategic Brand Solutions,1,0,0,0,0,Business Operations / Management Analyst,2,Tier D (Low Relevance / Boutique),P3 - Ad-Hoc
Neon Laboratories Limited,1,0,0,0,0,Business Operations / Management Analyst,2,Tier D (Low Relevance / Boutique),P3 - Ad-Hoc
DiaSys Diagnostics India Pvt Ltd,1,0,0,0,0,Business Operations / Management Analyst,2,Tier D (Low Relevance / Boutique),P3 - Ad-Hoc
Valorant,1,0,0,0,0,Business Operations / Management Analyst,2,Tier D (Low Relevance / Boutique),P3 - Ad-Hoc
American Psychological Association,1,0,0,0,0,Business Operations / Management Analyst,2,Tier D (Low Relevance / Boutique),P3 - Ad-Hoc
NeerInfo Solutions,1,0,0,0,0,Business Operations / Management Analyst,2,Tier D (Low Relevance / Boutique),P3 - Ad-Hoc
Rusk Media,1,0,0,0,0,Business Operations / Management Analyst,2,Tier D (Low Relevance / Boutique),P3 - Ad-Hoc
"CIRCOR International, Inc.",1,0,0,0,0,Business Operations / Management Analyst,2,Tier D (Low Relevance / Boutique),P3 - Ad-Hoc
Milifestyle Marketing Global Pvt Ltd.,1,0,0,0,0,Business Operations / Management Analyst,2,Tier D (Low Relevance / Boutique),P3 - Ad-Hoc
ChromoXpert Research and Diagnostics Pvt Ltd,1,0,0,0,0,Business Operations / Management Analyst,2,Tier D (Low Relevance / Boutique),P3 - Ad-Hoc
Herbert Smith Freehills,1,0,0,0,0,Business Operations / Management Analyst,2,Tier D (Low Relevance / Boutique),P3 - Ad-Hoc
Markwiz Marketing Consultancy,1,0,0,0,0,Business Operations / Management Analyst,2,Tier D (Low Relevance / Boutique),P3 - Ad-Hoc
Bandhan Mutual Fund,1,0,0,0,0,Business Operations / Management Analyst,2,Tier D (Low Relevance / Boutique),P3 - Ad-Hoc
down town hospital,1,0,0,0,0,Business Operations / Management Analyst,2,Tier D (Low Relevance / Boutique),P3 - Ad-Hoc
Sleepy Classes IAS - Awakening the Topper in You!,1,0,0,0,0,Business Operations / Management Analyst,2,Tier D (Low Relevance / Boutique),P3 - Ad-Hoc
Lemma,1,0,0,0,0,Business Operations / Management Analyst,2,Tier D (Low Relevance / Boutique),P3 - Ad-Hoc
Freelance Self-Employed,1,0,0,0,0,Business Operations / Management Analyst,2,Tier D (Low Relevance / Boutique),P3 - Ad-Hoc
CA Dhiraj Ostwal And Co.,1,0,0,0,0,Business Operations / Management Analyst,2,Tier D (Low Relevance / Boutique),P3 - Ad-Hoc
Shivadass & Shivadass,1,0,0,0,0,Business Operations / Management Analyst,2,Tier D (Low Relevance / Boutique),P3 - Ad-Hoc
Somireddy Law Group PLLC,1,0,0,0,0,Business Operations / Management Analyst,2,Tier D (Low Relevance / Boutique),P3 - Ad-Hoc
Jaypee Brothers Medical Publishers Pvt. Ltd.,1,0,0,0,0,Business Operations / Management Analyst,2,Tier D (Low Relevance / Boutique),P3 - Ad-Hoc
Icy Tales,1,0,0,0,0,Business Operations / Management Analyst,2,Tier D (Low Relevance / Boutique),P3 - Ad-Hoc
SiGMA World,1,0,0,0,0,Business Operations / Management Analyst,2,Tier D (Low Relevance / Boutique),P3 - Ad-Hoc
Mitto,1,0,0,0,0,Business Operations / Management Analyst,2,Tier D (Low Relevance / Boutique),P3 - Ad-Hoc
Juris centre,1,0,0,0,0,Business Operations / Management Analyst,2,Tier D (Low Relevance / Boutique),P3 - Ad-Hoc
Gushwork,1,0,0,0,0,Business Operations / Management Analyst,2,Tier D (Low Relevance / Boutique),P3 - Ad-Hoc
Chamber of Sr Adv.Arunav Patnaik / delhi High court,1,0,0,0,0,Business Operations / Management Analyst,2,Tier D (Low Relevance / Boutique),P3 - Ad-Hoc
Avian We.,1,0,0,0,0,Business Operations / Management Analyst,2,Tier D (Low Relevance / Boutique),P3 - Ad-Hoc
Integreon,1,0,0,0,0,Business Operations / Management Analyst,2,Tier D (Low Relevance / Boutique),P3 - Ad-Hoc
Tamara Leisure Experiences Pvt. Ltd.,1,0,0,0,0,Business Operations / Management Analyst,2,Tier D (Low Relevance / Boutique),P3 - Ad-Hoc
HubSpot,1,0,0,0,0,Business Operations / Management Analyst,2,Tier D (Low Relevance / Boutique),P3 - Ad-Hoc
Curelo,1,0,0,0,0,Business Operations / Management Analyst,2,Tier D (Low Relevance / Boutique),P3 - Ad-Hoc
TEXMiN,1,0,0,0,0,Business Operations / Management Analyst,2,Tier D (Low Relevance / Boutique),P3 - Ad-Hoc
Balter Academy,1,0,0,0,0,Business Operations / Management Analyst,2,Tier D (Low Relevance / Boutique),P3 - Ad-Hoc
Adroit Corporate Services Pvt. Ltd. ( ACSPL ),1,0,0,0,0,Business Operations / Management Analyst,2,Tier D (Low Relevance / Boutique),P3 - Ad-Hoc
RE/MAX,1,0,0,0,0,Business Operations / Management Analyst,2,Tier D (Low Relevance / Boutique),P3 - Ad-Hoc
Corsearch,1,0,0,0,0,Business Operations / Management Analyst,2,Tier D (Low Relevance / Boutique),P3 - Ad-Hoc
Nielsen,1,0,0,0,0,Business Operations / Management Analyst,2,Tier D (Low Relevance / Boutique),P3 - Ad-Hoc
Pocketful,1,0,0,0,0,Business Operations / Management Analyst,2,Tier D (Low Relevance / Boutique),P3 - Ad-Hoc
DHL Freight,1,0,0,0,0,Business Operations / Management Analyst,2,Tier D (Low Relevance / Boutique),P3 - Ad-Hoc
Mindshaft Media Pvt Ltd,1,0,0,0,0,Business Operations / Management Analyst,2,Tier D (Low Relevance / Boutique),P3 - Ad-Hoc
First American (India),1,0,0,0,0,Business Operations / Management Analyst,2,Tier D (Low Relevance / Boutique),P3 - Ad-Hoc
Agents for Impact,1,0,0,0,0,Business Operations / Management Analyst,2,Tier D (Low Relevance / Boutique),P3 - Ad-Hoc
Cybage Software,1,0,0,0,0,Business Operations / Management Analyst,2,Tier D (Low Relevance / Boutique),P3 - Ad-Hoc
Computershare,1,0,0,0,0,Business Operations / Management Analyst,2,Tier D (Low Relevance / Boutique),P3 - Ad-Hoc
Moat Global,1,0,0,0,0,Business Operations / Management Analyst,2,Tier D (Low Relevance / Boutique),P3 - Ad-Hoc
Supreme solar projects pvt ltd,1,0,0,0,0,Business Operations / Management Analyst,2,Tier D (Low Relevance / Boutique),P3 - Ad-Hoc
mysavera.in,1,0,0,0,0,Business Operations / Management Analyst,2,Tier D (Low Relevance / Boutique),P3 - Ad-Hoc
Manav,1,0,0,0,0,Business Operations / Management Analyst,2,Tier D (Low Relevance / Boutique),P3 - Ad-Hoc
DWF (India),1,0,0,0,0,Business Operations / Management Analyst,2,Tier D (Low Relevance / Boutique),P3 - Ad-Hoc
SmileBox Digital Marketing,1,0,0,0,0,Business Operations / Management Analyst,2,Tier D (Low Relevance / Boutique),P3 - Ad-Hoc
Passion 4 Communication,1,0,0,0,0,Business Operations / Management Analyst,2,Tier D (Low Relevance / Boutique),P3 - Ad-Hoc
Cultr,1,0,0,0,0,Business Operations / Management Analyst,2,Tier D (Low Relevance / Boutique),P3 - Ad-Hoc
Statice Health International,1,0,0,0,0,Business Operations / Management Analyst,2,Tier D (Low Relevance / Boutique),P3 - Ad-Hoc
Bonjour.fla,1,0,0,0,0,Business Operations / Management Analyst,2,Tier D (Low Relevance / Boutique),P3 - Ad-Hoc
Brrandom,1,0,0,0,0,Business Operations / Management Analyst,2,Tier D (Low Relevance / Boutique),P3 - Ad-Hoc
NATIONAL INSTITUTE OF ELECTRONICS & INFORMATION TECHNOLOGY (NIELIT),1,0,0,0,0,Business Operations / Management Analyst,2,Tier D (Low Relevance / Boutique),P3 - Ad-Hoc
Bakul Foundation,1,0,0,0,0,Business Operations / Management Analyst,2,Tier D (Low Relevance / Boutique),P3 - Ad-Hoc
Excel Accounting,1,0,0,0,0,Business Operations / Management Analyst,2,Tier D (Low Relevance / Boutique),P3 - Ad-Hoc
EarlyDrop,1,0,0,0,0,Business Operations / Management Analyst,2,Tier D (Low Relevance / Boutique),P3 - Ad-Hoc
Xigmapro Software Pvt Ltd,1,0,0,0,0,Business Operations / Management Analyst,2,Tier D (Low Relevance / Boutique),P3 - Ad-Hoc
Morris Garages India,1,0,0,0,0,Business Operations / Management Analyst,2,Tier D (Low Relevance / Boutique),P3 - Ad-Hoc
Bit Wave Solutions Limited,1,0,0,0,0,Business Operations / Management Analyst,2,Tier D (Low Relevance / Boutique),P3 - Ad-Hoc
SMARTCRAFT PRIVATE LIMITED,1,0,0,0,0,Business Operations / Management Analyst,2,Tier D (Low Relevance / Boutique),P3 - Ad-Hoc
InBiogen Technologies (India) Pvt. Ltd,1,0,0,0,0,Business Operations / Management Analyst,2,Tier D (Low Relevance / Boutique),P3 - Ad-Hoc
RentoMojo,1,0,0,0,0,Business Operations / Management Analyst,2,Tier D (Low Relevance / Boutique),P3 - Ad-Hoc
TTL Holidays Global Hotel Distribution,1,0,0,0,0,Business Operations / Management Analyst,2,Tier D (Low Relevance / Boutique),P3 - Ad-Hoc
Lakmé Academy Powered by Aptech,1,0,0,0,0,Business Operations / Management Analyst,2,Tier D (Low Relevance / Boutique),P3 - Ad-Hoc
Air Force Civilian Service,1,0,0,0,0,Business Operations / Management Analyst,2,Tier D (Low Relevance / Boutique),P3 - Ad-Hoc
Happy English School Krishna Nagar,1,0,0,0,0,Business Operations / Management Analyst,2,Tier D (Low Relevance / Boutique),P3 - Ad-Hoc
Adv. Kishore Kumar,1,0,0,0,0,Business Operations / Management Analyst,2,Tier D (Low Relevance / Boutique),P3 - Ad-Hoc
De Alturas Resort,1,0,0,0,0,Business Operations / Management Analyst,2,Tier D (Low Relevance / Boutique),P3 - Ad-Hoc
NxtHyre,1,0,0,0,0,Business Operations / Management Analyst,2,Tier D (Low Relevance / Boutique),P3 - Ad-Hoc
Acacia University,1,0,0,0,0,Business Operations / Management Analyst,2,Tier D (Low Relevance / Boutique),P3 - Ad-Hoc
Manav Rachna University,1,0,0,0,0,Business Operations / Management Analyst,2,Tier D (Low Relevance / Boutique),P3 - Ad-Hoc
ESPRIT: 34th Edition,1,0,0,0,0,Business Operations / Management Analyst,2,Tier D (Low Relevance / Boutique),P3 - Ad-Hoc
Experts' Global,1,0,0,0,0,Business Operations / Management Analyst,2,Tier D (Low Relevance / Boutique),P3 - Ad-Hoc
Dwelly,1,0,0,0,0,Business Operations / Management Analyst,2,Tier D (Low Relevance / Boutique),P3 - Ad-Hoc
OPM Corporation,1,0,0,0,0,Business Operations / Management Analyst,2,Tier D (Low Relevance / Boutique),P3 - Ad-Hoc
Sigma Rail Systems Pvt. Ltd.,1,0,0,0,0,Business Operations / Management Analyst,2,Tier D (Low Relevance / Boutique),P3 - Ad-Hoc
CAMP Arbitration & Mediation Practice,1,0,0,0,0,Business Operations / Management Analyst,2,Tier D (Low Relevance / Boutique),P3 - Ad-Hoc
Rotaract Club of Marathahalli,1,0,0,0,0,Business Operations / Management Analyst,2,Tier D (Low Relevance / Boutique),P3 - Ad-Hoc
Kohinoor Management School (KMS),1,0,0,0,0,Business Operations / Management Analyst,2,Tier D (Low Relevance / Boutique),P3 - Ad-Hoc
Fairmont Jaipur,1,0,0,0,0,Business Operations / Management Analyst,2,Tier D (Low Relevance / Boutique),P3 - Ad-Hoc
Park Hyatt Hyderabad,1,0,0,0,0,Business Operations / Management Analyst,2,Tier D (Low Relevance / Boutique),P3 - Ad-Hoc
Alignerr,1,0,0,0,0,Business Operations / Management Analyst,2,Tier D (Low Relevance / Boutique),P3 - Ad-Hoc
EquityRight,1,0,0,0,0,Business Operations / Management Analyst,2,Tier D (Low Relevance / Boutique),P3 - Ad-Hoc
Fine Arts Gurukul,1,0,0,0,0,Business Operations / Management Analyst,2,Tier D (Low Relevance / Boutique),P3 - Ad-Hoc
"Institute for Social and Economic Change, Bangalore",1,0,0,0,0,Business Operations / Management Analyst,2,Tier D (Low Relevance / Boutique),P3 - Ad-Hoc
Sleepyhead,1,0,0,0,0,Business Operations / Management Analyst,2,Tier D (Low Relevance / Boutique),P3 - Ad-Hoc
Blue Nile Counselling,1,0,0,0,0,Business Operations / Management Analyst,2,Tier D (Low Relevance / Boutique),P3 - Ad-Hoc
"National Institute of Mental Health and Neuro Sciences (NIMHANS), India",1,0,0,0,0,Business Operations / Management Analyst,2,Tier D (Low Relevance / Boutique),P3 - Ad-Hoc
Hindbro Private Limited,1,0,0,0,0,Business Operations / Management Analyst,2,Tier D (Low Relevance / Boutique),P3 - Ad-Hoc
Access Life Assistance Foundation,1,0,0,0,0,Business Operations / Management Analyst,2,Tier D (Low Relevance / Boutique),P3 - Ad-Hoc
Preachlex Global Solutions,1,0,0,0,0,Business Operations / Management Analyst,2,Tier D (Low Relevance / Boutique),P3 - Ad-Hoc
Livf.Women,1,0,0,0,0,Business Operations / Management Analyst,2,Tier D (Low Relevance / Boutique),P3 - Ad-Hoc
ABIS Foods and Proteins Private Limited,1,0,0,0,0,Business Operations / Management Analyst,2,Tier D (Low Relevance / Boutique),P3 - Ad-Hoc
Ospyn Technologies Limited,1,0,0,0,0,Business Operations / Management Analyst,2,Tier D (Low Relevance / Boutique),P3 - Ad-Hoc
Grow Your Staff,1,0,0,0,0,Business Operations / Management Analyst,2,Tier D (Low Relevance / Boutique),P3 - Ad-Hoc
The Biere Club - India,1,0,0,0,0,Business Operations / Management Analyst,2,Tier D (Low Relevance / Boutique),P3 - Ad-Hoc
Soch Apparels Pvt Ltd,1,0,0,0,0,Business Operations / Management Analyst,2,Tier D (Low Relevance / Boutique),P3 - Ad-Hoc
State tobacco control cell [Department of health & family welfare service],1,0,0,0,0,Business Operations / Management Analyst,2,Tier D (Low Relevance / Boutique),P3 - Ad-Hoc
JadeCaps,1,0,0,0,0,Business Operations / Management Analyst,2,Tier D (Low Relevance / Boutique),P3 - Ad-Hoc
Northeastern University GWISE,1,0,0,0,0,Business Operations / Management Analyst,2,Tier D (Low Relevance / Boutique),P3 - Ad-Hoc
De Penning & De Penning,1,0,0,0,0,Business Operations / Management Analyst,2,Tier D (Low Relevance / Boutique),P3 - Ad-Hoc
InLighnX Global Pvt Ltd (InLighn Tech),1,0,0,0,0,Business Operations / Management Analyst,2,Tier D (Low Relevance / Boutique),P3 - Ad-Hoc
Prayogshala (मंक प्रयोगशाला),1,0,0,0,0,Business Operations / Management Analyst,2,Tier D (Low Relevance / Boutique),P3 - Ad-Hoc
Rotaract Club Of Mount Carmel College,1,0,0,0,0,Business Operations / Management Analyst,2,Tier D (Low Relevance / Boutique),P3 - Ad-Hoc
B4Bharat.com,1,0,0,0,0,Business Operations / Management Analyst,2,Tier D (Low Relevance / Boutique),P3 - Ad-Hoc
ITSA Hospitals,1,0,0,0,0,Business Operations / Management Analyst,2,Tier D (Low Relevance / Boutique),P3 - Ad-Hoc
TruHap,1,0,0,0,0,Business Operations / Management Analyst,2,Tier D (Low Relevance / Boutique),P3 - Ad-Hoc
PC design and construction,1,0,0,0,0,Business Operations / Management Analyst,2,Tier D (Low Relevance / Boutique),P3 - Ad-Hoc
IGT Solutions,1,0,0,0,0,Business Operations / Management Analyst,2,Tier D (Low Relevance / Boutique),P3 - Ad-Hoc
Easy auto finance,1,0,0,0,0,Business Operations / Management Analyst,2,Tier D (Low Relevance / Boutique),P3 - Ad-Hoc
Cultre Boat,1,0,0,0,0,Business Operations / Management Analyst,2,Tier D (Low Relevance / Boutique),P3 - Ad-Hoc
Daily Bakehouse,1,0,0,0,0,Business Operations / Management Analyst,2,Tier D (Low Relevance / Boutique),P3 - Ad-Hoc
CodeClouds,1,0,0,0,0,Business Operations / Management Analyst,2,Tier D (Low Relevance / Boutique),P3 - Ad-Hoc
Wings Within - Enabling The Power Within,1,0,0,0,0,Business Operations / Management Analyst,2,Tier D (Low Relevance / Boutique),P3 - Ad-Hoc
CHIREC International School,1,0,0,0,0,Business Operations / Management Analyst,2,Tier D (Low Relevance / Boutique),P3 - Ad-Hoc
Alorica,1,0,0,0,0,Business Operations / Management Analyst,2,Tier D (Low Relevance / Boutique),P3 - Ad-Hoc
Lighthouse Learning Group,1,0,0,0,0,Business Operations / Management Analyst,2,Tier D (Low Relevance / Boutique),P3 - Ad-Hoc
KERA BOND,1,0,0,0,0,Business Operations / Management Analyst,2,Tier D (Low Relevance / Boutique),P3 - Ad-Hoc
Teva Pharmaceuticals,1,0,0,0,0,Business Operations / Management Analyst,2,Tier D (Low Relevance / Boutique),P3 - Ad-Hoc
Oben Electric,1,0,0,0,0,Business Operations / Management Analyst,2,Tier D (Low Relevance / Boutique),P3 - Ad-Hoc
Stan Ventures,1,0,0,0,0,Business Operations / Management Analyst,2,Tier D (Low Relevance / Boutique),P3 - Ad-Hoc
Pratibha Foundation - India,1,0,0,0,0,Business Operations / Management Analyst,2,Tier D (Low Relevance / Boutique),P3 - Ad-Hoc
D2R Tech,1,0,0,0,0,Business Operations / Management Analyst,2,Tier D (Low Relevance / Boutique),P3 - Ad-Hoc
EVChargeMan,1,0,0,0,0,Business Operations / Management Analyst,2,Tier D (Low Relevance / Boutique),P3 - Ad-Hoc
University of Nottingham,1,0,0,0,0,Business Operations / Management Analyst,2,Tier D (Low Relevance / Boutique),P3 - Ad-Hoc
DrillBit Plagiarism,1,0,0,0,0,Business Operations / Management Analyst,2,Tier D (Low Relevance / Boutique),P3 - Ad-Hoc
Deaf Connect,1,0,0,0,0,Business Operations / Management Analyst,2,Tier D (Low Relevance / Boutique),P3 - Ad-Hoc
hypergro,1,0,0,0,0,Business Operations / Management Analyst,2,Tier D (Low Relevance / Boutique),P3 - Ad-Hoc
Aarinex Technologies Pvt. Ltd.,1,0,0,0,0,Business Operations / Management Analyst,2,Tier D (Low Relevance / Boutique),P3 - Ad-Hoc
Boxtech Bangalore,1,0,0,0,0,Business Operations / Management Analyst,2,Tier D (Low Relevance / Boutique),P3 - Ad-Hoc
Harness,1,0,0,0,0,Business Operations / Management Analyst,2,Tier D (Low Relevance / Boutique),P3 - Ad-Hoc
FlourishCounselingSpace,1,0,0,0,0,Business Operations / Management Analyst,2,Tier D (Low Relevance / Boutique),P3 - Ad-Hoc
Chromachemie Laboratory Private Limited,1,0,0,0,0,Business Operations / Management Analyst,2,Tier D (Low Relevance / Boutique),P3 - Ad-Hoc
Trane Technologies,1,0,0,0,0,Business Operations / Management Analyst,2,Tier D (Low Relevance / Boutique),P3 - Ad-Hoc
Orchid Haven,1,0,0,0,0,Business Operations / Management Analyst,2,Tier D (Low Relevance / Boutique),P3 - Ad-Hoc
LSE Department of International Development,1,0,0,0,0,Business Operations / Management Analyst,2,Tier D (Low Relevance / Boutique),P3 - Ad-Hoc
HR Tek Systems,1,0,0,0,0,Business Operations / Management Analyst,2,Tier D (Low Relevance / Boutique),P3 - Ad-Hoc
GoPromoto,1,0,0,0,0,Business Operations / Management Analyst,2,Tier D (Low Relevance / Boutique),P3 - Ad-Hoc
NxtWave,1,0,0,0,0,Business Operations / Management Analyst,2,Tier D (Low Relevance / Boutique),P3 - Ad-Hoc
SportsCentric,1,0,0,0,0,Business Operations / Management Analyst,2,Tier D (Low Relevance / Boutique),P3 - Ad-Hoc
Ventum Technologies Private Limited,1,0,0,0,0,Business Operations / Management Analyst,2,Tier D (Low Relevance / Boutique),P3 - Ad-Hoc
Morgan Ventures,1,0,0,0,0,Business Operations / Management Analyst,2,Tier D (Low Relevance / Boutique),P3 - Ad-Hoc
True Umami,1,0,0,0,0,Business Operations / Management Analyst,2,Tier D (Low Relevance / Boutique),P3 - Ad-Hoc
Happy Cultures India,1,0,0,0,0,Business Operations / Management Analyst,2,Tier D (Low Relevance / Boutique),P3 - Ad-Hoc
TRG Screen India,1,0,0,0,0,Business Operations / Management Analyst,2,Tier D (Low Relevance / Boutique),P3 - Ad-Hoc
RESQPOL PRIVATE LIMITED,1,0,0,0,0,Business Operations / Management Analyst,2,Tier D (Low Relevance / Boutique),P3 - Ad-Hoc
Calcutta Glass & Plywood Co.,1,0,0,0,0,Business Operations / Management Analyst,2,Tier D (Low Relevance / Boutique),P3 - Ad-Hoc
TRUTHZI,1,0,0,0,0,Business Operations / Management Analyst,2,Tier D (Low Relevance / Boutique),P3 - Ad-Hoc
Cloudwave Technologies,1,0,0,0,0,Business Operations / Management Analyst,2,Tier D (Low Relevance / Boutique),P3 - Ad-Hoc
Elythra Edufyi Tech Solutions,1,0,0,0,0,Business Operations / Management Analyst,2,Tier D (Low Relevance / Boutique),P3 - Ad-Hoc
CDAC Bangalore,1,0,0,0,0,Business Operations / Management Analyst,2,Tier D (Low Relevance / Boutique),P3 - Ad-Hoc
Jobzshala,1,0,0,0,0,Business Operations / Management Analyst,2,Tier D (Low Relevance / Boutique),P3 - Ad-Hoc
LiveAltlife,1,0,0,0,0,Business Operations / Management Analyst,2,Tier D (Low Relevance / Boutique),P3 - Ad-Hoc
Samarthana legal,1,0,0,0,0,Business Operations / Management Analyst,2,Tier D (Low Relevance / Boutique),P3 - Ad-Hoc
UNIQODE,1,0,0,0,0,Business Operations / Management Analyst,2,Tier D (Low Relevance / Boutique),P3 - Ad-Hoc
CCHS Christ university bangalore,1,0,0,0,0,Business Operations / Management Analyst,2,Tier D (Low Relevance / Boutique),P3 - Ad-Hoc
Karna trust,1,0,0,0,0,Business Operations / Management Analyst,2,Tier D (Low Relevance / Boutique),P3 - Ad-Hoc
Luxury Car India,1,0,0,0,0,Business Operations / Management Analyst,2,Tier D (Low Relevance / Boutique),P3 - Ad-Hoc
AIMA Young Leaders Council,1,0,0,0,0,Business Operations / Management Analyst,2,Tier D (Low Relevance / Boutique),P3 - Ad-Hoc
Simpliaxis,1,0,0,0,0,Business Operations / Management Analyst,2,Tier D (Low Relevance / Boutique),P3 - Ad-Hoc
Oda Class,1,0,0,0,0,Business Operations / Management Analyst,2,Tier D (Low Relevance / Boutique),P3 - Ad-Hoc
Actuators Educational Institute,1,0,0,0,0,Business Operations / Management Analyst,2,Tier D (Low Relevance / Boutique),P3 - Ad-Hoc
Allianz Partners,1,0,0,0,0,Business Operations / Management Analyst,2,Tier D (Low Relevance / Boutique),P3 - Ad-Hoc
Microfinish Valves Private Limited. Ind Estate Hubli.,1,0,0,0,0,Business Operations / Management Analyst,2,Tier D (Low Relevance / Boutique),P3 - Ad-Hoc
Angelini Pharma,1,0,0,0,0,Business Operations / Management Analyst,2,Tier D (Low Relevance / Boutique),P3 - Ad-Hoc
E-Cell Christ University,1,0,0,0,0,Business Operations / Management Analyst,2,Tier D (Low Relevance / Boutique),P3 - Ad-Hoc
uddami india foundation,1,0,0,0,0,Business Operations / Management Analyst,2,Tier D (Low Relevance / Boutique),P3 - Ad-Hoc
Akshara Enterprises,1,0,0,0,0,Business Operations / Management Analyst,2,Tier D (Low Relevance / Boutique),P3 - Ad-Hoc
Human Stories,1,0,0,0,0,Business Operations / Management Analyst,2,Tier D (Low Relevance / Boutique),P3 - Ad-Hoc
Penn State University,1,0,0,0,0,Business Operations / Management Analyst,2,Tier D (Low Relevance / Boutique),P3 - Ad-Hoc
True Ripple,1,0,0,0,0,Business Operations / Management Analyst,2,Tier D (Low Relevance / Boutique),P3 - Ad-Hoc
ShriQuber MicroSource,1,0,0,0,0,Business Operations / Management Analyst,2,Tier D (Low Relevance / Boutique),P3 - Ad-Hoc
Center for Social Action (CSA),1,0,0,0,0,Business Operations / Management Analyst,2,Tier D (Low Relevance / Boutique),P3 - Ad-Hoc
Matrix Exports,1,0,0,0,0,Business Operations / Management Analyst,2,Tier D (Low Relevance / Boutique),P3 - Ad-Hoc
dnata,1,0,0,0,0,Business Operations / Management Analyst,2,Tier D (Low Relevance / Boutique),P3 - Ad-Hoc
Pentagon Space,1,0,0,0,0,Business Operations / Management Analyst,2,Tier D (Low Relevance / Boutique),P3 - Ad-Hoc
Sree Gowthamaaditya Holidays & Resorts Pvt Ltd,1,0,0,0,0,Business Operations / Management Analyst,2,Tier D (Low Relevance / Boutique),P3 - Ad-Hoc
Cloudecho systems,1,0,0,0,0,Business Operations / Management Analyst,2,Tier D (Low Relevance / Boutique),P3 - Ad-Hoc
Headway,1,0,0,0,0,Business Operations / Management Analyst,2,Tier D (Low Relevance / Boutique),P3 - Ad-Hoc
Maple Bear South Asia,1,0,0,0,0,Business Operations / Management Analyst,2,Tier D (Low Relevance / Boutique),P3 - Ad-Hoc
Sykatiya Technologies Pvt Ltd,1,0,0,0,0,Business Operations / Management Analyst,2,Tier D (Low Relevance / Boutique),P3 - Ad-Hoc
mPokket,1,0,0,0,0,Business Operations / Management Analyst,2,Tier D (Low Relevance / Boutique),P3 - Ad-Hoc
GAMMASTACK,1,0,0,0,0,Business Operations / Management Analyst,2,Tier D (Low Relevance / Boutique),P3 - Ad-Hoc
"M.S. RAMAIAH UNIVERSITY OF APPLIED SCIENCES, BANGALORE",1,0,0,0,0,Business Operations / Management Analyst,2,Tier D (Low Relevance / Boutique),P3 - Ad-Hoc
IvyDecor (Interior Design),1,0,0,0,0,Business Operations / Management Analyst,2,Tier D (Low Relevance / Boutique),P3 - Ad-Hoc
Amossys Consulting Services,1,0,0,0,0,Business Operations / Management Analyst,2,Tier D (Low Relevance / Boutique),P3 - Ad-Hoc
"Centre for Publications, CHRIST (Deemed to be University)",1,0,0,0,0,Business Operations / Management Analyst,2,Tier D (Low Relevance / Boutique),P3 - Ad-Hoc
Molecular Connections,1,0,0,0,0,Business Operations / Management Analyst,2,Tier D (Low Relevance / Boutique),P3 - Ad-Hoc
Communic8,1,0,0,0,0,Business Operations / Management Analyst,2,Tier D (Low Relevance / Boutique),P3 - Ad-Hoc
Instamart,1,0,0,0,0,Business Operations / Management Analyst,2,Tier D (Low Relevance / Boutique),P3 - Ad-Hoc
Trustway Career Guidance,1,0,0,0,0,Business Operations / Management Analyst,2,Tier D (Low Relevance / Boutique),P3 - Ad-Hoc
PINAKKAA,1,0,0,0,0,Business Operations / Management Analyst,2,Tier D (Low Relevance / Boutique),P3 - Ad-Hoc
Neev Academy,1,0,0,0,0,Business Operations / Management Analyst,2,Tier D (Low Relevance / Boutique),P3 - Ad-Hoc
Vitamap,1,0,0,0,0,Business Operations / Management Analyst,2,Tier D (Low Relevance / Boutique),P3 - Ad-Hoc
InScience Health,1,0,0,0,0,Business Operations / Management Analyst,2,Tier D (Low Relevance / Boutique),P3 - Ad-Hoc
Medsurge Healthcare,1,0,0,0,0,Business Operations / Management Analyst,2,Tier D (Low Relevance / Boutique),P3 - Ad-Hoc
ICFAI Business School,1,0,0,0,0,Business Operations / Management Analyst,2,Tier D (Low Relevance / Boutique),P3 - Ad-Hoc
Fillo Bakes,1,0,0,0,0,Business Operations / Management Analyst,2,Tier D (Low Relevance / Boutique),P3 - Ad-Hoc
The WordsEdge,1,0,0,0,0,Business Operations / Management Analyst,2,Tier D (Low Relevance / Boutique),P3 - Ad-Hoc
SS&C Technologies,1,0,0,0,0,Business Operations / Management Analyst,2,Tier D (Low Relevance / Boutique),P3 - Ad-Hoc
Nexblore,1,0,0,0,0,Business Operations / Management Analyst,2,Tier D (Low Relevance / Boutique),P3 - Ad-Hoc
Skywings Media & Digital,1,0,0,0,0,Business Operations / Management Analyst,2,Tier D (Low Relevance / Boutique),P3 - Ad-Hoc
Texnere,1,0,0,0,0,Business Operations / Management Analyst,2,Tier D (Low Relevance / Boutique),P3 - Ad-Hoc
JSW Severfield Structures Ltd,1,0,0,0,0,Business Operations / Management Analyst,2,Tier D (Low Relevance / Boutique),P3 - Ad-Hoc
Cyriac Consulting Services Pvt Ltd,1,0,0,0,0,Business Operations / Management Analyst,2,Tier D (Low Relevance / Boutique),P3 - Ad-Hoc
Catalyse,1,0,0,0,0,Business Operations / Management Analyst,2,Tier D (Low Relevance / Boutique),P3 - Ad-Hoc
Fidelitus HR Labs,1,0,0,0,0,Business Operations / Management Analyst,2,Tier D (Low Relevance / Boutique),P3 - Ad-Hoc
IntouchCX,1,0,0,0,0,Business Operations / Management Analyst,2,Tier D (Low Relevance / Boutique),P3 - Ad-Hoc
the srcc centre for child development,1,0,0,0,0,Business Operations / Management Analyst,2,Tier D (Low Relevance / Boutique),P3 - Ad-Hoc
Creatrix Engineering,1,0,0,0,0,Business Operations / Management Analyst,2,Tier D (Low Relevance / Boutique),P3 - Ad-Hoc
Dsquare Global Consulting,1,0,0,0,0,Business Operations / Management Analyst,2,Tier D (Low Relevance / Boutique),P3 - Ad-Hoc
Teachmint,1,0,0,0,0,Business Operations / Management Analyst,2,Tier D (Low Relevance / Boutique),P3 - Ad-Hoc
Thinkedges,1,0,0,0,0,Business Operations / Management Analyst,2,Tier D (Low Relevance / Boutique),P3 - Ad-Hoc
Young Leaders for Active Citizenship (YLAC),1,0,0,0,0,Business Operations / Management Analyst,2,Tier D (Low Relevance / Boutique),P3 - Ad-Hoc
Pragathi - christ bgr,1,0,0,0,0,Business Operations / Management Analyst,2,Tier D (Low Relevance / Boutique),P3 - Ad-Hoc
veego DMC,1,0,0,0,0,Business Operations / Management Analyst,2,Tier D (Low Relevance / Boutique),P3 - Ad-Hoc
Chipsona Foods Pvt. Ltd.,1,0,0,0,0,Business Operations / Management Analyst,2,Tier D (Low Relevance / Boutique),P3 - Ad-Hoc
H&M Group,1,0,0,0,0,Business Operations / Management Analyst,2,Tier D (Low Relevance / Boutique),P3 - Ad-Hoc
Prana tech services pvt.Ltd,1,0,0,0,0,Business Operations / Management Analyst,2,Tier D (Low Relevance / Boutique),P3 - Ad-Hoc
Golden Goenka Group,1,0,0,0,0,Business Operations / Management Analyst,2,Tier D (Low Relevance / Boutique),P3 - Ad-Hoc
FirstClub,1,0,0,0,0,Business Operations / Management Analyst,2,Tier D (Low Relevance / Boutique),P3 - Ad-Hoc
Guru & Jana,1,0,0,0,0,Business Operations / Management Analyst,2,Tier D (Low Relevance / Boutique),P3 - Ad-Hoc
Ristara Foods,1,0,0,0,0,Business Operations / Management Analyst,2,Tier D (Low Relevance / Boutique),P3 - Ad-Hoc
Bazaarvoice,1,0,0,0,0,Business Operations / Management Analyst,2,Tier D (Low Relevance / Boutique),P3 - Ad-Hoc
GMR Visakhapatnam International Airport,1,0,0,0,0,Business Operations / Management Analyst,2,Tier D (Low Relevance / Boutique),P3 - Ad-Hoc
Elethia Symposium,1,0,0,0,0,Business Operations / Management Analyst,2,Tier D (Low Relevance / Boutique),P3 - Ad-Hoc
"K Rajan & Co, Chartered Accountants",1,0,0,0,0,Business Operations / Management Analyst,2,Tier D (Low Relevance / Boutique),P3 - Ad-Hoc
Gullak : Gold Savings Simplified,1,0,0,0,0,Business Operations / Management Analyst,2,Tier D (Low Relevance / Boutique),P3 - Ad-Hoc
"Bears n Bulls, The Finance Club - IIM Sambalpur",1,0,0,0,0,Business Operations / Management Analyst,2,Tier D (Low Relevance / Boutique),P3 - Ad-Hoc
CollegePur,1,0,0,0,0,Business Operations / Management Analyst,2,Tier D (Low Relevance / Boutique),P3 - Ad-Hoc
Skypoint,1,0,0,0,0,Business Operations / Management Analyst,2,Tier D (Low Relevance / Boutique),P3 - Ad-Hoc
DUARS SAMACHAR,1,0,0,0,0,Business Operations / Management Analyst,2,Tier D (Low Relevance / Boutique),P3 - Ad-Hoc
Vishnu Chemicals Limited,1,0,0,0,0,Business Operations / Management Analyst,2,Tier D (Low Relevance / Boutique),P3 - Ad-Hoc
Volvo Group India,1,0,0,0,0,Business Operations / Management Analyst,2,Tier D (Low Relevance / Boutique),P3 - Ad-Hoc
Atlassian,1,0,0,0,0,Business Operations / Management Analyst,2,Tier D (Low Relevance / Boutique),P3 - Ad-Hoc
ECO-BLISS Exporter,1,0,0,0,0,Business Operations / Management Analyst,2,Tier D (Low Relevance / Boutique),P3 - Ad-Hoc
Prime Nest Realty Global Pvt ltd,1,0,0,0,0,Business Operations / Management Analyst,2,Tier D (Low Relevance / Boutique),P3 - Ad-Hoc
Self,1,0,0,0,0,Business Operations / Management Analyst,2,Tier D (Low Relevance / Boutique),P3 - Ad-Hoc
Government of Karnataka,1,0,0,0,0,Business Operations / Management Analyst,2,Tier D (Low Relevance / Boutique),P3 - Ad-Hoc
P. Gaggar & Associates,1,0,0,0,0,Business Operations / Management Analyst,2,Tier D (Low Relevance / Boutique),P3 - Ad-Hoc
Meeden Labs,1,0,0,0,0,Business Operations / Management Analyst,2,Tier D (Low Relevance / Boutique),P3 - Ad-Hoc
Muraqaba,1,0,0,0,0,Business Operations / Management Analyst,2,Tier D (Low Relevance / Boutique),P3 - Ad-Hoc
"Office of Institutional Accessibility, USC",1,0,0,0,0,Business Operations / Management Analyst,2,Tier D (Low Relevance / Boutique),P3 - Ad-Hoc
Telaverge Communications,1,0,0,0,0,Business Operations / Management Analyst,2,Tier D (Low Relevance / Boutique),P3 - Ad-Hoc
Wolfpk Global Ventures FZ LLC,1,0,0,0,0,Business Operations / Management Analyst,2,Tier D (Low Relevance / Boutique),P3 - Ad-Hoc
Cautio,1,0,0,0,0,Business Operations / Management Analyst,2,Tier D (Low Relevance / Boutique),P3 - Ad-Hoc
Etam,1,0,0,0,0,Business Operations / Management Analyst,2,Tier D (Low Relevance / Boutique),P3 - Ad-Hoc
ALL4SEASON Holidays,1,0,0,0,0,Business Operations / Management Analyst,2,Tier D (Low Relevance / Boutique),P3 - Ad-Hoc
Star Health and Allied Insurance Co. Ltd,1,0,0,0,0,Business Operations / Management Analyst,2,Tier D (Low Relevance / Boutique),P3 - Ad-Hoc
Ubuntu Consortium,1,0,0,0,0,Business Operations / Management Analyst,2,Tier D (Low Relevance / Boutique),P3 - Ad-Hoc
Michael Kors,1,0,0,0,0,Business Operations / Management Analyst,2,Tier D (Low Relevance / Boutique),P3 - Ad-Hoc
Tamahar Trust,1,0,0,0,0,Business Operations / Management Analyst,2,Tier D (Low Relevance / Boutique),P3 - Ad-Hoc
Socradamus,1,0,0,0,0,Business Operations / Management Analyst,2,Tier D (Low Relevance / Boutique),P3 - Ad-Hoc
Source Asia,1,0,0,0,0,Business Operations / Management Analyst,2,Tier D (Low Relevance / Boutique),P3 - Ad-Hoc
APAR Industries Limited,1,0,0,0,0,Business Operations / Management Analyst,2,Tier D (Low Relevance / Boutique),P3 - Ad-Hoc
CARS24,1,0,0,0,0,Business Operations / Management Analyst,2,Tier D (Low Relevance / Boutique),P3 - Ad-Hoc
AICTE,1,0,0,0,0,Business Operations / Management Analyst,2,Tier D (Low Relevance / Boutique),P3 - Ad-Hoc
Mensa Brands,1,0,0,0,0,Business Operations / Management Analyst,2,Tier D (Low Relevance / Boutique),P3 - Ad-Hoc
Stalk shop save,1,0,0,0,0,Business Operations / Management Analyst,2,Tier D (Low Relevance / Boutique),P3 - Ad-Hoc
Edu Tantr,1,0,0,0,0,Business Operations / Management Analyst,2,Tier D (Low Relevance / Boutique),P3 - Ad-Hoc
Mizuho,1,0,0,0,0,Business Operations / Management Analyst,2,Tier D (Low Relevance / Boutique),P3 - Ad-Hoc
Redwood Financial Strategists,1,0,0,0,0,Business Operations / Management Analyst,2,Tier D (Low Relevance / Boutique),P3 - Ad-Hoc
Kompreneur Innovation Hub,1,0,0,0,0,Business Operations / Management Analyst,2,Tier D (Low Relevance / Boutique),P3 - Ad-Hoc
Rubik Media LLP,1,0,0,0,0,Business Operations / Management Analyst,2,Tier D (Low Relevance / Boutique),P3 - Ad-Hoc
CODEAVOUR INTERNATIONAL,1,0,0,0,0,Business Operations / Management Analyst,2,Tier D (Low Relevance / Boutique),P3 - Ad-Hoc
Kerala Ayurveda Limited,1,0,0,0,0,Business Operations / Management Analyst,2,Tier D (Low Relevance / Boutique),P3 - Ad-Hoc
ABC Oil,1,0,0,0,0,Business Operations / Management Analyst,2,Tier D (Low Relevance / Boutique),P3 - Ad-Hoc
HOMESOURCE,1,0,0,0,0,Business Operations / Management Analyst,2,Tier D (Low Relevance / Boutique),P3 - Ad-Hoc
ABDİOĞULLARI PLASTİK VE SANAYİ A.Ş.,1,0,0,0,0,Business Operations / Management Analyst,2,Tier D (Low Relevance / Boutique),P3 - Ad-Hoc
Sunshy Group Of Companies,1,0,0,0,0,Business Operations / Management Analyst,2,Tier D (Low Relevance / Boutique),P3 - Ad-Hoc
DSU ACM,1,0,0,0,0,Business Operations / Management Analyst,2,Tier D (Low Relevance / Boutique),P3 - Ad-Hoc
ADRC GLC Mumbai,1,0,0,0,0,Business Operations / Management Analyst,2,Tier D (Low Relevance / Boutique),P3 - Ad-Hoc
Giottus Crypto Platform,1,0,0,0,0,Business Operations / Management Analyst,2,Tier D (Low Relevance / Boutique),P3 - Ad-Hoc
AMD,1,0,0,0,0,Business Operations / Management Analyst,2,Tier D (Low Relevance / Boutique),P3 - Ad-Hoc
"LexTech - Centre for Law, Entrepreneurship and Innovation",1,0,0,0,0,Business Operations / Management Analyst,2,Tier D (Low Relevance / Boutique),P3 - Ad-Hoc
Dinesh IT,1,0,0,0,0,Business Operations / Management Analyst,2,Tier D (Low Relevance / Boutique),P3 - Ad-Hoc
Nissi Computing Labs LLP- India,1,0,0,0,0,Business Operations / Management Analyst,2,Tier D (Low Relevance / Boutique),P3 - Ad-Hoc
“Riwayat” Student Magazine,1,0,0,0,0,Business Operations / Management Analyst,2,Tier D (Low Relevance / Boutique),P3 - Ad-Hoc
Medevent Solution,1,0,0,0,0,Business Operations / Management Analyst,2,Tier D (Low Relevance / Boutique),P3 - Ad-Hoc
Printo,1,0,0,0,0,Business Operations / Management Analyst,2,Tier D (Low Relevance / Boutique),P3 - Ad-Hoc
Hotel Shivaay Grand,1,0,0,0,0,Business Operations / Management Analyst,2,Tier D (Low Relevance / Boutique),P3 - Ad-Hoc
Mind Weavers,1,0,0,0,0,Business Operations / Management Analyst,2,Tier D (Low Relevance / Boutique),P3 - Ad-Hoc
UD Trucks India,1,0,0,0,0,Business Operations / Management Analyst,2,Tier D (Low Relevance / Boutique),P3 - Ad-Hoc
360 IT HUB PRIVATE LIMITED,1,0,0,0,0,Business Operations / Management Analyst,2,Tier D (Low Relevance / Boutique),P3 - Ad-Hoc
Anumana,1,0,0,0,0,Business Operations / Management Analyst,2,Tier D (Low Relevance / Boutique),P3 - Ad-Hoc
L&T Finance,1,0,0,0,0,Business Operations / Management Analyst,2,Tier D (Low Relevance / Boutique),P3 - Ad-Hoc
Karnataka Soaps & Detergents Ltd. (KSDL),1,0,0,0,0,Business Operations / Management Analyst,2,Tier D (Low Relevance / Boutique),P3 - Ad-Hoc
SBI General Insurance,1,0,0,0,0,Business Operations / Management Analyst,2,Tier D (Low Relevance / Boutique),P3 - Ad-Hoc
OneSource,1,0,0,0,0,Business Operations / Management Analyst,2,Tier D (Low Relevance / Boutique),P3 - Ad-Hoc
College Circle AI,1,0,0,0,0,Business Operations / Management Analyst,2,Tier D (Low Relevance / Boutique),P3 - Ad-Hoc
ITC GARDENIA,1,0,0,0,0,Business Operations / Management Analyst,2,Tier D (Low Relevance / Boutique),P3 - Ad-Hoc
Book An Artist,1,0,0,0,0,Business Operations / Management Analyst,2,Tier D (Low Relevance / Boutique),P3 - Ad-Hoc
"Placement Cell, Mount Carmel College, Autonomous",1,0,0,0,0,Business Operations / Management Analyst,2,Tier D (Low Relevance / Boutique),P3 - Ad-Hoc
Megistron Media,1,0,0,0,0,Business Operations / Management Analyst,2,Tier D (Low Relevance / Boutique),P3 - Ad-Hoc
Women Building with AI,1,0,0,0,0,Business Operations / Management Analyst,2,Tier D (Low Relevance / Boutique),P3 - Ad-Hoc
Surviant,1,0,0,0,0,Business Operations / Management Analyst,2,Tier D (Low Relevance / Boutique),P3 - Ad-Hoc
Krunchillo,1,0,0,0,0,Business Operations / Management Analyst,2,Tier D (Low Relevance / Boutique),P3 - Ad-Hoc
Orbinoz Event Planners Pvt Ltd,1,0,0,0,0,Business Operations / Management Analyst,2,Tier D (Low Relevance / Boutique),P3 - Ad-Hoc
Kaleidoscope Child Development Centre,1,0,0,0,0,Business Operations / Management Analyst,2,Tier D (Low Relevance / Boutique),P3 - Ad-Hoc
Loop,1,0,0,0,0,Business Operations / Management Analyst,2,Tier D (Low Relevance / Boutique),P3 - Ad-Hoc
Aetherbot.ai,1,0,0,0,0,Business Operations / Management Analyst,2,Tier D (Low Relevance / Boutique),P3 - Ad-Hoc
Drickle (formerly BONOMI),1,0,0,0,0,Business Operations / Management Analyst,2,Tier D (Low Relevance / Boutique),P3 - Ad-Hoc
keeplearning,1,0,0,0,0,Business Operations / Management Analyst,2,Tier D (Low Relevance / Boutique),P3 - Ad-Hoc
AUROBINDO PHARMA LTD,1,0,0,0,0,Business Operations / Management Analyst,2,Tier D (Low Relevance / Boutique),P3 - Ad-Hoc
"ISBR Business School, Bangalore",1,0,0,0,0,Business Operations / Management Analyst,2,Tier D (Low Relevance / Boutique),P3 - Ad-Hoc
Sports committee,1,0,0,0,0,Business Operations / Management Analyst,2,Tier D (Low Relevance / Boutique),P3 - Ad-Hoc
Chartered Institute of Arbitrators (Ciarb),1,0,0,0,0,Business Operations / Management Analyst,2,Tier D (Low Relevance / Boutique),P3 - Ad-Hoc
Commonwealth Bank of Australia (CBA),1,0,0,0,0,Business Operations / Management Analyst,2,Tier D (Low Relevance / Boutique),P3 - Ad-Hoc
IEEE DSU Student Branch,1,0,0,0,0,Business Operations / Management Analyst,2,Tier D (Low Relevance / Boutique),P3 - Ad-Hoc
Tessolve Semiconductor Pvt. Ltd.,1,0,0,0,0,Business Operations / Management Analyst,2,Tier D (Low Relevance / Boutique),P3 - Ad-Hoc
Arm,1,0,0,0,0,Business Operations / Management Analyst,2,Tier D (Low Relevance / Boutique),P3 - Ad-Hoc
OTTplay (From the House of Hindustan Times),1,0,0,0,0,Business Operations / Management Analyst,2,Tier D (Low Relevance / Boutique),P3 - Ad-Hoc
Bekaert Emirates L.L.C,1,0,0,0,0,Business Operations / Management Analyst,2,Tier D (Low Relevance / Boutique),P3 - Ad-Hoc
GainInsights,1,0,0,0,0,Business Operations / Management Analyst,2,Tier D (Low Relevance / Boutique),P3 - Ad-Hoc
Axis Concept Construction,1,0,0,0,0,Business Operations / Management Analyst,2,Tier D (Low Relevance / Boutique),P3 - Ad-Hoc
Prometheus Magazine,1,0,0,0,0,Business Operations / Management Analyst,2,Tier D (Low Relevance / Boutique),P3 - Ad-Hoc
Baron Capitale,1,0,0,0,0,Business Operations / Management Analyst,2,Tier D (Low Relevance / Boutique),P3 - Ad-Hoc
Unstop,1,0,0,0,0,Business Operations / Management Analyst,2,Tier D (Low Relevance / Boutique),P3 - Ad-Hoc
Peer Education Initiatives,1,0,0,0,0,Business Operations / Management Analyst,2,Tier D (Low Relevance / Boutique),P3 - Ad-Hoc
Eunique Clothing,1,0,0,0,0,Business Operations / Management Analyst,2,Tier D (Low Relevance / Boutique),P3 - Ad-Hoc
Astha Shakti,1,0,0,0,0,Business Operations / Management Analyst,2,Tier D (Low Relevance / Boutique),P3 - Ad-Hoc
ConcertAI,1,0,0,0,0,Business Operations / Management Analyst,2,Tier D (Low Relevance / Boutique),P3 - Ad-Hoc
Caarya,1,0,0,0,0,Business Operations / Management Analyst,2,Tier D (Low Relevance / Boutique),P3 - Ad-Hoc
AirMenus - Beautiful mobile menus 😍,1,0,0,0,0,Business Operations / Management Analyst,2,Tier D (Low Relevance / Boutique),P3 - Ad-Hoc
Ventureport,1,0,0,0,0,Business Operations / Management Analyst,2,Tier D (Low Relevance / Boutique),P3 - Ad-Hoc
Immverse Studios,1,0,0,0,0,Business Operations / Management Analyst,2,Tier D (Low Relevance / Boutique),P3 - Ad-Hoc
Vedak: Expert Network,1,0,0,0,0,Business Operations / Management Analyst,2,Tier D (Low Relevance / Boutique),P3 - Ad-Hoc
Tradeswift Group,1,0,0,0,0,Business Operations / Management Analyst,2,Tier D (Low Relevance / Boutique),P3 - Ad-Hoc
Splendour Marine LLC,1,0,0,0,0,Business Operations / Management Analyst,2,Tier D (Low Relevance / Boutique),P3 - Ad-Hoc
Ambitio,1,0,0,0,0,Business Operations / Management Analyst,2,Tier D (Low Relevance / Boutique),P3 - Ad-Hoc
Open Security Alliance LLP,1,0,0,0,0,Business Operations / Management Analyst,2,Tier D (Low Relevance / Boutique),P3 - Ad-Hoc
Nirmaan (Stratos Infra Technologies Pvt. Ltd.),1,0,0,0,0,Business Operations / Management Analyst,2,Tier D (Low Relevance / Boutique),P3 - Ad-Hoc
IFIM Institutions,1,0,0,0,0,Business Operations / Management Analyst,2,Tier D (Low Relevance / Boutique),P3 - Ad-Hoc
E-Club DSCE,1,0,0,0,0,Business Operations / Management Analyst,2,Tier D (Low Relevance / Boutique),P3 - Ad-Hoc
Kun Solutions,1,0,0,0,0,Business Operations / Management Analyst,2,Tier D (Low Relevance / Boutique),P3 - Ad-Hoc
Capital Nexus,1,0,0,0,0,Business Operations / Management Analyst,2,Tier D (Low Relevance / Boutique),P3 - Ad-Hoc
Dax Capital Marketing Management LLC,1,0,0,0,0,Business Operations / Management Analyst,2,Tier D (Low Relevance / Boutique),P3 - Ad-Hoc
Be Fit Sports Academy,1,0,0,0,0,Business Operations / Management Analyst,2,Tier D (Low Relevance / Boutique),P3 - Ad-Hoc
OnePlus,1,0,0,0,0,Business Operations / Management Analyst,2,Tier D (Low Relevance / Boutique),P3 - Ad-Hoc
"School of Economic, Social and Political Sciences at University of Southampton",1,0,0,0,0,Business Operations / Management Analyst,2,Tier D (Low Relevance / Boutique),P3 - Ad-Hoc
Right Management India,1,0,0,0,0,Business Operations / Management Analyst,2,Tier D (Low Relevance / Boutique),P3 - Ad-Hoc
V Seetharaman & co,1,0,0,0,0,Business Operations / Management Analyst,2,Tier D (Low Relevance / Boutique),P3 - Ad-Hoc
NMK Associates,1,0,0,0,0,Business Operations / Management Analyst,2,Tier D (Low Relevance / Boutique),P3 - Ad-Hoc
Multipolitan,1,0,0,0,0,Business Operations / Management Analyst,2,Tier D (Low Relevance / Boutique),P3 - Ad-Hoc
Cornerstone OnDemand,1,0,0,0,0,Business Operations / Management Analyst,2,Tier D (Low Relevance / Boutique),P3 - Ad-Hoc
Imagineers Group,1,0,0,0,0,Business Operations / Management Analyst,2,Tier D (Low Relevance / Boutique),P3 - Ad-Hoc
EOX Vantage,1,0,0,0,0,Business Operations / Management Analyst,2,Tier D (Low Relevance / Boutique),P3 - Ad-Hoc
BelBird Technologies,1,0,0,0,0,Business Operations / Management Analyst,2,Tier D (Low Relevance / Boutique),P3 - Ad-Hoc
Learners Byte,1,0,0,0,0,Business Operations / Management Analyst,2,Tier D (Low Relevance / Boutique),P3 - Ad-Hoc
XTRAGRAD Pvt. Ltd.,1,0,0,0,0,Business Operations / Management Analyst,2,Tier D (Low Relevance / Boutique),P3 - Ad-Hoc
Coherent Corp.,1,0,0,0,0,Business Operations / Management Analyst,2,Tier D (Low Relevance / Boutique),P3 - Ad-Hoc
IFB Appliances,1,0,0,0,0,Business Operations / Management Analyst,2,Tier D (Low Relevance / Boutique),P3 - Ad-Hoc
Straive,1,0,0,0,0,Business Operations / Management Analyst,2,Tier D (Low Relevance / Boutique),P3 - Ad-Hoc
Fundtec,1,0,0,0,0,Business Operations / Management Analyst,2,Tier D (Low Relevance / Boutique),P3 - Ad-Hoc
Plush,1,0,0,0,0,Business Operations / Management Analyst,2,Tier D (Low Relevance / Boutique),P3 - Ad-Hoc
Prismforce,1,0,0,0,0,Business Operations / Management Analyst,2,Tier D (Low Relevance / Boutique),P3 - Ad-Hoc
Tario,1,0,0,0,0,Business Operations / Management Analyst,2,Tier D (Low Relevance / Boutique),P3 - Ad-Hoc
Edelweiss Financial Services Limited,1,0,0,0,0,Business Operations / Management Analyst,2,Tier D (Low Relevance / Boutique),P3 - Ad-Hoc
Tachyon Security BV,1,0,0,0,0,Business Operations / Management Analyst,2,Tier D (Low Relevance / Boutique),P3 - Ad-Hoc
GrayQuest,1,0,0,0,0,Business Operations / Management Analyst,2,Tier D (Low Relevance / Boutique),P3 - Ad-Hoc
Theplanxcompany,1,0,0,0,0,Business Operations / Management Analyst,2,Tier D (Low Relevance / Boutique),P3 - Ad-Hoc
Trans Tech Logistics,1,0,0,0,0,Business Operations / Management Analyst,2,Tier D (Low Relevance / Boutique),P3 - Ad-Hoc
Tarq Foundation,1,0,0,0,0,Business Operations / Management Analyst,2,Tier D (Low Relevance / Boutique),P3 - Ad-Hoc
"Mallya & Mallya, Chartered Accountants",1,0,0,0,0,Business Operations / Management Analyst,2,Tier D (Low Relevance / Boutique),P3 - Ad-Hoc
DMDC,1,0,0,0,0,Business Operations / Management Analyst,2,Tier D (Low Relevance / Boutique),P3 - Ad-Hoc
Rotaract,1,0,0,0,0,Business Operations / Management Analyst,2,Tier D (Low Relevance / Boutique),P3 - Ad-Hoc
Christ Incubation Centre (CIC),1,0,0,0,0,Business Operations / Management Analyst,2,Tier D (Low Relevance / Boutique),P3 - Ad-Hoc
KSE LIMITED,1,0,0,0,0,Business Operations / Management Analyst,2,Tier D (Low Relevance / Boutique),P3 - Ad-Hoc
Jhopdi.com,1,0,0,0,0,Business Operations / Management Analyst,2,Tier D (Low Relevance / Boutique),P3 - Ad-Hoc
Emcutix Biopharmaceuticals Limited,1,0,0,0,0,Business Operations / Management Analyst,2,Tier D (Low Relevance / Boutique),P3 - Ad-Hoc
EZTS,1,0,0,0,0,Business Operations / Management Analyst,2,Tier D (Low Relevance / Boutique),P3 - Ad-Hoc
Kandula & Associates,1,0,0,0,0,Business Operations / Management Analyst,2,Tier D (Low Relevance / Boutique),P3 - Ad-Hoc
Core2Sales,1,0,0,0,0,Business Operations / Management Analyst,2,Tier D (Low Relevance / Boutique),P3 - Ad-Hoc
Vibgyor Global Web Solutions Pvt Ltd,1,0,0,0,0,Business Operations / Management Analyst,2,Tier D (Low Relevance / Boutique),P3 - Ad-Hoc
Coratia Technologies(Technook),1,0,0,0,0,Business Operations / Management Analyst,2,Tier D (Low Relevance / Boutique),P3 - Ad-Hoc
King's College London,1,0,0,0,0,Business Operations / Management Analyst,2,Tier D (Low Relevance / Boutique),P3 - Ad-Hoc
Biz Sherpa,1,0,0,0,0,Business Operations / Management Analyst,2,Tier D (Low Relevance / Boutique),P3 - Ad-Hoc
VaultofCodes,1,0,0,0,0,Business Operations / Management Analyst,2,Tier D (Low Relevance / Boutique),P3 - Ad-Hoc
BOT mantra,1,0,0,0,0,Business Operations / Management Analyst,2,Tier D (Low Relevance / Boutique),P3 - Ad-Hoc
Efeedor,1,0,0,0,0,Business Operations / Management Analyst,2,Tier D (Low Relevance / Boutique),P3 - Ad-Hoc
Canopus GBS | SAP Consulting | AI & Automation |,1,0,0,0,0,Business Operations / Management Analyst,2,Tier D (Low Relevance / Boutique),P3 - Ad-Hoc
Zeal Integrated Marketing Solutions Pvt Ltd,1,0,0,0,0,Business Operations / Management Analyst,2,Tier D (Low Relevance / Boutique),P3 - Ad-Hoc
PharmaULearn,1,0,0,0,0,Business Operations / Management Analyst,2,Tier D (Low Relevance / Boutique),P3 - Ad-Hoc
TechCiti Software Consulting Private Limited,1,0,0,0,0,Business Operations / Management Analyst,2,Tier D (Low Relevance / Boutique),P3 - Ad-Hoc
Bayyinah | Nouman Ali Khan,1,0,0,0,0,Business Operations / Management Analyst,2,Tier D (Low Relevance / Boutique),P3 - Ad-Hoc
Cambridge Academy Of English,1,0,0,0,0,Business Operations / Management Analyst,2,Tier D (Low Relevance / Boutique),P3 - Ad-Hoc
IAMC Hyderabad,1,0,0,0,0,Business Operations / Management Analyst,2,Tier D (Low Relevance / Boutique),P3 - Ad-Hoc
Global HealthX,1,0,0,0,0,Business Operations / Management Analyst,2,Tier D (Low Relevance / Boutique),P3 - Ad-Hoc
Salud Beverages Private Limited,1,0,0,0,0,Business Operations / Management Analyst,2,Tier D (Low Relevance / Boutique),P3 - Ad-Hoc
GDT - General Datatech,1,0,0,0,0,Business Operations / Management Analyst,2,Tier D (Low Relevance / Boutique),P3 - Ad-Hoc
Tally Solutions Pvt Ltd,1,0,0,0,0,Business Operations / Management Analyst,2,Tier D (Low Relevance / Boutique),P3 - Ad-Hoc
Samvardhana Motherson International Ltd.,1,0,0,0,0,Business Operations / Management Analyst,2,Tier D (Low Relevance / Boutique),P3 - Ad-Hoc
LM Thapar School of Management,1,0,0,0,0,Business Operations / Management Analyst,2,Tier D (Low Relevance / Boutique),P3 - Ad-Hoc
Istituto Marangoni,1,0,0,0,0,Business Operations / Management Analyst,2,Tier D (Low Relevance / Boutique),P3 - Ad-Hoc
MBA FOUNDATION,1,0,0,0,0,Business Operations / Management Analyst,2,Tier D (Low Relevance / Boutique),P3 - Ad-Hoc
Capacity building cell,1,0,0,0,0,Business Operations / Management Analyst,2,Tier D (Low Relevance / Boutique),P3 - Ad-Hoc
ResearchFox Consulting,1,0,0,0,0,Business Operations / Management Analyst,2,Tier D (Low Relevance / Boutique),P3 - Ad-Hoc
Early Steps Academy,1,0,0,0,0,Business Operations / Management Analyst,2,Tier D (Low Relevance / Boutique),P3 - Ad-Hoc
Project Samuh,1,0,0,0,0,Business Operations / Management Analyst,2,Tier D (Low Relevance / Boutique),P3 - Ad-Hoc
Doodlez,1,0,0,0,0,Business Operations / Management Analyst,2,Tier D (Low Relevance / Boutique),P3 - Ad-Hoc
Main Crafts Technology,1,0,0,0,0,Business Operations / Management Analyst,2,Tier D (Low Relevance / Boutique),P3 - Ad-Hoc
"Eclerx Services Limited, pune, Maharashtra",1,0,0,0,0,Business Operations / Management Analyst,2,Tier D (Low Relevance / Boutique),P3 - Ad-Hoc
BEML LTD.,1,0,0,0,0,Business Operations / Management Analyst,2,Tier D (Low Relevance / Boutique),P3 - Ad-Hoc
GlobalHunt,1,0,0,0,0,Business Operations / Management Analyst,2,Tier D (Low Relevance / Boutique),P3 - Ad-Hoc
IMS Decimal,1,0,0,0,0,Business Operations / Management Analyst,2,Tier D (Low Relevance / Boutique),P3 - Ad-Hoc
Elevate Labs,1,0,0,0,0,Business Operations / Management Analyst,2,Tier D (Low Relevance / Boutique),P3 - Ad-Hoc
MyCaptain,1,0,0,0,0,Business Operations / Management Analyst,2,Tier D (Low Relevance / Boutique),P3 - Ad-Hoc
Thiranex EduTech LLP,1,0,0,0,0,Business Operations / Management Analyst,2,Tier D (Low Relevance / Boutique),P3 - Ad-Hoc
Proglogix International Services Pvt Ltd,1,0,0,0,0,Business Operations / Management Analyst,2,Tier D (Low Relevance / Boutique),P3 - Ad-Hoc
Pipraiser,1,0,0,0,0,Business Operations / Management Analyst,2,Tier D (Low Relevance / Boutique),P3 - Ad-Hoc
Marmon Technologies India Pvt Ltd,1,0,0,0,0,Business Operations / Management Analyst,2,Tier D (Low Relevance / Boutique),P3 - Ad-Hoc
"SBSG AND ASSOCIATES, Chartered Accountants",1,0,0,0,0,Business Operations / Management Analyst,2,Tier D (Low Relevance / Boutique),P3 - Ad-Hoc
BigCity Promotions,1,0,0,0,0,Business Operations / Management Analyst,2,Tier D (Low Relevance / Boutique),P3 - Ad-Hoc
Yogshala,1,0,0,0,0,Business Operations / Management Analyst,2,Tier D (Low Relevance / Boutique),P3 - Ad-Hoc
Sigmato,1,0,0,0,0,Business Operations / Management Analyst,2,Tier D (Low Relevance / Boutique),P3 - Ad-Hoc
IAST Software Solutions Pvt. Ltd,1,0,0,0,0,Business Operations / Management Analyst,2,Tier D (Low Relevance / Boutique),P3 - Ad-Hoc
CAPTivate - The Knowledge Sharing Community,1,0,0,0,0,Business Operations / Management Analyst,2,Tier D (Low Relevance / Boutique),P3 - Ad-Hoc
CohnReznick,1,0,0,0,0,Business Operations / Management Analyst,2,Tier D (Low Relevance / Boutique),P3 - Ad-Hoc
DBS Bank,1,0,0,0,0,Business Operations / Management Analyst,2,Tier D (Low Relevance / Boutique),P3 - Ad-Hoc
Sapphire Foods India Limited,1,0,0,0,0,Business Operations / Management Analyst,2,Tier D (Low Relevance / Boutique),P3 - Ad-Hoc
DM Productions,1,0,0,0,0,Business Operations / Management Analyst,2,Tier D (Low Relevance / Boutique),P3 - Ad-Hoc
Xperteez Technology,1,0,0,0,0,Business Operations / Management Analyst,2,Tier D (Low Relevance / Boutique),P3 - Ad-Hoc
MUFG,1,0,0,0,0,Business Operations / Management Analyst,2,Tier D (Low Relevance / Boutique),P3 - Ad-Hoc
PNB INVESTMENT SERVICES LIMITED,1,0,0,0,0,Business Operations / Management Analyst,2,Tier D (Low Relevance / Boutique),P3 - Ad-Hoc
Baker Tilly One India,1,0,0,0,0,Business Operations / Management Analyst,2,Tier D (Low Relevance / Boutique),P3 - Ad-Hoc
Jain Group Of Institutions - Schools,1,0,0,0,0,Business Operations / Management Analyst,2,Tier D (Low Relevance / Boutique),P3 - Ad-Hoc
Vasudevan&Co,1,0,0,0,0,Business Operations / Management Analyst,2,Tier D (Low Relevance / Boutique),P3 - Ad-Hoc
Profit Tantra Financial Services LLP,1,0,0,0,0,Business Operations / Management Analyst,2,Tier D (Low Relevance / Boutique),P3 - Ad-Hoc
Fortune Cloud Technologies Private Limited,1,0,0,0,0,Business Operations / Management Analyst,2,Tier D (Low Relevance / Boutique),P3 - Ad-Hoc
WaterMarc,1,0,0,0,0,Business Operations / Management Analyst,2,Tier D (Low Relevance / Boutique),P3 - Ad-Hoc
CHRIST University School of Business and Management,1,0,0,0,0,Business Operations / Management Analyst,2,Tier D (Low Relevance / Boutique),P3 - Ad-Hoc
[24]7.ai,1,0,0,0,0,Business Operations / Management Analyst,2,Tier D (Low Relevance / Boutique),P3 - Ad-Hoc
DB Digital (Dainik Bhaskar Digital),1,0,0,0,0,Business Operations / Management Analyst,2,Tier D (Low Relevance / Boutique),P3 - Ad-Hoc
Decotales,1,0,0,0,0,Business Operations / Management Analyst,2,Tier D (Low Relevance / Boutique),P3 - Ad-Hoc
Upsurge Labs,1,0,0,0,0,Business Operations / Management Analyst,2,Tier D (Low Relevance / Boutique),P3 - Ad-Hoc
Sheraton Hotels & Resorts,1,0,0,0,0,Business Operations / Management Analyst,2,Tier D (Low Relevance / Boutique),P3 - Ad-Hoc
GE Vernova,1,0,0,0,0,Business Operations / Management Analyst,2,Tier D (Low Relevance / Boutique),P3 - Ad-Hoc
Magna International,1,0,0,0,0,Business Operations / Management Analyst,2,Tier D (Low Relevance / Boutique),P3 - Ad-Hoc
ACL Digital,1,0,0,0,0,Business Operations / Management Analyst,2,Tier D (Low Relevance / Boutique),P3 - Ad-Hoc
ENG VB,1,0,0,0,0,Business Operations / Management Analyst,2,Tier D (Low Relevance / Boutique),P3 - Ad-Hoc
Thinkthrough Consulting,1,0,0,0,0,Business Operations / Management Analyst,2,Tier D (Low Relevance / Boutique),P3 - Ad-Hoc
"International Relations Committee, IIFT Delhi",1,0,0,0,0,Business Operations / Management Analyst,2,Tier D (Low Relevance / Boutique),P3 - Ad-Hoc
Flexidigit Technologies LLP,1,0,0,0,0,Business Operations / Management Analyst,2,Tier D (Low Relevance / Boutique),P3 - Ad-Hoc
KPIT,1,0,0,0,0,Business Operations / Management Analyst,2,Tier D (Low Relevance / Boutique),P3 - Ad-Hoc
CHRIST Consulting,1,0,0,0,0,Business Operations / Management Analyst,2,Tier D (Low Relevance / Boutique),P3 - Ad-Hoc
Qniverse,1,0,0,0,0,Business Operations / Management Analyst,2,Tier D (Low Relevance / Boutique),P3 - Ad-Hoc
Powerplay,1,0,0,0,0,Business Operations / Management Analyst,2,Tier D (Low Relevance / Boutique),P3 - Ad-Hoc
KLF Nirmal Industries (P) Ltd.,1,0,0,0,0,Business Operations / Management Analyst,2,Tier D (Low Relevance / Boutique),P3 - Ad-Hoc
Tamil Nadu Newsprint and Papers Limited,1,0,0,0,0,Business Operations / Management Analyst,2,Tier D (Low Relevance / Boutique),P3 - Ad-Hoc
Winst Realtors Private Limited,1,0,0,0,0,Business Operations / Management Analyst,2,Tier D (Low Relevance / Boutique),P3 - Ad-Hoc
Central Tool Room & Training Centre (MSME) Government of India,1,0,0,0,0,Business Operations / Management Analyst,2,Tier D (Low Relevance / Boutique),P3 - Ad-Hoc
DNA Entertainment Networks,1,0,0,0,0,Business Operations / Management Analyst,2,Tier D (Low Relevance / Boutique),P3 - Ad-Hoc
NRyTeN Foundation,1,0,0,0,0,Business Operations / Management Analyst,2,Tier D (Low Relevance / Boutique),P3 - Ad-Hoc
Rocketium,1,0,0,0,0,Business Operations / Management Analyst,2,Tier D (Low Relevance / Boutique),P3 - Ad-Hoc
InstaPrepsAi : The Confidence App,1,0,0,0,0,Business Operations / Management Analyst,2,Tier D (Low Relevance / Boutique),P3 - Ad-Hoc
Service Club,1,0,0,0,0,Business Operations / Management Analyst,2,Tier D (Low Relevance / Boutique),P3 - Ad-Hoc
Palin Analytics,1,0,0,0,0,Business Operations / Management Analyst,2,Tier D (Low Relevance / Boutique),P3 - Ad-Hoc
ND Logistix,1,0,0,0,0,Business Operations / Management Analyst,2,Tier D (Low Relevance / Boutique),P3 - Ad-Hoc
Panache Decors,1,0,0,0,0,Business Operations / Management Analyst,2,Tier D (Low Relevance / Boutique),P3 - Ad-Hoc
CodePlaced,1,0,0,0,0,Business Operations / Management Analyst,2,Tier D (Low Relevance / Boutique),P3 - Ad-Hoc
DreamzKrraft,1,0,0,0,0,Business Operations / Management Analyst,2,Tier D (Low Relevance / Boutique),P3 - Ad-Hoc
Kettles Talent Networks Pvt Ltd,1,0,0,0,0,Business Operations / Management Analyst,2,Tier D (Low Relevance / Boutique),P3 - Ad-Hoc
Crius Financial Services (Alberta) Corp.,1,0,0,0,0,Business Operations / Management Analyst,2,Tier D (Low Relevance / Boutique),P3 - Ad-Hoc
PVR Systems PVT LTD,1,0,0,0,0,Business Operations / Management Analyst,2,Tier D (Low Relevance / Boutique),P3 - Ad-Hoc
Bilva Enterprises,1,0,0,0,0,Business Operations / Management Analyst,2,Tier D (Low Relevance / Boutique),P3 - Ad-Hoc
Astrosage AI,1,0,0,0,0,Business Operations / Management Analyst,2,Tier D (Low Relevance / Boutique),P3 - Ad-Hoc
Playerwalk,1,0,0,0,0,Business Operations / Management Analyst,2,Tier D (Low Relevance / Boutique),P3 - Ad-Hoc
ICICI Prudential AMC Ltd,1,0,0,0,0,Business Operations / Management Analyst,2,Tier D (Low Relevance / Boutique),P3 - Ad-Hoc
"CAPS, Christ University, Delhi NCR",1,0,0,0,0,Business Operations / Management Analyst,2,Tier D (Low Relevance / Boutique),P3 - Ad-Hoc
Réveil,1,0,0,0,0,Business Operations / Management Analyst,2,Tier D (Low Relevance / Boutique),P3 - Ad-Hoc
Sports Committee - K J Somaiya Institute of Management,1,0,0,0,0,Business Operations / Management Analyst,2,Tier D (Low Relevance / Boutique),P3 - Ad-Hoc
Modus Enterprise Transformation Platform,1,0,0,0,0,Business Operations / Management Analyst,2,Tier D (Low Relevance / Boutique),P3 - Ad-Hoc
Tradyon,1,0,0,0,0,Business Operations / Management Analyst,2,Tier D (Low Relevance / Boutique),P3 - Ad-Hoc
Black&Beige,1,0,0,0,0,Business Operations / Management Analyst,2,Tier D (Low Relevance / Boutique),P3 - Ad-Hoc
Capslock Marketplaces 🚀,1,0,0,0,0,Business Operations / Management Analyst,2,Tier D (Low Relevance / Boutique),P3 - Ad-Hoc
Thoughtworks,1,0,0,0,0,Business Operations / Management Analyst,2,Tier D (Low Relevance / Boutique),P3 - Ad-Hoc
Riya by Preethi Raj,1,0,0,0,0,Business Operations / Management Analyst,2,Tier D (Low Relevance / Boutique),P3 - Ad-Hoc
TEDxIGDTU,1,0,0,0,0,Business Operations / Management Analyst,2,Tier D (Low Relevance / Boutique),P3 - Ad-Hoc
Intelliquo,1,0,0,0,0,Business Operations / Management Analyst,2,Tier D (Low Relevance / Boutique),P3 - Ad-Hoc
Maximus India,1,0,0,0,0,Business Operations / Management Analyst,2,Tier D (Low Relevance / Boutique),P3 - Ad-Hoc
SatNav Technologies,1,0,0,0,0,Business Operations / Management Analyst,2,Tier D (Low Relevance / Boutique),P3 - Ad-Hoc
Aruna Esports LLC,1,0,0,0,0,Business Operations / Management Analyst,2,Tier D (Low Relevance / Boutique),P3 - Ad-Hoc
Evenion Technologies,1,0,0,0,0,Business Operations / Management Analyst,2,Tier D (Low Relevance / Boutique),P3 - Ad-Hoc
HealthifyMe App,1,0,0,0,0,Business Operations / Management Analyst,2,Tier D (Low Relevance / Boutique),P3 - Ad-Hoc
Haleon,1,0,0,0,0,Business Operations / Management Analyst,2,Tier D (Low Relevance / Boutique),P3 - Ad-Hoc
CA Firm,1,0,0,0,0,Business Operations / Management Analyst,2,Tier D (Low Relevance / Boutique),P3 - Ad-Hoc
Paterson,1,0,0,0,0,Business Operations / Management Analyst,2,Tier D (Low Relevance / Boutique),P3 - Ad-Hoc
Realto Advisors Pvt. Ltd.®,1,0,0,0,0,Business Operations / Management Analyst,2,Tier D (Low Relevance / Boutique),P3 - Ad-Hoc
Victoria University of Wellington,1,0,0,0,0,Business Operations / Management Analyst,2,Tier D (Low Relevance / Boutique),P3 - Ad-Hoc
Analog Devices,1,0,0,0,0,Business Operations / Management Analyst,2,Tier D (Low Relevance / Boutique),P3 - Ad-Hoc
Tradejini,1,0,0,0,0,Business Operations / Management Analyst,2,Tier D (Low Relevance / Boutique),P3 - Ad-Hoc
Zellis,1,0,0,0,0,Business Operations / Management Analyst,2,Tier D (Low Relevance / Boutique),P3 - Ad-Hoc
brandsadvert,1,0,0,0,0,Business Operations / Management Analyst,2,Tier D (Low Relevance / Boutique),P3 - Ad-Hoc
Homzinterio,1,0,0,0,0,Business Operations / Management Analyst,2,Tier D (Low Relevance / Boutique),P3 - Ad-Hoc
Pixadoo,1,0,0,0,0,Business Operations / Management Analyst,2,Tier D (Low Relevance / Boutique),P3 - Ad-Hoc
Zacks Research Pvt. Ltd,1,0,0,0,0,Business Operations / Management Analyst,2,Tier D (Low Relevance / Boutique),P3 - Ad-Hoc
RiskSpan,1,0,0,0,0,Business Operations / Management Analyst,2,Tier D (Low Relevance / Boutique),P3 - Ad-Hoc
IRESH Consultants,1,0,0,0,0,Business Operations / Management Analyst,2,Tier D (Low Relevance / Boutique),P3 - Ad-Hoc
Springworks,1,0,0,0,0,Business Operations / Management Analyst,2,Tier D (Low Relevance / Boutique),P3 - Ad-Hoc
HDFC Pension,1,0,0,0,0,Business Operations / Management Analyst,2,Tier D (Low Relevance / Boutique),P3 - Ad-Hoc
Max Protein (Naturell India Private Limited),1,0,0,0,0,Business Operations / Management Analyst,2,Tier D (Low Relevance / Boutique),P3 - Ad-Hoc
Nextloop Technologies LLP,1,0,0,0,0,Business Operations / Management Analyst,2,Tier D (Low Relevance / Boutique),P3 - Ad-Hoc
Ogilvy,1,0,0,0,0,Business Operations / Management Analyst,2,Tier D (Low Relevance / Boutique),P3 - Ad-Hoc
Realhubb Ventures,1,0,0,0,0,Business Operations / Management Analyst,2,Tier D (Low Relevance / Boutique),P3 - Ad-Hoc
Swift Cargo Pvt. Ltd.,1,0,0,0,0,Business Operations / Management Analyst,2,Tier D (Low Relevance / Boutique),P3 - Ad-Hoc
Groots Software Technologies Pvt Ltd,1,0,0,0,0,Business Operations / Management Analyst,2,Tier D (Low Relevance / Boutique),P3 - Ad-Hoc
Space To Tech,1,0,0,0,0,Business Operations / Management Analyst,2,Tier D (Low Relevance / Boutique),P3 - Ad-Hoc
Hamna Shams Al Hanaan FZE LLC,1,0,0,0,0,Business Operations / Management Analyst,2,Tier D (Low Relevance / Boutique),P3 - Ad-Hoc
Adroit Innovative Solutions Inc,1,0,0,0,0,Business Operations / Management Analyst,2,Tier D (Low Relevance / Boutique),P3 - Ad-Hoc
Wanderer Wave,1,0,0,0,0,Business Operations / Management Analyst,2,Tier D (Low Relevance / Boutique),P3 - Ad-Hoc
The Kanara District Central Cooperative Bank Ltd,1,0,0,0,0,Business Operations / Management Analyst,2,Tier D (Low Relevance / Boutique),P3 - Ad-Hoc
Social Sailor,1,0,0,0,0,Business Operations / Management Analyst,2,Tier D (Low Relevance / Boutique),P3 - Ad-Hoc
Red Lantern Analytica,1,0,0,0,0,Business Operations / Management Analyst,2,Tier D (Low Relevance / Boutique),P3 - Ad-Hoc
Sparkior Media,1,0,0,0,0,Business Operations / Management Analyst,2,Tier D (Low Relevance / Boutique),P3 - Ad-Hoc
"Mudra, NMIMS Bangalore",1,0,0,0,0,Business Operations / Management Analyst,2,Tier D (Low Relevance / Boutique),P3 - Ad-Hoc
Exito Media Concepts,1,0,0,0,0,Business Operations / Management Analyst,2,Tier D (Low Relevance / Boutique),P3 - Ad-Hoc
Orifood & Beverages Private Limited,1,0,0,0,0,Business Operations / Management Analyst,2,Tier D (Low Relevance / Boutique),P3 - Ad-Hoc
kipi.ai,1,0,0,0,0,Business Operations / Management Analyst,2,Tier D (Low Relevance / Boutique),P3 - Ad-Hoc
Allstate,1,0,0,0,0,Business Operations / Management Analyst,2,Tier D (Low Relevance / Boutique),P3 - Ad-Hoc
Perfetto,1,0,0,0,0,Business Operations / Management Analyst,2,Tier D (Low Relevance / Boutique),P3 - Ad-Hoc
Moody's Corporation,1,0,0,0,0,Business Operations / Management Analyst,2,Tier D (Low Relevance / Boutique),P3 - Ad-Hoc
House Of Fett,1,0,0,0,0,Business Operations / Management Analyst,2,Tier D (Low Relevance / Boutique),P3 - Ad-Hoc
Square Yards Dubai,1,0,0,0,0,Business Operations / Management Analyst,2,Tier D (Low Relevance / Boutique),P3 - Ad-Hoc
The Mayor Marketing Agency,1,0,0,0,0,Business Operations / Management Analyst,2,Tier D (Low Relevance / Boutique),P3 - Ad-Hoc
Gaysi Family,1,0,0,0,0,Business Operations / Management Analyst,2,Tier D (Low Relevance / Boutique),P3 - Ad-Hoc
MMC Convert,1,0,0,0,0,Business Operations / Management Analyst,2,Tier D (Low Relevance / Boutique),P3 - Ad-Hoc
ColorCottage,1,0,0,0,0,Business Operations / Management Analyst,2,Tier D (Low Relevance / Boutique),P3 - Ad-Hoc
Primark,1,0,0,0,0,Business Operations / Management Analyst,2,Tier D (Low Relevance / Boutique),P3 - Ad-Hoc
Solytics Partners,1,0,0,0,0,Business Operations / Management Analyst,2,Tier D (Low Relevance / Boutique),P3 - Ad-Hoc
HURUN INDIA,1,0,0,0,0,Business Operations / Management Analyst,2,Tier D (Low Relevance / Boutique),P3 - Ad-Hoc
Progreva,1,0,0,0,0,Business Operations / Management Analyst,2,Tier D (Low Relevance / Boutique),P3 - Ad-Hoc
NewsFirstKannada,1,0,0,0,0,Business Operations / Management Analyst,2,Tier D (Low Relevance / Boutique),P3 - Ad-Hoc
Olive Hospitality,1,0,0,0,0,Business Operations / Management Analyst,2,Tier D (Low Relevance / Boutique),P3 - Ad-Hoc
GRUNDFOS,1,0,0,0,0,Business Operations / Management Analyst,2,Tier D (Low Relevance / Boutique),P3 - Ad-Hoc
Transven Consulting Private Limited,1,0,0,0,0,Business Operations / Management Analyst,2,Tier D (Low Relevance / Boutique),P3 - Ad-Hoc
Build91,1,0,0,0,0,Business Operations / Management Analyst,2,Tier D (Low Relevance / Boutique),P3 - Ad-Hoc
Dhibrahm Analytics,1,0,0,0,0,Business Operations / Management Analyst,2,Tier D (Low Relevance / Boutique),P3 - Ad-Hoc
Universitat Oberta de Catalunya,1,0,0,0,0,Business Operations / Management Analyst,2,Tier D (Low Relevance / Boutique),P3 - Ad-Hoc
PsychInsight,1,0,0,0,0,Business Operations / Management Analyst,2,Tier D (Low Relevance / Boutique),P3 - Ad-Hoc
JB Power Consultants Private Limited,1,0,0,0,0,Business Operations / Management Analyst,2,Tier D (Low Relevance / Boutique),P3 - Ad-Hoc
24 ARC MEDIA LLP,1,0,0,0,0,Business Operations / Management Analyst,2,Tier D (Low Relevance / Boutique),P3 - Ad-Hoc
CodeCraft,1,0,0,0,0,Business Operations / Management Analyst,2,Tier D (Low Relevance / Boutique),P3 - Ad-Hoc
J.P. Morgan Asset Management,1,0,0,0,0,Business Operations / Management Analyst,2,Tier D (Low Relevance / Boutique),P3 - Ad-Hoc
End Poverty,1,0,0,0,0,Business Operations / Management Analyst,2,Tier D (Low Relevance / Boutique),P3 - Ad-Hoc
Bureau of Indian Standards,1,0,0,0,0,Business Operations / Management Analyst,2,Tier D (Low Relevance / Boutique),P3 - Ad-Hoc
Jainam Broking Limited,1,0,0,0,0,Business Operations / Management Analyst,2,Tier D (Low Relevance / Boutique),P3 - Ad-Hoc
UConn Health,1,0,0,0,0,Business Operations / Management Analyst,2,Tier D (Low Relevance / Boutique),P3 - Ad-Hoc
Brickfolio Pvt. Ltd,1,0,0,0,0,Business Operations / Management Analyst,2,Tier D (Low Relevance / Boutique),P3 - Ad-Hoc
Invact Metaversity,1,0,0,0,0,Business Operations / Management Analyst,2,Tier D (Low Relevance / Boutique),P3 - Ad-Hoc
Subex,1,0,0,0,0,Business Operations / Management Analyst,2,Tier D (Low Relevance / Boutique),P3 - Ad-Hoc
"Saranam India, The Sheltr Foundation",1,0,0,0,0,Business Operations / Management Analyst,2,Tier D (Low Relevance / Boutique),P3 - Ad-Hoc
TYCIA Foundation,1,0,0,0,0,Business Operations / Management Analyst,2,Tier D (Low Relevance / Boutique),P3 - Ad-Hoc
NSK TRAVEL,1,0,0,0,0,Business Operations / Management Analyst,2,Tier D (Low Relevance / Boutique),P3 - Ad-Hoc
Kent Constructions Pvt. Ltd.,1,0,0,0,0,Business Operations / Management Analyst,2,Tier D (Low Relevance / Boutique),P3 - Ad-Hoc
Inspire Institute of Sport,1,0,0,0,0,Business Operations / Management Analyst,2,Tier D (Low Relevance / Boutique),P3 - Ad-Hoc
Kellogg Company,1,0,0,0,0,Business Operations / Management Analyst,2,Tier D (Low Relevance / Boutique),P3 - Ad-Hoc
Bangalore Group of Institutions,1,0,0,0,0,Business Operations / Management Analyst,2,Tier D (Low Relevance / Boutique),P3 - Ad-Hoc
Navriti Technologies,1,0,0,0,0,Business Operations / Management Analyst,2,Tier D (Low Relevance / Boutique),P3 - Ad-Hoc
McCann,1,0,0,0,0,Business Operations / Management Analyst,2,Tier D (Low Relevance / Boutique),P3 - Ad-Hoc
Serco,1,0,0,0,0,Business Operations / Management Analyst,2,Tier D (Low Relevance / Boutique),P3 - Ad-Hoc
Adlytica,1,0,0,0,0,Business Operations / Management Analyst,2,Tier D (Low Relevance / Boutique),P3 - Ad-Hoc
Ribbon Communications,1,0,0,0,0,Business Operations / Management Analyst,2,Tier D (Low Relevance / Boutique),P3 - Ad-Hoc
Axxela,1,0,0,0,0,Business Operations / Management Analyst,2,Tier D (Low Relevance / Boutique),P3 - Ad-Hoc
Zeliot,1,0,0,0,0,Business Operations / Management Analyst,2,Tier D (Low Relevance / Boutique),P3 - Ad-Hoc
"Future Business Leaders of America, Inc. (FBLA)",1,0,0,0,0,Business Operations / Management Analyst,2,Tier D (Low Relevance / Boutique),P3 - Ad-Hoc
G T Institute Of Management Studies And Research,1,0,0,0,0,Business Operations / Management Analyst,2,Tier D (Low Relevance / Boutique),P3 - Ad-Hoc
Interazzo.com,1,0,0,0,0,Business Operations / Management Analyst,2,Tier D (Low Relevance / Boutique),P3 - Ad-Hoc
Knights & Walker,1,0,0,0,0,Business Operations / Management Analyst,2,Tier D (Low Relevance / Boutique),P3 - Ad-Hoc
KINNECT,1,0,0,0,0,Business Operations / Management Analyst,2,Tier D (Low Relevance / Boutique),P3 - Ad-Hoc
YES SECURITIES,1,0,0,0,0,Business Operations / Management Analyst,2,Tier D (Low Relevance / Boutique),P3 - Ad-Hoc
Econz Cloud,1,0,0,0,0,Business Operations / Management Analyst,2,Tier D (Low Relevance / Boutique),P3 - Ad-Hoc
Lighthouse Pool Management,1,0,0,0,0,Business Operations / Management Analyst,2,Tier D (Low Relevance / Boutique),P3 - Ad-Hoc
MGM Cancer Institute,1,0,0,0,0,Business Operations / Management Analyst,2,Tier D (Low Relevance / Boutique),P3 - Ad-Hoc
Academic Committee of NMIMS Bangalore,1,0,0,0,0,Business Operations / Management Analyst,2,Tier D (Low Relevance / Boutique),P3 - Ad-Hoc
Kae Capital,1,0,0,0,0,Business Operations / Management Analyst,2,Tier D (Low Relevance / Boutique),P3 - Ad-Hoc
Maryland State Department of Education (MSDE),1,0,0,0,0,Business Operations / Management Analyst,2,Tier D (Low Relevance / Boutique),P3 - Ad-Hoc
Leaping Frog Solutions - Microsoft Solutions Partner,1,0,0,0,0,Business Operations / Management Analyst,2,Tier D (Low Relevance / Boutique),P3 - Ad-Hoc
Itobuz Technologies,1,0,0,0,0,Business Operations / Management Analyst,2,Tier D (Low Relevance / Boutique),P3 - Ad-Hoc
Biotechnology Industry Research Assistance Council (BIRAC),1,0,0,0,0,Business Operations / Management Analyst,2,Tier D (Low Relevance / Boutique),P3 - Ad-Hoc
Daimler India Commercial Vehicles,1,0,0,0,0,Business Operations / Management Analyst,2,Tier D (Low Relevance / Boutique),P3 - Ad-Hoc
Hummingbird Web Solutions Private Limited,1,0,0,0,0,Business Operations / Management Analyst,2,Tier D (Low Relevance / Boutique),P3 - Ad-Hoc
Annalect India,1,0,0,0,0,Business Operations / Management Analyst,2,Tier D (Low Relevance / Boutique),P3 - Ad-Hoc
Fusion Minds,1,0,0,0,0,Business Operations / Management Analyst,2,Tier D (Low Relevance / Boutique),P3 - Ad-Hoc
mobi,1,0,0,0,0,Business Operations / Management Analyst,2,Tier D (Low Relevance / Boutique),P3 - Ad-Hoc
Quest Real Advisors,1,0,0,0,0,Business Operations / Management Analyst,2,Tier D (Low Relevance / Boutique),P3 - Ad-Hoc
Withum,1,0,0,0,0,Business Operations / Management Analyst,2,Tier D (Low Relevance / Boutique),P3 - Ad-Hoc
Guidehouse,1,0,0,0,0,Business Operations / Management Analyst,2,Tier D (Low Relevance / Boutique),P3 - Ad-Hoc
Kinet Railway Solutions,1,0,0,0,0,Business Operations / Management Analyst,2,Tier D (Low Relevance / Boutique),P3 - Ad-Hoc
Mystic Panels and Planks,1,0,0,0,0,Business Operations / Management Analyst,2,Tier D (Low Relevance / Boutique),P3 - Ad-Hoc
ValueMomentum,1,0,0,0,0,Business Operations / Management Analyst,2,Tier D (Low Relevance / Boutique),P3 - Ad-Hoc
Make My Hype,1,0,0,0,0,Business Operations / Management Analyst,2,Tier D (Low Relevance / Boutique),P3 - Ad-Hoc
Finastra,1,0,0,0,0,Business Operations / Management Analyst,2,Tier D (Low Relevance / Boutique),P3 - Ad-Hoc
Northeastern University,1,0,0,0,0,Business Operations / Management Analyst,2,Tier D (Low Relevance / Boutique),P3 - Ad-Hoc
Achintya Securities Ltd,1,0,0,0,0,Business Operations / Management Analyst,2,Tier D (Low Relevance / Boutique),P3 - Ad-Hoc
Morningstar,1,0,0,0,0,Business Operations / Management Analyst,2,Tier D (Low Relevance / Boutique),P3 - Ad-Hoc
Stewart Title,1,0,0,0,0,Business Operations / Management Analyst,2,Tier D (Low Relevance / Boutique),P3 - Ad-Hoc
Microchip Technology Inc.,1,0,0,0,0,Business Operations / Management Analyst,2,Tier D (Low Relevance / Boutique),P3 - Ad-Hoc
SkillYuvam Academy,1,0,0,0,0,Business Operations / Management Analyst,2,Tier D (Low Relevance / Boutique),P3 - Ad-Hoc
Graystone Capital,1,0,0,0,0,Business Operations / Management Analyst,2,Tier D (Low Relevance / Boutique),P3 - Ad-Hoc
Aayaas Counselling Center,1,0,0,0,0,Business Operations / Management Analyst,2,Tier D (Low Relevance / Boutique),P3 - Ad-Hoc
Kalaari Capital,1,0,0,0,0,Business Operations / Management Analyst,2,Tier D (Low Relevance / Boutique),P3 - Ad-Hoc
Vendorship,1,0,0,0,0,Business Operations / Management Analyst,2,Tier D (Low Relevance / Boutique),P3 - Ad-Hoc
Bajaj Allianz General Insurance,1,0,0,0,0,Business Operations / Management Analyst,2,Tier D (Low Relevance / Boutique),P3 - Ad-Hoc
ProSculpt,1,0,0,0,0,Business Operations / Management Analyst,2,Tier D (Low Relevance / Boutique),P3 - Ad-Hoc
Hindustan Petroleum Corporation Limited,1,0,0,0,0,Business Operations / Management Analyst,2,Tier D (Low Relevance / Boutique),P3 - Ad-Hoc
Sitel Group,1,0,0,0,0,Business Operations / Management Analyst,2,Tier D (Low Relevance / Boutique),P3 - Ad-Hoc
Black Piano,1,0,0,0,0,Business Operations / Management Analyst,2,Tier D (Low Relevance / Boutique),P3 - Ad-Hoc
SHAILJA TEXPRINTS PRIVATE LIMITED,1,0,0,0,0,Business Operations / Management Analyst,2,Tier D (Low Relevance / Boutique),P3 - Ad-Hoc
Arohance - Tech & Marketing,1,0,0,0,0,Business Operations / Management Analyst,2,Tier D (Low Relevance / Boutique),P3 - Ad-Hoc
Safeguard Global,1,0,0,0,0,Business Operations / Management Analyst,2,Tier D (Low Relevance / Boutique),P3 - Ad-Hoc
Societe Generale Securities Services - SGSS,1,0,0,0,0,Business Operations / Management Analyst,2,Tier D (Low Relevance / Boutique),P3 - Ad-Hoc
NobleServe,1,0,0,0,0,Business Operations / Management Analyst,2,Tier D (Low Relevance / Boutique),P3 - Ad-Hoc
The Fishermans wharf and The Red Ginger,1,0,0,0,0,Business Operations / Management Analyst,2,Tier D (Low Relevance / Boutique),P3 - Ad-Hoc
Chelson Gordon Consultancy,1,0,0,0,0,Business Operations / Management Analyst,2,Tier D (Low Relevance / Boutique),P3 - Ad-Hoc
"E-Cell, IIT Bombay",1,0,0,0,0,Business Operations / Management Analyst,2,Tier D (Low Relevance / Boutique),P3 - Ad-Hoc
Kaftanize,1,0,0,0,0,Business Operations / Management Analyst,2,Tier D (Low Relevance / Boutique),P3 - Ad-Hoc
HirePro,1,0,0,0,0,Business Operations / Management Analyst,2,Tier D (Low Relevance / Boutique),P3 - Ad-Hoc
Jeevan Jaagriti Foundation,1,0,0,0,0,Business Operations / Management Analyst,2,Tier D (Low Relevance / Boutique),P3 - Ad-Hoc
KGiSL MicroCollege,1,0,0,0,0,Business Operations / Management Analyst,2,Tier D (Low Relevance / Boutique),P3 - Ad-Hoc
Alpine Apparels Pvt Ltd,1,0,0,0,0,Business Operations / Management Analyst,2,Tier D (Low Relevance / Boutique),P3 - Ad-Hoc
Universal Adventures,1,0,0,0,0,Business Operations / Management Analyst,2,Tier D (Low Relevance / Boutique),P3 - Ad-Hoc
A K Deep And Associates,1,0,0,0,0,Business Operations / Management Analyst,2,Tier D (Low Relevance / Boutique),P3 - Ad-Hoc
VOPAIS,1,0,0,0,0,Business Operations / Management Analyst,2,Tier D (Low Relevance / Boutique),P3 - Ad-Hoc
STUDIOJ,1,0,0,0,0,Business Operations / Management Analyst,2,Tier D (Low Relevance / Boutique),P3 - Ad-Hoc
Mindtickle,1,0,0,0,0,Business Operations / Management Analyst,2,Tier D (Low Relevance / Boutique),P3 - Ad-Hoc
Get My SaaS,1,0,0,0,0,Business Operations / Management Analyst,2,Tier D (Low Relevance / Boutique),P3 - Ad-Hoc
Rao & Emmar,1,0,0,0,0,Business Operations / Management Analyst,2,Tier D (Low Relevance / Boutique),P3 - Ad-Hoc
NayePankh Foundation,1,0,0,0,0,Business Operations / Management Analyst,2,Tier D (Low Relevance / Boutique),P3 - Ad-Hoc
The Residentially,1,0,0,0,0,Business Operations / Management Analyst,2,Tier D (Low Relevance / Boutique),P3 - Ad-Hoc
Sonu Ma'am's Classes,1,0,0,0,0,Business Operations / Management Analyst,2,Tier D (Low Relevance / Boutique),P3 - Ad-Hoc
ClinicSpots,1,0,0,0,0,Business Operations / Management Analyst,2,Tier D (Low Relevance / Boutique),P3 - Ad-Hoc
Airbnb,1,0,0,0,0,Business Operations / Management Analyst,2,Tier D (Low Relevance / Boutique),P3 - Ad-Hoc
"Research Forum, SJCC",1,0,0,0,0,Business Operations / Management Analyst,2,Tier D (Low Relevance / Boutique),P3 - Ad-Hoc
Dreamboat india,1,0,0,0,0,Business Operations / Management Analyst,2,Tier D (Low Relevance / Boutique),P3 - Ad-Hoc
LogicSpice Consultancy Private Ltd.,1,0,0,0,0,Business Operations / Management Analyst,2,Tier D (Low Relevance / Boutique),P3 - Ad-Hoc
CNK & Associates LLP,1,0,0,0,0,Business Operations / Management Analyst,2,Tier D (Low Relevance / Boutique),P3 - Ad-Hoc
Gharabi handicrafts,1,0,0,0,0,Business Operations / Management Analyst,2,Tier D (Low Relevance / Boutique),P3 - Ad-Hoc
Choice International Limited,1,0,0,0,0,Business Operations / Management Analyst,2,Tier D (Low Relevance / Boutique),P3 - Ad-Hoc
HireRight,1,0,0,0,0,Business Operations / Management Analyst,2,Tier D (Low Relevance / Boutique),P3 - Ad-Hoc
TechnoHacks EduTech,1,0,0,0,0,Business Operations / Management Analyst,2,Tier D (Low Relevance / Boutique),P3 - Ad-Hoc
Insight,1,0,0,0,0,Business Operations / Management Analyst,2,Tier D (Low Relevance / Boutique),P3 - Ad-Hoc
RUGR,1,0,0,0,0,Business Operations / Management Analyst,2,Tier D (Low Relevance / Boutique),P3 - Ad-Hoc
Khalsa College For Women,1,0,0,0,0,Business Operations / Management Analyst,2,Tier D (Low Relevance / Boutique),P3 - Ad-Hoc
Nesto Group,1,0,0,0,0,Business Operations / Management Analyst,2,Tier D (Low Relevance / Boutique),P3 - Ad-Hoc
Forvis Mazars Group,1,0,0,0,0,Business Operations / Management Analyst,2,Tier D (Low Relevance / Boutique),P3 - Ad-Hoc
CSM Technologies,1,0,0,0,0,Business Operations / Management Analyst,2,Tier D (Low Relevance / Boutique),P3 - Ad-Hoc
Equivaluesearch,1,0,0,0,0,Business Operations / Management Analyst,2,Tier D (Low Relevance / Boutique),P3 - Ad-Hoc
FOOTASYLUM,1,0,0,0,0,Business Operations / Management Analyst,2,Tier D (Low Relevance / Boutique),P3 - Ad-Hoc
v4c.ai,1,0,0,0,0,Business Operations / Management Analyst,2,Tier D (Low Relevance / Boutique),P3 - Ad-Hoc
Avon Steel Industries (P) Limited,1,0,0,0,0,Business Operations / Management Analyst,2,Tier D (Low Relevance / Boutique),P3 - Ad-Hoc
Marquee Fellowship Program,1,0,0,0,0,Business Operations / Management Analyst,2,Tier D (Low Relevance / Boutique),P3 - Ad-Hoc
Sparrow RMS -EHS | Technology | Engineering | Sustainability | IndustryOS ™,1,0,0,0,0,Business Operations / Management Analyst,2,Tier D (Low Relevance / Boutique),P3 - Ad-Hoc
Old Age Home,1,0,0,0,0,Business Operations / Management Analyst,2,Tier D (Low Relevance / Boutique),P3 - Ad-Hoc
Cygnus Information Solutions Pvt. Ltd.,1,0,0,0,0,Business Operations / Management Analyst,2,Tier D (Low Relevance / Boutique),P3 - Ad-Hoc
Strategic Systems IT Solutions,1,0,0,0,0,Business Operations / Management Analyst,2,Tier D (Low Relevance / Boutique),P3 - Ad-Hoc
Curious Insights,1,0,0,0,0,Business Operations / Management Analyst,2,Tier D (Low Relevance / Boutique),P3 - Ad-Hoc
Manipal Hospitals,1,0,0,0,0,Business Operations / Management Analyst,2,Tier D (Low Relevance / Boutique),P3 - Ad-Hoc
VOIS,1,0,0,0,0,Business Operations / Management Analyst,2,Tier D (Low Relevance / Boutique),P3 - Ad-Hoc
eReleGo Technologies Pvt Ltd (ETPL),1,0,0,0,0,Business Operations / Management Analyst,2,Tier D (Low Relevance / Boutique),P3 - Ad-Hoc
Brookfield Renewable,1,0,0,0,0,Business Operations / Management Analyst,2,Tier D (Low Relevance / Boutique),P3 - Ad-Hoc
Fortune One,1,0,0,0,0,Business Operations / Management Analyst,2,Tier D (Low Relevance / Boutique),P3 - Ad-Hoc
M/s Bagrecha & Singhvi Chartered Accountants,1,0,0,0,0,Business Operations / Management Analyst,2,Tier D (Low Relevance / Boutique),P3 - Ad-Hoc
Global Green Company Limited,1,0,0,0,0,Business Operations / Management Analyst,2,Tier D (Low Relevance / Boutique),P3 - Ad-Hoc
Shop ONline New York,1,0,0,0,0,Business Operations / Management Analyst,2,Tier D (Low Relevance / Boutique),P3 - Ad-Hoc
VKS Computer Services,1,0,0,0,0,Business Operations / Management Analyst,2,Tier D (Low Relevance / Boutique),P3 - Ad-Hoc
Piqit,1,0,0,0,0,Business Operations / Management Analyst,2,Tier D (Low Relevance / Boutique),P3 - Ad-Hoc
ECGC Limited,1,0,0,0,0,Business Operations / Management Analyst,2,Tier D (Low Relevance / Boutique),P3 - Ad-Hoc
Tej Group,1,0,0,0,0,Business Operations / Management Analyst,2,Tier D (Low Relevance / Boutique),P3 - Ad-Hoc
GoodReturns,1,0,0,0,0,Business Operations / Management Analyst,2,Tier D (Low Relevance / Boutique),P3 - Ad-Hoc
"St. Claret College, Autonomous (SCC) Bengaluru",1,0,0,0,0,Business Operations / Management Analyst,2,Tier D (Low Relevance / Boutique),P3 - Ad-Hoc
M.S.Innovations,1,0,0,0,0,Business Operations / Management Analyst,2,Tier D (Low Relevance / Boutique),P3 - Ad-Hoc
Ecom Express Limited,1,0,0,0,0,Business Operations / Management Analyst,2,Tier D (Low Relevance / Boutique),P3 - Ad-Hoc
Bhatia & Bhatia Chartered Accountants,1,0,0,0,0,Business Operations / Management Analyst,2,Tier D (Low Relevance / Boutique),P3 - Ad-Hoc
Kartik Agarwal And Associates LLP,1,0,0,0,0,Business Operations / Management Analyst,2,Tier D (Low Relevance / Boutique),P3 - Ad-Hoc
LG-Honda Battery Company,1,0,0,0,0,Business Operations / Management Analyst,2,Tier D (Low Relevance / Boutique),P3 - Ad-Hoc
CloudThat,1,0,0,0,0,Business Operations / Management Analyst,2,Tier D (Low Relevance / Boutique),P3 - Ad-Hoc
DigiMagnum,1,0,0,0,0,Business Operations / Management Analyst,2,Tier D (Low Relevance / Boutique),P3 - Ad-Hoc
Armstrong Fluid Technology,1,0,0,0,0,Business Operations / Management Analyst,2,Tier D (Low Relevance / Boutique),P3 - Ad-Hoc
FIT PARINDE | QSFS PROGRAM,1,0,0,0,0,Business Operations / Management Analyst,2,Tier D (Low Relevance / Boutique),P3 - Ad-Hoc
Alpha MD,1,0,0,0,0,Business Operations / Management Analyst,2,Tier D (Low Relevance / Boutique),P3 - Ad-Hoc
Community Empowerment Lab (CEL),1,0,0,0,0,Business Operations / Management Analyst,2,Tier D (Low Relevance / Boutique),P3 - Ad-Hoc
Pride Trading Consultancy Private Limited,1,0,0,0,0,Business Operations / Management Analyst,2,Tier D (Low Relevance / Boutique),P3 - Ad-Hoc
UTL Technologies ltd.,1,0,0,0,0,Business Operations / Management Analyst,2,Tier D (Low Relevance / Boutique),P3 - Ad-Hoc
Astrotalk,1,0,0,0,0,Business Operations / Management Analyst,2,Tier D (Low Relevance / Boutique),P3 - Ad-Hoc
Banaras Hindu University,1,0,0,0,0,Business Operations / Management Analyst,2,Tier D (Low Relevance / Boutique),P3 - Ad-Hoc
Divisa Herbals Private Limited,1,0,0,0,0,Business Operations / Management Analyst,2,Tier D (Low Relevance / Boutique),P3 - Ad-Hoc
Abhinav Immigration Services Pvt. Ltd.,1,0,0,0,0,Business Operations / Management Analyst,2,Tier D (Low Relevance / Boutique),P3 - Ad-Hoc
"Astronomy Society, University of Galway",1,0,0,0,0,Business Operations / Management Analyst,2,Tier D (Low Relevance / Boutique),P3 - Ad-Hoc
Career Alpha,1,0,0,0,0,Business Operations / Management Analyst,2,Tier D (Low Relevance / Boutique),P3 - Ad-Hoc
NANOTEST,1,0,0,0,0,Business Operations / Management Analyst,2,Tier D (Low Relevance / Boutique),P3 - Ad-Hoc
Conestoga College,1,0,0,0,0,Business Operations / Management Analyst,2,Tier D (Low Relevance / Boutique),P3 - Ad-Hoc
"Adv. Aditya Kumar, Supreme Court of India",1,0,0,0,0,Business Operations / Management Analyst,2,Tier D (Low Relevance / Boutique),P3 - Ad-Hoc
Lovely Professional University,1,0,0,0,0,Business Operations / Management Analyst,2,Tier D (Low Relevance / Boutique),P3 - Ad-Hoc
Aurigene Oncology Limited,1,0,0,0,0,Business Operations / Management Analyst,2,Tier D (Low Relevance / Boutique),P3 - Ad-Hoc
Self-Employed / Private Tutoring,1,0,0,0,0,Business Operations / Management Analyst,2,Tier D (Low Relevance / Boutique),P3 - Ad-Hoc
CodSoft,1,0,0,0,0,Business Operations / Management Analyst,2,Tier D (Low Relevance / Boutique),P3 - Ad-Hoc
K. Ravi & Associates,1,0,0,0,0,Business Operations / Management Analyst,2,Tier D (Low Relevance / Boutique),P3 - Ad-Hoc
Ice Technology Lab,1,0,0,0,0,Business Operations / Management Analyst,2,Tier D (Low Relevance / Boutique),P3 - Ad-Hoc
Leap,1,0,0,0,0,Business Operations / Management Analyst,2,Tier D (Low Relevance / Boutique),P3 - Ad-Hoc
Bridging Immigrations,1,0,0,0,0,Business Operations / Management Analyst,2,Tier D (Low Relevance / Boutique),P3 - Ad-Hoc
National Institute of Science Education and Research,1,0,0,0,0,Business Operations / Management Analyst,2,Tier D (Low Relevance / Boutique),P3 - Ad-Hoc
Revyu.AI,1,0,0,0,0,Business Operations / Management Analyst,2,Tier D (Low Relevance / Boutique),P3 - Ad-Hoc
Flikt Technology Web Solutions,1,0,0,0,0,Business Operations / Management Analyst,2,Tier D (Low Relevance / Boutique),P3 - Ad-Hoc
Ebani Tech,1,0,0,0,0,Business Operations / Management Analyst,2,Tier D (Low Relevance / Boutique),P3 - Ad-Hoc
ZOVIQ,1,0,0,0,0,Business Operations / Management Analyst,2,Tier D (Low Relevance / Boutique),P3 - Ad-Hoc
M.MANOJKUMAR & CO.,1,0,0,0,0,Business Operations / Management Analyst,2,Tier D (Low Relevance / Boutique),P3 - Ad-Hoc
SLR METALIKS LTD,1,0,0,0,0,Business Operations / Management Analyst,2,Tier D (Low Relevance / Boutique),P3 - Ad-Hoc
Azim Premji Foundation,1,0,0,0,0,Business Operations / Management Analyst,2,Tier D (Low Relevance / Boutique),P3 - Ad-Hoc
Holidays Crowd,1,0,0,0,0,Business Operations / Management Analyst,2,Tier D (Low Relevance / Boutique),P3 - Ad-Hoc
BYJU'S,1,0,0,0,0,Business Operations / Management Analyst,2,Tier D (Low Relevance / Boutique),P3 - Ad-Hoc
The Indian Netizens,1,0,0,0,0,Business Operations / Management Analyst,2,Tier D (Low Relevance / Boutique),P3 - Ad-Hoc
Code Casa,1,0,0,0,0,Business Operations / Management Analyst,2,Tier D (Low Relevance / Boutique),P3 - Ad-Hoc
Travsack,1,0,0,0,0,Business Operations / Management Analyst,2,Tier D (Low Relevance / Boutique),P3 - Ad-Hoc
Little Angels High School,1,0,0,0,0,Business Operations / Management Analyst,2,Tier D (Low Relevance / Boutique),P3 - Ad-Hoc
MKR Techsoft Private Limited,1,0,0,0,0,Business Operations / Management Analyst,2,Tier D (Low Relevance / Boutique),P3 - Ad-Hoc
Annapurna Agro Industries L.L.P.,1,0,0,0,0,Business Operations / Management Analyst,2,Tier D (Low Relevance / Boutique),P3 - Ad-Hoc
Coach,1,0,0,0,0,Business Operations / Management Analyst,2,Tier D (Low Relevance / Boutique),P3 - Ad-Hoc
Rococo Milano | Luxury Furniture and Home Decor Brand,1,0,0,0,0,Business Operations / Management Analyst,2,Tier D (Low Relevance / Boutique),P3 - Ad-Hoc
RBC Global Asset Management,1,0,0,0,0,Business Operations / Management Analyst,2,Tier D (Low Relevance / Boutique),P3 - Ad-Hoc
Aether Automation Inc.,1,0,0,0,0,Business Operations / Management Analyst,2,Tier D (Low Relevance / Boutique),P3 - Ad-Hoc
ZEMA Global Data Corporation,1,0,0,0,0,Business Operations / Management Analyst,2,Tier D (Low Relevance / Boutique),P3 - Ad-Hoc
Government of Odisha,1,0,0,0,0,Business Operations / Management Analyst,2,Tier D (Low Relevance / Boutique),P3 - Ad-Hoc
Priya Events,1,0,0,0,0,Business Operations / Management Analyst,2,Tier D (Low Relevance / Boutique),P3 - Ad-Hoc
None,1,0,0,0,0,Business Operations / Management Analyst,2,Tier D (Low Relevance / Boutique),P3 - Ad-Hoc
Newsreels,1,0,0,0,0,Business Operations / Management Analyst,2,Tier D (Low Relevance / Boutique),P3 - Ad-Hoc
Vrhunec IT Private Limited,1,0,0,0,0,Business Operations / Management Analyst,2,Tier D (Low Relevance / Boutique),P3 - Ad-Hoc
Navchetna Agro Center Producer Company,1,0,0,0,0,Business Operations / Management Analyst,2,Tier D (Low Relevance / Boutique),P3 - Ad-Hoc
Havas India,1,0,0,0,0,Business Operations / Management Analyst,2,Tier D (Low Relevance / Boutique),P3 - Ad-Hoc
SheThePeople.TV,1,0,0,0,0,Business Operations / Management Analyst,2,Tier D (Low Relevance / Boutique),P3 - Ad-Hoc
International Islamic University Malaysia,1,0,0,0,0,Business Operations / Management Analyst,2,Tier D (Low Relevance / Boutique),P3 - Ad-Hoc
RDSolutions India,1,0,0,0,0,Business Operations / Management Analyst,2,Tier D (Low Relevance / Boutique),P3 - Ad-Hoc
Aurous Academy,1,0,0,0,0,Business Operations / Management Analyst,2,Tier D (Low Relevance / Boutique),P3 - Ad-Hoc
Rajni & Associate,1,0,0,0,0,Business Operations / Management Analyst,2,Tier D (Low Relevance / Boutique),P3 - Ad-Hoc
UnitedHealth Group,1,0,0,0,0,Business Operations / Management Analyst,2,Tier D (Low Relevance / Boutique),P3 - Ad-Hoc
IFCI LIMITED,1,0,0,0,0,Business Operations / Management Analyst,2,Tier D (Low Relevance / Boutique),P3 - Ad-Hoc
Indian School of Business,1,0,0,0,0,Business Operations / Management Analyst,2,Tier D (Low Relevance / Boutique),P3 - Ad-Hoc
Azcom Technology,1,0,0,0,0,Business Operations / Management Analyst,2,Tier D (Low Relevance / Boutique),P3 - Ad-Hoc
zeapl.ai,1,0,0,0,0,Business Operations / Management Analyst,2,Tier D (Low Relevance / Boutique),P3 - Ad-Hoc
"SHRI RAM GROUP OF COLLEGES,MUZAFFARNAGAR.",1,0,0,0,0,Business Operations / Management Analyst,2,Tier D (Low Relevance / Boutique),P3 - Ad-Hoc
Hungama,1,0,0,0,0,Business Operations / Management Analyst,2,Tier D (Low Relevance / Boutique),P3 - Ad-Hoc
Shell,1,0,0,0,0,Business Operations / Management Analyst,2,Tier D (Low Relevance / Boutique),P3 - Ad-Hoc
"Dr Pillai Global Academy, Mumbai",1,0,0,0,0,Business Operations / Management Analyst,2,Tier D (Low Relevance / Boutique),P3 - Ad-Hoc
Sports Medicine Research Center,1,0,0,0,0,Business Operations / Management Analyst,2,Tier D (Low Relevance / Boutique),P3 - Ad-Hoc
Orion Conmerx Private Limited,1,0,0,0,0,Business Operations / Management Analyst,2,Tier D (Low Relevance / Boutique),P3 - Ad-Hoc
QShala,1,0,0,0,0,Business Operations / Management Analyst,2,Tier D (Low Relevance / Boutique),P3 - Ad-Hoc
KANCHANJUNGA POWER COMPANY PRIVATE LIMITED,1,0,0,0,0,Business Operations / Management Analyst,2,Tier D (Low Relevance / Boutique),P3 - Ad-Hoc
Nobel India Overseas,1,0,0,0,0,Business Operations / Management Analyst,2,Tier D (Low Relevance / Boutique),P3 - Ad-Hoc
Fazlani International School,1,0,0,0,0,Business Operations / Management Analyst,2,Tier D (Low Relevance / Boutique),P3 - Ad-Hoc
BLS International,1,0,0,0,0,Business Operations / Management Analyst,2,Tier D (Low Relevance / Boutique),P3 - Ad-Hoc
Vahani,1,0,0,0,0,Business Operations / Management Analyst,2,Tier D (Low Relevance / Boutique),P3 - Ad-Hoc
Centre for Development of Telematics (C-DOT),1,0,0,0,0,Business Operations / Management Analyst,2,Tier D (Low Relevance / Boutique),P3 - Ad-Hoc
MIT School of Distance Education,1,0,0,0,0,Business Operations / Management Analyst,2,Tier D (Low Relevance / Boutique),P3 - Ad-Hoc
Navi Creation,1,0,0,0,0,Business Operations / Management Analyst,2,Tier D (Low Relevance / Boutique),P3 - Ad-Hoc
BE YOUR OWN HERO e. V.,1,0,0,0,0,Business Operations / Management Analyst,2,Tier D (Low Relevance / Boutique),P3 - Ad-Hoc
Outline Systems India,1,0,0,0,0,Business Operations / Management Analyst,2,Tier D (Low Relevance / Boutique),P3 - Ad-Hoc
OGAAN INDIA PVT. LTD.,1,0,0,0,0,Business Operations / Management Analyst,2,Tier D (Low Relevance / Boutique),P3 - Ad-Hoc
Adrian Salamat,1,0,0,0,0,Business Operations / Management Analyst,2,Tier D (Low Relevance / Boutique),P3 - Ad-Hoc
Humber College,1,0,0,0,0,Business Operations / Management Analyst,2,Tier D (Low Relevance / Boutique),P3 - Ad-Hoc
Creatnet Services Ltd,1,0,0,0,0,Business Operations / Management Analyst,2,Tier D (Low Relevance / Boutique),P3 - Ad-Hoc
VidyaGyan Leadership Academy,1,0,0,0,0,Business Operations / Management Analyst,2,Tier D (Low Relevance / Boutique),P3 - Ad-Hoc
Methodex Systems Pvt. Ltd.,1,0,0,0,0,Business Operations / Management Analyst,2,Tier D (Low Relevance / Boutique),P3 - Ad-Hoc
DVAG,1,0,0,0,0,Business Operations / Management Analyst,2,Tier D (Low Relevance / Boutique),P3 - Ad-Hoc
KARM Awaaz,1,0,0,0,0,Business Operations / Management Analyst,2,Tier D (Low Relevance / Boutique),P3 - Ad-Hoc
Various Clients,1,0,0,0,0,Business Operations / Management Analyst,2,Tier D (Low Relevance / Boutique),P3 - Ad-Hoc
CIBC,1,0,0,0,0,Business Operations / Management Analyst,2,Tier D (Low Relevance / Boutique),P3 - Ad-Hoc
South Bihar Power Distribution Company Limited,1,0,0,0,0,Business Operations / Management Analyst,2,Tier D (Low Relevance / Boutique),P3 - Ad-Hoc
Deltaware Solution Private limited,1,0,0,0,0,Business Operations / Management Analyst,2,Tier D (Low Relevance / Boutique),P3 - Ad-Hoc
Henkel,1,0,0,0,0,Business Operations / Management Analyst,2,Tier D (Low Relevance / Boutique),P3 - Ad-Hoc
Tenon Group,1,0,0,0,0,Business Operations / Management Analyst,2,Tier D (Low Relevance / Boutique),P3 - Ad-Hoc
Pharmaceutical Invesment Group,1,0,0,0,0,Business Operations / Management Analyst,2,Tier D (Low Relevance / Boutique),P3 - Ad-Hoc
Freelancer- Self employed,1,0,0,0,0,Business Operations / Management Analyst,2,Tier D (Low Relevance / Boutique),P3 - Ad-Hoc
Nestlé,1,0,0,0,0,Business Operations / Management Analyst,2,Tier D (Low Relevance / Boutique),P3 - Ad-Hoc
UNIVO Education,1,0,0,0,0,Business Operations / Management Analyst,2,Tier D (Low Relevance / Boutique),P3 - Ad-Hoc
The Quick Company,1,0,0,0,0,Business Operations / Management Analyst,2,Tier D (Low Relevance / Boutique),P3 - Ad-Hoc
The Spanish Vibe,1,0,0,0,0,Business Operations / Management Analyst,2,Tier D (Low Relevance / Boutique),P3 - Ad-Hoc
BIOTRONIK,1,0,0,0,0,Business Operations / Management Analyst,2,Tier D (Low Relevance / Boutique),P3 - Ad-Hoc
Seth M. R. Jaipuria Schools,1,0,0,0,0,Business Operations / Management Analyst,2,Tier D (Low Relevance / Boutique),P3 - Ad-Hoc
AMZ Deuschland N16 Trans GmbH,1,0,0,0,0,Business Operations / Management Analyst,2,Tier D (Low Relevance / Boutique),P3 - Ad-Hoc
Lartisan Products,1,0,0,0,0,Business Operations / Management Analyst,2,Tier D (Low Relevance / Boutique),P3 - Ad-Hoc
Skeleton Technologies,1,0,0,0,0,Business Operations / Management Analyst,2,Tier D (Low Relevance / Boutique),P3 - Ad-Hoc
Toddle - Your Teaching Partner,1,0,0,0,0,Business Operations / Management Analyst,2,Tier D (Low Relevance / Boutique),P3 - Ad-Hoc
HÖRMANN Gruppe,1,0,0,0,0,Business Operations / Management Analyst,2,Tier D (Low Relevance / Boutique),P3 - Ad-Hoc
Jaipur National University,1,0,0,0,0,Business Operations / Management Analyst,2,Tier D (Low Relevance / Boutique),P3 - Ad-Hoc
BDO Germany,1,0,0,0,0,Business Operations / Management Analyst,2,Tier D (Low Relevance / Boutique),P3 - Ad-Hoc
Komunikon,1,0,0,0,0,Business Operations / Management Analyst,2,Tier D (Low Relevance / Boutique),P3 - Ad-Hoc
Skill-Up Technologies,1,0,0,0,0,Business Operations / Management Analyst,2,Tier D (Low Relevance / Boutique),P3 - Ad-Hoc
360 ONE,1,0,0,0,0,Business Operations / Management Analyst,2,Tier D (Low Relevance / Boutique),P3 - Ad-Hoc
ALTEN India,1,0,0,0,0,Business Operations / Management Analyst,2,Tier D (Low Relevance / Boutique),P3 - Ad-Hoc
Jupiter Hospitality,1,0,0,0,0,Business Operations / Management Analyst,2,Tier D (Low Relevance / Boutique),P3 - Ad-Hoc
Amagi,1,0,0,0,0,Business Operations / Management Analyst,2,Tier D (Low Relevance / Boutique),P3 - Ad-Hoc
Blush By Aasya,1,0,0,0,0,Business Operations / Management Analyst,2,Tier D (Low Relevance / Boutique),P3 - Ad-Hoc
Emberquest,1,0,0,0,0,Business Operations / Management Analyst,2,Tier D (Low Relevance / Boutique),P3 - Ad-Hoc
ZINIA Business Solutions Pvt. Ltd.,1,0,0,0,0,Business Operations / Management Analyst,2,Tier D (Low Relevance / Boutique),P3 - Ad-Hoc
sri mahalakshmi education trust,1,0,0,0,0,Business Operations / Management Analyst,2,Tier D (Low Relevance / Boutique),P3 - Ad-Hoc
iQGateway,1,0,0,0,0,Business Operations / Management Analyst,2,Tier D (Low Relevance / Boutique),P3 - Ad-Hoc
TATA MEMORIAL HOSPITAL,1,0,0,0,0,Business Operations / Management Analyst,2,Tier D (Low Relevance / Boutique),P3 - Ad-Hoc
Besant Technologies BTM Layout,1,0,0,0,0,Business Operations / Management Analyst,2,Tier D (Low Relevance / Boutique),P3 - Ad-Hoc
Figuring Out Media & Education,1,0,0,0,0,Business Operations / Management Analyst,2,Tier D (Low Relevance / Boutique),P3 - Ad-Hoc
Ashwas Mental Health,1,0,0,0,0,Business Operations / Management Analyst,2,Tier D (Low Relevance / Boutique),P3 - Ad-Hoc
Toyota Automated Logistics,1,0,0,0,0,Business Operations / Management Analyst,2,Tier D (Low Relevance / Boutique),P3 - Ad-Hoc
The Teen Tribune,1,0,0,0,0,Business Operations / Management Analyst,2,Tier D (Low Relevance / Boutique),P3 - Ad-Hoc
RSJ Inspection®,1,0,0,0,0,Business Operations / Management Analyst,2,Tier D (Low Relevance / Boutique),P3 - Ad-Hoc
Fortis Hospital Bannerughatta Road,1,0,0,0,0,Business Operations / Management Analyst,2,Tier D (Low Relevance / Boutique),P3 - Ad-Hoc
Growth Infi,1,0,0,0,0,Business Operations / Management Analyst,2,Tier D (Low Relevance / Boutique),P3 - Ad-Hoc
Fabits,1,0,0,0,0,Business Operations / Management Analyst,2,Tier D (Low Relevance / Boutique),P3 - Ad-Hoc
IEEE India Philanthropy,1,0,0,0,0,Business Operations / Management Analyst,2,Tier D (Low Relevance / Boutique),P3 - Ad-Hoc
IDYIA,1,0,0,0,0,Business Operations / Management Analyst,2,Tier D (Low Relevance / Boutique),P3 - Ad-Hoc
Binks,1,0,0,0,0,Business Operations / Management Analyst,2,Tier D (Low Relevance / Boutique),P3 - Ad-Hoc
Fresher,1,0,0,0,0,Business Operations / Management Analyst,2,Tier D (Low Relevance / Boutique),P3 - Ad-Hoc
Gladful,1,0,0,0,0,Business Operations / Management Analyst,2,Tier D (Low Relevance / Boutique),P3 - Ad-Hoc
Dassault Systemes Solutions Ltd.,1,0,0,0,0,Business Operations / Management Analyst,2,Tier D (Low Relevance / Boutique),P3 - Ad-Hoc
jaro education,1,0,0,0,0,Business Operations / Management Analyst,2,Tier D (Low Relevance / Boutique),P3 - Ad-Hoc
LimelightIT Research Pvt Ltd,1,0,0,0,0,Business Operations / Management Analyst,2,Tier D (Low Relevance / Boutique),P3 - Ad-Hoc
Verity Knowledge Solutions Pvt. Ltd.,1,0,0,0,0,Business Operations / Management Analyst,2,Tier D (Low Relevance / Boutique),P3 - Ad-Hoc
Ventura Workforce Solutions,1,0,0,0,0,Business Operations / Management Analyst,2,Tier D (Low Relevance / Boutique),P3 - Ad-Hoc
whitespaces.ai,1,0,0,0,0,Business Operations / Management Analyst,2,Tier D (Low Relevance / Boutique),P3 - Ad-Hoc
CLOVER CONNECT,1,0,0,0,0,Business Operations / Management Analyst,2,Tier D (Low Relevance / Boutique),P3 - Ad-Hoc
ISEG Foundation,1,0,0,0,0,Business Operations / Management Analyst,2,Tier D (Low Relevance / Boutique),P3 - Ad-Hoc
Würfel,1,0,0,0,0,Business Operations / Management Analyst,2,Tier D (Low Relevance / Boutique),P3 - Ad-Hoc
Sophia Girls Senior Secondary School,1,0,0,0,0,Business Operations / Management Analyst,2,Tier D (Low Relevance / Boutique),P3 - Ad-Hoc
Central Forensic Science Laboratory,1,0,0,0,0,Business Operations / Management Analyst,2,Tier D (Low Relevance / Boutique),P3 - Ad-Hoc
On Manorama,1,0,0,0,0,Business Operations / Management Analyst,2,Tier D (Low Relevance / Boutique),P3 - Ad-Hoc
Chartwells Higher Education Dining Services,1,0,0,0,0,Business Operations / Management Analyst,2,Tier D (Low Relevance / Boutique),P3 - Ad-Hoc
Water Resources Department,1,0,0,0,0,Business Operations / Management Analyst,2,Tier D (Low Relevance / Boutique),P3 - Ad-Hoc
Jstclick,1,0,0,0,0,Business Operations / Management Analyst,2,Tier D (Low Relevance / Boutique),P3 - Ad-Hoc
Finlatics,1,0,0,0,0,Business Operations / Management Analyst,2,Tier D (Low Relevance / Boutique),P3 - Ad-Hoc
DQI Technology Lab Private Limited,1,0,0,0,0,Business Operations / Management Analyst,2,Tier D (Low Relevance / Boutique),P3 - Ad-Hoc
Meinhardt EPCM (India) Private Limited,1,0,0,0,0,Business Operations / Management Analyst,2,Tier D (Low Relevance / Boutique),P3 - Ad-Hoc
KBros Aristo Pvt Ltd,1,0,0,0,0,Business Operations / Management Analyst,2,Tier D (Low Relevance / Boutique),P3 - Ad-Hoc
Appify,1,0,0,0,0,Business Operations / Management Analyst,2,Tier D (Low Relevance / Boutique),P3 - Ad-Hoc
Circle13,1,0,0,0,0,Business Operations / Management Analyst,2,Tier D (Low Relevance / Boutique),P3 - Ad-Hoc
Inventeron Technologies,1,0,0,0,0,Business Operations / Management Analyst,2,Tier D (Low Relevance / Boutique),P3 - Ad-Hoc
PARACHEM PHARMACEUTICAL PRIVATE LIMITED,1,0,0,0,0,Business Operations / Management Analyst,2,Tier D (Low Relevance / Boutique),P3 - Ad-Hoc
Yantrove club,1,0,0,0,0,Business Operations / Management Analyst,2,Tier D (Low Relevance / Boutique),P3 - Ad-Hoc
Fitelo,1,0,0,0,0,Business Operations / Management Analyst,2,Tier D (Low Relevance / Boutique),P3 - Ad-Hoc
Lonza Netherlands B.V.,1,0,0,0,0,Business Operations / Management Analyst,2,Tier D (Low Relevance / Boutique),P3 - Ad-Hoc
Yuva Intern by Henry Harvin,1,0,0,0,0,Business Operations / Management Analyst,2,Tier D (Low Relevance / Boutique),P3 - Ad-Hoc
Market Forces,1,0,0,0,0,Business Operations / Management Analyst,2,Tier D (Low Relevance / Boutique),P3 - Ad-Hoc
The White Walls_Interiors,1,0,0,0,0,Business Operations / Management Analyst,2,Tier D (Low Relevance / Boutique),P3 - Ad-Hoc
Hanto,1,0,0,0,0,Business Operations / Management Analyst,2,Tier D (Low Relevance / Boutique),P3 - Ad-Hoc
Nokia Solutions and Networks,1,0,0,0,0,Business Operations / Management Analyst,2,Tier D (Low Relevance / Boutique),P3 - Ad-Hoc
Angel Investor,1,0,0,0,0,Business Operations / Management Analyst,2,Tier D (Low Relevance / Boutique),P3 - Ad-Hoc
Shrishtidesigns' & associates,1,0,0,0,0,Business Operations / Management Analyst,2,Tier D (Low Relevance / Boutique),P3 - Ad-Hoc
Design Cafe,1,0,0,0,0,Business Operations / Management Analyst,2,Tier D (Low Relevance / Boutique),P3 - Ad-Hoc
IPExcel,1,0,0,0,0,Business Operations / Management Analyst,2,Tier D (Low Relevance / Boutique),P3 - Ad-Hoc
Live space,1,0,0,0,0,Business Operations / Management Analyst,2,Tier D (Low Relevance / Boutique),P3 - Ad-Hoc
Aarna Tech Solutions,1,0,0,0,0,Business Operations / Management Analyst,2,Tier D (Low Relevance / Boutique),P3 - Ad-Hoc
Office Hours,1,0,0,0,0,Business Operations / Management Analyst,2,Tier D (Low Relevance / Boutique),P3 - Ad-Hoc
AGRIM,1,0,0,0,0,Business Operations / Management Analyst,2,Tier D (Low Relevance / Boutique),P3 - Ad-Hoc
Dayananda Sagar University- DSU,1,0,0,0,0,Business Operations / Management Analyst,2,Tier D (Low Relevance / Boutique),P3 - Ad-Hoc
AMITY University Gurgaon,1,0,0,0,0,Business Operations / Management Analyst,2,Tier D (Low Relevance / Boutique),P3 - Ad-Hoc
NatWest Commercial and Institutional,1,0,0,0,0,Business Operations / Management Analyst,2,Tier D (Low Relevance / Boutique),P3 - Ad-Hoc
"Blind People's Association, India",1,0,0,0,0,Business Operations / Management Analyst,2,Tier D (Low Relevance / Boutique),P3 - Ad-Hoc
Biocon,1,0,0,0,0,Business Operations / Management Analyst,2,Tier D (Low Relevance / Boutique),P3 - Ad-Hoc
Orion Edutech Pvt. Ltd.,1,0,0,0,0,Business Operations / Management Analyst,2,Tier D (Low Relevance / Boutique),P3 - Ad-Hoc
ANG Manpower Solutions Pvt Ltd,1,0,0,0,0,Business Operations / Management Analyst,2,Tier D (Low Relevance / Boutique),P3 - Ad-Hoc
Cochin Port Authority,1,0,0,0,0,Business Operations / Management Analyst,2,Tier D (Low Relevance / Boutique),P3 - Ad-Hoc
Skill Kafe,1,0,0,0,0,Business Operations / Management Analyst,2,Tier D (Low Relevance / Boutique),P3 - Ad-Hoc
Yash Physiotherapy and Sports Injury Clinic,1,0,0,0,0,Business Operations / Management Analyst,2,Tier D (Low Relevance / Boutique),P3 - Ad-Hoc
Nilons Enterprises Pvt Ltd,1,0,0,0,0,Business Operations / Management Analyst,2,Tier D (Low Relevance / Boutique),P3 - Ad-Hoc
"Oaktree Capital Management, L.P.",1,0,0,0,0,Business Operations / Management Analyst,2,Tier D (Low Relevance / Boutique),P3 - Ad-Hoc
METRO Wholesale India,1,0,0,0,0,Business Operations / Management Analyst,2,Tier D (Low Relevance / Boutique),P3 - Ad-Hoc
RBK Technologies Limited,1,0,0,0,0,Business Operations / Management Analyst,2,Tier D (Low Relevance / Boutique),P3 - Ad-Hoc
The Headlines Studio,1,0,0,0,0,Business Operations / Management Analyst,2,Tier D (Low Relevance / Boutique),P3 - Ad-Hoc
New Relic,1,0,0,0,0,Business Operations / Management Analyst,2,Tier D (Low Relevance / Boutique),P3 - Ad-Hoc
IDeA World Design College,1,0,0,0,0,Business Operations / Management Analyst,2,Tier D (Low Relevance / Boutique),P3 - Ad-Hoc
iCell- Christ University,1,0,0,0,0,Business Operations / Management Analyst,2,Tier D (Low Relevance / Boutique),P3 - Ad-Hoc
Orchids The International School – CBSE (Fulltime),1,0,0,0,0,Business Operations / Management Analyst,2,Tier D (Low Relevance / Boutique),P3 - Ad-Hoc
ASPR & Co.,1,0,0,0,0,Business Operations / Management Analyst,2,Tier D (Low Relevance / Boutique),P3 - Ad-Hoc
Vymo,1,0,0,0,0,Business Operations / Management Analyst,2,Tier D (Low Relevance / Boutique),P3 - Ad-Hoc
Cambridge Montessori Preschool and Daycare,1,0,0,0,0,Business Operations / Management Analyst,2,Tier D (Low Relevance / Boutique),P3 - Ad-Hoc
That Other Agency,1,0,0,0,0,Business Operations / Management Analyst,2,Tier D (Low Relevance / Boutique),P3 - Ad-Hoc
Integrated Maritime Exchange (IME),1,0,0,0,0,Business Operations / Management Analyst,2,Tier D (Low Relevance / Boutique),P3 - Ad-Hoc
Jetstar Airways,1,0,0,0,0,Business Operations / Management Analyst,2,Tier D (Low Relevance / Boutique),P3 - Ad-Hoc
Eat App,1,0,0,0,0,Business Operations / Management Analyst,2,Tier D (Low Relevance / Boutique),P3 - Ad-Hoc
Ati Robotics,1,0,0,0,0,Business Operations / Management Analyst,2,Tier D (Low Relevance / Boutique),P3 - Ad-Hoc
Liverpool Football Club,1,0,0,0,0,Business Operations / Management Analyst,2,Tier D (Low Relevance / Boutique),P3 - Ad-Hoc
IG Drones,1,0,0,0,0,Business Operations / Management Analyst,2,Tier D (Low Relevance / Boutique),P3 - Ad-Hoc
Stevens Institute of Technology,1,0,0,0,0,Business Operations / Management Analyst,2,Tier D (Low Relevance / Boutique),P3 - Ad-Hoc
Volvo Group,1,0,0,0,0,Business Operations / Management Analyst,2,Tier D (Low Relevance / Boutique),P3 - Ad-Hoc
CyberMedia,1,0,0,0,0,Business Operations / Management Analyst,2,Tier D (Low Relevance / Boutique),P3 - Ad-Hoc
M. S. RAMAIAH UNIVERSITY OF APPLIED SCIENCES,1,0,0,0,0,Business Operations / Management Analyst,2,Tier D (Low Relevance / Boutique),P3 - Ad-Hoc
MantraCare,1,0,0,0,0,Business Operations / Management Analyst,2,Tier D (Low Relevance / Boutique),P3 - Ad-Hoc
Studely,1,0,0,0,0,Business Operations / Management Analyst,2,Tier D (Low Relevance / Boutique),P3 - Ad-Hoc
Kurt Geiger,1,0,0,0,0,Business Operations / Management Analyst,2,Tier D (Low Relevance / Boutique),P3 - Ad-Hoc
EvolveNow Media,1,0,0,0,0,Business Operations / Management Analyst,2,Tier D (Low Relevance / Boutique),P3 - Ad-Hoc
APT Study,1,0,0,0,0,Business Operations / Management Analyst,2,Tier D (Low Relevance / Boutique),P3 - Ad-Hoc
Chiratae Ventures,1,0,0,0,0,Business Operations / Management Analyst,2,Tier D (Low Relevance / Boutique),P3 - Ad-Hoc
Neurealm,1,0,0,0,0,Business Operations / Management Analyst,2,Tier D (Low Relevance / Boutique),P3 - Ad-Hoc
Social Matters,1,0,0,0,0,Business Operations / Management Analyst,2,Tier D (Low Relevance / Boutique),P3 - Ad-Hoc
NUTRACHOCO,1,0,0,0,0,Business Operations / Management Analyst,2,Tier D (Low Relevance / Boutique),P3 - Ad-Hoc
Premji Invest,1,0,0,0,0,Business Operations / Management Analyst,2,Tier D (Low Relevance / Boutique),P3 - Ad-Hoc
Ofris,1,0,0,0,0,Business Operations / Management Analyst,2,Tier D (Low Relevance / Boutique),P3 - Ad-Hoc
Bharathidasan Institute of Management Tiruchirapalli,1,0,0,0,0,Business Operations / Management Analyst,2,Tier D (Low Relevance / Boutique),P3 - Ad-Hoc
NAB,1,0,0,0,0,Business Operations / Management Analyst,2,Tier D (Low Relevance / Boutique),P3 - Ad-Hoc
Kachrewaale,1,0,0,0,0,Business Operations / Management Analyst,2,Tier D (Low Relevance / Boutique),P3 - Ad-Hoc
Siva Complete Solutions Pvt Ltd,1,0,0,0,0,Business Operations / Management Analyst,2,Tier D (Low Relevance / Boutique),P3 - Ad-Hoc
iQue Ventures,1,0,0,0,0,Business Operations / Management Analyst,2,Tier D (Low Relevance / Boutique),P3 - Ad-Hoc
Paperchase Accountancy (GDC),1,0,0,0,0,Business Operations / Management Analyst,2,Tier D (Low Relevance / Boutique),P3 - Ad-Hoc
"Trinetra forensic science laboratory , Andhrapradesh forensic science laboratory (APFSL)",1,0,0,0,0,Business Operations / Management Analyst,2,Tier D (Low Relevance / Boutique),P3 - Ad-Hoc
Pleasanton Letter Exchange Program,1,0,0,0,0,Business Operations / Management Analyst,2,Tier D (Low Relevance / Boutique),P3 - Ad-Hoc
Wimera Systems,1,0,0,0,0,Business Operations / Management Analyst,2,Tier D (Low Relevance / Boutique),P3 - Ad-Hoc
HR'O'HOUR,1,0,0,0,0,Business Operations / Management Analyst,2,Tier D (Low Relevance / Boutique),P3 - Ad-Hoc
"GOPIZZA INDIA, Gochujang and Dalkomi",1,0,0,0,0,Business Operations / Management Analyst,2,Tier D (Low Relevance / Boutique),P3 - Ad-Hoc
AidenAI,1,0,0,0,0,Business Operations / Management Analyst,2,Tier D (Low Relevance / Boutique),P3 - Ad-Hoc
EMENTORA ED TECH,1,0,0,0,0,Business Operations / Management Analyst,2,Tier D (Low Relevance / Boutique),P3 - Ad-Hoc
India Post Payments Bank,1,0,0,0,0,Business Operations / Management Analyst,2,Tier D (Low Relevance / Boutique),P3 - Ad-Hoc
marty martin,1,0,0,0,0,Business Operations / Management Analyst,2,Tier D (Low Relevance / Boutique),P3 - Ad-Hoc
Khel Now,1,0,0,0,0,Business Operations / Management Analyst,2,Tier D (Low Relevance / Boutique),P3 - Ad-Hoc
Pinkseams private limited,1,0,0,0,0,Business Operations / Management Analyst,2,Tier D (Low Relevance / Boutique),P3 - Ad-Hoc
GroomYourGram,1,0,0,0,0,Business Operations / Management Analyst,2,Tier D (Low Relevance / Boutique),P3 - Ad-Hoc
Confluent,1,0,0,0,0,Business Operations / Management Analyst,2,Tier D (Low Relevance / Boutique),P3 - Ad-Hoc
Business Consulting and Services,1,0,0,0,0,Business Operations / Management Analyst,2,Tier D (Low Relevance / Boutique),P3 - Ad-Hoc
Monaqo,1,0,0,0,0,Business Operations / Management Analyst,2,Tier D (Low Relevance / Boutique),P3 - Ad-Hoc
Hitachi Rail,1,0,0,0,0,Business Operations / Management Analyst,2,Tier D (Low Relevance / Boutique),P3 - Ad-Hoc
Keltron Knowledge Centre,1,0,0,0,0,Business Operations / Management Analyst,2,Tier D (Low Relevance / Boutique),P3 - Ad-Hoc
myG,1,0,0,0,0,Business Operations / Management Analyst,2,Tier D (Low Relevance / Boutique),P3 - Ad-Hoc
Quest for Success,1,0,0,0,0,Business Operations / Management Analyst,2,Tier D (Low Relevance / Boutique),P3 - Ad-Hoc
The Lalit Ashok Hotel (Bangalore),1,0,0,0,0,Business Operations / Management Analyst,2,Tier D (Low Relevance / Boutique),P3 - Ad-Hoc
Rewa Infotech Solutions Pvt. Ltd.,1,0,0,0,0,Business Operations / Management Analyst,2,Tier D (Low Relevance / Boutique),P3 - Ad-Hoc
Tacterial consulting,1,0,0,0,0,Business Operations / Management Analyst,2,Tier D (Low Relevance / Boutique),P3 - Ad-Hoc
Swethan Consulting,1,0,0,0,0,Business Operations / Management Analyst,2,Tier D (Low Relevance / Boutique),P3 - Ad-Hoc
Nesta Women's Care,1,0,0,0,0,Business Operations / Management Analyst,2,Tier D (Low Relevance / Boutique),P3 - Ad-Hoc
KARISHMA MARINE SOLUTIONS PRIVATE LIMITED,1,0,0,0,0,Business Operations / Management Analyst,2,Tier D (Low Relevance / Boutique),P3 - Ad-Hoc
Ingenious-tech world,1,0,0,0,0,Business Operations / Management Analyst,2,Tier D (Low Relevance / Boutique),P3 - Ad-Hoc
Finology (The Finance Club),1,0,0,0,0,Business Operations / Management Analyst,2,Tier D (Low Relevance / Boutique),P3 - Ad-Hoc
Robb Report India,1,0,0,0,0,Business Operations / Management Analyst,2,Tier D (Low Relevance / Boutique),P3 - Ad-Hoc
Heart and Vascular SuperSpeciality Hospitals,1,0,0,0,0,Business Operations / Management Analyst,2,Tier D (Low Relevance / Boutique),P3 - Ad-Hoc
Celegence,1,0,0,0,0,Business Operations / Management Analyst,2,Tier D (Low Relevance / Boutique),P3 - Ad-Hoc
Famous Innovations,1,0,0,0,0,Business Operations / Management Analyst,2,Tier D (Low Relevance / Boutique),P3 - Ad-Hoc
BRANDBOX LABS PRIVATE LIMITED,1,0,0,0,0,Business Operations / Management Analyst,2,Tier D (Low Relevance / Boutique),P3 - Ad-Hoc
Zaalima Development,1,0,0,0,0,Business Operations / Management Analyst,2,Tier D (Low Relevance / Boutique),P3 - Ad-Hoc
Daikin Airconditioning India Pvt. Ltd.,1,0,0,0,0,Business Operations / Management Analyst,2,Tier D (Low Relevance / Boutique),P3 - Ad-Hoc
Seed Heritage,1,0,0,0,0,Business Operations / Management Analyst,2,Tier D (Low Relevance / Boutique),P3 - Ad-Hoc
CeADAR Ireland,1,0,0,0,0,Business Operations / Management Analyst,2,Tier D (Low Relevance / Boutique),P3 - Ad-Hoc
FMI - Field Management,1,0,0,0,0,Business Operations / Management Analyst,2,Tier D (Low Relevance / Boutique),P3 - Ad-Hoc
Wipro Infrastructure Engineering (WIN),1,0,0,0,0,Business Operations / Management Analyst,2,Tier D (Low Relevance / Boutique),P3 - Ad-Hoc
Metatech | Digital Marketing Agency,1,0,0,0,0,Business Operations / Management Analyst,2,Tier D (Low Relevance / Boutique),P3 - Ad-Hoc
eVidyaloka Trust,1,0,0,0,0,Business Operations / Management Analyst,2,Tier D (Low Relevance / Boutique),P3 - Ad-Hoc
Allianz Technology,1,0,0,0,0,Business Operations / Management Analyst,2,Tier D (Low Relevance / Boutique),P3 - Ad-Hoc
Unum Ireland,1,0,0,0,0,Business Operations / Management Analyst,2,Tier D (Low Relevance / Boutique),P3 - Ad-Hoc
MASS Reports,1,0,0,0,0,Business Operations / Management Analyst,2,Tier D (Low Relevance / Boutique),P3 - Ad-Hoc
Vee Technologies,1,0,0,0,0,Business Operations / Management Analyst,2,Tier D (Low Relevance / Boutique),P3 - Ad-Hoc
Realty Smartz Pvt Ltd,1,0,0,0,0,Business Operations / Management Analyst,2,Tier D (Low Relevance / Boutique),P3 - Ad-Hoc
Additional Director General of Police (Social justice & Human rights),1,0,0,0,0,Business Operations / Management Analyst,2,Tier D (Low Relevance / Boutique),P3 - Ad-Hoc
Zenbundle,1,0,0,0,0,Business Operations / Management Analyst,2,Tier D (Low Relevance / Boutique),P3 - Ad-Hoc
ZesCorp Technologies,1,0,0,0,0,Business Operations / Management Analyst,2,Tier D (Low Relevance / Boutique),P3 - Ad-Hoc
Prepzee Learning Solutions Pvt Ltd,1,0,0,0,0,Business Operations / Management Analyst,2,Tier D (Low Relevance / Boutique),P3 - Ad-Hoc
Walkout,1,0,0,0,0,Business Operations / Management Analyst,2,Tier D (Low Relevance / Boutique),P3 - Ad-Hoc
James Whelan Butchers,1,0,0,0,0,Business Operations / Management Analyst,2,Tier D (Low Relevance / Boutique),P3 - Ad-Hoc
RateGain,1,0,0,0,0,Business Operations / Management Analyst,2,Tier D (Low Relevance / Boutique),P3 - Ad-Hoc
TrustPoint Finance,1,0,0,0,0,Business Operations / Management Analyst,2,Tier D (Low Relevance / Boutique),P3 - Ad-Hoc
Medhavi Skills University,1,0,0,0,0,Business Operations / Management Analyst,2,Tier D (Low Relevance / Boutique),P3 - Ad-Hoc
VitalEdge Technologies,1,0,0,0,0,Business Operations / Management Analyst,2,Tier D (Low Relevance / Boutique),P3 - Ad-Hoc
Jaipur Rugs,1,0,0,0,0,Business Operations / Management Analyst,2,Tier D (Low Relevance / Boutique),P3 - Ad-Hoc
Catalyst,1,0,0,0,0,Business Operations / Management Analyst,2,Tier D (Low Relevance / Boutique),P3 - Ad-Hoc
My Friday,1,0,0,0,0,Business Operations / Management Analyst,2,Tier D (Low Relevance / Boutique),P3 - Ad-Hoc
"High Court, Calcutta",1,0,0,0,0,Business Operations / Management Analyst,2,Tier D (Low Relevance / Boutique),P3 - Ad-Hoc
Undergraduate Learning Assistant Program at UCLA,1,0,0,0,0,Business Operations / Management Analyst,2,Tier D (Low Relevance / Boutique),P3 - Ad-Hoc
Apave,1,0,0,0,0,Business Operations / Management Analyst,2,Tier D (Low Relevance / Boutique),P3 - Ad-Hoc
Paper Ball Educational Innovation,1,0,0,0,0,Business Operations / Management Analyst,2,Tier D (Low Relevance / Boutique),P3 - Ad-Hoc
Unosecur,1,0,0,0,0,Business Operations / Management Analyst,2,Tier D (Low Relevance / Boutique),P3 - Ad-Hoc
Median Research & Consulting Pvt. Ltd,1,0,0,0,0,Business Operations / Management Analyst,2,Tier D (Low Relevance / Boutique),P3 - Ad-Hoc
Fathimabi Memorial HSS Koombara,1,0,0,0,0,Business Operations / Management Analyst,2,Tier D (Low Relevance / Boutique),P3 - Ad-Hoc
"Elite IIT, Bengaluru",1,0,0,0,0,Business Operations / Management Analyst,2,Tier D (Low Relevance / Boutique),P3 - Ad-Hoc
SWITCH,1,0,0,0,0,Business Operations / Management Analyst,2,Tier D (Low Relevance / Boutique),P3 - Ad-Hoc
nineDots.io,1,0,0,0,0,Business Operations / Management Analyst,2,Tier D (Low Relevance / Boutique),P3 - Ad-Hoc
Axis Consultants,1,0,0,0,0,Business Operations / Management Analyst,2,Tier D (Low Relevance / Boutique),P3 - Ad-Hoc
Marcus Evans Group,1,0,0,0,0,Business Operations / Management Analyst,2,Tier D (Low Relevance / Boutique),P3 - Ad-Hoc
Unemployed at this time,1,0,0,0,0,Business Operations / Management Analyst,2,Tier D (Low Relevance / Boutique),P3 - Ad-Hoc
Think Design Collaborative,1,0,0,0,0,Business Operations / Management Analyst,2,Tier D (Low Relevance / Boutique),P3 - Ad-Hoc
The Social Lions,1,0,0,0,0,Business Operations / Management Analyst,2,Tier D (Low Relevance / Boutique),P3 - Ad-Hoc
NITI Aayog,1,0,0,0,0,Business Operations / Management Analyst,2,Tier D (Low Relevance / Boutique),P3 - Ad-Hoc
mannchow,1,0,0,0,0,Business Operations / Management Analyst,2,Tier D (Low Relevance / Boutique),P3 - Ad-Hoc
The Walsons Group [Official Company Page],1,0,0,0,0,Business Operations / Management Analyst,2,Tier D (Low Relevance / Boutique),P3 - Ad-Hoc
Good Start CDC,1,0,0,0,0,Business Operations / Management Analyst,2,Tier D (Low Relevance / Boutique),P3 - Ad-Hoc
bigtec Private Limited,1,0,0,0,0,Business Operations / Management Analyst,2,Tier D (Low Relevance / Boutique),P3 - Ad-Hoc
Studio772,1,0,0,0,0,Business Operations / Management Analyst,2,Tier D (Low Relevance / Boutique),P3 - Ad-Hoc
CA Gunja Dalal & Co.,1,0,0,0,0,Business Operations / Management Analyst,2,Tier D (Low Relevance / Boutique),P3 - Ad-Hoc
Gunvatta Gurukul,1,0,0,0,0,Business Operations / Management Analyst,2,Tier D (Low Relevance / Boutique),P3 - Ad-Hoc
Department of Media Studies CHRIST (Deemed to be University) Bangalore Yeshwanthpur Campus,1,0,0,0,0,Business Operations / Management Analyst,2,Tier D (Low Relevance / Boutique),P3 - Ad-Hoc
Ahmedabad University,1,0,0,0,0,Business Operations / Management Analyst,2,Tier D (Low Relevance / Boutique),P3 - Ad-Hoc
Solvitude Solutions Private Limited,1,0,0,0,0,Business Operations / Management Analyst,2,Tier D (Low Relevance / Boutique),P3 - Ad-Hoc
Under25,1,0,0,0,0,Business Operations / Management Analyst,2,Tier D (Low Relevance / Boutique),P3 - Ad-Hoc
UnlockDiscounts,1,0,0,0,0,Business Operations / Management Analyst,2,Tier D (Low Relevance / Boutique),P3 - Ad-Hoc
De Montfort University Dubai,1,0,0,0,0,Business Operations / Management Analyst,2,Tier D (Low Relevance / Boutique),P3 - Ad-Hoc
Zai Fashion Private Limited,1,0,0,0,0,Business Operations / Management Analyst,2,Tier D (Low Relevance / Boutique),P3 - Ad-Hoc
Real Estate company,1,0,0,0,0,Business Operations / Management Analyst,2,Tier D (Low Relevance / Boutique),P3 - Ad-Hoc
Mars,1,0,0,0,0,Business Operations / Management Analyst,2,Tier D (Low Relevance / Boutique),P3 - Ad-Hoc
LINCHPIN SOFT SOLUTIONS PRIVATE LIMITED,1,0,0,0,0,Business Operations / Management Analyst,2,Tier D (Low Relevance / Boutique),P3 - Ad-Hoc
"Regional Institute of Education (A Constituent Unit of NCERT, New Delhi), Bhopal, India",1,0,0,0,0,Business Operations / Management Analyst,2,Tier D (Low Relevance / Boutique),P3 - Ad-Hoc
Ragam National Institute of Technology Calicut,1,0,0,0,0,Business Operations / Management Analyst,2,Tier D (Low Relevance / Boutique),P3 - Ad-Hoc
GNLU Centre for Business and Public Policy,1,0,0,0,0,Business Operations / Management Analyst,2,Tier D (Low Relevance / Boutique),P3 - Ad-Hoc
Vittarthaa Life Sciences,1,0,0,0,0,Business Operations / Management Analyst,2,Tier D (Low Relevance / Boutique),P3 - Ad-Hoc
REACH Riverside Development Corporation,1,0,0,0,0,Business Operations / Management Analyst,2,Tier D (Low Relevance / Boutique),P3 - Ad-Hoc
Sportytrip,1,0,0,0,0,Business Operations / Management Analyst,2,Tier D (Low Relevance / Boutique),P3 - Ad-Hoc
Kimirica,1,0,0,0,0,Business Operations / Management Analyst,2,Tier D (Low Relevance / Boutique),P3 - Ad-Hoc
Ascentia UAE,1,0,0,0,0,Business Operations / Management Analyst,2,Tier D (Low Relevance / Boutique),P3 - Ad-Hoc
GMK Chemicals,1,0,0,0,0,Business Operations / Management Analyst,2,Tier D (Low Relevance / Boutique),P3 - Ad-Hoc
Skyline Spaces,1,0,0,0,0,Business Operations / Management Analyst,2,Tier D (Low Relevance / Boutique),P3 - Ad-Hoc
RuleZero Technology Solutions,1,0,0,0,0,Business Operations / Management Analyst,2,Tier D (Low Relevance / Boutique),P3 - Ad-Hoc
Ai Variant,1,0,0,0,0,Business Operations / Management Analyst,2,Tier D (Low Relevance / Boutique),P3 - Ad-Hoc
Wonder Home Finance,1,0,0,0,0,Business Operations / Management Analyst,2,Tier D (Low Relevance / Boutique),P3 - Ad-Hoc
Bean HR Consulting,1,0,0,0,0,Business Operations / Management Analyst,2,Tier D (Low Relevance / Boutique),P3 - Ad-Hoc
Fincobox,1,0,0,0,0,Business Operations / Management Analyst,2,Tier D (Low Relevance / Boutique),P3 - Ad-Hoc
Bidfood New Zealand,1,0,0,0,0,Business Operations / Management Analyst,2,Tier D (Low Relevance / Boutique),P3 - Ad-Hoc
ChampSoft,1,0,0,0,0,Business Operations / Management Analyst,2,Tier D (Low Relevance / Boutique),P3 - Ad-Hoc
IONAGE,1,0,0,0,0,Business Operations / Management Analyst,2,Tier D (Low Relevance / Boutique),P3 - Ad-Hoc
Skydo,1,0,0,0,0,Business Operations / Management Analyst,2,Tier D (Low Relevance / Boutique),P3 - Ad-Hoc
JoulestoWatts Business Solutions Pvt Ltd,1,0,0,0,0,Business Operations / Management Analyst,2,Tier D (Low Relevance / Boutique),P3 - Ad-Hoc
Pivot Path,1,0,0,0,0,Business Operations / Management Analyst,2,Tier D (Low Relevance / Boutique),P3 - Ad-Hoc
Lemon Tree Hotels,1,0,0,0,0,Business Operations / Management Analyst,2,Tier D (Low Relevance / Boutique),P3 - Ad-Hoc
Frazier & Deeter,1,0,0,0,0,Business Operations / Management Analyst,2,Tier D (Low Relevance / Boutique),P3 - Ad-Hoc
Aspire Lifestyles,1,0,0,0,0,Business Operations / Management Analyst,2,Tier D (Low Relevance / Boutique),P3 - Ad-Hoc
AXA XL,1,0,0,0,0,Business Operations / Management Analyst,2,Tier D (Low Relevance / Boutique),P3 - Ad-Hoc
Enzia Ventures,1,0,0,0,0,Business Operations / Management Analyst,2,Tier D (Low Relevance / Boutique),P3 - Ad-Hoc
Stratixaa,1,0,0,0,0,Business Operations / Management Analyst,2,Tier D (Low Relevance / Boutique),P3 - Ad-Hoc
BAALYA - FOUNDATION FOR CHILD RIGHTS,1,0,0,0,0,Business Operations / Management Analyst,2,Tier D (Low Relevance / Boutique),P3 - Ad-Hoc
NSS - Zakir Husain Delhi College,1,0,0,0,0,Business Operations / Management Analyst,2,Tier D (Low Relevance / Boutique),P3 - Ad-Hoc
Winprotech Services Pvt Ltd,1,0,0,0,0,Business Operations / Management Analyst,2,Tier D (Low Relevance / Boutique),P3 - Ad-Hoc
Bank of Ireland,1,0,0,0,0,Business Operations / Management Analyst,2,Tier D (Low Relevance / Boutique),P3 - Ad-Hoc
Dublin City University Business School,1,0,0,0,0,Business Operations / Management Analyst,2,Tier D (Low Relevance / Boutique),P3 - Ad-Hoc
Saviynt,1,0,0,0,0,Business Operations / Management Analyst,2,Tier D (Low Relevance / Boutique),P3 - Ad-Hoc
TRENDO,1,0,0,0,0,Business Operations / Management Analyst,2,Tier D (Low Relevance / Boutique),P3 - Ad-Hoc
National Broadband Ireland,1,0,0,0,0,Business Operations / Management Analyst,2,Tier D (Low Relevance / Boutique),P3 - Ad-Hoc
Children's Health Foundation,1,0,0,0,0,Business Operations / Management Analyst,2,Tier D (Low Relevance / Boutique),P3 - Ad-Hoc
Aim Plus Staffing Solutions,1,0,0,0,0,Business Operations / Management Analyst,2,Tier D (Low Relevance / Boutique),P3 - Ad-Hoc
Teknotrait Solutions,1,0,0,0,0,Business Operations / Management Analyst,2,Tier D (Low Relevance / Boutique),P3 - Ad-Hoc
Shop LC,1,0,0,0,0,Business Operations / Management Analyst,2,Tier D (Low Relevance / Boutique),P3 - Ad-Hoc
Envirnotech Quality Research laboratory,1,0,0,0,0,Business Operations / Management Analyst,2,Tier D (Low Relevance / Boutique),P3 - Ad-Hoc
HR Central,1,0,0,0,0,Business Operations / Management Analyst,2,Tier D (Low Relevance / Boutique),P3 - Ad-Hoc
Galgotias University,1,0,0,0,0,Business Operations / Management Analyst,2,Tier D (Low Relevance / Boutique),P3 - Ad-Hoc
Ernst & Young Global Consulting Services,1,0,0,0,0,Business Operations / Management Analyst,2,Tier D (Low Relevance / Boutique),P3 - Ad-Hoc
Al Ain Ahlia Insurance Company (P.S.C),1,0,0,0,0,Business Operations / Management Analyst,2,Tier D (Low Relevance / Boutique),P3 - Ad-Hoc
"Aster Digital Health, India",1,0,0,0,0,Business Operations / Management Analyst,2,Tier D (Low Relevance / Boutique),P3 - Ad-Hoc
AscentHR Technologies Private Limited,1,0,0,0,0,Business Operations / Management Analyst,2,Tier D (Low Relevance / Boutique),P3 - Ad-Hoc
Bhavi Consulting services,1,0,0,0,0,Business Operations / Management Analyst,2,Tier D (Low Relevance / Boutique),P3 - Ad-Hoc
Ujjivan Small Finance Bank,1,0,0,0,0,Business Operations / Management Analyst,2,Tier D (Low Relevance / Boutique),P3 - Ad-Hoc
High Five Global Networks Private Limited,1,0,0,0,0,Business Operations / Management Analyst,2,Tier D (Low Relevance / Boutique),P3 - Ad-Hoc
Takshashila home,1,0,0,0,0,Business Operations / Management Analyst,2,Tier D (Low Relevance / Boutique),P3 - Ad-Hoc
The Ocean Pearl Hotels Private Limited,1,0,0,0,0,Business Operations / Management Analyst,2,Tier D (Low Relevance / Boutique),P3 - Ad-Hoc
ANSR Global Corporation,1,0,0,0,0,Business Operations / Management Analyst,2,Tier D (Low Relevance / Boutique),P3 - Ad-Hoc
Sherpavector pvt Ltd,1,0,0,0,0,Business Operations / Management Analyst,2,Tier D (Low Relevance / Boutique),P3 - Ad-Hoc
Half Eaten Donut PVT LTD,1,0,0,0,0,Business Operations / Management Analyst,2,Tier D (Low Relevance / Boutique),P3 - Ad-Hoc
Toyota Kirloskar Auto Parts,1,0,0,0,0,Business Operations / Management Analyst,2,Tier D (Low Relevance / Boutique),P3 - Ad-Hoc
BrandAid Events,1,0,0,0,0,Business Operations / Management Analyst,2,Tier D (Low Relevance / Boutique),P3 - Ad-Hoc
client-projects,1,0,0,0,0,Business Operations / Management Analyst,2,Tier D (Low Relevance / Boutique),P3 - Ad-Hoc
Hirexa Solutions,1,0,0,0,0,Business Operations / Management Analyst,2,Tier D (Low Relevance / Boutique),P3 - Ad-Hoc
WarpDrive Tech Works,1,0,0,0,0,Business Operations / Management Analyst,2,Tier D (Low Relevance / Boutique),P3 - Ad-Hoc
Baby Memorial Hospitals,1,0,0,0,0,Business Operations / Management Analyst,2,Tier D (Low Relevance / Boutique),P3 - Ad-Hoc
PERSOL APAC,1,0,0,0,0,Business Operations / Management Analyst,2,Tier D (Low Relevance / Boutique),P3 - Ad-Hoc
"Emeralds Degree College, Tirupati Urban",1,0,0,0,0,Business Operations / Management Analyst,2,Tier D (Low Relevance / Boutique),P3 - Ad-Hoc
Astal Structures Pvt Ltd,1,0,0,0,0,Business Operations / Management Analyst,2,Tier D (Low Relevance / Boutique),P3 - Ad-Hoc
Prokade Technologies,1,0,0,0,0,Business Operations / Management Analyst,2,Tier D (Low Relevance / Boutique),P3 - Ad-Hoc
BDO RISE Private Limited,1,0,0,0,0,Business Operations / Management Analyst,2,Tier D (Low Relevance / Boutique),P3 - Ad-Hoc
Sinhgad Institutes,1,0,0,0,0,Business Operations / Management Analyst,2,Tier D (Low Relevance / Boutique),P3 - Ad-Hoc
Amadeus Labs,1,0,0,0,0,Business Operations / Management Analyst,2,Tier D (Low Relevance / Boutique),P3 - Ad-Hoc
Bell,1,0,0,0,0,Business Operations / Management Analyst,2,Tier D (Low Relevance / Boutique),P3 - Ad-Hoc
CyberSRC® Consultancy,1,0,0,0,0,Business Operations / Management Analyst,2,Tier D (Low Relevance / Boutique),P3 - Ad-Hoc
CUMI Minerals,1,0,0,0,0,Business Operations / Management Analyst,2,Tier D (Low Relevance / Boutique),P3 - Ad-Hoc
INDIAN EDUCATIONAL SERVICES,1,0,0,0,0,Business Operations / Management Analyst,2,Tier D (Low Relevance / Boutique),P3 - Ad-Hoc
Axxonet System Technologies,1,0,0,0,0,Business Operations / Management Analyst,2,Tier D (Low Relevance / Boutique),P3 - Ad-Hoc
"GJUS&T, Hisar",1,0,0,0,0,Business Operations / Management Analyst,2,Tier D (Low Relevance / Boutique),P3 - Ad-Hoc
Frauscher Sensor Technology India,1,0,0,0,0,Business Operations / Management Analyst,2,Tier D (Low Relevance / Boutique),P3 - Ad-Hoc
ABC - Aditya Birla Housing Finance Limited,1,0,0,0,0,Business Operations / Management Analyst,2,Tier D (Low Relevance / Boutique),P3 - Ad-Hoc
DDN,1,0,0,0,0,Business Operations / Management Analyst,2,Tier D (Low Relevance / Boutique),P3 - Ad-Hoc
RT News,1,0,0,0,0,Business Operations / Management Analyst,2,Tier D (Low Relevance / Boutique),P3 - Ad-Hoc
Robot System Products AB,1,0,0,0,0,Business Operations / Management Analyst,2,Tier D (Low Relevance / Boutique),P3 - Ad-Hoc
KIME Careers,1,0,0,0,0,Business Operations / Management Analyst,2,Tier D (Low Relevance / Boutique),P3 - Ad-Hoc
News18 India,1,0,0,0,0,Business Operations / Management Analyst,2,Tier D (Low Relevance / Boutique),P3 - Ad-Hoc
Kokilaben Dhirubhai Ambani Hospital,1,0,0,0,0,Business Operations / Management Analyst,2,Tier D (Low Relevance / Boutique),P3 - Ad-Hoc
Cannibals Media,1,0,0,0,0,Business Operations / Management Analyst,2,Tier D (Low Relevance / Boutique),P3 - Ad-Hoc
Export Trading Group,1,0,0,0,0,Business Operations / Management Analyst,2,Tier D (Low Relevance / Boutique),P3 - Ad-Hoc
St. Francis College Bengaluru,1,0,0,0,0,Business Operations / Management Analyst,2,Tier D (Low Relevance / Boutique),P3 - Ad-Hoc
Anncode IT solution,1,0,0,0,0,Business Operations / Management Analyst,2,Tier D (Low Relevance / Boutique),P3 - Ad-Hoc
Sprouts.ai,1,0,0,0,0,Business Operations / Management Analyst,2,Tier D (Low Relevance / Boutique),P3 - Ad-Hoc
DQS,1,0,0,0,0,Business Operations / Management Analyst,2,Tier D (Low Relevance / Boutique),P3 - Ad-Hoc
Jmorph Inc,1,0,0,0,0,Business Operations / Management Analyst,2,Tier D (Low Relevance / Boutique),P3 - Ad-Hoc
PagarBook,1,0,0,0,0,Business Operations / Management Analyst,2,Tier D (Low Relevance / Boutique),P3 - Ad-Hoc
HM Courts & Tribunals Service (HMCTS),1,0,0,0,0,Business Operations / Management Analyst,2,Tier D (Low Relevance / Boutique),P3 - Ad-Hoc
BCT Consulting Private Limited,1,0,0,0,0,Business Operations / Management Analyst,2,Tier D (Low Relevance / Boutique),P3 - Ad-Hoc
Leading Financial Services Firm,1,0,0,0,0,Business Operations / Management Analyst,2,Tier D (Low Relevance / Boutique),P3 - Ad-Hoc
Ripton Solutions,1,0,0,0,0,Business Operations / Management Analyst,2,Tier D (Low Relevance / Boutique),P3 - Ad-Hoc
Lentra,1,0,0,0,0,Business Operations / Management Analyst,2,Tier D (Low Relevance / Boutique),P3 - Ad-Hoc
Exasoft,1,0,0,0,0,Business Operations / Management Analyst,2,Tier D (Low Relevance / Boutique),P3 - Ad-Hoc
Trackaroo,1,0,0,0,0,Business Operations / Management Analyst,2,Tier D (Low Relevance / Boutique),P3 - Ad-Hoc
CAD+T Solutions GmbH,1,0,0,0,0,Business Operations / Management Analyst,2,Tier D (Low Relevance / Boutique),P3 - Ad-Hoc
Ayushman Health Solutions,1,0,0,0,0,Business Operations / Management Analyst,2,Tier D (Low Relevance / Boutique),P3 - Ad-Hoc
Oya Kekars,1,0,0,0,0,Business Operations / Management Analyst,2,Tier D (Low Relevance / Boutique),P3 - Ad-Hoc
Brandshark,1,0,0,0,0,Business Operations / Management Analyst,2,Tier D (Low Relevance / Boutique),P3 - Ad-Hoc
Petroexcel Technology Services (P) Limited,1,0,0,0,0,Business Operations / Management Analyst,2,Tier D (Low Relevance / Boutique),P3 - Ad-Hoc
PRSB & Co. Chartered Accountants,1,0,0,0,0,Business Operations / Management Analyst,2,Tier D (Low Relevance / Boutique),P3 - Ad-Hoc
CA Saju and Padmanabhan,1,0,0,0,0,Business Operations / Management Analyst,2,Tier D (Low Relevance / Boutique),P3 - Ad-Hoc
InstaVC,1,0,0,0,0,Business Operations / Management Analyst,2,Tier D (Low Relevance / Boutique),P3 - Ad-Hoc
IFIM College,1,0,0,0,0,Business Operations / Management Analyst,2,Tier D (Low Relevance / Boutique),P3 - Ad-Hoc
"Birla Institute of Technology and Science, Pilani - Goa Campus",1,0,0,0,0,Business Operations / Management Analyst,2,Tier D (Low Relevance / Boutique),P3 - Ad-Hoc
Prototyze,1,0,0,0,0,Business Operations / Management Analyst,2,Tier D (Low Relevance / Boutique),P3 - Ad-Hoc
ArcelorMittal,1,0,0,0,0,Business Operations / Management Analyst,2,Tier D (Low Relevance / Boutique),P3 - Ad-Hoc
Netomi,1,0,0,0,0,Business Operations / Management Analyst,2,Tier D (Low Relevance / Boutique),P3 - Ad-Hoc
Desi Racing Co,1,0,0,0,0,Business Operations / Management Analyst,2,Tier D (Low Relevance / Boutique),P3 - Ad-Hoc
MoonDive,1,0,0,0,0,Business Operations / Management Analyst,2,Tier D (Low Relevance / Boutique),P3 - Ad-Hoc
University of Wisconsin-Madison,1,0,0,0,0,Business Operations / Management Analyst,2,Tier D (Low Relevance / Boutique),P3 - Ad-Hoc
MakoData,1,0,0,0,0,Business Operations / Management Analyst,2,Tier D (Low Relevance / Boutique),P3 - Ad-Hoc
Thomson Reuters,1,0,0,0,0,Business Operations / Management Analyst,2,Tier D (Low Relevance / Boutique),P3 - Ad-Hoc
"Rashtriya Ispat Nigam Limited, Vizag Steel Plant",1,0,0,0,0,Business Operations / Management Analyst,2,Tier D (Low Relevance / Boutique),P3 - Ad-Hoc
Kots,1,0,0,0,0,Business Operations / Management Analyst,2,Tier D (Low Relevance / Boutique),P3 - Ad-Hoc
Optum,1,0,0,0,0,Business Operations / Management Analyst,2,Tier D (Low Relevance / Boutique),P3 - Ad-Hoc
Sitefy,1,0,0,0,0,Business Operations / Management Analyst,2,Tier D (Low Relevance / Boutique),P3 - Ad-Hoc
Genista Biosciences,1,0,0,0,0,Business Operations / Management Analyst,2,Tier D (Low Relevance / Boutique),P3 - Ad-Hoc
CLOUD SYNERGY,1,0,0,0,0,Business Operations / Management Analyst,2,Tier D (Low Relevance / Boutique),P3 - Ad-Hoc
Trident Consulting,1,0,0,0,0,Business Operations / Management Analyst,2,Tier D (Low Relevance / Boutique),P3 - Ad-Hoc
Demain Impression,1,0,0,0,0,Business Operations / Management Analyst,2,Tier D (Low Relevance / Boutique),P3 - Ad-Hoc
Nippon India Mutual Fund,1,0,0,0,0,Business Operations / Management Analyst,2,Tier D (Low Relevance / Boutique),P3 - Ad-Hoc
Give Your Child Wings,1,0,0,0,0,Business Operations / Management Analyst,2,Tier D (Low Relevance / Boutique),P3 - Ad-Hoc
"Singhvi Dev & Unni LLP, Chartered Accountants",1,0,0,0,0,Business Operations / Management Analyst,2,Tier D (Low Relevance / Boutique),P3 - Ad-Hoc
Progrowth Technologies Inc,1,0,0,0,0,Business Operations / Management Analyst,2,Tier D (Low Relevance / Boutique),P3 - Ad-Hoc
Simpliinsure,1,0,0,0,0,Business Operations / Management Analyst,2,Tier D (Low Relevance / Boutique),P3 - Ad-Hoc
People's Reflections,1,0,0,0,0,Business Operations / Management Analyst,2,Tier D (Low Relevance / Boutique),P3 - Ad-Hoc
Acculogix,1,0,0,0,0,Business Operations / Management Analyst,2,Tier D (Low Relevance / Boutique),P3 - Ad-Hoc
Manav Rachna International School,1,0,0,0,0,Business Operations / Management Analyst,2,Tier D (Low Relevance / Boutique),P3 - Ad-Hoc
NextLeap,1,0,0,0,0,Business Operations / Management Analyst,2,Tier D (Low Relevance / Boutique),P3 - Ad-Hoc
Abhimo Technologies Private Limited,1,0,0,0,0,Business Operations / Management Analyst,2,Tier D (Low Relevance / Boutique),P3 - Ad-Hoc
Invensoft Technologies Private Limited,1,0,0,0,0,Business Operations / Management Analyst,2,Tier D (Low Relevance / Boutique),P3 - Ad-Hoc
Aviators India Pvt Ltd,1,0,0,0,0,Business Operations / Management Analyst,2,Tier D (Low Relevance / Boutique),P3 - Ad-Hoc
Teela,1,0,0,0,0,Business Operations / Management Analyst,2,Tier D (Low Relevance / Boutique),P3 - Ad-Hoc
Ingersoll Rand,1,0,0,0,0,Business Operations / Management Analyst,2,Tier D (Low Relevance / Boutique),P3 - Ad-Hoc
Gemba Concepts,1,0,0,0,0,Business Operations / Management Analyst,2,Tier D (Low Relevance / Boutique),P3 - Ad-Hoc
ORA Realty,1,0,0,0,0,Business Operations / Management Analyst,2,Tier D (Low Relevance / Boutique),P3 - Ad-Hoc
Caze Labs,1,0,0,0,0,Business Operations / Management Analyst,2,Tier D (Low Relevance / Boutique),P3 - Ad-Hoc
Amoga,1,0,0,0,0,Business Operations / Management Analyst,2,Tier D (Low Relevance / Boutique),P3 - Ad-Hoc
CodeFrontier Software Private Limited,1,0,0,0,0,Business Operations / Management Analyst,2,Tier D (Low Relevance / Boutique),P3 - Ad-Hoc
The Cognito Club,1,0,0,0,0,Business Operations / Management Analyst,2,Tier D (Low Relevance / Boutique),P3 - Ad-Hoc
My Fuels,1,0,0,0,0,Business Operations / Management Analyst,2,Tier D (Low Relevance / Boutique),P3 - Ad-Hoc
"Artha- The Economics Club, IIM Jammu",1,0,0,0,0,Business Operations / Management Analyst,2,Tier D (Low Relevance / Boutique),P3 - Ad-Hoc
Broseph Foundation,1,0,0,0,0,Business Operations / Management Analyst,2,Tier D (Low Relevance / Boutique),P3 - Ad-Hoc
Careleavers Inner Circle (CLiC) Forum,1,0,0,0,0,Business Operations / Management Analyst,2,Tier D (Low Relevance / Boutique),P3 - Ad-Hoc
Kellanova,1,0,0,0,0,Business Operations / Management Analyst,2,Tier D (Low Relevance / Boutique),P3 - Ad-Hoc
SMS Medical College - India,1,0,0,0,0,Business Operations / Management Analyst,2,Tier D (Low Relevance / Boutique),P3 - Ad-Hoc
Shailarani associates,1,0,0,0,0,Business Operations / Management Analyst,2,Tier D (Low Relevance / Boutique),P3 - Ad-Hoc
Affordable Business Solutions,1,0,0,0,0,Business Operations / Management Analyst,2,Tier D (Low Relevance / Boutique),P3 - Ad-Hoc
Vansun Mediatech Private Limited,1,0,0,0,0,Business Operations / Management Analyst,2,Tier D (Low Relevance / Boutique),P3 - Ad-Hoc
Emplay Inc.,1,0,0,0,0,Business Operations / Management Analyst,2,Tier D (Low Relevance / Boutique),P3 - Ad-Hoc
Porter,1,0,0,0,0,Business Operations / Management Analyst,2,Tier D (Low Relevance / Boutique),P3 - Ad-Hoc
MBS ASSOCIATES,1,0,0,0,0,Business Operations / Management Analyst,2,Tier D (Low Relevance / Boutique),P3 - Ad-Hoc
Goonj,1,0,0,0,0,Business Operations / Management Analyst,2,Tier D (Low Relevance / Boutique),P3 - Ad-Hoc
HR & IR Academy,1,0,0,0,0,Business Operations / Management Analyst,2,Tier D (Low Relevance / Boutique),P3 - Ad-Hoc
LifeWorks - Counselling & Mental Health Centre,1,0,0,0,0,Business Operations / Management Analyst,2,Tier D (Low Relevance / Boutique),P3 - Ad-Hoc
"C. Krishniah Chetty & Sons Pvt Ltd., - CKC GROUP",1,0,0,0,0,Business Operations / Management Analyst,2,Tier D (Low Relevance / Boutique),P3 - Ad-Hoc
Jubilant Biosys Limited,1,0,0,0,0,Business Operations / Management Analyst,2,Tier D (Low Relevance / Boutique),P3 - Ad-Hoc
Microlabs,1,0,0,0,0,Business Operations / Management Analyst,2,Tier D (Low Relevance / Boutique),P3 - Ad-Hoc
Atoll Solutions,1,0,0,0,0,Business Operations / Management Analyst,2,Tier D (Low Relevance / Boutique),P3 - Ad-Hoc
Student Circus,1,0,0,0,0,Business Operations / Management Analyst,2,Tier D (Low Relevance / Boutique),P3 - Ad-Hoc
Tata Cummins,1,0,0,0,0,Business Operations / Management Analyst,2,Tier D (Low Relevance / Boutique),P3 - Ad-Hoc
Sheeta Soni & Associates,1,0,0,0,0,Business Operations / Management Analyst,2,Tier D (Low Relevance / Boutique),P3 - Ad-Hoc
Togethr,1,0,0,0,0,Business Operations / Management Analyst,2,Tier D (Low Relevance / Boutique),P3 - Ad-Hoc
The Purview,1,0,0,0,0,Business Operations / Management Analyst,2,Tier D (Low Relevance / Boutique),P3 - Ad-Hoc
Central cola field limited (CCL),1,0,0,0,0,Business Operations / Management Analyst,2,Tier D (Low Relevance / Boutique),P3 - Ad-Hoc
SL Diagnostics Private Ltd,1,0,0,0,0,Business Operations / Management Analyst,2,Tier D (Low Relevance / Boutique),P3 - Ad-Hoc
Thundertribes,1,0,0,0,0,Business Operations / Management Analyst,2,Tier D (Low Relevance / Boutique),P3 - Ad-Hoc
Altimetrik,1,0,0,0,0,Business Operations / Management Analyst,2,Tier D (Low Relevance / Boutique),P3 - Ad-Hoc
VISHNOI DENTAL HOSPITAL,1,0,0,0,0,Business Operations / Management Analyst,2,Tier D (Low Relevance / Boutique),P3 - Ad-Hoc
active Life physiotherapy centre,1,0,0,0,0,Business Operations / Management Analyst,2,Tier D (Low Relevance / Boutique),P3 - Ad-Hoc
Ashiana Housing Limited,1,0,0,0,0,Business Operations / Management Analyst,2,Tier D (Low Relevance / Boutique),P3 - Ad-Hoc
Eleczo India Private Limited,1,0,0,0,0,Business Operations / Management Analyst,2,Tier D (Low Relevance / Boutique),P3 - Ad-Hoc
Independent Consultant,1,0,0,0,0,Business Operations / Management Analyst,2,Tier D (Low Relevance / Boutique),P3 - Ad-Hoc
Grant Thornton - UAE,1,0,0,0,0,Business Operations / Management Analyst,2,Tier D (Low Relevance / Boutique),P3 - Ad-Hoc
Dr. Geetanjali’s Dental Care,1,0,0,0,0,Business Operations / Management Analyst,2,Tier D (Low Relevance / Boutique),P3 - Ad-Hoc
Yogyam Multi-speciality Clinic,1,0,0,0,0,Business Operations / Management Analyst,2,Tier D (Low Relevance / Boutique),P3 - Ad-Hoc
Time for teeth dental care,1,0,0,0,0,Business Operations / Management Analyst,2,Tier D (Low Relevance / Boutique),P3 - Ad-Hoc
Clinical Institute Fundeni,1,0,0,0,0,Business Operations / Management Analyst,2,Tier D (Low Relevance / Boutique),P3 - Ad-Hoc
Hindustan Copper Limited,1,0,0,0,0,Business Operations / Management Analyst,2,Tier D (Low Relevance / Boutique),P3 - Ad-Hoc
KIMS Hospitals,1,0,0,0,0,Business Operations / Management Analyst,2,Tier D (Low Relevance / Boutique),P3 - Ad-Hoc
Haber,1,0,0,0,0,Business Operations / Management Analyst,2,Tier D (Low Relevance / Boutique),P3 - Ad-Hoc
Royal Tulip Korbous Bay Thalasso & Springs,1,0,0,0,0,Business Operations / Management Analyst,2,Tier D (Low Relevance / Boutique),P3 - Ad-Hoc
Unihealth-Parañaque Hospital and Medical Center,1,0,0,0,0,Business Operations / Management Analyst,2,Tier D (Low Relevance / Boutique),P3 - Ad-Hoc
Kailash Dental,1,0,0,0,0,Business Operations / Management Analyst,2,Tier D (Low Relevance / Boutique),P3 - Ad-Hoc
Rotaract Club of New Delhi,1,0,0,0,0,Business Operations / Management Analyst,2,Tier D (Low Relevance / Boutique),P3 - Ad-Hoc
Finshield Investment Advisors,1,0,0,0,0,Business Operations / Management Analyst,2,Tier D (Low Relevance / Boutique),P3 - Ad-Hoc
Evogenious Tech LLP,1,0,0,0,0,Business Operations / Management Analyst,2,Tier D (Low Relevance / Boutique),P3 - Ad-Hoc
She Capital (SC),1,0,0,0,0,Business Operations / Management Analyst,2,Tier D (Low Relevance / Boutique),P3 - Ad-Hoc
IAHS,1,0,0,0,0,Business Operations / Management Analyst,2,Tier D (Low Relevance / Boutique),P3 - Ad-Hoc
DHIRAJ HOSPITALITIES PRIVATE LIMITED,1,0,0,0,0,Business Operations / Management Analyst,2,Tier D (Low Relevance / Boutique),P3 - Ad-Hoc
Bankers Vascular Centre,1,0,0,0,0,Business Operations / Management Analyst,2,Tier D (Low Relevance / Boutique),P3 - Ad-Hoc
Silvermine Group,1,0,0,0,0,Business Operations / Management Analyst,2,Tier D (Low Relevance / Boutique),P3 - Ad-Hoc
HyFun Foods,1,0,0,0,0,Business Operations / Management Analyst,2,Tier D (Low Relevance / Boutique),P3 - Ad-Hoc
Inde Rare,1,0,0,0,0,Business Operations / Management Analyst,2,Tier D (Low Relevance / Boutique),P3 - Ad-Hoc
Sharma Hospital & Diagnostic Centre,1,0,0,0,0,Business Operations / Management Analyst,2,Tier D (Low Relevance / Boutique),P3 - Ad-Hoc
Indian Dental Association (H.O.),1,0,0,0,0,Business Operations / Management Analyst,2,Tier D (Low Relevance / Boutique),P3 - Ad-Hoc
OnPoint Healthcare Partners,1,0,0,0,0,Business Operations / Management Analyst,2,Tier D (Low Relevance / Boutique),P3 - Ad-Hoc
Alcon,1,0,0,0,0,Business Operations / Management Analyst,2,Tier D (Low Relevance / Boutique),P3 - Ad-Hoc
"The West Bengal University of Health Sciences, Kolkata",1,0,0,0,0,Business Operations / Management Analyst,2,Tier D (Low Relevance / Boutique),P3 - Ad-Hoc
"MGM Dental College, Kamothe, Navi Mumbai",1,0,0,0,0,Business Operations / Management Analyst,2,Tier D (Low Relevance / Boutique),P3 - Ad-Hoc
GyanSys Inc.,1,0,0,0,0,Business Operations / Management Analyst,2,Tier D (Low Relevance / Boutique),P3 - Ad-Hoc
Asthi cure clinic,1,0,0,0,0,Business Operations / Management Analyst,2,Tier D (Low Relevance / Boutique),P3 - Ad-Hoc
Maharishi Markandeshwar (Deemed to be University) Official,1,0,0,0,0,Business Operations / Management Analyst,2,Tier D (Low Relevance / Boutique),P3 - Ad-Hoc
Indus Towers Limited,1,0,0,0,0,Business Operations / Management Analyst,2,Tier D (Low Relevance / Boutique),P3 - Ad-Hoc
Omega Healthcare Management Services,1,0,0,0,0,Business Operations / Management Analyst,2,Tier D (Low Relevance / Boutique),P3 - Ad-Hoc
Shukla Dental Clinic,1,0,0,0,0,Business Operations / Management Analyst,2,Tier D (Low Relevance / Boutique),P3 - Ad-Hoc
Startbiz Global Corporate Services Provider,1,0,0,0,0,Business Operations / Management Analyst,2,Tier D (Low Relevance / Boutique),P3 - Ad-Hoc
Dr. Cristea,1,0,0,0,0,Business Operations / Management Analyst,2,Tier D (Low Relevance / Boutique),P3 - Ad-Hoc
Her Campus Media,1,0,0,0,0,Business Operations / Management Analyst,2,Tier D (Low Relevance / Boutique),P3 - Ad-Hoc
"Indira Gandhi National Open University (IGNOU), Delhi",1,0,0,0,0,Business Operations / Management Analyst,2,Tier D (Low Relevance / Boutique),P3 - Ad-Hoc
Government Dental College and Hospital Mumbai - Company,1,0,0,0,0,Business Operations / Management Analyst,2,Tier D (Low Relevance / Boutique),P3 - Ad-Hoc
CORE Life,1,0,0,0,0,Business Operations / Management Analyst,2,Tier D (Low Relevance / Boutique),P3 - Ad-Hoc
"Government Dental College and Hospital, Aurangabad",1,0,0,0,0,Business Operations / Management Analyst,2,Tier D (Low Relevance / Boutique),P3 - Ad-Hoc
Cochin Shipyard Limited,1,0,0,0,0,Business Operations / Management Analyst,2,Tier D (Low Relevance / Boutique),P3 - Ad-Hoc
"Triveni Institute Of Dental Sciences, Hospital & Research Centre",1,0,0,0,0,Business Operations / Management Analyst,2,Tier D (Low Relevance / Boutique),P3 - Ad-Hoc
les kines esthétique,1,0,0,0,0,Business Operations / Management Analyst,2,Tier D (Low Relevance / Boutique),P3 - Ad-Hoc
Nu10,1,0,0,0,0,Business Operations / Management Analyst,2,Tier D (Low Relevance / Boutique),P3 - Ad-Hoc
Nextwealth Entrepreneurs Pvt Ltd.,1,0,0,0,0,Business Operations / Management Analyst,2,Tier D (Low Relevance / Boutique),P3 - Ad-Hoc
Blue Wing Care,1,0,0,0,0,Business Operations / Management Analyst,2,Tier D (Low Relevance / Boutique),P3 - Ad-Hoc
Institute of Medical Sciences and Sum Hospital,1,0,0,0,0,Business Operations / Management Analyst,2,Tier D (Low Relevance / Boutique),P3 - Ad-Hoc
Align Technology,1,0,0,0,0,Business Operations / Management Analyst,2,Tier D (Low Relevance / Boutique),P3 - Ad-Hoc
Leeds Teaching Hospitals NHS Trust,1,0,0,0,0,Business Operations / Management Analyst,2,Tier D (Low Relevance / Boutique),P3 - Ad-Hoc
My Pain Clinic,1,0,0,0,0,Business Operations / Management Analyst,2,Tier D (Low Relevance / Boutique),P3 - Ad-Hoc
Achintyaah Group,1,0,0,0,0,Business Operations / Management Analyst,2,Tier D (Low Relevance / Boutique),P3 - Ad-Hoc
Rise Network,1,0,0,0,0,Business Operations / Management Analyst,2,Tier D (Low Relevance / Boutique),P3 - Ad-Hoc
Shree kalyani hospital & ICU pune,1,0,0,0,0,Business Operations / Management Analyst,2,Tier D (Low Relevance / Boutique),P3 - Ad-Hoc
Freeport-McMoRan,1,0,0,0,0,Business Operations / Management Analyst,2,Tier D (Low Relevance / Boutique),P3 - Ad-Hoc
Mumbai Cricket Association,1,0,0,0,0,Business Operations / Management Analyst,2,Tier D (Low Relevance / Boutique),P3 - Ad-Hoc
QI Spine,1,0,0,0,0,Business Operations / Management Analyst,2,Tier D (Low Relevance / Boutique),P3 - Ad-Hoc
New Civil Hospital,1,0,0,0,0,Business Operations / Management Analyst,2,Tier D (Low Relevance / Boutique),P3 - Ad-Hoc
Yaz Dental Care,1,0,0,0,0,Business Operations / Management Analyst,2,Tier D (Low Relevance / Boutique),P3 - Ad-Hoc
KPCL Hospital Yelahanka Bangalore,1,0,0,0,0,Business Operations / Management Analyst,2,Tier D (Low Relevance / Boutique),P3 - Ad-Hoc
Vortex IQ - The Agentic OS for Commerce,1,0,0,0,0,Business Operations / Management Analyst,2,Tier D (Low Relevance / Boutique),P3 - Ad-Hoc
LincPay Solutions Pvt. Ltd.,1,0,0,0,0,Business Operations / Management Analyst,2,Tier D (Low Relevance / Boutique),P3 - Ad-Hoc
"Entrepreneurship Development Cell, IIM Jammu",1,0,0,0,0,Business Operations / Management Analyst,2,Tier D (Low Relevance / Boutique),P3 - Ad-Hoc
Jaguar Land Rover India,1,0,0,0,0,Business Operations / Management Analyst,2,Tier D (Low Relevance / Boutique),P3 - Ad-Hoc
TrekNomads,1,0,0,0,0,Business Operations / Management Analyst,2,Tier D (Low Relevance / Boutique),P3 - Ad-Hoc
Indo Shell Cast Private Limited,1,0,0,0,0,Business Operations / Management Analyst,2,Tier D (Low Relevance / Boutique),P3 - Ad-Hoc
Vrinda Global,1,0,0,0,0,Business Operations / Management Analyst,2,Tier D (Low Relevance / Boutique),P3 - Ad-Hoc
Atomik Audio,1,0,0,0,0,Business Operations / Management Analyst,2,Tier D (Low Relevance / Boutique),P3 - Ad-Hoc
ThoughtClan Technologies Pvt Ltd,1,0,0,0,0,Business Operations / Management Analyst,2,Tier D (Low Relevance / Boutique),P3 - Ad-Hoc
Appstrail Technology,1,0,0,0,0,Business Operations / Management Analyst,2,Tier D (Low Relevance / Boutique),P3 - Ad-Hoc
Girman Tech,1,0,0,0,0,Business Operations / Management Analyst,2,Tier D (Low Relevance / Boutique),P3 - Ad-Hoc
StrateRise Consulting,1,0,0,0,0,Business Operations / Management Analyst,2,Tier D (Low Relevance / Boutique),P3 - Ad-Hoc
Star Air,1,0,0,0,0,Business Operations / Management Analyst,2,Tier D (Low Relevance / Boutique),P3 - Ad-Hoc
Motorola Mobility (a Lenovo Company),1,0,0,0,0,Business Operations / Management Analyst,2,Tier D (Low Relevance / Boutique),P3 - Ad-Hoc
Bread Financial,1,0,0,0,0,Business Operations / Management Analyst,2,Tier D (Low Relevance / Boutique),P3 - Ad-Hoc
Walker Chandiok & Co LLP,1,0,0,0,0,Business Operations / Management Analyst,2,Tier D (Low Relevance / Boutique),P3 - Ad-Hoc
DISH Network Technologies,1,0,0,0,0,Business Operations / Management Analyst,2,Tier D (Low Relevance / Boutique),P3 - Ad-Hoc
Quantiphi,1,0,0,0,0,Business Operations / Management Analyst,2,Tier D (Low Relevance / Boutique),P3 - Ad-Hoc
Humonex,1,0,0,0,0,Business Operations / Management Analyst,2,Tier D (Low Relevance / Boutique),P3 - Ad-Hoc
Infineon Technologies,1,0,0,0,0,Business Operations / Management Analyst,2,Tier D (Low Relevance / Boutique),P3 - Ad-Hoc
Annapurna Tech Universe,1,0,0,0,0,Business Operations / Management Analyst,2,Tier D (Low Relevance / Boutique),P3 - Ad-Hoc
British Alumni Network,1,0,0,0,0,Business Operations / Management Analyst,2,Tier D (Low Relevance / Boutique),P3 - Ad-Hoc
Law office of Tejeshwar Singh,1,0,0,0,0,Business Operations / Management Analyst,2,Tier D (Low Relevance / Boutique),P3 - Ad-Hoc
Techtic Solutions Inc.,1,0,0,0,0,Business Operations / Management Analyst,2,Tier D (Low Relevance / Boutique),P3 - Ad-Hoc
Tinubu,1,0,0,0,0,Business Operations / Management Analyst,2,Tier D (Low Relevance / Boutique),P3 - Ad-Hoc
Zaalima Development Pvt. Ltd,1,0,0,0,0,Business Operations / Management Analyst,2,Tier D (Low Relevance / Boutique),P3 - Ad-Hoc
Bhaskaracharya Institute For Space Applications and Geo-Informatics,1,0,0,0,0,Business Operations / Management Analyst,2,Tier D (Low Relevance / Boutique),P3 - Ad-Hoc
Bosch Life Safety Systems,1,0,0,0,0,Business Operations / Management Analyst,2,Tier D (Low Relevance / Boutique),P3 - Ad-Hoc
Genpact India Private Limited Delhi,1,0,0,0,0,Business Operations / Management Analyst,2,Tier D (Low Relevance / Boutique),P3 - Ad-Hoc
Squbix Digital,1,0,0,0,0,Business Operations / Management Analyst,2,Tier D (Low Relevance / Boutique),P3 - Ad-Hoc
SSG & Associates,1,0,0,0,0,Business Operations / Management Analyst,2,Tier D (Low Relevance / Boutique),P3 - Ad-Hoc
Drizzlin Media,1,0,0,0,0,Business Operations / Management Analyst,2,Tier D (Low Relevance / Boutique),P3 - Ad-Hoc
Business Intelligence Professionals,1,0,0,0,0,Business Operations / Management Analyst,2,Tier D (Low Relevance / Boutique),P3 - Ad-Hoc
Amratpal A Vision Pvt. Ltd.,1,0,0,0,0,Business Operations / Management Analyst,2,Tier D (Low Relevance / Boutique),P3 - Ad-Hoc
MEED | Middle East Economic Digest,1,0,0,0,0,Business Operations / Management Analyst,2,Tier D (Low Relevance / Boutique),P3 - Ad-Hoc
"Chief Electoral Officer, Haryana",1,0,0,0,0,Business Operations / Management Analyst,2,Tier D (Low Relevance / Boutique),P3 - Ad-Hoc
"Tellus Solutions, Inc",1,0,0,0,0,Business Operations / Management Analyst,2,Tier D (Low Relevance / Boutique),P3 - Ad-Hoc
Gemius Studios Pvt. Ltd.,1,0,0,0,0,Business Operations / Management Analyst,2,Tier D (Low Relevance / Boutique),P3 - Ad-Hoc
GA DIGITAL WEB WORD Private Limited,1,0,0,0,0,Business Operations / Management Analyst,2,Tier D (Low Relevance / Boutique),P3 - Ad-Hoc
Godrej Consumer Products Limited,1,0,0,0,0,Business Operations / Management Analyst,2,Tier D (Low Relevance / Boutique),P3 - Ad-Hoc
NDR INFOTECH Pvt Ltd,1,0,0,0,0,Business Operations / Management Analyst,2,Tier D (Low Relevance / Boutique),P3 - Ad-Hoc
PERSOL Consulting,1,0,0,0,0,Business Operations / Management Analyst,2,Tier D (Low Relevance / Boutique),P3 - Ad-Hoc
TalentOla,1,0,0,0,0,Business Operations / Management Analyst,2,Tier D (Low Relevance / Boutique),P3 - Ad-Hoc
EthVen Inc (Ethical Venture),1,0,0,0,0,Business Operations / Management Analyst,2,Tier D (Low Relevance / Boutique),P3 - Ad-Hoc
Volante Technologies,1,0,0,0,0,Business Operations / Management Analyst,2,Tier D (Low Relevance / Boutique),P3 - Ad-Hoc
Softwin Technologies Pvt. Ltd.,1,0,0,0,0,Business Operations / Management Analyst,2,Tier D (Low Relevance / Boutique),P3 - Ad-Hoc
DDSW Financial Services Pvt. Ltd.,1,0,0,0,0,Business Operations / Management Analyst,2,Tier D (Low Relevance / Boutique),P3 - Ad-Hoc
"Mannam & Associates, Chartered Accountants",1,0,0,0,0,Business Operations / Management Analyst,2,Tier D (Low Relevance / Boutique),P3 - Ad-Hoc
Alliance centre for intellectual property rights,1,0,0,0,0,Business Operations / Management Analyst,2,Tier D (Low Relevance / Boutique),P3 - Ad-Hoc
London Court of International Arbitration (LCIA),1,0,0,0,0,Business Operations / Management Analyst,2,Tier D (Low Relevance / Boutique),P3 - Ad-Hoc
SN Technology,1,0,0,0,0,Business Operations / Management Analyst,2,Tier D (Low Relevance / Boutique),P3 - Ad-Hoc
Inovaare Corporation,1,0,0,0,0,Business Operations / Management Analyst,2,Tier D (Low Relevance / Boutique),P3 - Ad-Hoc
Indian Council of Medical Research (ICMR),1,0,0,0,0,Business Operations / Management Analyst,2,Tier D (Low Relevance / Boutique),P3 - Ad-Hoc
CRM Landing Software Pvt. Ltd.,1,0,0,0,0,Business Operations / Management Analyst,2,Tier D (Low Relevance / Boutique),P3 - Ad-Hoc
Mercedes-Benz Research and Development India,1,0,0,0,0,Business Operations / Management Analyst,2,Tier D (Low Relevance / Boutique),P3 - Ad-Hoc
Octave,1,0,0,0,0,Business Operations / Management Analyst,2,Tier D (Low Relevance / Boutique),P3 - Ad-Hoc
Transformative Ventures,1,0,0,0,0,Business Operations / Management Analyst,2,Tier D (Low Relevance / Boutique),P3 - Ad-Hoc
Rimigo,1,0,0,0,0,Business Operations / Management Analyst,2,Tier D (Low Relevance / Boutique),P3 - Ad-Hoc
XCUTIVES Inc.,1,0,0,0,0,Business Operations / Management Analyst,2,Tier D (Low Relevance / Boutique),P3 - Ad-Hoc
Denave,1,0,0,0,0,Business Operations / Management Analyst,2,Tier D (Low Relevance / Boutique),P3 - Ad-Hoc
WinbornEduTech,1,0,0,0,0,Business Operations / Management Analyst,2,Tier D (Low Relevance / Boutique),P3 - Ad-Hoc
ExamRoom.AI,1,0,0,0,0,Business Operations / Management Analyst,2,Tier D (Low Relevance / Boutique),P3 - Ad-Hoc
TVS Emerald,1,0,0,0,0,Business Operations / Management Analyst,2,Tier D (Low Relevance / Boutique),P3 - Ad-Hoc
High Court of Allahabad,1,0,0,0,0,Business Operations / Management Analyst,2,Tier D (Low Relevance / Boutique),P3 - Ad-Hoc
Bosch Rexroth India,1,0,0,0,0,Business Operations / Management Analyst,2,Tier D (Low Relevance / Boutique),P3 - Ad-Hoc
LLRI - Learning Labb Research Institute,1,0,0,0,0,Business Operations / Management Analyst,2,Tier D (Low Relevance / Boutique),P3 - Ad-Hoc
Nepal Rastra Bank,1,0,0,0,0,Business Operations / Management Analyst,2,Tier D (Low Relevance / Boutique),P3 - Ad-Hoc
Fintorch India Private Limited,1,0,0,0,0,Business Operations / Management Analyst,2,Tier D (Low Relevance / Boutique),P3 - Ad-Hoc
gOGig.in,1,0,0,0,0,Business Operations / Management Analyst,2,Tier D (Low Relevance / Boutique),P3 - Ad-Hoc
YouTube,1,0,0,0,0,Business Operations / Management Analyst,2,Tier D (Low Relevance / Boutique),P3 - Ad-Hoc
Self Employed - Business,1,0,0,0,0,Business Operations / Management Analyst,2,Tier D (Low Relevance / Boutique),P3 - Ad-Hoc
FeedVector,1,0,0,0,0,Business Operations / Management Analyst,2,Tier D (Low Relevance / Boutique),P3 - Ad-Hoc
CityCab,1,0,0,0,0,Business Operations / Management Analyst,2,Tier D (Low Relevance / Boutique),P3 - Ad-Hoc
ORACLE FINANCIAL SERVICES SOFTWARE LIMITED,1,0,0,0,0,Business Operations / Management Analyst,2,Tier D (Low Relevance / Boutique),P3 - Ad-Hoc
LawFoyer,1,0,0,0,0,Business Operations / Management Analyst,2,Tier D (Low Relevance / Boutique),P3 - Ad-Hoc
SunsysTechsol Pvt. Ltd.,1,0,0,0,0,Business Operations / Management Analyst,2,Tier D (Low Relevance / Boutique),P3 - Ad-Hoc
Onkar Bearing Pvt. Ltd.,1,0,0,0,0,Business Operations / Management Analyst,2,Tier D (Low Relevance / Boutique),P3 - Ad-Hoc
Indian Institute of Astrophysics ( IIA),1,0,0,0,0,Business Operations / Management Analyst,2,Tier D (Low Relevance / Boutique),P3 - Ad-Hoc
Dayananda Sagar Academy of Technology and Management,1,0,0,0,0,Business Operations / Management Analyst,2,Tier D (Low Relevance / Boutique),P3 - Ad-Hoc
Labmentix,1,0,0,0,0,Business Operations / Management Analyst,2,Tier D (Low Relevance / Boutique),P3 - Ad-Hoc
Kia India,1,0,0,0,0,Business Operations / Management Analyst,2,Tier D (Low Relevance / Boutique),P3 - Ad-Hoc
Tandon's Solution Provide,1,0,0,0,0,Business Operations / Management Analyst,2,Tier D (Low Relevance / Boutique),P3 - Ad-Hoc
iMicro System,1,0,0,0,0,Business Operations / Management Analyst,2,Tier D (Low Relevance / Boutique),P3 - Ad-Hoc
Dexter Capital Advisors,1,0,0,0,0,Business Operations / Management Analyst,2,Tier D (Low Relevance / Boutique),P3 - Ad-Hoc
"Model United Nations Society, School of law",1,0,0,0,0,Business Operations / Management Analyst,2,Tier D (Low Relevance / Boutique),P3 - Ad-Hoc
Forever Living Products (Home Office),1,0,0,0,0,Business Operations / Management Analyst,2,Tier D (Low Relevance / Boutique),P3 - Ad-Hoc
Cyware,1,0,0,0,0,Business Operations / Management Analyst,2,Tier D (Low Relevance / Boutique),P3 - Ad-Hoc
OIP Insurtech,1,0,0,0,0,Business Operations / Management Analyst,2,Tier D (Low Relevance / Boutique),P3 - Ad-Hoc
Domino's,1,0,0,0,0,Business Operations / Management Analyst,2,Tier D (Low Relevance / Boutique),P3 - Ad-Hoc
Rooman Technologies Pvt Ltd,1,0,0,0,0,Business Operations / Management Analyst,2,Tier D (Low Relevance / Boutique),P3 - Ad-Hoc
Bharat Intern,1,0,0,0,0,Business Operations / Management Analyst,2,Tier D (Low Relevance / Boutique),P3 - Ad-Hoc
magicpin,1,0,0,0,0,Business Operations / Management Analyst,2,Tier D (Low Relevance / Boutique),P3 - Ad-Hoc
PedalStart,1,0,0,0,0,Business Operations / Management Analyst,2,Tier D (Low Relevance / Boutique),P3 - Ad-Hoc
NGO milaan foundation,1,0,0,0,0,Business Operations / Management Analyst,2,Tier D (Low Relevance / Boutique),P3 - Ad-Hoc
DRDO Labs-LRDE,1,0,0,0,0,Business Operations / Management Analyst,2,Tier D (Low Relevance / Boutique),P3 - Ad-Hoc
Navya therapeutics Pvt. ltd.,1,0,0,0,0,Business Operations / Management Analyst,2,Tier D (Low Relevance / Boutique),P3 - Ad-Hoc
Deltek,1,0,0,0,0,Business Operations / Management Analyst,2,Tier D (Low Relevance / Boutique),P3 - Ad-Hoc
Havas Creative Network India,1,0,0,0,0,Business Operations / Management Analyst,2,Tier D (Low Relevance / Boutique),P3 - Ad-Hoc
Hospital,1,0,0,0,0,Business Operations / Management Analyst,2,Tier D (Low Relevance / Boutique),P3 - Ad-Hoc
dhi Hospitality,1,0,0,0,0,Business Operations / Management Analyst,2,Tier D (Low Relevance / Boutique),P3 - Ad-Hoc
Stibo Systems,1,0,0,0,0,Business Operations / Management Analyst,2,Tier D (Low Relevance / Boutique),P3 - Ad-Hoc
Tads Education,1,0,0,0,0,Business Operations / Management Analyst,2,Tier D (Low Relevance / Boutique),P3 - Ad-Hoc
Gnothi Seauton,1,0,0,0,0,Business Operations / Management Analyst,2,Tier D (Low Relevance / Boutique),P3 - Ad-Hoc
Nalashaa Solutions,1,0,0,0,0,Business Operations / Management Analyst,2,Tier D (Low Relevance / Boutique),P3 - Ad-Hoc
Woodside Clinic,1,0,0,0,0,Business Operations / Management Analyst,2,Tier D (Low Relevance / Boutique),P3 - Ad-Hoc
B. M. S. College of Engineering,1,0,0,0,0,Business Operations / Management Analyst,2,Tier D (Low Relevance / Boutique),P3 - Ad-Hoc
Gyaankool Research labs,1,0,0,0,0,Business Operations / Management Analyst,2,Tier D (Low Relevance / Boutique),P3 - Ad-Hoc
Bangalore Rusks & Snacks Pvt Ltd,1,0,0,0,0,Business Operations / Management Analyst,2,Tier D (Low Relevance / Boutique),P3 - Ad-Hoc
RVH,1,0,0,0,0,Business Operations / Management Analyst,2,Tier D (Low Relevance / Boutique),P3 - Ad-Hoc
Protea Digital Pvt. Ltd.,1,0,0,0,0,Business Operations / Management Analyst,2,Tier D (Low Relevance / Boutique),P3 - Ad-Hoc
Royal Cyber Inc.,1,0,0,0,0,Business Operations / Management Analyst,2,Tier D (Low Relevance / Boutique),P3 - Ad-Hoc
MGIRT & Co,1,0,0,0,0,Business Operations / Management Analyst,2,Tier D (Low Relevance / Boutique),P3 - Ad-Hoc
Cochin University of Science and Technology (CUSAT),1,0,0,0,0,Business Operations / Management Analyst,2,Tier D (Low Relevance / Boutique),P3 - Ad-Hoc
Ownly,1,0,0,0,0,Business Operations / Management Analyst,2,Tier D (Low Relevance / Boutique),P3 - Ad-Hoc
Opal Infinite,1,0,0,0,0,Business Operations / Management Analyst,2,Tier D (Low Relevance / Boutique),P3 - Ad-Hoc
Everest Group,1,0,0,0,0,Business Operations / Management Analyst,2,Tier D (Low Relevance / Boutique),P3 - Ad-Hoc
Parkinson's Disease and Movement Disorders Clinic,1,0,0,0,0,Business Operations / Management Analyst,2,Tier D (Low Relevance / Boutique),P3 - Ad-Hoc
IEEE,1,0,0,0,0,Business Operations / Management Analyst,2,Tier D (Low Relevance / Boutique),P3 - Ad-Hoc
X-workZ ODC,1,0,0,0,0,Business Operations / Management Analyst,2,Tier D (Low Relevance / Boutique),P3 - Ad-Hoc
Empyrean IIM Jammu,1,0,0,0,0,Business Operations / Management Analyst,2,Tier D (Low Relevance / Boutique),P3 - Ad-Hoc
Rockwell Automation,1,0,0,0,0,Business Operations / Management Analyst,2,Tier D (Low Relevance / Boutique),P3 - Ad-Hoc
Think41,1,0,0,0,0,Business Operations / Management Analyst,2,Tier D (Low Relevance / Boutique),P3 - Ad-Hoc
Wings2i IT Solutions Private Limited,1,0,0,0,0,Business Operations / Management Analyst,2,Tier D (Low Relevance / Boutique),P3 - Ad-Hoc
Rewriting the Code,1,0,0,0,0,Business Operations / Management Analyst,2,Tier D (Low Relevance / Boutique),P3 - Ad-Hoc
Career Power Bankers Adda,1,0,0,0,0,Business Operations / Management Analyst,2,Tier D (Low Relevance / Boutique),P3 - Ad-Hoc
WICCI - Women’s Indian Chamber of Commerce and Industry,1,0,0,0,0,Business Operations / Management Analyst,2,Tier D (Low Relevance / Boutique),P3 - Ad-Hoc
S.K. PANDA & ASSOCIATES,1,0,0,0,0,Business Operations / Management Analyst,2,Tier D (Low Relevance / Boutique),P3 - Ad-Hoc
Arrive,1,0,0,0,0,Business Operations / Management Analyst,2,Tier D (Low Relevance / Boutique),P3 - Ad-Hoc
Taj Westend hotel,1,0,0,0,0,Business Operations / Management Analyst,2,Tier D (Low Relevance / Boutique),P3 - Ad-Hoc
Logos Labs,1,0,0,0,0,Business Operations / Management Analyst,2,Tier D (Low Relevance / Boutique),P3 - Ad-Hoc
Learning Routes,1,0,0,0,0,Business Operations / Management Analyst,2,Tier D (Low Relevance / Boutique),P3 - Ad-Hoc
Indian Red Cross Society (IRCS),1,0,0,0,0,Business Operations / Management Analyst,2,Tier D (Low Relevance / Boutique),P3 - Ad-Hoc
Roveen Corporate Services Pvt. Ltd,1,0,0,0,0,Business Operations / Management Analyst,2,Tier D (Low Relevance / Boutique),P3 - Ad-Hoc
Margin Sentiment Advisorys Pvt Ltd,1,0,0,0,0,Business Operations / Management Analyst,2,Tier D (Low Relevance / Boutique),P3 - Ad-Hoc
Rakuten India,1,0,0,0,0,Business Operations / Management Analyst,2,Tier D (Low Relevance / Boutique),P3 - Ad-Hoc
AVA & Associates,1,0,0,0,0,Business Operations / Management Analyst,2,Tier D (Low Relevance / Boutique),P3 - Ad-Hoc
Fiery,1,0,0,0,0,Business Operations / Management Analyst,2,Tier D (Low Relevance / Boutique),P3 - Ad-Hoc
Scrabble,1,0,0,0,0,Business Operations / Management Analyst,2,Tier D (Low Relevance / Boutique),P3 - Ad-Hoc
MavenMagnet AI,1,0,0,0,0,Business Operations / Management Analyst,2,Tier D (Low Relevance / Boutique),P3 - Ad-Hoc
RAINBOWTEX,1,0,0,0,0,Business Operations / Management Analyst,2,Tier D (Low Relevance / Boutique),P3 - Ad-Hoc
HalfPe.com,1,0,0,0,0,Business Operations / Management Analyst,2,Tier D (Low Relevance / Boutique),P3 - Ad-Hoc
Signify,1,0,0,0,0,Business Operations / Management Analyst,2,Tier D (Low Relevance / Boutique),P3 - Ad-Hoc
"John Distilleries Ltd.,",1,0,0,0,0,Business Operations / Management Analyst,2,Tier D (Low Relevance / Boutique),P3 - Ad-Hoc
R K Associates – Auditor & Tax Consultants Firm,1,0,0,0,0,Business Operations / Management Analyst,2,Tier D (Low Relevance / Boutique),P3 - Ad-Hoc
MMA Design,1,0,0,0,0,Business Operations / Management Analyst,2,Tier D (Low Relevance / Boutique),P3 - Ad-Hoc
Clove,1,0,0,0,0,Business Operations / Management Analyst,2,Tier D (Low Relevance / Boutique),P3 - Ad-Hoc
IEEE Information Theory Society,1,0,0,0,0,Business Operations / Management Analyst,2,Tier D (Low Relevance / Boutique),P3 - Ad-Hoc
Off to Work,1,0,0,0,0,Business Operations / Management Analyst,2,Tier D (Low Relevance / Boutique),P3 - Ad-Hoc
Indian Institute Of Information Technology Allahabad,1,0,0,0,0,Business Operations / Management Analyst,2,Tier D (Low Relevance / Boutique),P3 - Ad-Hoc
Thermo Fisher Scientific,1,0,0,0,0,Business Operations / Management Analyst,2,Tier D (Low Relevance / Boutique),P3 - Ad-Hoc
Tomillo.in,1,0,0,0,0,Business Operations / Management Analyst,2,Tier D (Low Relevance / Boutique),P3 - Ad-Hoc
Quizzine - VSSUT,1,0,0,0,0,Business Operations / Management Analyst,2,Tier D (Low Relevance / Boutique),P3 - Ad-Hoc
S&S Properties,1,0,0,0,0,Business Operations / Management Analyst,2,Tier D (Low Relevance / Boutique),P3 - Ad-Hoc
Nth space solutions private limited,1,0,0,0,0,Business Operations / Management Analyst,2,Tier D (Low Relevance / Boutique),P3 - Ad-Hoc
RxGpt,1,0,0,0,0,Business Operations / Management Analyst,2,Tier D (Low Relevance / Boutique),P3 - Ad-Hoc
Custom Elements Pvt. Ltd.,1,0,0,0,0,Business Operations / Management Analyst,2,Tier D (Low Relevance / Boutique),P3 - Ad-Hoc
NotHuman.AI,1,0,0,0,0,Business Operations / Management Analyst,2,Tier D (Low Relevance / Boutique),P3 - Ad-Hoc
Entrepreneurs' Club GITAM Bengaluru,1,0,0,0,0,Business Operations / Management Analyst,2,Tier D (Low Relevance / Boutique),P3 - Ad-Hoc
Snack Media,1,0,0,0,0,Business Operations / Management Analyst,2,Tier D (Low Relevance / Boutique),P3 - Ad-Hoc
Freebird App Studio LLP,1,0,0,0,0,Business Operations / Management Analyst,2,Tier D (Low Relevance / Boutique),P3 - Ad-Hoc
GIBS Business School,1,0,0,0,0,Business Operations / Management Analyst,2,Tier D (Low Relevance / Boutique),P3 - Ad-Hoc
Green gene guild,1,0,0,0,0,Business Operations / Management Analyst,2,Tier D (Low Relevance / Boutique),P3 - Ad-Hoc
Datzon Technologies,1,0,0,0,0,Business Operations / Management Analyst,2,Tier D (Low Relevance / Boutique),P3 - Ad-Hoc
Inbound Aerospace,1,0,0,0,0,Business Operations / Management Analyst,2,Tier D (Low Relevance / Boutique),P3 - Ad-Hoc
Anko GCC,1,0,0,0,0,Business Operations / Management Analyst,2,Tier D (Low Relevance / Boutique),P3 - Ad-Hoc
Zarthi,1,0,0,0,0,Business Operations / Management Analyst,2,Tier D (Low Relevance / Boutique),P3 - Ad-Hoc
CoinGape News,1,0,0,0,0,Business Operations / Management Analyst,2,Tier D (Low Relevance / Boutique),P3 - Ad-Hoc
Jayadev Memorial Rashtrotthana Hospital & Research Centre,1,0,0,0,0,Business Operations / Management Analyst,2,Tier D (Low Relevance / Boutique),P3 - Ad-Hoc
Cogfree Consulting LLP,1,0,0,0,0,Business Operations / Management Analyst,2,Tier D (Low Relevance / Boutique),P3 - Ad-Hoc
aham roots,1,0,0,0,0,Business Operations / Management Analyst,2,Tier D (Low Relevance / Boutique),P3 - Ad-Hoc
Alt Digital Technologies,1,0,0,0,0,Business Operations / Management Analyst,2,Tier D (Low Relevance / Boutique),P3 - Ad-Hoc
Alstonair Technologies private limited,1,0,0,0,0,Business Operations / Management Analyst,2,Tier D (Low Relevance / Boutique),P3 - Ad-Hoc
Nivara Home Finance Ltd.,1,0,0,0,0,Business Operations / Management Analyst,2,Tier D (Low Relevance / Boutique),P3 - Ad-Hoc
OpenText,1,0,0,0,0,Business Operations / Management Analyst,2,Tier D (Low Relevance / Boutique),P3 - Ad-Hoc
Mahe Technologies Private Limited,1,0,0,0,0,Business Operations / Management Analyst,2,Tier D (Low Relevance / Boutique),P3 - Ad-Hoc
Maitexa Technologies Private Limited,1,0,0,0,0,Business Operations / Management Analyst,2,Tier D (Low Relevance / Boutique),P3 - Ad-Hoc
DotKonnekt,1,0,0,0,0,Business Operations / Management Analyst,2,Tier D (Low Relevance / Boutique),P3 - Ad-Hoc
Arneja Heart & Multispeciality Hospital,1,0,0,0,0,Business Operations / Management Analyst,2,Tier D (Low Relevance / Boutique),P3 - Ad-Hoc
BLACKHARDSTONE,1,0,0,0,0,Business Operations / Management Analyst,2,Tier D (Low Relevance / Boutique),P3 - Ad-Hoc
Param Foundation,1,0,0,0,0,Business Operations / Management Analyst,2,Tier D (Low Relevance / Boutique),P3 - Ad-Hoc
Hundred Yards Realtor Pvt Ltd,1,0,0,0,0,Business Operations / Management Analyst,2,Tier D (Low Relevance / Boutique),P3 - Ad-Hoc
AuthenticOne,1,0,0,0,0,Business Operations / Management Analyst,2,Tier D (Low Relevance / Boutique),P3 - Ad-Hoc
NeoDove,1,0,0,0,0,Business Operations / Management Analyst,2,Tier D (Low Relevance / Boutique),P3 - Ad-Hoc
BusinessOnBot,1,0,0,0,0,Business Operations / Management Analyst,2,Tier D (Low Relevance / Boutique),P3 - Ad-Hoc
MITTI Cafe,1,0,0,0,0,Business Operations / Management Analyst,2,Tier D (Low Relevance / Boutique),P3 - Ad-Hoc
NTTF (Nettur Technical Training Foundation),1,0,0,0,0,Business Operations / Management Analyst,2,Tier D (Low Relevance / Boutique),P3 - Ad-Hoc
Ce-Chem Pharmaceutical Pvt. Ltd.,1,0,0,0,0,Business Operations / Management Analyst,2,Tier D (Low Relevance / Boutique),P3 - Ad-Hoc
GrowAthlete,1,0,0,0,0,Business Operations / Management Analyst,2,Tier D (Low Relevance / Boutique),P3 - Ad-Hoc
No-Company,1,0,0,0,0,Business Operations / Management Analyst,2,Tier D (Low Relevance / Boutique),P3 - Ad-Hoc
Brand Talk India,1,0,0,0,0,Business Operations / Management Analyst,2,Tier D (Low Relevance / Boutique),P3 - Ad-Hoc
NatWest Markets Plc,1,0,0,0,0,Business Operations / Management Analyst,2,Tier D (Low Relevance / Boutique),P3 - Ad-Hoc
Radio JSJC,1,0,0,0,0,Business Operations / Management Analyst,2,Tier D (Low Relevance / Boutique),P3 - Ad-Hoc
Deck Rooster,1,0,0,0,0,Business Operations / Management Analyst,2,Tier D (Low Relevance / Boutique),P3 - Ad-Hoc
TMEIC India,1,0,0,0,0,Business Operations / Management Analyst,2,Tier D (Low Relevance / Boutique),P3 - Ad-Hoc
Vedalekha Professionals,1,0,0,0,0,Business Operations / Management Analyst,2,Tier D (Low Relevance / Boutique),P3 - Ad-Hoc
Raiseonic,1,0,0,0,0,Business Operations / Management Analyst,2,Tier D (Low Relevance / Boutique),P3 - Ad-Hoc
Clean Harbors,1,0,0,0,0,Business Operations / Management Analyst,2,Tier D (Low Relevance / Boutique),P3 - Ad-Hoc
HUB Interior,1,0,0,0,0,Business Operations / Management Analyst,2,Tier D (Low Relevance / Boutique),P3 - Ad-Hoc
Data Template,1,0,0,0,0,Business Operations / Management Analyst,2,Tier D (Low Relevance / Boutique),P3 - Ad-Hoc
TEACHNOOK (TEACHSCAPE ONLINE LEARNING SERVICES PRIVATE LIMITED),1,0,0,0,0,Business Operations / Management Analyst,2,Tier D (Low Relevance / Boutique),P3 - Ad-Hoc
Reliance Retail India Limited,1,0,0,0,0,Business Operations / Management Analyst,2,Tier D (Low Relevance / Boutique),P3 - Ad-Hoc
Autoverse Mobility Private Limited,1,0,0,0,0,Business Operations / Management Analyst,2,Tier D (Low Relevance / Boutique),P3 - Ad-Hoc
MetricStream,1,0,0,0,0,Business Operations / Management Analyst,2,Tier D (Low Relevance / Boutique),P3 - Ad-Hoc
M5 Mahendra Homes,1,0,0,0,0,Business Operations / Management Analyst,2,Tier D (Low Relevance / Boutique),P3 - Ad-Hoc
TikTok Shop,1,0,0,0,0,Business Operations / Management Analyst,2,Tier D (Low Relevance / Boutique),P3 - Ad-Hoc
Federal Bank,1,0,0,0,0,Business Operations / Management Analyst,2,Tier D (Low Relevance / Boutique),P3 - Ad-Hoc
INNOVERSE (Govt. of Karnataka),1,0,0,0,0,Business Operations / Management Analyst,2,Tier D (Low Relevance / Boutique),P3 - Ad-Hoc
R L Fine Chem Pvt. Ltd.,1,0,0,0,0,Business Operations / Management Analyst,2,Tier D (Low Relevance / Boutique),P3 - Ad-Hoc
Besant Technologies,1,0,0,0,0,Business Operations / Management Analyst,2,Tier D (Low Relevance / Boutique),P3 - Ad-Hoc
Edgistify,1,0,0,0,0,Business Operations / Management Analyst,2,Tier D (Low Relevance / Boutique),P3 - Ad-Hoc
BMEC Imaging Pvt Ltd,1,0,0,0,0,Business Operations / Management Analyst,2,Tier D (Low Relevance / Boutique),P3 - Ad-Hoc
"Indian Institute of Technology, Madras",1,0,0,0,0,Business Operations / Management Analyst,2,Tier D (Low Relevance / Boutique),P3 - Ad-Hoc
Amaris Consulting,1,0,0,0,0,Business Operations / Management Analyst,2,Tier D (Low Relevance / Boutique),P3 - Ad-Hoc
CareBharat Insurance,1,0,0,0,0,Business Operations / Management Analyst,2,Tier D (Low Relevance / Boutique),P3 - Ad-Hoc
IntelliPro,1,0,0,0,0,Business Operations / Management Analyst,2,Tier D (Low Relevance / Boutique),P3 - Ad-Hoc
Trinity Edures,1,0,0,0,0,Business Operations / Management Analyst,2,Tier D (Low Relevance / Boutique),P3 - Ad-Hoc
QualityAI,1,0,0,0,0,Business Operations / Management Analyst,2,Tier D (Low Relevance / Boutique),P3 - Ad-Hoc
Scimplify,1,0,0,0,0,Business Operations / Management Analyst,2,Tier D (Low Relevance / Boutique),P3 - Ad-Hoc
ReLU Technologies Private Limited,1,0,0,0,0,Business Operations / Management Analyst,2,Tier D (Low Relevance / Boutique),P3 - Ad-Hoc
Tata Advanced Systems Limited,1,0,0,0,0,Business Operations / Management Analyst,2,Tier D (Low Relevance / Boutique),P3 - Ad-Hoc
Vivnovation,1,0,0,0,0,Business Operations / Management Analyst,2,Tier D (Low Relevance / Boutique),P3 - Ad-Hoc
Koch,1,0,0,0,0,Business Operations / Management Analyst,2,Tier D (Low Relevance / Boutique),P3 - Ad-Hoc
"SGGK & Co LLP, Chartered Accountants",1,0,0,0,0,Business Operations / Management Analyst,2,Tier D (Low Relevance / Boutique),P3 - Ad-Hoc
Vayah Vikas,1,0,0,0,0,Business Operations / Management Analyst,2,Tier D (Low Relevance / Boutique),P3 - Ad-Hoc
Gloroots AI,1,0,0,0,0,Business Operations / Management Analyst,2,Tier D (Low Relevance / Boutique),P3 - Ad-Hoc
MC Research Private Limited- Reliable & Trusted Partner for IP Research & Analytics,1,0,0,0,0,Business Operations / Management Analyst,2,Tier D (Low Relevance / Boutique),P3 - Ad-Hoc
Adzguru Exports LLP,1,0,0,0,0,Business Operations / Management Analyst,2,Tier D (Low Relevance / Boutique),P3 - Ad-Hoc
Titan Engineering & Automation Limited,1,0,0,0,0,Business Operations / Management Analyst,2,Tier D (Low Relevance / Boutique),P3 - Ad-Hoc
GroundTruth,1,0,0,0,0,Business Operations / Management Analyst,2,Tier D (Low Relevance / Boutique),P3 - Ad-Hoc
Fleetronix Systems Private Limited,1,0,0,0,0,Business Operations / Management Analyst,2,Tier D (Low Relevance / Boutique),P3 - Ad-Hoc
Skylark Drones,1,0,0,0,0,Business Operations / Management Analyst,2,Tier D (Low Relevance / Boutique),P3 - Ad-Hoc
Centre for Budget and Policy Studies (CBPS),1,0,0,0,0,Business Operations / Management Analyst,2,Tier D (Low Relevance / Boutique),P3 - Ad-Hoc
Guitcom Consulting Pvt. Limited,1,0,0,0,0,Business Operations / Management Analyst,2,Tier D (Low Relevance / Boutique),P3 - Ad-Hoc
Qubinex Technologies Pvt Ltd.,1,0,0,0,0,Business Operations / Management Analyst,2,Tier D (Low Relevance / Boutique),P3 - Ad-Hoc
Resillion,1,0,0,0,0,Business Operations / Management Analyst,2,Tier D (Low Relevance / Boutique),P3 - Ad-Hoc
Grant Thornton UK,1,0,0,0,0,Business Operations / Management Analyst,2,Tier D (Low Relevance / Boutique),P3 - Ad-Hoc
Team Trixanth,1,0,0,0,0,Business Operations / Management Analyst,2,Tier D (Low Relevance / Boutique),P3 - Ad-Hoc
Deciphex,1,0,0,0,0,Business Operations / Management Analyst,2,Tier D (Low Relevance / Boutique),P3 - Ad-Hoc
IEEE Computational Intelligence Society,1,0,0,0,0,Business Operations / Management Analyst,2,Tier D (Low Relevance / Boutique),P3 - Ad-Hoc
Relanto,1,0,0,0,0,Business Operations / Management Analyst,2,Tier D (Low Relevance / Boutique),P3 - Ad-Hoc
Vikram Nuvotech,1,0,0,0,0,Business Operations / Management Analyst,2,Tier D (Low Relevance / Boutique),P3 - Ad-Hoc
AXA Global Business Services (AXA GBS),1,0,0,0,0,Business Operations / Management Analyst,2,Tier D (Low Relevance / Boutique),P3 - Ad-Hoc
The Akanksha Foundation,1,0,0,0,0,Business Operations / Management Analyst,2,Tier D (Low Relevance / Boutique),P3 - Ad-Hoc
International Institute of Information Technology Bangalore,1,0,0,0,0,Business Operations / Management Analyst,2,Tier D (Low Relevance / Boutique),P3 - Ad-Hoc
Krutrim,1,0,0,0,0,Business Operations / Management Analyst,2,Tier D (Low Relevance / Boutique),P3 - Ad-Hoc
3AceActivity,1,0,0,0,0,Business Operations / Management Analyst,2,Tier D (Low Relevance / Boutique),P3 - Ad-Hoc
Navodita Infotech,1,0,0,0,0,Business Operations / Management Analyst,2,Tier D (Low Relevance / Boutique),P3 - Ad-Hoc
Solutionec,1,0,0,0,0,Business Operations / Management Analyst,2,Tier D (Low Relevance / Boutique),P3 - Ad-Hoc
Eth Tech,1,0,0,0,0,Business Operations / Management Analyst,2,Tier D (Low Relevance / Boutique),P3 - Ad-Hoc
Urban Ethnographers,1,0,0,0,0,Business Operations / Management Analyst,2,Tier D (Low Relevance / Boutique),P3 - Ad-Hoc
Cytiva,1,0,0,0,0,Business Operations / Management Analyst,2,Tier D (Low Relevance / Boutique),P3 - Ad-Hoc
ASML,1,0,0,0,0,Business Operations / Management Analyst,2,Tier D (Low Relevance / Boutique),P3 - Ad-Hoc
Air New Zealand,1,0,0,0,0,Business Operations / Management Analyst,2,Tier D (Low Relevance / Boutique),P3 - Ad-Hoc
Micron Technology,1,0,0,0,0,Business Operations / Management Analyst,2,Tier D (Low Relevance / Boutique),P3 - Ad-Hoc
Snowflake,1,0,0,0,0,Business Operations / Management Analyst,2,Tier D (Low Relevance / Boutique),P3 - Ad-Hoc
TUV India Pvt. Ltd.,1,0,0,0,0,Business Operations / Management Analyst,2,Tier D (Low Relevance / Boutique),P3 - Ad-Hoc
Soultales,1,0,0,0,0,Business Operations / Management Analyst,2,Tier D (Low Relevance / Boutique),P3 - Ad-Hoc
Crown Fund,1,0,0,0,0,Business Operations / Management Analyst,2,Tier D (Low Relevance / Boutique),P3 - Ad-Hoc
Heartstream,1,0,0,0,0,Business Operations / Management Analyst,2,Tier D (Low Relevance / Boutique),P3 - Ad-Hoc
DS Group,1,0,0,0,0,Business Operations / Management Analyst,2,Tier D (Low Relevance / Boutique),P3 - Ad-Hoc
Alletec,1,0,0,0,0,Business Operations / Management Analyst,2,Tier D (Low Relevance / Boutique),P3 - Ad-Hoc
Brick City Capital,1,0,0,0,0,Business Operations / Management Analyst,2,Tier D (Low Relevance / Boutique),P3 - Ad-Hoc
ABB E-mobility,1,0,0,0,0,Business Operations / Management Analyst,2,Tier D (Low Relevance / Boutique),P3 - Ad-Hoc
Hexcel Corporation,1,0,0,0,0,Business Operations / Management Analyst,2,Tier D (Low Relevance / Boutique),P3 - Ad-Hoc
Defence Research and Development Organisation (DRDO),1,0,0,0,0,Business Operations / Management Analyst,2,Tier D (Low Relevance / Boutique),P3 - Ad-Hoc
INTERNATIONAL REPUBLIC MODEL UNITED NATIONS,1,0,0,0,0,Business Operations / Management Analyst,2,Tier D (Low Relevance / Boutique),P3 - Ad-Hoc
Ipsos,1,0,0,0,0,Business Operations / Management Analyst,2,Tier D (Low Relevance / Boutique),P3 - Ad-Hoc
Research and Information System for Developing Countries (RIS),1,0,0,0,0,Business Operations / Management Analyst,2,Tier D (Low Relevance / Boutique),P3 - Ad-Hoc
Commure,1,0,0,0,0,Business Operations / Management Analyst,2,Tier D (Low Relevance / Boutique),P3 - Ad-Hoc
HARMAN India,1,0,0,0,0,Business Operations / Management Analyst,2,Tier D (Low Relevance / Boutique),P3 - Ad-Hoc
archelos intelsense technologies,1,0,0,0,0,Business Operations / Management Analyst,2,Tier D (Low Relevance / Boutique),P3 - Ad-Hoc
Tranalab,1,0,0,0,0,Business Operations / Management Analyst,2,Tier D (Low Relevance / Boutique),P3 - Ad-Hoc
Endor Labs,1,0,0,0,0,Business Operations / Management Analyst,2,Tier D (Low Relevance / Boutique),P3 - Ad-Hoc
Scritique,1,0,0,0,0,Business Operations / Management Analyst,2,Tier D (Low Relevance / Boutique),P3 - Ad-Hoc
Enovis,1,0,0,0,0,Business Operations / Management Analyst,2,Tier D (Low Relevance / Boutique),P3 - Ad-Hoc
Zanskar Securities,1,0,0,0,0,Business Operations / Management Analyst,2,Tier D (Low Relevance / Boutique),P3 - Ad-Hoc
366Pi Technologies,1,0,0,0,0,Business Operations / Management Analyst,2,Tier D (Low Relevance / Boutique),P3 - Ad-Hoc
LabCorp Drug Development,1,0,0,0,0,Business Operations / Management Analyst,2,Tier D (Low Relevance / Boutique),P3 - Ad-Hoc
Black Hat Talent Solutions & Consulting,1,0,0,0,0,Business Operations / Management Analyst,2,Tier D (Low Relevance / Boutique),P3 - Ad-Hoc
"Institut für Akustik und Dynamik, Technische Universität Braunschweig",1,0,0,0,0,Business Operations / Management Analyst,2,Tier D (Low Relevance / Boutique),P3 - Ad-Hoc
DeltaX,1,0,0,0,0,Business Operations / Management Analyst,2,Tier D (Low Relevance / Boutique),P3 - Ad-Hoc
DataSleek,1,0,0,0,0,Business Operations / Management Analyst,2,Tier D (Low Relevance / Boutique),P3 - Ad-Hoc
The Reward Store (A Vananam Company),1,0,0,0,0,Business Operations / Management Analyst,2,Tier D (Low Relevance / Boutique),P3 - Ad-Hoc
Unit of Test Yantra (Q & J Spiders),1,0,0,0,0,Business Operations / Management Analyst,2,Tier D (Low Relevance / Boutique),P3 - Ad-Hoc
Cresilon,1,0,0,0,0,Business Operations / Management Analyst,2,Tier D (Low Relevance / Boutique),P3 - Ad-Hoc
Believe,1,0,0,0,0,Business Operations / Management Analyst,2,Tier D (Low Relevance / Boutique),P3 - Ad-Hoc
LuLu Finserv,1,0,0,0,0,Business Operations / Management Analyst,2,Tier D (Low Relevance / Boutique),P3 - Ad-Hoc
Utilitarian Labs,1,0,0,0,0,Business Operations / Management Analyst,2,Tier D (Low Relevance / Boutique),P3 - Ad-Hoc
Qissahauz,1,0,0,0,0,Business Operations / Management Analyst,2,Tier D (Low Relevance / Boutique),P3 - Ad-Hoc
Saraswa Consulting LLP,1,0,0,0,0,Business Operations / Management Analyst,2,Tier D (Low Relevance / Boutique),P3 - Ad-Hoc
Adtech Corp,1,0,0,0,0,Business Operations / Management Analyst,2,Tier D (Low Relevance / Boutique),P3 - Ad-Hoc
EveryWhereAgents,1,0,0,0,0,Business Operations / Management Analyst,2,Tier D (Low Relevance / Boutique),P3 - Ad-Hoc
USC Viterbi School of Engineering,1,0,0,0,0,Business Operations / Management Analyst,2,Tier D (Low Relevance / Boutique),P3 - Ad-Hoc
Zigzag AI,1,0,0,0,0,Business Operations / Management Analyst,2,Tier D (Low Relevance / Boutique),P3 - Ad-Hoc
Recruit CRM,1,0,0,0,0,Business Operations / Management Analyst,2,Tier D (Low Relevance / Boutique),P3 - Ad-Hoc
LKQ Corporation,1,0,0,0,0,Business Operations / Management Analyst,2,Tier D (Low Relevance / Boutique),P3 - Ad-Hoc
inMorphis,1,0,0,0,0,Business Operations / Management Analyst,2,Tier D (Low Relevance / Boutique),P3 - Ad-Hoc
LG Soft India,1,0,0,0,0,Business Operations / Management Analyst,2,Tier D (Low Relevance / Boutique),P3 - Ad-Hoc
Upanal CNC Solutions,1,0,0,0,0,Business Operations / Management Analyst,2,Tier D (Low Relevance / Boutique),P3 - Ad-Hoc
iServeU,1,0,0,0,0,Business Operations / Management Analyst,2,Tier D (Low Relevance / Boutique),P3 - Ad-Hoc
Mahindra Aerospace,1,0,0,0,0,Business Operations / Management Analyst,2,Tier D (Low Relevance / Boutique),P3 - Ad-Hoc
EnTraCon Services,1,0,0,0,0,Business Operations / Management Analyst,2,Tier D (Low Relevance / Boutique),P3 - Ad-Hoc
PSMG & ASSOCIATES,1,0,0,0,0,Business Operations / Management Analyst,2,Tier D (Low Relevance / Boutique),P3 - Ad-Hoc
IEEE Council on Electronic Design Automation,1,0,0,0,0,Business Operations / Management Analyst,2,Tier D (Low Relevance / Boutique),P3 - Ad-Hoc
AccelSoft Infotech,1,0,0,0,0,Business Operations / Management Analyst,2,Tier D (Low Relevance / Boutique),P3 - Ad-Hoc
Tellia,1,0,0,0,0,Business Operations / Management Analyst,2,Tier D (Low Relevance / Boutique),P3 - Ad-Hoc
York Racecourse,1,0,0,0,0,Business Operations / Management Analyst,2,Tier D (Low Relevance / Boutique),P3 - Ad-Hoc
"Shobitam, Inc",1,0,0,0,0,Business Operations / Management Analyst,2,Tier D (Low Relevance / Boutique),P3 - Ad-Hoc
Norstella,1,0,0,0,0,Business Operations / Management Analyst,2,Tier D (Low Relevance / Boutique),P3 - Ad-Hoc
Augmedix,1,0,0,0,0,Business Operations / Management Analyst,2,Tier D (Low Relevance / Boutique),P3 - Ad-Hoc
Connect Chemicals Group,1,0,0,0,0,Business Operations / Management Analyst,2,Tier D (Low Relevance / Boutique),P3 - Ad-Hoc
DOTCH ENDEAVOURS PVT.LTD,1,0,0,0,0,Business Operations / Management Analyst,2,Tier D (Low Relevance / Boutique),P3 - Ad-Hoc
"Zones, LLC",1,0,0,0,0,Business Operations / Management Analyst,2,Tier D (Low Relevance / Boutique),P3 - Ad-Hoc
Liberty Tax,1,0,0,0,0,Business Operations / Management Analyst,2,Tier D (Low Relevance / Boutique),P3 - Ad-Hoc
Log9 Materials,1,0,0,0,0,Business Operations / Management Analyst,2,Tier D (Low Relevance / Boutique),P3 - Ad-Hoc
Amicorp Group,1,0,0,0,0,Business Operations / Management Analyst,2,Tier D (Low Relevance / Boutique),P3 - Ad-Hoc
State Dorensic Science Laboratory Goa,1,0,0,0,0,Business Operations / Management Analyst,2,Tier D (Low Relevance / Boutique),P3 - Ad-Hoc
Adverb Inc.,1,0,0,0,0,Business Operations / Management Analyst,2,Tier D (Low Relevance / Boutique),P3 - Ad-Hoc
CBRE,1,0,0,0,0,Business Operations / Management Analyst,2,Tier D (Low Relevance / Boutique),P3 - Ad-Hoc
project44,1,0,0,0,0,Business Operations / Management Analyst,2,Tier D (Low Relevance / Boutique),P3 - Ad-Hoc
Else Digital PVT LTD,1,0,0,0,0,Business Operations / Management Analyst,2,Tier D (Low Relevance / Boutique),P3 - Ad-Hoc
Anarchy Games,1,0,0,0,0,Business Operations / Management Analyst,2,Tier D (Low Relevance / Boutique),P3 - Ad-Hoc
ECRU Marketing and Communication,1,0,0,0,0,Business Operations / Management Analyst,2,Tier D (Low Relevance / Boutique),P3 - Ad-Hoc
MicroGenesis CADSoft Pvt. Ltd.,1,0,0,0,0,Business Operations / Management Analyst,2,Tier D (Low Relevance / Boutique),P3 - Ad-Hoc
Volkswagen Group Technology Solutions India,1,0,0,0,0,Business Operations / Management Analyst,2,Tier D (Low Relevance / Boutique),P3 - Ad-Hoc
L2MRail,1,0,0,0,0,Business Operations / Management Analyst,2,Tier D (Low Relevance / Boutique),P3 - Ad-Hoc
Trifid Media India,1,0,0,0,0,Business Operations / Management Analyst,2,Tier D (Low Relevance / Boutique),P3 - Ad-Hoc
FOXCONN TECHNOLOGY INDIA PVT LTD,1,0,0,0,0,Business Operations / Management Analyst,2,Tier D (Low Relevance / Boutique),P3 - Ad-Hoc
IndiHire Consultants,1,0,0,0,0,Business Operations / Management Analyst,2,Tier D (Low Relevance / Boutique),P3 - Ad-Hoc
STYLUS EVENTS INDIA PRIVATE LIMITED,1,0,0,0,0,Business Operations / Management Analyst,2,Tier D (Low Relevance / Boutique),P3 - Ad-Hoc
Kyuu Studios,1,0,0,0,0,Business Operations / Management Analyst,2,Tier D (Low Relevance / Boutique),P3 - Ad-Hoc
Shuddhi hiims,1,0,0,0,0,Business Operations / Management Analyst,2,Tier D (Low Relevance / Boutique),P3 - Ad-Hoc
Calibr,1,0,0,0,0,Business Operations / Management Analyst,2,Tier D (Low Relevance / Boutique),P3 - Ad-Hoc
RGF Staffing Germany,1,0,0,0,0,Business Operations / Management Analyst,2,Tier D (Low Relevance / Boutique),P3 - Ad-Hoc
ARTPARK,1,0,0,0,0,Business Operations / Management Analyst,2,Tier D (Low Relevance / Boutique),P3 - Ad-Hoc
Manoshanti,1,0,0,0,0,Business Operations / Management Analyst,2,Tier D (Low Relevance / Boutique),P3 - Ad-Hoc
Ozone Overseas Pvt. Ltd. (Exports),1,0,0,0,0,Business Operations / Management Analyst,2,Tier D (Low Relevance / Boutique),P3 - Ad-Hoc
Tempton,1,0,0,0,0,Business Operations / Management Analyst,2,Tier D (Low Relevance / Boutique),P3 - Ad-Hoc
NextICron Technologies,1,0,0,0,0,Business Operations / Management Analyst,2,Tier D (Low Relevance / Boutique),P3 - Ad-Hoc
Publicis Sapient,1,0,0,0,0,Business Operations / Management Analyst,2,Tier D (Low Relevance / Boutique),P3 - Ad-Hoc
Omnicell,1,0,0,0,0,Business Operations / Management Analyst,2,Tier D (Low Relevance / Boutique),P3 - Ad-Hoc
Prabal de-addiction center,1,0,0,0,0,Business Operations / Management Analyst,2,Tier D (Low Relevance / Boutique),P3 - Ad-Hoc
Latitude Services,1,0,0,0,0,Business Operations / Management Analyst,2,Tier D (Low Relevance / Boutique),P3 - Ad-Hoc
Samsung Semiconductor,1,0,0,0,0,Business Operations / Management Analyst,2,Tier D (Low Relevance / Boutique),P3 - Ad-Hoc
First Quadrant Labs,1,0,0,0,0,Business Operations / Management Analyst,2,Tier D (Low Relevance / Boutique),P3 - Ad-Hoc
AC RAJ & COMPANY,1,0,0,0,0,Business Operations / Management Analyst,2,Tier D (Low Relevance / Boutique),P3 - Ad-Hoc
Cogitaas,1,0,0,0,0,Business Operations / Management Analyst,2,Tier D (Low Relevance / Boutique),P3 - Ad-Hoc
CapMint,1,0,0,0,0,Business Operations / Management Analyst,2,Tier D (Low Relevance / Boutique),P3 - Ad-Hoc
Divo,1,0,0,0,0,Business Operations / Management Analyst,2,Tier D (Low Relevance / Boutique),P3 - Ad-Hoc
Onix,1,0,0,0,0,Business Operations / Management Analyst,2,Tier D (Low Relevance / Boutique),P3 - Ad-Hoc
Agile Capital Services,1,0,0,0,0,Business Operations / Management Analyst,2,Tier D (Low Relevance / Boutique),P3 - Ad-Hoc
Investors Fund Services,1,0,0,0,0,Business Operations / Management Analyst,2,Tier D (Low Relevance / Boutique),P3 - Ad-Hoc
"Ordnance Factory Board, Ministry Of Defence",1,0,0,0,0,Business Operations / Management Analyst,2,Tier D (Low Relevance / Boutique),P3 - Ad-Hoc
Episodic Labs,1,0,0,0,0,Business Operations / Management Analyst,2,Tier D (Low Relevance / Boutique),P3 - Ad-Hoc
Center for the Study of Organized Hate (CSOH),1,0,0,0,0,Business Operations / Management Analyst,2,Tier D (Low Relevance / Boutique),P3 - Ad-Hoc
Marico Limited,1,0,0,0,0,Business Operations / Management Analyst,2,Tier D (Low Relevance / Boutique),P3 - Ad-Hoc
Grep Digital | GTM Accelerators - Sovereign Enterprise - White Labelled.,1,0,0,0,0,Business Operations / Management Analyst,2,Tier D (Low Relevance / Boutique),P3 - Ad-Hoc
Zenetic multi-speciality Hospital,1,0,0,0,0,Business Operations / Management Analyst,2,Tier D (Low Relevance / Boutique),P3 - Ad-Hoc
"IEEE VSSUT, BURLA STUDENT BRANCH",1,0,0,0,0,Business Operations / Management Analyst,2,Tier D (Low Relevance / Boutique),P3 - Ad-Hoc
Hyland,1,0,0,0,0,Business Operations / Management Analyst,2,Tier D (Low Relevance / Boutique),P3 - Ad-Hoc
Vssut Robotics,1,0,0,0,0,Business Operations / Management Analyst,2,Tier D (Low Relevance / Boutique),P3 - Ad-Hoc
"DISA Global Solutions, Inc.",1,0,0,0,0,Business Operations / Management Analyst,2,Tier D (Low Relevance / Boutique),P3 - Ad-Hoc
FIMER,1,0,0,0,0,Business Operations / Management Analyst,2,Tier D (Low Relevance / Boutique),P3 - Ad-Hoc
AccelSoft Infotech Pvt Ltd,1,0,0,0,0,Business Operations / Management Analyst,2,Tier D (Low Relevance / Boutique),P3 - Ad-Hoc
Remedo,1,0,0,0,0,Business Operations / Management Analyst,2,Tier D (Low Relevance / Boutique),P3 - Ad-Hoc
SBI Youth for India,1,0,0,0,0,Business Operations / Management Analyst,2,Tier D (Low Relevance / Boutique),P3 - Ad-Hoc
Shangri-La Bengaluru,1,0,0,0,0,Business Operations / Management Analyst,2,Tier D (Low Relevance / Boutique),P3 - Ad-Hoc
Entrepreneurship-Cell @DSU,1,0,0,0,0,Business Operations / Management Analyst,2,Tier D (Low Relevance / Boutique),P3 - Ad-Hoc
Auraverse,1,0,0,0,0,Business Operations / Management Analyst,2,Tier D (Low Relevance / Boutique),P3 - Ad-Hoc
Andreal,1,0,0,0,0,Business Operations / Management Analyst,2,Tier D (Low Relevance / Boutique),P3 - Ad-Hoc
SHANKARANARAYANA LIFE SCIENCES,1,0,0,0,0,Business Operations / Management Analyst,2,Tier D (Low Relevance / Boutique),P3 - Ad-Hoc
APCER Life Sciences,1,0,0,0,0,Business Operations / Management Analyst,2,Tier D (Low Relevance / Boutique),P3 - Ad-Hoc
Learner Infinity Community,1,0,0,0,0,Business Operations / Management Analyst,2,Tier D (Low Relevance / Boutique),P3 - Ad-Hoc
Sri Vishnu Educational Society,1,0,0,0,0,Business Operations / Management Analyst,2,Tier D (Low Relevance / Boutique),P3 - Ad-Hoc
Sewa International,1,0,0,0,0,Business Operations / Management Analyst,2,Tier D (Low Relevance / Boutique),P3 - Ad-Hoc
Futures First,1,0,0,0,0,Business Operations / Management Analyst,2,Tier D (Low Relevance / Boutique),P3 - Ad-Hoc
Vervent,1,0,0,0,0,Business Operations / Management Analyst,2,Tier D (Low Relevance / Boutique),P3 - Ad-Hoc
RGP,1,0,0,0,0,Business Operations / Management Analyst,2,Tier D (Low Relevance / Boutique),P3 - Ad-Hoc
IG Defence,1,0,0,0,0,Business Operations / Management Analyst,2,Tier D (Low Relevance / Boutique),P3 - Ad-Hoc
Atos IT Solutions and Services A/S,1,0,0,0,0,Business Operations / Management Analyst,2,Tier D (Low Relevance / Boutique),P3 - Ad-Hoc
Sundaram Clayton Limited,1,0,0,0,0,Business Operations / Management Analyst,2,Tier D (Low Relevance / Boutique),P3 - Ad-Hoc
LKQ India Private Limited,1,0,0,0,0,Business Operations / Management Analyst,2,Tier D (Low Relevance / Boutique),P3 - Ad-Hoc
EXO Edge,1,0,0,0,0,Business Operations / Management Analyst,2,Tier D (Low Relevance / Boutique),P3 - Ad-Hoc
Quantumweave Intelligence,1,0,0,0,0,Business Operations / Management Analyst,2,Tier D (Low Relevance / Boutique),P3 - Ad-Hoc
Hello Mentor,1,0,0,0,0,Business Operations / Management Analyst,2,Tier D (Low Relevance / Boutique),P3 - Ad-Hoc
Nur Manzil Psychiatric Centre,1,0,0,0,0,Business Operations / Management Analyst,2,Tier D (Low Relevance / Boutique),P3 - Ad-Hoc
7H Network,1,0,0,0,0,Business Operations / Management Analyst,2,Tier D (Low Relevance / Boutique),P3 - Ad-Hoc
JSS Medical Research,1,0,0,0,0,Business Operations / Management Analyst,2,Tier D (Low Relevance / Boutique),P3 - Ad-Hoc
Scroll.in,1,0,0,0,0,Business Operations / Management Analyst,2,Tier D (Low Relevance / Boutique),P3 - Ad-Hoc
Indigo 91.9 FM,1,0,0,0,0,Business Operations / Management Analyst,2,Tier D (Low Relevance / Boutique),P3 - Ad-Hoc
Maloo Realty,1,0,0,0,0,Business Operations / Management Analyst,2,Tier D (Low Relevance / Boutique),P3 - Ad-Hoc
ZEISS Group,1,0,0,0,0,Business Operations / Management Analyst,2,Tier D (Low Relevance / Boutique),P3 - Ad-Hoc
ComplEat Nutrition Care,1,0,0,0,0,Business Operations / Management Analyst,2,Tier D (Low Relevance / Boutique),P3 - Ad-Hoc
Unstop Banasthali Vidyapith,1,0,0,0,0,Business Operations / Management Analyst,2,Tier D (Low Relevance / Boutique),P3 - Ad-Hoc
Nagaraja K.H & co,1,0,0,0,0,Business Operations / Management Analyst,2,Tier D (Low Relevance / Boutique),P3 - Ad-Hoc
Devexis India,1,0,0,0,0,Business Operations / Management Analyst,2,Tier D (Low Relevance / Boutique),P3 - Ad-Hoc
JK Tech,1,0,0,0,0,Business Operations / Management Analyst,2,Tier D (Low Relevance / Boutique),P3 - Ad-Hoc
IonIdea,1,0,0,0,0,Business Operations / Management Analyst,2,Tier D (Low Relevance / Boutique),P3 - Ad-Hoc
IEMLabs,1,0,0,0,0,Business Operations / Management Analyst,2,Tier D (Low Relevance / Boutique),P3 - Ad-Hoc
"Indian Institute of Technology, Kharagpur",1,0,0,0,0,Business Operations / Management Analyst,2,Tier D (Low Relevance / Boutique),P3 - Ad-Hoc
Truelogic India,1,0,0,0,0,Business Operations / Management Analyst,2,Tier D (Low Relevance / Boutique),P3 - Ad-Hoc
Youth Career Hub,1,0,0,0,0,Business Operations / Management Analyst,2,Tier D (Low Relevance / Boutique),P3 - Ad-Hoc
Digital Risk Academy,1,0,0,0,0,Business Operations / Management Analyst,2,Tier D (Low Relevance / Boutique),P3 - Ad-Hoc
Globussoft Technology,1,0,0,0,0,Business Operations / Management Analyst,2,Tier D (Low Relevance / Boutique),P3 - Ad-Hoc
Capsitech,1,0,0,0,0,Business Operations / Management Analyst,2,Tier D (Low Relevance / Boutique),P3 - Ad-Hoc
Daloopa,1,0,0,0,0,Business Operations / Management Analyst,2,Tier D (Low Relevance / Boutique),P3 - Ad-Hoc
CNA,1,0,0,0,0,Business Operations / Management Analyst,2,Tier D (Low Relevance / Boutique),P3 - Ad-Hoc
APPSeCONNECT,1,0,0,0,0,Business Operations / Management Analyst,2,Tier D (Low Relevance / Boutique),P3 - Ad-Hoc
Daily Excelsior,1,0,0,0,0,Business Operations / Management Analyst,2,Tier D (Low Relevance / Boutique),P3 - Ad-Hoc
SolutionsATI Consulting,1,0,0,0,0,Business Operations / Management Analyst,2,Tier D (Low Relevance / Boutique),P3 - Ad-Hoc
iTriangle,1,0,0,0,0,Business Operations / Management Analyst,2,Tier D (Low Relevance / Boutique),P3 - Ad-Hoc
Innodata Inc.,1,0,0,0,0,Business Operations / Management Analyst,2,Tier D (Low Relevance / Boutique),P3 - Ad-Hoc
wowJobs,1,0,0,0,0,Business Operations / Management Analyst,2,Tier D (Low Relevance / Boutique),P3 - Ad-Hoc
InterviewGod,1,0,0,0,0,Business Operations / Management Analyst,2,Tier D (Low Relevance / Boutique),P3 - Ad-Hoc
Legion Technologies,1,0,0,0,0,Business Operations / Management Analyst,2,Tier D (Low Relevance / Boutique),P3 - Ad-Hoc
GEP Worldwide,1,0,0,0,0,Business Operations / Management Analyst,2,Tier D (Low Relevance / Boutique),P3 - Ad-Hoc
Paychex,1,0,0,0,0,Business Operations / Management Analyst,2,Tier D (Low Relevance / Boutique),P3 - Ad-Hoc
Clear,1,0,0,0,0,Business Operations / Management Analyst,2,Tier D (Low Relevance / Boutique),P3 - Ad-Hoc
Zucitech Software Solutions Pvt. Ltd.,1,0,0,0,0,Business Operations / Management Analyst,2,Tier D (Low Relevance / Boutique),P3 - Ad-Hoc
Rrb&Co,1,0,0,0,0,Business Operations / Management Analyst,2,Tier D (Low Relevance / Boutique),P3 - Ad-Hoc
Resolve360,1,0,0,0,0,Business Operations / Management Analyst,2,Tier D (Low Relevance / Boutique),P3 - Ad-Hoc
SEG Automotive,1,0,0,0,0,Business Operations / Management Analyst,2,Tier D (Low Relevance / Boutique),P3 - Ad-Hoc
Oasys Tech Solution Pvt. Ltd.,1,0,0,0,0,Business Operations / Management Analyst,2,Tier D (Low Relevance / Boutique),P3 - Ad-Hoc
IEEE BANGALORE SECTION,1,0,0,0,0,Business Operations / Management Analyst,2,Tier D (Low Relevance / Boutique),P3 - Ad-Hoc
SystemTron,1,0,0,0,0,Business Operations / Management Analyst,2,Tier D (Low Relevance / Boutique),P3 - Ad-Hoc
Armenian Youth Education Aid,1,0,0,0,0,Business Operations / Management Analyst,2,Tier D (Low Relevance / Boutique),P3 - Ad-Hoc
Connect and Heal - CNH Care,1,0,0,0,0,Business Operations / Management Analyst,2,Tier D (Low Relevance / Boutique),P3 - Ad-Hoc
ValueLabs,1,0,0,0,0,Business Operations / Management Analyst,2,Tier D (Low Relevance / Boutique),P3 - Ad-Hoc
timetohive,1,0,0,0,0,Business Operations / Management Analyst,2,Tier D (Low Relevance / Boutique),P3 - Ad-Hoc
Weststone,1,0,0,0,0,Business Operations / Management Analyst,2,Tier D (Low Relevance / Boutique),P3 - Ad-Hoc
Supply Wisdom,1,0,0,0,0,Business Operations / Management Analyst,2,Tier D (Low Relevance / Boutique),P3 - Ad-Hoc
ZIGRAM,1,0,0,0,0,Business Operations / Management Analyst,2,Tier D (Low Relevance / Boutique),P3 - Ad-Hoc
Atharva College of Engineering,1,0,0,0,0,Business Operations / Management Analyst,2,Tier D (Low Relevance / Boutique),P3 - Ad-Hoc
Bottomline,1,0,0,0,0,Business Operations / Management Analyst,2,Tier D (Low Relevance / Boutique),P3 - Ad-Hoc
Cepheid,1,0,0,0,0,Business Operations / Management Analyst,2,Tier D (Low Relevance / Boutique),P3 - Ad-Hoc
SalesCode.ai,1,0,0,0,0,Business Operations / Management Analyst,2,Tier D (Low Relevance / Boutique),P3 - Ad-Hoc
Seconova,1,0,0,0,0,Business Operations / Management Analyst,2,Tier D (Low Relevance / Boutique),P3 - Ad-Hoc
Omni-Net Technologies Pvt. Ltd,1,0,0,0,0,Business Operations / Management Analyst,2,Tier D (Low Relevance / Boutique),P3 - Ad-Hoc
The Golden Rise,1,0,0,0,0,Business Operations / Management Analyst,2,Tier D (Low Relevance / Boutique),P3 - Ad-Hoc
