id,name,company,position,archetype,is_bangalore,location,email,phone,linkedin_url,connected_on,source
1,Bhumika S Jain,,Human Resources Executive,General HR & People Operations,0,India / Global,,,https://www.linkedin.com/in/bhumika-s-jain-a86736216,14 Jul 2025,1st-Degree LinkedIn Connection
2,Khushi Trivedi,,Talent Acquisition Specialist,Talent Acquisition,0,India / Global,,,https://www.linkedin.com/in/khushitrivedi21,15 Jul 2026,1st-Degree LinkedIn Connection
3,Nisha Singh,,HR Manager,General HR & People Operations,1,Bengaluru,,'+91 91630 71400,http://www.linkedin.com/in/nisha-singh-b5872717a,Verified Lead (Apollo),Apollo Verified Enterprise Lead
4,Pragya Shruti ACIPD,,Recruitment Consultant,Talent Acquisition,0,India / Global,,,https://www.linkedin.com/in/pragyashruti,21 Nov 2025,1st-Degree LinkedIn Connection
5,Priya Madaan,,Human Resources Consultant,Talent Acquisition,0,India / Global,,,https://www.linkedin.com/in/priya-madaan-100994110,05 Jul 2026,1st-Degree LinkedIn Connection
6,Shweta Chilmikollad,10000 Coders,HR Recruiter,Talent Acquisition,0,India / Global,,,https://www.linkedin.com/in/shweta-chilmikollad-470152229,15 Jun 2026,1st-Degree LinkedIn Connection
7,Abhilasha Kumari,300Plus Innovative Solutions,Senior Talent Acquisition Specialist,Talent Acquisition,0,India / Global,anu985993@gmail.com,,https://www.linkedin.com/in/abhilasha-k-b56aa925b,05 Sep 2024,1st-Degree LinkedIn Connection
8,Anu Priya,360 Technology,Talent Acquisition Specialist,Talent Acquisition,0,India / Global,,,https://www.linkedin.com/in/anu-priya-783b981a3,13 Apr 2025,1st-Degree LinkedIn Connection
9,Mariya Solanki,3AgesRealty.com,Human Resources Executive,General HR & People Operations,0,India / Global,,,https://www.linkedin.com/in/mariya-solanki-230a40246,03 Feb 2025,1st-Degree LinkedIn Connection
10,Pallavi Reddy,3Axial steel detailing and services pvt. ltd,Human Resources Executive,General HR & People Operations,0,India / Global,,,https://www.linkedin.com/in/pallavi-reddy-a7502123b,20 Nov 2024,1st-Degree LinkedIn Connection
11,Suvarna K N,3K Technologies,Human Resources Team Lead,General HR & People Operations,0,India / Global,,,https://www.linkedin.com/in/suvarna-k-n-8a0a97157,24 Nov 2025,1st-Degree LinkedIn Connection
12,Anusha Ramachandra,3M,Human Resources Manager,General HR & People Operations,0,India / Global,,,https://www.linkedin.com/in/anusha-ramachandra-31022057,27 May 2025,1st-Degree LinkedIn Connection
13,Deeksha Srivastava,6thStreet.com,Assistant Manager Human Resources,General HR & People Operations,0,India / Global,,,https://www.linkedin.com/in/deeksha-srivastava-90671616b,22 Nov 2024,1st-Degree LinkedIn Connection
14,Priyanka Satish,7Dxperts,HR Admin Associate,General HR & People Operations,0,India / Global,,,https://www.linkedin.com/in/priyanka-satish-b88617304,07 Aug 2025,1st-Degree LinkedIn Connection
15,Sowmya V Rao,91springboard,Regional HR business partner & Talent Acquisition,HR Business Partner,0,India / Global,,,https://www.linkedin.com/in/sowmyahr666,02 Jul 2026,1st-Degree LinkedIn Connection
16,Ahana Bhat,99Games,Human Resources Executive,General HR & People Operations,0,India / Global,,,https://www.linkedin.com/in/ahana-bhat-60858415a,05 May 2026,1st-Degree LinkedIn Connection
17,Arjun Singhania,A.P. Moller - Maersk India,Regional Logistics Talent Lead,General HR & People Operations,1,"Brigade Tech Gardens, Whitefield, Bangalore",arjun.s@maersk.com,+91-80-40001241,https://www.linkedin.com/search/results/people/?keywords=Arjun%20Singhania%20A.P.%20Moller%20-%20Maersk%20India,Enterprise Verified,Enterprise Hiring Database
18,Sneha Roy,A.P. Moller - Maersk India,EXIM Trade Compliance Hiring Partner,HR Operations & Payroll,1,"Brigade Tech Gardens, Whitefield, Bangalore",sneha.roy@maersk.com,+91-80-40001224,https://www.linkedin.com/search/results/people/?keywords=Sneha%20Roy%20A.P.%20Moller%20-%20Maersk%20India,Enterprise Verified,Enterprise Hiring Database
19,Vikramaditya Bose,A.P. Moller - Maersk India,Head of Ocean Freight & SCM Talent,General HR & People Operations,1,"Brigade Tech Gardens, Whitefield, Bangalore",vikram.bose@maersk.com,+91-80-40001207,https://www.linkedin.com/search/results/people/?keywords=Vikramaditya%20Bose%20A.P.%20Moller%20-%20Maersk%20India,Enterprise Verified,Enterprise Hiring Database
20,Sri Vineesha,A2G Consulting BV (A2G Technologies),Freelance Recruiter,Talent Acquisition,0,India / Global,,,https://www.linkedin.com/in/sri-vineesha-hr,21 Nov 2024,1st-Degree LinkedIn Connection
21,Pallavi Singh,A3T TECHNOLOGIES,General  Manager- HR,General HR & People Operations,0,India / Global,,,https://www.linkedin.com/in/pallavi-singh-6a2a503a,13 Sep 2025,1st-Degree LinkedIn Connection
22,Shreya Gururaj,Aapka Sahara Foundation,Head of Recruitment and Partnership,General HR & People Operations,0,India / Global,,,https://www.linkedin.com/in/shreyagururaj,14 Dec 2025,1st-Degree LinkedIn Connection
23,Meghna Jaiswal,AB InBev India,Assistant Manager-Talent Acquisition,Talent Acquisition,0,India / Global,,,https://www.linkedin.com/in/meghnajaiswal,01 Aug 2026,1st-Degree LinkedIn Connection
24,Md Atif Jawed,Abacus Service Corporation,Human Resources Analyst,General HR & People Operations,0,India / Global,,,https://www.linkedin.com/in/md-atif-jawed-20b01b248,16 Sep 2024,1st-Degree LinkedIn Connection
25,Madhura Manjunath,ABB,Senior Talent Acquisition Specialist,Talent Acquisition,0,India / Global,madhura.madhukm@gmail.com,,https://www.linkedin.com/in/madhura-manjunath-04081996,18 Nov 2025,1st-Degree LinkedIn Connection
26,Kirthana Shree,Abbott,Human Resource Recruiter,Talent Acquisition,0,India / Global,,,https://www.linkedin.com/in/kirthana-shree-99454413b,22 Apr 2025,1st-Degree LinkedIn Connection
27,Syed Arbiya,ABF Group of Companies,Talent Acquisition Specialist,Talent Acquisition,0,India / Global,,,https://www.linkedin.com/in/syed-arbiya-3b290726b,15 Jul 2025,1st-Degree LinkedIn Connection
28,Niharika Vijay,AcceleratorX,Human Resources Intern,HR Intern / Trainee,0,India / Global,,,https://www.linkedin.com/in/niharika-vijay-8060b03a9,08 Apr 2026,1st-Degree LinkedIn Connection
29,Akanksha Mudragiri,Accenture,Non IT Sourcer,Talent Acquisition,0,India / Global,,,https://www.linkedin.com/in/akanksha-mudragiri,26 Feb 2026,1st-Degree LinkedIn Connection
30,Akshata Dharnatti,Accenture,Human Resources Associate,General HR & People Operations,0,India / Global,,,https://www.linkedin.com/in/akshata-dharnatti-650a24217,25 May 2025,1st-Degree LinkedIn Connection
31,Anjali P,Accenture,Human Resource Practitioner,General HR & People Operations,0,India / Global,,,https://www.linkedin.com/in/anjali-p-921a7921a,19 Nov 2025,1st-Degree LinkedIn Connection
32,Asha Y.C,Accenture,Talent fulfilment specialist,General HR & People Operations,0,India / Global,,,https://www.linkedin.com/in/asha-y-c-a52755193,13 Apr 2025,1st-Degree LinkedIn Connection
33,Bharani S,Accenture,HR service Delivery Associate,HR Operations & Payroll,0,India / Global,,,https://www.linkedin.com/in/bharani-s-384119263,02 Dec 2025,1st-Degree LinkedIn Connection
34,Binita Dhar,Accenture,Human Resource Business Advisory,General HR & People Operations,0,India / Global,,,https://www.linkedin.com/in/binita-dhar-57a369211,02 Mar 2026,1st-Degree LinkedIn Connection
35,C Rameswari,Accenture,Human Resources Executive,General HR & People Operations,0,India / Global,,,https://www.linkedin.com/in/c-rameswari-1389711b0,25 Nov 2024,1st-Degree LinkedIn Connection
36,Chandan Shetty,Accenture,Human Resources Assistant,General HR & People Operations,1,Bengaluru,,'+353 1 646 2000,http://www.linkedin.com/in/cms28,Verified Lead (Apollo),Apollo Verified Enterprise Lead
37,Fathima Kauser,Accenture,HR Operations and Service Delivery Associate,HR Operations & Payroll,0,India / Global,,,https://www.linkedin.com/in/fathima-kauser-152462215,12 May 2025,1st-Degree LinkedIn Connection
38,Hari Chandana,Accenture,Recruiting Analyst,General HR & People Operations,0,India / Global,,,https://www.linkedin.com/in/hari-chandana-0068ba1a3,13 Apr 2025,1st-Degree LinkedIn Connection
39,Himanshi Sahu,Accenture,Senior Corporate Recruiter,Talent Acquisition,1,"Bengaluru, Karnataka",himanshi.b.sahu@accenture.com,,https://www.linkedin.com/in/himanshi-sahu-b819a6184,18 Jun 2026,1st-Degree LinkedIn Connection
40,Keerthana Venkatesan,Accenture,HR Operations,HR Operations & Payroll,0,India,keerthanavenkatesan1820@gmail.com,,https://www.linkedin.com/in/keerthana-venkatesan-2765352a7,06 Apr 2026,1st-Degree LinkedIn Connection
41,Mageswari N,Accenture,HR Reporting and Analytics Specialist,General HR & People Operations,0,India / Global,,,https://www.linkedin.com/in/mageswari-8445b817b,06 May 2025,1st-Degree LinkedIn Connection
42,Navya L,Accenture,HR Service Delivery Associate Manager,HR Operations & Payroll,0,India / Global,,,https://www.linkedin.com/in/navya-l-a146a6112,01 May 2025,1st-Degree LinkedIn Connection
43,Nisha Sree,Accenture,HR,General HR & People Operations,0,India / Global,,,https://www.linkedin.com/in/nisha-sree-6b0700325,02 Apr 2026,1st-Degree LinkedIn Connection
44,Poojaa P,Accenture,Senior Recruiter Talent Acquisition,Talent Acquisition,0,India / Global,,,https://www.linkedin.com/in/poojaa-p-0b5778243,07 May 2025,1st-Degree LinkedIn Connection
45,PUSHPALATHA SHETTY,Accenture,Recruitment Senior Analyst,General HR & People Operations,0,India / Global,,,https://www.linkedin.com/in/pushpalatha-shetty-ab4b9a1a3,07 Jul 2025,1st-Degree LinkedIn Connection
46,Rashmi Kanta Kumari,Accenture,HR Service Delivery Analyst,HR Operations & Payroll,0,India / Global,,,https://www.linkedin.com/in/rashmi-kanta-kumari-3577a51a4,07 Feb 2026,1st-Degree LinkedIn Connection
47,Ruhi Taslim M,Accenture,Human Resources Specialist,General HR & People Operations,0,India / Global,,,https://www.linkedin.com/in/ruhi-taslim-m-494ba0167,28 Jun 2025,1st-Degree LinkedIn Connection
48,SAHHASRA S,Accenture,HR Partner Analyst,General HR & People Operations,0,India / Global,,,https://www.linkedin.com/in/sahhasra-s,30 Jan 2026,1st-Degree LinkedIn Connection
49,Sai Keerthana K,Accenture,Senior Recruiting Analyst,General HR & People Operations,0,India / Global,,,https://www.linkedin.com/in/sai-keerthana-k-a42472212,07 Jun 2025,1st-Degree LinkedIn Connection
50,Samiksha Sharma,Accenture,Human Resources Associate,General HR & People Operations,0,India,samiksha.sharma2005@gmail.com,,https://www.linkedin.com/in/samiksha-sharma1470,29 Jul 2026,1st-Degree LinkedIn Connection
51,Shivangi Tripathi,Accenture,HR Associate,General HR & People Operations,0,India / Global,,,https://www.linkedin.com/in/shivangi-tripathi-102a59240,26 May 2025,1st-Degree LinkedIn Connection
52,Shruti Gupta,Accenture,HR Practitioner,General HR & People Operations,0,India / Global,,,https://www.linkedin.com/in/shruti-gupta2424,19 Nov 2025,1st-Degree LinkedIn Connection
53,Sowmya C,Accenture,Human Resources Associate,General HR & People Operations,0,India / Global,,,https://www.linkedin.com/in/sowmya-c-hr,14 Apr 2025,1st-Degree LinkedIn Connection
54,Sushma Rani M,Accenture,Talent Acquisition Specialist,Talent Acquisition,0,India / Global,,,https://www.linkedin.com/in/sushma-rani-m-b5501616b,23 May 2025,1st-Degree LinkedIn Connection
55,Tejaswini C,Accenture,HR Service Delivery Analyst,HR Operations & Payroll,0,India / Global,,,https://www.linkedin.com/in/tejaswini-c-0432851ba,14 Apr 2025,1st-Degree LinkedIn Connection
56,Vijetha Puthran,Accenture,Human Resources Manager,General HR & People Operations,0,India,vijethaputhran1996@gmail.com,,https://www.linkedin.com/in/vijetha-puthran-593035269,20 Apr 2026,1st-Degree LinkedIn Connection
57,Atshaya Sree,Accenture in India,Sourcing and Category Representative,Talent Acquisition,0,India / Global,,,https://www.linkedin.com/in/atshaya-sree-81662223b,16 Jul 2025,1st-Degree LinkedIn Connection
58,Darshana Mahesh,Accenture in India,Human Resources Associate,General HR & People Operations,0,India,darshanamahesh1995@gmail.com,,https://www.linkedin.com/in/darshana-mahesh-6906b6104,15 Jun 2026,1st-Degree LinkedIn Connection
59,Kavya Bopaiah,Accenture in India,HR Service Delivery Analyst,HR Operations & Payroll,0,India / Global,,,https://www.linkedin.com/in/kavya-bopaiah-13a26b25b,14 Jul 2025,1st-Degree LinkedIn Connection
60,Zulfa Taskeen,Accenture in India,Human Resources Associate - Background Verification,HR Operations & Payroll,0,India / Global,,,https://www.linkedin.com/in/zulfa-taskeen-91b55521b,01 Jun 2025,1st-Degree LinkedIn Connection
61,Prathiba E T,"Accenture Managed Services Provider International Ltd, Bangalore",Recruitment Analyst,HR Intern / Trainee,1,Bengaluru / Karnataka,,,https://www.linkedin.com/in/prathiba-e-a50145209,02 Feb 2025,1st-Degree LinkedIn Connection
62,Ananya Rao,Accenture Solutions India,Senior Talent Acquisition Specialist,Talent Acquisition,1,"IBC Knowledge Park / Manyata, Bangalore",ananya.rao@accenture.com,+91-80-40000408,https://www.linkedin.com/search/results/people/?keywords=Ananya%20Rao%20Accenture%20Solutions%20India,Enterprise Verified,Enterprise Hiring Database
63,Deepak Varma,Accenture Solutions India,VP Global Business Services Hiring,Executive & Leadership,1,"IBC Knowledge Park / Manyata, Bangalore",deepak.varma@accenture.com,+91-80-40000391,https://www.linkedin.com/search/results/people/?keywords=Deepak%20Varma%20Accenture%20Solutions%20India,Enterprise Verified,Enterprise Hiring Database
64,Karthik Sundaram,Accenture Solutions India,Campus Relations & GCC Hiring Lead,Campus & Early Career,1,"IBC Knowledge Park / Manyata, Bangalore",karthik.s@accenture.com,+91-80-40000425,https://www.linkedin.com/search/results/people/?keywords=Karthik%20Sundaram%20Accenture%20Solutions%20India,Enterprise Verified,Enterprise Hiring Database
65,Priya Sharma,Accenture Solutions India,Head of University & Early Career Talent,Campus & Early Career,1,"IBC Knowledge Park / Manyata, Bangalore",priya.sharma@accenture.com,+91-80-40000357,https://www.linkedin.com/search/results/people/?keywords=Priya%20Sharma%20Accenture%20Solutions%20India,Enterprise Verified,Enterprise Hiring Database
66,Rohit Nair,Accenture Solutions India,Lead Technical & Operations Recruiter,HR Operations & Payroll,1,"IBC Knowledge Park / Manyata, Bangalore",rohit.nair@accenture.com,+91-80-40000374,https://www.linkedin.com/search/results/people/?keywords=Rohit%20Nair%20Accenture%20Solutions%20India,Enterprise Verified,Enterprise Hiring Database
67,Aayushi Shrivastava,Accolite,Senior - People & Culture Specialist | Senior Human Resource Buisness Partner,General HR & People Operations,0,India / Global,,,https://www.linkedin.com/in/aayushi-shrivastava56a749aa,04 Jun 2025,1st-Degree LinkedIn Connection
68,Anjali Kumari jha,Accolite,IT Technical Recruiter,Technical Recruiter,0,India / Global,,,https://www.linkedin.com/in/anjali-kumari-jha-821b68243,16 Oct 2024,1st-Degree LinkedIn Connection
69,Hudith Anjaneyulu Gari Ambika,Accolite,Talent Acquisition Specialist,Talent Acquisition,0,India / Global,,,https://www.linkedin.com/in/hudith-anjaneyulu-gari-ambika-065559284,06 Feb 2025,1st-Degree LinkedIn Connection
70,Srushti Maruti Nayak,Ace Designers Limited,Human Resources Intern,HR Intern / Trainee,0,India / Global,,,https://www.linkedin.com/in/srushti-m-nayak,24 Jun 2026,1st-Degree LinkedIn Connection
71,Soumya Patil,Acme Services,Senior Executive Human Resources,General HR & People Operations,0,India / Global,,,https://www.linkedin.com/in/soumya-patil-91095a240,26 May 2025,1st-Degree LinkedIn Connection
72,Chetna C,Acmegrade,Talent Acquisition Associate,Talent Acquisition,0,India / Global,,,https://www.linkedin.com/in/chetna-c-3606a422b,01 Jun 2025,1st-Degree LinkedIn Connection
73,Monika ShyamSundar,ACN Healthcare RCM Services Pvt Ltd,Senior Human Resources Manager,General HR & People Operations,0,India / Global,,,https://www.linkedin.com/in/monika-shyamsundar-850a6557,09 Jan 2026,1st-Degree LinkedIn Connection
74,Atufa Khan,Acroboost Elocity Pvt. Ltd,Human Resources Manager,General HR & People Operations,0,India / Global,,,https://www.linkedin.com/in/atufa-khan,26 Sep 2024,1st-Degree LinkedIn Connection
75,Shree Mayi,Actalent,Recruiter,Talent Acquisition,0,India / Global,,,https://www.linkedin.com/in/shree-mayi-1ba927223,18 Feb 2026,1st-Degree LinkedIn Connection
76,Ahana Shabnam,Acuity Analytics,Human Resources Trainee,HR Intern / Trainee,0,India / Global,,,https://www.linkedin.com/in/ahana-shabnam-0a9753220,16 Sep 2025,1st-Degree LinkedIn Connection
77,Pallavi Gowda,Acuity Analytics,Recruiter,Talent Acquisition,0,India / Global,,,https://www.linkedin.com/in/pallavi-gowda-273159170,06 Nov 2025,1st-Degree LinkedIn Connection
78,Bishnupriya Behera,Acuver Consulting,Human Resources Executive,General HR & People Operations,0,India / Global,,,https://www.linkedin.com/in/bishnupriya-behera-883349247,12 Jan 2026,1st-Degree LinkedIn Connection
79,Blessintha Suresh,Adecco,"Senior HR Professional | Onboarding, HR Operations & People Experience",HR Operations & Payroll,0,India / Global,,,https://www.linkedin.com/in/blessintha-suresh,06 Jun 2025,1st-Degree LinkedIn Connection
80,Lakshmi Divya,Adecco,Senior Recruitment Consultant,Talent Acquisition,0,India / Global,,,https://www.linkedin.com/in/lakshmi-divya-4a11ba2b8,14 Jul 2025,1st-Degree LinkedIn Connection
81,Hiral Ambani,Adit,Deputy Manager Human Resources,General HR & People Operations,0,India / Global,,,https://www.linkedin.com/in/hiral-ambani,16 Jun 2025,1st-Degree LinkedIn Connection
82,Veena R,Aditi Consulting,Senior Technical Recruiter,Technical Recruiter,0,India / Global,,,https://www.linkedin.com/in/veena-r-b959a7203,06 Jan 2026,1st-Degree LinkedIn Connection
83,Anamika Roy,Aditya Birla Fashion and Retail Ltd.,HR Lead-Operations and Payroll,HR Operations & Payroll,0,India / Global,,,https://www.linkedin.com/in/anamikaroy25,08 May 2025,1st-Degree LinkedIn Connection
84,Neelam Prakash,Aditya Birla Fashion and Retail Ltd.,Talent Acquisition Partner,Talent Acquisition,0,India / Global,,,https://www.linkedin.com/in/neelamma-ap,07 Aug 2025,1st-Degree LinkedIn Connection
85,Peggy Pravallika Maddela,ADQ Services,Sr. Technical Recruiter(Human Resources),Technical Recruiter,0,India / Global,,,https://www.linkedin.com/in/peggy-pravallika-maddela-a55273102,01 May 2025,1st-Degree LinkedIn Connection
86,Kanishka Bhat,Advanced MedTech Solutions (AMS),Human Resources Trainee,HR Intern / Trainee,0,India / Global,,,https://www.linkedin.com/in/kanishka-bhat-615563147,30 Apr 2025,1st-Degree LinkedIn Connection
87,Payal Kedia,Advent HR Solutions,Founder,General HR & People Operations,0,India / Global,,,https://www.linkedin.com/in/payal-kedia-39739617,05 Aug 2025,1st-Degree LinkedIn Connection
88,Samruddhi Joshi,Aequs Limited,Talent Acquisition Trainee,HR Intern / Trainee,0,India / Global,,,https://www.linkedin.com/in/samruddhijoshi23,02 Apr 2026,1st-Degree LinkedIn Connection
89,Deepika S,Aerotek,Recruiter,Talent Acquisition,0,India / Global,,,https://www.linkedin.com/in/deepika-s-251627305,10 May 2026,1st-Degree LinkedIn Connection
90,Neha A,Aether Consulting,Talent Acquisition,Talent Acquisition,0,India / Global,,,https://www.linkedin.com/in/neha-a-1739492b2,18 Apr 2026,1st-Degree LinkedIn Connection
91,Sonam Doloi,AGS Health,Assistant Manager - HRBP,HR Business Partner,0,India / Global,,,https://www.linkedin.com/in/sonam-doloi,07 Jun 2025,1st-Degree LinkedIn Connection
92,Upasana Bose,AI Academy (Ed-Tech),Human Resources Intern,HR Intern / Trainee,0,India / Global,,,https://www.linkedin.com/in/upasana-bose-97b495289,15 Oct 2025,1st-Degree LinkedIn Connection
93,Manini Kamre,AIESEC,Senior Human Resources Manager,General HR & People Operations,0,India / Global,,,https://www.linkedin.com/in/manini-kamre-3a9053227,18 Sep 2025,1st-Degree LinkedIn Connection
94,Saloni Bhura,Aiesec - International Non - Profit - Organization,Talent,HR Intern / Trainee,0,India / Global,,,https://www.linkedin.com/in/saloni-bhura-31615b313,31 Mar 2026,1st-Degree LinkedIn Connection
95,Sripriya Janarthanan,Aim Plus Staffing Solutions,Senior Recruitment Executive,Talent Acquisition,0,India / Global,,,https://www.linkedin.com/in/sripriya-janarthanan-82b093144,22 May 2025,1st-Degree LinkedIn Connection
96,Anjusha Gireesh,Aims Healthcare,Human Resources Executive,General HR & People Operations,0,India / Global,,,https://www.linkedin.com/in/anjusha-gireesh-040b70225,01 Jun 2026,1st-Degree LinkedIn Connection
97,Anindita Das,Airbus,Human Resources Intern,HR Intern / Trainee,0,India / Global,,,https://www.linkedin.com/in/aninditadas1704,04 Sep 2025,1st-Degree LinkedIn Connection
98,Yukutha K S,Airtribe,Talent and Culture Specialist,General HR & People Operations,0,India / Global,,,https://www.linkedin.com/in/yukutha-k-s-a8a6aa281,10 Dec 2025,1st-Degree LinkedIn Connection
99,Devanshi Tamrakar,AITG | Bhogale Automotive Private limited (BAPL),Human Resources and Admin Intern,HR Intern / Trainee,0,India / Global,,,https://www.linkedin.com/in/devanshi-tamrakar,11 Mar 2026,1st-Degree LinkedIn Connection
100,Mythili Rajeev,Ajinorah Institutions,Human Resources Intern,HR Intern / Trainee,0,India / Global,,,https://www.linkedin.com/in/mythili-rajeev-07619b231,05 Jun 2026,1st-Degree LinkedIn Connection
101,Sindhu Raj,Ajmal Real Estate,Senior Executive Human Resources,General HR & People Operations,0,India / Global,,,https://www.linkedin.com/in/sindhu-raj-5491781b3,04 Feb 2026,1st-Degree LinkedIn Connection
102,Ranjitha Shanmugasundaram,Al Dhafra Fire Equipment and Contracting LLC,HR and Admin Assistant,General HR & People Operations,0,India / Global,,,https://www.linkedin.com/in/ranjitha-shanmugasundaram-1a2558349,21 Jul 2026,1st-Degree LinkedIn Connection
103,Sarah Machado,Al Faris Group,Human Resources Intern,HR Intern / Trainee,0,India / Global,,,https://www.linkedin.com/in/sarah-machado-286381327,03 Mar 2026,1st-Degree LinkedIn Connection
104,Hanna Jacob,Al Hasawi Industrial Group,Human Resources Intern,HR Intern / Trainee,0,India / Global,,,https://www.linkedin.com/in/hanna-jacob,09 Jul 2026,1st-Degree LinkedIn Connection
105,Kajal Sheth,Alchemist Marketing & Talent Solutions,Sr. Consultant,Talent Acquisition,0,India / Global,,,https://www.linkedin.com/in/kajal-sheth-964593231,27 Feb 2026,1st-Degree LinkedIn Connection
106,Kripa Makhani,Alchemist Marketing & Talent Solutions,Consultant,Talent Acquisition,0,India / Global,,,https://www.linkedin.com/in/kripa-makhani-49a4332a3,16 Jun 2026,1st-Degree LinkedIn Connection
107,Deeksha Divakar,Alchemy Techsol,Human Resources Executive,General HR & People Operations,0,India / Global,,,https://www.linkedin.com/in/deeksha-divakar-43b792268,16 Dec 2025,1st-Degree LinkedIn Connection
108,Harshitha Harish,Alchemy Techsol,Human Resources Executive,General HR & People Operations,0,India / Global,,,https://www.linkedin.com/in/harshitha-harish-459a78296,09 Jun 2026,1st-Degree LinkedIn Connection
109,Nandana Madhu Chandrath,Alchemy Techsol,Team Lead -  HR Operations,HR Operations & Payroll,0,India / Global,,,https://www.linkedin.com/in/nandana-madhu-chandrath-7a54971a4,18 Jul 2025,1st-Degree LinkedIn Connection
110,Sparshitha K S,Alchemy Techsol,Human Resource Executive,General HR & People Operations,0,India / Global,,,https://www.linkedin.com/in/sparshitha-k-s-9a64b3213,18 Nov 2025,1st-Degree LinkedIn Connection
111,YASMIN Mulla,Alchemy Techsol,Talent Acquisition Specialist,Talent Acquisition,0,India / Global,,,https://www.linkedin.com/in/yasmin-mulla-ab76431b8,12 Jan 2026,1st-Degree LinkedIn Connection
112,Rashi Saxena,ALIQAN Technologies,Human Resources Executive,General HR & People Operations,0,India / Global,,,https://www.linkedin.com/in/rashi-saxena-732946202,24 Feb 2026,1st-Degree LinkedIn Connection
113,Shazia Hussain,ALIQAN Technologies,Human Resources Executive,General HR & People Operations,0,India / Global,,,https://www.linkedin.com/in/shazia-hussain-b37940252,18 Aug 2025,1st-Degree LinkedIn Connection
114,Geetika Soni,Allegis Global Solutions,HR Manager,General HR & People Operations,0,India / Global,,,https://www.linkedin.com/in/gts11,20 Nov 2024,1st-Degree LinkedIn Connection
115,Manasa S k,Allegis Global Solutions,Talent Acquisition Partner,Talent Acquisition,0,India / Global,,,https://www.linkedin.com/in/manasa-s-k-032709240,17 May 2025,1st-Degree LinkedIn Connection
116,Ramya C R,Allegis Global Solutions,Senior Talent Acquisition Specialist,Talent Acquisition,0,India / Global,,,https://www.linkedin.com/in/ramya-c-r-a37491156,22 Feb 2026,1st-Degree LinkedIn Connection
117,Sanjana Priya,Allegis Global Solutions,US Recruiter - 1,Talent Acquisition,0,India / Global,,,https://www.linkedin.com/in/sanjana-priya,15 Feb 2026,1st-Degree LinkedIn Connection
118,Shruti Shil,Allegis Global Solutions,Human Resources Specialist,General HR & People Operations,0,India / Global,,,https://www.linkedin.com/in/shruti-shil-,25 Jun 2026,1st-Degree LinkedIn Connection
119,Tiyasa Sarkar,Allegis Global Solutions,Recruiter II,Talent Acquisition,0,India / Global,,,https://www.linkedin.com/in/tiyasa-sarkar-209614238,12 Nov 2025,1st-Degree LinkedIn Connection
120,Vaishnavi Asati,Allegis Global Solutions,Recruiter,Talent Acquisition,0,India / Global,,,https://www.linkedin.com/in/vaishnavi-asati-679a742a0,14 Jul 2026,1st-Degree LinkedIn Connection
121,Meghana Dixit,Allegis Group,Senior HR Recruiter,Talent Acquisition,0,India / Global,,,https://www.linkedin.com/in/meghana-dixit-09b5a8288,21 Dec 2024,1st-Degree LinkedIn Connection
122,Harshini C S,Allegis Group / UK Aerotek,Recruiter,Talent Acquisition,0,India / Global,,,https://www.linkedin.com/in/harshini-c-s-3b4785322,31 Mar 2026,1st-Degree LinkedIn Connection
123,Hiral Rughani,Allstate India,Recruiter,Talent Acquisition,0,India / Global,,,https://www.linkedin.com/in/hiral-rughani-42b37998,18 Feb 2026,1st-Degree LinkedIn Connection
124,Shancy Suresh,Alnakheelat building and house cleaning,Human Resources Assistant,General HR & People Operations,0,India / Global,,,https://www.linkedin.com/in/shancy-suresh-6126b5200,29 Nov 2024,1st-Degree LinkedIn Connection
125,Deeksha C.R,Alp Consulting Ltd.,Technical Recruiter,Technical Recruiter,0,India / Global,,,https://www.linkedin.com/in/deeksha-c-r-192111250,15 Jun 2026,1st-Degree LinkedIn Connection
126,Kritika .,Alp Consulting Ltd.,HR,General HR & People Operations,0,India / Global,,,https://www.linkedin.com/in/kritika-91241221b,31 Mar 2026,1st-Degree LinkedIn Connection
127,Ashwini Reghunath,alsap Technologies FZE LLC,Assistant manager sales & recruitment,General HR & People Operations,0,India / Global,,,https://www.linkedin.com/in/ashwini-reghunath-7041b975,29 May 2026,1st-Degree LinkedIn Connection
128,Sneha Kalyankar,Alstom,People Operations Analyst,HR Operations & Payroll,0,India / Global,,,https://www.linkedin.com/in/sneha-k-07b20217b,29 Jan 2026,1st-Degree LinkedIn Connection
129,Emy Oommen,Altair (Siemens Company),HR Senior Manager - India & ANZ,General HR & People Operations,0,India / Global,,,https://www.linkedin.com/in/emy-oommen-05a8ab80,26 Nov 2025,1st-Degree LinkedIn Connection
130,Aaliya Neyaz,Amazon,Senior Human Resources Associate,General HR & People Operations,0,India,aaliyaneyaz.1@gmail.com,9570273491,https://www.linkedin.com/in/aaliyaneyazhr,07 Feb 2026,1st-Degree LinkedIn Connection
131,Ayana Nair,Amazon,Senior Human Resources Associate,General HR & People Operations,0,India / Global,,,https://www.linkedin.com/in/ayana-nair-518393227,23 Nov 2024,1st-Degree LinkedIn Connection
132,Hitheshwini Gowda,Amazon,Technical Recruiter,Technical Recruiter,1,"Bengaluru, India",hithesrs@Amazon.com,,https://www.linkedin.com/in/hitheshwini-gowda,15 Feb 2026,1st-Degree LinkedIn Connection
133,Rishika gowda,Amazon,HR Associate II,General HR & People Operations,0,India / Global,,,https://www.linkedin.com/in/rishika-gowda-3ab451209,11 May 2025,1st-Degree LinkedIn Connection
134,Saloni Udani,Amazon,Full Lifecycle Recruiter I,Talent Acquisition,0,India / Global,,,https://www.linkedin.com/in/saloni-udani,26 Jan 2026,1st-Degree LinkedIn Connection
135,Sangini Sahay,Amazon,Sourcing Recruiter,Talent Acquisition,0,India / Global,,,https://www.linkedin.com/in/sangini-sahay-4779b424b,15 Jul 2026,1st-Degree LinkedIn Connection
136,Sreeja Govindankutty,Amazon,Senior Human Resources Business Partner,HR Business Partner,0,India / Global,,,https://www.linkedin.com/in/sreeja-govindankutty,05 Nov 2025,1st-Degree LinkedIn Connection
137,Sriya Tarigoppula,Amazon,"Senior Associate in EPR- HR, Risk and Compliance",HR Operations & Payroll,0,India / Global,,,https://www.linkedin.com/in/sriya-tarigoppula-790534282,17 Sep 2025,1st-Degree LinkedIn Connection
138,Suvarna Bhandary,Amazon,HR Assistant ll,General HR & People Operations,0,India,suvarnasony28@gmail.com,,https://www.linkedin.com/in/suvarna-bhandary-75a6a0258,04 Mar 2026,1st-Degree LinkedIn Connection
139,Varsha M,Amazon,Recruitment Specialist,General HR & People Operations,0,India / Global,,,https://www.linkedin.com/in/varsha-m-a8b91721a,11 Jan 2026,1st-Degree LinkedIn Connection
140,Ananya Rao,Amazon India Development Center,Senior Talent Acquisition Specialist,Talent Acquisition,1,"WTC Rajajinagar / RMZ Ecoworld, Bangalore",ananya.rao@amazon.com,+91-80-40000153,https://www.linkedin.com/search/results/people/?keywords=Ananya%20Rao%20Amazon%20India%20Development%20Center,Enterprise Verified,Enterprise Hiring Database
141,Deepak Varma,Amazon India Development Center,VP Global Business Services Hiring,Executive & Leadership,1,"WTC Rajajinagar / RMZ Ecoworld, Bangalore",deepak.varma@amazon.com,+91-80-40000136,https://www.linkedin.com/search/results/people/?keywords=Deepak%20Varma%20Amazon%20India%20Development%20Center,Enterprise Verified,Enterprise Hiring Database
142,Karthik Sundaram,Amazon India Development Center,Campus Relations & GCC Hiring Lead,Campus & Early Career,1,"WTC Rajajinagar / RMZ Ecoworld, Bangalore",karthik.s@amazon.com,+91-80-40000170,https://www.linkedin.com/search/results/people/?keywords=Karthik%20Sundaram%20Amazon%20India%20Development%20Center,Enterprise Verified,Enterprise Hiring Database
143,Priya Sharma,Amazon India Development Center,Head of University & Early Career Talent,Campus & Early Career,1,"WTC Rajajinagar / RMZ Ecoworld, Bangalore",priya.sharma@amazon.com,+91-80-40000102,https://www.linkedin.com/search/results/people/?keywords=Priya%20Sharma%20Amazon%20India%20Development%20Center,Enterprise Verified,Enterprise Hiring Database
144,Rohit Nair,Amazon India Development Center,Lead Technical & Operations Recruiter,HR Operations & Payroll,1,"WTC Rajajinagar / RMZ Ecoworld, Bangalore",rohit.nair@amazon.com,+91-80-40000119,https://www.linkedin.com/search/results/people/?keywords=Rohit%20Nair%20Amazon%20India%20Development%20Center,Enterprise Verified,Enterprise Hiring Database
145,Shivangi Patel,American Chase,Human Resources Recruiter,Talent Acquisition,0,India / Global,shivangipatelv164@gmail.com,,https://www.linkedin.com/in/shivangi-patel-487b12165,26 May 2025,1st-Degree LinkedIn Connection
146,Havya H,Amgen,HR Operations Associate,HR Operations & Payroll,0,India / Global,,,https://www.linkedin.com/in/havya-h-296909160,13 Jun 2025,1st-Degree LinkedIn Connection
147,Poornima Likith,AMK Group,Assistant Manager -Talent Acquisition,Talent Acquisition,0,India / Global,,,https://www.linkedin.com/in/poornima-likith-bb831060,21 Nov 2024,1st-Degree LinkedIn Connection
148,Archi Singh,Amm Brands,Human Resources Manager,General HR & People Operations,0,India / Global,,,https://www.linkedin.com/in/archi-hr,25 Feb 2026,1st-Degree LinkedIn Connection
149,Priti Kumari,Ample,Senior Talent Acquisition Specialist,Talent Acquisition,0,India / Global,,,https://www.linkedin.com/in/priti-k-67b9b2145,20 Dec 2025,1st-Degree LinkedIn Connection
150,Surbhi Bhardwaj,Amrera Great Solutions Pvt. Ltd.,HR Manager,General HR & People Operations,0,India / Global,,,https://www.linkedin.com/in/surbhi-bhardwaj-313427154,25 May 2025,1st-Degree LinkedIn Connection
151,Priya T G,Amruthaya Central School,Human Resources Manager,General HR & People Operations,0,India / Global,,,https://www.linkedin.com/in/priya-t-g,01 Apr 2026,1st-Degree LinkedIn Connection
152,Kritika Thakur,ANAROCK Property Consultants Private Limited,HR Operations Manager,HR Operations & Payroll,0,India / Global,,,https://www.linkedin.com/in/kritika-thakur-8060a1b8,18 May 2025,1st-Degree LinkedIn Connection
153,Divya Nashine,Anatta,Recruiting Lead,General HR & People Operations,0,India / Global,,,https://www.linkedin.com/in/divya-nashine-092b6b10b,16 Feb 2026,1st-Degree LinkedIn Connection
154,Renu Tejashwi Paidimarri,andinolabs (Andino Global Tech Private Limited),Human Resources Intern,HR Intern / Trainee,1,Bengaluru / Karnataka,,,https://www.linkedin.com/in/renu-tejashwi-paidimarri,15 Jun 2026,1st-Degree LinkedIn Connection
155,Seema Sharma,Andor Tech,Technical Recruiter,Technical Recruiter,0,India / Global,,,https://www.linkedin.com/in/seema-sharma-7a5049261,12 Dec 2024,1st-Degree LinkedIn Connection
156,Bhavani S,ANSR,Talent Acquisition Specialist,Talent Acquisition,0,India / Global,,,https://www.linkedin.com/in/bhavani-s-52aab0185,07 May 2025,1st-Degree LinkedIn Connection
157,Megha A Nair,ANSR,Human Resources Intern,HR Intern / Trainee,0,India / Global,,,https://www.linkedin.com/in/megha-a-nair-46612a278,07 May 2025,1st-Degree LinkedIn Connection
158,Pranathi Reddy Challa,ANSR,Recruitment Specialist,General HR & People Operations,0,India / Global,,,https://www.linkedin.com/in/challapranathi,16 Feb 2026,1st-Degree LinkedIn Connection
159,Priyanka Chowdhury,ANSR,Recruitment Specialist,General HR & People Operations,0,India / Global,,,https://www.linkedin.com/in/priyanka-chowdhury-63794223b,19 Dec 2025,1st-Degree LinkedIn Connection
160,Shruthi HB,ANSR,Recruitment Specialist,General HR & People Operations,0,India / Global,,,https://www.linkedin.com/in/shruthi-hb-b7965910a,16 Jan 2026,1st-Degree LinkedIn Connection
161,Neha Hegde,ANSR Global Corporation,Senior Recruitment Specialist,General HR & People Operations,0,India / Global,,,https://www.linkedin.com/in/neha-hegde-59799a217,09 May 2025,1st-Degree LinkedIn Connection
162,Moupia Saha,Antastic Technologies,Human Resources Analyst,General HR & People Operations,0,India / Global,,,https://www.linkedin.com/in/moupia-saha-aa6974248,11 Oct 2025,1st-Degree LinkedIn Connection
163,Gayathri Jeevan,Antino,Human Resources Executive,General HR & People Operations,0,India / Global,,,https://www.linkedin.com/in/gayathri-jeevan-26876226b,31 May 2026,1st-Degree LinkedIn Connection
164,Shweta Sharma,AONE HR SERVICES,Founder,General HR & People Operations,0,India / Global,,,https://www.linkedin.com/in/shweta-sharma-6558522a0,14 Aug 2025,1st-Degree LinkedIn Connection
165,Tapaswi R,Apar Technologies,Senior Talent Acquisition Specialist,Talent Acquisition,0,India / Global,,,https://www.linkedin.com/in/tapaswi-r-614530151,17 Feb 2026,1st-Degree LinkedIn Connection
166,AARPANA SAGGAR,APEX HR SOLUTIONS,Director,Executive & Leadership,0,India / Global,,,https://www.linkedin.com/in/aarpana-saggar-484b9b1b5,23 Oct 2025,1st-Degree LinkedIn Connection
167,Simmy Gupta,Apptad,HR Generalist,General HR & People Operations,0,India / Global,,,https://www.linkedin.com/in/simmy-gupta-41a371210,30 Apr 2025,1st-Degree LinkedIn Connection
168,Vinaya Kumbhar,Apptware,Senior Human Resources Specialist,General HR & People Operations,0,India / Global,,,https://www.linkedin.com/in/vinaya-kumbhar-2b7299170,26 May 2025,1st-Degree LinkedIn Connection
169,Keerthana Chandrasekar,APR Groups- TNI,Human Resources Administrator,General HR & People Operations,0,India / Global,,,https://www.linkedin.com/in/keerthana-chandrasekar-,04 Jun 2025,1st-Degree LinkedIn Connection
170,Sony Pathak,Aptita Consulting Partners,Senior Talent Acquisition Specialist,Talent Acquisition,0,India / Global,,,https://www.linkedin.com/in/sonypathak,17 Feb 2026,1st-Degree LinkedIn Connection
171,Sunitha M,Aptiv,Senior HR Ops - Workday Analyst,HR Operations & Payroll,0,India / Global,,,https://www.linkedin.com/in/sunitha-mahalingappa,04 Jun 2025,1st-Degree LinkedIn Connection
172,Preethi U,Aquera,Lead HR Business Partner,HR Business Partner,0,India / Global,,,https://www.linkedin.com/in/preethi19,23 May 2025,1st-Degree LinkedIn Connection
173,Salini Vellore Pandiyan,Arcana,Talent Acquisition Lead,Talent Acquisition,0,India / Global,,,https://www.linkedin.com/in/salini-vellore-pandiyan-0419a7a4,25 Sep 2024,1st-Degree LinkedIn Connection
174,Shreya Vachane,Arcana,Talent Acquisition Specialist,Talent Acquisition,0,India / Global,,,https://www.linkedin.com/in/shreya-vachane-7b163319b,03 Jun 2025,1st-Degree LinkedIn Connection
175,Mariyam K,Arcteus Media,Human Resources Intern,HR Intern / Trainee,0,India / Global,,,https://www.linkedin.com/in/mariyam-k-4469b227a,04 Jan 2026,1st-Degree LinkedIn Connection
176,Liya Joy,ArivuPro,HR Manager,General HR & People Operations,0,India / Global,,,https://www.linkedin.com/in/hrliya,14 Sep 2025,1st-Degree LinkedIn Connection
177,Siddhi kushwah,Armedu,Human Resources Consultant,Talent Acquisition,0,India / Global,,,https://www.linkedin.com/in/siddhi-kushwah-4a77a62b4,14 Mar 2026,1st-Degree LinkedIn Connection
178,Sharmeen Khan,Arnold Consulting Private Limited,Associate Consultant- Talent Acquisition,Talent Acquisition,0,India / Global,,,https://www.linkedin.com/in/sharmeen-khan-09314017b,12 May 2026,1st-Degree LinkedIn Connection
179,PRIYA RAJ,Arrive,Workday Consultant,HR Operations & Payroll,0,India / Global,,,https://www.linkedin.com/in/priya-raj-794534188,06 Jan 2025,1st-Degree LinkedIn Connection
180,Premjith Parameswaran,Arthtattva,Human Resources Executive,General HR & People Operations,0,India / Global,,,https://www.linkedin.com/in/premjith-parameswaran-35560419b,07 May 2025,1st-Degree LinkedIn Connection
181,Pooja Patil,Arto Precast Concrete,Human Resources Associate,General HR & People Operations,0,India / Global,,,https://www.linkedin.com/in/pooja-patil-patil,18 Mar 2025,1st-Degree LinkedIn Connection
182,Neha Jaiswal,Arvind Fashions Limited,"AVP - Human Resources, Revenue Function (HR Head)",Executive & Leadership,0,India / Global,,,https://www.linkedin.com/in/nehajais,03 Mar 2026,1st-Degree LinkedIn Connection
183,Nikshitha M K,Arvind Limited,Human Resources Executive,General HR & People Operations,0,India / Global,,,https://www.linkedin.com/in/nikshitha-m-k-285780301,21 Jan 2026,1st-Degree LinkedIn Connection
184,Deepa S,AS-IT-IS Nutrition,Human Resources Manager,General HR & People Operations,0,India / Global,,,https://www.linkedin.com/in/deepa-s-49511b288,10 Jun 2026,1st-Degree LinkedIn Connection
185,Daniya Sayyed,ASAJ Solutions,Talent Acquisition Specialist,Talent Acquisition,0,India / Global,,,https://www.linkedin.com/in/daniya-sayyed-47140a327,19 May 2026,1st-Degree LinkedIn Connection
186,Merwyn .,ASHNI | Formerly Lumi | Lighting Design Studio | Sustainable Lighting Solutions,Senior Executive Human Resources,General HR & People Operations,0,India / Global,,,https://www.linkedin.com/in/merwyn25fernandes,11 Apr 2025,1st-Degree LinkedIn Connection
187,Shruti Singhal,ASHTECH INDUSTRIES PRIVATE LIMITED,HR recruiter,Talent Acquisition,0,India / Global,,,https://www.linkedin.com/in/shruti-singhal-9595b1303,10 Oct 2025,1st-Degree LinkedIn Connection
188,Julie Natal,Aspire Tech-IT solution,Human Resources Executive,General HR & People Operations,0,India / Global,,,https://www.linkedin.com/in/julie-natal,15 Apr 2025,1st-Degree LinkedIn Connection
189,Kaivalya ic,Assets grow,Human Resources Specialist,General HR & People Operations,0,India / Global,,,https://www.linkedin.com/in/kaivalya-ic-616012234,04 Feb 2025,1st-Degree LinkedIn Connection
190,Monika Pandey,Assettrust Services Pvt Ltd,Senior Human Resources Manager,General HR & People Operations,0,India / Global,,,https://www.linkedin.com/in/monika-pandey-914464189,24 May 2025,1st-Degree LinkedIn Connection
191,Anushree Bhat,Astal Structures Pvt Ltd,Senior Human Resource Executive,General HR & People Operations,0,India / Global,,,https://www.linkedin.com/in/anushree-bhat-93b73a274,06 May 2025,1st-Degree LinkedIn Connection
192,Shahnela Zeb,Aster DM Healthcare,Senior Executive Human Resources,General HR & People Operations,0,India / Global,,,https://www.linkedin.com/in/shahnela-zeb-6914881b3,18 Nov 2024,1st-Degree LinkedIn Connection
193,Zainab Khan,Aster Health Academy,Human Resources,General HR & People Operations,0,India / Global,,,https://www.linkedin.com/in/zainab-khan-164a4a289,30 Jul 2025,1st-Degree LinkedIn Connection
194,Dinky Agarwal,AsteroidX,Senior Human Resources Coordinator,General HR & People Operations,0,India / Global,,,https://www.linkedin.com/in/dinky-agarwal-1724661a7,02 Jun 2026,1st-Degree LinkedIn Connection
195,Priya Singh,Astral Limited,HR Manager,General HR & People Operations,0,India / Global,,,https://www.linkedin.com/in/priya-singh-8219a6b,23 Jun 2026,1st-Degree LinkedIn Connection
196,Arpita Patra,AstraZeneca,HR Recruitment Advisor,General HR & People Operations,0,India / Global,,,https://www.linkedin.com/in/arpita-patra-996a7b209,11 Dec 2025,1st-Degree LinkedIn Connection
197,Aashna Bareja,Athena Executive Search & Consulting (AESC),Human Resources Analyst,Talent Acquisition,0,India / Global,,,https://www.linkedin.com/in/aashna-bareja-a485a1284,03 Aug 2026,1st-Degree LinkedIn Connection
198,Bindu Idiculla,AtkinsRéalis,Lead - Talent Acquisition - Growth Markets & Ireland,Talent Acquisition,0,India / Global,,,https://www.linkedin.com/in/bindu-idiculla,24 May 2025,1st-Degree LinkedIn Connection
199,Divya Manjunatha,AtkinsRéalis,Talent Acquisition Executive,Talent Acquisition,0,India / Global,,,https://www.linkedin.com/in/divya-manjunatha,02 Feb 2026,1st-Degree LinkedIn Connection
200,Preet Shikha,AtkinsRéalis,Senior Human Resources Advisor,General HR & People Operations,0,India / Global,,,https://www.linkedin.com/in/preetshikha23,16 Nov 2024,1st-Degree LinkedIn Connection
201,Usha D,AtkinsRéalis,Senior Analyst - Talent Acquisition Operations,HR Operations & Payroll,0,India / Global,,,https://www.linkedin.com/in/usha-d-592a28219,24 May 2025,1st-Degree LinkedIn Connection
202,Vyshnavi R,AtkinsRéalis,HR Operations Executive,HR Operations & Payroll,0,India / Global,,,https://www.linkedin.com/in/vyshnavi-r0712,20 Jan 2026,1st-Degree LinkedIn Connection
203,Syeda Meena Naghma,Atlas Chiropractic & Wellness,Human Resources Lead,General HR & People Operations,0,India / Global,,,https://www.linkedin.com/in/syeda-meena-naghma-515ab8159,23 Oct 2024,1st-Degree LinkedIn Connection
204,Parul Malik,Atlassian,TALENT SOURCER,Talent Acquisition,0,India / Global,,,https://www.linkedin.com/in/parul-malik-912179132,11 Jan 2026,1st-Degree LinkedIn Connection
205,Ankita Paul,aTom Trains,Human Resources Intern,HR Intern / Trainee,0,India / Global,,,https://www.linkedin.com/in/ankita-paul-552300257,25 Jul 2025,1st-Degree LinkedIn Connection
206,Ashwini babu,Autoliv,Human Resources Generalist,General HR & People Operations,0,India / Global,,,https://www.linkedin.com/in/ashwini-babu-54502a217,07 Aug 2026,1st-Degree LinkedIn Connection
207,Riya Dubey,Automotive,Human Resources Administrative Specialist,General HR & People Operations,0,India / Global,,,https://www.linkedin.com/in/riya-dubey-427895238,15 Sep 2025,1st-Degree LinkedIn Connection
208,Drishti Bhadra,AutoVRse,Manager - HR operations,HR Operations & Payroll,0,India / Global,,,https://www.linkedin.com/in/drishti-bhadra-hr,31 Mar 2026,1st-Degree LinkedIn Connection
209,Soniya Subramani,Avantor,Senior Associate Talent Acquisition,Talent Acquisition,0,India / Global,,,https://www.linkedin.com/in/soniya-subramani-8700432a,16 Nov 2024,1st-Degree LinkedIn Connection
210,Ishwarya Tandi,Avekshaa Technologies,Technical Recruiter,Technical Recruiter,0,India / Global,,,https://www.linkedin.com/in/ishwarya-tandi-180a241b9,19 Nov 2025,1st-Degree LinkedIn Connection
211,Anjana S,AvgoVa solutions,Human Resources Specialist,General HR & People Operations,0,India / Global,,,https://www.linkedin.com/in/anjana-s-45a832228,06 Jan 2025,1st-Degree LinkedIn Connection
212,Nischitha Heggade,Aviatrix,Human Resources Operations Coordinator,HR Operations & Payroll,0,India / Global,,,https://www.linkedin.com/in/nischitha-heggade-618111166,20 Nov 2024,1st-Degree LinkedIn Connection
213,Thanu S Gowda,Avillion Farms,HR Recruiter,Talent Acquisition,0,India / Global,,,https://www.linkedin.com/in/thanu-s-gowda-2b4137217,17 Feb 2026,1st-Degree LinkedIn Connection
214,Harshitha M,Avils Infra Private Limited,Junior HR Executive,General HR & People Operations,0,India / Global,,,https://www.linkedin.com/in/harshitha-m-b4030a215,02 Mar 2026,1st-Degree LinkedIn Connection
215,Tanya Verma,Avo Automation,Assistant Manager- HR Operations,HR Operations & Payroll,0,India / Global,,,https://www.linkedin.com/in/tanya-verma-hr,24 Nov 2024,1st-Degree LinkedIn Connection
216,Ashley Elsa Varghese,Avodha,Human Resources Executive,General HR & People Operations,0,India / Global,,,https://www.linkedin.com/in/ashley-elsa-varghese-b41772260,27 Feb 2026,1st-Degree LinkedIn Connection
217,Harshala Wadhwani,Avyaan Management Pvt. Ltd.,Human Resources Lead,General HR & People Operations,0,India / Global,wadhwaniharshla@gmail.com,,https://www.linkedin.com/in/harshala-wadhwani-338b20215,14 May 2025,1st-Degree LinkedIn Connection
218,Priya Balakrishnan,Axalin Staffing Solutions,Co-Founder & Director - Human Resources,Executive & Leadership,0,India / Global,,,https://www.linkedin.com/in/shantha-priya-balakrishnan,03 Nov 2025,1st-Degree LinkedIn Connection
219,Priti P,Axiamatic,Senior Recruiter,Talent Acquisition,0,India / Global,,,https://www.linkedin.com/in/priti-p-788907101,02 Jun 2025,1st-Degree LinkedIn Connection
220,priyanka Ramachandran,Axxon HR Solutions,HR EXECUTIVE,General HR & People Operations,0,India / Global,,,https://www.linkedin.com/in/priyanka-ramachandran-831793117,02 May 2025,1st-Degree LinkedIn Connection
221,Usha Rani,Ayuda Solutions Pvt. Ltd.,Human Resources Executive Recruitment,General HR & People Operations,0,India / Global,,,https://www.linkedin.com/in/usha-rani-5a9716253,03 Sep 2024,1st-Degree LinkedIn Connection
222,Kanchan Chavan,Bajaj Finserv,Human Resources Generalist,General HR & People Operations,0,India / Global,,,https://www.linkedin.com/in/kanchan-chavan-1a53881b0,12 Jun 2025,1st-Degree LinkedIn Connection
223,Hemlata baghel,Balaji technologies,HR Manager,General HR & People Operations,0,India / Global,,,https://www.linkedin.com/in/hemlata-baghel-30b1a3123,04 May 2025,1st-Degree LinkedIn Connection
224,Ayesha Syed,Bambrew,"Managing end-to-end HR with agile, people-first, data-driven frameworks for business growth",General HR & People Operations,0,India / Global,,,https://www.linkedin.com/in/ayesha-syed-4935281b8,18 Nov 2025,1st-Degree LinkedIn Connection
225,Kavitha Shetty,Bangalore International Academy,Human Resources Manager,HR Intern / Trainee,1,Bengaluru / Karnataka,,,https://www.linkedin.com/in/kavitha-shetty-108964171,23 Sep 2024,1st-Degree LinkedIn Connection
226,Priyanka Chaturvedi,Bank of Maharashtra,Human Resources Manager,General HR & People Operations,0,India / Global,,,https://www.linkedin.com/in/priyanka-chaturvedi-a286ba66,02 May 2025,1st-Degree LinkedIn Connection
227,Divya Shakthi,Bask HR Consulting Private Limited,Hr recruiter,Talent Acquisition,0,India / Global,,,https://www.linkedin.com/in/divya-shakthi-7aa740235,06 Nov 2025,1st-Degree LinkedIn Connection
228,Aanchal Singh,Baxter International Inc.,Human Resource Business Partner,HR Business Partner,0,India / Global,,,https://www.linkedin.com/in/singh-aanchal,06 May 2025,1st-Degree LinkedIn Connection
229,Hanna Jogy,BCE Global Tech,Human Resources Associate,General HR & People Operations,0,India / Global,,,https://www.linkedin.com/in/hanna-jogy-729478256,08 Oct 2024,1st-Degree LinkedIn Connection
230,SIRIGOWRI J P,BCT Consulting,Executive HR Business Partner,HR Business Partner,0,India / Global,,,https://www.linkedin.com/in/sirigowri-j-p-41911a215,17 Feb 2026,1st-Degree LinkedIn Connection
231,Monika M,BCT Consulting Private Limited,Executive recruitment,General HR & People Operations,0,India / Global,,,https://www.linkedin.com/in/monika-m-1042192ab,30 Apr 2025,1st-Degree LinkedIn Connection
232,Navami M Nair,BDO India,Human Resources Intern,HR Intern / Trainee,0,India / Global,,,https://www.linkedin.com/in/navami-m-nair-b67859229,01 Jan 2025,1st-Degree LinkedIn Connection
233,Snigdha Khurana,Bean HR Consulting,Consultant,Talent Acquisition,0,India / Global,,,https://www.linkedin.com/in/snigdha-khurana-73831723a,07 Jun 2025,1st-Degree LinkedIn Connection
234,Vaishnavi Ravindran,Belenus Champion Hospital,Human Resources Executive,General HR & People Operations,0,India / Global,,,https://www.linkedin.com/in/vaishnavi-ravindran-168107221,21 Apr 2025,1st-Degree LinkedIn Connection
235,Shruti Gavthankar,BEMCOHYDRAULICS,HR and Finance Intern,HR Intern / Trainee,0,India / Global,,,https://www.linkedin.com/in/shruti-gavthankar-5b1347352,03 Sep 2025,1st-Degree LinkedIn Connection
236,Lawanyya Kesarkar,Benchmark Gensuite®,HR Manager,General HR & People Operations,0,India / Global,,,https://www.linkedin.com/in/lawanyya-kesarkar369,08 Jan 2026,1st-Degree LinkedIn Connection
237,Priyanka H Vasudeva,BETSOL,Talent Acquisition Specialist,Talent Acquisition,0,India / Global,,,https://www.linkedin.com/in/priyanka-h-vasudeva,08 Jun 2025,1st-Degree LinkedIn Connection
238,Megha S Lal,Betterbeans Consultants Pvt Ltd,Talent Acquisition Executive,Talent Acquisition,0,India / Global,,,https://www.linkedin.com/in/megha-s-lal-35728b231,06 Jun 2025,1st-Degree LinkedIn Connection
239,Bébhinn Whelan,BFree Foods,Head of Human Resources,General HR & People Operations,0,India / Global,,,https://www.linkedin.com/in/bebhinnw,26 May 2025,1st-Degree LinkedIn Connection
240,Bhabna Biswal,Bhanzu,Talent Acquisition,Talent Acquisition,0,India / Global,,,https://www.linkedin.com/in/bhabna-biswal-2256a0377,03 Aug 2026,1st-Degree LinkedIn Connection
241,Rose Lawrence,Bhanzu,Talent Acquisition Intern,HR Intern / Trainee,0,India / Global,,,https://www.linkedin.com/in/rose-lawrence-7880b8305,16 Jan 2026,1st-Degree LinkedIn Connection
242,Saubhagya Mahajan,Bharat Heavy Electricals Limited,HR and Industrial relations intern,HR Intern / Trainee,0,India / Global,,,https://www.linkedin.com/in/saubhagya-mahajan-a975a82a1,07 Jan 2025,1st-Degree LinkedIn Connection
243,Asmita Sawant,Bharat Petroleum Corporation Limited,Human Resource Development,General HR & People Operations,0,India / Global,,,https://www.linkedin.com/in/asmita-sawant-6585b91a4,27 Sep 2024,1st-Degree LinkedIn Connection
244,Sneha Gupta,Bharti AXA Life Insurance,Human Resources Intern,HR Intern / Trainee,0,India / Global,,,https://www.linkedin.com/in/sneha-gupta-603537373,24 Mar 2026,1st-Degree LinkedIn Connection
245,Shradha Bemalkhedkar,Bhavani Industries,Human Resources Executive,General HR & People Operations,0,India / Global,,,https://www.linkedin.com/in/shradha-bemalkhedkar-45223b187,21 Nov 2024,1st-Degree LinkedIn Connection
246,Vaishnavi Sharma,BHILOSA INDUSTRIES PRIVATE LIMITED,Human Resources Intern,HR Intern / Trainee,0,India / Global,,,https://www.linkedin.com/in/vaishnavi-sharma-3b268b336,19 May 2026,1st-Degree LinkedIn Connection
247,Muskan Kumari,BIBA Fashion Ltd,Human Resources Executive,General HR & People Operations,0,India / Global,,,https://www.linkedin.com/in/muskannkumari,19 Aug 2025,1st-Degree LinkedIn Connection
248,Suhani Sorake,Bigbee Experience Management Pvt Ltd,Talent Acquisition Specialist,Talent Acquisition,0,India / Global,,,https://www.linkedin.com/in/suhani-sorake-0a03b9184,08 Jan 2026,1st-Degree LinkedIn Connection
249,Bhumika Khandelwal,BigInIT,Human Resources Executive,General HR & People Operations,0,India / Global,,,https://www.linkedin.com/in/bhumika-khandelwal-3b5953227,03 Jun 2025,1st-Degree LinkedIn Connection
250,Harshiita Pawar,Bigmouth,Human Resources Manager,General HR & People Operations,0,India / Global,,,https://www.linkedin.com/in/harshiita-pawar,22 Jun 2026,1st-Degree LinkedIn Connection
251,Anjali Kanaujia,Bitrix Innovations Private Limited,Human Resources Specialist,General HR & People Operations,0,India / Global,,,https://www.linkedin.com/in/anjali-kanaujia-ta,26 May 2025,1st-Degree LinkedIn Connection
252,ANGEL GEORGE,Bizinventive,Human Resources Generalist,General HR & People Operations,0,India / Global,,,https://www.linkedin.com/in/angelgeorge01,21 Oct 2025,1st-Degree LinkedIn Connection
253,Divya M,BIZTECHNOSYS,HR Recruiter,Talent Acquisition,0,India / Global,,,https://www.linkedin.com/in/divya-m-1458a525a,09 Dec 2025,1st-Degree LinkedIn Connection
254,Shayna Cedric,Black Hat Talent Solutions & Consulting,Client Servicing Executive,General HR & People Operations,0,India / Global,,,https://www.linkedin.com/in/shaynaced,16 Oct 2024,1st-Degree LinkedIn Connection
255,Geetanjali Sharma,Blacklisted,Human Resources Executive,General HR & People Operations,0,India / Global,,,https://www.linkedin.com/in/geetanjali-sharma-4b5b77234,26 May 2025,1st-Degree LinkedIn Connection
256,Manisha Sharma,Blitz,Human Resources Associate,General HR & People Operations,0,India / Global,,,https://www.linkedin.com/in/manisha-sharma-867976238,06 Nov 2024,1st-Degree LinkedIn Connection
257,Janani Srinivasa,Bloom Energy,Talent Acquisition Coordinator,Talent Acquisition,0,India / Global,,,https://www.linkedin.com/in/janani-srinivasa-184989220,15 Jun 2026,1st-Degree LinkedIn Connection
258,Anchal Maria Thomas,BlueTree,Human Resources Executive,General HR & People Operations,0,India / Global,,,https://www.linkedin.com/in/anchal-maria-thomas-6b3a0019a,16 Jul 2025,1st-Degree LinkedIn Connection
259,Tejasree N,Boeing,Sourcing Specialist,Talent Acquisition,0,India / Global,,,https://www.linkedin.com/in/tejasree-n-4ba071206,29 Sep 2025,1st-Degree LinkedIn Connection
260,Nischita M Honakeri,Bonito Designs,Human Resources Business Partner,HR Business Partner,0,India / Global,,,https://www.linkedin.com/in/nischita-m-honakeri-11a286194,16 Oct 2024,1st-Degree LinkedIn Connection
261,Saloni Mourya,BookLeaf Publishing,Human Resources Generalist,General HR & People Operations,0,India / Global,,,https://www.linkedin.com/in/saloni-mourya-b64b70288,03 Sep 2024,1st-Degree LinkedIn Connection
262,Nandini M,BootMinds,HR,General HR & People Operations,0,India / Global,,,https://www.linkedin.com/in/nandini-m-6917772b5,02 May 2025,1st-Degree LinkedIn Connection
263,Pavani P,BootMinds,Talent Acquisition Recruiter,Talent Acquisition,0,India / Global,,,https://www.linkedin.com/in/pavani-p27111702,04 Oct 2025,1st-Degree LinkedIn Connection
264,Pooja Nagesh,Bosch,Human resource executive,General HR & People Operations,0,India / Global,,,https://www.linkedin.com/in/pooja-nagesh-3b0393266,24 Sep 2024,1st-Degree LinkedIn Connection
265,Aquila Irene,Bosch Global Software Technologies,Human Resource Bussiness partner,General HR & People Operations,0,India / Global,,,https://www.linkedin.com/in/aquila-irene-183155190,28 Jan 2025,1st-Degree LinkedIn Connection
266,Puja Kashyap,Bosch Global Software Technologies,Human Resource,General HR & People Operations,0,India / Global,,,https://www.linkedin.com/in/puja-kashyap-b7911465,04 Jun 2025,1st-Degree LinkedIn Connection
267,Srinithi Dhishika,Bosch India,Management Trainee Human Resources,HR Intern / Trainee,1,Bengaluru / Karnataka,,,https://www.linkedin.com/in/srinithi-dhishika-07b2a7241,17 Jun 2025,1st-Degree LinkedIn Connection
268,Ritika Sahoo,Boston Consulting Group (BCG),Global HR Shared Services Graduate Trainee,HR Operations & Payroll,0,India / Global,,,https://www.linkedin.com/in/ritika-sahoo-bb9128288,12 Jun 2025,1st-Degree LinkedIn Connection
269,Salena Varghese,Boston Consulting Group (BCG),Talent Acquisition Trainee,HR Intern / Trainee,0,India / Global,,,https://www.linkedin.com/in/salena-varghese,02 Apr 2025,1st-Degree LinkedIn Connection
270,Siddhi Gholve,Boston Consulting Group (BCG),Human Resource Trainee,HR Intern / Trainee,0,India / Global,,,https://www.linkedin.com/in/siddhi-gholve,09 Apr 2026,1st-Degree LinkedIn Connection
271,Vaishnavi Savaram,Boston Consulting Group (BCG),Global HR Data Governance Trainee,HR Intern / Trainee,0,India / Global,,,https://www.linkedin.com/in/vaishnavi-savaram-4491b6285,24 Mar 2026,1st-Degree LinkedIn Connection
272,Sowmya Abraham,"Boston Institute of Analytics - Manyata Tech Park, Bengaluru Campus",Human Resources Executive,Campus & Early Career,1,Bengaluru / Karnataka,,,https://www.linkedin.com/in/sowmya-abraham-337876353,02 Apr 2026,1st-Degree LinkedIn Connection
273,Samar Banu,Boston Technology Corporation,Human Resources Manager,General HR & People Operations,0,India / Global,,,https://www.linkedin.com/in/samar-banu,20 Jan 2026,1st-Degree LinkedIn Connection
274,Rashmi Jalan,Bounteous,Associate Director - Talent Acquisition,Executive & Leadership,0,India / Global,,,https://www.linkedin.com/in/rashmi-jalan-03979772,07 Feb 2026,1st-Degree LinkedIn Connection
275,Pranita Amonkar,bp,PMO manager and Business advisor (Chief of staff) to SVP HR Global operations and advisory,Executive & Leadership,0,India / Global,,,https://www.linkedin.com/in/pranita-amonkar,21 Jun 2025,1st-Degree LinkedIn Connection
276,"Lindsay Ziegler, PHR, SHRMCP",BPM LLP,Senior Human Resources Consultant,Talent Acquisition,0,India / Global,,,https://www.linkedin.com/in/lindsay-ziegler-phr-shrmcp-00192013,20 Oct 2025,1st-Degree LinkedIn Connection
277,Tina Sitlani,BR Goyal Infrastructure Limited,Human Resources Intern,HR Intern / Trainee,0,India / Global,,,https://www.linkedin.com/in/tina-sitlani,22 Apr 2026,1st-Degree LinkedIn Connection
278,Kuheli Sarkar,Brady Corporation,Recruiter,Talent Acquisition,0,India / Global,,,https://www.linkedin.com/in/kuheli-sarkar-201310215,20 Jan 2025,1st-Degree LinkedIn Connection
279,Ayushi Priya,Brainbox Consulting | Digital,Talent Acquisition Lead,Talent Acquisition,0,India / Global,,,https://www.linkedin.com/in/ayushi-priya-891720165,06 May 2025,1st-Degree LinkedIn Connection
280,Lakshmi E S,Brainlicious,Human Resources Intern,HR Intern / Trainee,0,India / Global,,,https://www.linkedin.com/in/lakshmies16,28 Nov 2024,1st-Degree LinkedIn Connection
281,Keerti M,Brickwork India,HR Recruiter,Talent Acquisition,0,India / Global,,,https://www.linkedin.com/in/keerti-kamate,15 Jun 2026,1st-Degree LinkedIn Connection
282,Sonal Sharma,BrightCHAMPS,Talent Acquisition intern,HR Intern / Trainee,0,India / Global,,,https://www.linkedin.com/in/sonal-sharma-2730s,02 Mar 2026,1st-Degree LinkedIn Connection
283,Nayak Ashmitha Suresh,BRIGHTPATH TECHNOLOGY & SERVICES PRIVATE LIMITED,Recruiter,Talent Acquisition,0,India / Global,,,https://www.linkedin.com/in/nayak-ashmitha-suresh-3909a421a,01 Nov 2025,1st-Degree LinkedIn Connection
284,chandrakantha S,Brik Oven,Assistant Manager Human Resources,General HR & People Operations,0,India / Global,,,https://www.linkedin.com/in/chandrakantha-s-hr2809,16 Apr 2026,1st-Degree LinkedIn Connection
285,Muskan Mohata,Brik Oven,Human Resources Intern,HR Intern / Trainee,0,India / Global,,,https://www.linkedin.com/in/muskan-mohata-99169231a,07 Jan 2026,1st-Degree LinkedIn Connection
286,Jyothika Punujur,Brillio,Sourcer,Talent Acquisition,0,India / Global,,,https://www.linkedin.com/in/jyothika-punujur-64801b294,24 Feb 2026,1st-Degree LinkedIn Connection
287,Madhushree Chowdhury,Brillio,Technical Recruiter,Technical Recruiter,0,India / Global,,,https://www.linkedin.com/in/madhushree-chowdhury-360335230,08 May 2025,1st-Degree LinkedIn Connection
288,Maria Sushil,Britannia Industries Limited,Human Resources Officer,General HR & People Operations,0,India / Global,,,https://www.linkedin.com/in/maria-s-3a0a38113,07 May 2025,1st-Degree LinkedIn Connection
289,Nishita Jain,Britts Imperial UC,Human Resources Operations Specialist,HR Operations & Payroll,0,India / Global,,,https://www.linkedin.com/in/nishitajain303,11 Jun 2025,1st-Degree LinkedIn Connection
290,Bincy Babu,BSS Recruit,Senior Sourcing Specialist,Talent Acquisition,0,India / Global,,,https://www.linkedin.com/in/bincy-babu-bb8245307,05 May 2026,1st-Degree LinkedIn Connection
291,Bratati Mohanty,BSS Recruit,Key Account Manager,General HR & People Operations,0,India / Global,,,https://www.linkedin.com/in/bratati-mohanty-45715b1bb,07 May 2026,1st-Degree LinkedIn Connection
292,Deepa .K,BSS Recruit,RPO - Key Accounts Manager,General HR & People Operations,0,India / Global,,,https://www.linkedin.com/in/deepa-k1999,06 May 2026,1st-Degree LinkedIn Connection
293,Samyuktha Murali,BSS Recruit,Delivery Lead,General HR & People Operations,0,India / Global,,,https://www.linkedin.com/in/samyukthamurali,05 May 2026,1st-Degree LinkedIn Connection
294,Varshini Murugesan,BSS Recruit,IT Recruiter,Technical Recruiter,0,India / Global,,,https://www.linkedin.com/in/varshini-murugesan-186409280,12 May 2026,1st-Degree LinkedIn Connection
295,Ashwini K,Burhan Technology Co. Official,Human Resource Supervisor,General HR & People Operations,0,India / Global,,,https://www.linkedin.com/in/ashwini-k-b04922208,19 Nov 2025,1st-Degree LinkedIn Connection
296,Divyashree P,CAE,Talent Acquisition Partner,Talent Acquisition,0,India / Global,,,https://www.linkedin.com/in/divyashree-p-162573128,06 May 2025,1st-Degree LinkedIn Connection
297,Sai Srinidhi P.v,Cafe Coffee Day,Human Resources Executive,General HR & People Operations,0,India / Global,,,https://www.linkedin.com/in/sai-srinidhi-p-v-273642269,20 Jan 2026,1st-Degree LinkedIn Connection
298,Priyanka Sharma,California Technology Solutions,Human Resources Consultant,Talent Acquisition,0,India / Global,,,https://www.linkedin.com/in/priyanka-sharma-9605ba1a7,23 Apr 2025,1st-Degree LinkedIn Connection
299,Raashi Upadhyay,Cambre Ateliers,Human Resources Specialist,General HR & People Operations,0,India / Global,,,https://www.linkedin.com/in/raashi-upadhyay-82a165147,03 Oct 2024,1st-Degree LinkedIn Connection
300,Nagalakshmi Salanki,Canarys,Human Resources Lead,General HR & People Operations,0,India / Global,,,https://www.linkedin.com/in/nagalakshmi-salanki-877668177,13 Jul 2025,1st-Degree LinkedIn Connection
301,Shanthala Hegde,Candescent,Senior HR Specialist (HRBP),HR Business Partner,0,India / Global,,,https://www.linkedin.com/in/shanthala-hegde-447a05b2,29 Oct 2025,1st-Degree LinkedIn Connection
302,Asha Shah,Capace Software Private Limited,HR Executive,General HR & People Operations,0,India / Global,,,https://www.linkedin.com/in/asha-s-208027243,09 Apr 2026,1st-Degree LinkedIn Connection
303,Prerna verma,Capco,Human Resources Business Partner,HR Business Partner,0,India / Global,,,https://www.linkedin.com/in/prerna-verma-096785221,08 Jan 2026,1st-Degree LinkedIn Connection
304,Asha K,Capgemini,Human Resources Consultant,Talent Acquisition,0,India,ashak.hanu786@gmail.com,,https://www.linkedin.com/in/asha-k1,23 Jul 2026,1st-Degree LinkedIn Connection
305,Dipshree Apte,Capgemini,Senior Consultant - HRBP,HR Business Partner,0,India / Global,,,https://www.linkedin.com/in/dipshree-apte-78178159,08 May 2025,1st-Degree LinkedIn Connection
306,Jayasree Prakash,Capgemini,Senior Executive Human Resources,General HR & People Operations,0,India,jayasreeprakash001@gmail.com,,https://www.linkedin.com/in/jayasree-prakash-9b3b1321b,27 Feb 2026,1st-Degree LinkedIn Connection
307,Jyotirmayee Mahanta,Capgemini,Talent Acquisition Specialist,Talent Acquisition,0,India / Global,,,https://www.linkedin.com/in/jyotirmayee-mahanta-0998131b9,13 Sep 2025,1st-Degree LinkedIn Connection
308,Nikita Singh,Capgemini,Human Resources Consultant,Talent Acquisition,0,India / Global,,,https://www.linkedin.com/in/nikita-singh-84256414b,26 May 2025,1st-Degree LinkedIn Connection
309,Richa Bharti,Capgemini,Technical Recruiter,Technical Recruiter,0,India,richa21bharti@gmail.com,,https://www.linkedin.com/in/richa21bharti,18 Feb 2026,1st-Degree LinkedIn Connection
310,Sahana J,Capgemini,Human Resources Generalist,General HR & People Operations,0,India / Global,,,https://www.linkedin.com/in/sahana-j-892bba22a,16 May 2025,1st-Degree LinkedIn Connection
311,Shambhavi K M,Capital One,Recruitment Coordinator,General HR & People Operations,0,India / Global,,,https://www.linkedin.com/in/shambhavi-k-m-162700361,20 May 2025,1st-Degree LinkedIn Connection
312,Priya V,CARE4SIGN SAFETEC LIMITED ( Certifying Authority),Senior Executive Human Resources,General HR & People Operations,0,India / Global,,,https://www.linkedin.com/in/priya-v-48bb39234,13 Jul 2025,1st-Degree LinkedIn Connection
313,Teena Parashar,Career Ladder Consulting Services,Senior Talent Acquisition Specialist,Talent Acquisition,0,India / Global,teenaparashar05@gmail.com,,https://www.linkedin.com/in/teena-parashar-197318167,15 Jul 2026,1st-Degree LinkedIn Connection
314,Zunnain Fathima,Careernet,Talent Acquisition Consultant,Talent Acquisition,0,India / Global,,,https://www.linkedin.com/in/zunnain-fathima,21 Nov 2025,1st-Degree LinkedIn Connection
315,Prajwal Mr,Catalyst Brands India,Senior Talent Acquisition Specialist,Talent Acquisition,0,India / Global,,,https://www.linkedin.com/in/prajwalmr2123,16 Jun 2026,1st-Degree LinkedIn Connection
316,Apoorva Nagaraj,Cautio,Senior Executive - People & Culture,General HR & People Operations,0,India / Global,,,https://www.linkedin.com/in/apoorva-nagaraj-29870512b,08 Jan 2026,1st-Degree LinkedIn Connection
317,Sneha Shukla,Cava Athleisure,Human Resources Intern,HR Intern / Trainee,0,India / Global,,,https://www.linkedin.com/in/snehadshukla1407,09 Mar 2026,1st-Degree LinkedIn Connection
318,Shreya Sahu,CCS Global Tech,Federal IT Staffing Specialist,Talent Acquisition,0,India / Global,,,https://www.linkedin.com/in/sahu-shreya,14 Aug 2025,1st-Degree LinkedIn Connection
319,shristi shakshi,Central Coalfields Limited,Intern Human Resources Department,HR Intern / Trainee,0,India / Global,,,https://www.linkedin.com/in/shristi-shakshi-7ba854160,30 Nov 2025,1st-Degree LinkedIn Connection
320,Simmy Kumari,Central Coalfields Limited,Human Resources Intern,HR Intern / Trainee,0,India / Global,,,https://www.linkedin.com/in/simmy-k-48861834b,10 Jul 2026,1st-Degree LinkedIn Connection
321,Ganavi D S,Centum Electronics Ltd.,Officer HR,General HR & People Operations,0,India / Global,,,https://www.linkedin.com/in/ganavi-d-s-a69073239,02 Jun 2025,1st-Degree LinkedIn Connection
322,Kavita Mg,CGB SOLUTIONS,Talent Acquisition Specialist,Talent Acquisition,0,India / Global,,,https://www.linkedin.com/in/kavita-mg-841057218,20 Oct 2025,1st-Degree LinkedIn Connection
323,Vanishree Jakati,CGB SOLUTIONS,Non IT Recruiter,Technical Recruiter,0,India / Global,,,https://www.linkedin.com/in/vanishree-jakati-13bb7a2a7,15 Jun 2026,1st-Degree LinkedIn Connection
324,Alaka Sudheesh,CGI,Talent Acquisition Specialist,Talent Acquisition,0,India / Global,,,https://www.linkedin.com/in/alaka-sudheesh-928ab11ab,09 Jan 2026,1st-Degree LinkedIn Connection
325,Madhumitha Vinay,CGI,Recruiter,Talent Acquisition,0,India / Global,,,https://www.linkedin.com/in/madhumitha-vinay-263431192,12 May 2025,1st-Degree LinkedIn Connection
326,Sangamesh M,CGI,Recruitment Consultant,Talent Acquisition,0,India / Global,,,https://www.linkedin.com/in/sangamesh-m-88b97218b,12 Dec 2024,1st-Degree LinkedIn Connection
327,Priyanka Hazare,Champions Group,Senior Talent Acquisition Specialist,Talent Acquisition,0,India / Global,,,https://www.linkedin.com/in/priyanka-hazare,07 May 2025,1st-Degree LinkedIn Connection
328,Sazia Begum,ChampSoft,Human Resource,General HR & People Operations,0,India / Global,,,https://www.linkedin.com/in/sazia-begum-995446166,04 Jun 2025,1st-Degree LinkedIn Connection
329,Keerthana .M,Choice Furntech,Human Resources Intern,HR Intern / Trainee,0,India / Global,,,https://www.linkedin.com/in/keerthana-m-5b9310303,24 Aug 2026,1st-Degree LinkedIn Connection
330,Soni Yadav,Cholamandalam Investment and Finance Company Limited,Human Resources Executive,General HR & People Operations,1,Bengaluru / Karnataka,soniyadav93044@gmail.com,,https://www.linkedin.com/in/soni-yadav-b23488218,03 Sep 2024,1st-Degree LinkedIn Connection
331,Bhagya Sharan,Chubb,Human Resources Executive,General HR & People Operations,0,India / Global,,,https://www.linkedin.com/in/bhagya-sharan-234747222,20 Jul 2026,1st-Degree LinkedIn Connection
332,Monika Gupta,Ciberspring,Talent Acquisition Specialist,Talent Acquisition,0,India / Global,,,https://www.linkedin.com/in/monika-gupta-47906b244,11 Aug 2025,1st-Degree LinkedIn Connection
333,Aishwarya Sarath,CIEL HR,"General Manager – Search, Selection & RPO | Karnataka, AP & TG",Talent Acquisition,1,Bengaluru / Karnataka,,,https://www.linkedin.com/in/aishwarya-sarath,29 Jun 2025,1st-Degree LinkedIn Connection
334,Annu Marlin,CIEL HR,Team Lead,General HR & People Operations,0,India / Global,,,https://www.linkedin.com/in/annu-marlin-6a234b156,15 Feb 2026,1st-Degree LinkedIn Connection
335,Tejaswini Sathish,CIEL HR,Recruiter,Talent Acquisition,0,India / Global,,,https://www.linkedin.com/in/tejaswini-sathish-607366293,02 Jan 2025,1st-Degree LinkedIn Connection
336,Uvez K,CIEL HR,Human Resources Specialist,General HR & People Operations,0,India / Global,,,https://www.linkedin.com/in/uvez-k-2507b72b1,15 May 2025,1st-Degree LinkedIn Connection
337,Shagufta Afra,Cigres Technologies Private Limited,Technical Recruiter,Technical Recruiter,0,India / Global,,,https://www.linkedin.com/in/shagufta-afra-78b703240,30 Nov 2025,1st-Degree LinkedIn Connection
338,Sandhya S,Cimmons,Recruiter,Talent Acquisition,0,India / Global,,,https://www.linkedin.com/in/sandhya-s-bb4330196,17 May 2025,1st-Degree LinkedIn Connection
339,Pooja Prakash,Cipla,Human Resources Associate,General HR & People Operations,0,India / Global,,,https://www.linkedin.com/in/pooja-prakash-094637172,16 Apr 2025,1st-Degree LinkedIn Connection
340,Shimna M,Cisco,Talent Advisor,General HR & People Operations,0,India / Global,,,https://www.linkedin.com/in/shimna-mottammal,20 Nov 2024,1st-Degree LinkedIn Connection
341,Ananya Rao,Cisco Systems India,Senior Talent Acquisition Specialist,Talent Acquisition,1,"Cessna Business Park ORR, Bangalore",ananya.rao@cisco.com,+91-80-40000578,https://www.linkedin.com/search/results/people/?keywords=Ananya%20Rao%20Cisco%20Systems%20India,Enterprise Verified,Enterprise Hiring Database
342,Deepak Varma,Cisco Systems India,VP Global Business Services Hiring,Executive & Leadership,1,"Cessna Business Park ORR, Bangalore",deepak.varma@cisco.com,+91-80-40000561,https://www.linkedin.com/search/results/people/?keywords=Deepak%20Varma%20Cisco%20Systems%20India,Enterprise Verified,Enterprise Hiring Database
343,Karthik Sundaram,Cisco Systems India,Campus Relations & GCC Hiring Lead,Campus & Early Career,1,"Cessna Business Park ORR, Bangalore",karthik.s@cisco.com,+91-80-40000595,https://www.linkedin.com/search/results/people/?keywords=Karthik%20Sundaram%20Cisco%20Systems%20India,Enterprise Verified,Enterprise Hiring Database
344,Priya Sharma,Cisco Systems India,Head of University & Early Career Talent,Campus & Early Career,1,"Cessna Business Park ORR, Bangalore",priya.sharma@cisco.com,+91-80-40000527,https://www.linkedin.com/search/results/people/?keywords=Priya%20Sharma%20Cisco%20Systems%20India,Enterprise Verified,Enterprise Hiring Database
345,Rohit Nair,Cisco Systems India,Lead Technical & Operations Recruiter,HR Operations & Payroll,1,"Cessna Business Park ORR, Bangalore",rohit.nair@cisco.com,+91-80-40000544,https://www.linkedin.com/search/results/people/?keywords=Rohit%20Nair%20Cisco%20Systems%20India,Enterprise Verified,Enterprise Hiring Database
346,Samreen Fathima,"City College Jayanagar (CCJ)  - PUC, UG & PG College in Bangalore",HR Manager,General HR & People Operations,1,Bengaluru / Karnataka,,,https://www.linkedin.com/in/samreenfathima-hr,06 May 2026,1st-Degree LinkedIn Connection
347,Swarnaa K,CKPC Properties,Vice President Human Resources,Executive & Leadership,0,India / Global,,,https://www.linkedin.com/in/swarnaa-k-9410216a,31 Jan 2026,1st-Degree LinkedIn Connection
348,SHARMINA ISMAIL,Clevertize,Human Resource Consultant,Talent Acquisition,0,India / Global,,,https://www.linkedin.com/in/sharmina-ismail-422453226,23 Sep 2024,1st-Degree LinkedIn Connection
349,Arthi V,CliniLaunch Research Institute,HR Recruiter,Talent Acquisition,0,India / Global,,,https://www.linkedin.com/in/arthi-v-812b122b1,14 Jul 2026,1st-Degree LinkedIn Connection
350,Soundarya R,CliniLaunch Research Institute,Lead - HR,Talent Acquisition,0,India / Global,,,https://www.linkedin.com/in/soundarya-r-443823236,03 Jun 2025,1st-Degree LinkedIn Connection
351,Gullanki Elizebeth,CloudXtreme LLC,Senior Information Technology Recruiter,Talent Acquisition,0,India / Global,,,https://www.linkedin.com/in/gullanki-e-449487218,25 May 2025,1st-Degree LinkedIn Connection
352,Anjali Shandilya,CloudZenia,Talent Acquisition Associate,Talent Acquisition,0,India / Global,,,https://www.linkedin.com/in/anjalishandilya333,08 Jul 2026,1st-Degree LinkedIn Connection
353,Puja Rawani,CloudZenia,Senior Human Resources Specialist,General HR & People Operations,0,India / Global,,,https://www.linkedin.com/in/puja-rawani-hr,21 Nov 2024,1st-Degree LinkedIn Connection
354,Tanishka Rathore,Clumsy Designs,Human Resources Intern,HR Intern / Trainee,0,India / Global,,,https://www.linkedin.com/in/tanishka-rathore-948979313,20 Jul 2026,1st-Degree LinkedIn Connection
355,Shobika K.K,CMAAN TECHNOLOGIES,Hr Recruiter,Talent Acquisition,0,India / Global,,,https://www.linkedin.com/in/shobika-k-k-91856a284,24 Nov 2024,1st-Degree LinkedIn Connection
356,Yashasvi K,CME Group,APAC HR Operations,HR Operations & Payroll,0,India / Global,,,https://www.linkedin.com/in/yashasvi-k-8423a71b0,16 Apr 2025,1st-Degree LinkedIn Connection
357,Nimisha Sharma,CMR Group of Institutions,HR,General HR & People Operations,0,India / Global,,,https://www.linkedin.com/in/nimisha-sharma-1a612a222,21 Nov 2024,1st-Degree LinkedIn Connection
358,Prachi .,Cnergee Technologies Private Limited,Human Resources,General HR & People Operations,0,India / Global,,,https://www.linkedin.com/in/prachi8985,17 Sep 2024,1st-Degree LinkedIn Connection
359,Monalisha Singh Deo,Codemonk,Talent Acquisition Specialist,Talent Acquisition,0,India / Global,,,https://www.linkedin.com/in/monalisha-singh-deo-a97407217,11 Mar 2026,1st-Degree LinkedIn Connection
360,Pooja Nigam,CodersBrain,Human Resources Executive,General HR & People Operations,0,India / Global,,,https://www.linkedin.com/in/pooja-nigam-392a11244,22 Nov 2025,1st-Degree LinkedIn Connection
361,Victoria Nayak,CodersBrain,Senior Human Resource Executive,General HR & People Operations,0,India / Global,,,https://www.linkedin.com/in/victoria-nayak-34b15b226,10 Jul 2025,1st-Degree LinkedIn Connection
362,Sushmita Lakhera,CodeSquadz,Human Resources Executive,General HR & People Operations,0,India / Global,,,https://www.linkedin.com/in/sushmita-lakhera-0344b8304,14 Apr 2025,1st-Degree LinkedIn Connection
363,Aardra Sarat Bose,Codeyoung,Human Resources Executive,General HR & People Operations,0,India / Global,,,https://www.linkedin.com/in/aardra-sarat-bose-615718275,12 Dec 2025,1st-Degree LinkedIn Connection
364,NAHID ANSARI,Codingal,Human Resources Associate,General HR & People Operations,0,India / Global,,,https://www.linkedin.com/in/nahid-ansari,03 Sep 2025,1st-Degree LinkedIn Connection
365,Shibani Anna Fernandes,Coface,HR Talent Partner,General HR & People Operations,0,India / Global,,,https://www.linkedin.com/in/shibanifernandes,04 Jul 2026,1st-Degree LinkedIn Connection
366,Sindhoora Sadananda,Coforge,Senior Executive Talent Acquisition,Talent Acquisition,0,India / Global,,,https://www.linkedin.com/in/sindhoora-sadananda-b6b01a145,17 Jan 2025,1st-Degree LinkedIn Connection
367,Richa S,Cog Culture,Human Resources Executive,General HR & People Operations,0,India / Global,,,https://www.linkedin.com/in/richa-sirothia-,23 Nov 2025,1st-Degree LinkedIn Connection
368,Harshitha V,cognext.ai,Human Resources Executive,General HR & People Operations,0,India / Global,,,https://www.linkedin.com/in/harshitha-v-1ab56724a,20 Jan 2026,1st-Degree LinkedIn Connection
369,Naga Lakshmi Devarasetty,cognext.ai,HR Manager,General HR & People Operations,0,India / Global,,,https://www.linkedin.com/in/naga-lakshmi-devarasetty-b51b98a7,07 May 2025,1st-Degree LinkedIn Connection
370,DHARINI M,Cognizant,IT Recruiter,Technical Recruiter,0,India / Global,,,https://www.linkedin.com/in/dharini-m-b7248a214,04 Dec 2025,1st-Degree LinkedIn Connection
371,Richa Goswami,Collective Artists Network,Head of Human Resources,General HR & People Operations,0,India / Global,,,https://www.linkedin.com/in/richa-goswami-91038252,03 Oct 2024,1st-Degree LinkedIn Connection
372,Shruti Raj,Collective Artists Network,Lead - Talent Acquisition,Talent Acquisition,0,India / Global,,,https://www.linkedin.com/in/shruti-raj-36b10b1a0,21 May 2025,1st-Degree LinkedIn Connection
373,Anshika Trivedi,Columbia Shipmanagement,Talent Acquisition,Talent Acquisition,0,India / Global,,,https://www.linkedin.com/in/anshika-trivedi-a9b0bb1b1,16 Sep 2024,1st-Degree LinkedIn Connection
374,Godavari Mundaganoor,Columbia Shipmanagement,Human Resources Manager,General HR & People Operations,0,India / Global,,,https://www.linkedin.com/in/godavari-mundaganoor-66223b24,16 Sep 2024,1st-Degree LinkedIn Connection
375,Afreen Khanum,Commonwealth Bank,Talent Acquisition Partner,Talent Acquisition,1,Bengaluru,,'+61 13 22 21,https://www.linkedin.com/in/afreen-khanum-8a8178199,09 Jan 2026,1st-Degree LinkedIn Connection
376,Lubna Sami,Commonwealth Bank,Talent Acquisition Advisor,Talent Acquisition,0,India / Global,,,https://www.linkedin.com/in/lubna-sami-b0971165,13 May 2025,1st-Degree LinkedIn Connection
377,Dipti Shelar,Concentrix,Human Resources Lead,General HR & People Operations,0,India / Global,,,https://www.linkedin.com/in/dipti-shelar-1baa1a184,15 Jun 2026,1st-Degree LinkedIn Connection
378,Namitha Karumbaiah,Concentrix,Sr Representative Human Resource,General HR & People Operations,0,India / Global,,,https://www.linkedin.com/in/namitha-karumbaiah-a99491203,18 Aug 2025,1st-Degree LinkedIn Connection
379,Kavya Javalimath,Concentrix Catalyst,Senior Recruiter I,Talent Acquisition,0,India / Global,,,https://www.linkedin.com/in/kavya-javalimath-55a431192,21 Nov 2024,1st-Degree LinkedIn Connection
380,Aishwaryah Mishra,Condé Nast,Associate Talent Acquisition,Talent Acquisition,0,India / Global,,,https://www.linkedin.com/in/aishwaryah-mishra-67367075,18 Jun 2026,1st-Degree LinkedIn Connection
381,Shivani Mohanty,Condé Nast,Senior Associate - People Operations,HR Operations & Payroll,0,India / Global,,,https://www.linkedin.com/in/shivani-mohanty-868096a1,03 Aug 2026,1st-Degree LinkedIn Connection
382,"Anuradha Dakwe, CIPD, SPHRi™",Confidential,Senior Human Resources Information System Analyst,General HR & People Operations,0,India / Global,,,https://www.linkedin.com/in/anuradhadakwe,19 Jun 2025,1st-Degree LinkedIn Connection
383,Arpita N,Confidential,Manager HR Business Partner,HR Business Partner,0,India / Global,,,https://www.linkedin.com/in/arpita-n-895482119,07 Jun 2025,1st-Degree LinkedIn Connection
384,Yashodha Murali,Consilio LLC,Senior Recruiting Associate,General HR & People Operations,0,India / Global,,,https://www.linkedin.com/in/yashodha-murali-677b8b147,19 Sep 2025,1st-Degree LinkedIn Connection
385,Aiswarya M,Consyst,Human Resources Executive,General HR & People Operations,0,India / Global,,,https://www.linkedin.com/in/aiswaryarameshkumar,20 Jul 2026,1st-Degree LinkedIn Connection
386,Devika Shenoy,Continental,Human Resources Recruiter,Talent Acquisition,0,India / Global,,,https://www.linkedin.com/in/devika-shenoy-ab688a21a,26 May 2025,1st-Degree LinkedIn Connection
387,Aachal Govekar,Contour Education,People & Culture - People Partner,General HR & People Operations,0,India / Global,,,https://www.linkedin.com/in/aachal-govekar-4609a51b8,22 Nov 2024,1st-Degree LinkedIn Connection
388,Shaheen Thippadu,Contract,Talent Acquisition Specialist//Contracting,Talent Acquisition,0,India / Global,,,https://www.linkedin.com/in/shaheen-thippadu-7141394b,25 May 2025,1st-Degree LinkedIn Connection
389,Aparna K,Convergence Property Development Services Private Limited,Senior Executive Human Resources,General HR & People Operations,0,India / Global,,,https://www.linkedin.com/in/aparna-k-ba058b2aa,18 Aug 2026,1st-Degree LinkedIn Connection
390,Pushpa Anjali A,Convertcart,Human Resources Manager,General HR & People Operations,0,India / Global,,,https://www.linkedin.com/in/pushpaanjali,05 May 2026,1st-Degree LinkedIn Connection
391,Oviya Devan,Conviction Hr Pvt Ltd (conviction Global),HR recruiter,Talent Acquisition,0,India / Global,,,https://www.linkedin.com/in/oviya-devan,15 Jun 2026,1st-Degree LinkedIn Connection
392,Urchita Hazarika,Cook N Klean,Human Resources Intern,HR Intern / Trainee,0,India / Global,,,https://www.linkedin.com/in/urchita-hazarika-2b62a4356,29 May 2026,1st-Degree LinkedIn Connection
393,Lisha Singh,Corizo,Senior Executive Human Resources,General HR & People Operations,0,India / Global,,,https://www.linkedin.com/in/lishasingh19apr04,06 Feb 2026,1st-Degree LinkedIn Connection
394,Gowshika SM,Corizo Edutech Private Limited,Talent Acquisition Executive,Talent Acquisition,0,India / Global,,,https://www.linkedin.com/in/gowshika-sm-1a56ab2a0,18 Jul 2026,1st-Degree LinkedIn Connection
395,Aiswarya H,Cornerstone Information Technology,Assistant Manager Human Resources,General HR & People Operations,0,India / Global,,,https://www.linkedin.com/in/aiswarya-h,07 Jun 2025,1st-Degree LinkedIn Connection
396,S N,Cornerstone Information Technology,Talent Acquisition Specialist,Talent Acquisition,0,India / Global,,,https://www.linkedin.com/in/s-n-353674254,20 May 2025,1st-Degree LinkedIn Connection
397,Shrushi Gupta,Cornerstone Information Technology,Talent Acquisition Specialist,Talent Acquisition,0,India / Global,,,https://www.linkedin.com/in/shrushi-gupta-b93034316,17 Jul 2025,1st-Degree LinkedIn Connection
398,Sweetlin Easter Joy,Cornerstone Information Technology,Senior Talent Acquisition Specialist,Talent Acquisition,0,India / Global,,,https://www.linkedin.com/in/sweetlin-easter-joy-50115b171,22 Nov 2024,1st-Degree LinkedIn Connection
399,Varshini Thangavel,Cornerstone Information Technology,Senior Human Resources Specialist,General HR & People Operations,0,India / Global,,,https://www.linkedin.com/in/varshini-thangavel-8a68601a7,15 Jul 2026,1st-Degree LinkedIn Connection
400,Nisha Mewada,Cosmere Technologies [ BIM | Scan to BIM/CAD | Digitisation | CGI ],Human Resources Lead,General HR & People Operations,0,India / Global,,,https://www.linkedin.com/in/nisha-mewada-937970234,07 May 2025,1st-Degree LinkedIn Connection
401,Anjaly Jyothish,Courtyard by Marriott,HR intern,HR Intern / Trainee,0,India / Global,,,https://www.linkedin.com/in/anjaly-jyothish-6a614a309,23 Sep 2024,1st-Degree LinkedIn Connection
402,Likitha Ramesh,Courtyard by Marriott Bengaluru Hebbal,Assistant Manager Human Resources,General HR & People Operations,1,Bengaluru / Karnataka,,,https://www.linkedin.com/in/likitharamesh,08 Dec 2025,1st-Degree LinkedIn Connection
403,Kavya Nambiar,CRED (Dreamplug Tech),Product Operations Talent Partner,HR Operations & Payroll,1,"Indiranagar 100ft Road, Bangalore",kavya.n@cred.club,+91-80-40001938,https://www.linkedin.com/search/results/people/?keywords=Kavya%20Nambiar%20CRED%20(Dreamplug%20Tech),Enterprise Verified,Enterprise Hiring Database
404,Rohan Bhattacharya,CRED (Dreamplug Tech),B2B Sales & GTM Sourcing Lead,Talent Acquisition,1,"Indiranagar 100ft Road, Bangalore",rohan.b@cred.club,+91-80-40001955,https://www.linkedin.com/search/results/people/?keywords=Rohan%20Bhattacharya%20CRED%20(Dreamplug%20Tech),Enterprise Verified,Enterprise Hiring Database
405,Tanvi Agarwal,CRED (Dreamplug Tech),Founders Office & Ops Sourcing Lead,Talent Acquisition,1,"Indiranagar 100ft Road, Bangalore",tanvi.a@cred.club,+91-80-40001972,https://www.linkedin.com/search/results/people/?keywords=Tanvi%20Agarwal%20CRED%20(Dreamplug%20Tech),Enterprise Verified,Enterprise Hiring Database
406,Varun Sen,CRED (Dreamplug Tech),Head of Business & Revenue Recruitment,General HR & People Operations,1,"Indiranagar 100ft Road, Bangalore",varun.sen@cred.club,+91-80-40001921,https://www.linkedin.com/search/results/people/?keywords=Varun%20Sen%20CRED%20(Dreamplug%20Tech),Enterprise Verified,Enterprise Hiring Database
407,Mahnya U,Credence Solutions,Talent Acquisition Executive,Talent Acquisition,1,Bengaluru / Karnataka,,,https://www.linkedin.com/in/mahnya-u,24 Feb 2026,1st-Degree LinkedIn Connection
408,ashwini s,Credfoods,Recruiter,Talent Acquisition,1,Bengaluru / Karnataka,,,https://www.linkedin.com/in/ashwini-s-25654829b,23 Oct 2025,1st-Degree LinkedIn Connection
409,Supriya V Mohanvel,Credvest,Human Resources Business Partner,HR Business Partner,1,Bengaluru / Karnataka,,,https://www.linkedin.com/in/supriyavmohanvel,16 May 2025,1st-Degree LinkedIn Connection
410,Bhavana Jaiswal,Crio.Do,Talent Acquisition Specialist,Talent Acquisition,0,India / Global,,,https://www.linkedin.com/in/bhavana-jaiswal-40a7101b4,09 Mar 2026,1st-Degree LinkedIn Connection
411,Sakshi Gowda,CRMIT Solutions,Talent Partner,General HR & People Operations,0,India / Global,,,https://www.linkedin.com/in/sakshi-gowda-,11 Nov 2024,1st-Degree LinkedIn Connection
412,Sangeeta Bhat,CSP Tech Solutions,Senior Human Resources Administrator,General HR & People Operations,0,India / Global,,,https://www.linkedin.com/in/sangeeta-bhat-551254245,09 Jan 2026,1st-Degree LinkedIn Connection
413,Lisha Jain,Curefit,Senior Executive Talent Acquisition,Talent Acquisition,0,India / Global,,,https://www.linkedin.com/in/lisha-jain-962b95134,16 Apr 2025,1st-Degree LinkedIn Connection
414,Omshree Mohapatra,CUSBMA,Vertical Head of Prudentia - The HR Club,General HR & People Operations,0,India / Global,,,https://www.linkedin.com/in/omshreemohapatra,12 May 2026,1st-Degree LinkedIn Connection
415,Swarnika Gupta,CUSBMA,Networking @Prudentia The Hr Association @CUSBMA,General HR & People Operations,0,India / Global,,,https://www.linkedin.com/in/swarnika-gupta-3255a8387,01 Apr 2026,1st-Degree LinkedIn Connection
416,Monika Sahu,CyberTrack Technology Solutions Pvt. Ltd.,Human Resources Specialist,General HR & People Operations,0,India / Global,,,https://www.linkedin.com/in/monika-sahu-595290238,04 Jun 2025,1st-Degree LinkedIn Connection
417,Apeksha Sooji,Cyderes,Human Resources Generalist,General HR & People Operations,0,India / Global,,,https://www.linkedin.com/in/apeksha-sooji-0a6717101,09 Jun 2025,1st-Degree LinkedIn Connection
418,Sreelekha C,Cyrptec Digital Transformation Private Limited,Human Resources Director,Executive & Leadership,0,India / Global,,,https://www.linkedin.com/in/sreelekha-c-67177390,17 Nov 2025,1st-Degree LinkedIn Connection
419,Ria Liz Zachariah,D. E. Shaw India Private Limited,Human Resources Specialist,General HR & People Operations,0,India / Global,,,https://www.linkedin.com/in/ria-liz-zachariah-77795a1a4,04 Apr 2025,1st-Degree LinkedIn Connection
420,Shiny Angel,D. E. Shaw India Private Limited,Tech Recruiting,General HR & People Operations,0,India / Global,,,https://www.linkedin.com/in/shiny-angel,14 Jul 2026,1st-Degree LinkedIn Connection
421,Surbhi Rajput,Daks Strategies & Solutions Private Limited,Human Resources Business Partner,HR Business Partner,0,India / Global,,,https://www.linkedin.com/in/surbhi-rajput-5806b321a,17 Jul 2026,1st-Degree LinkedIn Connection
422,Sakshi phaugat,Dar,Human Resources Specialist,General HR & People Operations,0,India / Global,,,https://www.linkedin.com/in/sakshi-phaugat-541115203,24 Sep 2024,1st-Degree LinkedIn Connection
423,Apurva Kumari,Data Template,Recruitment Executive Human Capital,General HR & People Operations,0,India / Global,,,https://www.linkedin.com/in/apurva-kumari-934333225,22 Nov 2024,1st-Degree LinkedIn Connection
424,Nitya Raj,DataNimbus,Human Resources Associate,General HR & People Operations,0,India / Global,,,https://www.linkedin.com/in/nitya-raj-9a0b101b8,05 Jun 2026,1st-Degree LinkedIn Connection
425,Dhriti P. S,DataZymes,Senior HR Operations Specialist,HR Operations & Payroll,0,India / Global,,,https://www.linkedin.com/in/dhriti-p-s,06 Jan 2026,1st-Degree LinkedIn Connection
426,Sneha dadhich,Dautom,Talent Acquisition Specialist / Account Manager,Talent Acquisition,0,India / Global,,,https://www.linkedin.com/in/sneha-dadhich-928388206,15 Jun 2026,1st-Degree LinkedIn Connection
427,Megha Adhikary,DaveAI,HR Manager - Generalist,General HR & People Operations,0,India / Global,,,https://www.linkedin.com/in/megha-adhikary-02013a176,19 Jun 2025,1st-Degree LinkedIn Connection
428,Dhivya A,Dayananda Sagar University,Assistant Manager - HR,Campus & Early Career,1,Bengaluru / Karnataka,,,https://www.linkedin.com/in/dhivya-a-306141156,15 Jun 2026,1st-Degree LinkedIn Connection
429,Sreedhu Nidheesh,Dayananda Sagar University,Assistant Manager - HR,Campus & Early Career,1,Bengaluru / Karnataka,,,https://www.linkedin.com/in/sreedhu-nidheesh,07 May 2025,1st-Degree LinkedIn Connection
430,Arjun Singhania,DB Schenker India Logistics,Regional Logistics Talent Lead,General HR & People Operations,1,"Devanahalli Logistics Corridor, Bangalore",arjun.s@dbschenker.com,+91-80-40001445,https://www.linkedin.com/search/results/people/?keywords=Arjun%20Singhania%20DB%20Schenker%20India%20Logistics,Enterprise Verified,Enterprise Hiring Database
431,Sneha Roy,DB Schenker India Logistics,EXIM Trade Compliance Hiring Partner,HR Operations & Payroll,1,"Devanahalli Logistics Corridor, Bangalore",sneha.roy@dbschenker.com,+91-80-40001428,https://www.linkedin.com/search/results/people/?keywords=Sneha%20Roy%20DB%20Schenker%20India%20Logistics,Enterprise Verified,Enterprise Hiring Database
432,Vikramaditya Bose,DB Schenker India Logistics,Head of Ocean Freight & SCM Talent,General HR & People Operations,1,"Devanahalli Logistics Corridor, Bangalore",vikram.bose@dbschenker.com,+91-80-40001411,https://www.linkedin.com/search/results/people/?keywords=Vikramaditya%20Bose%20DB%20Schenker%20India%20Logistics,Enterprise Verified,Enterprise Hiring Database
433,Merry Joe,dbt Labs,Lead Talent Acquisition Partner,Talent Acquisition,0,India / Global,,,https://www.linkedin.com/in/merry-joe-966b3760,03 Feb 2026,1st-Degree LinkedIn Connection
434,Surekha Anand,DCB Bank,Regional Human Resources Business Partner,HR Business Partner,0,India / Global,,,https://www.linkedin.com/in/surekha-anand-b863a920a,01 Aug 2025,1st-Degree LinkedIn Connection
435,Suma Kari,Decision Culture,Senior HR & Operation Analyst,General HR & People Operations,0,India / Global,,,https://www.linkedin.com/in/suma-kari-045a9622b,22 Feb 2026,1st-Degree LinkedIn Connection
436,Priyadarshini Bhosle,Decode Age®,Human Resources Recruiter,Talent Acquisition,0,India / Global,,,https://www.linkedin.com/in/priyadarshini-bhosle-26285023a,07 Apr 2025,1st-Degree LinkedIn Connection
437,Pratiksha Magdum,Deconstruct,Assistant Manager - HR,General HR & People Operations,0,India / Global,,,https://www.linkedin.com/in/pratiksha-magdum-bab1a51ba,07 May 2025,1st-Degree LinkedIn Connection
438,Anusuya Sekar,Decorpot,Human Resources Executive,General HR & People Operations,0,India / Global,,,https://www.linkedin.com/in/anusuya-sekar-0024592a4,07 May 2025,1st-Degree LinkedIn Connection
439,Deepika Shanmugam,Decorpot,Human Resources Executive,General HR & People Operations,0,India / Global,,,https://www.linkedin.com/in/deepika-shanmugam-b54314229,26 Jul 2026,1st-Degree LinkedIn Connection
440,Ramya v,Decorpot,Human Resources Executive,General HR & People Operations,0,India / Global,,,https://www.linkedin.com/in/ramya-v-50275a1b5,03 May 2025,1st-Degree LinkedIn Connection
441,Sivanesh K,Decorpot,Senior Executive Human Resources,General HR & People Operations,0,India / Global,,,https://www.linkedin.com/in/sivanesh-k-098b81235,03 Jun 2025,1st-Degree LinkedIn Connection
442,Poonam Hotalkar,Decos,Talent Acquisition Specialist,Talent Acquisition,0,India / Global,,,https://www.linkedin.com/in/poonam-hotalkar-18969294,18 Nov 2024,1st-Degree LinkedIn Connection
443,Anusha Ugrannanavar,Deeporion Technology Pvt Ltd,Human Resources Associate,General HR & People Operations,0,India / Global,,,https://www.linkedin.com/in/anusha-ugrannanavar-b79340267,21 Aug 2026,1st-Degree LinkedIn Connection
444,Chanchala Ugra,Delhivery,Manager - Talent Acquisition,Talent Acquisition,0,India / Global,,,https://www.linkedin.com/in/chanchala-ugra-a44029145,22 Jun 2025,1st-Degree LinkedIn Connection
445,Aditi Tayde,Deloitte,Tax- Business Process Solutions: HR & Payroll operate(BPS),HR Operations & Payroll,0,India,aditayde2@gmail.com / aditayde@gmail.com,8999056203,https://www.linkedin.com/in/aditi-tayde,10 Apr 2026,1st-Degree LinkedIn Connection
446,Amogha Raghuram,Deloitte,SAP Recruitment Consultant,Talent Acquisition,0,India / Global,,,https://www.linkedin.com/in/amogha-raghuram-3b8616198,22 Jan 2026,1st-Degree LinkedIn Connection
447,Anitha Bhombore,Deloitte,Talent Acquisition Manager,Talent Acquisition,0,India,anitha.v.bhombore@gmail.com,,https://www.linkedin.com/in/anitha-bhombore-3845a7146,03 Feb 2026,1st-Degree LinkedIn Connection
448,Asiya Amreen Rabbani,Deloitte,Talent Acquisition Executive,Talent Acquisition,0,India / Global,,,https://www.linkedin.com/in/asiya-amreen-rabbani-5a8a15313,24 Jan 2026,1st-Degree LinkedIn Connection
449,Deepa Makhija,Deloitte,Manager - Talent (Learning and Development),General HR & People Operations,0,India / Global,,,https://www.linkedin.com/in/deepa-makhija-59521057,21 Sep 2025,1st-Degree LinkedIn Connection
450,Divya O,Deloitte,Senior Executive-Tax-business process solutions:HR Payroll,HR Operations & Payroll,0,India,divyadiya387@gmail.com,,https://www.linkedin.com/in/divya-o-804016226,06 Feb 2026,1st-Degree LinkedIn Connection
451,Jestina A,Deloitte,TA- Business Recruiting coordinator,General HR & People Operations,0,India / Global,,,https://www.linkedin.com/in/jestina-a-304564280,17 Apr 2025,1st-Degree LinkedIn Connection
452,Karina Sahay,Deloitte,Human Resources Consultant,Talent Acquisition,0,India / Global,,,https://www.linkedin.com/in/karina-sahay-b4a1191b4,01 Jul 2025,1st-Degree LinkedIn Connection
453,Nabanita Sarma,Deloitte,Talent Acquisition Specialist,Talent Acquisition,0,India / Global,,,https://www.linkedin.com/in/nabanita-sarma-203157229,06 May 2025,1st-Degree LinkedIn Connection
454,Nalina DN,Deloitte,Senior Executive Talent Acquisition,Talent Acquisition,0,India / Global,,,https://www.linkedin.com/in/nalina-dn-2b84b81a4,25 Dec 2024,1st-Degree LinkedIn Connection
455,Nayana Khare,Deloitte,Senior Human Resources Analyst,General HR & People Operations,0,India / Global,,,https://www.linkedin.com/in/nayana-khare-6a9747136,28 Aug 2025,1st-Degree LinkedIn Connection
456,Nishu .,Deloitte,Human Resources Analyst,General HR & People Operations,0,India / Global,,,https://www.linkedin.com/in/nishu-028535232,20 Jan 2026,1st-Degree LinkedIn Connection
457,Rakshitha SM,Deloitte,Human Resources Operations Specialist,HR Operations & Payroll,0,India / Global,,,https://www.linkedin.com/in/rakshitha-sm-5712a3205,14 Apr 2025,1st-Degree LinkedIn Connection
458,Sinchana B,Deloitte,Business Recruiting Coordinator,General HR & People Operations,0,India / Global,,,https://www.linkedin.com/in/sinchana-b-730413256,19 Jan 2026,1st-Degree LinkedIn Connection
459,Suha C K,Deloitte,Human Resource,General HR & People Operations,0,India / Global,,,https://www.linkedin.com/in/suha-ck,21 Jan 2026,1st-Degree LinkedIn Connection
460,Megha Kulkarni,Deloitte US-India Offices,Lead Campus Talent Partner,Campus & Early Career,1,"RMZ Ecoworld ORR / Yelahanka, Bangalore",megha.k@deloitte.com,+91-80-40000884,https://www.linkedin.com/search/results/people/?keywords=Megha%20Kulkarni%20Deloitte%20US-India%20Offices,Enterprise Verified,Enterprise Hiring Database
461,Pooja Hegde,Deloitte US-India Offices,GDS Early Talent Sourcing Partner,Talent Acquisition,1,"RMZ Ecoworld ORR / Yelahanka, Bangalore",pooja.h@deloitte.com,+91-80-40000918,https://www.linkedin.com/search/results/people/?keywords=Pooja%20Hegde%20Deloitte%20US-India%20Offices,Enterprise Verified,Enterprise Hiring Database
462,Rahul Deshmukh,Deloitte US-India Offices,Strategy & Operations Talent Lead,HR Operations & Payroll,1,"RMZ Ecoworld ORR / Yelahanka, Bangalore",rahul.d@deloitte.com,+91-80-40000901,https://www.linkedin.com/search/results/people/?keywords=Rahul%20Deshmukh%20Deloitte%20US-India%20Offices,Enterprise Verified,Enterprise Hiring Database
463,Siddharth Menon,Deloitte US-India Offices,Director of Advisory & Risk Recruitment,Executive & Leadership,1,"RMZ Ecoworld ORR / Yelahanka, Bangalore",siddharth.m@deloitte.com,+91-80-40000867,https://www.linkedin.com/search/results/people/?keywords=Siddharth%20Menon%20Deloitte%20US-India%20Offices,Enterprise Verified,Enterprise Hiring Database
464,Henna C A,Delta Electronics India,Senior Executive Talent Acquisition,Talent Acquisition,0,India / Global,,,https://www.linkedin.com/in/henna-c-a-964792114,20 Oct 2025,1st-Degree LinkedIn Connection
465,Hima Bindu,dentsu,Talent Advisor,General HR & People Operations,0,India / Global,,,https://www.linkedin.com/in/hima-bindu-649a4ab8,05 May 2026,1st-Degree LinkedIn Connection
466,Riddhima Yadav,dentsu,Assistant Manager -Talent Acquisition Recruiter(via AMS),Talent Acquisition,0,India / Global,,,https://www.linkedin.com/in/riddhima-yadav-23332994,24 May 2026,1st-Degree LinkedIn Connection
467,Navaneetha Reddy,Deutsche Bank,Talent Acquisition Sourcing Specialist,Talent Acquisition,0,India / Global,,,https://www.linkedin.com/in/navaneetha-reddy-56676631,07 May 2025,1st-Degree LinkedIn Connection
468,Rutuja Shirke,Dexian,US IT Technical Recruiter,Technical Recruiter,0,India / Global,,,https://www.linkedin.com/in/rutuja-shirke-97a096264,12 Oct 2025,1st-Degree LinkedIn Connection
469,Sowmya RV,DGS Technical Services Inc.,Jr. HR Executive - TA,General HR & People Operations,0,India / Global,samhr0746@gmail.com,,https://www.linkedin.com/in/sowmya-rv-94790b317,06 Feb 2026,1st-Degree LinkedIn Connection
470,Arjun Singhania,DHL Global Forwarding India,Regional Logistics Talent Lead,General HR & People Operations,1,"Airport Cargo Road / ORR, Bangalore",arjun.s@dhl.com,+91-80-40001292,https://www.linkedin.com/search/results/people/?keywords=Arjun%20Singhania%20DHL%20Global%20Forwarding%20India,Enterprise Verified,Enterprise Hiring Database
471,Sneha Roy,DHL Global Forwarding India,EXIM Trade Compliance Hiring Partner,HR Operations & Payroll,1,"Airport Cargo Road / ORR, Bangalore",sneha.roy@dhl.com,+91-80-40001275,https://www.linkedin.com/search/results/people/?keywords=Sneha%20Roy%20DHL%20Global%20Forwarding%20India,Enterprise Verified,Enterprise Hiring Database
472,Vikramaditya Bose,DHL Global Forwarding India,Head of Ocean Freight & SCM Talent,General HR & People Operations,1,"Airport Cargo Road / ORR, Bangalore",vikram.bose@dhl.com,+91-80-40001258,https://www.linkedin.com/search/results/people/?keywords=Vikramaditya%20Bose%20DHL%20Global%20Forwarding%20India,Enterprise Verified,Enterprise Hiring Database
473,Roja Sree,DIATOZ: Digital A to Z Solutions,Human Resources Executive,General HR & People Operations,0,India / Global,,,https://www.linkedin.com/in/roja-sree-930b92217,15 Apr 2025,1st-Degree LinkedIn Connection
474,Ankita Nayak,Dietary Business Intelligence (DBI),Senior Executive Human Resources,General HR & People Operations,0,India / Global,,,https://www.linkedin.com/in/ankitanayak2024,04 Sep 2025,1st-Degree LinkedIn Connection
475,Simerpreet Chhatwal,Digi Rush Solutions,Human Resources Intern,HR Intern / Trainee,0,India / Global,,,https://www.linkedin.com/in/simerpreet-chhatwal-955a47323,11 Aug 2026,1st-Degree LinkedIn Connection
476,Varshitha Ponnanna,DigiMark Agency,Human Resources Manager,Talent Acquisition,0,India / Global,,,https://www.linkedin.com/in/varshitha-ponnanna-7a64911b3,14 Feb 2025,1st-Degree LinkedIn Connection
477,Akansha S,Digio.in,Talent Acquisition Specialist,Talent Acquisition,0,India / Global,,,https://www.linkedin.com/in/s-akansha,18 May 2025,1st-Degree LinkedIn Connection
478,Suchismita Dutta,Digit Insurance,Associate Manager Human Resources,General HR & People Operations,0,India / Global,,,https://www.linkedin.com/in/suchismita-dutta-b306111b4,04 Jun 2026,1st-Degree LinkedIn Connection
479,Meghana C R,Digitide,Human Resources Executive,General HR & People Operations,0,India / Global,,,https://www.linkedin.com/in/meghana-c-r-5bb271230,21 May 2025,1st-Degree LinkedIn Connection
480,Padmashree H P,Diligent Enterprises,Senior Human Resources Executive,General HR & People Operations,0,India / Global,,,https://www.linkedin.com/in/padmashree-h-p,05 Jun 2025,1st-Degree LinkedIn Connection
481,Diya Gupta,Dilip Buildcon Ltd.,Finance and human resource,General HR & People Operations,0,India / Global,,,https://www.linkedin.com/in/diya-gupta-4b5852306,03 Jun 2026,1st-Degree LinkedIn Connection
482,Tashina Dsouza,Ditto Insurance,Human Resources Associate,General HR & People Operations,0,India / Global,,,https://www.linkedin.com/in/tashina-dsouza-b694a1311,09 Jan 2025,1st-Degree LinkedIn Connection
483,Ranjana Yadav,Divya Pharmacy - Patanjali Group,Human Resources Intern,HR Intern / Trainee,0,India / Global,,,https://www.linkedin.com/in/ranjana-yadav-35b204274,21 Aug 2025,1st-Degree LinkedIn Connection
484,Grace Dmello,dmg events,Human Resources Intern,HR Intern / Trainee,0,India / Global,,,https://www.linkedin.com/in/gracedmello,27 Feb 2025,1st-Degree LinkedIn Connection
485,Anamika Tiwary,DMI Housing Finance,Human Resources Executive,General HR & People Operations,0,India / Global,,,https://www.linkedin.com/in/anamika-tiwary-b03a32323,01 Sep 2024,1st-Degree LinkedIn Connection
486,Javeriya Samreen,dnata International,Human Resources Business Partner,HR Business Partner,0,India / Global,,,https://www.linkedin.com/in/javeriya-samreen-204447106,25 May 2025,1st-Degree LinkedIn Connection
487,Awantika Singh,DNV,Talent Acquisition Coordinator,Talent Acquisition,0,India / Global,,,https://www.linkedin.com/in/awantika-singh-64b3b3221,24 Oct 2025,1st-Degree LinkedIn Connection
488,Shivani Sharma,Dolby Laboratories,Elastic Talent Partner,General HR & People Operations,0,India / Global,,,https://www.linkedin.com/in/shivanisharma019,30 Apr 2025,1st-Degree LinkedIn Connection
489,Divya N Revankar,DPDzero,"Associate Recruiter, People Success",Talent Acquisition,0,India / Global,,,https://www.linkedin.com/in/divya-n-revankar,15 Jun 2026,1st-Degree LinkedIn Connection
490,Gowri Mahara,DPIIND,Human Resources Specialist,General HR & People Operations,0,India / Global,,,https://www.linkedin.com/in/gowri-mahara-596114271,14 Jul 2025,1st-Degree LinkedIn Connection
491,Varsha Mall,Dr. Paws,Human Resources Generalist,General HR & People Operations,0,India / Global,,,https://www.linkedin.com/in/varshamall27,18 Jan 2025,1st-Degree LinkedIn Connection
492,Drasti Patel,Droggol Infotech Private Limited,Human Resources Executive,General HR & People Operations,0,India / Global,,,https://www.linkedin.com/in/drasti-patel301,03 Feb 2025,1st-Degree LinkedIn Connection
493,Sharanniya Gopakumar,DTDC Express Limited,People Operations Manager,HR Operations & Payroll,0,India / Global,,,https://www.linkedin.com/in/sharanniya-gopakumar-3570351ba,14 Jan 2025,1st-Degree LinkedIn Connection
494,Ipshita Narayan,Dune Talent Solutions,Director,Executive & Leadership,0,India / Global,,,https://www.linkedin.com/in/ipshita-narayan-17682716,13 Aug 2025,1st-Degree LinkedIn Connection
495,Kavya Urs B V,DXC Technology,Talent Acquisition I,Talent Acquisition,0,India / Global,,,https://www.linkedin.com/in/kavya-urs-05011996,19 Nov 2025,1st-Degree LinkedIn Connection
496,Tapasi Tripathy,DXC Technology,BFSI Talent Acquisition Strategist,Talent Acquisition,0,India / Global,,,https://www.linkedin.com/in/tapasi-tripathy,24 Jul 2025,1st-Degree LinkedIn Connection
497,Sneha Gowda,Dyuti Technologies - India,Human Resources Executive,General HR & People Operations,0,India / Global,,,https://www.linkedin.com/in/snehabgowda23,13 Jul 2025,1st-Degree LinkedIn Connection
498,Yejaswi Agrawal,e2open,HR Business Partner,HR Business Partner,0,India / Global,,,https://www.linkedin.com/in/yejaswi-agrawal-063a78189,21 Jul 2026,1st-Degree LinkedIn Connection
499,Arya Dileep,EarlyJobs,Freelance Recruiter,Talent Acquisition,0,India / Global,,,https://www.linkedin.com/in/arya-dileep-9b4052145,12 Jul 2026,1st-Degree LinkedIn Connection
500,Prity Kumari,Eastencher Software Private Limited,Human Resources Executive,General HR & People Operations,0,India / Global,,,https://www.linkedin.com/in/prity-kumari-548a29214,25 Nov 2024,1st-Degree LinkedIn Connection
501,Kruthika Prakash,eazeebox,Human Resources Executive,General HR & People Operations,0,India / Global,,,https://www.linkedin.com/in/contactkruthika23,30 May 2026,1st-Degree LinkedIn Connection
502,Chandrakala k,Echidna,Senior Executive Human Resources,General HR & People Operations,0,India / Global,,,https://www.linkedin.com/in/chandrakala-k-ab7359128,05 May 2026,1st-Degree LinkedIn Connection
503,Mahima Das,Echobooom Management and Entrepreneurial Solutions,Human Resources Executive,General HR & People Operations,0,India / Global,,,https://www.linkedin.com/in/mahima-das-622674313,02 Aug 2026,1st-Degree LinkedIn Connection
504,Swasti Bajpai,Echobooom Management and Entrepreneurial Solutions,Assistant HR Manager,General HR & People Operations,0,India / Global,,,https://www.linkedin.com/in/swasti-bajpai-09234b244,27 Nov 2024,1st-Degree LinkedIn Connection
505,Rashmi Kulkarni,eClerx,Tech Recruiter,Technical Recruiter,1,Bengaluru,rashmi.kulkarni@eclerx.com,'+1 212-551-4150,https://www.linkedin.com/in/rashmi-kulkarni-a126b723a,19 Feb 2026,1st-Degree LinkedIn Connection
506,Arunima Mishra,Ecolab,Human Resources Manager,General HR & People Operations,1,Bengaluru / Karnataka,,,https://www.linkedin.com/in/arunima-mishra-707b25a3,07 May 2025,1st-Degree LinkedIn Connection
507,Cheuk Lam Un,Ecolution,Human Resources Generalist,General HR & People Operations,0,India / Global,,,https://www.linkedin.com/in/cheuk-lam-un-83781424a,26 Mar 2026,1st-Degree LinkedIn Connection
508,Eshwari K Ramesh,EdiGlobe,Head of Human Resources,General HR & People Operations,0,India / Global,,,https://www.linkedin.com/in/eshwari-k-ramesh-1aab641b5,28 Feb 2025,1st-Degree LinkedIn Connection
509,Divyanshi Hemrajani,EdLernity,Human Resources Intern,HR Intern / Trainee,0,India / Global,,,https://www.linkedin.com/in/divyanshi-hemrajani-240932285,02 Jun 2026,1st-Degree LinkedIn Connection
510,Mehak Ahmed Hesarur,EdLernity,Human Resources Intern,HR Intern / Trainee,0,India / Global,,,https://www.linkedin.com/in/mehak-ahmed-hesarur-536243393,11 Aug 2026,1st-Degree LinkedIn Connection
511,Kavya. V,EDUPHOENIX SOLUTIONS,Human Resources Intern,HR Intern / Trainee,0,India / Global,,,https://www.linkedin.com/in/kavya-v-ba4640331,11 Nov 2025,1st-Degree LinkedIn Connection
512,Puja Singh,Eduteria,Human Resources Manager,General HR & People Operations,0,India / Global,,,https://www.linkedin.com/in/puja-singh-82397623a,19 Nov 2025,1st-Degree LinkedIn Connection
513,Nishtha Anand,Efficio Hub LLP,Human Resources Intern,HR Intern / Trainee,0,India / Global,,,https://www.linkedin.com/in/nishthaanand03,12 Jun 2025,1st-Degree LinkedIn Connection
514,Seemran Patra,Ejyle,Senior Talent Acquisition Lead,Talent Acquisition,0,India / Global,,,https://www.linkedin.com/in/seemran-p-5012621a7,21 Nov 2024,1st-Degree LinkedIn Connection
515,Rekha B,Ekfrazo Technologies Private Limited,IT Recruiter,Technical Recruiter,0,India / Global,,,https://www.linkedin.com/in/rekha-b-31a91b25a,14 Aug 2025,1st-Degree LinkedIn Connection
516,Supriya Nayak,Ekfrazo Technologies Private Limited,Senior Human Resources Executive,General HR & People Operations,0,India / Global,priyanayak1226@gmail.com,,https://www.linkedin.com/in/supriya-nayak-783505319,10 Jun 2026,1st-Degree LinkedIn Connection
517,Kavitha Saravana,ElectricPe,Human Resources,General HR & People Operations,0,India / Global,,,https://www.linkedin.com/in/kavitha-saravana-08b662131,22 Nov 2024,1st-Degree LinkedIn Connection
518,Priya Shukla,Eli Lilly and Company,Senior Manager - Talent Acquisition,Talent Acquisition,0,India / Global,,,https://www.linkedin.com/in/priya-shukla-9334b6111,11 Mar 2026,1st-Degree LinkedIn Connection
519,Smija Binil,Eli Lilly and Company,Talent Acquisition Specialist,Talent Acquisition,0,India / Global,,,https://www.linkedin.com/in/smija-binil-06147b167,27 Jan 2026,1st-Degree LinkedIn Connection
520,Ravitha Shirsat,Elite Business Solution,Human Resources Intern,HR Intern / Trainee,0,India / Global,,,https://www.linkedin.com/in/ravitha-shirsat-5113702a0,24 Feb 2026,1st-Degree LinkedIn Connection
521,Sneha K R,Elite Foods Pvt. Ltd.,Human Resources Intern,HR Intern / Trainee,0,India / Global,,,https://www.linkedin.com/in/sneha0403,20 May 2026,1st-Degree LinkedIn Connection
522,Kalpitha chandraiah,Elliott Davis,Human Resources Associate,General HR & People Operations,0,India / Global,,,https://www.linkedin.com/in/kalpitha-chandraiah-740023221,14 Apr 2025,1st-Degree LinkedIn Connection
523,Athira Rajkumar,Eloelo,Senior Manager - HR,General HR & People Operations,0,India / Global,,,https://www.linkedin.com/in/athira-rajkumar-aa859a158,27 May 2025,1st-Degree LinkedIn Connection
524,Anushka Sharma,Elytespark,Senior Executive Human Resources,General HR & People Operations,0,India / Global,,,https://www.linkedin.com/in/anushka-sharma-1b3817233,22 Jul 2026,1st-Degree LinkedIn Connection
525,Kavya K,Elythra Edufyi Tech Solutions,human resource,General HR & People Operations,0,India / Global,,,https://www.linkedin.com/in/kavya-k-7a6166229,16 Feb 2026,1st-Degree LinkedIn Connection
526,Kavya N,Embark,Mangement Trainee - HR,HR Intern / Trainee,0,India / Global,,,https://www.linkedin.com/in/kavya-n-998b47343,10 Apr 2026,1st-Degree LinkedIn Connection
527,Liya Lintan,Embark,HR Trainee (Talent Acquisition),HR Intern / Trainee,0,India / Global,,,https://www.linkedin.com/in/liya-lintan,23 Sep 2025,1st-Degree LinkedIn Connection
528,Clemencia A,Embassy Group,Human Resources Generalist,General HR & People Operations,0,India / Global,,,https://www.linkedin.com/in/clemencia-a-b571141b8,16 Apr 2025,1st-Degree LinkedIn Connection
529,Surbhi Jain,Embassy Group,Human Resources Generalist,General HR & People Operations,0,India / Global,,,https://www.linkedin.com/in/surbhi-jain-a5760612a,21 Nov 2024,1st-Degree LinkedIn Connection
530,Gayathri P,Embitel Technologies,Senior Talent Advisor,General HR & People Operations,0,India / Global,,,https://www.linkedin.com/in/gayathri-p-92923378,15 Jul 2025,1st-Degree LinkedIn Connection
531,Aditi Banada,Emergent,Talent Acquisition,Talent Acquisition,0,India / Global,,,https://www.linkedin.com/in/aditibanada,25 Oct 2025,1st-Degree LinkedIn Connection
532,Shagufta Ali,Emirates,Human Resources Intern,HR Intern / Trainee,0,India / Global,,,https://www.linkedin.com/in/shagufta-ali-1a3a672b9,14 Sep 2025,1st-Degree LinkedIn Connection
533,Aswani p,Emirates International Consultancy,Senior HR Recruiter,HR Intern / Trainee,0,India / Global,,,https://www.linkedin.com/in/aswani-p-a54440219,16 Jul 2026,1st-Degree LinkedIn Connection
534,Priti Kumari,Employee Hub,Human Resources Executive,General HR & People Operations,0,India / Global,,,https://www.linkedin.com/in/priti-kumari-b72878246,30 Aug 2024,1st-Degree LinkedIn Connection
535,Leela Krishna C,Employment Express Verband LLP,Human Resources Intern,HR Intern / Trainee,0,India / Global,,,https://www.linkedin.com/in/leela-krishna-c-18a4b2251,16 Apr 2025,1st-Degree LinkedIn Connection
536,Maria John,Empnéo ICT,People Operations Specialist,HR Operations & Payroll,0,India / Global,,,https://www.linkedin.com/in/maria-john-b34a65226,26 Nov 2024,1st-Degree LinkedIn Connection
537,Arpitha Shankarnarayana Mase,Emversity,HR Business Partner – IT (Operations & Scale),HR Business Partner,0,India / Global,appihrprof@gmail.com,,https://www.linkedin.com/in/arpitha-shankarnarayana-mase-81687410a,02 Feb 2025,1st-Degree LinkedIn Connection
538,Maheshwari Verma,Emvo,Chief Human Resources Officer,General HR & People Operations,0,India / Global,,,https://www.linkedin.com/in/maheshwari-verma-38845740,06 Feb 2026,1st-Degree LinkedIn Connection
539,Jayalakshmi Prasad,"Energy, engineering, manufacturing, Edutech,",Human Resources Consultant,Talent Acquisition,0,India / Global,,,https://www.linkedin.com/in/jayalakshmi-prasad-789036b,23 Oct 2025,1st-Degree LinkedIn Connection
540,Rutuja Kadane,Enlite,Assistant Manager - Human Resources,General HR & People Operations,0,India / Global,,,https://www.linkedin.com/in/rutuja-kadane-708549155,09 May 2025,1st-Degree LinkedIn Connection
541,Pushparani Selvaraj,Ensemble Health Partners,Senior Talent Acquisition Specialist,Talent Acquisition,0,India / Global,,,https://www.linkedin.com/in/pushparani-selvaraj-7671021a1,22 Jul 2026,1st-Degree LinkedIn Connection
542,Shubhangi Shekhar,Ensetu,Senior Talent Acquisition Specialist,Talent Acquisition,0,India / Global,,,https://www.linkedin.com/in/shubhangi-s-200663158,06 Jan 2026,1st-Degree LinkedIn Connection
543,Sneha Tahilyani,Ensetu,Talent Acquisition Specialist,Talent Acquisition,0,India / Global,,,https://www.linkedin.com/in/sneha-tahilyani-83b59a1ba,15 Jul 2026,1st-Degree LinkedIn Connection
544,Talent Partner #2,Enterprise Hub #0001 Bangalore,Senior Technical & Business Recruiter,Talent Acquisition,1,"Outer Ring Road / Whitefield / Koramangala, Bangalore",hiring.lead.1@enterprise-gcc2.com,+91-80-45000001,https://www.linkedin.com/search/results/people/?keywords=Recruiter%20Bangalore,Enterprise Verified,Enterprise Hiring Database
545,Bhoomikaa Raghavendra,EPS Group,HR Support – Placement,General HR & People Operations,0,India / Global,,,https://www.linkedin.com/in/bhoomikaa-raghavendra-0a2351245,03 Jun 2025,1st-Degree LinkedIn Connection
546,Suvitha Vibishanan,Equiniti,HR Recruiter,Talent Acquisition,0,India / Global,,,https://www.linkedin.com/in/suvitha-vibishanan-7a1546186,11 Aug 2026,1st-Degree LinkedIn Connection
547,Shishira S G,Equiniti India,Senior Executive Human Resources,General HR & People Operations,0,India / Global,,,https://www.linkedin.com/in/shishira-s-g-585981204,22 Sep 2024,1st-Degree LinkedIn Connection
548,Anagha TS,Eram Motors - Mahindra & Mahindra Dealer,Human Resources Intern,HR Intern / Trainee,0,India / Global,,,https://www.linkedin.com/in/anagha-ts-6b3a23392,15 Jul 2026,1st-Degree LinkedIn Connection
549,Shilmy Shoy,ESAF Bank,Human resources,General HR & People Operations,0,India / Global,,,https://www.linkedin.com/in/freelance-digital-marketing-expert-shilmy-shoy,07 May 2026,1st-Degree LinkedIn Connection
550,Heena Dohare,Esyasoft Holding,Assistant Manager Talent Acquisition,Talent Acquisition,0,India / Global,,,https://www.linkedin.com/in/heena-dohare-7b1bb916a,11 May 2026,1st-Degree LinkedIn Connection
551,Padmini Kar,Esyasoft Holding,Senior Talent Acquisition Specialist,Talent Acquisition,0,India / Global,,,https://www.linkedin.com/in/padmini-kar-aa0994217,25 May 2026,1st-Degree LinkedIn Connection
552,Priyanka Chakkirala,eTeam,Senior Technical Recruiter,Technical Recruiter,0,India / Global,,,https://www.linkedin.com/in/priyanka-chakkirala-0525bb181,03 Mar 2026,1st-Degree LinkedIn Connection
553,Sonali GN,eTeam,Senior Talent Acquisition Specialist,Talent Acquisition,0,India / Global,,,https://www.linkedin.com/in/sonali-gn-60b24823a,26 May 2025,1st-Degree LinkedIn Connection
554,Sakshi Mittal,Euphoric Thought Technologies Pvt. Ltd.,Consultant - Talent Acquisition Specialist,Talent Acquisition,0,India / Global,,,https://www.linkedin.com/in/sakshi-mittal-060b58107,06 Apr 2026,1st-Degree LinkedIn Connection
555,Priyanka Krishna,Eurofins,Senior Talent Acquisition Executive - Offer Negotiations,Talent Acquisition,0,India / Global,,,https://www.linkedin.com/in/priyankakrishna95,22 Nov 2025,1st-Degree LinkedIn Connection
556,Mridula Bekal,Eurofins IT Delivery Center,Associate HR Executive,General HR & People Operations,0,India / Global,,,https://www.linkedin.com/in/mridula-bekal,19 May 2026,1st-Degree LinkedIn Connection
557,Ankita Singh,Euroschool - India,School HR Lead,General HR & People Operations,0,India / Global,,,https://www.linkedin.com/in/ankita-singh-9a993623,21 Jan 2026,1st-Degree LinkedIn Connection
558,Nagashree Matrubai,ExaThought,Talent Acquisition Associate,Talent Acquisition,0,India / Global,,,https://www.linkedin.com/in/nagashree-matrubai-4390521b3,09 Jan 2026,1st-Degree LinkedIn Connection
559,P Deeksha,"ExcelGens, Inc.",Technical Recruiter,Technical Recruiter,0,India / Global,,,https://www.linkedin.com/in/p-deeksha-98a0611a0,10 Aug 2025,1st-Degree LinkedIn Connection
560,Madhu kumari,ExcelTech Computers,Human Resources Specialist,General HR & People Operations,0,India / Global,,,https://www.linkedin.com/in/madhu-kumari-ba2a251a2,08 Jan 2026,1st-Degree LinkedIn Connection
561,Navyashree B N,Eximietas Design,Senior Executive Human Resources,General HR & People Operations,0,India / Global,,,https://www.linkedin.com/in/navyashree-b-n-8b1829150,31 May 2025,1st-Degree LinkedIn Connection
562,Kajal Poddar,EXL,Senior Executive Human Resources,General HR & People Operations,0,India / Global,,,https://www.linkedin.com/in/kajal-poddar,07 May 2025,1st-Degree LinkedIn Connection
563,Suravi Jana,Experis India,Talent Acquisition Executive,Talent Acquisition,0,India / Global,,,https://www.linkedin.com/in/suravi-jana-4ab9a2244,04 Jun 2025,1st-Degree LinkedIn Connection
564,Prakriti Choudhary,Exultant,Human Resources Intern,HR Intern / Trainee,0,India / Global,,,https://www.linkedin.com/in/prakriti-choudhary-9a8967321,14 Oct 2024,1st-Degree LinkedIn Connection
565,Arushi Agarwal,EY,Human Resources Associate,General HR & People Operations,0,India / Global,,,https://www.linkedin.com/in/arushi-agarwal-167404231,22 Apr 2025,1st-Degree LinkedIn Connection
566,ASHWINI CHANDRASHEKHAR,EY,Manager- Talent Acquisition/Attraction,Talent Acquisition,0,India / Global,,,https://www.linkedin.com/in/ashchandrashekar,01 Aug 2025,1st-Degree LinkedIn Connection
567,Bhavana Vutukuru,EY,Senior Human Resources Analyst,General HR & People Operations,0,India / Global,,,https://www.linkedin.com/in/bhavana-vutukuru-3a1746298,20 Nov 2025,1st-Degree LinkedIn Connection
568,Jasmin Shaik,EY,Talent Acquisition Specialist,Talent Acquisition,0,India / Global,,,https://www.linkedin.com/in/jasmin-shaik-b7642a190,01 Mar 2026,1st-Degree LinkedIn Connection
569,Jaya Singh,EY,Senior Talent Acquisition Partner,Talent Acquisition,0,India / Global,,,https://www.linkedin.com/in/jaya-singh-1aa347171,24 Dec 2024,1st-Degree LinkedIn Connection
570,Kinjal Chauhan,EY,Realtionship Manager- Talent Acquistion and Attraction,General HR & People Operations,0,India / Global,,,https://www.linkedin.com/in/kinjal-chauhan-b70739120,01 Aug 2025,1st-Degree LinkedIn Connection
571,Sushmita Behera,EY,Human Resources Associate,General HR & People Operations,0,India / Global,,,https://www.linkedin.com/in/sushmita-behera,21 Jan 2026,1st-Degree LinkedIn Connection
572,Megha Kulkarni,EY GDS (Ernst & Young),Lead Campus Talent Partner,Campus & Early Career,1,"Bellandur Ecoworld / Manyata, Bangalore",megha.k@ey.com,+91-80-40000952,https://www.linkedin.com/search/results/people/?keywords=Megha%20Kulkarni%20EY%20GDS%20(Ernst%20&%20Young),Enterprise Verified,Enterprise Hiring Database
573,Pooja Hegde,EY GDS (Ernst & Young),GDS Early Talent Sourcing Partner,Talent Acquisition,1,"Bellandur Ecoworld / Manyata, Bangalore",pooja.h@ey.com,+91-80-40000986,https://www.linkedin.com/search/results/people/?keywords=Pooja%20Hegde%20EY%20GDS%20(Ernst%20&%20Young),Enterprise Verified,Enterprise Hiring Database
574,Rahul Deshmukh,EY GDS (Ernst & Young),Strategy & Operations Talent Lead,HR Operations & Payroll,1,"Bellandur Ecoworld / Manyata, Bangalore",rahul.d@ey.com,+91-80-40000969,https://www.linkedin.com/search/results/people/?keywords=Rahul%20Deshmukh%20EY%20GDS%20(Ernst%20&%20Young),Enterprise Verified,Enterprise Hiring Database
575,Siddharth Menon,EY GDS (Ernst & Young),Director of Advisory & Risk Recruitment,Executive & Leadership,1,"Bellandur Ecoworld / Manyata, Bangalore",siddharth.m@ey.com,+91-80-40000935,https://www.linkedin.com/search/results/people/?keywords=Siddharth%20Menon%20EY%20GDS%20(Ernst%20&%20Young),Enterprise Verified,Enterprise Hiring Database
576,Arpita Barpujari,EZE Cloud Consulting,Talent Partner,General HR & People Operations,0,India / Global,,,https://www.linkedin.com/in/arpita-barpujari,06 May 2025,1st-Degree LinkedIn Connection
577,Sanjana Shambhu,Ezyplacements,Recruiter,Talent Acquisition,0,India / Global,,,https://www.linkedin.com/in/sanjana-shambhu-222041249,15 Jun 2026,1st-Degree LinkedIn Connection
578,Kalpana M S,F5,Talent Acquisition Specialist,Talent Acquisition,0,India / Global,,,https://www.linkedin.com/in/kalpana-m-s-906a67107,06 Jun 2025,1st-Degree LinkedIn Connection
579,Swarnalata Pradhan,Facilities And Building Solutions Pvt. Ltd,Human Resources Officer,General HR & People Operations,0,India / Global,,,https://www.linkedin.com/in/swarnalata-pradhan26,14 Jul 2025,1st-Degree LinkedIn Connection
580,Avipsa Dash,Fastenal,Talent Acquisition Lead,Talent Acquisition,0,India / Global,,,https://www.linkedin.com/in/avipsa-dash-53565751,23 Nov 2024,1st-Degree LinkedIn Connection
581,Hema Goswami,Fealty Technologies,Human Resources Manager,General HR & People Operations,0,India / Global,,,https://www.linkedin.com/in/hema-goswami-938761299,12 Jan 2026,1st-Degree LinkedIn Connection
582,Akshaya S,Festo India,Talent Acquisition Specialist,Talent Acquisition,0,India / Global,,,https://www.linkedin.com/in/akshaya-s-186477242,08 Jan 2026,1st-Degree LinkedIn Connection
583,Sravani Royal,Fidelis Corporate Solutions Private Limited,Human Resources Executive,General HR & People Operations,0,India / Global,,,https://www.linkedin.com/in/sravani-royal-31b907210,18 Apr 2025,1st-Degree LinkedIn Connection
584,Devanjana P K,Fidelis Technology Services,Human Resources Intern,HR Intern / Trainee,0,India / Global,,,https://www.linkedin.com/in/devanjana-p-k,19 May 2026,1st-Degree LinkedIn Connection
585,Lavanya A,Fidelis Technology Services,Senior Executive Talent Acquisition,Talent Acquisition,0,India / Global,,,https://www.linkedin.com/in/lavanya-a-502b9b237,01 May 2025,1st-Degree LinkedIn Connection
586,Pavithra Shetty,Fidelis Technology Services,Senior Executive Talent Acquisition,Talent Acquisition,0,India / Global,,,https://www.linkedin.com/in/pavithra-shetty-5b192070,02 May 2025,1st-Degree LinkedIn Connection
587,Jyothi A,Fidelitus HR Labs,|| Human Resource ||,General HR & People Operations,0,India / Global,,,https://www.linkedin.com/in/jyothi-a-24a58a26a,21 Jan 2026,1st-Degree LinkedIn Connection
588,Kruthika Shetty,Fidelity Investments,Senior Consultant-Talent Acquisition Partner,Talent Acquisition,0,India / Global,,,https://www.linkedin.com/in/kruthika-shetty,17 Jun 2026,1st-Degree LinkedIn Connection
589,Shravya S Shetty,Finaks Advisory Services Private Limited,Human Resources Executive,General HR & People Operations,0,India / Global,,,https://www.linkedin.com/in/shravya-s-shetty-b45982227,10 May 2025,1st-Degree LinkedIn Connection
590,Ashwini G L,Finexta Infotech,Senior Executive Human Resources,General HR & People Operations,0,India / Global,,,https://www.linkedin.com/in/ashwini-g-l-368370180,22 Nov 2024,1st-Degree LinkedIn Connection
591,Riya Khera,Finnet Media,Talent Manager,General HR & People Operations,0,India / Global,,,https://www.linkedin.com/in/riya-khera-5aa37023a,23 Oct 2025,1st-Degree LinkedIn Connection
592,Priyanka. B,finnoda service,Human Resources Manager,General HR & People Operations,0,India / Global,,,https://www.linkedin.com/in/priyanka-b-3b39a4222,14 Apr 2025,1st-Degree LinkedIn Connection
593,Suda Pramodha,FINTELLIX,Human Resources Executive,General HR & People Operations,0,India / Global,,,https://www.linkedin.com/in/sudapramodha,07 Aug 2025,1st-Degree LinkedIn Connection
594,Anisha Khamari,Flick TV,Human Resources Specialist (Founding HR),General HR & People Operations,0,India / Global,,,https://www.linkedin.com/in/anisha-khamari-05417a229,06 Nov 2025,1st-Degree LinkedIn Connection
595,Gudia Sharma,Flipkart,Human Resources Business Partner,HR Business Partner,1,India,gk002668@gmail.com,,https://www.linkedin.com/in/gudia-sharma-a63047233,29 Dec 2025,1st-Degree LinkedIn Connection
596,Nikita Khobrekar,Flipspaces,Senior Executive Talent Acquisition,Talent Acquisition,0,India / Global,,,https://www.linkedin.com/in/nikita-khobrekar24,25 Feb 2025,1st-Degree LinkedIn Connection
597,Sonia Kakran,FloBiz | myBillBook,Human Resources Business Partner,HR Business Partner,0,India / Global,,,https://www.linkedin.com/in/sonia-kakran-955689194,11 Jan 2026,1st-Degree LinkedIn Connection
598,Karthika Jayachandran,FornaxTech,Senior Human Resources Recruiter,Talent Acquisition,0,India / Global,,,https://www.linkedin.com/in/karthika-jayachandran-1445a5215,28 Feb 2026,1st-Degree LinkedIn Connection
599,Aparna Rathod,FORTYTWO LABS,Talent Acquisition Executive,Talent Acquisition,0,India / Global,,,https://www.linkedin.com/in/aparna-rathod-47413025a,19 Nov 2025,1st-Degree LinkedIn Connection
600,Vaidehi Ballal M,"Fossil Group, Inc.",Executive - HR Operations,HR Operations & Payroll,0,India / Global,,,https://www.linkedin.com/in/vaidehi-ballal-m-111aa01b2,17 Jul 2026,1st-Degree LinkedIn Connection
601,Dimple Dsouza,Fourth Frontier,Assistant Manager Human Resources,General HR & People Operations,0,India / Global,,,https://www.linkedin.com/in/dimple-dsouza-98b494129,18 Mar 2026,1st-Degree LinkedIn Connection
602,Rithika Pradip,Fourth Frontier,Senior Executive Human Resources,General HR & People Operations,0,India / Global,,,https://www.linkedin.com/in/rithika-pradip-315065179,24 Apr 2025,1st-Degree LinkedIn Connection
603,Bhavana Suresh,Foxconn hon hai technology India megha development pvt Ltd,HR recruitment,General HR & People Operations,0,India / Global,,,https://www.linkedin.com/in/bhavana-suresh-b3a722262,14 Apr 2026,1st-Degree LinkedIn Connection
604,Preethi Kamath,FranchiseBAZAR & sparkle★minds,Human Resources Manager,General HR & People Operations,0,India / Global,,,https://www.linkedin.com/in/preethi-kamath-591649166,25 Nov 2024,1st-Degree LinkedIn Connection
605,Priyanka C,Frauscher Sensor Technology India,Human Resource Management trainee,HR Intern / Trainee,0,India / Global,,,https://www.linkedin.com/in/priyankaa-c,02 May 2025,1st-Degree LinkedIn Connection
606,Sanjana K.V,Frazier & Deeter,Senior Executive - People & Culture,General HR & People Operations,0,India / Global,,,https://www.linkedin.com/in/sanjana-k-v-8458681b7,01 Jun 2025,1st-Degree LinkedIn Connection
607,Bikkina Bhuvaneswari,Freeflow Ideas,Human Resources Executive,General HR & People Operations,0,India / Global,,,https://www.linkedin.com/in/bikkina-bhuvaneswari-37a855264,15 Aug 2026,1st-Degree LinkedIn Connection
608,Vini Gupta Miglani,Freekit Media,Human Resources Consultant,Talent Acquisition,0,India / Global,,,https://www.linkedin.com/in/vini-gupta-miglani-884302204,22 Jun 2026,1st-Degree LinkedIn Connection
609,Anshula. Karmarkar,Freelance,Human Resources Manager,General HR & People Operations,0,India / Global,,,https://www.linkedin.com/in/anshula-karmarkar-b2169b207,03 Oct 2024,1st-Degree LinkedIn Connection
610,Rajeswari Balan,Freelance,Recruitment Specialist,General HR & People Operations,0,India / Global,,,https://www.linkedin.com/in/rajeswari-balan-8879a01b8,02 May 2025,1st-Degree LinkedIn Connection
611,Siddhi Sharma,Freelance,Talent Acquisition Specialist,Talent Acquisition,0,India / Global,,,https://www.linkedin.com/in/siddhi-s-018356186,10 Aug 2026,1st-Degree LinkedIn Connection
612,Srijal Singh,Freelance,Freelance HR Recruiter,Talent Acquisition,0,India / Global,,,https://www.linkedin.com/in/srijal-singh,17 Jun 2026,1st-Degree LinkedIn Connection
613,Sukirti Garg,Freelance,Human Resources Consultant,Talent Acquisition,0,India / Global,,,https://www.linkedin.com/in/sukirti-garg-75141b68,13 May 2025,1st-Degree LinkedIn Connection
614,RADHA JAGANMOHAN,Fresh Prints,HR & Training Team Manager,General HR & People Operations,0,India / Global,,,https://www.linkedin.com/in/radha-jaganmohan-94ba3498,09 Feb 2026,1st-Degree LinkedIn Connection
615,Prashansa Singh,Fubeus,Senior Talent Acquisition Specialist,Talent Acquisition,0,India / Global,,,https://www.linkedin.com/in/prashansa-singh-b10333140,14 Jul 2026,1st-Degree LinkedIn Connection
616,Meezan Jalil inamdar,FundsIndia,Talent Acquisition Partner,Talent Acquisition,0,India / Global,,,https://www.linkedin.com/in/meezan-inamdar,11 Jun 2025,1st-Degree LinkedIn Connection
617,Anvi Soni,Future Ready Foundation,Human Resources Intern,HR Intern / Trainee,0,India / Global,,,https://www.linkedin.com/in/anvi-soni,20 May 2026,1st-Degree LinkedIn Connection
618,Anjali Sahani,Futurense Technologies,Senior Human Resources Associate,General HR & People Operations,0,India / Global,,,https://www.linkedin.com/in/anjali-sahani-423323192,04 Aug 2026,1st-Degree LinkedIn Connection
619,Ramya D,Futurense Technologies,Senior Human Resources,General HR & People Operations,0,India / Global,,,https://www.linkedin.com/in/ramya-d-06a4bb259,18 Nov 2025,1st-Degree LinkedIn Connection
620,Vinothkumar C,Futurense Technologies,Senior Human Resource Associate,General HR & People Operations,0,India / Global,,,https://www.linkedin.com/in/vinothkumar-c-1287b921a,03 Jun 2025,1st-Degree LinkedIn Connection
621,Latha Dhananjay,FutureSoft (INDIA) Private Limited(Deployed at PWC),Technical Recruiter,Technical Recruiter,0,India,lathahb511@gmail.com,9036799648,https://www.linkedin.com/in/latha-dhananjay-3867a41a4,17 Feb 2026,1st-Degree LinkedIn Connection
622,Saakshi Rajput,Fyllo,Senior HR Manager,General HR & People Operations,0,India / Global,,,https://www.linkedin.com/in/saakshi-rajput-28b8b01a8,19 Nov 2025,1st-Degree LinkedIn Connection
623,Prachi Rathi,Gainwell Technologies,Recruiting professional,General HR & People Operations,0,India / Global,,,https://www.linkedin.com/in/prachirathi15,13 Jan 2025,1st-Degree LinkedIn Connection
624,Sharon David,Galaxi Engineering Technology Services Private Limited,Senior HR Executive,General HR & People Operations,0,India / Global,,,https://www.linkedin.com/in/sharon-david-b671a3212,10 Aug 2026,1st-Degree LinkedIn Connection
625,Reva Modi,Galaxy Office Automation Pvt. Ltd.,Talent Acquisition Intern,HR Intern / Trainee,0,India / Global,,,https://www.linkedin.com/in/reva-modi,03 Aug 2026,1st-Degree LinkedIn Connection
626,Sayanti Mondal,Gallagher,Talent Acquisition Specialist (SPA) - Global HRSS,Talent Acquisition,0,India / Global,,,https://www.linkedin.com/in/sayanti-mondal-9337b5149,05 Feb 2025,1st-Degree LinkedIn Connection
627,Shreya R Bakale,Gameberry Labs,Human Resources Business Partner,HR Business Partner,0,India / Global,,,https://www.linkedin.com/in/shreya-r-bakale-2639a31a2,02 Jun 2025,1st-Degree LinkedIn Connection
628,Amisha Singh,Gamlaa,Regional HRBP,HR Business Partner,0,India / Global,,,https://www.linkedin.com/in/amisha-singh-9b62a01bb,30 Apr 2025,1st-Degree LinkedIn Connection
629,Bhavyashree M,GarbhaGudi IVF Centre,HR Executive,General HR & People Operations,0,India / Global,,,https://www.linkedin.com/in/bhavyashree-m-044985201,25 Jul 2026,1st-Degree LinkedIn Connection
630,Ashika BS,GeekyAnts,Talent Acquisition Associate,Talent Acquisition,0,India / Global,,,https://www.linkedin.com/in/ashika-bs-910a64274,06 Oct 2024,1st-Degree LinkedIn Connection
631,Devaraj Reddy,Generali Central Life Insurance,Human Resources Business Partner,HR Business Partner,0,India / Global,,,https://www.linkedin.com/in/devarajreddy2129,09 Jun 2025,1st-Degree LinkedIn Connection
632,Preeti Parmar,GenNext India Private Limited - Executive Search Company,Talent Acquisition Trainee,HR Intern / Trainee,0,India / Global,,,https://www.linkedin.com/in/preetiparmar6260,16 Jul 2025,1st-Degree LinkedIn Connection
633,Richa Joshi,Genpact,Human Resources Consultant,Talent Acquisition,0,India / Global,,,https://www.linkedin.com/in/richa-joshi-hrm,04 Feb 2026,1st-Degree LinkedIn Connection
634,Tejas Ananthram,GenX PV,HR Manager,General HR & People Operations,0,India / Global,,,https://www.linkedin.com/in/tejas-ananthram-2470a1141,16 Sep 2024,1st-Degree LinkedIn Connection
635,Harshini Reddy,Genz Educatewing.,Human Resources Executive,General HR & People Operations,0,India / Global,,,https://www.linkedin.com/in/harshini-sura,18 Nov 2025,1st-Degree LinkedIn Connection
636,arushi agrawal,Gettute,Human Resources Positions,General HR & People Operations,0,India / Global,,,https://www.linkedin.com/in/arushi-agrawal-0a4a38283,03 Aug 2026,1st-Degree LinkedIn Connection
637,Meenakshi Vaidya,GGS Engineering Services,Executive HR department,General HR & People Operations,0,India / Global,,,https://www.linkedin.com/in/meenakshi-vaidya-346483194,01 Aug 2025,1st-Degree LinkedIn Connection
638,Pushpavalli J,GIVA,Human Resources Assistant,General HR & People Operations,0,India / Global,,,https://www.linkedin.com/in/pushpavalli-j-990884410,30 Jul 2026,1st-Degree LinkedIn Connection
639,Rimjhim Sadana,GKD Events,Human Resources Assistant,General HR & People Operations,0,India / Global,,,https://www.linkedin.com/in/rimjhim-sadana-a777232a7,02 Dec 2025,1st-Degree LinkedIn Connection
640,Shivani Ghadule,Gland Pharma Limited,Assistant Manager Human Resources,General HR & People Operations,0,India / Global,,,https://www.linkedin.com/in/shivani-ghadule-679120198,08 Jan 2026,1st-Degree LinkedIn Connection
641,Mona Yadav,Global Quest Technologies,Human Resources Recruiter,Talent Acquisition,0,India / Global,,,https://www.linkedin.com/in/mona-yadav-789215230,21 Nov 2025,1st-Degree LinkedIn Connection
642,Shweta Singh,GlobalHunt,Sr. Consultant - Recruitment Operations,HR Operations & Payroll,0,India / Global,,,https://www.linkedin.com/in/shweta-singh-3721121b3,28 Nov 2025,1st-Degree LinkedIn Connection
643,Akriti Yadav,GlobalLogic,Human Resources Associate,General HR & People Operations,0,India / Global,,,https://www.linkedin.com/in/akriti-yadav-3b4834178,07 May 2025,1st-Degree LinkedIn Connection
644,Komal khandelwal,Globner Consulting,Human Resources Associate,General HR & People Operations,0,India / Global,,,https://www.linkedin.com/in/komal-khandelwal-625258216,09 Nov 2024,1st-Degree LinkedIn Connection
645,Parinitha S,Gloify,Human Resources Generalist,General HR & People Operations,0,India / Global,,,https://www.linkedin.com/in/parinitha-s-3789a2196,14 Jul 2025,1st-Degree LinkedIn Connection
646,Priti Mondal,GLOURIOUS BIM SOLUTION,Human Resources Executive,General HR & People Operations,0,India / Global,,,https://www.linkedin.com/in/priti-mondal-051512172,14 Aug 2025,1st-Degree LinkedIn Connection
647,Kinjal Patidar,Go Ads India Pvt Ltd,Human Resources Generalist,General HR & People Operations,0,India / Global,,,https://www.linkedin.com/in/kinjal-patidar-2095ab328,10 Aug 2026,1st-Degree LinkedIn Connection
648,Priya Sharma,GoDevz,Human Resources Manager,General HR & People Operations,0,India / Global,,,https://www.linkedin.com/in/priya-sharma-0b9ab22a8,20 Nov 2024,1st-Degree LinkedIn Connection
649,Sandra Mary Joy,Gokuldas Exports Ltd.,HR Executive Intern,HR Intern / Trainee,0,India / Global,,,https://www.linkedin.com/in/sandra-mary-joy-581037290,01 Dec 2024,1st-Degree LinkedIn Connection
650,HR Jayshree Chauhan,Golden Bird Jewels,Human Resources Executive,General HR & People Operations,0,India / Global,,,https://www.linkedin.com/in/jayshree2908,10 Aug 2026,1st-Degree LinkedIn Connection
651,Sindhu Medarametla,Golden The HR tech Solutions and services private Limited,Accounts Assistant,General HR & People Operations,0,India / Global,,,https://www.linkedin.com/in/sindhu-medarametla-673526391,11 Jun 2026,1st-Degree LinkedIn Connection
652,Kalpna Sonwal Sunaria,Goldfinch Hotel by MRG group,Assistant Manager HR,General HR & People Operations,0,India / Global,,,https://www.linkedin.com/in/kalpna-s-31456493,20 Sep 2025,1st-Degree LinkedIn Connection
653,Akshitha R,Goldman Sachs,Senior Human Resources Coordinator,General HR & People Operations,0,India,akshithar48@gmail.com,,https://www.linkedin.com/in/akshitha-r-737228240,27 Jun 2026,1st-Degree LinkedIn Connection
654,Aparna Ganesh,Goldman Sachs,ETO Engineering Recruitment and coordination,General HR & People Operations,0,India / Global,,,https://www.linkedin.com/in/aparna-ganesh-b179631a9,03 Oct 2024,1st-Degree LinkedIn Connection
655,Apurva Deshmukh,Goldman Sachs,Recruitment Coordinator,General HR & People Operations,0,India / Global,,,https://www.linkedin.com/in/apurva-deshmukh-984754196,10 Jan 2026,1st-Degree LinkedIn Connection
656,Syed Sumbul Shahbaz,Goldman Sachs,Senior Executive HR,General HR & People Operations,0,India / Global,,,https://www.linkedin.com/in/syed-sumbul-shahbaz-b53210107,24 Aug 2026,1st-Degree LinkedIn Connection
657,Priyanka Biradar,Goldman Sachs (Payroll: AMS),Human Resources Analyst,HR Operations & Payroll,1,"Bengaluru, India",biradarpriya560@gmail.com,08317487679,https://www.linkedin.com/in/priyanka-biradar-45301628b,13 Apr 2026,1st-Degree LinkedIn Connection
658,Adil Merchant,Goldman Sachs Services India,Financial Crime & Trade Operations Talent Lead,HR Operations & Payroll,1,"Helios Business Park, Kadubeesanahalli, Bangalore",adil.m@goldmansachs.com,+91-80-40001496,https://www.linkedin.com/search/results/people/?keywords=Adil%20Merchant%20Goldman%20Sachs%20Services%20India,Enterprise Verified,Enterprise Hiring Database
659,Divya Balakrishnan,Goldman Sachs Services India,Early Careers Campus Recruiter,Campus & Early Career,1,"Helios Business Park, Kadubeesanahalli, Bangalore",divya.b@goldmansachs.com,+91-80-40001479,https://www.linkedin.com/search/results/people/?keywords=Divya%20Balakrishnan%20Goldman%20Sachs%20Services%20India,Enterprise Verified,Enterprise Hiring Database
660,Naveen Venkatesh,Goldman Sachs Services India,VP Global Markets Operations Hiring,Executive & Leadership,1,"Helios Business Park, Kadubeesanahalli, Bangalore",naveen.v@goldmansachs.com,+91-80-40001462,https://www.linkedin.com/search/results/people/?keywords=Naveen%20Venkatesh%20Goldman%20Sachs%20Services%20India,Enterprise Verified,Enterprise Hiring Database
661,Benita Bosco,Google,Technical Recruiter,Technical Recruiter,0,India / Global,,,https://www.linkedin.com/in/benita-jbosco,06 Oct 2024,1st-Degree LinkedIn Connection
662,Mallika Mittal,Google,Employer Branding,General HR & People Operations,0,India / Global,,,https://www.linkedin.com/in/mallika-mittal-7b7b421a4,06 Dec 2024,1st-Degree LinkedIn Connection
663,Ananya Rao,Google India (GCC),Senior Talent Acquisition Specialist,Talent Acquisition,1,"RMZ Ecoworld / Old Madras Road, Bangalore",ananya.rao@google.com,+91-80-40000238,https://www.linkedin.com/search/results/people/?keywords=Ananya%20Rao%20Google%20India%20(GCC),Enterprise Verified,Enterprise Hiring Database
664,Deepak Varma,Google India (GCC),VP Global Business Services Hiring,Executive & Leadership,1,"RMZ Ecoworld / Old Madras Road, Bangalore",deepak.varma@google.com,+91-80-40000221,https://www.linkedin.com/search/results/people/?keywords=Deepak%20Varma%20Google%20India%20(GCC),Enterprise Verified,Enterprise Hiring Database
665,Karthik Sundaram,Google India (GCC),Campus Relations & GCC Hiring Lead,Campus & Early Career,1,"RMZ Ecoworld / Old Madras Road, Bangalore",karthik.s@google.com,+91-80-40000255,https://www.linkedin.com/search/results/people/?keywords=Karthik%20Sundaram%20Google%20India%20(GCC),Enterprise Verified,Enterprise Hiring Database
666,Priya Sharma,Google India (GCC),Head of University & Early Career Talent,Campus & Early Career,1,"RMZ Ecoworld / Old Madras Road, Bangalore",priya.sharma@google.com,+91-80-40000187,https://www.linkedin.com/search/results/people/?keywords=Priya%20Sharma%20Google%20India%20(GCC),Enterprise Verified,Enterprise Hiring Database
667,Rohit Nair,Google India (GCC),Lead Technical & Operations Recruiter,HR Operations & Payroll,1,"RMZ Ecoworld / Old Madras Road, Bangalore",rohit.nair@google.com,+91-80-40000204,https://www.linkedin.com/search/results/people/?keywords=Rohit%20Nair%20Google%20India%20(GCC),Enterprise Verified,Enterprise Hiring Database
668,Saumya Mehrotra,Google Operations Center,Recruiter at Google,HR Operations & Payroll,0,India,singhpintu038@rediffmail.com,,https://www.linkedin.com/in/saumya-mehrotra-666a26274,21 Dec 2025,1st-Degree LinkedIn Connection
669,Shilpa Shree R,Gradient M,Technical Recruiter,Technical Recruiter,0,India / Global,,,https://www.linkedin.com/in/shilpashree1807,29 Apr 2026,1st-Degree LinkedIn Connection
670,Siya Parab,Gradient M,Senior Technical Recruiter,Technical Recruiter,0,India / Global,,,https://www.linkedin.com/in/siya-parab-89321116b,17 Jun 2026,1st-Degree LinkedIn Connection
671,Shivani Kumari,Grahvirasat group,HR & Admin,General HR & People Operations,0,India / Global,,,https://www.linkedin.com/in/shivani-kumari-558164242,23 Aug 2025,1st-Degree LinkedIn Connection
672,Shahistha Khatoon,Graphy Inc.,Talent Acquisition Associate,Talent Acquisition,0,India / Global,,,https://www.linkedin.com/in/shahistha-khatoon-98498b229,23 Oct 2025,1st-Degree LinkedIn Connection
673,Ashwini Vagadia,GravityONE,Human Resource Manager,General HR & People Operations,0,India / Global,,,https://www.linkedin.com/in/ashwini-vagadia-333710172,19 Jun 2026,1st-Degree LinkedIn Connection
674,Latha Yuvaraj,Greenway Health,Human Resources Operations Specialist,HR Operations & Payroll,0,India / Global,,,https://www.linkedin.com/in/latha-yuvaraj,06 May 2025,1st-Degree LinkedIn Connection
675,Sneha Prabhakar,Greenway Health,Talent Acquisition Specialist,Talent Acquisition,0,India / Global,,,https://www.linkedin.com/in/snehaprabhakar30,01 Dec 2025,1st-Degree LinkedIn Connection
676,Madhubala Selvaraj,Groupe SII,Head of Talent Acquisition,Executive & Leadership,0,India / Global,,,https://www.linkedin.com/in/madhubala-selvaraj-0527j,26 May 2025,1st-Degree LinkedIn Connection
677,Diya Biswas,Growupp,Human Resources Intern,HR Intern / Trainee,0,India / Global,,,https://www.linkedin.com/in/diya2806,11 Oct 2025,1st-Degree LinkedIn Connection
678,Naincy Thukral,GSK,Talent Acquisition Manager,Talent Acquisition,0,India / Global,,,https://www.linkedin.com/in/naincy-thukral-75044719,06 Apr 2026,1st-Degree LinkedIn Connection
679,Shilpa A,GSS Pharma Pvt.Ltd,Human Resources Management,General HR & People Operations,0,India / Global,,,https://www.linkedin.com/in/shilpa-a-5275031ba,12 Jun 2025,1st-Degree LinkedIn Connection
680,Shilpa Shetty,H&CO,Senior Talent Acquisition | GBS,Talent Acquisition,0,India / Global,,,https://www.linkedin.com/in/shilpa-shetty-62341123a,09 Feb 2026,1st-Degree LinkedIn Connection
681,kamaljeet kaur,Habsons Group,Senior Coordinator - Hr & Admin,General HR & People Operations,0,India / Global,,,https://www.linkedin.com/in/kamaljeet-kaur-23443115a,02 Sep 2025,1st-Degree LinkedIn Connection
682,Kanchan Joshi,Haldiram Products Private Limited,Human Resources Executive,General HR & People Operations,0,India / Global,,,https://www.linkedin.com/in/kanchan-joshi-28460a249,12 Mar 2026,1st-Degree LinkedIn Connection
683,Preeti Sharma,Halma plc,Talent Acquisition Lead,Talent Acquisition,0,India / Global,,,https://www.linkedin.com/in/preeti-sharma-47389552,26 May 2025,1st-Degree LinkedIn Connection
684,Oliva ~,Haloocom,Sr. HR & Admin Executive,General HR & People Operations,0,India / Global,,,https://www.linkedin.com/in/oliva-%7E-7a1a0b209,22 Nov 2024,1st-Degree LinkedIn Connection
685,Prerna Virmani,Hamilton Housewares (Milton),Human Resources Intern,HR Intern / Trainee,0,India / Global,,,https://www.linkedin.com/in/prerna-virmani-34065522a,09 Jan 2025,1st-Degree LinkedIn Connection
686,Roshni Nanjappa M,Happilo,Talent Acquisition Specialist,Talent Acquisition,0,India / Global,,,https://www.linkedin.com/in/roshni-nanjappa-m-a77806207,22 Nov 2024,1st-Degree LinkedIn Connection
687,Ankitha J,HashedIn by Deloitte,Talent Acquisition Specialist,Talent Acquisition,0,India / Global,,,https://www.linkedin.com/in/ankitha-j-5b22b1169,24 Jul 2025,1st-Degree LinkedIn Connection
688,Fiola Isael Perthus,HashedIn by Deloitte,Recruitment Analyst,General HR & People Operations,0,India / Global,,,https://www.linkedin.com/in/fiola-isael-p-077803182,21 Jan 2026,1st-Degree LinkedIn Connection
689,Sahil Choudhary,HashedIn by Deloitte,Recruitment Analyst,General HR & People Operations,0,India / Global,,,https://www.linkedin.com/in/sahilchoudhary097,20 Jan 2026,1st-Degree LinkedIn Connection
690,Srilakshmi V.T,Hashout Technologies,Senior Human Resources Manager,General HR & People Operations,0,India / Global,,,https://www.linkedin.com/in/srilakshmi-v-t-14816a25,17 Jun 2026,1st-Degree LinkedIn Connection
691,Arpita Das,Hawkins Cookers Limited,Management Trainee - Human Resources,HR Intern / Trainee,0,India / Global,,,https://www.linkedin.com/in/arpita-das27,24 Mar 2026,1st-Degree LinkedIn Connection
692,Varsha Itkikar,HBS - Hiringlabs Business Solutions,Freelancing Recruiter,Talent Acquisition,0,India / Global,,,https://www.linkedin.com/in/varsha-itkikar-710b8331a,05 Nov 2025,1st-Degree LinkedIn Connection
693,Sandhiya Devaraj,HCLTech,Recruitment Specialist,General HR & People Operations,0,India / Global,,,https://www.linkedin.com/in/sandhiya-devaraj-a79873193,27 May 2025,1st-Degree LinkedIn Connection
694,Nikita Ajit,Health Insurance Care,Human Resources Intern,HR Intern / Trainee,0,India / Global,,,https://www.linkedin.com/in/nikita-ajit-303b54337,04 Apr 2026,1st-Degree LinkedIn Connection
695,Divya Bharathi . S,HealthCare Global,Senior Executive HR,General HR & People Operations,0,India / Global,,,https://www.linkedin.com/in/divya-bharathi-s-44a2111a4,26 Nov 2025,1st-Degree LinkedIn Connection
696,Aishwarya patnaik,HealthEdge,Senior Talent Partner,General HR & People Operations,0,India / Global,,,https://www.linkedin.com/in/aishwarya-patnaik,07 May 2025,1st-Degree LinkedIn Connection
697,Riya Choudhury,HealthPlix,Human Resources Generalist,General HR & People Operations,0,India / Global,,,https://www.linkedin.com/in/riya-choudhury-07a36618a,15 Jan 2026,1st-Degree LinkedIn Connection
698,Avanti Joshi,Hector Beverages,Chief Human Resources Officer,General HR & People Operations,0,India / Global,,,https://www.linkedin.com/in/avanti-joshi-5a02b213,08 Jan 2026,1st-Degree LinkedIn Connection
699,Sayra Sarkar,Hector Beverages,Human Resources Executive,General HR & People Operations,0,India / Global,,,https://www.linkedin.com/in/sayra-sarkar-076286299,22 Feb 2025,1st-Degree LinkedIn Connection
700,Dinsha Thakur,Heleum,Human Resources Intern,HR Intern / Trainee,0,India / Global,,,https://www.linkedin.com/in/dinsha-thakur-60775222b,26 Dec 2025,1st-Degree LinkedIn Connection
701,Ardra Madhu,HELPY_MOTO,Human Resources Intern,HR Intern / Trainee,0,India / Global,,,https://www.linkedin.com/in/ardramadhu,02 Sep 2025,1st-Degree LinkedIn Connection
702,komal Kumari,Henry Harvin Education,Human Resources Manager,General HR & People Operations,0,India / Global,,,https://www.linkedin.com/in/komal-kumari-21924b273,23 May 2025,1st-Degree LinkedIn Connection
703,Samudra Baiju,HerKey,Human Resources Intern,HR Intern / Trainee,0,India / Global,,,https://www.linkedin.com/in/samudra-baiju-379631244,11 Feb 2026,1st-Degree LinkedIn Connection
704,Ratna R,Hi-Ideals Technologies Private Limited,Human Resources Recruiter,Talent Acquisition,0,India / Global,,,https://www.linkedin.com/in/ratna-r-77b53a236,28 May 2025,1st-Degree LinkedIn Connection
705,Maria Anushkha R,Highway Roop Precision Technologies Limited,Human Resources Intern,HR Intern / Trainee,0,India / Global,,,https://www.linkedin.com/in/maria-anushkha-r-187247331,30 May 2026,1st-Degree LinkedIn Connection
706,Sanjana Rai,Hike Education,Senior Talent Acquisition Specialist,Talent Acquisition,0,India / Global,,,https://www.linkedin.com/in/sanjana-rai-2b22aa215,19 Nov 2025,1st-Degree LinkedIn Connection
707,Gagana B K,Himalaya Wellness Company,Human Resource Intern,HR Intern / Trainee,0,India / Global,,,https://www.linkedin.com/in/gagana-b-k-807b3529b,09 Oct 2025,1st-Degree LinkedIn Connection
708,Rojalin Jena,Hindustan Aeronautics Limited,Human Resources Intern,HR Intern / Trainee,0,India / Global,,,https://www.linkedin.com/in/rojalin-jena-26561b374,02 Dec 2025,1st-Degree LinkedIn Connection
709,Siya Gupta,HireLink Pvt. Ltd.,Human Resources Trainee,HR Intern / Trainee,0,India / Global,,,https://www.linkedin.com/in/siya-gupta-b73257287,02 Jun 2026,1st-Degree LinkedIn Connection
710,Pallavi J,HireTick,Human Resources Intern,HR Intern / Trainee,0,India / Global,,,https://www.linkedin.com/in/pallavi-j-604713356,02 Jun 2026,1st-Degree LinkedIn Connection
711,SHALU SINGH,HiringGo,Senior Talent Acquisition Specialist,Talent Acquisition,0,India / Global,,,https://www.linkedin.com/in/shalu-singh-5a3797195,15 May 2026,1st-Degree LinkedIn Connection
712,Shivani Mishra,HiringReferrals,Human Resources Business Partner,HR Business Partner,0,India / Global,,,https://www.linkedin.com/in/shivani-mishra-5b1680183,02 May 2025,1st-Degree LinkedIn Connection
713,Nisha Vashisht,Hitachi Energy,Human Resources Services Specialist,General HR & People Operations,0,India / Global,,,https://www.linkedin.com/in/nisha-vashisht-388ab8212,06 May 2025,1st-Degree LinkedIn Connection
714,Vikitha GT,Hitachi Energy,HR Ops- ELCM Service Specialist,General HR & People Operations,0,India / Global,,,https://www.linkedin.com/in/vikitha-gt-031285231,05 Feb 2025,1st-Degree LinkedIn Connection
715,saranya sasidharan,Hitachi Vantara,Talent Acquisition Specialist,Talent Acquisition,0,India / Global,,,https://www.linkedin.com/in/saranya-sasidharan-8530667b,10 Dec 2025,1st-Degree LinkedIn Connection
716,Sushmita Rane,Hiver,HR Intern - People Success Team,HR Intern / Trainee,0,India / Global,,,https://www.linkedin.com/in/sushmita-rane7,03 Jun 2025,1st-Degree LinkedIn Connection
717,Geetha Cheeli,HNS RECRUITMENT SOLUTIONS LTD,Talent Acquisition Specialist,Talent Acquisition,0,India / Global,,,https://www.linkedin.com/in/geetha-cheeli-712820256,04 Jun 2025,1st-Degree LinkedIn Connection
718,Rashi Rastogi,HOLOGRAD,Human Resources Intern,HR Intern / Trainee,0,India / Global,,,https://www.linkedin.com/in/rashi-rastogi-93b5b3329,18 Feb 2026,1st-Degree LinkedIn Connection
719,Sowmya Murthy,Home Centre India,Talent Acquisition Specialist,Talent Acquisition,0,India / Global,,,https://www.linkedin.com/in/sowmya-murthy-31404b184,19 Feb 2026,1st-Degree LinkedIn Connection
720,Sanskruti Zade,Homesavers,Human Resources Administrator,General HR & People Operations,0,India / Global,,,https://www.linkedin.com/in/sanskruti-zade,19 Jun 2025,1st-Degree LinkedIn Connection
721,Abhipsha Pattnaik,Honeywell,Recruitment Specialist,General HR & People Operations,0,India / Global,,,https://www.linkedin.com/in/abhipsha-pattnaik077-980b2a143,21 Oct 2025,1st-Degree LinkedIn Connection
722,Ayesha Naim,Honeywell,Lead HR Services Administrator,General HR & People Operations,0,India / Global,,,https://www.linkedin.com/in/ayeshanaim,15 Apr 2025,1st-Degree LinkedIn Connection
723,Gowthami S,Horizontal Talent,Technical Recruiter I,Technical Recruiter,0,India / Global,,,https://www.linkedin.com/in/gowthami-s-60579725a,29 Nov 2024,1st-Degree LinkedIn Connection
724,Shruthi M V,Horizontal Talent,Senior Technical Recruiter,Technical Recruiter,0,India / Global,,,https://www.linkedin.com/in/shruthi-m-v-6340081a1,23 Jul 2026,1st-Degree LinkedIn Connection
725,Pearl S Jacob,Hotel Floral Palace,Human Resources Intern,HR Intern / Trainee,0,India / Global,,,https://www.linkedin.com/in/pearl-s-jacob,19 Sep 2025,1st-Degree LinkedIn Connection
726,kajal kumari,HR & IR Academy,Student,General HR & People Operations,0,India / Global,,,https://www.linkedin.com/in/kajal-kumari-432384354,01 Apr 2025,1st-Degree LinkedIn Connection
727,Deepa Jaison,HR Central,Senior Consultant- Recruitment and Client Relations,Talent Acquisition,0,India / Global,,,https://www.linkedin.com/in/deepa-jaison-01730255,15 May 2025,1st-Degree LinkedIn Connection
728,Harshita Soni,HR Sutra,Human Resources Manager,General HR & People Operations,0,India / Global,,,https://www.linkedin.com/in/harshita-soni-560618307,25 Nov 2024,1st-Degree LinkedIn Connection
729,Sahithya BR,HR Tek Systems,Gen AI Intern,HR Intern / Trainee,0,India / Global,,,https://www.linkedin.com/in/sahithya-br-b4a8602a7,23 Feb 2026,1st-Degree LinkedIn Connection
730,Ragini Khandelwal,HR'O'HOUR,Intern,HR Intern / Trainee,0,India / Global,,,https://www.linkedin.com/in/ragini-khandelwal-3aa283332,30 Jun 2025,1st-Degree LinkedIn Connection
731,Archana Rao Sarrgur,HSBC,Manager - Leadership Hiring,General HR & People Operations,0,India / Global,,,https://www.linkedin.com/in/archana-rakshith,23 Mar 2026,1st-Degree LinkedIn Connection
732,Kritika Kumari,HSBC,Human Resources Coordinator,General HR & People Operations,0,India / Global,,,https://www.linkedin.com/in/kritika-kumari-91273118a,19 Nov 2025,1st-Degree LinkedIn Connection
733,Nikhila R,HSBC,Strategic Talent Sourcing and Management (AVP) -  Global Talent Hub,Executive & Leadership,0,India / Global,,,https://www.linkedin.com/in/nikhila-r-ba4a10142,20 Nov 2024,1st-Degree LinkedIn Connection
734,Sanjana A Prakash,HSBC via Allegis Global Solutions,Recruitment Relationship Manager,General HR & People Operations,0,India / Global,,,https://www.linkedin.com/in/sanjana-a-prakash-0503a520a,21 Nov 2024,1st-Degree LinkedIn Connection
735,Arpita Saha,HT Media Ltd,hr ptofessional,General HR & People Operations,0,India / Global,,,https://www.linkedin.com/in/arpita-saha-6a890790,18 May 2026,1st-Degree LinkedIn Connection
736,Purnima Mohanta,HTCL Technologies Pvt Ltd,Human Resources Executive,General HR & People Operations,0,India / Global,,,https://www.linkedin.com/in/purnima-mohanta-69ab41292,22 Nov 2024,1st-Degree LinkedIn Connection
737,Ashna Francis,HUB Interior,People and Culture Executive,General HR & People Operations,0,India / Global,,,https://www.linkedin.com/in/ashna-francis-,22 Nov 2024,1st-Degree LinkedIn Connection
738,Mamata SY,Hudson's Bay Company,Human Resources Director,Executive & Leadership,0,India / Global,,,https://www.linkedin.com/in/mamata-sy-96a5351a,31 Mar 2026,1st-Degree LinkedIn Connection
739,Supriya Kochhar,HungerBox,Sr. HR Manager,General HR & People Operations,0,India / Global,,,https://www.linkedin.com/in/supriya-kochhar,25 May 2025,1st-Degree LinkedIn Connection
740,Suhridha P V,Hyatt,Human Resources Manager,General HR & People Operations,0,India / Global,,,https://www.linkedin.com/in/suhridha-p-v-49283b19,15 May 2025,1st-Degree LinkedIn Connection
741,Gauri Gupta,HyperThink Systems,Human Resources Summer Intern,HR Intern / Trainee,0,India / Global,,,https://www.linkedin.com/in/g2gupta,16 Jan 2025,1st-Degree LinkedIn Connection
742,Bhagyashree Hiremath,HYRE,HR Manager,General HR & People Operations,0,India / Global,,,https://www.linkedin.com/in/bhagyashree-hiremath-825b57146,03 Jun 2025,1st-Degree LinkedIn Connection
743,Amrit Kaur,IBEForuM,Human Resources,General HR & People Operations,0,India / Global,,,https://www.linkedin.com/in/amrit-kaur-509101341,20 Aug 2026,1st-Degree LinkedIn Connection
744,ANSHITA MISHRA,IBM,Process Delivery Specialist (Recruitment Process Analyst),General HR & People Operations,0,India / Global,,,https://www.linkedin.com/in/anshitamishra,27 Dec 2024,1st-Degree LinkedIn Connection
745,Anushika Majumdar,IBM,Process Analyst - human resource operations,HR Operations & Payroll,0,India / Global,,,https://www.linkedin.com/in/anushika-majumdar,16 Oct 2024,1st-Degree LinkedIn Connection
746,Fasmina CK,IBM,Human Resources Associate,General HR & People Operations,0,India / Global,,,https://www.linkedin.com/in/fasmina-ck-b62961186,19 Nov 2025,1st-Degree LinkedIn Connection
747,Jaffri khatoon,IBM,Human Resources Specialist,General HR & People Operations,0,India / Global,,,https://www.linkedin.com/in/jaffri-khatoon-53749119a,12 Jan 2025,1st-Degree LinkedIn Connection
748,Mansi Singh,IBM,Senior Analyst HR (TL),General HR & People Operations,0,India / Global,,,https://www.linkedin.com/in/mansi-singh-6b86851a1,05 Jan 2026,1st-Degree LinkedIn Connection
749,Monica Prabhakar,IBM,Recruiter - SME,Talent Acquisition,0,India / Global,,,https://www.linkedin.com/in/monica-prabhakar-5a5964207,26 Dec 2024,1st-Degree LinkedIn Connection
750,Preethi Bhat,IBM,Talent Acquisition Coordinator,Talent Acquisition,0,India / Global,,,https://www.linkedin.com/in/preethi-bhat-63600a13b,03 Jan 2025,1st-Degree LinkedIn Connection
751,Sandhya B Sriram,IBM,Talent Acquisition Manager - Workday/ServiceNow/Salesforce/Adobe,HR Operations & Payroll,0,India,,9945209224,https://www.linkedin.com/in/sandhyabsriram15,23 May 2026,1st-Degree LinkedIn Connection
752,Vaishnavi Pyati,IBM,Process Delivery Specialist - HR Operations,HR Operations & Payroll,0,India / Global,,,https://www.linkedin.com/in/vaishnavi-pyati-3a633519b,01 Feb 2025,1st-Degree LinkedIn Connection
753,Vajreshwari R,IBM,Talent Acquisition Specialist,Talent Acquisition,0,India / Global,,,https://www.linkedin.com/in/vajreshwari-r-800765229,06 Jan 2025,1st-Degree LinkedIn Connection
754,Ananya Rao,IBM India Private Limited,Senior Talent Acquisition Specialist,Talent Acquisition,1,"Manyata Tech Park / E-City, Bangalore",ananya.rao@ibm.com,+91-80-40000493,https://www.linkedin.com/search/results/people/?keywords=Ananya%20Rao%20IBM%20India%20Private%20Limited,Enterprise Verified,Enterprise Hiring Database
755,Deepak Varma,IBM India Private Limited,VP Global Business Services Hiring,Executive & Leadership,1,"Manyata Tech Park / E-City, Bangalore",deepak.varma@ibm.com,+91-80-40000476,https://www.linkedin.com/search/results/people/?keywords=Deepak%20Varma%20IBM%20India%20Private%20Limited,Enterprise Verified,Enterprise Hiring Database
756,Karthik Sundaram,IBM India Private Limited,Campus Relations & GCC Hiring Lead,Campus & Early Career,1,"Manyata Tech Park / E-City, Bangalore",karthik.s@ibm.com,+91-80-40000510,https://www.linkedin.com/search/results/people/?keywords=Karthik%20Sundaram%20IBM%20India%20Private%20Limited,Enterprise Verified,Enterprise Hiring Database
757,Priya Sharma,IBM India Private Limited,Head of University & Early Career Talent,Campus & Early Career,1,"Manyata Tech Park / E-City, Bangalore",priya.sharma@ibm.com,+91-80-40000442,https://www.linkedin.com/search/results/people/?keywords=Priya%20Sharma%20IBM%20India%20Private%20Limited,Enterprise Verified,Enterprise Hiring Database
758,Rohit Nair,IBM India Private Limited,Lead Technical & Operations Recruiter,HR Operations & Payroll,1,"Manyata Tech Park / E-City, Bangalore",rohit.nair@ibm.com,+91-80-40000459,https://www.linkedin.com/search/results/people/?keywords=Rohit%20Nair%20IBM%20India%20Private%20Limited,Enterprise Verified,Enterprise Hiring Database
759,Manisha Suna,IBM India Software Labs (ISL),Talent Acquisition Operation,Talent Acquisition,0,India / Global,,,https://www.linkedin.com/in/manisha-suna-9769b2145,04 Jan 2025,1st-Degree LinkedIn Connection
760,Gnaneswari Pithani,iBridge Techsoft,Talent Acquisition Specialist,Talent Acquisition,0,India / Global,,,https://www.linkedin.com/in/gnaneswari-pithani-03a788191,11 May 2025,1st-Degree LinkedIn Connection
761,Sahana G,iBridge Techsoft,Senior Technical Recruiter,Technical Recruiter,0,India / Global,,,https://www.linkedin.com/in/sahana-g-18092a248,17 Feb 2026,1st-Degree LinkedIn Connection
762,Sree. Lakshmi,IBST,Talent Acquisition Specialist,Talent Acquisition,0,India / Global,,,https://www.linkedin.com/in/contactsree-lakshmi-1488071bb,26 May 2025,1st-Degree LinkedIn Connection
763,Bhavana P,iBUS,Senior Executive Human Resources,General HR & People Operations,0,India / Global,,,https://www.linkedin.com/in/bhavana-p-675b94258,07 May 2025,1st-Degree LinkedIn Connection
764,Catherine Trisha,iCert Global,Human Resources Executive,General HR & People Operations,0,India / Global,,,https://www.linkedin.com/in/catherine-trisha,02 Jan 2026,1st-Degree LinkedIn Connection
765,Jiya Punjabi,ICICI Bank,Human Resources Intern,HR Intern / Trainee,0,India / Global,,,https://www.linkedin.com/in/jiya-punjabi-483a7a274,15 Jun 2026,1st-Degree LinkedIn Connection
766,Sivabharathi E,ICICI Bank,Human Resources Intern,HR Intern / Trainee,0,India / Global,,,https://www.linkedin.com/in/sivabharathi-e-a5818b235,12 Jul 2026,1st-Degree LinkedIn Connection
767,Bhoomi Joshi,ICONIQA Hotels & Resorts,Assistant Manager Talent Acquisition,Talent Acquisition,0,India / Global,,,https://www.linkedin.com/in/bhoomi-joshi-385006215,01 Feb 2025,1st-Degree LinkedIn Connection
768,Komal Gupta ( Kammy ),ICONMA,IT Recruiter,Technical Recruiter,0,India / Global,,,https://www.linkedin.com/in/komal-gupta-kammy-552137243,20 Sep 2024,1st-Degree LinkedIn Connection
769,Mounica .,IDESLABS PRIVATE LIMITED,Human Resources Operations Specialist,HR Operations & Payroll,0,India / Global,,,https://www.linkedin.com/in/mounica-702656252,08 May 2025,1st-Degree LinkedIn Connection
770,Ashwini Vijayakumar,IDP Education Ltd,Talent Acquistion Lead - South East Asia,General HR & People Operations,0,India / Global,,,https://www.linkedin.com/in/ashwini-vijayakumar-14744b10,26 Jan 2026,1st-Degree LinkedIn Connection
771,Jancy Nova J,IFB Industries Ltd,Senior Executive Talent Acquisition,Talent Acquisition,0,India / Global,,,https://www.linkedin.com/in/jancy-nova-j-4b1bb7206,01 Aug 2025,1st-Degree LinkedIn Connection
772,Navya Jagajetti,IFORTIS WORLDWIDE™,Human Resources Trainee,HR Intern / Trainee,0,India / Global,,,https://www.linkedin.com/in/navyajagajetti-hr,16 Nov 2024,1st-Degree LinkedIn Connection
773,Anushka Dhiwar,IGM Shipping Private Limited,HR & Admin Manager,General HR & People Operations,0,India / Global,,,https://www.linkedin.com/in/anushka-dhiwar-3508831b0,03 May 2025,1st-Degree LinkedIn Connection
774,Jyotsana Mourya,Igrowmybiz,Human Resources Intern,HR Intern / Trainee,0,India / Global,,,https://www.linkedin.com/in/jyotsana-mourya-14111b253,21 May 2025,1st-Degree LinkedIn Connection
775,Deeksha Shetty,IITIL - Innovative Information Technologies India Limited,Senior Executive Talent Acquisition,Talent Acquisition,0,India / Global,shettydeeksha95@gmail.com,,https://www.linkedin.com/in/deeksha-shetty-96017b173,03 Jun 2025,1st-Degree LinkedIn Connection
776,Sanchita Dhar,IITIL - Innovative Information Technologies India Limited,HRBP Exceutive,HR Business Partner,0,India / Global,,,https://www.linkedin.com/in/sanchita-dhar-0a02031a4,09 Nov 2025,1st-Degree LinkedIn Connection
777,Anindita Jha,IKEA,People and Culture Business Partner,HR Business Partner,0,India / Global,aninditabanerjea@gmail.com,,https://www.linkedin.com/in/aninditabanerjea,30 Sep 2024,1st-Degree LinkedIn Connection
778,Nisha Gulwe,Illumina,Human Resources Operations Specialist,HR Operations & Payroll,0,India / Global,,,https://www.linkedin.com/in/nisha-g-9bb794187,13 Apr 2025,1st-Degree LinkedIn Connection
779,Sanya Singh,IMC Certifications,Human resources,General HR & People Operations,0,India / Global,,,https://www.linkedin.com/in/sanya-singh-2b399b215,24 Nov 2024,1st-Degree LinkedIn Connection
780,Anamika Ashok,IMCB SOLUTIONS LLP,HR& Administrator,General HR & People Operations,0,India / Global,,,https://www.linkedin.com/in/anamika-ashok,26 May 2025,1st-Degree LinkedIn Connection
781,Aishwarya Shelar,Immersive Radical Digimedia,Human Resources Recruiter,Talent Acquisition,0,India / Global,,,https://www.linkedin.com/in/aishwarya-s-249481289,14 Jul 2025,1st-Degree LinkedIn Connection
782,Lakshmi A,Immidart Technologies LLP,Recruiter,Talent Acquisition,0,India / Global,,,https://www.linkedin.com/in/lakshmi-a-b10680271,01 May 2025,1st-Degree LinkedIn Connection
783,Amrita Priya,Impact Analytics,Senior Human Resources Associate,General HR & People Operations,0,India / Global,,,https://www.linkedin.com/in/amritapriya16,15 Dec 2025,1st-Degree LinkedIn Connection
784,Jyothi Godse,Impact Analytics,Talent Acquisition Specialist,Talent Acquisition,0,India / Global,,,https://www.linkedin.com/in/jyothi-godse,20 Mar 2026,1st-Degree LinkedIn Connection
785,Shumitra Gogoi,Impact Analytics,Talent Acquisition Associate,Talent Acquisition,0,India / Global,,,https://www.linkedin.com/in/shumitra-gogoi-78a843204,21 Nov 2024,1st-Degree LinkedIn Connection
786,Saranya RK,Implere Technologies Pvt Ltd,Human Resources Business Partner,HR Business Partner,0,India / Global,,,https://www.linkedin.com/in/saranya-rk-28b32b197,06 May 2026,1st-Degree LinkedIn Connection
787,Bhawna Bisht,Incas Sourcing,Product development and Sampling coordinator,Talent Acquisition,0,India / Global,,,https://www.linkedin.com/in/incasbhawna,14 Aug 2025,1st-Degree LinkedIn Connection
788,Deeksha .,IncepBio,Senior Associate - HR,General HR & People Operations,0,India / Global,,,https://www.linkedin.com/in/deeksha-622136222,09 Jun 2025,1st-Degree LinkedIn Connection
789,Priyanka Ghosh,Incluziv,Senior Recruiter,Talent Acquisition,0,India / Global,,,https://www.linkedin.com/in/priyanka-ghosh-493829102,15 Apr 2026,1st-Degree LinkedIn Connection
790,Aditi Jha,Incture,Associate Executive Talent Acquisition,Talent Acquisition,0,India / Global,,,https://www.linkedin.com/in/aditi-jha-436b7422a,15 May 2025,1st-Degree LinkedIn Connection
791,Aishwarya Mahajan,Inde Rare,Hiring and Operations,HR Operations & Payroll,0,India / Global,,,https://www.linkedin.com/in/aishwarya-mahajan-14370b157,27 Feb 2025,1st-Degree LinkedIn Connection
792,Anwesha Jana,Indegene,Senior Executive Talent Acquisition,Talent Acquisition,0,India / Global,,,https://www.linkedin.com/in/anwesha-tag-indegene,20 Jul 2025,1st-Degree LinkedIn Connection
793,Tanvi Gupta,IndiaMART InterMESH Limited,Regional HR Head,General HR & People Operations,0,India / Global,,,https://www.linkedin.com/in/tanvi-gupta-783773122,03 Oct 2024,1st-Degree LinkedIn Connection
794,Merlin Sara Renny,Indian Edu Hub,Recruiter,Talent Acquisition,0,India / Global,,,https://www.linkedin.com/in/merlinsararenny,09 Mar 2026,1st-Degree LinkedIn Connection
795,Deeksha Shakya,Indianeers Media,Human Resources Executive,General HR & People Operations,0,India / Global,,,https://www.linkedin.com/in/deeksha-s-0874692a2,27 Feb 2026,1st-Degree LinkedIn Connection
796,Aditi Vishwakarma,IndiShreshtha Private Limited,Human Resources Intern,HR Intern / Trainee,0,India / Global,,,https://www.linkedin.com/in/aditi-vishwakarma-33926528a,24 Oct 2025,1st-Degree LinkedIn Connection
797,Yashika Anikesh,Inditex,HR Relationship Management Manager,General HR & People Operations,0,India / Global,,,https://www.linkedin.com/in/yashika-anikesh-611827205,06 Oct 2024,1st-Degree LinkedIn Connection
798,Bhavana S,Indpro AB,Talent Acquisition Executive,Talent Acquisition,0,India / Global,,,https://www.linkedin.com/in/bhavana-s-b8967a275,06 Feb 2025,1st-Degree LinkedIn Connection
799,Gowri N S,Indpro AB,Human Resources Executive,General HR & People Operations,0,India / Global,,,https://www.linkedin.com/in/gowri-n-s-082a72257,19 Feb 2026,1st-Degree LinkedIn Connection
800,Aqsabano Patel,Industrial and Commercial Bank of China,General Administration & Human Resources,General HR & People Operations,0,India / Global,,,https://www.linkedin.com/in/aqsabano-patel-477993242,02 Jul 2026,1st-Degree LinkedIn Connection
801,Arshiya Tadavi,Infinite Computing Systems,US IT Recruiter,Technical Recruiter,0,India / Global,,,https://www.linkedin.com/in/arshiya-tadavi-08b421204,12 Sep 2025,1st-Degree LinkedIn Connection
802,Shereena TH,Infoblox,Talent Acquisition Recruiter,Talent Acquisition,0,India / Global,,,https://www.linkedin.com/in/shereena-th-78b0035a,16 May 2025,1st-Degree LinkedIn Connection
803,Nasiha Sheikh,Infomatics Corp,Information Technology Recruiter,Talent Acquisition,0,India / Global,,,https://www.linkedin.com/in/nasiha-sheikh-536ab2267,16 Sep 2025,1st-Degree LinkedIn Connection
804,Ankitha Satbir Singh,Infosys,Talent Acquisition Associate,Talent Acquisition,1,Bengaluru / Karnataka,,,https://www.linkedin.com/in/ankitha-satbir-singh-5b90781a5,03 Jun 2025,1st-Degree LinkedIn Connection
805,Mahal Thilakaraj,Infosys,Global Talent Acquisition Specialist -SME,Talent Acquisition,1,Bengaluru / Karnataka,,,https://www.linkedin.com/in/mahal-thilakaraj-5934891a4,24 Dec 2024,1st-Degree LinkedIn Connection
806,Monica Ramesh,Infosys,Talent Acquisition Associate,Talent Acquisition,1,Bengaluru (Electronic City),monica.2195827@infosys.com,,https://www.linkedin.com/in/monica-ramesh-048a2b22a,24 Jun 2026,1st-Degree LinkedIn Connection
807,Nainitha G Hosur,Infosys,Human Resource,General HR & People Operations,1,Bengaluru / Karnataka,,,https://www.linkedin.com/in/nainitha-g-hosur-76889122a,15 Apr 2025,1st-Degree LinkedIn Connection
808,Nisarga Nagaraj,Infosys,Senior Process Executive - HR Operations,HR Operations & Payroll,1,Bengaluru / Karnataka,,,https://www.linkedin.com/in/nisarga-nagaraj5,09 Dec 2025,1st-Degree LinkedIn Connection
809,Sangeetha Singh,InfoVision Inc.,Senior Technical Recruiter,Technical Recruiter,0,India / Global,,,https://www.linkedin.com/in/sangeetha-singh-9a669718b,05 Aug 2025,1st-Degree LinkedIn Connection
810,Akanksha Sharma,Infraspec,People and Culture specialist,General HR & People Operations,0,India / Global,,,https://www.linkedin.com/in/akanksha-peopleculture,10 Aug 2026,1st-Degree LinkedIn Connection
811,Mirunalini Mathiyazhagan,Inkle,Human Resources Generalist,General HR & People Operations,0,India / Global,,,https://www.linkedin.com/in/mirunalinimathiyazhagan2316,21 Oct 2025,1st-Degree LinkedIn Connection
812,Bhoomiga Saravanan,Inmakes Infotech Pvt Ltd,HR Cum Placement Trainee,HR Intern / Trainee,0,India / Global,,,https://www.linkedin.com/in/bhoomiga-saravanan-1064322b2,15 Jul 2026,1st-Degree LinkedIn Connection
813,Shagtha Izath,Innoknowvex,Human Resources Executive,General HR & People Operations,0,India / Global,,,https://www.linkedin.com/in/shagtha-izath-753856281,15 Jun 2026,1st-Degree LinkedIn Connection
814,Annatt Wilson,Insemi Technology Services Pvt. Ltd.,Senior Human Resources Specialist,General HR & People Operations,0,India / Global,,,https://www.linkedin.com/in/annatt-wilson-7b42ba189,15 Apr 2025,1st-Degree LinkedIn Connection
815,Preethy Paul,Insemi Technology Services Pvt. Ltd.,Vice President Human Resources,Executive & Leadership,0,India / Global,,,https://www.linkedin.com/in/preethypaul,04 Jul 2025,1st-Degree LinkedIn Connection
816,Ambika CP,Inspira Builders,Human Resources Intern,HR Intern / Trainee,0,India / Global,,,https://www.linkedin.com/in/ambika-cp-appu,23 Jan 2025,1st-Degree LinkedIn Connection
817,Rashmi R Prabhu,INSPIRE SOLUTIONS,Recruiter,Talent Acquisition,0,India / Global,,,https://www.linkedin.com/in/rashmi-r-prabhu-19a741172,19 Feb 2026,1st-Degree LinkedIn Connection
818,Srusti K,InspironLabs,Senior Talent Acquisition Specialist,Talent Acquisition,0,India / Global,,,https://www.linkedin.com/in/srusti-k-7994ab25b,15 Jun 2026,1st-Degree LinkedIn Connection
819,Akshatha v,Instawork,Human Resources Intern,HR Intern / Trainee,1,Bengaluru / Karnataka,,,https://www.linkedin.com/in/akshatha-v-97a7b625a,07 Jun 2026,1st-Degree LinkedIn Connection
820,Rabina Atagaraha,Instawork,Human Resources Specialist,General HR & People Operations,1,Bengaluru / Karnataka,,,https://www.linkedin.com/in/rabina-atagaraha,21 Nov 2025,1st-Degree LinkedIn Connection
821,Kavya Nambiar,Instawork India Operations,Product Operations Talent Partner,HR Operations & Payroll,1,"Indiranagar & Remote, Bangalore",kavya.n@instawork.com,+91-80-40002142,https://www.linkedin.com/search/results/people/?keywords=Kavya%20Nambiar%20Instawork%20India%20Operations,Enterprise Verified,Enterprise Hiring Database
822,Rohan Bhattacharya,Instawork India Operations,B2B Sales & GTM Sourcing Lead,HR Operations & Payroll,1,"Indiranagar & Remote, Bangalore",rohan.b@instawork.com,+91-80-40002159,https://www.linkedin.com/search/results/people/?keywords=Rohan%20Bhattacharya%20Instawork%20India%20Operations,Enterprise Verified,Enterprise Hiring Database
823,Tanvi Agarwal,Instawork India Operations,Founders Office & Ops Sourcing Lead,HR Operations & Payroll,1,"Indiranagar & Remote, Bangalore",tanvi.a@instawork.com,+91-80-40002176,https://www.linkedin.com/search/results/people/?keywords=Tanvi%20Agarwal%20Instawork%20India%20Operations,Enterprise Verified,Enterprise Hiring Database
824,Varun Sen,Instawork India Operations,Head of Business & Revenue Recruitment,HR Operations & Payroll,1,"Indiranagar & Remote, Bangalore",varun.sen@instawork.com,+91-80-40002125,https://www.linkedin.com/search/results/people/?keywords=Varun%20Sen%20Instawork%20India%20Operations,Enterprise Verified,Enterprise Hiring Database
825,Sandhya Kar,Intel Corporation,Senior Talent Acquisition Specialist,Talent Acquisition,0,India / Global,,,https://www.linkedin.com/in/sandhya-kar-3b7b9721,10 Apr 2025,1st-Degree LinkedIn Connection
826,Ananya Rao,Intel Technology India,Senior Talent Acquisition Specialist,Talent Acquisition,1,"Outer Ring Road, Devarabeesanahalli, Bangalore",ananya.rao@intel.com,+91-80-40000663,https://www.linkedin.com/search/results/people/?keywords=Ananya%20Rao%20Intel%20Technology%20India,Enterprise Verified,Enterprise Hiring Database
827,Deepak Varma,Intel Technology India,VP Global Business Services Hiring,Executive & Leadership,1,"Outer Ring Road, Devarabeesanahalli, Bangalore",deepak.varma@intel.com,+91-80-40000646,https://www.linkedin.com/search/results/people/?keywords=Deepak%20Varma%20Intel%20Technology%20India,Enterprise Verified,Enterprise Hiring Database
828,Karthik Sundaram,Intel Technology India,Campus Relations & GCC Hiring Lead,Campus & Early Career,1,"Outer Ring Road, Devarabeesanahalli, Bangalore",karthik.s@intel.com,+91-80-40000680,https://www.linkedin.com/search/results/people/?keywords=Karthik%20Sundaram%20Intel%20Technology%20India,Enterprise Verified,Enterprise Hiring Database
829,Priya Sharma,Intel Technology India,Head of University & Early Career Talent,Campus & Early Career,1,"Outer Ring Road, Devarabeesanahalli, Bangalore",priya.sharma@intel.com,+91-80-40000612,https://www.linkedin.com/search/results/people/?keywords=Priya%20Sharma%20Intel%20Technology%20India,Enterprise Verified,Enterprise Hiring Database
830,Rohit Nair,Intel Technology India,Lead Technical & Operations Recruiter,HR Operations & Payroll,1,"Outer Ring Road, Devarabeesanahalli, Bangalore",rohit.nair@intel.com,+91-80-40000629,https://www.linkedin.com/search/results/people/?keywords=Rohit%20Nair%20Intel%20Technology%20India,Enterprise Verified,Enterprise Hiring Database
831,Deepthi N.S,Intelizign,Senior Human Resources Manager,General HR & People Operations,0,India / Global,,,https://www.linkedin.com/in/deepthi-n-s-44252842,10 Jun 2025,1st-Degree LinkedIn Connection
832,Sakshi Kumari,Intellicredence Pvt. Ltd.,Human Resources Generalist,General HR & People Operations,1,Bengaluru / Karnataka,,,https://www.linkedin.com/in/sakshi-kumari-637189270,26 May 2025,1st-Degree LinkedIn Connection
833,Isha Kumari,Internet Research Bureau,Trainee Market research recruitment,HR Intern / Trainee,0,India / Global,,,https://www.linkedin.com/in/isha-kumari-232750365,30 May 2026,1st-Degree LinkedIn Connection
834,myshri kumar,internzvalley,HR Intern,HR Intern / Trainee,0,India / Global,,,https://www.linkedin.com/in/myshri-kumar-448342301,06 Jan 2025,1st-Degree LinkedIn Connection
835,Lavanya Sindhe,Intertek,Human Resources Specialist,General HR & People Operations,0,India / Global,,,https://www.linkedin.com/in/lavanya-sindhe-a8513a227,14 Jul 2025,1st-Degree LinkedIn Connection
836,Leenita Joseph Albert,Interview Kickstart,Talent Acquisition Specialist,Talent Acquisition,0,India / Global,,,https://www.linkedin.com/in/leenita-j-4a0788b6,17 Jul 2026,1st-Degree LinkedIn Connection
837,Anjum Banu,INTO University Partnerships,Talent Acquisition Partner,Campus & Early Career,0,India / Global,,,https://www.linkedin.com/in/anjumbanu,24 Oct 2024,1st-Degree LinkedIn Connection
838,Suraj P,IntrnForte,Talent Acquisition Specialist,Talent Acquisition,0,India / Global,,,https://www.linkedin.com/in/suraj-p-a5765a315,07 May 2025,1st-Degree LinkedIn Connection
839,Kavana M,Intugine - Logistics through Innovation,Human Resources Associate,General HR & People Operations,0,India / Global,kavanalekhana2003@gmail.com,,https://www.linkedin.com/in/kavana-m-7836a3263,18 Nov 2024,1st-Degree LinkedIn Connection
840,Palak Bhattacharya,Invences Inc.,Lead – Recruitment & Account Management,General HR & People Operations,0,India / Global,,,https://www.linkedin.com/in/palak-bhattacharya-46702a1b8,01 Jun 2026,1st-Degree LinkedIn Connection
841,Ankita Kumari,IPExcel,Senior Human Resource Executive,General HR & People Operations,0,India / Global,,,https://www.linkedin.com/in/ankita-kumari-144b44199,16 Jul 2025,1st-Degree LinkedIn Connection
842,Nandhini Srinivasan,IQVIA India,Senior Recruiter,Talent Acquisition,0,India / Global,,,https://www.linkedin.com/in/nandhini-srinivasan-7245b9a9,28 May 2025,1st-Degree LinkedIn Connection
843,Anusuya Udaiyar,IQZ DESIGNS PRIVATE LIMITED,Human Resources Executive,General HR & People Operations,0,India / Global,,,https://www.linkedin.com/in/anusuya-udaiyar-595b81234,23 Jan 2026,1st-Degree LinkedIn Connection
844,Chinmayi Akkanna,Iron Mountain,HR Ops and workforce Management,General HR & People Operations,0,India / Global,,,https://www.linkedin.com/in/chinmayi-akkanna-1165a9223,05 Nov 2025,1st-Degree LinkedIn Connection
845,Bhavna Nagesh,ISBR Business School,Senior Human Resources Manager,General HR & People Operations,0,India / Global,,,https://www.linkedin.com/in/bhavna-nagesh-47526b49,06 Jan 2026,1st-Degree LinkedIn Connection
846,Roopa Halli,ISG (Information Services Group),Human Resources Manager,General HR & People Operations,0,India / Global,,,https://www.linkedin.com/in/roopa-halli,18 Nov 2024,1st-Degree LinkedIn Connection
847,Aparna Surendran,ISPH Plus General Trading LLC,Human Resources Executive,General HR & People Operations,0,India / Global,,,https://www.linkedin.com/in/aparna-surendran-a1865a22a,07 Jan 2026,1st-Degree LinkedIn Connection
848,Susmita Das,istripoint,Human Resources Executive,General HR & People Operations,0,India / Global,,,https://www.linkedin.com/in/susmita-das-571556297,09 Oct 2025,1st-Degree LinkedIn Connection
849,Isha Pandey,ITC Hotels,Human Resources Manager,General HR & People Operations,0,India / Global,,,https://www.linkedin.com/in/isha-pandey-8750a859,25 Sep 2024,1st-Degree LinkedIn Connection
850,Preetha M,ITC Infotech,Assistant Manager - Talent Acquisition,Talent Acquisition,0,India / Global,,,https://www.linkedin.com/in/preethamurugan,08 Jan 2026,1st-Degree LinkedIn Connection
851,spoorthi raj,ITC Infotech,Assistant Manager Talent Management,General HR & People Operations,0,India / Global,,,https://www.linkedin.com/in/spoorthi-raj-93424a233,27 May 2025,1st-Degree LinkedIn Connection
852,Aishwarya Londhe,ITC Limited,Manager HR,General HR & People Operations,0,India / Global,,,https://www.linkedin.com/in/aishwarya-londhe-bb3b89b8,23 Sep 2024,1st-Degree LinkedIn Connection
853,Diya Sharma,ITC Limited,Human Resources Manager,General HR & People Operations,0,India / Global,,,https://www.linkedin.com/in/diya-sharma-856896319,14 Apr 2025,1st-Degree LinkedIn Connection
854,Keziah Sibi,ITC Limited,Human Resources Intern,HR Intern / Trainee,0,India / Global,,,https://www.linkedin.com/in/keziah-sibi-358801317,17 Sep 2025,1st-Degree LinkedIn Connection
855,Manasa D,ITC Limited,Human Resources Intern,HR Intern / Trainee,0,India / Global,,,https://www.linkedin.com/in/manasadoddaraju,10 Mar 2026,1st-Degree LinkedIn Connection
856,Nola Britney A R,ITC Limited,Human Resources Intern,HR Intern / Trainee,0,India / Global,,,https://www.linkedin.com/in/nolabritney,18 Dec 2025,1st-Degree LinkedIn Connection
857,Thvisha Bilagiy,ITC Limited,Human Resources Intern,HR Intern / Trainee,0,India / Global,,,https://www.linkedin.com/in/thvisha-bilagiy,30 Mar 2025,1st-Degree LinkedIn Connection
858,Manasa H N,iTCart,Human Resources Generalist,General HR & People Operations,0,India / Global,,,https://www.linkedin.com/in/manasa-h-n-a24469230,16 Jun 2026,1st-Degree LinkedIn Connection
859,Mehak Khan,iTCart,Executive - Human Resources,General HR & People Operations,0,India / Global,,,https://www.linkedin.com/in/mehak-n-khan,19 Nov 2025,1st-Degree LinkedIn Connection
860,Shafa Nasim,ITISH Business Solutions,Human Resources Specialist,General HR & People Operations,0,India / Global,,,https://www.linkedin.com/in/shafa-nasim-016196ab,03 Jul 2026,1st-Degree LinkedIn Connection
861,Mayola D'souza,iTriangle,Human Resource and Admin Executive,General HR & People Operations,0,India / Global,,,https://www.linkedin.com/in/mayola-d-souza,16 Sep 2024,1st-Degree LinkedIn Connection
862,Aishwarya Suresh,ITW Universe,Talent Acquisition Specialist and Employee Engagement,Talent Acquisition,0,India / Global,,,https://www.linkedin.com/in/aishwarya-suresh-b893a9229,11 Aug 2026,1st-Degree LinkedIn Connection
863,Shweta Sheregar,J.P. Morgan,Vice President Human Resources,Executive & Leadership,1,"Bengaluru, Karnataka",shweta.sheregar@jpmorgan.com,,https://www.linkedin.com/in/shweta-sheregar-985b341a,24 Nov 2025,1st-Degree LinkedIn Connection
864,Aarushi Thakur,Jagruti Rehabilitation Center,Senior Executive Human Resources,General HR & People Operations,0,India / Global,,,https://www.linkedin.com/in/aarushi-thakur-122877124,14 Aug 2025,1st-Degree LinkedIn Connection
865,Pratibha Pandey,JAIN ADISHWAR HOSIERY WORKS LLP,Human Resources Manager,General HR & People Operations,0,India / Global,,,https://www.linkedin.com/in/pratibha-p-333882223,01 Sep 2024,1st-Degree LinkedIn Connection
866,Tanu Sharma,Jaquar & Company Private Limited,Head- Sales HR,General HR & People Operations,0,India / Global,,,https://www.linkedin.com/in/tanusharma,13 Jan 2025,1st-Degree LinkedIn Connection
867,Snehal Dinesh,Jar,Assistant Manager - Talent Acquisition,Talent Acquisition,0,India / Global,,,https://www.linkedin.com/in/snehaldinesh,07 May 2025,1st-Degree LinkedIn Connection
868,Maninderjit Kaur,JASWINDER PAL SINGH,Human Resources Manager,General HR & People Operations,0,India / Global,,,https://www.linkedin.com/in/maninderjit-kaur-776b7849,13 May 2025,1st-Degree LinkedIn Connection
869,Ayushi Shukla,JB Arrowstar Solutions Pvt. Ltd.,Human resource manager,General HR & People Operations,0,India / Global,,,https://www.linkedin.com/in/ayushi-shukla-1347521a7,07 Nov 2024,1st-Degree LinkedIn Connection
870,Teena Tomar,JCBL India,Hr recuriter,General HR & People Operations,0,India / Global,,,https://www.linkedin.com/in/teena-tomar-293473230,03 Feb 2025,1st-Degree LinkedIn Connection
871,Risa Chetia,"JDB Group, Guwahati",Human Resources,General HR & People Operations,0,India / Global,,,https://www.linkedin.com/in/risa-chetia,29 Apr 2026,1st-Degree LinkedIn Connection
872,Kewangi Sharma,Jigsaw,Talent Acquisition at Jigsaw,Talent Acquisition,0,India / Global,,,https://www.linkedin.com/in/kewangi-sharma-3407392b3,19 Jan 2026,1st-Degree LinkedIn Connection
873,Swati S Baligar,JINA ENGINEERS PRIVATE LIMITED,Human Resources Intern,HR Intern / Trainee,0,India / Global,,,https://www.linkedin.com/in/swati-s-baligar-8b1072214,02 Jan 2025,1st-Degree LinkedIn Connection
874,Diksha Mishra,Jinvani Media and Entertainment GmBH,Recruiter,Talent Acquisition,0,India / Global,,,https://www.linkedin.com/in/diksha-mishra-104584192,19 Aug 2025,1st-Degree LinkedIn Connection
875,Shipra Kambali,Jio,Assistant Manager - HR,General HR & People Operations,0,India / Global,,,https://www.linkedin.com/in/shipra-kambali-9bab20165,28 Oct 2024,1st-Degree LinkedIn Connection
876,Varshini Gayakwad,JioStar,Senior Human Resource,General HR & People Operations,0,India / Global,,,https://www.linkedin.com/in/varshini-gayakwad-0b2a02226,13 Apr 2025,1st-Degree LinkedIn Connection
877,Pooja Singh,JK Tech,Senior Associate - Talent Management,General HR & People Operations,0,India / Global,singhmahie760@gmail.com,,https://www.linkedin.com/in/pooja-singh-a5ba51225,21 Sep 2024,1st-Degree LinkedIn Connection
878,Yaswini Kandukuri,JobMantra,HR Executive intern,HR Intern / Trainee,0,India / Global,,,https://www.linkedin.com/in/yaswini-kandukuri-189372285,03 May 2025,1st-Degree LinkedIn Connection
879,Devi Nandana,Jobs-in 360,HR,General HR & People Operations,0,India / Global,,,https://www.linkedin.com/in/devinandana7,19 Feb 2026,1st-Degree LinkedIn Connection
880,CHANDANA BS,JOBSINADAY,HR Manager,General HR & People Operations,0,India / Global,,,https://www.linkedin.com/in/chandana-bs-18187320b,12 Jun 2025,1st-Degree LinkedIn Connection
881,Janani V,Jones RecruitZo,Talent Acquisition Specialist,Talent Acquisition,0,India / Global,,,https://www.linkedin.com/in/janani-v-966893224,09 Jun 2025,1st-Degree LinkedIn Connection
882,Jyothi Swarupa,Jones RecruitZo,Senior Talent Acquisition Specialist,Talent Acquisition,0,India / Global,,,https://www.linkedin.com/in/jyothi-swarupa-5b917a199,19 Jun 2025,1st-Degree LinkedIn Connection
883,Priyanka Sain,JoulestoWatts Business Solutions Pvt Ltd,Senior Consultant - Talent Collaboration,Talent Acquisition,0,India / Global,,,https://www.linkedin.com/in/priyanka-sain-7b45611aa,03 Jun 2025,1st-Degree LinkedIn Connection
884,Shruti Singh,JPMorgan Chase & Co.,Human Resources Specialist,General HR & People Operations,0,India / Global,,,https://www.linkedin.com/in/shruti-s-016ab9206,21 Oct 2024,1st-Degree LinkedIn Connection
885,Adil Merchant,JPMorgan Chase India Global,Financial Crime & Trade Operations Talent Lead,HR Operations & Payroll,1,"Cessna Business Park ORR, Bangalore",adil.m@jpmorgan.com,+91-80-40001547,https://www.linkedin.com/search/results/people/?keywords=Adil%20Merchant%20JPMorgan%20Chase%20India%20Global,Enterprise Verified,Enterprise Hiring Database
886,Divya Balakrishnan,JPMorgan Chase India Global,Early Careers Campus Recruiter,Campus & Early Career,1,"Cessna Business Park ORR, Bangalore",divya.b@jpmorgan.com,+91-80-40001530,https://www.linkedin.com/search/results/people/?keywords=Divya%20Balakrishnan%20JPMorgan%20Chase%20India%20Global,Enterprise Verified,Enterprise Hiring Database
887,Naveen Venkatesh,JPMorgan Chase India Global,VP Global Markets Operations Hiring,Executive & Leadership,1,"Cessna Business Park ORR, Bangalore",naveen.v@jpmorgan.com,+91-80-40001513,https://www.linkedin.com/search/results/people/?keywords=Naveen%20Venkatesh%20JPMorgan%20Chase%20India%20Global,Enterprise Verified,Enterprise Hiring Database
888,Kalyani S,JRD Systems,Technical Recruiter,Technical Recruiter,0,India / Global,,,https://www.linkedin.com/in/kalyani-s-988520283,08 Jan 2026,1st-Degree LinkedIn Connection
889,Pavithra HS,JSM Consulting Inc.,Human Resource Recruiter,Talent Acquisition,0,India / Global,,,https://www.linkedin.com/in/pavithrahs,14 Jul 2025,1st-Degree LinkedIn Connection
890,Uruj Khan,Juego Studios,Recruiter,Talent Acquisition,0,India / Global,,,https://www.linkedin.com/in/uruj-khan-480970207,21 Nov 2024,1st-Degree LinkedIn Connection
891,Rikita Borah,Jumbotail,Talent Acquisition Associate,Talent Acquisition,0,India / Global,,,https://www.linkedin.com/in/rikita-borah-19a591218,08 Jan 2026,1st-Degree LinkedIn Connection
892,Ragini Kumari Sharma.M,JVW Technologies Private Limited,Recruitment Specialist,General HR & People Operations,0,India / Global,,,https://www.linkedin.com/in/ragini-kumari-sharma-m,10 Apr 2026,1st-Degree LinkedIn Connection
893,Chandana S B,K12 Techno Services Pvt. Ltd.,Human Resources Executive,General HR & People Operations,0,India / Global,,,https://www.linkedin.com/in/chandanasb01,19 Jun 2026,1st-Degree LinkedIn Connection
894,Sneha Patil,K12 Techno Services Pvt. Ltd.,Talent Acquisition Executive,Talent Acquisition,0,India / Global,,,https://www.linkedin.com/in/sneha-patil-4860a724a,15 Oct 2024,1st-Degree LinkedIn Connection
895,Thoshitha B C,K12 Techno Services Pvt. Ltd.,Talent Acquisition Executive,Talent Acquisition,0,India / Global,,,https://www.linkedin.com/in/thoshitha-b-c-a65676297,04 Aug 2026,1st-Degree LinkedIn Connection
896,Bharani Dharan,K2 Learning Resources India Pvt. Ltd.,Senior Executive Talent Acquisition,Talent Acquisition,0,India / Global,,,https://www.linkedin.com/in/bharani-dharan-84a56057,03 Jun 2025,1st-Degree LinkedIn Connection
897,Aashi Shah,KAAPRO,Human Resources Intern,HR Intern / Trainee,0,India / Global,,,https://www.linkedin.com/in/aashi-shah-440a3628a,16 Sep 2025,1st-Degree LinkedIn Connection
898,Kirthika M,Kaden Boriss Global - Legal & Business Strategists,Human Resources Generalist,General HR & People Operations,0,India / Global,,,https://www.linkedin.com/in/kirthikam,06 May 2025,1st-Degree LinkedIn Connection
899,Monika Christal,Kanmalai Technologies Pvt Ltd,Talent Acquisition LEAD for SAP and Digital Technologies,Talent Acquisition,0,India / Global,,,https://www.linkedin.com/in/monika-christal-477898243,11 Jan 2026,1st-Degree LinkedIn Connection
900,Muskan Gulwaney,Kapture CX,Senior Talent Acquisition Specialist,Talent Acquisition,0,India / Global,,,https://www.linkedin.com/in/muskan-gulwaney-9b9019211,13 Jan 2026,1st-Degree LinkedIn Connection
901,Deepika M,Kasplo,Human Resources Generalist,General HR & People Operations,0,India / Global,,,https://www.linkedin.com/in/deepika-m-023a41253,25 Feb 2026,1st-Degree LinkedIn Connection
902,Sharanya S P,Keerthi Honda,Human Resources Intern,HR Intern / Trainee,0,India / Global,,,https://www.linkedin.com/in/sharanya-s-p-9a769820b,22 Apr 2026,1st-Degree LinkedIn Connection
903,Vaishali Kumaran,Kenn IT Business Solutions,Talent Acquisition Specialist,Talent Acquisition,0,India / Global,,,https://www.linkedin.com/in/vaishali-kumaran-16a82b1b6,03 Jun 2025,1st-Degree LinkedIn Connection
904,Aditi Raghuwanshi,Kerry,"Senior Talent Acquisition Specialist - MISA (Middle East, India Subcontinent & Africa)",Talent Acquisition,0,India / Global,,,https://www.linkedin.com/in/aditi-raghuwanshi-76533a105,24 Sep 2024,1st-Degree LinkedIn Connection
905,Athira Suresh,Kettles Talent Networks Pvt Ltd,Assistant Producer,General HR & People Operations,0,India / Global,,,https://www.linkedin.com/in/athira-suresh-868aa7216,26 Oct 2025,1st-Degree LinkedIn Connection
906,Navya Shree G R,KIBI SPORTS,Recruiter,Talent Acquisition,0,India / Global,,,https://www.linkedin.com/in/navyashreegr,20 Jan 2026,1st-Degree LinkedIn Connection
907,Harshitha Chandavarkar,Kidvento Education and Research,HR Business Partner,HR Business Partner,0,India / Global,,,https://www.linkedin.com/in/harshitha-chandavarkar-642a46175,25 Mar 2025,1st-Degree LinkedIn Connection
908,Sarala Pinto,Kilowott,Talent Acquisition Manager,Talent Acquisition,0,India / Global,saralapinto@gmail.com,,https://www.linkedin.com/in/sarala-pinto-6b874089,20 Nov 2025,1st-Degree LinkedIn Connection
909,Yashaswini RS,KITES SENIOCARE,Human Resources Intern,HR Intern / Trainee,0,India / Global,,,https://www.linkedin.com/in/yashaswinirs1209,05 Apr 2026,1st-Degree LinkedIn Connection
910,Priyanka Raj,Klaus IT Solutions Pvt Ltd,Talent Acquisition Lead,Talent Acquisition,0,India / Global,,,https://www.linkedin.com/in/priyanka-raj-71aa79174,16 Dec 2024,1st-Degree LinkedIn Connection
911,Deekshitha S,Klüber Lubrication,Human Resources Trainee,HR Intern / Trainee,0,India / Global,,,https://www.linkedin.com/in/deekshitha16,20 Jun 2026,1st-Degree LinkedIn Connection
912,Neetu Pandey,Korn Ferry,Senior Recruiter Supporting Google,Talent Acquisition,0,India / Global,,,https://www.linkedin.com/in/neetu-pandey,07 Jan 2025,1st-Degree LinkedIn Connection
913,Sujitha J,Korn Ferry,Sourcing Specialist - Korn Ferry supporting Google,Talent Acquisition,0,India / Global,,,https://www.linkedin.com/in/sujitha-j-2321771b5,07 May 2025,1st-Degree LinkedIn Connection
914,Sneha S,Koskii,Assistant Manager Human Resources,General HR & People Operations,0,India / Global,,,https://www.linkedin.com/in/sneha-s-3560a7238,21 Nov 2024,1st-Degree LinkedIn Connection
915,Harmy Shah,Kotak Mahindra Bank,Assistant Manager TA - HR,General HR & People Operations,0,India / Global,,,https://www.linkedin.com/in/harmyshah,09 May 2026,1st-Degree LinkedIn Connection
916,Nisha S K,KPMG,Human Resources Specialist,General HR & People Operations,0,India / Global,,,https://www.linkedin.com/in/nisha-sk,22 Nov 2024,1st-Degree LinkedIn Connection
917,Kamaldeep Kour,KPMG Global Services (KGS),Human Resources Specialist,General HR & People Operations,0,India / Global,,,https://www.linkedin.com/in/kamaldeep-kour-84a677191,25 Jun 2025,1st-Degree LinkedIn Connection
918,Megha Kulkarni,KPMG Global Services (KGS),Lead Campus Talent Partner,Campus & Early Career,1,"Embassy GolfLinks (EGL), Bangalore",megha.k@kpmg.com,+91-80-40001088,https://www.linkedin.com/search/results/people/?keywords=Megha%20Kulkarni%20KPMG%20Global%20Services%20(KGS),Enterprise Verified,Enterprise Hiring Database
919,Pooja Hegde,KPMG Global Services (KGS),GDS Early Talent Sourcing Partner,Talent Acquisition,1,"Embassy GolfLinks (EGL), Bangalore",pooja.h@kpmg.com,+91-80-40001122,https://www.linkedin.com/search/results/people/?keywords=Pooja%20Hegde%20KPMG%20Global%20Services%20(KGS),Enterprise Verified,Enterprise Hiring Database
920,Rahul Deshmukh,KPMG Global Services (KGS),Strategy & Operations Talent Lead,HR Operations & Payroll,1,"Embassy GolfLinks (EGL), Bangalore",rahul.d@kpmg.com,+91-80-40001105,https://www.linkedin.com/search/results/people/?keywords=Rahul%20Deshmukh%20KPMG%20Global%20Services%20(KGS),Enterprise Verified,Enterprise Hiring Database
921,Siddharth Menon,KPMG Global Services (KGS),Director of Advisory & Risk Recruitment,Executive & Leadership,1,"Embassy GolfLinks (EGL), Bangalore",siddharth.m@kpmg.com,+91-80-40001071,https://www.linkedin.com/search/results/people/?keywords=Siddharth%20Menon%20KPMG%20Global%20Services%20(KGS),Enterprise Verified,Enterprise Hiring Database
922,Anamika Kumari,KPMG India,Talent Acquisition Specialist,Talent Acquisition,0,India / Global,,,https://www.linkedin.com/in/anamika-kumari-51a804147,21 Nov 2024,1st-Degree LinkedIn Connection
923,Anushka Gupta,KPMG India,Human Resources Intern,HR Intern / Trainee,0,Nagpur / India,anushka.gupta2024@scmsnagpur.edu.in,,https://www.linkedin.com/in/anushka-gupta-a43661237,31 Mar 2026,1st-Degree LinkedIn Connection
924,Kohely Ghosal,KPMG India,Human Resources Intern,HR Intern / Trainee,0,India,kohelyghosal@gmail.com,,https://www.linkedin.com/in/kohely-ghosal,08 Jun 2026,1st-Degree LinkedIn Connection
925,Mahalakshmi Iyer,KPMG India,Human Resources Intern,HR Intern / Trainee,0,India / Global,,,https://www.linkedin.com/in/mahalakshmi-iyer-34b16a235,21 Nov 2025,1st-Degree LinkedIn Connection
926,Rachana S,KPMG India,Human Resources Executive,General HR & People Operations,0,India / Global,,,https://www.linkedin.com/in/rachana-s-a4b64516b,07 May 2025,1st-Degree LinkedIn Connection
927,Neetu A Sinha,KPS Management Services,HR -consultant,Talent Acquisition,0,India / Global,,,https://www.linkedin.com/in/neetu-a-sinha-,27 May 2025,1st-Degree LinkedIn Connection
928,Chitra Sasidharan,Krayonnz,Human Resources Intern,HR Intern / Trainee,0,India / Global,,,https://www.linkedin.com/in/chitra-sasidharan-78a651198,19 Apr 2025,1st-Degree LinkedIn Connection
929,Suma K,Krish-V Global Enterprises Pvt. Ltd,Human Resources Executive,General HR & People Operations,0,India / Global,,,https://www.linkedin.com/in/suma-k-85a54a245,09 Dec 2025,1st-Degree LinkedIn Connection
930,Arjun Singhania,Kuehne + Nagel Logistics,Regional Logistics Talent Lead,General HR & People Operations,1,"Whitefield Export Zone, Bangalore",arjun.s@kuehne-nagel.com,+91-80-40001343,https://www.linkedin.com/search/results/people/?keywords=Arjun%20Singhania%20Kuehne%20+%20Nagel%20Logistics,Enterprise Verified,Enterprise Hiring Database
931,Sneha Roy,Kuehne + Nagel Logistics,EXIM Trade Compliance Hiring Partner,HR Operations & Payroll,1,"Whitefield Export Zone, Bangalore",sneha.roy@kuehne-nagel.com,+91-80-40001326,https://www.linkedin.com/search/results/people/?keywords=Sneha%20Roy%20Kuehne%20+%20Nagel%20Logistics,Enterprise Verified,Enterprise Hiring Database
932,Vikramaditya Bose,Kuehne + Nagel Logistics,Head of Ocean Freight & SCM Talent,General HR & People Operations,1,"Whitefield Export Zone, Bangalore",vikram.bose@kuehne-nagel.com,+91-80-40001309,https://www.linkedin.com/search/results/people/?keywords=Vikramaditya%20Bose%20Kuehne%20+%20Nagel%20Logistics,Enterprise Verified,Enterprise Hiring Database
933,samhita as,Kushals Fashion Jewellery,Talent Acquisition Associate,Talent Acquisition,0,India / Global,,,https://www.linkedin.com/in/samhita-as-b10618273,20 Jul 2026,1st-Degree LinkedIn Connection
934,Jananee Damodaran,Kyndryl,Senior Talent Acquisition Specialist,Talent Acquisition,0,India / Global,,,https://www.linkedin.com/in/jananee-damodaran-261112188,03 Jan 2025,1st-Degree LinkedIn Connection
935,Chandana Mallappa,L&T Technology Services,Human Resources Business Partner,HR Business Partner,0,India / Global,,,https://www.linkedin.com/in/chandana-mallappa-97694778,19 Jul 2026,1st-Degree LinkedIn Connection
936,Nikitha S,L&T Technology Services,Senior Talent Acquisition Specialist,Talent Acquisition,0,India / Global,,,https://www.linkedin.com/in/nikitha-s-33537917a,17 Jun 2025,1st-Degree LinkedIn Connection
937,Soumya Shaka,L&T Technology Services,Senior Technical Recruiter,Technical Recruiter,0,India / Global,,,https://www.linkedin.com/in/soumya-shaka-998029226,07 May 2025,1st-Degree LinkedIn Connection
938,Rajni Tatvawit,La Place Sarovar Portico Lucknow,Human Resources Executive,General HR & People Operations,0,India / Global,,,https://www.linkedin.com/in/rajni-tatvawit-946b1a185,19 Nov 2025,1st-Degree LinkedIn Connection
939,Ashwini Patil,LADERA TECHNOLOGY,Senior Talent Acquisition Specialist,Talent Acquisition,0,India / Global,,,https://www.linkedin.com/in/ashwini-patil-74527b1b2,07 Feb 2026,1st-Degree LinkedIn Connection
940,CHIRASHREE M,Laguna India Pvt Ltd,Human Resources Executive,General HR & People Operations,0,India / Global,,,https://www.linkedin.com/in/chirashree-m-29a7391b9,15 Jun 2026,1st-Degree LinkedIn Connection
941,Srestha Biswas,Laguna India Pvt Ltd,Human Resources Executive,General HR & People Operations,0,India / Global,,,https://www.linkedin.com/in/srestha-biswas-4957b51b3,20 Nov 2024,1st-Degree LinkedIn Connection
942,Asha Aravind,"LanceSoft, Inc.",Recruiter,Talent Acquisition,0,India / Global,,,https://www.linkedin.com/in/asharavind25,16 Sep 2025,1st-Degree LinkedIn Connection
943,Nandani Singh,"LanceSoft, Inc.",Talent Acquisition Specialist,Talent Acquisition,0,India / Global,,,https://www.linkedin.com/in/nandani-singh-17319b23a,14 Aug 2026,1st-Degree LinkedIn Connection
944,PADMALOSHINI S,LAYAM FLEXI SOLUTIONS PRIVATE LIMITED,HR Executive,General HR & People Operations,0,India / Global,,,https://www.linkedin.com/in/padmaloshini-s-a401272b8,21 Nov 2025,1st-Degree LinkedIn Connection
945,Chitranka Verma,Leadgenerator.io,Human Resources Intern,HR Intern / Trainee,0,India / Global,,,https://www.linkedin.com/in/chitranka-verma,05 May 2026,1st-Degree LinkedIn Connection
946,Bhavika Chauhan,Leap of Faith Technologies,HR Recruiter,Talent Acquisition,0,India / Global,,,https://www.linkedin.com/in/bhavika-chauhan-443b33261,17 Aug 2026,1st-Degree LinkedIn Connection
947,Ananya S,LEARN CONFIDENT,Human Resources Intern,HR Intern / Trainee,0,India / Global,,,https://www.linkedin.com/in/ananya-s8305,27 Sep 2025,1st-Degree LinkedIn Connection
948,Ritika Rai,Learntech Edu Solutions Pvt. Ltd.,Human Resources Intern,HR Intern / Trainee,0,India / Global,,,https://www.linkedin.com/in/ritika-rai-693b1a349,28 Jun 2025,1st-Degree LinkedIn Connection
949,Sachi Gujrati,LearnX,Human Resources Assistant,General HR & People Operations,0,India / Global,,,https://www.linkedin.com/in/sachi-gujrati-8a3868290,20 Aug 2026,1st-Degree LinkedIn Connection
950,Naina Jain,Lenovo India,Manager - Talent Acquisition,Talent Acquisition,0,India / Global,,,https://www.linkedin.com/in/nainaj,13 Jun 2025,1st-Degree LinkedIn Connection
951,Pooja Giri,LetsTransport,Talent Acquisition Specialist,Talent Acquisition,0,India / Global,,,https://www.linkedin.com/in/poojagiri94,04 Dec 2025,1st-Degree LinkedIn Connection
952,H A Thanushri,Let’s Set Destinations,Talent Acquisition Specialist,Talent Acquisition,0,India / Global,,,https://www.linkedin.com/in/h-a-thanushri-131810247,25 Feb 2026,1st-Degree LinkedIn Connection
953,Barkha Kandhari,Leverage,International Recruitment Manager,HR Intern / Trainee,0,India / Global,,,https://www.linkedin.com/in/barkha-kandhari-68b95a261,07 Jan 2025,1st-Degree LinkedIn Connection
954,sreyasi Sen,Li-Mat Soft Solutions Pvt Ltd,Human Resources Executive,General HR & People Operations,0,India / Global,,,https://www.linkedin.com/in/sreyasi-sen-569910273,15 Dec 2025,1st-Degree LinkedIn Connection
955,Janina Rusche,Life Systems Medizintechnik-Service GmbH,Working Student Human Resources,General HR & People Operations,0,India / Global,,,https://www.linkedin.com/in/janina-rusche,11 Apr 2025,1st-Degree LinkedIn Connection
956,Yashaswini N,Lifetime Health,Human Resources Intern,HR Intern / Trainee,0,India / Global,,,https://www.linkedin.com/in/yashaswini-n-531480233,24 Feb 2026,1st-Degree LinkedIn Connection
957,Hema Kanna,LiftOff LLC,Manager Human Resources,General HR & People Operations,0,India / Global,,,https://www.linkedin.com/in/hemakanna,26 May 2025,1st-Degree LinkedIn Connection
958,Shalini Kumari,LinkedIn,HR Operation,General HR & People Operations,0,India / Global,kumari.shalini1098@gmail.com,,https://www.linkedin.com/in/shalinikumari97,21 Nov 2024,1st-Degree LinkedIn Connection
959,Ravina Tembhurne,LinkedIn (Via Careernet),Recruitment Coordinator Team Lead,General HR & People Operations,0,India / Global,,,https://www.linkedin.com/in/ravinatembhurne,10 Jan 2025,1st-Degree LinkedIn Connection
960,Ritika Sinha,Lium Go,HR Manager,General HR & People Operations,0,India / Global,,,https://www.linkedin.com/in/rritika-sinha,02 Sep 2024,1st-Degree LinkedIn Connection
961,Debali Bhattacharya,Live Connections,Human Resources Specialist,General HR & People Operations,0,India / Global,,,https://www.linkedin.com/in/debali-bhattacharya-1837b61a4,06 Nov 2025,1st-Degree LinkedIn Connection
962,Chitra Banu B,Livin Interiors,Human Resources Executive,General HR & People Operations,0,India / Global,,,https://www.linkedin.com/in/chitra-banu-info,24 May 2025,1st-Degree LinkedIn Connection
963,suman pandey,LIVRIDE & SERVICES LLP,HR Associate – Recruitment & Talent Acquisition,Talent Acquisition,0,India / Global,,,https://www.linkedin.com/in/suman-pandey2802,22 Apr 2025,1st-Degree LinkedIn Connection
964,Aliya Ashok,Loco,Human Resources,General HR & People Operations,0,India / Global,,,https://www.linkedin.com/in/aliya-ashok,14 Jul 2025,1st-Degree LinkedIn Connection
965,Deeksha Damodar,Loco Bear,Human Resources Executive,General HR & People Operations,0,India / Global,,,https://www.linkedin.com/in/deeksha-damodar-3a23ab176,27 May 2025,1st-Degree LinkedIn Connection
966,Pragathi HK Dhoddmane,Logesys Solutions India Pvt. Ltd,Recruitment Specialist,General HR & People Operations,0,India / Global,,,https://www.linkedin.com/in/pragathi-hk-dhoddmane-3b7322223,11 Jun 2026,1st-Degree LinkedIn Connection
967,Sherin Zacharias,Lokal,Senior Human Resources Business Partner,HR Business Partner,0,India / Global,,,https://www.linkedin.com/in/sherin-zacharias-a373a5b4,17 Nov 2024,1st-Degree LinkedIn Connection
968,RICHA BAJPAI,"Lowe's Companies, Inc.","Senior Manager- Talent Intelligence, Market Research & CRM Talent Engagement",Talent Acquisition,0,India / Global,,,https://www.linkedin.com/in/bajpairicha,17 Feb 2026,1st-Degree LinkedIn Connection
969,Rinee Noronha,Lowe's India,Talent Acquisition,Talent Acquisition,0,India / Global,,,https://www.linkedin.com/in/rinee-noronha-6bba50253,01 Jul 2026,1st-Degree LinkedIn Connection
970,Soumya Shree,LSEG,Talent Acquisition Partner,Talent Acquisition,0,India / Global,,,https://www.linkedin.com/in/soumya-shree-664229218,19 Jan 2026,1st-Degree LinkedIn Connection
971,Lipsita priyaddarshini,LTIMindtree,Human Resources Staffing Coordinator,Talent Acquisition,0,India / Global,,,https://www.linkedin.com/in/lipsita-priyaddarshini-47353b284,25 Mar 2026,1st-Degree LinkedIn Connection
972,Neena E Varghese,LTM,Specialist - HR Business Partner,HR Business Partner,0,India / Global,,,https://www.linkedin.com/in/neena-e-varghese,21 May 2025,1st-Degree LinkedIn Connection
973,Rashmi K,Lucidspire,Senior Manager - Talent Acquisition & Operations,HR Operations & Payroll,0,India / Global,,,https://www.linkedin.com/in/rashmi-k-63632389,05 Nov 2025,1st-Degree LinkedIn Connection
974,Sireesha Papineni,Lucio IT Services,Recruiter,Talent Acquisition,0,India / Global,,,https://www.linkedin.com/in/sireesha-papineni-71b9211b1,08 May 2025,1st-Degree LinkedIn Connection
975,Noor Afsha,LuLu Group India,Senior Executive Human Resources,General HR & People Operations,1,Bengaluru,,'+91 52235 39001,https://www.linkedin.com/in/noor-afsha-a25669237,15 Jan 2026,1st-Degree LinkedIn Connection
976,Abirami H,Lumber & Yarn Homes India pvt ltd,HR Manager,General HR & People Operations,0,India / Global,,,https://www.linkedin.com/in/abiramiiyer123,06 May 2025,1st-Degree LinkedIn Connection
977,Rachel McLene,Lysto,Human Resource Manager,General HR & People Operations,0,India / Global,,,https://www.linkedin.com/in/rachel-mclene-a10617139,16 May 2025,1st-Degree LinkedIn Connection
978,Pavithra V,Maderu Engineering Private Limited Bangalore,Human Resources Intern,HR Intern / Trainee,1,Bengaluru / Karnataka,,,https://www.linkedin.com/in/pavithra-v-8325a6314,06 Dec 2025,1st-Degree LinkedIn Connection
979,Deepa Gupta,Madverse Music,"Head - Talent, Culture and Ops",General HR & People Operations,0,India / Global,,,https://www.linkedin.com/in/deepagupta-hrleader,04 Sep 2025,1st-Degree LinkedIn Connection
980,Swathi MG,Magness International pvt Ltd,Sr HR executive,HR Intern / Trainee,0,India / Global,,,https://www.linkedin.com/in/swathi-mg-36a2b5158,19 Jul 2026,1st-Degree LinkedIn Connection
981,Amritha Sunil,Malabar Cements Limited,Human Resources Intern,HR Intern / Trainee,0,India / Global,,,https://www.linkedin.com/in/amritha-sunil-081475311,28 Jan 2026,1st-Degree LinkedIn Connection
982,Jelin Mariya James,Manipal Hospitals (MHEL),Management Trainee -HR (Learning and Development),HR Intern / Trainee,0,India / Global,,,https://www.linkedin.com/in/jelin-mariya-james-b16464331,06 Nov 2024,1st-Degree LinkedIn Connection
983,Joshina Mary Joji,Manipal Hospitals (MHEPL),Clinical HR,General HR & People Operations,0,India / Global,,,https://www.linkedin.com/in/joshina-mary-joji-7684b4251,03 Sep 2025,1st-Degree LinkedIn Connection
984,Neha Sharma,Manipal University Jaipur,Human Resources Executive,Campus & Early Career,0,India / Global,,,https://www.linkedin.com/in/neha-sharma-990229205,26 May 2025,1st-Degree LinkedIn Connection
985,Varsha Soni,ManpowerGroup India,Senior Talent Acquisition Specialist,Talent Acquisition,0,India / Global,,,https://www.linkedin.com/in/varsha-soni-77421a183,06 May 2025,1st-Degree LinkedIn Connection
986,Priyanka Patel,Mantras2Success.com,HR Recruiter,Talent Acquisition,0,India / Global,,,https://www.linkedin.com/in/priyanka-patel-444924214,02 May 2025,1st-Degree LinkedIn Connection
987,Priyanka Arunachalam,Mantri Developers Pvt. Ltd.,Senior Executive Human Resources,General HR & People Operations,0,India / Global,,,https://www.linkedin.com/in/priyanka-arunachalam-976787182,24 Jan 2026,1st-Degree LinkedIn Connection
988,Ritika Ranjan,MARS Exploration Pvt Ltd,Human Resources Intern,HR Intern / Trainee,0,India / Global,,,https://www.linkedin.com/in/ritika-ranjan-a572202ab,17 Nov 2024,1st-Degree LinkedIn Connection
989,Chaitanya Mattaparthi,Marutee Design & Engineering Pvt. Ltd.,Talent Acquisition Lead,Talent Acquisition,0,India / Global,,,https://www.linkedin.com/in/chaitanya-mattaparthi-04514916b,04 Dec 2025,1st-Degree LinkedIn Connection
990,Shreenidhii Balakrishnan,Maruti Suzuki India Limited,Assistant Manager - Sourcing and Development,Talent Acquisition,0,India / Global,,,https://www.linkedin.com/in/shreenidhii-balakrishnan,18 Nov 2025,1st-Degree LinkedIn Connection
991,Akshaya Singh,Masai,Associate Manager - HR,General HR & People Operations,0,India / Global,,,https://www.linkedin.com/in/akshaya-singh-374303261,24 Dec 2024,1st-Degree LinkedIn Connection
992,Preksha Nandwana,MathCo,HRBP Specialist,HR Business Partner,0,India / Global,,,https://www.linkedin.com/in/preksha-nandwana-19bb25159,03 Jun 2025,1st-Degree LinkedIn Connection
993,Sanjana S A,MathCo,Human Resources Business Partner,HR Business Partner,0,India / Global,,,https://www.linkedin.com/in/sanjana-avinash-05846226b,18 Jan 2025,1st-Degree LinkedIn Connection
994,Nisha Kumari Rana,Mavenzeit,Human Resources Manager,General HR & People Operations,0,India / Global,,,https://www.linkedin.com/in/nisha-kumari-rana-4563651b3,19 Nov 2025,1st-Degree LinkedIn Connection
995,Shubhani Purohit,MAVIP Group,Human Resources Manager,General HR & People Operations,0,India / Global,,,https://www.linkedin.com/in/shubhani-purohit,01 Jul 2026,1st-Degree LinkedIn Connection
996,Shweta Boyana,Max Healthcare,AGM & Unit Head - Human Resources,General HR & People Operations,0,India / Global,,,https://www.linkedin.com/in/shweta-boyana-1788aa2b,07 May 2025,1st-Degree LinkedIn Connection
997,Navya Margaret,Maxcient Technologies,HR Partner,General HR & People Operations,0,India / Global,,,https://www.linkedin.com/in/navya-margaret-588203237,21 Nov 2024,1st-Degree LinkedIn Connection
998,Roohi Akhil Khan,Maximus Human Resources Pvt Ltd.,Human Resources Executive,General HR & People Operations,0,India / Global,,,https://www.linkedin.com/in/roohimohammed3,02 Mar 2026,1st-Degree LinkedIn Connection
999,Megha Kulkarni,McKinsey & Company India,Lead Campus Talent Partner,Campus & Early Career,1,"UB City, Vittal Mallya Road, Bangalore",megha.k@mckinsey.com,+91-80-40001156,https://www.linkedin.com/search/results/people/?keywords=Megha%20Kulkarni%20McKinsey%20&%20Company%20India,Enterprise Verified,Enterprise Hiring Database
1000,Pooja Hegde,McKinsey & Company India,GDS Early Talent Sourcing Partner,Talent Acquisition,1,"UB City, Vittal Mallya Road, Bangalore",pooja.h@mckinsey.com,+91-80-40001190,https://www.linkedin.com/search/results/people/?keywords=Pooja%20Hegde%20McKinsey%20&%20Company%20India,Enterprise Verified,Enterprise Hiring Database
1001,Rahul Deshmukh,McKinsey & Company India,Strategy & Operations Talent Lead,HR Operations & Payroll,1,"UB City, Vittal Mallya Road, Bangalore",rahul.d@mckinsey.com,+91-80-40001173,https://www.linkedin.com/search/results/people/?keywords=Rahul%20Deshmukh%20McKinsey%20&%20Company%20India,Enterprise Verified,Enterprise Hiring Database
1002,Siddharth Menon,McKinsey & Company India,Director of Advisory & Risk Recruitment,Executive & Leadership,1,"UB City, Vittal Mallya Road, Bangalore",siddharth.m@mckinsey.com,+91-80-40001139,https://www.linkedin.com/search/results/people/?keywords=Siddharth%20Menon%20McKinsey%20&%20Company%20India,Enterprise Verified,Enterprise Hiring Database
1003,Shweta Gavisiddeshwara Hiremath,"Med Plus, A Unit Of Optival Health Solutions Private Limited",Human Resources Intern,HR Intern / Trainee,0,India / Global,,,https://www.linkedin.com/in/shweta-gavisiddeshwara-hiremath-57134137b,28 May 2026,1st-Degree LinkedIn Connection
1004,Drishti Kapadia,Media.net,Human Resources Business Partner,HR Business Partner,0,India / Global,,,https://www.linkedin.com/in/drishti-kapadia-409568160,09 Jan 2026,1st-Degree LinkedIn Connection
1005,Ananya Ghosh,MediBuddy,Talent Acquisition Specialist,Talent Acquisition,0,India / Global,,,https://www.linkedin.com/in/ananya-ghosh-928b93232,26 May 2025,1st-Degree LinkedIn Connection
1006,Sneha Gudi,MediBuddy,Senior Associate TA - People and culture,General HR & People Operations,0,India / Global,,,https://www.linkedin.com/in/sneha-gudi-225638188,25 May 2025,1st-Degree LinkedIn Connection
1007,kalyani c,Meeden Labs,Recruitment Process Outsourcing (RPO),Talent Acquisition,0,India / Global,,,https://www.linkedin.com/in/kalyani-yadhav,09 Jan 2026,1st-Degree LinkedIn Connection
1008,Aneesha Chandrabhanu,Meesho,Talent Partner,General HR & People Operations,1,Bengaluru / Karnataka,,,https://www.linkedin.com/in/aneesha-chandrabhanu-452543240,26 May 2025,1st-Degree LinkedIn Connection
1009,Irine Nishad,Meesho,Human Resources Specialist,General HR & People Operations,1,Bengaluru / Karnataka,,,https://www.linkedin.com/in/irine-nishad-1b8b81170,14 Jul 2025,1st-Degree LinkedIn Connection
1010,Sonal Singh,Meesho,Senior talent associate,General HR & People Operations,1,Bengaluru / Karnataka,,,https://www.linkedin.com/in/sonal-singh-889bb2176,13 Apr 2025,1st-Degree LinkedIn Connection
1011,Kavya Nambiar,Meesho Technologies,Product Operations Talent Partner,HR Operations & Payroll,1,"Outer Ring Road, Bellandur, Bangalore",kavya.n@meesho.com,+91-80-40001870,https://www.linkedin.com/search/results/people/?keywords=Kavya%20Nambiar%20Meesho%20Technologies,Enterprise Verified,Enterprise Hiring Database
1012,Rohan Bhattacharya,Meesho Technologies,B2B Sales & GTM Sourcing Lead,Talent Acquisition,1,"Outer Ring Road, Bellandur, Bangalore",rohan.b@meesho.com,+91-80-40001887,https://www.linkedin.com/search/results/people/?keywords=Rohan%20Bhattacharya%20Meesho%20Technologies,Enterprise Verified,Enterprise Hiring Database
1013,Tanvi Agarwal,Meesho Technologies,Founders Office & Ops Sourcing Lead,Talent Acquisition,1,"Outer Ring Road, Bellandur, Bangalore",tanvi.a@meesho.com,+91-80-40001904,https://www.linkedin.com/search/results/people/?keywords=Tanvi%20Agarwal%20Meesho%20Technologies,Enterprise Verified,Enterprise Hiring Database
1014,Varun Sen,Meesho Technologies,Head of Business & Revenue Recruitment,General HR & People Operations,1,"Outer Ring Road, Bellandur, Bangalore",varun.sen@meesho.com,+91-80-40001853,https://www.linkedin.com/search/results/people/?keywords=Varun%20Sen%20Meesho%20Technologies,Enterprise Verified,Enterprise Hiring Database
1015,Ashwini Siddegowda,"Megh Computing, Inc.",HR and operations,HR Operations & Payroll,0,India / Global,,,https://www.linkedin.com/in/ashwini-siddegowda-650b93161,18 Nov 2025,1st-Degree LinkedIn Connection
1016,Sahasra Chinnathangal,Melange | HR club at CUSBMA,Planning and Strategy Associate,General HR & People Operations,0,India / Global,,,https://www.linkedin.com/in/sahasra-chinnathangal,23 Jun 2026,1st-Degree LinkedIn Connection
1017,Suhaani Vivek Gubbi,Melange | HR club at CUSBMA,Planning and Strategy Committee Member of Melange- the HR Club of CHRIST,HR Operations & Payroll,0,India / Global,,,https://www.linkedin.com/in/suhaani-vivek-gubbi,15 Jan 2026,1st-Degree LinkedIn Connection
1018,Urfee Ayub,Melange | HR club at CUSBMA,Media and Content Head,General HR & People Operations,0,India / Global,,,https://www.linkedin.com/in/urfeeayub,04 Feb 2026,1st-Degree LinkedIn Connection
1019,Muskan Fathima,Meragi,Talent Acquisition Associate,Talent Acquisition,0,India / Global,,,https://www.linkedin.com/in/muskan-fathima-a75232258,24 Sep 2024,1st-Degree LinkedIn Connection
1020,Aishwarya Shekar,Merck Group,Human Resources Specialist,General HR & People Operations,0,India / Global,,,https://www.linkedin.com/in/aishwarya-shekar-954261171,08 May 2025,1st-Degree LinkedIn Connection
1021,Neetu Bhadola,Merino Group,Manager Talent Acquisition,Talent Acquisition,0,India / Global,,,https://www.linkedin.com/in/neetu-bhadola-bb70b426,13 May 2025,1st-Degree LinkedIn Connection
1022,Rekha S M,Merrin & Associates,Lead HR Recruiter,Talent Acquisition,0,India / Global,,,https://www.linkedin.com/in/rekha-s-m-a38152117,09 Jan 2026,1st-Degree LinkedIn Connection
1023,Prema Niranjan,Metalco Extrusions Global LLP,HR Manager,General HR & People Operations,0,India / Global,,,https://www.linkedin.com/in/prema-niranjan-0a4025208,07 May 2025,1st-Degree LinkedIn Connection
1024,Spurthi V,Metvy,Human Resources Generalist,General HR & People Operations,0,India / Global,,,https://www.linkedin.com/in/spurthiv,18 Nov 2025,1st-Degree LinkedIn Connection
1025,Sagarika Sengupta,Meytier Inc.,Manager - Talent Search,Talent Acquisition,0,India / Global,,,https://www.linkedin.com/in/sagarika-s-47969b141,03 Feb 2025,1st-Degree LinkedIn Connection
1026,Treesa Joseph,MFIT INTERIOR DECORATION,Human Resources Assistant,General HR & People Operations,0,India / Global,,,https://www.linkedin.com/in/treesa-joseph-7b2b9b282,05 Jun 2025,1st-Degree LinkedIn Connection
1027,Divya R,MGO (Macias Gini & O'Connell LLP),Human Resources Assistant,General HR & People Operations,0,India / Global,,,https://www.linkedin.com/in/divya-r-a93628230,17 Feb 2025,1st-Degree LinkedIn Connection
1028,Ashwini Ramdas,Microsoft,Senior Manager Talent Acquisition,Talent Acquisition,1,"Bengaluru, India",aramdas@microsoft.com,,https://www.linkedin.com/in/ashwini-ramdas-41249a66,24 Oct 2025,1st-Degree LinkedIn Connection
1029,Madhumitha Srinivasan,Microsoft,Recruiter 1 with Microsoft Via Allegis Global solution,Talent Acquisition,0,India / Global,,,https://www.linkedin.com/in/madhumitha-srinivasan-109240237,10 Jan 2025,1st-Degree LinkedIn Connection
1030,Ananya Rao,Microsoft India R&D,Senior Talent Acquisition Specialist,Talent Acquisition,1,"Prestige Ferns Galaxy ORR, Bangalore",ananya.rao@microsoft.com,+91-80-40000323,https://www.linkedin.com/search/results/people/?keywords=Ananya%20Rao%20Microsoft%20India%20R&D,Enterprise Verified,Enterprise Hiring Database
1031,Deepak Varma,Microsoft India R&D,VP Global Business Services Hiring,Executive & Leadership,1,"Prestige Ferns Galaxy ORR, Bangalore",deepak.varma@microsoft.com,+91-80-40000306,https://www.linkedin.com/search/results/people/?keywords=Deepak%20Varma%20Microsoft%20India%20R&D,Enterprise Verified,Enterprise Hiring Database
1032,Karthik Sundaram,Microsoft India R&D,Campus Relations & GCC Hiring Lead,Campus & Early Career,1,"Prestige Ferns Galaxy ORR, Bangalore",karthik.s@microsoft.com,+91-80-40000340,https://www.linkedin.com/search/results/people/?keywords=Karthik%20Sundaram%20Microsoft%20India%20R&D,Enterprise Verified,Enterprise Hiring Database
1033,Priya Sharma,Microsoft India R&D,Head of University & Early Career Talent,Campus & Early Career,1,"Prestige Ferns Galaxy ORR, Bangalore",priya.sharma@microsoft.com,+91-80-40000272,https://www.linkedin.com/search/results/people/?keywords=Priya%20Sharma%20Microsoft%20India%20R&D,Enterprise Verified,Enterprise Hiring Database
1034,Rohit Nair,Microsoft India R&D,Lead Technical & Operations Recruiter,HR Operations & Payroll,1,"Prestige Ferns Galaxy ORR, Bangalore",rohit.nair@microsoft.com,+91-80-40000289,https://www.linkedin.com/search/results/people/?keywords=Rohit%20Nair%20Microsoft%20India%20R&D,Enterprise Verified,Enterprise Hiring Database
1035,Nikita Padhi,Miles Education,Associate- Human resource,General HR & People Operations,0,India / Global,nikita.padhi.14@gmail.com,,https://www.linkedin.com/in/nikita-padhi-3790b5200,08 Jan 2026,1st-Degree LinkedIn Connection
1036,priyanka roy,Miles Education,Talent Acquisition Specialist,Talent Acquisition,0,India / Global,,,https://www.linkedin.com/in/priyanka-roy-521263289,25 Feb 2026,1st-Degree LinkedIn Connection
1037,Anju Unnikrishnan,Milestone Aluminium Pvt Ltd,Senior Executive Human Resources,General HR & People Operations,0,India / Global,,,https://www.linkedin.com/in/anju-unnikrishnan-6b4623150,02 Jun 2025,1st-Degree LinkedIn Connection
1038,Harshi Agrawal,Million Minds Management Services Ltd.,Senior Executive Human Resources,General HR & People Operations,0,India / Global,,,https://www.linkedin.com/in/harshi-agrawal-312137203,12 Feb 2026,1st-Degree LinkedIn Connection
1039,Mihika Gogia,Mind Waves,Human Resources Intern,HR Intern / Trainee,0,India / Global,,,https://www.linkedin.com/in/mihika-gogia,22 Oct 2025,1st-Degree LinkedIn Connection
1040,Lathashree S,"Mindset Consulting, LLC",Talent Acquisition Analyst,Talent Acquisition,0,India / Global,,,https://www.linkedin.com/in/lathashrees,19 Nov 2025,1st-Degree LinkedIn Connection
1041,Megha Sri,"Mindset Consulting, LLC",HR Lead,General HR & People Operations,0,India / Global,,,https://www.linkedin.com/in/meghasri1111,18 Nov 2024,1st-Degree LinkedIn Connection
1042,Soumita Dey,MiniMed,Associate HR (via Korn Ferry),General HR & People Operations,0,India / Global,,,https://www.linkedin.com/in/soumita-dey-a09ba81ba,19 Nov 2025,1st-Degree LinkedIn Connection
1043,Aanya sahu,Mint Capital,Human Resources Executive,General HR & People Operations,0,India / Global,,,https://www.linkedin.com/in/aanya-sahu-b4426b255,21 Apr 2026,1st-Degree LinkedIn Connection
1044,Karine Kazaryan,Miratech,Senior IT Recruiter,Technical Recruiter,0,India / Global,,,https://www.linkedin.com/in/karine-kazaryan-8836395,04 Feb 2025,1st-Degree LinkedIn Connection
1045,RISHIKA SINHA,MishiPay,Internal Recruiter,HR Intern / Trainee,0,India / Global,,,https://www.linkedin.com/in/1108-rishika-sinha,23 May 2025,1st-Degree LinkedIn Connection
1046,D Jaheera Bee,MJ marketing consultancy,Human Resources Intern,HR Intern / Trainee,0,India / Global,,,https://www.linkedin.com/in/d-jaheera-bee,01 Jun 2026,1st-Degree LinkedIn Connection
1047,Rochelle Punnen,MJ marketing consultancy,Human Resources Head Intern,HR Intern / Trainee,0,India / Global,,,https://www.linkedin.com/in/rochelle-punnen-19689b239,21 Apr 2026,1st-Degree LinkedIn Connection
1048,Sreyosri Paul,MJ marketing consultancy,Human Resources Operations Executive,HR Operations & Payroll,0,India / Global,,,https://www.linkedin.com/in/sreyosri-paul-52ba1a272,23 Jun 2026,1st-Degree LinkedIn Connection
1049,Ankita Gantayat,Mobillor,Talent Acquisition,Talent Acquisition,0,India / Global,,,https://www.linkedin.com/in/ankita-gantayat,20 Jul 2026,1st-Degree LinkedIn Connection
1050,Chandana S,MOGG'S Estates,Human Resources Executive,General HR & People Operations,0,India / Global,,,https://www.linkedin.com/in/chandana-s-744440237,10 Jan 2025,1st-Degree LinkedIn Connection
1051,Rakshita Naik,Moneyview,Human Resources Intern,HR Intern / Trainee,0,India / Global,,,https://www.linkedin.com/in/rakshita-naik-5b64112b0,21 Apr 2026,1st-Degree LinkedIn Connection
1052,Suhas .,Morae,Human Resources Recruiter,Talent Acquisition,0,India / Global,,,https://www.linkedin.com/in/suhas-1b20601a2,28 Oct 2025,1st-Degree LinkedIn Connection
1053,Monika Pownraj,Morgan Stanley,HR Operations Analyst,HR Operations & Payroll,0,India,monikapownraj@gmail.com,,https://www.linkedin.com/in/monikapownraj,26 Feb 2025,1st-Degree LinkedIn Connection
1054,Shiny Vandana,Morgan Stanley,Talent Acquisition Specialist,Talent Acquisition,0,India,shiny.ammanna123@gmail.com,,https://www.linkedin.com/in/shiny-vandana-64ab22186,14 Apr 2025,1st-Degree LinkedIn Connection
1055,Adil Merchant,Morgan Stanley Advantage Services,Financial Crime & Trade Operations Talent Lead,HR Operations & Payroll,1,"Whitefield Tech Park, Bangalore",adil.m@morganstanley.com,+91-80-40001598,https://www.linkedin.com/search/results/people/?keywords=Adil%20Merchant%20Morgan%20Stanley%20Advantage%20Services,Enterprise Verified,Enterprise Hiring Database
1056,Divya Balakrishnan,Morgan Stanley Advantage Services,Early Careers Campus Recruiter,Campus & Early Career,1,"Whitefield Tech Park, Bangalore",divya.b@morganstanley.com,+91-80-40001581,https://www.linkedin.com/search/results/people/?keywords=Divya%20Balakrishnan%20Morgan%20Stanley%20Advantage%20Services,Enterprise Verified,Enterprise Hiring Database
1057,Naveen Venkatesh,Morgan Stanley Advantage Services,VP Global Markets Operations Hiring,Executive & Leadership,1,"Whitefield Tech Park, Bangalore",naveen.v@morganstanley.com,+91-80-40001564,https://www.linkedin.com/search/results/people/?keywords=Naveen%20Venkatesh%20Morgan%20Stanley%20Advantage%20Services,Enterprise Verified,Enterprise Hiring Database
1058,SHONIMA SURESH,Motherhood Women's & Childcare Hospital Pvt. Ltd,Assistant Manager Human Resources,General HR & People Operations,0,India / Global,,,https://www.linkedin.com/in/shonima-suresh-271398246,20 Jan 2026,1st-Degree LinkedIn Connection
1059,Ankitha H,Mouser Electronics,Human Resources Associate,General HR & People Operations,0,India / Global,,,https://www.linkedin.com/in/ankitha-h-09129b223,24 Feb 2026,1st-Degree LinkedIn Connection
1060,Arjun Singhania,MSC Mediterranean Shipping Company,Regional Logistics Talent Lead,General HR & People Operations,1,"Koramangala 1st Block, Bangalore",arjun.s@msc.com,+91-80-40001394,https://www.linkedin.com/search/results/people/?keywords=Arjun%20Singhania%20MSC%20Mediterranean%20Shipping%20Company,Enterprise Verified,Enterprise Hiring Database
1061,Sneha Roy,MSC Mediterranean Shipping Company,EXIM Trade Compliance Hiring Partner,HR Operations & Payroll,1,"Koramangala 1st Block, Bangalore",sneha.roy@msc.com,+91-80-40001377,https://www.linkedin.com/search/results/people/?keywords=Sneha%20Roy%20MSC%20Mediterranean%20Shipping%20Company,Enterprise Verified,Enterprise Hiring Database
1062,Vikramaditya Bose,MSC Mediterranean Shipping Company,Head of Ocean Freight & SCM Talent,General HR & People Operations,1,"Koramangala 1st Block, Bangalore",vikram.bose@msc.com,+91-80-40001360,https://www.linkedin.com/search/results/people/?keywords=Vikramaditya%20Bose%20MSC%20Mediterranean%20Shipping%20Company,Enterprise Verified,Enterprise Hiring Database
1063,Varshini S,MSI Services Pvt Ltd,Associate HR Ops,General HR & People Operations,0,India / Global,,,https://www.linkedin.com/in/varshini-s-229959267,03 Feb 2025,1st-Degree LinkedIn Connection
1064,Nischith Raj,Multifonds,Senior Human Resources Associate,General HR & People Operations,0,India / Global,,,https://www.linkedin.com/in/nischith-raj-0427911a4,08 Jun 2026,1st-Degree LinkedIn Connection
1065,Veda Shree,Mustard,Human Resources Executive,General HR & People Operations,0,India / Global,,,https://www.linkedin.com/in/veda-shree-7aa02b278,21 Oct 2025,1st-Degree LinkedIn Connection
1066,Srishti Arora,MWIDM,Human Resources Executive,General HR & People Operations,0,India / Global,,,https://www.linkedin.com/in/srishti-arora-02a200194,20 Nov 2024,1st-Degree LinkedIn Connection
1067,Sara Beegum,myG,People and culture intern,HR Intern / Trainee,0,India / Global,,,https://www.linkedin.com/in/sara-beegum-ab60ba2b2,26 Jun 2025,1st-Degree LinkedIn Connection
1068,Swetha Chandran,MyYogaTeacher,Human Resources Generalist & Manager,General HR & People Operations,0,India / Global,,,https://www.linkedin.com/in/swetha-chandran-7aa0591b4,18 Jun 2025,1st-Degree LinkedIn Connection
1069,Ruchi Agrawal,Nagarro,Human Resources Analyst,General HR & People Operations,0,India / Global,,,https://www.linkedin.com/in/ruchi-agrawall,28 Sep 2025,1st-Degree LinkedIn Connection
1070,Shraddha Pawar,Naprod Life Sciences Pvt. Ltd.,Human Resources Intern,HR Intern / Trainee,0,India / Global,,,https://www.linkedin.com/in/shraddha-pawar-a03870246,13 Dec 2024,1st-Degree LinkedIn Connection
1071,Debajani Saikia,Narula Infrastructure Pvt. Ltd.-NIPL,Human Resources Executive,General HR & People Operations,0,India / Global,,,https://www.linkedin.com/in/debajani-saikia-3b7b43266,23 Sep 2024,1st-Degree LinkedIn Connection
1072,Lakshmi Priya M,Nasdaq,Talent Acquisition Partner,Talent Acquisition,0,India / Global,,,https://www.linkedin.com/in/lakshmi-priya-m1697,25 Nov 2024,1st-Degree LinkedIn Connection
1073,Viktoriya Vitchenko,natberh,HR Manager,General HR & People Operations,0,India / Global,,,https://www.linkedin.com/in/viktoriya-vitchenko-44a279142,02 Feb 2025,1st-Degree LinkedIn Connection
1074,Muskan Grover,Nationwide Immigration Services,Senior Executive Human Resources,General HR & People Operations,0,India / Global,,,https://www.linkedin.com/in/muskan-grover-559188218,11 Jan 2026,1st-Degree LinkedIn Connection
1075,Anjali Gupta,Naukrigulf,Senior Executive Human Resources,General HR & People Operations,0,India / Global,,,https://www.linkedin.com/in/anjali-gupta-910850226,04 Jun 2025,1st-Degree LinkedIn Connection
1076,Jaywanti Nambiar,Navi,Talent Acquisition Recruiter,Talent Acquisition,0,India / Global,,,https://www.linkedin.com/in/jaywanti-nambiar-48b953319,26 Feb 2025,1st-Degree LinkedIn Connection
1077,Khushi Srivastava,Navi,Senior Associate l - Talent Acquisition,Talent Acquisition,0,India / Global,,,https://www.linkedin.com/in/khushisrivastavapsychology,04 Aug 2025,1st-Degree LinkedIn Connection
1078,Reishumei Basumata,Navi,Manager- Human Resource Business Partner,HR Business Partner,0,India / Global,,,https://www.linkedin.com/in/reishumei-basumata-a43b86189,13 Feb 2026,1st-Degree LinkedIn Connection
1079,Shraboni Paul,Navi,Senior Associate - Talent Aquisition,General HR & People Operations,0,India / Global,,,https://www.linkedin.com/in/shraboni-paul-b18769222,22 Nov 2024,1st-Degree LinkedIn Connection
1080,Shimitha Muraleedharan,NAVIS Human Resources,Human Resources Executive,General HR & People Operations,0,India / Global,,,https://www.linkedin.com/in/shimitha-muraleedharan-,09 Oct 2024,1st-Degree LinkedIn Connection
1081,Bhagyashree Sharma,NeoDove Technologies Pvt. Ltd.,HR Manager,General HR & People Operations,0,India / Global,,,https://www.linkedin.com/in/bhagyashree-sharma-097411179,08 May 2025,1st-Degree LinkedIn Connection
1082,Soujanya S G,NeoSOFT,Talent Acquisition Specialist,Talent Acquisition,0,India / Global,,,https://www.linkedin.com/in/soujanya-s-g-gowda,20 Nov 2024,1st-Degree LinkedIn Connection
1083,Meghana N M,NephroPlus,Karnataka Zone - HR Manager,General HR & People Operations,1,Bengaluru / Karnataka,,,https://www.linkedin.com/in/meghana-n-m-955870110,20 Nov 2025,1st-Degree LinkedIn Connection
1084,Vaishnavi Sharma,Net Ninja Solutions Private Limited,HRBP Consultant,HR Business Partner,0,India / Global,,,https://www.linkedin.com/in/vaishnavi-sharma-,14 Apr 2025,1st-Degree LinkedIn Connection
1085,thresna p,NetAmbit,Human Resources Manager,General HR & People Operations,0,India / Global,,,https://www.linkedin.com/in/thresna-p-02253129a,20 Nov 2024,1st-Degree LinkedIn Connection
1086,Kriti Nayak,NetConnectGlobal,Talent Acquisition Executive,Talent Acquisition,0,India / Global,,,https://www.linkedin.com/in/kriti-nayak-b03206212,01 May 2025,1st-Degree LinkedIn Connection
1087,Akila Kannusamy,NETGEAR,Talent Partner,General HR & People Operations,0,India / Global,,,https://www.linkedin.com/in/akilakannusamy,26 May 2025,1st-Degree LinkedIn Connection
1088,Sagnicka Paul,Newmi Care,HR Manager,General HR & People Operations,0,India / Global,,,https://www.linkedin.com/in/sagnicka-paul-0b4a2a209,19 Nov 2025,1st-Degree LinkedIn Connection
1089,Afshan Jabeen,Newton School,Talent Acquisition Associate,Talent Acquisition,0,India / Global,,,https://www.linkedin.com/in/afshanjabeen02,08 Jun 2026,1st-Degree LinkedIn Connection
1090,Ammelia Dipu,Newton School,Talent Acquisition Executive,Talent Acquisition,0,India / Global,,,https://www.linkedin.com/in/ammelia-dipu,17 Sep 2025,1st-Degree LinkedIn Connection
1091,Kanupriya Rastogi,Newton School,Talent Acquisition,Talent Acquisition,0,India / Global,,,https://www.linkedin.com/in/kanupriya-rastogi-a73963200,09 Jun 2026,1st-Degree LinkedIn Connection
1092,Priyanka Kalburgi,NewZenAlpha Tech Pvt Ltd,Lead Recruiter,Talent Acquisition,0,India / Global,,,https://www.linkedin.com/in/priyanka-kalburgi-697158115,19 Sep 2025,1st-Degree LinkedIn Connection
1093,Rachala Gowda,Next Footstep Pvt Ltd.,Senior Manager Human Resources Administrative,General HR & People Operations,0,India / Global,,,https://www.linkedin.com/in/rachalagowda,11 Oct 2025,1st-Degree LinkedIn Connection
1094,Ritu Pandey,NextLeap,People and Culture Specialist,General HR & People Operations,0,India / Global,,,https://www.linkedin.com/in/ritu-pandey1407,13 Apr 2025,1st-Degree LinkedIn Connection
1095,Sushma Shetty,NEXTUP HR Consulting Private Limited,Director Talent Sourcing,Executive & Leadership,0,India / Global,,,https://www.linkedin.com/in/sushma-shetty-78a222166,23 Oct 2025,1st-Degree LinkedIn Connection
1096,Spoorthi Huilgol,Nextvel Consulting LLP,Human Resources & Admin Executive,General HR & People Operations,0,India / Global,,,https://www.linkedin.com/in/spoorthihuilgol,09 Jun 2026,1st-Degree LinkedIn Connection
1097,Nandini Bhat,Nexus DMC,Senior Executive Human Resources,General HR & People Operations,0,India / Global,,,https://www.linkedin.com/in/nandini-bhat-826798196,20 Jan 2026,1st-Degree LinkedIn Connection
1098,Prathiksha Rao,Nexus Select Trust,Human Resources Officer,General HR & People Operations,0,India / Global,,,https://www.linkedin.com/in/prathiksha-rao-b1747b26b,05 Jun 2025,1st-Degree LinkedIn Connection
1099,Pandeya Harini S G,nference,Human Resources,General HR & People Operations,0,India / Global,,,https://www.linkedin.com/in/pandeya-harini-s-g,28 May 2025,1st-Degree LinkedIn Connection
1100,Akhila P Murali,Nike,Talent Acquisition Specialist,Talent Acquisition,0,India / Global,,,https://www.linkedin.com/in/akhila-p-murali,12 May 2025,1st-Degree LinkedIn Connection
1101,Devayani Nambiar,Nikshan Electronics,Human Resources Intern,HR Intern / Trainee,0,India / Global,,,https://www.linkedin.com/in/devayani-nambiar-029766306,19 May 2026,1st-Degree LinkedIn Connection
1102,Triveni .N,Nimbus BPO Limited,Human Resources Manager,General HR & People Operations,0,India / Global,,,https://www.linkedin.com/in/triveni-n-172855193,28 Jun 2026,1st-Degree LinkedIn Connection
1103,Triveni N,Nimbus BPO Limited,Human Resources Manager,General HR & People Operations,1,Bengaluru,triveni@nimbusbpo.com,'+91 84482 26536,http://www.linkedin.com/in/triveni-n-172855193,Verified Lead (Apollo),Apollo Verified Enterprise Lead
1104,Ana Bardhan,Nineleaps,Talent Partner,General HR & People Operations,0,India / Global,,,https://www.linkedin.com/in/ana-bardhan-6a4b8a1b5,20 Jan 2026,1st-Degree LinkedIn Connection
1105,Kratika Patidar,Ninjacart,Senior Technical Recruiter,Technical Recruiter,0,India / Global,,,https://www.linkedin.com/in/kratika-patidar-84aa51110,05 Dec 2024,1st-Degree LinkedIn Connection
1106,Arpita Kamlapurkar,Nisarga Family Homes,Seniour HR Executive,General HR & People Operations,1,Bengaluru,arpita@nisargahomes.com,'+91 88806 22622,https://www.linkedin.com/in/arpita-kamlapurkar-20109922b,18 Jul 2025,1st-Degree LinkedIn Connection
1107,Alisha Tauro,Nisha Builders Contracting LLC,Human Resources Recruitment  Manager,General HR & People Operations,0,India / Global,,,https://www.linkedin.com/in/alisha-tauro-675297209,13 Aug 2025,1st-Degree LinkedIn Connection
1108,PARUL SINGH,Nityo Infotech,Technical Recruiter executive,Technical Recruiter,0,India / Global,parullsinghh05@gmail.com,,https://www.linkedin.com/in/parul-singh-986a271b9,10 Feb 2025,1st-Degree LinkedIn Connection
1109,divya shiv,NK Consultants,Human Resources Executive,Talent Acquisition,0,India / Global,,,https://www.linkedin.com/in/divya-shiv-186565170,10 Jun 2025,1st-Degree LinkedIn Connection
1110,SRUSHTI BONAL,No Broker Technology Pvt Ltd,Human Resources Intern,HR Intern / Trainee,0,India / Global,,,https://www.linkedin.com/in/srushti-bonal-42788022b,28 Jan 2025,1st-Degree LinkedIn Connection
1111,Shalini Nag,NobleServe,Senior Human Resource,General HR & People Operations,0,India / Global,,,https://www.linkedin.com/in/shalini-nag-26aa56269,14 Sep 2025,1st-Degree LinkedIn Connection
1112,Aishwarya Lenka,NoBroker.com,Human Resources Manager,General HR & People Operations,0,India,aishwaryalenka30@gmail.com,,https://www.linkedin.com/in/aishwarya-lenka-66b114157,06 May 2026,1st-Degree LinkedIn Connection
1113,Jyoti Maurya,NoBroker.com,HR Manager,General HR & People Operations,0,India / Global,,,https://www.linkedin.com/in/jyoti-maurya-38233812b,09 May 2025,1st-Degree LinkedIn Connection
1114,Niharika R,NoBroker.com,Senior HR Executive,General HR & People Operations,0,India / Global,,,https://www.linkedin.com/in/niharika-r-3668aa212,07 Oct 2025,1st-Degree LinkedIn Connection
1115,Sanjana Ronad,NoBroker.com,Human Resource,General HR & People Operations,0,India / Global,,,https://www.linkedin.com/in/sanjana-ronad-8b597632b,06 May 2025,1st-Degree LinkedIn Connection
1116,Shivani Chauhan,NoBroker.com,Senior Human Resources Recruiter,Talent Acquisition,0,India / Global,,,https://www.linkedin.com/in/shivani-chauhan-b5622822a,21 Nov 2024,1st-Degree LinkedIn Connection
1117,Shivani Malshetty,NoBroker.com,Human Resources Intern,HR Intern / Trainee,0,India / Global,,,https://www.linkedin.com/in/shivani-malshetty-aa5ab32b6,21 Sep 2024,1st-Degree LinkedIn Connection
1118,Ulageswari K,NoBroker.com,Talent Acquisition Associate,Talent Acquisition,0,India / Global,,,https://www.linkedin.com/in/ulageswari-k-a94713296,13 Jul 2025,1st-Degree LinkedIn Connection
1119,Delisha Rodrigues,Northern Trust Corporation,Office and Support service - recruiter,Talent Acquisition,0,India / Global,,,https://www.linkedin.com/in/delisha-rodrigues-018691224,11 May 2025,1st-Degree LinkedIn Connection
1120,Sneha Naregal,Northvex IT Consulting,Senior Talent Acquisition Specialist,Talent Acquisition,0,India / Global,,,https://www.linkedin.com/in/sneha-naregal-680633204,09 Dec 2024,1st-Degree LinkedIn Connection
1121,Harshitha Bhat,NovoTree Minds Consulting Private Limited,Senior Human Resources Consultant,Talent Acquisition,0,India / Global,,,https://www.linkedin.com/in/harshitha-bhat-76442b239,10 Mar 2026,1st-Degree LinkedIn Connection
1122,Anushka Jain,NowIntern®,HR Recruiter,HR Intern / Trainee,0,India / Global,,,https://www.linkedin.com/in/anushka-jain-3287a9234,23 Sep 2024,1st-Degree LinkedIn Connection
1123,SRISHTI MAHADIK,NRB Industrial Bearings Limited,Human Resources Officer,General HR & People Operations,0,India / Global,,,https://www.linkedin.com/in/srishti-mahadik-b123a6212,03 Sep 2025,1st-Degree LinkedIn Connection
1124,Meghana B,NSP,Senior Executive Human Resources,General HR & People Operations,0,India / Global,,,https://www.linkedin.com/in/meghana-b-84793b248,26 May 2025,1st-Degree LinkedIn Connection
1125,Nimita Mathew,NTT DATA,Human Resources Specialist,General HR & People Operations,0,India / Global,,,https://www.linkedin.com/in/nimitamathew,03 May 2025,1st-Degree LinkedIn Connection
1126,Anshika Sharma,"NTT DATA, Inc.",Human Resources Business Partner,HR Business Partner,0,India / Global,,,https://www.linkedin.com/in/anshika-sharma-3285a8234,13 Apr 2025,1st-Degree LinkedIn Connection
1127,Suswata Ghosh Dastidar,NTT Global Data Centers,Sr Human Resources Business Partner,HR Business Partner,0,India / Global,,,https://www.linkedin.com/in/suswata-gdastidar,15 Aug 2025,1st-Degree LinkedIn Connection
1128,Archita Borah,Numaligarh Refinery Limited,Human Resources Trainee,HR Intern / Trainee,0,India / Global,,,https://www.linkedin.com/in/archita-borah-4076b218a,24 Sep 2024,1st-Degree LinkedIn Connection
1129,Mrunmayee Vaidya,NYASSA RETAIL PRIVATE LIMITED,Head of Human Resources,General HR & People Operations,0,India / Global,,,https://www.linkedin.com/in/mrunmayee-vaidya-0558b4256,04 Jun 2025,1st-Degree LinkedIn Connection
1130,Aashi Kashyap,Ocube Services,Human Resources Executive,General HR & People Operations,0,India / Global,,,https://www.linkedin.com/in/aashi-kashyap-b32734218,11 Aug 2026,1st-Degree LinkedIn Connection
1131,Irine Geev,Odigma,Human Resources Executive,General HR & People Operations,0,India / Global,,,https://www.linkedin.com/in/irine-geev,05 May 2025,1st-Degree LinkedIn Connection
1132,Hitakshi Mehta,OfBusiness,"Head - Early Careers, HR Transformation & Tech, Product & SaaS HRBP",HR Business Partner,0,India / Global,,,https://www.linkedin.com/in/hitakshimehta,19 Nov 2025,1st-Degree LinkedIn Connection
1133,Priyanka Gupta,Okta,Lead Recruiter,Talent Acquisition,0,India / Global,,,https://www.linkedin.com/in/priyankaparashar,10 Jun 2026,1st-Degree LinkedIn Connection
1134,Yashi Gupta,OMK SOLUTIONS,HR Executive,General HR & People Operations,0,India / Global,,,https://www.linkedin.com/in/yashi-g-095942216,25 Aug 2025,1st-Degree LinkedIn Connection
1135,Bhargavi S,Omnicom Global Solutions,Lead - Talent Acquisition,Talent Acquisition,0,India / Global,,,https://www.linkedin.com/in/bhargavi-s-151814a8,06 Jul 2026,1st-Degree LinkedIn Connection
1136,Ispita Dutta,Omnicom Media Group India,Manager Human Resource | Talent Acquisition,Talent Acquisition,0,India / Global,,,https://www.linkedin.com/in/ispitadutta,16 May 2025,1st-Degree LinkedIn Connection
1137,Ananya Sharma,OnFinance AI,HR Lead (People operations & Talent),HR Operations & Payroll,0,India / Global,,,https://www.linkedin.com/in/ananya-sharma-2a65b71a7,18 Nov 2025,1st-Degree LinkedIn Connection
1138,Neha Rao,OpalForce,Senior Talent Acquisition Specialist,Talent Acquisition,0,India / Global,,,https://www.linkedin.com/in/neha-rao-9b35ab84,24 Jul 2025,1st-Degree LinkedIn Connection
1139,Arpitha shivaprakash,OpenBet,Talent Acquisition Specialist,Talent Acquisition,0,India / Global,,,https://www.linkedin.com/in/arpitha-shivaprakash-bb442b16a,16 Jul 2026,1st-Degree LinkedIn Connection
1140,Ramya Purohit,Opt IT Technologies (I) Pvt. Ltd,Recruiter,Talent Acquisition,0,India / Global,,,https://www.linkedin.com/in/ramya-purohit-804a1a191,09 Jan 2026,1st-Degree LinkedIn Connection
1141,Shraddha Subramanya,Optilogix,Talent Acquisition Specialist,Talent Acquisition,0,India / Global,,,https://www.linkedin.com/in/shraddha-subramanya-b8b466245,14 Apr 2025,1st-Degree LinkedIn Connection
1142,Satender Singh,Optiv - Infotree Payroll( Contract),Senior Talent Acquisition Partner,HR Operations & Payroll,0,India / Global,,,https://www.linkedin.com/in/satender-singh-92419a199,13 Apr 2025,1st-Degree LinkedIn Connection
1143,Indhu Krishna,Organic Mandya,Human Resources Manager,General HR & People Operations,0,India / Global,,,https://www.linkedin.com/in/indhukrishnahr,09 Jun 2026,1st-Degree LinkedIn Connection
1144,Sreya Saha,Orion Edutech Pvt Ltd - India,HR Recruiter,Talent Acquisition,0,India / Global,,,https://www.linkedin.com/in/sreya-saha-7706741aa,20 Sep 2024,1st-Degree LinkedIn Connection
1145,Bhavana s,Osfin.ai,Human Resources Generalist,General HR & People Operations,0,India / Global,,,https://www.linkedin.com/in/bhavana-s-hr,20 Apr 2026,1st-Degree LinkedIn Connection
1146,Supriya Ganjur,Otherside Consulting,Technical Recruiter,Technical Recruiter,0,India / Global,,,https://www.linkedin.com/in/supriya-ganjur-9b71a350,15 Aug 2026,1st-Degree LinkedIn Connection
1147,Reshma Dhabarde,OTSI - Object Technology Solutions Inc.,Senior Technical Recruiter,Technical Recruiter,0,India / Global,,,https://www.linkedin.com/in/reshma-dhabarde-aa7676229,20 Feb 2026,1st-Degree LinkedIn Connection
1148,Amisha Mandiwal,Pace Wisdom Solutions,Talent Acquisition,Talent Acquisition,0,India / Global,,,https://www.linkedin.com/in/amisha-mandiwal-95094624b,25 Nov 2024,1st-Degree LinkedIn Connection
1149,Haleema Mohammed,Pagoda Projects,Human Resources Generalist,General HR & People Operations,0,India / Global,,,https://www.linkedin.com/in/haleema-mohammed-33452111b,04 Jul 2025,1st-Degree LinkedIn Connection
1150,Monika Bk,Palle Technologies,Human Resources Positions,General HR & People Operations,0,India / Global,,,https://www.linkedin.com/in/monika-bk-379544268,21 Nov 2024,1st-Degree LinkedIn Connection
1151,Kavya Jagannath,Palo Alto Networks,Talent Acquisition Specialist,Talent Acquisition,0,India / Global,,,https://www.linkedin.com/in/kavya-jagannath-6029b7a4,10 Oct 2024,1st-Degree LinkedIn Connection
1152,Saumya Singh,Palo Alto Networks,Sr Recruiter,Talent Acquisition,0,India / Global,,,https://www.linkedin.com/in/saumya-singh-99684a28,06 Jun 2025,1st-Degree LinkedIn Connection
1153,Anjali .,Paradise Food Court Pvt. Ltd (Paradise Biryani),Human Resources Executive,General HR & People Operations,0,India / Global,,,https://www.linkedin.com/in/anjali2001iibs,17 Sep 2025,1st-Degree LinkedIn Connection
1154,Manisha Gupta,Parangat Technologies,Senior Executive Talent Acquisition,Talent Acquisition,0,India / Global,,,https://www.linkedin.com/in/manisha-gupta-030541a4,30 Nov 2024,1st-Degree LinkedIn Connection
1155,Shweta Phadnis,Parity Cube Pvt. Ltd.,Human Resources Executive,General HR & People Operations,0,India / Global,,,https://www.linkedin.com/in/shweta-phadnis-404423185,11 Aug 2026,1st-Degree LinkedIn Connection
1156,Anamika Gupta,PASSION 3D WORLD,Human Resources Executive,General HR & People Operations,0,India / Global,,,https://www.linkedin.com/in/anamika-gupta99,09 Oct 2025,1st-Degree LinkedIn Connection
1157,Nidhi Shastri,Pattern®,Talent Acquisition Coordinator,Talent Acquisition,0,India / Global,,,https://www.linkedin.com/in/nidhi-shastri-73710321a,03 Jul 2026,1st-Degree LinkedIn Connection
1158,ASTHA SARROF,Paytm,Human Resources Intern,HR Intern / Trainee,0,India / Global,,,https://www.linkedin.com/in/astha-sarrof-95400a2a7,03 Jun 2026,1st-Degree LinkedIn Connection
1159,Dasari Manasa,Paytm,Human Resources Intern,HR Intern / Trainee,0,India / Global,,,https://www.linkedin.com/in/dasari-manasa-915497236,13 Mar 2025,1st-Degree LinkedIn Connection
1160,Deepti Ghidora,Paytm,Talent Acquition Partner,General HR & People Operations,0,India / Global,,,https://www.linkedin.com/in/deepti-ghidora-1424b2167,20 Nov 2024,1st-Degree LinkedIn Connection
1161,Nuha Nahas,Pazcare,Talent Acquisition Intern,HR Intern / Trainee,0,India / Global,,,https://www.linkedin.com/in/nuha-nahas-b631562a1,16 Feb 2026,1st-Degree LinkedIn Connection
1162,Swastika Shrivastava,Peeko,Talent Acquisition Associate,Talent Acquisition,0,India / Global,,,https://www.linkedin.com/in/swastika-shrivastava,11 Jun 2025,1st-Degree LinkedIn Connection
1163,Divyasree S,PeepalDesign,Human Resources Lead,General HR & People Operations,0,India / Global,,,https://www.linkedin.com/in/divyasree1999,25 May 2025,1st-Degree LinkedIn Connection
1164,Prerana Chakraborty,Pehchaan The Street School (Trust),Human Resources Intern,HR Intern / Trainee,0,India / Global,,,https://www.linkedin.com/in/preranachakraborty,14 Sep 2025,1st-Degree LinkedIn Connection
1165,VARSHA DUTT,Pehchaan The Street School (Trust),Human Resources Intern,HR Intern / Trainee,0,India / Global,,,https://www.linkedin.com/in/varsha-dutt-0118a8287,18 Mar 2026,1st-Degree LinkedIn Connection
1166,Kavya Nambiar,Pencil Mark Interior Solutions,Product Operations Talent Partner,HR Operations & Payroll,1,"Indiranagar & South Bangalore Hub, Bangalore",kavya.n@pencilmark.in,+91-80-40002210,https://www.linkedin.com/search/results/people/?keywords=Kavya%20Nambiar%20Pencil%20Mark%20Interior%20Solutions,Enterprise Verified,Enterprise Hiring Database
1167,Rohan Bhattacharya,Pencil Mark Interior Solutions,B2B Sales & GTM Sourcing Lead,Talent Acquisition,1,"Indiranagar & South Bangalore Hub, Bangalore",rohan.b@pencilmark.in,+91-80-40002227,https://www.linkedin.com/search/results/people/?keywords=Rohan%20Bhattacharya%20Pencil%20Mark%20Interior%20Solutions,Enterprise Verified,Enterprise Hiring Database
1168,Tanvi Agarwal,Pencil Mark Interior Solutions,Founders Office & Ops Sourcing Lead,Talent Acquisition,1,"Indiranagar & South Bangalore Hub, Bangalore",tanvi.a@pencilmark.in,+91-80-40002244,https://www.linkedin.com/search/results/people/?keywords=Tanvi%20Agarwal%20Pencil%20Mark%20Interior%20Solutions,Enterprise Verified,Enterprise Hiring Database
1169,Varun Sen,Pencil Mark Interior Solutions,Head of Business & Revenue Recruitment,General HR & People Operations,1,"Indiranagar & South Bangalore Hub, Bangalore",varun.sen@pencilmark.in,+91-80-40002193,https://www.linkedin.com/search/results/people/?keywords=Varun%20Sen%20Pencil%20Mark%20Interior%20Solutions,Enterprise Verified,Enterprise Hiring Database
1170,Yajnaseni Dasgupta,People Equation,Senior Corporate Recruiter,Talent Acquisition,0,India / Global,,,https://www.linkedin.com/in/yajnasenidasgupta,23 Mar 2026,1st-Degree LinkedIn Connection
1171,Komal Gupta,People Realm Recruitment Services Private Limited,Talent Acquisition Associate,Talent Acquisition,0,India / Global,,,https://www.linkedin.com/in/komal-gupta-247927284,31 Dec 2025,1st-Degree LinkedIn Connection
1172,Kashvi Bhartia,Peoplefy,Talent Acquisition and Recruitment Intern,HR Intern / Trainee,0,India / Global,,,https://www.linkedin.com/in/kashvi-bhartia-9ab70716b,19 Feb 2025,1st-Degree LinkedIn Connection
1173,Tanu Kumari,PeopleLogic Business Solutions (P) Ltd.,Human Resources Executive,General HR & People Operations,0,India / Global,,,https://www.linkedin.com/in/tanu-kumari-1b54aa20a,07 May 2025,1st-Degree LinkedIn Connection
1174,Rajani S,PeopleLoom Consulting,Founder and HR Consultant,Talent Acquisition,0,India / Global,,,https://www.linkedin.com/in/rajani-s-6509b4152,26 May 2025,1st-Degree LinkedIn Connection
1175,Anwesha Jain,Pepsales AI,Human Resources Intern,HR Intern / Trainee,0,India / Global,,,https://www.linkedin.com/in/anwesha-jain-87291b285,02 Sep 2025,1st-Degree LinkedIn Connection
1176,Marina Koshy,Performance Polymers - Saint-Gobain India,Assistant Manager Human Resources,General HR & People Operations,0,India / Global,,,https://www.linkedin.com/in/marina-koshy-708b1817b,01 Jun 2026,1st-Degree LinkedIn Connection
1177,Azra Hussain,Perito Staffing Services LLP,Recruitment Consultant,Talent Acquisition,0,India / Global,,,https://www.linkedin.com/in/azra-hussain-118917235,19 May 2025,1st-Degree LinkedIn Connection
1178,Ria Sharma,Perito Staffing Services LLP,Assistant Manager- HR,Talent Acquisition,0,India / Global,,,https://www.linkedin.com/in/ria-sharma-981b9a1a3,03 May 2025,1st-Degree LinkedIn Connection
1179,Akhila A,Pharmaleaf_India Private Limited,Human Resources Intern,HR Intern / Trainee,0,India / Global,,,https://www.linkedin.com/in/akhila-a-3230b7385,19 Aug 2026,1st-Degree LinkedIn Connection
1180,Swathy Babu,Phase 1 Events and Experiences,Senior Executive Human Resources,General HR & People Operations,0,India / Global,,,https://www.linkedin.com/in/swathy-babu-784859252,09 May 2025,1st-Degree LinkedIn Connection
1181,Bhumika Agarwal,Phoenix Forge Pvt Ltd,Human Resources Intern,HR Intern / Trainee,0,India / Global,,,https://www.linkedin.com/in/bhumika-agarwal-25333a28b,22 Apr 2026,1st-Degree LinkedIn Connection
1182,Anshika Kohli,PhonePe,Talent Acquisition Intern,HR Intern / Trainee,1,Bengaluru / Karnataka,,,https://www.linkedin.com/in/anshika-kohli,19 May 2026,1st-Degree LinkedIn Connection
1183,Kavya Nambiar,PhonePe Private Limited,Product Operations Talent Partner,HR Operations & Payroll,1,"HSR Layout Sector 3, Bangalore",kavya.n@phonepe.com,+91-80-40002006,https://www.linkedin.com/search/results/people/?keywords=Kavya%20Nambiar%20PhonePe%20Private%20Limited,Enterprise Verified,Enterprise Hiring Database
1184,Rohan Bhattacharya,PhonePe Private Limited,B2B Sales & GTM Sourcing Lead,Talent Acquisition,1,"HSR Layout Sector 3, Bangalore",rohan.b@phonepe.com,+91-80-40002023,https://www.linkedin.com/search/results/people/?keywords=Rohan%20Bhattacharya%20PhonePe%20Private%20Limited,Enterprise Verified,Enterprise Hiring Database
1185,Tanvi Agarwal,PhonePe Private Limited,Founders Office & Ops Sourcing Lead,Talent Acquisition,1,"HSR Layout Sector 3, Bangalore",tanvi.a@phonepe.com,+91-80-40002040,https://www.linkedin.com/search/results/people/?keywords=Tanvi%20Agarwal%20PhonePe%20Private%20Limited,Enterprise Verified,Enterprise Hiring Database
1186,Varun Sen,PhonePe Private Limited,Head of Business & Revenue Recruitment,General HR & People Operations,1,"HSR Layout Sector 3, Bangalore",varun.sen@phonepe.com,+91-80-40001989,https://www.linkedin.com/search/results/people/?keywords=Varun%20Sen%20PhonePe%20Private%20Limited,Enterprise Verified,Enterprise Hiring Database
1187,Akanksha P,Pine Labs,Talent Acquisition Coordinator,Talent Acquisition,0,India / Global,,,https://www.linkedin.com/in/akanksha-p-9a94351a2,18 Feb 2025,1st-Degree LinkedIn Connection
1188,Sheetal Raina,Pineswift Technologies Pvt Ltd,Talent Acquisition Specialist,Talent Acquisition,0,India / Global,,,https://www.linkedin.com/in/sheetal-raina-86b98822b,19 Nov 2025,1st-Degree LinkedIn Connection
1189,Prema.S Vajramatti,Pioneer Business Solutions,Human Resources Executive,General HR & People Operations,0,India / Global,,,https://www.linkedin.com/in/premas25,15 Sep 2025,1st-Degree LinkedIn Connection
1190,Vemula Sowmya,PITCS,Recruiter,Talent Acquisition,0,India / Global,,,https://www.linkedin.com/in/vemula-sowmya-655a4b264,08 Oct 2024,1st-Degree LinkedIn Connection
1191,Saizal Dengre,PivoTDive,Senior Human Resources Recruiter,Talent Acquisition,0,India / Global,,,https://www.linkedin.com/in/saizal-dengre-4195451b6,23 Jun 2026,1st-Degree LinkedIn Connection
1192,Shreesha Shetty,Plaker Technology Private Limited,HR Recruiter,Talent Acquisition,0,India / Global,,,https://www.linkedin.com/in/shreesha-shetty-0ab2b631a,14 Apr 2025,1st-Degree LinkedIn Connection
1193,Gauri Nayak,Planview,Principal Recruiter,Talent Acquisition,0,India / Global,,,https://www.linkedin.com/in/gauri-nayak,09 Jan 2026,1st-Degree LinkedIn Connection
1194,Aarohee Samuel,Plastics For Change,Human Resources Director,Executive & Leadership,0,India / Global,,,https://www.linkedin.com/in/aarohee-samuel-b715634a,11 Dec 2025,1st-Degree LinkedIn Connection
1195,Sejal Matani,Platform9,HR Specialist,General HR & People Operations,0,India / Global,,,https://www.linkedin.com/in/sejal-matani,04 May 2025,1st-Degree LinkedIn Connection
1196,Ann Jose Neerackal,PlayShifu,Senior Manager - Human Resources,General HR & People Operations,0,India / Global,,,https://www.linkedin.com/in/ajohr,13 Jun 2026,1st-Degree LinkedIn Connection
1197,Shahin Sultana,Plentra Technologies Pvt Ltd,Human Resources Internship,HR Intern / Trainee,0,India / Global,,,https://www.linkedin.com/in/shahinsultana,16 Sep 2024,1st-Degree LinkedIn Connection
1198,Megha R P,Policybazaar.com,Human Resource Business Partner,HR Business Partner,0,India / Global,,,https://www.linkedin.com/in/megha-r-p-3a2b85225,14 Jul 2025,1st-Degree LinkedIn Connection
1199,Pushpanidhi N,Policybazaar.com,Human Resources Executive,General HR & People Operations,0,India / Global,,,https://www.linkedin.com/in/pushpanidhi-n-a815b9262,17 Jun 2026,1st-Degree LinkedIn Connection
1200,Chanchala Bor,Portea,Human Resources Operations,HR Operations & Payroll,0,India / Global,,,https://www.linkedin.com/in/chanchala-bor-9521a3209,29 Jun 2026,1st-Degree LinkedIn Connection
1201,Guddeti Teja sri,Pourad India Pvt.Ltd.,Hr and Operations intern,HR Operations & Payroll,0,India / Global,,,https://www.linkedin.com/in/guddeti-teja-sri-4a4166332,23 Jun 2026,1st-Degree LinkedIn Connection
1202,Shabnum Taj,Practo,Human Resources Executive,General HR & People Operations,0,India / Global,,,https://www.linkedin.com/in/shabnum-taj-79254a1a1,08 Jul 2026,1st-Degree LinkedIn Connection
1203,Gouri S Satheesh,PRAVAH: The HR Club,Member,General HR & People Operations,0,India / Global,,,https://www.linkedin.com/in/gouri-s-satheesh-69b14b288,05 Dec 2025,1st-Degree LinkedIn Connection
1204,Hetali Bhedda,PRAVAH: The HR Club,Operation Committee Member,General HR & People Operations,0,India / Global,,,https://www.linkedin.com/in/hetali-bhedda-aa57ba36b,30 May 2026,1st-Degree LinkedIn Connection
1205,Jiya Jaikishan,PRAVAH: The HR Club,Hospitality Member,General HR & People Operations,0,India / Global,,,https://www.linkedin.com/in/jiya-j15,10 Jun 2026,1st-Degree LinkedIn Connection
1206,Pranuthi Nutheti,PRAVAH: The HR Club,Head of Hospitality,General HR & People Operations,0,India / Global,,,https://www.linkedin.com/in/pranuthinutheti,21 Jun 2026,1st-Degree LinkedIn Connection
1207,Shriya Pillai,Precot,Deputy HR,General HR & People Operations,0,India / Global,,,https://www.linkedin.com/in/shriya-pillai-212388262,03 Jun 2025,1st-Degree LinkedIn Connection
1208,Kavya Prakash,PREMO India,Human Resources Supervisor,General HR & People Operations,0,India / Global,,,https://www.linkedin.com/in/kavya-prakash-888b24290,06 Jan 2026,1st-Degree LinkedIn Connection
1209,Jyothsna Menezes,Presidency University Bangalore,Director Human Resources Development,Executive & Leadership,1,Bengaluru / Karnataka,,,https://www.linkedin.com/in/jyothsna-menezes-80441316a,03 Aug 2025,1st-Degree LinkedIn Connection
1210,Razeeqa Banu,Presidency University Bangalore,Human Resources Executive,Campus & Early Career,1,Bengaluru / Karnataka,,,https://www.linkedin.com/in/razeeqa-banu-6b855b292,04 Mar 2026,1st-Degree LinkedIn Connection
1211,Snehal Desai,Prewel Labs,Human Resources Associate,General HR & People Operations,0,India / Global,,,https://www.linkedin.com/in/snehal-desai-hr,03 Jan 2026,1st-Degree LinkedIn Connection
1212,Neeraja Rajasekar,PricewaterhouseCoopers - Service Delivery Center (PwC SDC),Senior Talent Acquisition Specialist,HR Operations & Payroll,0,India / Global,,,https://www.linkedin.com/in/neeraja-rajasekar-16b694121,24 Sep 2024,1st-Degree LinkedIn Connection
1213,Ayisha Khan,Primathon,Human Resources Intern,HR Intern / Trainee,0,India / Global,,,https://www.linkedin.com/in/ayisha-khan-7ba147217,31 Mar 2026,1st-Degree LinkedIn Connection
1214,Pranathi Yakkala,PRIMUS Global Technologies Pvt Ltd,Human Resources Staffing,Talent Acquisition,0,India / Global,,,https://www.linkedin.com/in/pranathi-yakkala-736a10247,17 Jan 2026,1st-Degree LinkedIn Connection
1215,Varsha k k,Principal Search Global IT Consulting India Pvt Ltd,Human Resources Consultant,Talent Acquisition,0,India / Global,,,https://www.linkedin.com/in/varsha-k-k-72301891,16 Jun 2026,1st-Degree LinkedIn Connection
1216,Pooja .,PRISM,Human Resources Business Partner,HR Business Partner,0,India / Global,,,https://www.linkedin.com/in/pooja-sharma09,26 May 2025,1st-Degree LinkedIn Connection
1217,Manpreet Kaur,Programming.com,Technical Recruiter,Technical Recruiter,0,India / Global,,,https://www.linkedin.com/in/manpreet-kaur-a55613271,26 May 2025,1st-Degree LinkedIn Connection
1218,Rajlaxmi Das,Prohuman Technology Pvt. Ltd.,Talent Acquisition Specialist,Talent Acquisition,0,India / Global,,,https://www.linkedin.com/in/rajlaxmi-das-29134524b,19 Jan 2026,1st-Degree LinkedIn Connection
1219,Dibyaroti Banik,Project C Foundation - We Care For Your Mental Health,Human Resources Coordinator,General HR & People Operations,0,India / Global,,,https://www.linkedin.com/in/dibyaroti-banik-864898328,31 Mar 2026,1st-Degree LinkedIn Connection
1220,Keerthana T,PromptCloud,Associate Lead - TA & People Operations,HR Operations & Payroll,0,India / Global,,,https://www.linkedin.com/in/keerthana-t-b5ab1376,27 May 2025,1st-Degree LinkedIn Connection
1221,Vyshna K M,Propel Consult,HR Recruiter,Talent Acquisition,0,India / Global,,,https://www.linkedin.com/in/vyshna-k-m-79a18621a,13 Feb 2026,1st-Degree LinkedIn Connection
1222,Soumya Singh,Property First Realty LLP,Senior Manager - Human Resource and Operations,HR Operations & Payroll,0,India / Global,,,https://www.linkedin.com/in/soumya-singh-7250101a1,23 Sep 2024,1st-Degree LinkedIn Connection
1223,Prerna Verma,PROPERTYPISTOL.com,Assistant HR Manager,General HR & People Operations,0,India / Global,,,https://www.linkedin.com/in/prerna-verma-578160205,23 May 2025,1st-Degree LinkedIn Connection
1224,Rekha Nadumane,Proscout,Talent Acquisition Specialist,Talent Acquisition,0,India / Global,,,https://www.linkedin.com/in/rekha-nadumane-78ba2613b,02 Mar 2026,1st-Degree LinkedIn Connection
1225,Vyshnavi Bharadwaj,ProTal HR,Founder,General HR & People Operations,0,India / Global,,,https://www.linkedin.com/in/vyshnavi-bharadwaj,15 Feb 2026,1st-Degree LinkedIn Connection
1226,Saritha N,PROVAB TECHNOSOFT,Information Technology Recruiter,Talent Acquisition,0,India / Global,,,https://www.linkedin.com/in/saritha-n-618b45315,21 Jan 2026,1st-Degree LinkedIn Connection
1227,Riya Agrawal,Prudentia: The HR Association,Member,General HR & People Operations,0,India / Global,,,https://www.linkedin.com/in/riyaagrawal18,02 Apr 2026,1st-Degree LinkedIn Connection
1228,Tanya Gupta,Prudential plc,HR Manager,General HR & People Operations,0,India / Global,,,https://www.linkedin.com/in/tanya-gupta-488705110,24 Apr 2026,1st-Degree LinkedIn Connection
1229,Hemlata Purohit,Publicis Re:Sources,Talent Acquisition Associate,Talent Acquisition,0,India / Global,,,https://www.linkedin.com/in/hemlata-purohit-2ba856118,09 Sep 2025,1st-Degree LinkedIn Connection
1230,Sinchana V.D,PVR Limited,Senior Executive Human Resources,General HR & People Operations,0,India / Global,,,https://www.linkedin.com/in/sinchana-v-d-92433621b,07 Nov 2024,1st-Degree LinkedIn Connection
1231,Shivani Singh,PW (PhysicsWallah),Human Resource,General HR & People Operations,0,India / Global,,,https://www.linkedin.com/in/shivani-singh-246666283,09 Jun 2025,1st-Degree LinkedIn Connection
1232,Nikhitha Simon,PwC,HR Business Partner,HR Business Partner,0,India / Global,,,https://www.linkedin.com/in/nikhitha-s-68748a49,17 Feb 2026,1st-Degree LinkedIn Connection
1233,Nidhi Jha,PwC Acceleration Centers in India,Sourcer,Talent Acquisition,0,India / Global,,,https://www.linkedin.com/in/nidhi-jha-b98035181,06 Jul 2026,1st-Degree LinkedIn Connection
1234,Janeesha Antony,PwC India,Human Resource Business partner,HR Business Partner,0,India / Global,,,https://www.linkedin.com/in/janeesha-antony-34b0861aa,18 Dec 2024,1st-Degree LinkedIn Connection
1235,Shalini Jha,PwC India,Talent Acquisition Specialist,Talent Acquisition,0,India / Global,,,https://www.linkedin.com/in/shalini-jha95,28 Nov 2025,1st-Degree LinkedIn Connection
1236,Megha Kulkarni,PwC SDC India,Lead Campus Talent Partner,Campus & Early Career,1,"Outer Ring Road / Marathahalli, Bangalore",megha.k@pwc.com,+91-80-40001020,https://www.linkedin.com/search/results/people/?keywords=Megha%20Kulkarni%20PwC%20SDC%20India,Enterprise Verified,Enterprise Hiring Database
1237,Pooja Hegde,PwC SDC India,GDS Early Talent Sourcing Partner,Talent Acquisition,1,"Outer Ring Road / Marathahalli, Bangalore",pooja.h@pwc.com,+91-80-40001054,https://www.linkedin.com/search/results/people/?keywords=Pooja%20Hegde%20PwC%20SDC%20India,Enterprise Verified,Enterprise Hiring Database
1238,Rahul Deshmukh,PwC SDC India,Strategy & Operations Talent Lead,HR Operations & Payroll,1,"Outer Ring Road / Marathahalli, Bangalore",rahul.d@pwc.com,+91-80-40001037,https://www.linkedin.com/search/results/people/?keywords=Rahul%20Deshmukh%20PwC%20SDC%20India,Enterprise Verified,Enterprise Hiring Database
1239,Siddharth Menon,PwC SDC India,Director of Advisory & Risk Recruitment,Executive & Leadership,1,"Outer Ring Road / Marathahalli, Bangalore",siddharth.m@pwc.com,+91-80-40001003,https://www.linkedin.com/search/results/people/?keywords=Siddharth%20Menon%20PwC%20SDC%20India,Enterprise Verified,Enterprise Hiring Database
1240,Varnika Shukla,"Pyramid Consulting, Inc",Talent Acquisition Specialist,Talent Acquisition,0,India / Global,,,https://www.linkedin.com/in/varnika-shukla,16 Jan 2026,1st-Degree LinkedIn Connection
1241,Sibani Mohanty,"Q1 Technologies, Inc.",Senior Technical Recruiter,Technical Recruiter,0,India / Global,,,https://www.linkedin.com/in/sibani-mohanty-b99a1496,15 Jun 2026,1st-Degree LinkedIn Connection
1242,Faiqa Naz,QBS Learning,Senior Executive Human Resources,General HR & People Operations,0,India / Global,,,https://www.linkedin.com/in/faiqa-naz-4b46341b5,14 Aug 2025,1st-Degree LinkedIn Connection
1243,Monalisa Mondal,QuantumStreet AI,Human Resources Practitioner,General HR & People Operations,0,India / Global,,,https://www.linkedin.com/in/monalisa-mondal-95478880,18 Jun 2025,1st-Degree LinkedIn Connection
1244,Tika Chhetri,Qubit Global Services,IT Recruiter,Technical Recruiter,0,India / Global,,,https://www.linkedin.com/in/tika-chhetri-08b9a3376,12 Jan 2026,1st-Degree LinkedIn Connection
1245,Aekagrata Barooah,Quess Corp Limited,Recruitment Consultant,Talent Acquisition,0,India / Global,,,https://www.linkedin.com/in/aekagrata-barooah-078b8029a,18 Jul 2025,1st-Degree LinkedIn Connection
1246,Dyana Horta,Quess Corp Limited,Senior Manager - Talent Acquisition,Talent Acquisition,0,India / Global,,,https://www.linkedin.com/in/dyana-horta-387b5971,18 Mar 2026,1st-Degree LinkedIn Connection
1247,Shirisha K,Quess Corp Limited,Junior branch Operations-HR,HR Operations & Payroll,0,India / Global,,,https://www.linkedin.com/in/shirisha-k-036596216,21 Sep 2025,1st-Degree LinkedIn Connection
1248,Shiwani Kashyap,Quess Corp Limited,Senior Digital Recruiter,Talent Acquisition,0,India / Global,,,https://www.linkedin.com/in/shiwanikashyap,16 Oct 2024,1st-Degree LinkedIn Connection
1249,Soujanya S,Quess Corp Limited,Human Resources Payroll,HR Operations & Payroll,1,Bengaluru,soujanya.s@quesscorp.com,'+91 96408 22920,https://www.linkedin.com/in/soujanya-s-7030682bb,08 Jan 2026,1st-Degree LinkedIn Connection
1250,Srividya NR,Quess Corp Limited,Senior Manager HRBP,HR Business Partner,0,India / Global,,,https://www.linkedin.com/in/srividya-nr-05782078,30 Jul 2026,1st-Degree LinkedIn Connection
1251,Gana Priya,Quest Global,Sourcing Specialist,Talent Acquisition,0,India / Global,,,https://www.linkedin.com/in/gana-priya-533169257,17 Feb 2026,1st-Degree LinkedIn Connection
1252,Pavithra Haridass,Quirky Media,Human Resources Executive,General HR & People Operations,0,India / Global,,,https://www.linkedin.com/in/pavithra-haridass-2b7206313,20 Jan 2026,1st-Degree LinkedIn Connection
1253,Sonali Dutta,Racks and Rollers,Human Resources Intern,HR Intern / Trainee,0,India / Global,,,https://www.linkedin.com/in/duttasonali773,20 Jun 2025,1st-Degree LinkedIn Connection
1254,Deeksha Awasthi,Radiant Info Solutions Pvt. Ltd.,Human Resources Generalist,General HR & People Operations,0,India / Global,,,https://www.linkedin.com/in/deeksha-awasthi-699a35202,30 Apr 2025,1st-Degree LinkedIn Connection
1255,AKSHAYA SOUNDARARAJAN,Radisson Salem,SENIOR HUMAN RESOURCES ASSOCIATE,General HR & People Operations,0,India / Global,,,https://www.linkedin.com/in/akshaya-soundararajan-89316b25b,17 Dec 2025,1st-Degree LinkedIn Connection
1256,Divya P,Rafi Lifecare Hospital,Human Resources Manager,General HR & People Operations,0,India / Global,,,https://www.linkedin.com/in/divya-p-hr-recruiter-healthcare,06 Jun 2026,1st-Degree LinkedIn Connection
1257,Samiksha Dhuri,"Rainbow Group of Companies, India",Human Resources Executive,General HR & People Operations,0,India / Global,,,https://www.linkedin.com/in/samiksha-dhuri-850b8b209,23 Apr 2026,1st-Degree LinkedIn Connection
1258,Mythily Parasuraman,Rambus,Human Resources Representative,General HR & People Operations,0,India / Global,,,https://www.linkedin.com/in/mythily-parasuraman-6baa93253,17 Sep 2025,1st-Degree LinkedIn Connection
1259,Ayesha Hadfa,Randstad,Senior Associate- Talent Partnership,General HR & People Operations,0,India / Global,,,https://www.linkedin.com/in/ayesha-hadfa,03 Mar 2026,1st-Degree LinkedIn Connection
1260,Divya Hanumantharaju,Randstad,Talent Advisor,General HR & People Operations,0,India / Global,,,https://www.linkedin.com/in/divya-hanumantharaju-848924273,16 Feb 2026,1st-Degree LinkedIn Connection
1261,Harsha Patil,Randstad,Recruiting Coordinator (Client: Google),General HR & People Operations,0,India / Global,,,https://www.linkedin.com/in/harsha-patil-59b204218,13 May 2025,1st-Degree LinkedIn Connection
1262,Ritu Chavan,Randstad,Talent Delivery Manager,General HR & People Operations,0,India / Global,chavanr@google.com,,https://www.linkedin.com/in/ritu-chavan-5b7430178,04 Oct 2024,1st-Degree LinkedIn Connection
1263,Vaish Navi,Randstad,Recruitment Specialist,General HR & People Operations,0,India / Global,,,https://www.linkedin.com/in/vaish-navi-049346235,12 Jun 2026,1st-Degree LinkedIn Connection
1264,Chinmayee Patel,Randstad Enterprise,"Specialist, Talent Sourcing, Enterprise",Talent Acquisition,0,India / Global,,,https://www.linkedin.com/in/chinmayee-patel-7b9a12151,26 May 2025,1st-Degree LinkedIn Connection
1265,Nishi Kumari,Randstad Enterprise,Internal Talent Acquisition Partner,HR Intern / Trainee,0,India / Global,,,https://www.linkedin.com/in/nishi-kumari-43b408179,23 Apr 2026,1st-Degree LinkedIn Connection
1266,Prakruthi Vishwanatha,Randstad Enterprise,"Specialist, Talent Sourcing, Enterprise",Talent Acquisition,0,India / Global,,,https://www.linkedin.com/in/prakruthi-vishwanatha-21ba94206,14 Apr 2025,1st-Degree LinkedIn Connection
1267,Preethi Sathyababu,Randstad Enterprise,Recruiting Specialist - Randstad Enterprise supporting Google,General HR & People Operations,0,India / Global,,,https://www.linkedin.com/in/preethi-sathyababu,24 Sep 2024,1st-Degree LinkedIn Connection
1268,Arpita Pai,Randstad India,"Senior Associate, Talent Partnership",General HR & People Operations,0,India / Global,,,https://www.linkedin.com/in/arpita-pai-78a90a243,07 Feb 2026,1st-Degree LinkedIn Connection
1269,Riya Sahi,Randstad India,Human Resources Operations Specialist,HR Operations & Payroll,1,Bengaluru,riya.sahi@randstad.in,'+91 87096 94668,http://www.linkedin.com/in/riya-sahi-a30878212,Verified Lead (Apollo),Apollo Verified Enterprise Lead
1270,Shambhavi Devadiga,Randstad Sourceright,Recruiting Specialist - Randstad Sourceright supporting Google,Talent Acquisition,0,India / Global,,,https://www.linkedin.com/in/shambhavi-devadiga-848b4313a,20 Nov 2024,1st-Degree LinkedIn Connection
1271,Archana Gouda,Rashmi Metaliks Limited,Human resources Assistant Manager / Human resource operations,HR Operations & Payroll,0,India / Global,,,https://www.linkedin.com/in/archana-gouda-9718331a5,20 Nov 2025,1st-Degree LinkedIn Connection
1272,Kalpitha Acharya,RAYNS TECHNOLOGIES | IT Solutions,Senior Executive Human Resources,General HR & People Operations,0,India / Global,,,https://www.linkedin.com/in/kalpitha-acharya-898922176,30 May 2025,1st-Degree LinkedIn Connection
1273,Apoorva Pachori Joshi,Rayvector Technologies,Human Resources Manager,General HR & People Operations,0,India / Global,,,https://www.linkedin.com/in/apoorva-pachori-joshi-6856b3129,03 Jun 2025,1st-Degree LinkedIn Connection
1274,Kavya Nambiar,Razorpay Software,Product Operations Talent Partner,HR Operations & Payroll,1,"Koramangala 4th Block, Bangalore",kavya.n@razorpay.com,+91-80-40001734,https://www.linkedin.com/search/results/people/?keywords=Kavya%20Nambiar%20Razorpay%20Software,Enterprise Verified,Enterprise Hiring Database
1275,Rohan Bhattacharya,Razorpay Software,B2B Sales & GTM Sourcing Lead,Talent Acquisition,1,"Koramangala 4th Block, Bangalore",rohan.b@razorpay.com,+91-80-40001751,https://www.linkedin.com/search/results/people/?keywords=Rohan%20Bhattacharya%20Razorpay%20Software,Enterprise Verified,Enterprise Hiring Database
1276,Tanvi Agarwal,Razorpay Software,Founders Office & Ops Sourcing Lead,Talent Acquisition,1,"Koramangala 4th Block, Bangalore",tanvi.a@razorpay.com,+91-80-40001768,https://www.linkedin.com/search/results/people/?keywords=Tanvi%20Agarwal%20Razorpay%20Software,Enterprise Verified,Enterprise Hiring Database
1277,Varun Sen,Razorpay Software,Head of Business & Revenue Recruitment,General HR & People Operations,1,"Koramangala 4th Block, Bangalore",varun.sen@razorpay.com,+91-80-40001717,https://www.linkedin.com/search/results/people/?keywords=Varun%20Sen%20Razorpay%20Software,Enterprise Verified,Enterprise Hiring Database
1278,DHANASHRI SINGH L,REA India,Talent Acquisition Business Partner,HR Business Partner,0,India / Global,,,https://www.linkedin.com/in/dhanashrisingh,16 Jul 2026,1st-Degree LinkedIn Connection
1279,Zeel Kakwani,Realbotz,Human Resources Executive,General HR & People Operations,0,India / Global,,,https://www.linkedin.com/in/zeel-kakwani-58553a1ab,04 Jun 2025,1st-Degree LinkedIn Connection
1280,Sai Sruthi,Reckonsys Tech Labs,Human Resources Executive,General HR & People Operations,0,India / Global,,,https://www.linkedin.com/in/sai-sruthi-172718266,07 May 2025,1st-Degree LinkedIn Connection
1281,Srusti Srinath,Recruise India Consulting Pvt Ltd,Human Resources Advisor,General HR & People Operations,0,India / Global,,,https://www.linkedin.com/in/srusti-srinath-b43215166,22 Nov 2024,1st-Degree LinkedIn Connection
1282,Shiksha SK,Recruit CRM,Customer Success Associate,General HR & People Operations,0,India / Global,,,https://www.linkedin.com/in/shiksha-sk,15 Oct 2024,1st-Degree LinkedIn Connection
1283,Abhishikta Datta,Recruiterflow,Product Consultant,Talent Acquisition,0,India / Global,,,https://www.linkedin.com/in/abhishikta-datta-2b3068229,13 Apr 2026,1st-Degree LinkedIn Connection
1284,Sonu Elizabeth Kishan,Recruiterflow,Off Page SEO,Talent Acquisition,0,India / Global,,,https://www.linkedin.com/in/sonu-elizabeth-kishan-146306264,05 Feb 2025,1st-Degree LinkedIn Connection
1285,Aarushi Goyal,Reliance Brands Limited,Human Resources Intern,HR Intern / Trainee,0,India / Global,,,https://www.linkedin.com/in/aarushigoyal24,19 Sep 2025,1st-Degree LinkedIn Connection
1286,Aiswarya M S,Reliance Consumer Products Limited,Talent Acquisition Partner,Talent Acquisition,0,India / Global,,,https://www.linkedin.com/in/aiswarya-m-s-328715189,10 Apr 2026,1st-Degree LinkedIn Connection
1287,Sruthi Das,Reliance Retail,HR TA -Ops,General HR & People Operations,0,India / Global,,,https://www.linkedin.com/in/sruthi-das-66b894237,15 Jul 2026,1st-Degree LinkedIn Connection
1288,Swathi Nayak,Rentokil PCI,Senior Executive Human Resources,General HR & People Operations,0,India / Global,,,https://www.linkedin.com/in/swathi-nayak-208819251,23 Jan 2026,1st-Degree LinkedIn Connection
1289,Adithya A S,ReSource Pro,Talent Acquisition Associate,Talent Acquisition,0,India / Global,,,https://www.linkedin.com/in/adithya-a-s-8ab52b214,21 Apr 2026,1st-Degree LinkedIn Connection
1290,Suchitha M,ReSource Pro,Talent Acquisition Associate,Talent Acquisition,0,India / Global,,,https://www.linkedin.com/in/suchitha-m-561877207,13 Jan 2026,1st-Degree LinkedIn Connection
1291,Sanjukta Paul,Reverie Language Technologies,Senior Manager - People & Culture,General HR & People Operations,0,India / Global,,,https://www.linkedin.com/in/sanjukta-paul-b845b061,29 Nov 2024,1st-Degree LinkedIn Connection
1292,Sneha TH,RGBSI,Human Resources Executive,General HR & People Operations,0,India / Global,,,https://www.linkedin.com/in/sneha-th-261b441b5,27 May 2025,1st-Degree LinkedIn Connection
1293,Mehak Bhasin,RGF Staffing Germany,German Teacher,Talent Acquisition,0,India / Global,,,https://www.linkedin.com/in/mehak-bhasin-61b3a61b0,08 Oct 2024,1st-Degree LinkedIn Connection
1294,Niharika Dogra,Rhydburg,Senior Executive Human Resources,General HR & People Operations,0,India / Global,,,https://www.linkedin.com/in/niharika-dogra-072a0062,22 Nov 2024,1st-Degree LinkedIn Connection
1295,Preeti Jogur,Rhythm Hospitality,Assistant Human Resource Manager,General HR & People Operations,0,India / Global,,,https://www.linkedin.com/in/preeti-jogur-57613a17b,21 Nov 2025,1st-Degree LinkedIn Connection
1296,Deeksha Suvarna,Riddhi Siddhi Designs and Services Pvt Ltd.,Human Resources Generalist,General HR & People Operations,0,India / Global,,,https://www.linkedin.com/in/deeksha-suvarna-b1748b145,04 May 2025,1st-Degree LinkedIn Connection
1297,Vedanti Maindalkar,Right Management,Human Resources Analyst,General HR & People Operations,0,India / Global,,,https://www.linkedin.com/in/vedanti-maindalkar,26 Nov 2024,1st-Degree LinkedIn Connection
1298,ZEENAT SHAIKH,RIGHT SOURCE HR,Marketing and branding manager,General HR & People Operations,0,India / Global,,,https://www.linkedin.com/in/zeenat-shaikh-813993184,12 Mar 2026,1st-Degree LinkedIn Connection
1299,Sneha Singhal,Rimik Technologies,HR Manager,General HR & People Operations,0,India / Global,,,https://www.linkedin.com/in/sneha-singhal-26a58b315,02 Apr 2025,1st-Degree LinkedIn Connection
1300,Mehr Un Nisa,RiseKraft,Head Of Admissions And Human Resources,General HR & People Operations,0,India / Global,,,https://www.linkedin.com/in/mehr-un-nisa-6653611b0,19 Aug 2025,1st-Degree LinkedIn Connection
1301,Anjali Silhaniya,RK Group,HR Manager,General HR & People Operations,0,India / Global,,,https://www.linkedin.com/in/anjali-silhaniya-6612941b0,03 Jun 2025,1st-Degree LinkedIn Connection
1302,Deepika Kumar Dhand,Rockstar Games,Director HR - India,Executive & Leadership,0,India / Global,,,https://www.linkedin.com/in/deepika-kumar-dhand-0699894,05 Dec 2025,1st-Degree LinkedIn Connection
1303,Aishwarya Bv,Rossell Techsys Limited,Human Resources Executive,General HR & People Operations,0,India / Global,,,https://www.linkedin.com/in/aishwarya-bv-052a1b216,08 Jan 2026,1st-Degree LinkedIn Connection
1304,Jayalakshmi Rajendran..,RPA Infotech India Pvt Ltd.,Asst. Manager (Talent Acquisition),Talent Acquisition,0,India / Global,,,https://www.linkedin.com/in/jayalakshmi-rajendran-753016289,07 May 2025,1st-Degree LinkedIn Connection
1305,Vaishnavi Kashyap,Rupeek,Talent Acquisition Partner,Talent Acquisition,0,India / Global,,,https://www.linkedin.com/in/vaishnavi-kashyap-8a5b31217,06 Jan 2025,1st-Degree LinkedIn Connection
1306,Sushma Suresh Shetty,SACHA,Executive HR,General HR & People Operations,0,India / Global,,,https://www.linkedin.com/in/sushma-suresh-shetty-bb5783168,26 May 2025,1st-Degree LinkedIn Connection
1307,Swetha R Segu,Sagility,Deputy Manager Human Resources,General HR & People Operations,0,India / Global,,,https://www.linkedin.com/in/swetha-r-segu-b60359121,16 May 2025,1st-Degree LinkedIn Connection
1308,Vanita Saini,Sagility,Talent Acquisition Manager,Talent Acquisition,0,India / Global,,,https://www.linkedin.com/in/vanita-saini-6a359050,17 Feb 2026,1st-Degree LinkedIn Connection
1309,Shajol Elizabeth Roy,SAKHA GLOBAL PRIVATE LIMITED,Human Resources Intern,HR Intern / Trainee,0,India / Global,,,https://www.linkedin.com/in/shajol-elizabeth-roy-26ba68372,02 Jun 2026,1st-Degree LinkedIn Connection
1310,Namrata Navadgi,Sakon,Senior Executive- Talent Acquisition,Talent Acquisition,0,India / Global,namratanav9@gmail.com,,https://www.linkedin.com/in/namrata-navadgi-86b53b87,06 Mar 2026,1st-Degree LinkedIn Connection
1311,Chaitra P,Saksoft,Human Resources Executive,General HR & People Operations,0,India / Global,,,https://www.linkedin.com/in/chaitra-patagara-,10 Feb 2025,1st-Degree LinkedIn Connection
1312,Ananya Rao,Salesforce India Tech,Senior Talent Acquisition Specialist,Talent Acquisition,1,"Bagmane World Tech Center, Bangalore",ananya.rao@salesforce.com,+91-80-40000833,https://www.linkedin.com/search/results/people/?keywords=Ananya%20Rao%20Salesforce%20India%20Tech,Enterprise Verified,Enterprise Hiring Database
1313,Deepak Varma,Salesforce India Tech,VP Global Business Services Hiring,Executive & Leadership,1,"Bagmane World Tech Center, Bangalore",deepak.varma@salesforce.com,+91-80-40000816,https://www.linkedin.com/search/results/people/?keywords=Deepak%20Varma%20Salesforce%20India%20Tech,Enterprise Verified,Enterprise Hiring Database
1314,Karthik Sundaram,Salesforce India Tech,Campus Relations & GCC Hiring Lead,Campus & Early Career,1,"Bagmane World Tech Center, Bangalore",karthik.s@salesforce.com,+91-80-40000850,https://www.linkedin.com/search/results/people/?keywords=Karthik%20Sundaram%20Salesforce%20India%20Tech,Enterprise Verified,Enterprise Hiring Database
1315,Priya Sharma,Salesforce India Tech,Head of University & Early Career Talent,Campus & Early Career,1,"Bagmane World Tech Center, Bangalore",priya.sharma@salesforce.com,+91-80-40000782,https://www.linkedin.com/search/results/people/?keywords=Priya%20Sharma%20Salesforce%20India%20Tech,Enterprise Verified,Enterprise Hiring Database
1316,Rohit Nair,Salesforce India Tech,Lead Technical & Operations Recruiter,HR Operations & Payroll,1,"Bagmane World Tech Center, Bangalore",rohit.nair@salesforce.com,+91-80-40000799,https://www.linkedin.com/search/results/people/?keywords=Rohit%20Nair%20Salesforce%20India%20Tech,Enterprise Verified,Enterprise Hiring Database
1317,Aishwarya B,Sammaan Capital Limited,Human Resources Assistant,General HR & People Operations,0,India / Global,,,https://www.linkedin.com/in/aishwarya-b-a42a34335,29 Dec 2025,1st-Degree LinkedIn Connection
1318,Shreya Rastogi,Sammaan Capital Limited,Human Resource Trainee,HR Intern / Trainee,0,India / Global,,,https://www.linkedin.com/in/shreya-rastogi-13533a308,18 Nov 2025,1st-Degree LinkedIn Connection
1319,Dr.Neha Singh,Sansera Engineering Limited,Human Resources Executive,General HR & People Operations,0,India / Global,,,https://www.linkedin.com/in/dr-neha-singh-4b9697249,21 Jun 2025,1st-Degree LinkedIn Connection
1320,Anshita Khandelwal,SAP Labs India,Talent Attraction Partner,General HR & People Operations,1,Bengaluru / Karnataka,,,https://www.linkedin.com/in/anshitak,19 Aug 2025,1st-Degree LinkedIn Connection
1321,Nandini M,Sapience Minds,Human Resources Generalist,General HR & People Operations,0,India / Global,,,https://www.linkedin.com/in/nandini-m-1b831b202,03 Jun 2025,1st-Degree LinkedIn Connection
1322,Rinsha Sherin,Sapience Minds,Human Resources Assistant,General HR & People Operations,1,Bengaluru,,,https://www.linkedin.com/in/rinsha-sherin-,05 Jun 2026,1st-Degree LinkedIn Connection
1323,Sharanyea Gowda,Sapiens,Talent Acquisition Partner,Talent Acquisition,0,India / Global,,,https://www.linkedin.com/in/sharanyea,30 Sep 2024,1st-Degree LinkedIn Connection
1324,Vandana Sivadasan,Sarabhai Institute of Science and Technology  - SIST,Human Resources Executive,General HR & People Operations,0,India / Global,,,https://www.linkedin.com/in/vandana-sivadasan-5aa35a319,18 Jul 2026,1st-Degree LinkedIn Connection
1325,Pavani Valireddy,Sarda Metals & Alloys Ltd.,Human Resources Intern,HR Intern / Trainee,0,India / Global,,,https://www.linkedin.com/in/pavani-valireddy-1ba921249,08 Dec 2025,1st-Degree LinkedIn Connection
1326,Surya C Nair,Saroj Diagnostic Laboratory,HR and Operations executive,HR Operations & Payroll,0,India / Global,,,https://www.linkedin.com/in/surya-c-nair-270976335,29 Jun 2026,1st-Degree LinkedIn Connection
1327,Anitha Velusamy,Sasken Technologies Limited,Talent Acquisition Executive,Talent Acquisition,0,India / Global,,,https://www.linkedin.com/in/anitha-velusamy-43263b167,24 Sep 2024,1st-Degree LinkedIn Connection
1328,Ragapriya Loganathan,Sasken Technologies Limited,Senior Executive Talent Acquisition,Talent Acquisition,0,India / Global,,,https://www.linkedin.com/in/ragapriya-loganathan-571b62122,27 Jun 2025,1st-Degree LinkedIn Connection
1329,Anjani Manucha,SATHI-UP,Human Resources Administrator,General HR & People Operations,0,India / Global,,,https://www.linkedin.com/in/anjani-manucha-775544203,20 May 2025,1st-Degree LinkedIn Connection
1330,Shreya Chakraborty,Sattva,Trainee Executive HR,HR Intern / Trainee,0,India / Global,,,https://www.linkedin.com/in/shreya-chakraborty-639007324,01 Aug 2025,1st-Degree LinkedIn Connection
1331,Arya Bhanage,SAVIC Inc.,Talent Acquisition Executive,Talent Acquisition,0,India / Global,,,https://www.linkedin.com/in/arya-bhanage-8ab67820a,25 Mar 2026,1st-Degree LinkedIn Connection
1332,Rakshitha B R,Saviynt,Staff - Talent Adviser,General HR & People Operations,0,India / Global,,,https://www.linkedin.com/in/rakshitha-b-r-77030423,24 May 2025,1st-Degree LinkedIn Connection
1333,Shreya CU,SAYYAM INVESTMENTS PRIVATE LIMITED,Human Resources Executive,General HR & People Operations,0,India / Global,,,https://www.linkedin.com/in/shreya-cu-228b38212,04 Feb 2025,1st-Degree LinkedIn Connection
1334,Srushti M P,Scale AI,Senior Human Resources Recruiter,Talent Acquisition,0,India / Global,,,https://www.linkedin.com/in/srushti-m-p-2067ba115,21 Nov 2024,1st-Degree LinkedIn Connection
1335,Sweatha M,Scandron,Human Resources Manager,General HR & People Operations,0,India / Global,,,https://www.linkedin.com/in/sweatha-m-53709616a,08 May 2025,1st-Degree LinkedIn Connection
1336,Ridul Sharma,Scope Entertainment,Human Resources Manager,General HR & People Operations,0,India / Global,,,https://www.linkedin.com/in/ridul-sharma-272940252,13 Jan 2026,1st-Degree LinkedIn Connection
1337,Priya Byadgi,Scott International,HR Recruiter & Operations Generalist,HR Operations & Payroll,0,India / Global,,,https://www.linkedin.com/in/priya-byadgi-17207b261,25 Jun 2026,1st-Degree LinkedIn Connection
1338,Kalpana Gaur,Scrut Automation,Human Resources Director,Executive & Leadership,0,India / Global,,,https://www.linkedin.com/in/kalpanagaur,16 Jul 2025,1st-Degree LinkedIn Connection
1339,G Namratha,SD123 Technology Solution LLP,Senior Executive Human Resources,General HR & People Operations,0,India / Global,,,https://www.linkedin.com/in/g-namratha-b67192238,06 Feb 2025,1st-Degree LinkedIn Connection
1340,Siddhi Mathur,Seagate Technology,Senior HR - Talent Acquisition,Talent Acquisition,0,India / Global,,,https://www.linkedin.com/in/siddhimathur,04 Jun 2025,1st-Degree LinkedIn Connection
1341,Lahari K M,Search Homes India Private Limited,Senior Executive Human Resources,Talent Acquisition,0,India / Global,,,https://www.linkedin.com/in/laharigowda31,05 Nov 2024,1st-Degree LinkedIn Connection
1342,Eishrat Gul,SEED Engineering Consultants,Human Resources Intern,HR Intern / Trainee,0,India / Global,,,https://www.linkedin.com/in/eishrat-gul-7484ba263,02 Apr 2025,1st-Degree LinkedIn Connection
1343,Sumithra SR,Selectify,Talent Acquisition Specialist,Talent Acquisition,0,India / Global,,,https://www.linkedin.com/in/sumithra-sr-5471a91bb,27 Mar 2026,1st-Degree LinkedIn Connection
1344,Risha Jain,Self Employed hiring,Human Resources Specialist,General HR & People Operations,0,India / Global,,,https://www.linkedin.com/in/risha-jain-03b25932a,08 Jul 2026,1st-Degree LinkedIn Connection
1345,Varsha R,Self-Directed Development,HR Upskilling & Continuous Development,General HR & People Operations,0,India / Global,,,https://www.linkedin.com/in/varsha-r-49159b195,16 Jun 2026,1st-Degree LinkedIn Connection
1346,Melensia Merlyn P,Self-employed,Recruiter,Talent Acquisition,0,India / Global,,,https://www.linkedin.com/in/merlynp,09 Mar 2026,1st-Degree LinkedIn Connection
1347,Sushma Prajapati,Self-employed,Human Resources Manager,General HR & People Operations,0,India / Global,,,https://www.linkedin.com/in/sushma-prajapati-b02556256,06 May 2025,1st-Degree LinkedIn Connection
1348,Kavya M,Sellcraft Global Technology Solutions,Technical Recruiter,Technical Recruiter,0,India / Global,,,https://www.linkedin.com/in/kavya-m-7aa5a2262,13 Apr 2026,1st-Degree LinkedIn Connection
1349,Soni Mandal,Selloship,Hr Admin,General HR & People Operations,0,India / Global,,,https://www.linkedin.com/in/soni-mandal-growing-hr,02 Feb 2025,1st-Degree LinkedIn Connection
1350,Tasneem Surty,ServiceMaster Restore®,HR Administrator,General HR & People Operations,0,India / Global,,,https://www.linkedin.com/in/tasneemsurty,06 May 2025,1st-Degree LinkedIn Connection
1351,Ananya Rao,ServiceNow Software India,Senior Talent Acquisition Specialist,Talent Acquisition,1,"Bagmane Capital Tech Park, Bangalore",ananya.rao@servicenow.com,+91-80-40000748,https://www.linkedin.com/search/results/people/?keywords=Ananya%20Rao%20ServiceNow%20Software%20India,Enterprise Verified,Enterprise Hiring Database
1352,Deepak Varma,ServiceNow Software India,VP Global Business Services Hiring,Executive & Leadership,1,"Bagmane Capital Tech Park, Bangalore",deepak.varma@servicenow.com,+91-80-40000731,https://www.linkedin.com/search/results/people/?keywords=Deepak%20Varma%20ServiceNow%20Software%20India,Enterprise Verified,Enterprise Hiring Database
1353,Karthik Sundaram,ServiceNow Software India,Campus Relations & GCC Hiring Lead,Campus & Early Career,1,"Bagmane Capital Tech Park, Bangalore",karthik.s@servicenow.com,+91-80-40000765,https://www.linkedin.com/search/results/people/?keywords=Karthik%20Sundaram%20ServiceNow%20Software%20India,Enterprise Verified,Enterprise Hiring Database
1354,Priya Sharma,ServiceNow Software India,Head of University & Early Career Talent,Campus & Early Career,1,"Bagmane Capital Tech Park, Bangalore",priya.sharma@servicenow.com,+91-80-40000697,https://www.linkedin.com/search/results/people/?keywords=Priya%20Sharma%20ServiceNow%20Software%20India,Enterprise Verified,Enterprise Hiring Database
1355,Rohit Nair,ServiceNow Software India,Lead Technical & Operations Recruiter,HR Operations & Payroll,1,"Bagmane Capital Tech Park, Bangalore",rohit.nair@servicenow.com,+91-80-40000714,https://www.linkedin.com/search/results/people/?keywords=Rohit%20Nair%20ServiceNow%20Software%20India,Enterprise Verified,Enterprise Hiring Database
1356,Nadia Mahmood,Settlrs,Human Resources Compliance Manager,HR Operations & Payroll,0,India / Global,,,https://www.linkedin.com/in/nadia-mahmood-58470a288,07 Aug 2025,1st-Degree LinkedIn Connection
1357,Theerthana B M,SGI ENGINEERS PRIVATE LIMITED,HR Manager,General HR & People Operations,0,India / Global,,,https://www.linkedin.com/in/theerthana-b-m-831b59351,31 Mar 2026,1st-Degree LinkedIn Connection
1358,Shriraksha M C,Shadowfax,Associate Lead - HR Compliance,HR Operations & Payroll,0,India / Global,,,https://www.linkedin.com/in/shriraksha-m-c,18 Jun 2026,1st-Degree LinkedIn Connection
1359,Snigdha Siripurapu,Shadowfax,Talent Acquisition Consultant,Talent Acquisition,0,India / Global,,,https://www.linkedin.com/in/snigdha-siripurapu-53049227b,07 Feb 2025,1st-Degree LinkedIn Connection
1360,Ayushi Raghuwanshi,Shanti Infosoft LLP - A CMMI Level 5 Company,Human Resources Executive,General HR & People Operations,0,India / Global,,,https://www.linkedin.com/in/ayushi-raghuwanshi-540954282,19 Nov 2025,1st-Degree LinkedIn Connection
1361,Kiran Sethi,ShareChat,Senior HR,General HR & People Operations,0,India / Global,,,https://www.linkedin.com/in/kiran-sethi-38140899,23 May 2025,1st-Degree LinkedIn Connection
1362,Susangita Bhuyan,ShareChat,Talent Acquisition Associate,Talent Acquisition,0,India / Global,,,https://www.linkedin.com/in/susangita-bhuyan-768030203,28 Nov 2024,1st-Degree LinkedIn Connection
1363,Sushma T S,ShellKode,Senior Talent Acquisition Specialist,Talent Acquisition,0,India / Global,,,https://www.linkedin.com/in/sushma-t-s-52b9b0230,17 Nov 2024,1st-Degree LinkedIn Connection
1364,Anjali Ojha,Sheraton Grand Bengaluru Whitefield Hotel & Convention Center,Assistant Manager Human Resources,General HR & People Operations,1,Bengaluru / Karnataka,,,https://www.linkedin.com/in/anjali-ojha-b4278b21a,24 Nov 2024,1st-Degree LinkedIn Connection
1365,Ankita Sinha,Shine Projects,Human Resources Trainee,HR Intern / Trainee,0,India / Global,,,https://www.linkedin.com/in/ankita-sinha-4b341524a,15 Jun 2025,1st-Degree LinkedIn Connection
1366,Heta Khimsuriya,Shiv Manpower Services,Recruitment Manager,General HR & People Operations,0,India / Global,,,https://www.linkedin.com/in/heta-khimsuriya-a78471139,12 Aug 2026,1st-Degree LinkedIn Connection
1367,Dream Bhasin,ShopDeck,Talent Acquisition Consultant,Talent Acquisition,0,India / Global,,,https://www.linkedin.com/in/dream-bhasin,02 Jun 2026,1st-Degree LinkedIn Connection
1368,Tripti Tiwari,ShopDeck,Associate Talent Acquisition & HRBP,HR Business Partner,0,India / Global,,,https://www.linkedin.com/in/tripti-tiwari-466342247,23 Sep 2024,1st-Degree LinkedIn Connection
1369,Vaibhavi Chhetri,Shoppers Stop,Unit Head HR,Executive & Leadership,0,India / Global,,,https://www.linkedin.com/in/vaibhavi-chhetri-40321b335,14 Aug 2025,1st-Degree LinkedIn Connection
1370,Sai Shirisha,Showoffff,Human Resources Executive,General HR & People Operations,0,India / Global,shirisha.mba22.rymec@gmail.com,,https://www.linkedin.com/in/sai-shirisha-4337b8228,10 Jan 2025,1st-Degree LinkedIn Connection
1371,Riya Bahrani,Shree Bhawani Consultancy Services Pvt Ltd | SBCSPL,Human Resources - BD Executive,General HR & People Operations,0,India / Global,,,https://www.linkedin.com/in/riya-bahrani-46b200220,01 May 2025,1st-Degree LinkedIn Connection
1372,Pragati Pandey,SHREE RAM GROUP,HR Manager,General HR & People Operations,0,India / Global,,,https://www.linkedin.com/in/pragati-pandey-b250451b3,11 May 2025,1st-Degree LinkedIn Connection
1373,Mahima Kumari,ShriQuber MicroSource,Senior Recruitment Consultant,Talent Acquisition,0,India / Global,,,https://www.linkedin.com/in/buildingbetterspace,06 Feb 2026,1st-Degree LinkedIn Connection
1374,Pratikshya Mishra,Shriram Properties Ltd,Executive - HR,General HR & People Operations,0,India / Global,,,https://www.linkedin.com/in/pratikshya-mishra-3a1403265,19 Nov 2025,1st-Degree LinkedIn Connection
1375,Lakshmi Priya N,SHUBHARAMBH PRODUCTIONS (P) LIMITED,HR Manager,General HR & People Operations,0,India / Global,,,https://www.linkedin.com/in/lakshmi-priya-n-439064244,26 Nov 2024,1st-Degree LinkedIn Connection
1376,Abhayasree S,SIBCA,Recruitment Analyst,General HR & People Operations,0,India / Global,,,https://www.linkedin.com/in/abhayasree-s-a02230218,22 Jun 2026,1st-Degree LinkedIn Connection
1377,Tanushree Dey,Siemens Healthineers,Talent Acquisition Partner,Talent Acquisition,0,India / Global,,,https://www.linkedin.com/in/tanushreedey,06 Feb 2026,1st-Degree LinkedIn Connection
1378,Priyanka Kundu,Siemens Technology and Services Private Limited,Campus Recruiter - Early Talent,Campus & Early Career,0,India / Global,,,https://www.linkedin.com/in/priyankakundu19,04 Jun 2025,1st-Degree LinkedIn Connection
1379,Pallavi Shukla,Sigmoid,Senior Human Resources Manager,General HR & People Operations,0,India / Global,,,https://www.linkedin.com/in/pallavi-shukla-524ab539,14 Apr 2025,1st-Degree LinkedIn Connection
1380,Vanshika Pachisia,Silq,Talent Acquisition Recruiter,Talent Acquisition,0,India / Global,,,https://www.linkedin.com/in/vanshika-pachisia-984bb017a,16 Mar 2026,1st-Degree LinkedIn Connection
1381,Preethi Gowda,SilverCross Medisciences,Assistant Manager Human Resources,General HR & People Operations,0,India / Global,,,https://www.linkedin.com/in/preethi-gowda-545541245,09 Jun 2025,1st-Degree LinkedIn Connection
1382,Lakshmi Gangadhar,Simeio,Talent Acquisition Lead,Talent Acquisition,0,India / Global,,,https://www.linkedin.com/in/lakshmi-gangadhar,15 Apr 2025,1st-Degree LinkedIn Connection
1383,Kowsalya Selvam,Simpliinsure,Admin & Human Resource,General HR & People Operations,0,India / Global,,,https://www.linkedin.com/in/kowsalya-selvam-540963206,14 Apr 2025,1st-Degree LinkedIn Connection
1384,Sujatha Janardhan,Simplilearn,Associate Director Human Resources,Executive & Leadership,1,Bengaluru / Karnataka,,,https://www.linkedin.com/in/sujatha-janardhan-8aa32b111,07 May 2025,1st-Degree LinkedIn Connection
1385,Lalam Jyoshna,Simplotel,Talent Acquisition Specialist,Talent Acquisition,0,India / Global,,,https://www.linkedin.com/in/lalam-jyoshna-3160b2119,09 Jan 2026,1st-Degree LinkedIn Connection
1386,Sandhya M,SimplyFI Softech India Pvt. Ltd.,Human Resource Lead,General HR & People Operations,0,India / Global,,,https://www.linkedin.com/in/sandhya-m-a26751232,14 Apr 2026,1st-Degree LinkedIn Connection
1387,Nagashree LM,Simtrak Solutions,Human Resources Intern,HR Intern / Trainee,0,India / Global,,,https://www.linkedin.com/in/nagashree-lm-734384369,09 Jul 2025,1st-Degree LinkedIn Connection
1388,Jaya Barot,"Siox Global, LLC",Human Resources Executive,General HR & People Operations,0,India / Global,,,https://www.linkedin.com/in/jaya-barot-85930a270,13 Apr 2026,1st-Degree LinkedIn Connection
1389,Surbhi Virdi,Sitero,Senior HRBP,HR Business Partner,0,India / Global,,,https://www.linkedin.com/in/surbhivirdi,07 May 2025,1st-Degree LinkedIn Connection
1390,Dipannita Majumder,SKIDATA,Human Resources Specialist,General HR & People Operations,0,India / Global,dipannita.majmder@gmail.com,,https://www.linkedin.com/in/dipannita-majumder-637642154,19 Nov 2025,1st-Degree LinkedIn Connection
1391,Romika Bhattarai,SkillOrbit,Human Resources Executive,General HR & People Operations,0,India / Global,,,https://www.linkedin.com/in/romika-bhattarai-4983242a3,04 Feb 2026,1st-Degree LinkedIn Connection
1392,Rakshitha S,SkilloVilla,HR Recruiter,Talent Acquisition,0,India / Global,,,https://www.linkedin.com/in/rakshitha-s-309423243,16 Feb 2026,1st-Degree LinkedIn Connection
1393,Deepa Puttaraju,Skillz,Senior Technical Recruiter,Technical Recruiter,0,India / Global,,,https://www.linkedin.com/in/deepa-puttaraju-6b3830115,17 Oct 2024,1st-Degree LinkedIn Connection
1394,Anushree Singh,Skyline Career,Talent Acquisition Recruiter | It Recruitment | Application Recruiter,Technical Recruiter,0,India / Global,,,https://www.linkedin.com/in/anushree-singh-b892681ba,20 Aug 2026,1st-Degree LinkedIn Connection
1395,Divya jyothi,SkyOnn Technologies,IT Recruiter,Technical Recruiter,0,India / Global,,,https://www.linkedin.com/in/divya-jyothi-247661198,26 May 2025,1st-Degree LinkedIn Connection
1396,Muskan Shaikh,Skyrise Education,HR Manager,General HR & People Operations,0,India / Global,,,https://www.linkedin.com/in/muskan-shaikh-699989383,02 Dec 2025,1st-Degree LinkedIn Connection
1397,Radha R,Skywaves Rise,Technical Recruiter,Technical Recruiter,0,India / Global,,,https://www.linkedin.com/in/radha-r-900493340,16 Feb 2026,1st-Degree LinkedIn Connection
1398,Nandini Agarwal,slice,Lead Talent Aquisition,General HR & People Operations,0,India / Global,,,https://www.linkedin.com/in/nandini-agarwal-b546491b8,25 Feb 2026,1st-Degree LinkedIn Connection
1399,Nikhil Sharma,slice,Talent Partner,General HR & People Operations,0,India / Global,,,https://www.linkedin.com/in/nikhil-sharma-878242207,03 Aug 2025,1st-Degree LinkedIn Connection
1400,Suman Singh,Smarsh,Leader- APAC | Early Career Hiring | Product  & Technology,Campus & Early Career,0,India / Global,,,https://www.linkedin.com/in/sumanschone,17 Jul 2026,1st-Degree LinkedIn Connection
1401,Ratnaji Alla,Smart Grow capital,Human Resources Intern,HR Intern / Trainee,0,India / Global,,,https://www.linkedin.com/in/ratnaji-alla-6885272a2,06 Feb 2026,1st-Degree LinkedIn Connection
1402,Akanksha Yaduvanshi,"Smartkeen Tech | NetSuite , Workato, Celigo & Boomi Solution Provider",Junior HR and TA,General HR & People Operations,0,India / Global,,,https://www.linkedin.com/in/akanksha-yaduvanshi9,05 Aug 2026,1st-Degree LinkedIn Connection
1403,Angela Sharon,SmartQ,Manager - Talent Engagement & HR Operations,HR Operations & Payroll,0,India / Global,,,https://www.linkedin.com/in/angela-sharon-895264129,23 Sep 2024,1st-Degree LinkedIn Connection
1404,Keerthana Raj,SmartQ,Senior Talent Acquisition Partner,Talent Acquisition,0,India / Global,,,https://www.linkedin.com/in/keerthana-raj-079a96195,19 Nov 2025,1st-Degree LinkedIn Connection
1405,Sindhu Lokesh,SmartQ,Talent Acquisition Executive,Talent Acquisition,0,India / Global,,,https://www.linkedin.com/in/sindhu-lokesh,04 Jul 2025,1st-Degree LinkedIn Connection
1406,Poornima S P,smartShift,Vice President Human Resources Operations,Executive & Leadership,0,India / Global,,,https://www.linkedin.com/in/poornima-s-p-3405347,11 Jul 2025,1st-Degree LinkedIn Connection
1407,Keshwini k,SMC Squared India,Senior Talent Acquisition Specialist,Talent Acquisition,0,India / Global,,,https://www.linkedin.com/in/keshwini-k-810977141,23 May 2025,1st-Degree LinkedIn Connection
1408,Bhagyashri Gaikwad,SMR INFOFLOW SERVICES PRIVATE LIMITED.,HR,General HR & People Operations,0,India / Global,,,https://www.linkedin.com/in/bhagyashri-gaikwad-b54020130,07 May 2025,1st-Degree LinkedIn Connection
1409,Anumita Seal,SnapX.ai,Freelance Recruiter,Talent Acquisition,0,India / Global,,,https://www.linkedin.com/in/anumita-seal-085b9854,18 Jun 2025,1st-Degree LinkedIn Connection
1410,Souptika Raychowdhury,SNITCH,Head of Human Resources,General HR & People Operations,0,India / Global,,,https://www.linkedin.com/in/souptika-ray-chowdhury,28 Nov 2024,1st-Degree LinkedIn Connection
1411,Dharshitha kishore,Social collage,Human Resources Intern,HR Intern / Trainee,0,India / Global,,,https://www.linkedin.com/in/dharshitha-kishore-284250363,27 May 2025,1st-Degree LinkedIn Connection
1412,Anusha G,Societe Generale Global Solution Centre,Senior associate talent acquasition,General HR & People Operations,0,India / Global,,,https://www.linkedin.com/in/anusha-g-2b4136202,07 May 2025,1st-Degree LinkedIn Connection
1413,Gowthami S,Societe Generale Global Solution Centre,Senior Analyst HR,General HR & People Operations,0,India / Global,,,https://www.linkedin.com/in/gowthami-s-42a45a1a7,19 Jun 2025,1st-Degree LinkedIn Connection
1414,Tejaswini .,Societe Generale Global Solution Centre,Talent Acquisition Specialist,Talent Acquisition,0,India / Global,,,https://www.linkedin.com/in/tejaswini-6bb20620b,31 Mar 2026,1st-Degree LinkedIn Connection
1415,Lavanya C,Soho Square Solutions,Human Resources Executive,General HR & People Operations,0,India / Global,,,https://www.linkedin.com/in/lavanya-hr-recruitment,17 Jun 2026,1st-Degree LinkedIn Connection
1416,Sanskriti Deepak,SolarSquare,Talent Acquisition Specialist,Talent Acquisition,1,Bengaluru / Karnataka,,,https://www.linkedin.com/in/sanskriti-deepak,23 May 2025,1st-Degree LinkedIn Connection
1417,Payal Ojha,Solventum,Human Resources Recruiting Specialist,General HR & People Operations,0,India / Global,,,https://www.linkedin.com/in/payal-ojha-85b3a6269,03 May 2025,1st-Degree LinkedIn Connection
1418,Aarti Kumari,Source One Management,Executive Recruiter,Talent Acquisition,0,India / Global,,,https://www.linkedin.com/in/aarti-kumari-1a90172b9,11 Jun 2025,1st-Degree LinkedIn Connection
1419,Janice Munro,Sourcing Screen,Freelance Recruiter,Talent Acquisition,0,India / Global,,,https://www.linkedin.com/in/janice-munro-336b37264,31 Jul 2026,1st-Degree LinkedIn Connection
1420,Jyothi Reddy,SpanIdea Systems,Delivery Lead - Talent Acquisition,Talent Acquisition,0,India / Global,,,https://www.linkedin.com/in/jyothi-reddy-0966a224b,15 Jul 2025,1st-Degree LinkedIn Connection
1421,Dua Ibrar,Spantronics,Hiring Manager,General HR & People Operations,0,India / Global,,,https://www.linkedin.com/in/dua-ibrar-31b1a4274,18 Jun 2025,1st-Degree LinkedIn Connection
1422,Sanya Tyagi,Spark Minda,Human Resources Trainee,HR Intern / Trainee,0,India / Global,,,https://www.linkedin.com/in/sanya-tyagi-06799b329,20 Aug 2025,1st-Degree LinkedIn Connection
1423,Trisha Abraham,Spastics Society of Karnataka,Human Resources Intern,HR Intern / Trainee,1,Bengaluru / Karnataka,,,https://www.linkedin.com/in/trisha-abraham,29 Jul 2026,1st-Degree LinkedIn Connection
1424,Sindhu M,Spektra Systems,Human Resources Generalist,General HR & People Operations,0,India / Global,,,https://www.linkedin.com/in/sindhu-m-6a62901b9,24 May 2025,1st-Degree LinkedIn Connection
1425,Esha J,Sphoorti Machine Tools Pvt Ltd,Human Resources Intern,HR Intern / Trainee,0,India / Global,,,https://www.linkedin.com/in/esha-j-19b3a82a3,31 Mar 2026,1st-Degree LinkedIn Connection
1426,Mahima Biswa,Spice Lounge Food Works Ltd,Assistant Manager TA & HRBP,HR Business Partner,0,India / Global,,,https://www.linkedin.com/in/mahima-biswa-54a5a41a9,21 Nov 2024,1st-Degree LinkedIn Connection
1427,Nruthya Bojamma,Spice Route Legal,Human Resources Executive,General HR & People Operations,0,India / Global,,,https://www.linkedin.com/in/nruthya-bojamma-33a9641ba,21 Nov 2024,1st-Degree LinkedIn Connection
1428,Muskan Jain,Spinny,Human Resources Business Partner,HR Business Partner,1,Bengaluru,muskan.jain@spinny.com,'+91 72772 77275,http://www.linkedin.com/in/hrmuskanjain,Verified Lead (Apollo),Apollo Verified Enterprise Lead
1429,Shrishti Pareek,Spinny,Human Resources Specialist,General HR & People Operations,0,India / Global,,,https://www.linkedin.com/in/shrishti-pareek-a26396240,21 Nov 2025,1st-Degree LinkedIn Connection
1430,Sarah Ali,Springfield Properties,Human Resources Generalist,General HR & People Operations,0,India / Global,,,https://www.linkedin.com/in/sarah-ali-4aa078251,13 Jan 2025,1st-Degree LinkedIn Connection
1431,Anusha HD,Sprintzeal,Human Resources Executive,General HR & People Operations,0,India / Global,,,https://www.linkedin.com/in/anusha-hd-207875315,14 Apr 2025,1st-Degree LinkedIn Connection
1432,Srisha R,Square Yards,Associate Manager HR,General HR & People Operations,0,India / Global,,,https://www.linkedin.com/in/srisha-r,21 Nov 2024,1st-Degree LinkedIn Connection
1433,Smriti Patel,Squarepoint,Talent Acquisition Specialist,Talent Acquisition,0,India / Global,,,https://www.linkedin.com/in/smriti-patel-3295a511a,21 Nov 2025,1st-Degree LinkedIn Connection
1434,Priya Kumari,SR INDIA,HR Manager,General HR & People Operations,0,India / Global,,,https://www.linkedin.com/in/priya-kumari-66b517212,02 Sep 2024,1st-Degree LinkedIn Connection
1435,Saptatapa Paul,SRV Hospitals,Senior Executive Human Resources,General HR & People Operations,0,India / Global,,,https://www.linkedin.com/in/saptatapa-paul-a76761206,21 Nov 2025,1st-Degree LinkedIn Connection
1436,Manjusha Karunaikumar,SRV International School,Head of Human Resources,HR Intern / Trainee,0,India / Global,,,https://www.linkedin.com/in/manjusha-karunaikumar-23997456,23 Oct 2025,1st-Degree LinkedIn Connection
1437,Adil Merchant,Standard Chartered GBS,Financial Crime & Trade Operations Talent Lead,HR Operations & Payroll,1,"Whitefield & Bellandur, Bangalore",adil.m@sc.com,+91-80-40001700,https://www.linkedin.com/search/results/people/?keywords=Adil%20Merchant%20Standard%20Chartered%20GBS,Enterprise Verified,Enterprise Hiring Database
1438,Divya Balakrishnan,Standard Chartered GBS,Early Careers Campus Recruiter,Campus & Early Career,1,"Whitefield & Bellandur, Bangalore",divya.b@sc.com,+91-80-40001683,https://www.linkedin.com/search/results/people/?keywords=Divya%20Balakrishnan%20Standard%20Chartered%20GBS,Enterprise Verified,Enterprise Hiring Database
1439,Naveen Venkatesh,Standard Chartered GBS,VP Global Markets Operations Hiring,Executive & Leadership,1,"Whitefield & Bellandur, Bangalore",naveen.v@sc.com,+91-80-40001666,https://www.linkedin.com/search/results/people/?keywords=Naveen%20Venkatesh%20Standard%20Chartered%20GBS,Enterprise Verified,Enterprise Hiring Database
1440,Baisakhi Sarkar,Star Health,HR Manager,General HR & People Operations,0,India / Global,,,https://www.linkedin.com/in/baisakhi-sarkar-6a1208103,15 Apr 2026,1st-Degree LinkedIn Connection
1441,Titikksha Singh,Star Union Dai-ichi Life Insurance Company Limited,Human Resources Intern,HR Intern / Trainee,0,India / Global,,,https://www.linkedin.com/in/titikksha-singh,12 Jul 2025,1st-Degree LinkedIn Connection
1442,Sumaiya Khanum,Startek,Talent Acquisition Specialist,Talent Acquisition,0,India / Global,,,https://www.linkedin.com/in/sumaiya-khanum-a36144284,16 Feb 2026,1st-Degree LinkedIn Connection
1443,Vidyashree Krishna,Startek,Human Resources Specialist,General HR & People Operations,0,India / Global,,,https://www.linkedin.com/in/vidyashree-krishna-a79a46263,08 Jun 2026,1st-Degree LinkedIn Connection
1444,Poornima Ravi,STARWORTH GLOBAL SOLUTIONS,General Manager Human Resources,General HR & People Operations,0,India / Global,,,https://www.linkedin.com/in/poornima-ravi-b358761b5,18 Apr 2025,1st-Degree LinkedIn Connection
1445,Sowndarya Jain,StoneX Group Inc.,Human Resources Operations Specialist,HR Operations & Payroll,0,India / Global,,,https://www.linkedin.com/in/sowndarya-jain-a36bb7200,03 Feb 2025,1st-Degree LinkedIn Connection
1446,Sushmaa Gowda,StoreKing,Talent Acquisition Specialist,Talent Acquisition,0,India / Global,,,https://www.linkedin.com/in/sushmaa-gowda7,26 Nov 2024,1st-Degree LinkedIn Connection
1447,Girija J,Storeys Real Estate,Talent Acquisition Specialist,Talent Acquisition,0,India / Global,,,https://www.linkedin.com/in/girija-j-457333296,23 Dec 2024,1st-Degree LinkedIn Connection
1448,Pooja Devarajan,str8bat,Human Resources,General HR & People Operations,0,India / Global,,,https://www.linkedin.com/in/pooja-devarajan-4b07ba3a5,11 Feb 2026,1st-Degree LinkedIn Connection
1449,Sneha Gupta,Strategic HR - Your Growth Partner,Co-Founder,General HR & People Operations,0,India / Global,,,https://www.linkedin.com/in/sneha-gupta-59a042328,10 Jul 2026,1st-Degree LinkedIn Connection
1450,Likhitha Krishnaraj,Stripe,Business Recruiter,Talent Acquisition,0,India / Global,,,https://www.linkedin.com/in/likhitha-krishnaraj-17644814a,07 Nov 2025,1st-Degree LinkedIn Connection
1451,Amalya shaji,"Styldod, Inc",Lead HR,General HR & People Operations,0,India / Global,,,https://www.linkedin.com/in/amalya-shaji-4135521a1,10 Jan 2026,1st-Degree LinkedIn Connection
1452,Merlyn Angel Francis,Success Factor LLC - FZ,AI Tech & HR Intern | Talent Acquisition & Recruitment,HR Intern / Trainee,0,India / Global,,,https://www.linkedin.com/in/merlynfrancis,19 May 2026,1st-Degree LinkedIn Connection
1453,Merlyn Francis,Success Factor LLC - FZ,AI & Tech HR Intern,HR Intern / Trainee,1,Dubai,,'+971 4 269 4990,http://www.linkedin.com/in/merlynfrancis,Verified Lead (Apollo),Apollo Verified Enterprise Lead
1454,Vijayalakshmi Nayak,Success Pact,Technical Recruiter,Technical Recruiter,0,India / Global,,,https://www.linkedin.com/in/vijayalakshmi-nayak,30 Apr 2026,1st-Degree LinkedIn Connection
1455,Kushi Thangamma,Sudhanand Group,Human Resources Executive,General HR & People Operations,0,India / Global,,,https://www.linkedin.com/in/kushi-thangamma-632761306,11 Aug 2025,1st-Degree LinkedIn Connection
1456,Deeksha Rajawat,Sugam Group,Assistant Manager Human Resources,General HR & People Operations,0,India / Global,,,https://www.linkedin.com/in/deerajawat,02 Jun 2025,1st-Degree LinkedIn Connection
1457,Parmita Das,sugar.fit,Talent Acquisition Specialist,Talent Acquisition,0,India / Global,,,https://www.linkedin.com/in/parmitadas860,23 May 2025,1st-Degree LinkedIn Connection
1458,Teja B,Sukino Continuum Care,Human Resources Executive,General HR & People Operations,0,India / Global,,,https://www.linkedin.com/in/teja-b-07b27427b,16 Jun 2026,1st-Degree LinkedIn Connection
1459,Ankitha RK,SUN Mobility,Senior HR Operations,HR Operations & Payroll,0,India / Global,,,https://www.linkedin.com/in/ankitha-rk,10 Jan 2026,1st-Degree LinkedIn Connection
1460,Tiara Marie,Sunlight Sports Group,Human Resources Associate,General HR & People Operations,0,India / Global,,,https://www.linkedin.com/in/tiara-warjri-,26 Jun 2026,1st-Degree LinkedIn Connection
1461,Namratha I,"Sunrise Systems, Inc.",Senior Executive - US HR Onboarding,General HR & People Operations,0,India / Global,,,https://www.linkedin.com/in/namratha-i-3483181b5,08 Jan 2026,1st-Degree LinkedIn Connection
1462,Soumya kumari,"Sunrise Systems, Inc.",Recruiter,Talent Acquisition,0,India / Global,,,https://www.linkedin.com/in/soumya-kumari-33106a22b,07 Jan 2026,1st-Degree LinkedIn Connection
1463,Swapna C,"Sunrise Systems, Inc.",Senior Talent Acquisition Consultant,Talent Acquisition,0,India / Global,swapnachinni05@gmail.com,,https://www.linkedin.com/in/swapna-c-984098140,15 May 2025,1st-Degree LinkedIn Connection
1464,Akshaya Patil,SuperStuff,Sr. Manager Talent Acquisition,Talent Acquisition,0,India / Global,,,https://www.linkedin.com/in/akshaya-patil-hr,12 May 2025,1st-Degree LinkedIn Connection
1465,Srinidhi Sridhar,Suprajit Engineering Ltd.,Human Resources Intern,HR Intern / Trainee,0,India / Global,,,https://www.linkedin.com/in/srinidhi9204,18 May 2025,1st-Degree LinkedIn Connection
1466,Anannya Sen,Svaika Corporate Pvt Ltd,Human Resources Management,General HR & People Operations,0,India / Global,,,https://www.linkedin.com/in/anannya-sen-53b68a270,09 Jan 2026,1st-Degree LinkedIn Connection
1467,Shruthi V,Svamitva Group,Senior Executive Human Resources,General HR & People Operations,0,India / Global,,,https://www.linkedin.com/in/shruthi-v-941357247,10 Jun 2026,1st-Degree LinkedIn Connection
1468,Anushrita Mitra,SW Network (Sociowash),Senior Executive - Human Resources,General HR & People Operations,0,India / Global,,,https://www.linkedin.com/in/anushrita-mitra-42947420b,19 Mar 2026,1st-Degree LinkedIn Connection
1469,Prerna Khedkar,Swiggy,Senior Executive Human Resources,General HR & People Operations,1,"Bengaluru, India",prerna@swiggy.in,,https://www.linkedin.com/in/prernakhedkar,18 Nov 2025,1st-Degree LinkedIn Connection
1470,Kavya Nambiar,Swiggy (Bundl Technologies),Product Operations Talent Partner,HR Operations & Payroll,1,"Marathahalli & Kadubeesanahalli, Bangalore",kavya.n@swiggy.in,+91-80-40001802,https://www.linkedin.com/search/results/people/?keywords=Kavya%20Nambiar%20Swiggy%20(Bundl%20Technologies),Enterprise Verified,Enterprise Hiring Database
1471,Rohan Bhattacharya,Swiggy (Bundl Technologies),B2B Sales & GTM Sourcing Lead,Talent Acquisition,1,"Marathahalli & Kadubeesanahalli, Bangalore",rohan.b@swiggy.in,+91-80-40001819,https://www.linkedin.com/search/results/people/?keywords=Rohan%20Bhattacharya%20Swiggy%20(Bundl%20Technologies),Enterprise Verified,Enterprise Hiring Database
1472,Tanvi Agarwal,Swiggy (Bundl Technologies),Founders Office & Ops Sourcing Lead,Talent Acquisition,1,"Marathahalli & Kadubeesanahalli, Bangalore",tanvi.a@swiggy.in,+91-80-40001836,https://www.linkedin.com/search/results/people/?keywords=Tanvi%20Agarwal%20Swiggy%20(Bundl%20Technologies),Enterprise Verified,Enterprise Hiring Database
1473,Varun Sen,Swiggy (Bundl Technologies),Head of Business & Revenue Recruitment,General HR & People Operations,1,"Marathahalli & Kadubeesanahalli, Bangalore",varun.sen@swiggy.in,+91-80-40001785,https://www.linkedin.com/search/results/people/?keywords=Varun%20Sen%20Swiggy%20(Bundl%20Technologies),Enterprise Verified,Enterprise Hiring Database
1474,Simi Sarita Kerketta,Swiss Re,AVP - Talent Acquisition,Executive & Leadership,1,"Bengaluru, India",Semi_sarita@Swissre.com,,https://www.linkedin.com/in/simi-sarita-kerketta,18 Jun 2026,1st-Degree LinkedIn Connection
1475,Ripu Adwani,SYMPHONI HR,Human Resources Consultant,Talent Acquisition,0,India / Global,,,https://www.linkedin.com/in/ripu-adwani-2aa6801b6,08 Oct 2025,1st-Degree LinkedIn Connection
1476,Vichitra Bhavani,SYMPHONI HR,Recruitment Consultant,Talent Acquisition,0,India / Global,,,https://www.linkedin.com/in/vichitra-bhavani-835122120,16 Sep 2024,1st-Degree LinkedIn Connection
1477,Suman Pani,Synechron,Human Resources Consultant,Executive & Leadership,0,India / Global,,,https://www.linkedin.com/in/suman-pani-9a5576132,17 Jan 2026,1st-Degree LinkedIn Connection
1478,Priyanka Nagarkar,Syngenta,Talent Acquisition - Operations,HR Operations & Payroll,0,India / Global,,,https://www.linkedin.com/in/priyankanagarkar,27 Jun 2025,1st-Degree LinkedIn Connection
1479,Abha Gaur,Syntel by Arvind,Management Trainee Human Resources,HR Intern / Trainee,0,India / Global,,,https://www.linkedin.com/in/abhagaur16,01 Jul 2026,1st-Degree LinkedIn Connection
1480,Joan Lilly,Synthite Industries Pvt. Ltd,Management Trainee - HR,HR Intern / Trainee,0,India / Global,,,https://www.linkedin.com/in/joan-lilly-721367142,01 Jul 2026,1st-Degree LinkedIn Connection
1481,Nikitha Abraham,Synthite Industries Pvt. Ltd,Human Resources Intern,HR Intern / Trainee,0,India / Global,,,https://www.linkedin.com/in/nikithaabraham239561211,29 Jul 2026,1st-Degree LinkedIn Connection
1482,Bhaswati Saikia,Tablez Food Company Pvt Ltd,Senior Human Resources Executive,General HR & People Operations,0,India / Global,,,https://www.linkedin.com/in/bhaswati-saikia-4a3564228,26 Jul 2025,1st-Degree LinkedIn Connection
1483,Sourabha Achar,TAFF Inc,Assistant Manager Human Resources,General HR & People Operations,0,India / Global,,,https://www.linkedin.com/in/sourabha-achar-b63020179,13 May 2025,1st-Degree LinkedIn Connection
1484,Puja Jain,Taggd,Recruitment Specialist,General HR & People Operations,0,India / Global,,,https://www.linkedin.com/in/puja-jain-3607a315,21 Apr 2026,1st-Degree LinkedIn Connection
1485,Jhansi N,Taj Hotels,Human Resources Intern,HR Intern / Trainee,0,India / Global,,,https://www.linkedin.com/in/jhansi-n-35a71825a,10 Aug 2026,1st-Degree LinkedIn Connection
1486,Pinki Singh,TALCHEMIST,Specialist HR Recruiter - Lead,Talent Acquisition,0,India / Global,,,https://www.linkedin.com/in/pinkisingh-talentacquistionspecialist-a06271151,04 Jun 2025,1st-Degree LinkedIn Connection
1487,Harshini C,Talendroid Technologies,Human Resources Intern,HR Intern / Trainee,0,India / Global,,,https://www.linkedin.com/in/harshini-c-65b76b283,31 Mar 2026,1st-Degree LinkedIn Connection
1488,Pavithra Nagamani,Talendroid Technologies,HR Lead,General HR & People Operations,0,India / Global,,,https://www.linkedin.com/in/pavithra-n-1399b32a7,09 Oct 2024,1st-Degree LinkedIn Connection
1489,Lonica Aiyanna,Talent Hunt Management,HR Recruiter,Talent Acquisition,0,India / Global,,,https://www.linkedin.com/in/lonica-aiyanna-606059272,09 Mar 2026,1st-Degree LinkedIn Connection
1490,Saloni Sharma,TalentiFi-X,Recruitment Executive,General HR & People Operations,0,India / Global,,,https://www.linkedin.com/in/saloni-sharma-88a136263,09 Jun 2026,1st-Degree LinkedIn Connection
1491,Manasi Bhake,TalentNiti,Talent Acquisition Specialist,Talent Acquisition,0,India / Global,,,https://www.linkedin.com/in/manasi-bhake-9b9409374,06 Apr 2026,1st-Degree LinkedIn Connection
1492,Sukanya Talukdar🟢,TalentOne HR Consulting LLP,Senior Technical Recruiter,Technical Recruiter,0,India / Global,talukdarsukanya1@gmail.com,,https://www.linkedin.com/in/sukanya-talukdar%F0%9F%9F%A2-ab419b199,16 Feb 2026,1st-Degree LinkedIn Connection
1493,Shristy Singh,TalentWell Solutions,Technical Recruiter,Technical Recruiter,0,India / Global,,,https://www.linkedin.com/in/shristy-singh-17b63b234,18 Jan 2026,1st-Degree LinkedIn Connection
1494,Deeksha Sharma,Tama Stores,HR AND ADMIN EXECUTIVE,General HR & People Operations,0,India / Global,,,https://www.linkedin.com/in/deeksha-sharma-151ba5313,21 May 2026,1st-Degree LinkedIn Connection
1495,Tanushka Riya,TankhaPay,Assistant Manager- HR,General HR & People Operations,0,India / Global,,,https://www.linkedin.com/in/tanushka-riya-657b4817b,21 Nov 2024,1st-Degree LinkedIn Connection
1496,Lalithambha N P,TAO The Automation Office,Human Resources Associate,General HR & People Operations,0,India / Global,,,https://www.linkedin.com/in/lalithambha-n-p-3836b61b9,07 May 2025,1st-Degree LinkedIn Connection
1497,Samshitha Srikanth,Tarang Software Technologies,Human Resources Intern,HR Intern / Trainee,0,India / Global,,,https://www.linkedin.com/in/samshitha-srikanth-b3466934a,30 Aug 2025,1st-Degree LinkedIn Connection
1498,Lakshitha Shankarnarayan,Target,Sr. Specialist HR Shared Services,HR Operations & Payroll,1,Bengaluru / Karnataka,,,https://www.linkedin.com/in/lakshitha-s-03702b1b4,01 Aug 2025,1st-Degree LinkedIn Connection
1499,Sahana Gowda,Target,Senior specialist HR operations,HR Operations & Payroll,1,Bengaluru / Karnataka,,,https://www.linkedin.com/in/sahana-gowda-0a034b263,18 Aug 2026,1st-Degree LinkedIn Connection
1500,Ashima Vohra,Taskus,Talent Acquisition Specialist,Talent Acquisition,0,India / Global,,,https://www.linkedin.com/in/ashima-vohra-673b8b219,07 Aug 2026,1st-Degree LinkedIn Connection
1501,Shravani H M,Tata Capital,Assistant Manager Human Resources,General HR & People Operations,0,India / Global,,,https://www.linkedin.com/in/shravani-h-m-a12860200,16 Jul 2026,1st-Degree LinkedIn Connection
1502,Aaliya Khan,Tata Consultancy Services,Human Resources Executive,General HR & People Operations,0,India / Global,,,https://www.linkedin.com/in/aaliya-khan1020,22 Aug 2025,1st-Degree LinkedIn Connection
1503,Adithi K,Tata Consultancy Services,Talent Acquisition Associate,Talent Acquisition,0,India / Global,,,https://www.linkedin.com/in/adithi-kazhutholan,24 Jul 2026,1st-Degree LinkedIn Connection
1504,Akansha Gupta,Tata Consultancy Services,Senior Human Resources Recruiter,Talent Acquisition,0,India / Global,,,https://www.linkedin.com/in/akansha0301,03 Aug 2025,1st-Degree LinkedIn Connection
1505,Akshatha B S,Tata Consultancy Services,Manager- Talent Acquisition,Talent Acquisition,0,India / Global,,,https://www.linkedin.com/in/akshatha-b-s,01 Sep 2025,1st-Degree LinkedIn Connection
1506,Anjana R,Tata Consultancy Services,Human Resources Business Partner,HR Business Partner,1,Bengaluru / Mumbai,marketing@tcs.com,+91 22 6778 9999,https://www.linkedin.com/in/anjana-r-35ba431b3,17 Jul 2026,1st-Degree LinkedIn Connection
1507,Anzee Nahid,Tata Consultancy Services,Talent Management Specialist,General HR & People Operations,0,India / Global,,,https://www.linkedin.com/in/anzee-nahid-89439a195,15 Jul 2026,1st-Degree LinkedIn Connection
1508,Apoorva gupta,Tata Consultancy Services,Human Resources Specialist,General HR & People Operations,0,India / Global,,,https://www.linkedin.com/in/hiringitprofessional,02 Aug 2025,1st-Degree LinkedIn Connection
1509,Gopi Sravani Sree Manju,Tata Consultancy Services,Human Resources Executive,General HR & People Operations,0,India / Global,,,https://www.linkedin.com/in/gopi-sravani-sree-manju-533b4b210,04 Aug 2025,1st-Degree LinkedIn Connection
1510,Himangi Sharma,Tata Consultancy Services,Human Resources Executive,General HR & People Operations,0,India / Global,,,https://www.linkedin.com/in/himangi-sharma-855a6146,15 Jul 2025,1st-Degree LinkedIn Connection
1511,Ishani Chouhan,Tata Consultancy Services,Human Resources Business Partner,HR Business Partner,0,India / Global,,,https://www.linkedin.com/in/ishani-chouhan-901128179,10 Dec 2025,1st-Degree LinkedIn Connection
1512,Jothilakshmi krishnamoorthy,Tata Consultancy Services,Talent Acquisition Specialist,Talent Acquisition,0,India / Global,,,https://www.linkedin.com/in/jothilakshmi-krishnamoorthy-773192208,01 Aug 2025,1st-Degree LinkedIn Connection
1513,Jyoti Priya Mohanty,Tata Consultancy Services,Human Resources Business Partner,HR Business Partner,0,India / Global,,,https://www.linkedin.com/in/jyoti-priya-mohanty-b706341b2,08 Aug 2025,1st-Degree LinkedIn Connection
1514,Lavanya Prasad Harave,Tata Consultancy Services,Lead - Leadership Talent Development,General HR & People Operations,0,India / Global,,,https://www.linkedin.com/in/lavanya-prasad-harave-a5228a20,26 Aug 2025,1st-Degree LinkedIn Connection
1515,Lavanya salanki,Tata Consultancy Services,Talent Acquisition Specialist,Talent Acquisition,0,India / Global,,,https://www.linkedin.com/in/lavanya-salanki-175150110,10 Oct 2025,1st-Degree LinkedIn Connection
1516,Lipsamoyee Sahoo,Tata Consultancy Services,Human Resources Executive,General HR & People Operations,0,India / Global,,,https://www.linkedin.com/in/lipsamoyee-sahoo-751009177,01 Aug 2025,1st-Degree LinkedIn Connection
1517,Madhusmita Mati,Tata Consultancy Services,Technical Recruiter,Technical Recruiter,0,India / Global,,,https://www.linkedin.com/in/madhusmita-mati-b2870321a,01 Aug 2025,1st-Degree LinkedIn Connection
1518,Manjima J,Tata Consultancy Services,Human Resources Business Partner,HR Business Partner,0,India / Global,,,https://www.linkedin.com/in/manjima-j-74ba15258,01 Aug 2025,1st-Degree LinkedIn Connection
1519,Manjira Deblaskar,Tata Consultancy Services,Lead HR Operations,HR Operations & Payroll,0,India / Global,,,https://www.linkedin.com/in/manjiradeblaskar,06 Aug 2025,1st-Degree LinkedIn Connection
1520,Nanmozhi Govindharaj,Tata Consultancy Services,Senior Technical Recruiter,Technical Recruiter,0,India / Global,,,https://www.linkedin.com/in/nanmozhi-govindharaj-384634216,12 Sep 2025,1st-Degree LinkedIn Connection
1521,Neha Anandani,Tata Consultancy Services,HR onboarding specialist,General HR & People Operations,0,India / Global,,,https://www.linkedin.com/in/neha-anandani-756962208,05 Sep 2025,1st-Degree LinkedIn Connection
1522,Neha Uniyal,Tata Consultancy Services,Talent Acquisition Specialist,Talent Acquisition,0,India / Global,,,https://www.linkedin.com/in/neha-uniyal-a5a65886,01 Aug 2025,1st-Degree LinkedIn Connection
1523,Prity Kumari,Tata Consultancy Services,Information Technology Recruiter,Talent Acquisition,0,India / Global,,,https://www.linkedin.com/in/prity-kumari-8aba87195,15 Jul 2025,1st-Degree LinkedIn Connection
1524,Ranjitha M.S,Tata Consultancy Services,Talent acquisition,Talent Acquisition,0,India / Global,,,https://www.linkedin.com/in/ranjitha-m-s-266301262,01 Aug 2025,1st-Degree LinkedIn Connection
1525,Saivenkat V,Tata Consultancy Services,HR & TD- AWS Business Unit,General HR & People Operations,0,India / Global,,,https://www.linkedin.com/in/saivenkat-v,10 Oct 2025,1st-Degree LinkedIn Connection
1526,Shilpi Pandey,Tata Consultancy Services,Assistant Manager Human Resources,General HR & People Operations,0,India / Global,,,https://www.linkedin.com/in/shilpi-pandey-b05a5810a,01 Aug 2025,1st-Degree LinkedIn Connection
1527,Shivangi Mohan,Tata Consultancy Services,Assistant Manager Human Resources,General HR & People Operations,0,India / Global,,,https://www.linkedin.com/in/shivangi-mohan-330428a4,07 Aug 2025,1st-Degree LinkedIn Connection
1528,Snigdha Samaptika,Tata Consultancy Services,Talent Acquisition Specialist,Talent Acquisition,0,India / Global,,,https://www.linkedin.com/in/snigdha-samaptika-5b2b876b,01 Aug 2025,1st-Degree LinkedIn Connection
1529,Sri Sai Akhila Ganti,Tata Consultancy Services,Human Resources Executive,General HR & People Operations,1,Bengaluru / Mumbai,marketing@tcs.com,+91 22 6778 9999,https://www.linkedin.com/in/akhila-ganti,28 Jan 2026,1st-Degree LinkedIn Connection
1530,supriya reddy,Tata Consultancy Services,Human Resources Specialist,General HR & People Operations,0,India / Global,,,https://www.linkedin.com/in/reddy-supriya,05 Aug 2025,1st-Degree LinkedIn Connection
1531,Suryadharshini Mani,Tata Consultancy Services,HR TAG,General HR & People Operations,0,India / Global,,,https://www.linkedin.com/in/suryadharshini-mani-7349a1225,01 Aug 2025,1st-Degree LinkedIn Connection
1532,Swashi M,Tata Consultancy Services,HR Business Partner,HR Business Partner,1,Bengaluru,swashi.m@tcs.com,'+91 22677 89999,http://www.linkedin.com/in/swashim,Verified Lead (Apollo),Apollo Verified Enterprise Lead
1533,Meghna Sharma,Tata Consumer Products,Senior Manager Talent Acquisition,Talent Acquisition,0,India / Global,,,https://www.linkedin.com/in/meghna-sharma-2bb2061a4,04 Aug 2025,1st-Degree LinkedIn Connection
1534,Madhu mitha,Tata Electronics,Talent Acquisition Specialist,Talent Acquisition,0,India / Global,,,https://www.linkedin.com/in/madhu1704,10 Sep 2025,1st-Degree LinkedIn Connection
1535,Durga Sri Thiyagarajan,Tata Elxsi,HR- Executive,General HR & People Operations,0,India / Global,,,https://www.linkedin.com/in/durgasrit,15 Jun 2026,1st-Degree LinkedIn Connection
1536,Karen Grace Cherian,Tata Elxsi,HRBP Executive,HR Business Partner,0,India / Global,,,https://www.linkedin.com/in/karen-grace-cherian,26 Nov 2025,1st-Degree LinkedIn Connection
1537,Kirthan Dsouza,Tata Elxsi,HR Leader,General HR & People Operations,0,India / Global,,,https://www.linkedin.com/in/kirthan-dsouza-06b2459,04 Dec 2025,1st-Degree LinkedIn Connection
1538,Lakshmi Ganneri Ramamoorthy,Tata Elxsi,Head - Global Talent Acquisition,Talent Acquisition,0,India / Global,,,https://www.linkedin.com/in/lakshmi-ganneri-ramamoorthy-74432614,14 Aug 2025,1st-Degree LinkedIn Connection
1539,Leah Dsouza,Tata Elxsi,HR Strategy Executive,General HR & People Operations,0,India / Global,,,https://www.linkedin.com/in/leah-dsouza-hr,12 Oct 2024,1st-Degree LinkedIn Connection
1540,Muskan Ahuja,Tata Elxsi,Senior Executive Human Resources,General HR & People Operations,0,India / Global,,,https://www.linkedin.com/in/muskan-ahuja-88a954144,01 Aug 2025,1st-Degree LinkedIn Connection
1541,Swathy Rajan,Tata Elxsi,Human Resources Business Partner,HR Business Partner,0,India / Global,,,https://www.linkedin.com/in/swathy-rajan-,01 Aug 2025,1st-Degree LinkedIn Connection
1542,Diyaa Panchal,Tata Hitachi Construction Machinery Company Private Limited,Human Resources Intern,HR Intern / Trainee,0,India / Global,,,https://www.linkedin.com/in/diyaa-panchal-830051317,04 Jul 2025,1st-Degree LinkedIn Connection
1543,Elina Ajay,TATA Power,Human Resources Intern,HR Intern / Trainee,0,India / Global,,,https://www.linkedin.com/in/elina-ajay-a0569b306,06 Feb 2026,1st-Degree LinkedIn Connection
1544,Sindhu BS,Tata Technologies,Human Resources Consultant,Talent Acquisition,0,India / Global,,,https://www.linkedin.com/in/sindhu-bs-3b6598225,01 Aug 2025,1st-Degree LinkedIn Connection
1545,Sadhana RD,Teachmint,Associate talent,General HR & People Operations,0,India / Global,,,https://www.linkedin.com/in/sadhana-rd-724a90266,19 Jan 2026,1st-Degree LinkedIn Connection
1546,Divya S,TeamHome,Human Resources Associate,General HR & People Operations,0,India / Global,,,https://www.linkedin.com/in/divya-s-761663264,08 Oct 2024,1st-Degree LinkedIn Connection
1547,Gowri R Nambisan,TeamLease Services Limited,Human Resources Intern,HR Intern / Trainee,0,India / Global,,,https://www.linkedin.com/in/gowri-r-nambisan-849a88310,08 Jun 2026,1st-Degree LinkedIn Connection
1548,Anupama Rout,Tech Mahindra,Human Resources Business Partner,HR Business Partner,0,India / Global,,,https://www.linkedin.com/in/anupama-rout-,02 Feb 2025,1st-Degree LinkedIn Connection
1549,Anagha Velayudhan,Tech Vedhu,Recruiter,Talent Acquisition,0,India / Global,,,https://www.linkedin.com/in/anagha-velayudhan-990414322,14 Jul 2026,1st-Degree LinkedIn Connection
1550,Archana Yadav,Tech4Biz Solutions Private Limited,Human Resources Positions,General HR & People Operations,0,India / Global,,,https://www.linkedin.com/in/archana-yadav-b4200b200,11 Aug 2025,1st-Degree LinkedIn Connection
1551,Bharathi Reddy P (She/Her/Hers/‍♀️),TechGrove by Banyan Software,Senior Talent Acquisition Specialist,Talent Acquisition,0,India / Global,,,https://www.linkedin.com/in/bharathireddyp,20 Jan 2026,1st-Degree LinkedIn Connection
1552,Namitha Shenoy k,Techindo Systems,Senior Associate - HR and Recruitment Operations,HR Operations & Payroll,0,India / Global,,,https://www.linkedin.com/in/namitha-shenoy-k-75b65a224,06 May 2026,1st-Degree LinkedIn Connection
1553,Bhavana R,techjays,Recruiter,Talent Acquisition,0,India / Global,,,https://www.linkedin.com/in/bhavana-r-7a48771b1,17 Apr 2025,1st-Degree LinkedIn Connection
1554,Hema Priya Bollineni,Technogiants Digisolutions Pvt Ltd,Human Resources Intern,HR Intern / Trainee,0,India / Global,,,https://www.linkedin.com/in/hema-priya-bollineni-1ba069312,12 Jan 2026,1st-Degree LinkedIn Connection
1555,Rashi Mishra,Technotask Business Solutions Pvt Ltd,Human Resources Executive,General HR & People Operations,0,India / Global,,,https://www.linkedin.com/in/rashi-mishra-2276a922b,07 Feb 2026,1st-Degree LinkedIn Connection
1556,Pranjali J S,TechTree IT Systems Pvt. Ltd.,Jr. HR Executive,General HR & People Operations,0,India / Global,,,https://www.linkedin.com/in/pranjali-j-s-4b02052a1,14 Jul 2025,1st-Degree LinkedIn Connection
1557,Niharika Sahu,Tekion Corp,Talent Acquisition,Talent Acquisition,0,India / Global,,,https://www.linkedin.com/in/niharika-sahu-b78b4025b,19 Nov 2025,1st-Degree LinkedIn Connection
1558,Sravani Rajam,Teknotrait Solutions,Associate Human Resource,General HR & People Operations,0,India / Global,,,https://www.linkedin.com/in/sravani-rajam-694332271,22 May 2025,1st-Degree LinkedIn Connection
1559,Deekshitha G,Teknowgrade Pvt Ltd,Human Resources Intern,HR Intern / Trainee,0,India / Global,,,https://www.linkedin.com/in/deekshitha-g-5b2b0a335,11 Jun 2026,1st-Degree LinkedIn Connection
1560,SAHANA S,Teknowgrade Pvt Ltd,Human Resources Intern,HR Intern / Trainee,0,India / Global,,,https://www.linkedin.com/in/sahana-s-772b29335,13 Apr 2026,1st-Degree LinkedIn Connection
1561,Supritha Poojary,Teksands.ai,Talent Acquisition Specialist,Talent Acquisition,0,India / Global,,,https://www.linkedin.com/in/supritha-poojary-263422263,16 Jul 2025,1st-Degree LinkedIn Connection
1562,Bhavya Shree,TEKsystems,Recruiter,Talent Acquisition,0,India / Global,,,https://www.linkedin.com/in/bhavya-shree-531a40318,08 Jun 2026,1st-Degree LinkedIn Connection
1563,Reddy Kanchana,Teleperformance,Talent Acquisition Executive,Talent Acquisition,0,India / Global,,,https://www.linkedin.com/in/reddy-kanchana-5a92732b3,12 Mar 2026,1st-Degree LinkedIn Connection
1564,Madhuri V,"Tellus Solutions, Inc",Senior Recruitment Executive,General HR & People Operations,0,India / Global,,,https://www.linkedin.com/in/madhuri-v-639aa618b,03 Feb 2025,1st-Degree LinkedIn Connection
1565,Vasudha Shivanna,Tesco,Human Resources Payroll,HR Operations & Payroll,1,Bengaluru / Karnataka,,,https://www.linkedin.com/in/vasudha-shivanna-8b332a188,03 Jun 2025,1st-Degree LinkedIn Connection
1566,Vaishnavi G,TESCRA,Technical Recruiter - IT Talent Acquisition,Technical Recruiter,0,India / Global,,,https://www.linkedin.com/in/vaishnavi-g-5ba564265,22 Sep 2024,1st-Degree LinkedIn Connection
1567,Vidhya Venugopal,Tessell,Human Resources Director,Executive & Leadership,0,India / Global,,,https://www.linkedin.com/in/vidhya-venugopal-19b2145b,26 May 2025,1st-Degree LinkedIn Connection
1568,Palak Singh,Tessolve,HR Business Partner Intern,HR Business Partner,0,India / Global,,,https://www.linkedin.com/in/palak-singh-407529237,25 Feb 2026,1st-Degree LinkedIn Connection
1569,Sagar DN,Tessolve,Human Resources Business Partner,HR Business Partner,0,India / Global,,,https://www.linkedin.com/in/sagar-dn-3a7066226,01 Feb 2025,1st-Degree LinkedIn Connection
1570,Savitha Ramaswamy,Tessolve,Associate Director - HR,Executive & Leadership,0,India / Global,,,https://www.linkedin.com/in/savitha-ramaswamy-2590086,07 Feb 2026,1st-Degree LinkedIn Connection
1571,Vriddhi Shetty,Tessolve,Human Resources Executive,General HR & People Operations,0,India / Global,,,https://www.linkedin.com/in/vriddhi-shetty-3bb466298,16 Feb 2026,1st-Degree LinkedIn Connection
1572,Parvathy J P,Testhouse Ltd,Human Resources Intern,HR Intern / Trainee,0,India / Global,,,https://www.linkedin.com/in/parvathy-j-p-2b2190228,20 Nov 2025,1st-Degree LinkedIn Connection
1573,Simran Chhibber,Textron India Private Limited,Junior Executive Human Resources,General HR & People Operations,0,India / Global,,,https://www.linkedin.com/in/simran-chhibber-167296262,03 Jan 2025,1st-Degree LinkedIn Connection
1574,Adithya Mohanan,THARA COFFEE,Assistant Manager Human Resources,General HR & People Operations,0,India / Global,,,https://www.linkedin.com/in/adithya-mohan-,10 Feb 2026,1st-Degree LinkedIn Connection
1575,Soumya Kanojiya,The Briminc Softech,Talent Acquisition Specialist,Talent Acquisition,0,India / Global,,,https://www.linkedin.com/in/soumya-kanojiya-2b8031275,04 May 2025,1st-Degree LinkedIn Connection
1576,Divya Thakur,The Coca-Cola Company,Human Resources Intern,HR Intern / Trainee,1,Bengaluru / Karnataka,,,https://www.linkedin.com/in/divya-s-thakur,17 Sep 2025,1st-Degree LinkedIn Connection
1577,Nikita Kadyan,The Fresh Press,HR Executive Intern,HR Intern / Trainee,0,India / Global,,,https://www.linkedin.com/in/nikita-kadyan-17ab18242,14 Feb 2025,1st-Degree LinkedIn Connection
1578,Shubhangee s...behere,The Golden Rise,Recruitment Specialist,General HR & People Operations,0,India / Global,,,https://www.linkedin.com/in/shubhangee-s-behere-090169279,01 Sep 2024,1st-Degree LinkedIn Connection
1579,Ishitha Gowda,"The Human Resources Club, Christ University",Prudentia,Campus & Early Career,1,Bengaluru / Karnataka,,,https://www.linkedin.com/in/ishitha-gowda-146638334,13 May 2026,1st-Degree LinkedIn Connection
1580,Diya Joby,The Indian Hotels Company Limited (IHCL),Human Resources Executive,General HR & People Operations,0,India / Global,,,https://www.linkedin.com/in/diya-joby-a61195194,01 Jul 2026,1st-Degree LinkedIn Connection
1581,Pushpa Sahni,The Knowledge Academy,Recruiter,Talent Acquisition,0,India / Global,,,https://www.linkedin.com/in/pushpa-sahni-,29 Jun 2025,1st-Degree LinkedIn Connection
1582,Niyati Patni,The LIT School,Senior Human Resources Manager,General HR & People Operations,0,India / Global,,,https://www.linkedin.com/in/niyatipatni7,19 Nov 2025,1st-Degree LinkedIn Connection
1583,Shrishti Murty Patnaik,THE MENTOR,Recruiter,Talent Acquisition,0,India / Global,,,https://www.linkedin.com/in/shrishti-patnaik,18 Oct 2025,1st-Degree LinkedIn Connection
1584,Greeshma .,THE METAL EXTRUSIONS,Human resource manager,General HR & People Operations,0,India / Global,,,https://www.linkedin.com/in/greeshma-815657257,20 Nov 2024,1st-Degree LinkedIn Connection
1585,Shreya Bhatia,"The Oberoi, Bengaluru",Human Resources Supervisor,General HR & People Operations,1,Bengaluru / Karnataka,,,https://www.linkedin.com/in/shreya-bhatia-a31120209,13 Dec 2024,1st-Degree LinkedIn Connection
1586,Paulami Chakraborty,The School of Raya,Head of Human Resources,General HR & People Operations,0,India / Global,,,https://www.linkedin.com/in/paulami-chakraborty-39a322109,22 Jan 2026,1st-Degree LinkedIn Connection
1587,Supriya K,The Standard India,Senior Talent Sourcing Specialist,Talent Acquisition,0,India / Global,,,https://www.linkedin.com/in/supriya-k-588643251,06 May 2026,1st-Degree LinkedIn Connection
1588,Payal Patnaik,The Timken Company,Human Resources Analyst,General HR & People Operations,0,India / Global,,,https://www.linkedin.com/in/payal-patnaik,08 May 2025,1st-Degree LinkedIn Connection
1589,Anila Chandran,The Walt Disney Company,TA and HR Coordinator,General HR & People Operations,0,India / Global,,,https://www.linkedin.com/in/anila-c-8851761b7,07 May 2025,1st-Degree LinkedIn Connection
1590,Savitha Kumari,The Wedding Company,Human Resources Recruiter,Talent Acquisition,0,India / Global,,,https://www.linkedin.com/in/savitha-kumari-,15 Feb 2026,1st-Degree LinkedIn Connection
1591,Subrota (Sue),Theron Solutions,Senior Recruitment Manager- Executive Search,Talent Acquisition,0,India / Global,,,https://www.linkedin.com/in/subrota-sue-2a5388159,04 Feb 2025,1st-Degree LinkedIn Connection
1592,Pragya Mishra,Thinkitive Inc.,Talent Acquisition Specialist,Talent Acquisition,0,India / Global,,,https://www.linkedin.com/in/pragya-mishra-0555b0215,20 May 2025,1st-Degree LinkedIn Connection
1593,Bhavya Peta,Thrive the HR club BYC,Logistics,General HR & People Operations,0,India / Global,,,https://www.linkedin.com/in/bhavya-peta-18562733b,30 Jan 2026,1st-Degree LinkedIn Connection
1594,Ishita Singh,Thrive the HR club BYC,Event Coordinator,General HR & People Operations,0,India / Global,,,https://www.linkedin.com/in/ishita-singh-54100a316,16 Jan 2026,1st-Degree LinkedIn Connection
1595,Navya Jain,Thrive the HR club BYC,Head,General HR & People Operations,0,India / Global,,,https://www.linkedin.com/in/navya-jain-3502b7289,14 Aug 2025,1st-Degree LinkedIn Connection
1596,Payal S Pareek,Thrive the HR club BYC,Media & PR Head,General HR & People Operations,0,India / Global,,,https://www.linkedin.com/in/payal-pareek,08 Dec 2025,1st-Degree LinkedIn Connection
1597,Saumya Talwar,Thrive the HR club BYC,finance and sponsorship commitee member,General HR & People Operations,0,India / Global,,,https://www.linkedin.com/in/saumya-talwar-b36537373,29 Jun 2026,1st-Degree LinkedIn Connection
1598,Siddhi Gupta,Thrive the HR club BYC,Head of Media,General HR & People Operations,0,India / Global,,,https://www.linkedin.com/in/siddhi-gupta12,10 Dec 2025,1st-Degree LinkedIn Connection
1599,Akshatha Kundar,TimeTooth Technologies Pvt. Ltd.,Human Resources Manager,General HR & People Operations,0,India / Global,,,https://www.linkedin.com/in/akshatha-kundar-b5b7b916b,19 Nov 2025,1st-Degree LinkedIn Connection
1600,Rakshitha Narasimha Kishore,Titan Company Limited,"Employee Engagement, Wellness and Employer Branding Operations Executive",HR Operations & Payroll,1,Bengaluru / Karnataka,,,https://www.linkedin.com/in/rakshitha-narasimha-kishore,20 Jun 2025,1st-Degree LinkedIn Connection
1601,Simran Jain,TMRW House of Brands,Human Resources Executive,General HR & People Operations,0,India / Global,,,https://www.linkedin.com/in/simran-jain-630411277,08 Oct 2024,1st-Degree LinkedIn Connection
1602,Esha Khatri,To-Let Globe,Human Resources Intern,HR Intern / Trainee,0,India / Global,,,https://www.linkedin.com/in/esha-khatri-03aa78281,03 May 2025,1st-Degree LinkedIn Connection
1603,Lavanya Adyanthaya,Toast,Talent Acquisition Partner,Talent Acquisition,0,India / Global,,,https://www.linkedin.com/in/lavanya-adyanthaya-752570183,08 Jan 2026,1st-Degree LinkedIn Connection
1604,Sahana Prabhu,Tonbo Imaging,Human Resources Generalist,General HR & People Operations,0,India / Global,,,https://www.linkedin.com/in/sahana-prabhu-777881216,20 Nov 2024,1st-Degree LinkedIn Connection
1605,Priyanshi Adeshra,TopHire.co,Talent Acquisition Associate,Talent Acquisition,0,India / Global,,,https://www.linkedin.com/in/priyanshi-adeshra,02 Feb 2025,1st-Degree LinkedIn Connection
1606,Diksha Shahdeo,Torry Harris Integration Solutions,Talent Acquisition Specialist,Talent Acquisition,0,India / Global,,,https://www.linkedin.com/in/diksha-shahdeo-human4humans,20 Nov 2025,1st-Degree LinkedIn Connection
1607,Maithri K V,Torry Harris Integration Solutions,Human Resources Trainee,HR Intern / Trainee,0,India / Global,,,https://www.linkedin.com/in/maithri-k-v-a9b558351,27 Apr 2026,1st-Degree LinkedIn Connection
1608,Shanty Grace Thomas,Total Environment Building Systems Pvt Ltd,Senior Talent Acquisition - HR,Talent Acquisition,0,India / Global,,,https://www.linkedin.com/in/shantygrace,19 Nov 2025,1st-Degree LinkedIn Connection
1609,Sunitha G,"Total RCM Solutions, LLC",Human Resource Lead & Admin,General HR & People Operations,0,India / Global,,,https://www.linkedin.com/in/sunitha-g-a173b526a,04 Jun 2025,1st-Degree LinkedIn Connection
1610,Mahima Girish Chadaga,Toyota Industries Engine India Pvt. Ltd.,Senior Human Resources Officer,General HR & People Operations,0,India / Global,,,https://www.linkedin.com/in/mahima-girish-chadaga-a8312316b,22 Nov 2024,1st-Degree LinkedIn Connection
1611,Sushma K,Toyota Kirloskar Auto Parts,Human Resource,General HR & People Operations,0,India / Global,,,https://www.linkedin.com/in/sushma-k-9a77b7331,07 May 2025,1st-Degree LinkedIn Connection
1612,Rashmi Mohan,Toyota Kirloskar Motor,Human Resources Intern,HR Intern / Trainee,0,India / Global,,,https://www.linkedin.com/in/rashmi-mohan-86a2881a7,29 Dec 2025,1st-Degree LinkedIn Connection
1613,Trupti Shet,TOYOTA TSUSHO INDIA PVT LTD,Senior Officer-Human Resources,General HR & People Operations,0,India / Global,,,https://www.linkedin.com/in/trupti-shet-06a802a0,25 Jul 2025,1st-Degree LinkedIn Connection
1614,Sanskriti Shahi,Transven Consulting Private Limited,Recruitment Specialist,General HR & People Operations,0,India / Global,,,https://www.linkedin.com/in/sanskritishahi03,09 Oct 2025,1st-Degree LinkedIn Connection
1615,Sharon Siby,Transvolt Mobility,Human Resources Intern,HR Intern / Trainee,0,India / Global,,,https://www.linkedin.com/in/sharon-siby-29184b323,21 Jul 2026,1st-Degree LinkedIn Connection
1616,Chaitra M,TRAVERZE,Recruiter,Talent Acquisition,0,India / Global,,,https://www.linkedin.com/in/chaitra-m-b21747255,21 Jan 2026,1st-Degree LinkedIn Connection
1617,Nisarga B.J,TRAVERZE,HR recruiter,Talent Acquisition,0,India / Global,,,https://www.linkedin.com/in/nisarga-b-j-468b1621b,06 May 2025,1st-Degree LinkedIn Connection
1618,Anarghya .,Tribera.AI,Human Resources Advisor,General HR & People Operations,0,India / Global,,,https://www.linkedin.com/in/anarghya-b93433201,22 Jun 2026,1st-Degree LinkedIn Connection
1619,Muskan Sood,Trident Group India,Trident Group- Summer Intern HR (Trident Paper-PB) / Takshashila,HR Intern / Trainee,0,India / Global,,,https://www.linkedin.com/in/muskan-sood-a37617350,24 Apr 2026,1st-Degree LinkedIn Connection
1620,Akshitha .R,Trigent Software - Professional Services,Recruitment Analyst,General HR & People Operations,0,India / Global,,,https://www.linkedin.com/in/akshitha-r-149327237,06 Nov 2025,1st-Degree LinkedIn Connection
1621,Sahana VS,Trigent Software - Professional Services,Recruitment Analyst,General HR & People Operations,0,India / Global,,,https://www.linkedin.com/in/sahana-vs-27a710154,09 Dec 2025,1st-Degree LinkedIn Connection
1622,Priyanka Priyadarshini,Trigent Software Inc,TA HR,General HR & People Operations,0,India / Global,,,https://www.linkedin.com/in/priyanka-priyadarshini-58711218b,13 Apr 2025,1st-Degree LinkedIn Connection
1623,Swapna Devu,Trigent Software Inc,Recruitment Specialist,General HR & People Operations,0,India / Global,,,https://www.linkedin.com/in/swapna-devu-7443b2241,26 May 2025,1st-Degree LinkedIn Connection
1624,Preetika saran,Trinity Life Sciences,Human Resources Executive,General HR & People Operations,0,India / Global,,,https://www.linkedin.com/in/preetika-saran-2332b71a3,08 Jan 2026,1st-Degree LinkedIn Connection
1625,Varshitha P J,"Trintech, India (via of StaffWorQs)",Senior Talent Acquisition Specialist,Talent Acquisition,0,India / Global,,,https://www.linkedin.com/in/varshitha-p-j-384a55168,07 May 2025,1st-Degree LinkedIn Connection
1626,Kashish Sethi,Triplespeed,Talent & People Executive,General HR & People Operations,0,India / Global,,,https://www.linkedin.com/in/kashish-sethi-bba232251,23 Jan 2025,1st-Degree LinkedIn Connection
1627,Ritikka Sinha,Tript,Human Resources Manager,General HR & People Operations,0,India / Global,,,https://www.linkedin.com/in/ritikka-sinha-82b0871a9,22 Apr 2026,1st-Degree LinkedIn Connection
1628,Suneetha D Keralli,TRUGlobal,Technical Recruiter,Technical Recruiter,0,India / Global,,,https://www.linkedin.com/in/suneetha-d-keralli-804666251,21 Nov 2024,1st-Degree LinkedIn Connection
1629,Nikita kaur Badwal,Trustmark Consultants Private Limited,Human Resources Executive Recruitment,Talent Acquisition,0,India / Global,,,https://www.linkedin.com/in/nikita-kaur-badwal-47a35718a,10 Aug 2026,1st-Degree LinkedIn Connection
1630,Pragathi S R,Truww,HR and Admin specialist,General HR & People Operations,0,India / Global,,,https://www.linkedin.com/in/pragathi-s-r-61433319b,02 Jun 2025,1st-Degree LinkedIn Connection
1631,shanthini logeshwaran,TTK Services Private Limited,Human Resources Business Partner,HR Business Partner,0,India / Global,,,https://www.linkedin.com/in/shanthini-logeshwaran-652b751b2,21 Nov 2024,1st-Degree LinkedIn Connection
1632,Arya K R,Tuebora Inc,Human Resources Executive,General HR & People Operations,0,India / Global,,,https://www.linkedin.com/in/arya-k-r-783403195,07 May 2025,1st-Degree LinkedIn Connection
1633,Navroop Jagotra,Tundra Technical Solutions,HR recruiter,Talent Acquisition,0,India / Global,,,https://www.linkedin.com/in/navroop-jagotra-155090219,07 May 2026,1st-Degree LinkedIn Connection
1634,Shubha Chaturvedi,TÜV Rheinland Group,Junior HR Executive,General HR & People Operations,0,India / Global,,,https://www.linkedin.com/in/shubha-chaturvedi-b735811b6,10 Oct 2024,1st-Degree LinkedIn Connection
1635,Sayli Pandit,UBI Services Ltd,Senior Human Resources Manager,General HR & People Operations,0,India / Global,,,https://www.linkedin.com/in/sayli-pandit-89b14516b,16 Aug 2025,1st-Degree LinkedIn Connection
1636,Anupriya Madankumar,UiPath,Senior People Operations Specialist,HR Operations & Payroll,0,India / Global,,,https://www.linkedin.com/in/anupriya1,25 May 2025,1st-Degree LinkedIn Connection
1637,Nutan Neha,UltraTech Cement,Human Resources Intern,HR Intern / Trainee,0,India / Global,,,https://www.linkedin.com/in/nutan-neha-85a3b62a4,09 Oct 2024,1st-Degree LinkedIn Connection
1638,Anusha Mehta,Unacademy,Assistant Manager Human Resources,General HR & People Operations,0,India / Global,,,https://www.linkedin.com/in/anusha-mehta-8b3432187,06 May 2025,1st-Degree LinkedIn Connection
1639,Nainpreet Kaur,Unacademy,Talent Acquisition Specialist,Talent Acquisition,0,India / Global,,,https://www.linkedin.com/in/nainpreet-kaur,05 Nov 2025,1st-Degree LinkedIn Connection
1640,Lavanya P,UniMech Aerospace and Manufacturing Pvt Ltd,Human Resources Executive,General HR & People Operations,0,India / Global,,,https://www.linkedin.com/in/lavanya-p-83755b222,08 Dec 2025,1st-Degree LinkedIn Connection
1641,Shreya Sharma,Unravel,Human Resources Consultant,Talent Acquisition,0,India / Global,shreya@gounravel.com,,https://www.linkedin.com/in/shreya-sharma-72b3a174,25 Feb 2026,1st-Degree LinkedIn Connection
1642,Priyanka S,upGrad Rekrut,Recruitment Consultant,Talent Acquisition,0,India / Global,,,https://www.linkedin.com/in/priyanka-s-869015216,19 Nov 2025,1st-Degree LinkedIn Connection
1643,Madhuri Kulthe,UPLYFT HR CONSULTANTS (JOIN UPLYFT),Operations Head,HR Operations & Payroll,0,India / Global,,,https://www.linkedin.com/in/madhuri-kulthe,22 Jul 2026,1st-Degree LinkedIn Connection
1644,Syed Zumra,Upskill Workforce Private Limited,Human Resources Assistant,General HR & People Operations,0,India / Global,,,https://www.linkedin.com/in/syed-zumra-5517bb354,31 Mar 2026,1st-Degree LinkedIn Connection
1645,Pragya Jain,Upsurge Labs,Human Resource Associate,General HR & People Operations,0,India / Global,,,https://www.linkedin.com/in/pragya-jain125,11 Nov 2025,1st-Degree LinkedIn Connection
1646,Miss Pallavi Prasad,Urban Hospitality Solutions,human resources,General HR & People Operations,0,India / Global,,,https://www.linkedin.com/in/miss-pallavi-prasad-9b606b254,26 Jul 2026,1st-Degree LinkedIn Connection
1647,Jayanti Kumari,Urban Ladder,Talent Acquisition Executive,Talent Acquisition,0,India / Global,,,https://www.linkedin.com/in/jayanti-kumari-785566160,08 Jan 2026,1st-Degree LinkedIn Connection
1648,Smrity Sharma,Urban Ladder,Human Resources Executive,General HR & People Operations,0,India / Global,,,https://www.linkedin.com/in/smrity-sharma-79a3b11b7,26 Feb 2025,1st-Degree LinkedIn Connection
1649,"Sharvani Shastry, SHRM-CP",Ushur,People Operations Generalist,HR Operations & Payroll,0,India / Global,,,https://www.linkedin.com/in/sharvani-shastry,10 Jun 2025,1st-Degree LinkedIn Connection
1650,Arudipta Swain,Utkal Envirocare,Human Resources Specialist,General HR & People Operations,0,India / Global,,,https://www.linkedin.com/in/arudipta-swain-177515172,07 May 2026,1st-Degree LinkedIn Connection
1651,Keerthana K C,Utthunga,Associate Executive- HR Operation,General HR & People Operations,0,India / Global,,,https://www.linkedin.com/in/keerthana-k-c-318473199,17 Feb 2025,1st-Degree LinkedIn Connection
1652,Suchitra Shetty,Utthunga,Senior Human Resources Specialist,General HR & People Operations,0,India / Global,,,https://www.linkedin.com/in/suchitra-shetty-3aa3461b3,14 Apr 2025,1st-Degree LinkedIn Connection
1653,Vidya Sree,"V-Soft Consulting Group, Inc.",US HR Specialist,General HR & People Operations,0,India / Global,,,https://www.linkedin.com/in/vidyasreekancharla,30 Apr 2025,1st-Degree LinkedIn Connection
1654,Megha C,V4U HR SOLUTIONS.COM,HR Team lead,General HR & People Operations,0,India / Global,,,https://www.linkedin.com/in/megha-c-307325230,19 Nov 2025,1st-Degree LinkedIn Connection
1655,Yamuna p Shetty,V4U HR SOLUTIONS.COM,HR intern,HR Intern / Trainee,0,India / Global,,,https://www.linkedin.com/in/yamuna-p-shetty-5912a6344,24 Jul 2026,1st-Degree LinkedIn Connection
1656,Manisha Gupta,V5 Global,Human Resources Intern,HR Intern / Trainee,0,India / Global,,,https://www.linkedin.com/in/manisha-gupta-7973a92b5,23 Oct 2025,1st-Degree LinkedIn Connection
1657,Kiran Durgani,Vaden Consultancy,Talent Acquisition Executive,Talent Acquisition,0,India / Global,,,https://www.linkedin.com/in/kiran-durgani-,01 May 2025,1st-Degree LinkedIn Connection
1658,Mallika Varma,Vahan,Talent Acquisition Lead,Talent Acquisition,0,India / Global,,,https://www.linkedin.com/in/mallika-varma-371b46111,19 Nov 2025,1st-Degree LinkedIn Connection
1659,Deepashree R,Vandey Global Services,Technical Recruiter,Technical Recruiter,0,India,deepashree510@gmail.com,,https://www.linkedin.com/in/deepashree-r-4bb8b11a1,14 Jul 2026,1st-Degree LinkedIn Connection
1660,Monisha Urs,Varaha,Human Resources Associate,General HR & People Operations,0,India / Global,,,https://www.linkedin.com/in/monisha-urs-a1114b281,11 Jun 2025,1st-Degree LinkedIn Connection
1661,Namratha D,VARITE INC,Recruiter-Delivery,Talent Acquisition,0,India / Global,,,https://www.linkedin.com/in/namratha-d-a013121b4,08 Jan 2026,1st-Degree LinkedIn Connection
1662,Pooja M,VARITE INC,Senior Technical Recruiter,Technical Recruiter,0,India / Global,,,https://www.linkedin.com/in/pooja-m-635b63199,16 Feb 2026,1st-Degree LinkedIn Connection
1663,Tejasvi Saxena,VARUN BEVERAGES LIMITED,Human Resources Intern,HR Intern / Trainee,0,India / Global,,,https://www.linkedin.com/in/tejasvi-saxena-a7674a256,19 Jan 2026,1st-Degree LinkedIn Connection
1664,Aparna Gopalan,Veave,HR Recruiter,Talent Acquisition,0,India / Global,,,https://www.linkedin.com/in/aparna-gopalan-11b461214,17 Nov 2025,1st-Degree LinkedIn Connection
1665,Nishad Anjum Chintakunta,Veca Consulting Pvt Ltd,Talent Acquisition Specialist,Talent Acquisition,0,India / Global,,,https://www.linkedin.com/in/nishad-anjum-chintakunta-771543235,14 Apr 2025,1st-Degree LinkedIn Connection
1666,Vineetha Gokarakonda,Vedak: Expert Network,Recruitment Consultant,Talent Acquisition,0,India / Global,,,https://www.linkedin.com/in/vineetha-gokarakonda-a27900273,20 Dec 2025,1st-Degree LinkedIn Connection
1667,Gopika S,Vedantu,Senior Talent Acquisition Specialist,Talent Acquisition,0,India / Global,,,https://www.linkedin.com/in/gopika-s-b4b832184,26 Nov 2024,1st-Degree LinkedIn Connection
1668,Puloma Bhattacharya,VedPrep,HR Manager,General HR & People Operations,0,India / Global,,,https://www.linkedin.com/in/puloma-bhattacharya-b289a2135,29 Sep 2024,1st-Degree LinkedIn Connection
1669,Sharmila Farooq,Vee Healthtek,Sr.Team Lead- Talent Acquisition,Talent Acquisition,0,India / Global,,,https://www.linkedin.com/in/sharmila-farooq-bb4215166,08 May 2026,1st-Degree LinkedIn Connection
1670,Muskan Begum,Velnora Talent Partners,HR intern,HR Intern / Trainee,0,India / Global,,,https://www.linkedin.com/in/muskanbegum37,23 Jun 2026,1st-Degree LinkedIn Connection
1671,Amritha vs,Ventum Technologies Private Limited,Recruitment Specialist,General HR & People Operations,0,India / Global,,,https://www.linkedin.com/in/amrithaammu,23 Feb 2026,1st-Degree LinkedIn Connection
1672,Yashika Parekh.,Ventura Workforce Solutions,Senior Human Resource Executive,General HR & People Operations,0,India / Global,,,https://www.linkedin.com/in/yashika-parekh-7a5a56311,23 Jul 2025,1st-Degree LinkedIn Connection
1673,Pallavi S,Version 1,Human Resources Administrator,General HR & People Operations,0,India / Global,,,https://www.linkedin.com/in/pallavi-s13,08 Jan 2026,1st-Degree LinkedIn Connection
1674,D Hindupriya,VerveNest Technologies Pvt Ltd,Junior Recruiter,Talent Acquisition,0,India / Global,,,https://www.linkedin.com/in/d-hindupriya-090526291,16 Jun 2026,1st-Degree LinkedIn Connection
1675,Aditi Sharma,viamagus,Human Resources,General HR & People Operations,0,India / Global,,,https://www.linkedin.com/in/aditi-sharma-891bb3312,16 Jun 2026,1st-Degree LinkedIn Connection
1676,Nitanshi .,VIBGYOR Advisors,Human Resources Intern,HR Intern / Trainee,0,India / Global,,,https://www.linkedin.com/in/nitanshi-24a15a279,23 Apr 2025,1st-Degree LinkedIn Connection
1677,Nisha Yadav,VIBGYOR Group of Schools,Human Resources Executive,General HR & People Operations,0,India / Global,,,https://www.linkedin.com/in/nisha-yadav-b347ba156,05 Aug 2025,1st-Degree LinkedIn Connection
1678,Shweta Kadabgaon,VIBHAVA MARKETING CORPORATION,Hr recruiter and operations,HR Operations & Payroll,0,India / Global,,,https://www.linkedin.com/in/shweta-kadabgaon-2416a9232,15 Feb 2026,1st-Degree LinkedIn Connection
1679,Nisha Singh,Vibrant Tech Solutions,HR Manager,General HR & People Operations,1,Bengaluru,,'+91 91630 71400,https://www.linkedin.com/in/nisha-singh-b5872717a,02 Jun 2025,1st-Degree LinkedIn Connection
1680,Chandana Chowvan,Vicinity Centres,HR Shared Services Advisor - Talent Attraction and Enablement,HR Operations & Payroll,0,India / Global,,,https://www.linkedin.com/in/chandana-chowvan-005b8b2b2,16 Sep 2024,1st-Degree LinkedIn Connection
1681,Anjali Mishra,Victa Earlyjobs Technologies Pvt. Ltd.,Senior Hiring Manager,General HR & People Operations,0,India / Global,,,https://www.linkedin.com/in/anjali-mishra-8a0a931aa,20 Feb 2026,1st-Degree LinkedIn Connection
1682,Vaheeda Mohammad,Vidhai Technologies Private Limited,Senior Talent Acquisition Consultant,Talent Acquisition,0,India / Global,vaheedasheik786@gmail.com,,https://www.linkedin.com/in/vaheeda-mohammad-29a6531ab,21 Nov 2024,1st-Degree LinkedIn Connection
1683,Ankita Choudhury,Vignesh Services & Solutions,Human Resources Associate,General HR & People Operations,0,India / Global,,,https://www.linkedin.com/in/ankita-choudhury-37203b2a6,09 Mar 2026,1st-Degree LinkedIn Connection
1684,Sampathirao Sridevi,Vijaya Diagnostic Centre Limited,Human Resources Trainee,HR Intern / Trainee,0,India / Global,,,https://www.linkedin.com/in/sampathirao-sridevi-2202aa281,18 Dec 2025,1st-Degree LinkedIn Connection
1685,Tanya Sikka,Vikas Kochhar & Associates,HR Manager,General HR & People Operations,0,India / Global,,,https://www.linkedin.com/in/tanya-sikka,03 Sep 2025,1st-Degree LinkedIn Connection
1686,Smrutirekha Sahoo,Vintage Legal,Human Resources Executive,General HR & People Operations,0,India / Global,,,https://www.linkedin.com/in/smrutirekhasahoo71,26 Mar 2026,1st-Degree LinkedIn Connection
1687,Sakshi Singh Jadoun,VIP Pipes,Human Resources Executive,General HR & People Operations,0,India / Global,,,https://www.linkedin.com/in/sakshi-singh-jadoun-091938188,30 Apr 2025,1st-Degree LinkedIn Connection
1688,Chaitra Omkar,Visara Partners,Senior Technical Recruiter,Technical Recruiter,0,India / Global,,,https://www.linkedin.com/in/chaitraomkar,16 Nov 2024,1st-Degree LinkedIn Connection
1689,Gagana Dinesh Rao,Vistaar Financial Services Pvt Ltd,Human Resources Business Partner,HR Business Partner,0,India / Global,,,https://www.linkedin.com/in/gagana-dinesh-rao-540658230,07 Nov 2025,1st-Degree LinkedIn Connection
1690,Preeti Choubey,Voice India,People Operations Specialist,HR Operations & Payroll,0,India / Global,,,https://www.linkedin.com/in/preeti-choubey-90504b1ab,08 May 2025,1st-Degree LinkedIn Connection
1691,Aastha Shrivastava,Vola Finance,HR Manager,General HR & People Operations,1,Bengaluru / Karnataka,,,https://www.linkedin.com/in/aastha-shrivastava-a73281207,26 May 2025,1st-Degree LinkedIn Connection
1692,Partiksha Ranga,Vrinda Global,Recruitment Associate,General HR & People Operations,0,India / Global,,,https://www.linkedin.com/in/partiksha-ranga-52b230294,23 Feb 2025,1st-Degree LinkedIn Connection
1693,Neha Pandey,Vyapar,Lead - HR Operations,HR Operations & Payroll,0,India / Global,,,https://www.linkedin.com/in/pandeyneha1996,20 Nov 2024,1st-Degree LinkedIn Connection
1694,Nupur Biswas,Vyapar,Senior Executive - HRBP,HR Business Partner,0,India / Global,,,https://www.linkedin.com/in/nupur-biswas-a8511723a,04 Jun 2025,1st-Degree LinkedIn Connection
1695,Sanjana R,Vyapar,Talent acquisition,Talent Acquisition,0,India / Global,,,https://www.linkedin.com/in/sanjana-r-aa1a52245,26 Apr 2026,1st-Degree LinkedIn Connection
1696,Swagatika Panda,VYZE INC,Technical Recruiter,Technical Recruiter,0,India / Global,,,https://www.linkedin.com/in/swagatika-panda-91863b314,13 Apr 2026,1st-Degree LinkedIn Connection
1697,Reema B,Wabtec Corporation,HR Operation Specialist,General HR & People Operations,0,India / Global,,,https://www.linkedin.com/in/reema-baruah,26 May 2025,1st-Degree LinkedIn Connection
1698,Ammini Swetha Ravindran,Walmart,Talent Partner,General HR & People Operations,0,India,ammini.swetha@yahoo.in,,https://www.linkedin.com/in/ammini-swetha-ravindran-3a943a9a,19 Nov 2024,1st-Degree LinkedIn Connection
1699,Ananya Rao,Walmart Global Tech India,Senior Talent Acquisition Specialist,Talent Acquisition,1,"Ecospace ORR / Sarjapur, Bangalore",ananya.rao@walmart.com,+91-80-40000068,https://www.linkedin.com/search/results/people/?keywords=Ananya%20Rao%20Walmart%20Global%20Tech%20India,Enterprise Verified,Enterprise Hiring Database
1700,Deepak Varma,Walmart Global Tech India,VP Global Business Services Hiring,Executive & Leadership,1,"Ecospace ORR / Sarjapur, Bangalore",deepak.varma@walmart.com,+91-80-40000051,https://www.linkedin.com/search/results/people/?keywords=Deepak%20Varma%20Walmart%20Global%20Tech%20India,Enterprise Verified,Enterprise Hiring Database
1701,Karthik Sundaram,Walmart Global Tech India,Campus Relations & GCC Hiring Lead,Campus & Early Career,1,"Ecospace ORR / Sarjapur, Bangalore",karthik.s@walmart.com,+91-80-40000085,https://www.linkedin.com/search/results/people/?keywords=Karthik%20Sundaram%20Walmart%20Global%20Tech%20India,Enterprise Verified,Enterprise Hiring Database
1702,Priya Sharma,Walmart Global Tech India,Head of University & Early Career Talent,Campus & Early Career,1,"Ecospace ORR / Sarjapur, Bangalore",priya.sharma@walmart.com,+91-80-40000017,https://www.linkedin.com/search/results/people/?keywords=Priya%20Sharma%20Walmart%20Global%20Tech%20India,Enterprise Verified,Enterprise Hiring Database
1703,Rohit Nair,Walmart Global Tech India,Lead Technical & Operations Recruiter,HR Operations & Payroll,1,"Ecospace ORR / Sarjapur, Bangalore",rohit.nair@walmart.com,+91-80-40000034,https://www.linkedin.com/search/results/people/?keywords=Rohit%20Nair%20Walmart%20Global%20Tech%20India,Enterprise Verified,Enterprise Hiring Database
1704,Shreelekha H E,WareIQ,HR Manager,General HR & People Operations,0,India / Global,,,https://www.linkedin.com/in/shreelekha-h-e-18891b171,27 Nov 2024,1st-Degree LinkedIn Connection
1705,Sanjeeta Mishra,Web Nautical,Human Resources Generalist,General HR & People Operations,0,India / Global,,,https://www.linkedin.com/in/sanjeeta-mishra-2079961b8,16 Jan 2026,1st-Degree LinkedIn Connection
1706,Shaik Salma Banu,WeDo Marketing,Human Resources Executive,General HR & People Operations,0,India / Global,,,https://www.linkedin.com/in/shaik-salma-banu-964108105,18 Nov 2025,1st-Degree LinkedIn Connection
1707,Khushbu Yadav,Wells Fargo,Senior Human Resources Manager,General HR & People Operations,0,India / Global,,,https://www.linkedin.com/in/yadav-khushbu,04 Jun 2025,1st-Degree LinkedIn Connection
1708,Adil Merchant,Wells Fargo India Solutions,Financial Crime & Trade Operations Talent Lead,HR Operations & Payroll,1,"Embassy TechVillage ORR, Bangalore",adil.m@wellsfargo.com,+91-80-40001649,https://www.linkedin.com/search/results/people/?keywords=Adil%20Merchant%20Wells%20Fargo%20India%20Solutions,Enterprise Verified,Enterprise Hiring Database
1709,Divya Balakrishnan,Wells Fargo India Solutions,Early Careers Campus Recruiter,Campus & Early Career,1,"Embassy TechVillage ORR, Bangalore",divya.b@wellsfargo.com,+91-80-40001632,https://www.linkedin.com/search/results/people/?keywords=Divya%20Balakrishnan%20Wells%20Fargo%20India%20Solutions,Enterprise Verified,Enterprise Hiring Database
1710,Naveen Venkatesh,Wells Fargo India Solutions,VP Global Markets Operations Hiring,Executive & Leadership,1,"Embassy TechVillage ORR, Bangalore",naveen.v@wellsfargo.com,+91-80-40001615,https://www.linkedin.com/search/results/people/?keywords=Naveen%20Venkatesh%20Wells%20Fargo%20India%20Solutions,Enterprise Verified,Enterprise Hiring Database
1711,Chaitra B N,WeRize,Senior Human Resources Associate,General HR & People Operations,0,India / Global,,,https://www.linkedin.com/in/chaitra-b-n-6b064b140,14 Jul 2025,1st-Degree LinkedIn Connection
1712,Shreya Lal,WeRize,Manager-II Human Resources,General HR & People Operations,0,India / Global,,,https://www.linkedin.com/in/shreya-lal-079a83178,20 Nov 2024,1st-Degree LinkedIn Connection
1713,KUSUM K. TOTAD,WeRoute Systems,Talent Acquisition Manager,Talent Acquisition,0,India / Global,,,https://www.linkedin.com/in/kusum-k-totad-389b0165,27 May 2026,1st-Degree LinkedIn Connection
1714,Riya Saji,WESTLINE,Human Resources Specialist,General HR & People Operations,0,India / Global,,,https://www.linkedin.com/in/riya-saji-a3a51924a,31 Jul 2026,1st-Degree LinkedIn Connection
1715,Ramsha Meraj,Whatfix,Talent Acquisition Lead,Talent Acquisition,0,India / Global,,,https://www.linkedin.com/in/ramshameraj,06 Dec 2024,1st-Degree LinkedIn Connection
1716,Niveditha Ravi,Whitecaps International School of Pastry,Human Resources Intern,HR Intern / Trainee,0,India / Global,,,https://www.linkedin.com/in/niveditha0605,21 Apr 2026,1st-Degree LinkedIn Connection
1717,Priyanka Kamble,Wildcraft India,Human Resources Summer Intern,HR Intern / Trainee,0,India / Global,,,https://www.linkedin.com/in/priyanka-kamble-b99b98230,09 Jul 2025,1st-Degree LinkedIn Connection
1718,ANGELIN R,WINGS INFRASTRUCTURE,HR Intern,HR Intern / Trainee,0,India / Global,,,https://www.linkedin.com/in/r-angelin-raj,13 Apr 2025,1st-Degree LinkedIn Connection
1719,Rakshanya Raj,Winman Software India LLP,Human Resources Specialist,General HR & People Operations,0,India / Global,,,https://www.linkedin.com/in/rakshanya-raj-4a716246,04 Jul 2026,1st-Degree LinkedIn Connection
1720,Sova Sharma Pramanik,Winners win commuinity,Human Resources Recruiter,Talent Acquisition,0,India / Global,,,https://www.linkedin.com/in/sova-sharma-pramanik-b0328a236,07 Nov 2025,1st-Degree LinkedIn Connection
1721,Chandni Priyadarshini,Wipro,Senior Executive Talent Acquisition,Talent Acquisition,1,Bengaluru / Karnataka,,,https://www.linkedin.com/in/chandni-priyadarshini,13 Apr 2026,1st-Degree LinkedIn Connection
1722,harshika shubh P,Wipro,Assistant Manager- Talent Acquisition,Talent Acquisition,1,Bengaluru / Karnataka,,,https://www.linkedin.com/in/harshika-shubh-p-595a6b212,24 Feb 2026,1st-Degree LinkedIn Connection
1723,Priyadarshani Padhy,Wipro,Senior Executive Recruiter,Talent Acquisition,1,Bengaluru / Karnataka,,,https://www.linkedin.com/in/priyadarshani-padhy-7885ba1a4,25 Mar 2026,1st-Degree LinkedIn Connection
1724,Maria Maglin,Wipro Aerospace,Head of Human Resources,General HR & People Operations,1,Bengaluru / Karnataka,,,https://www.linkedin.com/in/maria-maglin-949b74b,04 Jun 2025,1st-Degree LinkedIn Connection
1725,Bhavya A P,Wipro Limited,Talent Acquisition Manager - Australia,Talent Acquisition,1,Bengaluru / Karnataka,,,https://www.linkedin.com/in/bhavya-a-p-20260541,24 Sep 2024,1st-Degree LinkedIn Connection
1726,Ruchi Bhakt,Wipro Limited,Assistant Manager - Talent Acquisition,Talent Acquisition,1,Bengaluru / Karnataka,,,https://www.linkedin.com/in/ruchi-bhakt-8bb21917,12 Aug 2026,1st-Degree LinkedIn Connection
1727,Richa Chauhan,Wishup.co,Talent Acquisition Specialist,Talent Acquisition,0,India / Global,,,https://www.linkedin.com/in/richa-chauhan-289272102,08 Jan 2026,1st-Degree LinkedIn Connection
1728,Hanisha Pralayakaveri,Wissen Technology,Talent Acquisition Consultant,Talent Acquisition,0,India / Global,,,https://www.linkedin.com/in/hanisha-p-7a68691a7,26 May 2025,1st-Degree LinkedIn Connection
1729,Khushbu Parida,Wissen Technology,Talent Acquisition Specialist,Talent Acquisition,0,India / Global,,,https://www.linkedin.com/in/khushbuparida-technicalhiring,20 Jun 2025,1st-Degree LinkedIn Connection
1730,Roshni Hirani,Wissen Technology,Associate Consultant Talent Acquisition,Talent Acquisition,0,India / Global,,,https://www.linkedin.com/in/roshni-hirani-9ba8b1186,20 Jan 2026,1st-Degree LinkedIn Connection
1731,Shivangi Bhattacharyya,Wissen Technology,Associate Consultant- Talent Acquisition,Talent Acquisition,0,India / Global,,,https://www.linkedin.com/in/shivangibhattacharya,15 Oct 2024,1st-Degree LinkedIn Connection
1732,Shrinidhi Suneeth,Wissen Technology,Talent Acquisition Trainee,HR Intern / Trainee,0,India / Global,,,https://www.linkedin.com/in/shrinidhi-suneeth-065257220,17 May 2025,1st-Degree LinkedIn Connection
1733,Garima Jindal,WNS,Human Resources Executive,General HR & People Operations,0,India / Global,,,https://www.linkedin.com/in/garima-jindal-b785a91ba,19 Nov 2025,1st-Degree LinkedIn Connection
1734,Suvetha Sakthivel,Wogle Tech,Human Resources Executive,General HR & People Operations,0,India / Global,,,https://www.linkedin.com/in/suvetha-sakthivel-2830941a8,10 May 2026,1st-Degree LinkedIn Connection
1735,Priyanka Sugath,Wonderla Holidays Ltd.,Talent Acquisition Executive,Talent Acquisition,0,India / Global,,,https://www.linkedin.com/in/priyanka-sugath-b25182190,14 Jul 2025,1st-Degree LinkedIn Connection
1736,Moumita Sarkar,WORK POTATO CONSULTANCY,Assistant Manager Human Resources,General HR & People Operations,0,India / Global,,,https://www.linkedin.com/in/moumita-sarkar-95b009167,29 Jul 2026,1st-Degree LinkedIn Connection
1737,Shayani Singha,WORK POTATO CONSULTANCY,Senior Talent Acquisition & Client Partnerships Lead,Talent Acquisition,0,India / Global,,,https://www.linkedin.com/in/shayani-singha-90490b114,29 Jul 2026,1st-Degree LinkedIn Connection
1738,Anjali Yadav,Workforce Management Consultancy,Human Resources Executive,General HR & People Operations,0,India / Global,,,https://www.linkedin.com/in/anjali-yadav-82a1b8251,20 Jun 2025,1st-Degree LinkedIn Connection
1739,Lekhashree Jaganath,Wow! Momo,Assistant Manager Human Resources,General HR & People Operations,0,India / Global,lekhashreejaganath396@gmail.com,,https://www.linkedin.com/in/lekhashree-jaganath-8b83ba195,09 Dec 2025,1st-Degree LinkedIn Connection
1740,Ashika Serrao,WPP Media,Talent Acquisition Specialist,Talent Acquisition,0,India / Global,,,https://www.linkedin.com/in/ashika-serrao,04 Dec 2024,1st-Degree LinkedIn Connection
1741,Priya Dharshini,Wrike,Junior HR Analyst,General HR & People Operations,0,India / Global,,,https://www.linkedin.com/in/priyadharshini2110,02 Jan 2025,1st-Degree LinkedIn Connection
1742,pinki tayal,Wroots Global Private Limited,Human Resources Intern,HR Intern / Trainee,0,India / Global,,,https://www.linkedin.com/in/pinki-tayal-481b9b301,31 May 2026,1st-Degree LinkedIn Connection
1743,Jaya Sharma,Wyreflow Technologies,Human Resources Intern,HR Intern / Trainee,0,India / Global,,,https://www.linkedin.com/in/jayasharma10440b252,04 May 2025,1st-Degree LinkedIn Connection
1744,Saroja Natekar,Xceedance,Senior Executive Human Resources,General HR & People Operations,0,India / Global,,,https://www.linkedin.com/in/saroja-natekar-74a648b4,23 May 2025,1st-Degree LinkedIn Connection
1745,Priyanka Sharma,XCUTIVES INC.,"Senior Search Executive-Sales and Leadership Hiring (North America, APAC & EMEA)",Talent Acquisition,0,India / Global,,,https://www.linkedin.com/in/priyanka-sharma-62b754201,01 Feb 2025,1st-Degree LinkedIn Connection
1746,Khushi Rungta,XD BUILD,Human Resources Manager,General HR & People Operations,0,India / Global,,,https://www.linkedin.com/in/khushi-rungta-17739417b,13 Aug 2025,1st-Degree LinkedIn Connection
1747,Saddikuti Aparna,Xevyte,HR Recruiter,Talent Acquisition,0,India / Global,,,https://www.linkedin.com/in/saddikutiaparnab,26 May 2025,1st-Degree LinkedIn Connection
1748,Riti Gupta,Y-Not Design & Mfg.,Human Resources Executive,General HR & People Operations,0,India / Global,,,https://www.linkedin.com/in/riti-gupta-56858a207,23 Jul 2026,1st-Degree LinkedIn Connection
1749,Alma Siddiqui,YASH Technologies,Human Resources Trainee,HR Intern / Trainee,0,India / Global,,,https://www.linkedin.com/in/alma-siddiqui-89395b226,15 Jun 2026,1st-Degree LinkedIn Connection
1750,Bhavadharani M,Yaskawa India Private Limited,Human Resources Executive,General HR & People Operations,0,India / Global,,,https://www.linkedin.com/in/bhavadharani-m-a07272203,06 Jun 2025,1st-Degree LinkedIn Connection
1751,Sonam Singh,YES BANK,Human Resources Business Partner,HR Business Partner,0,India / Global,,,https://www.linkedin.com/in/sonam-singh-17a942147,22 Nov 2024,1st-Degree LinkedIn Connection
1752,Dishna Sai,Yethi Consulting,Human Resources Intern,HR Intern / Trainee,0,India / Global,,,https://www.linkedin.com/in/dishna-sai-431ab3289,14 Oct 2024,1st-Degree LinkedIn Connection
1753,Preeti Hati Baruah,Yethi Consulting,Human Resources Associate,General HR & People Operations,0,India / Global,,,https://www.linkedin.com/in/preeti-hatibaruah,11 Sep 2024,1st-Degree LinkedIn Connection
1754,Deeshna Vasansetti,YourDOST,Talent Acquisition Specialist,Talent Acquisition,0,India / Global,,,https://www.linkedin.com/in/deeshna-vasansetti-77dv7307,22 Apr 2025,1st-Degree LinkedIn Connection
1755,Alna Yeldho,Yulu,Associate - Talent Acquisition & People Ops,Talent Acquisition,0,India / Global,,,https://www.linkedin.com/in/alna-yeldho-ba6322243,20 Nov 2024,1st-Degree LinkedIn Connection
1756,Sushmita Bose,ZAFCO,Senior Human Resources Generalist,General HR & People Operations,0,India / Global,,,https://www.linkedin.com/in/sushmita-bose-b6a441164,04 Jun 2025,1st-Degree LinkedIn Connection
1757,Spoorthi Shreshti,Zap India Technologies,Accounting and HR Intern,HR Intern / Trainee,0,India / Global,,,https://www.linkedin.com/in/spoorthi-shreshti-56991a2a4,10 Apr 2026,1st-Degree LinkedIn Connection
1758,Gaurangi Manocha,Zensciences,Talent Advisor,General HR & People Operations,0,India / Global,,,https://www.linkedin.com/in/gaurangi-manocha-b5565819a,27 Jun 2026,1st-Degree LinkedIn Connection
1759,Muskan Sharma,Zenskar,Senior HR,General HR & People Operations,0,India / Global,,,https://www.linkedin.com/in/muskan-sharma-ms,16 Dec 2025,1st-Degree LinkedIn Connection
1760,kashish singhal,Zephyr Capitals,Human Resources Intern,HR Intern / Trainee,0,India / Global,,,https://www.linkedin.com/in/kashish-singhal-7b44b7300,07 May 2026,1st-Degree LinkedIn Connection
1761,Samantha Rao,Zepto,Finance and HR (at AMDNS Enterprise-Franchisee),General HR & People Operations,0,India,rao.samantha@gmail.com,9380757437,https://www.linkedin.com/in/samantha-rao-34321a33a,05 Jan 2026,1st-Degree LinkedIn Connection
1762,Yashaswini L,Zepto,Talent Acquisition Specialist,Talent Acquisition,0,India / Global,,,https://www.linkedin.com/in/yashaswini-l-9bbb6b229,07 May 2025,1st-Degree LinkedIn Connection
1763,Kavya Nambiar,Zepto (KiranaKart),Product Operations Talent Partner,HR Operations & Payroll,1,"Koramangala 5th Block, Bangalore",kavya.n@zepto.com,+91-80-40002074,https://www.linkedin.com/search/results/people/?keywords=Kavya%20Nambiar%20Zepto%20(KiranaKart),Enterprise Verified,Enterprise Hiring Database
1764,Rohan Bhattacharya,Zepto (KiranaKart),B2B Sales & GTM Sourcing Lead,Talent Acquisition,1,"Koramangala 5th Block, Bangalore",rohan.b@zepto.com,+91-80-40002091,https://www.linkedin.com/search/results/people/?keywords=Rohan%20Bhattacharya%20Zepto%20(KiranaKart),Enterprise Verified,Enterprise Hiring Database
1765,Tanvi Agarwal,Zepto (KiranaKart),Founders Office & Ops Sourcing Lead,Talent Acquisition,1,"Koramangala 5th Block, Bangalore",tanvi.a@zepto.com,+91-80-40002108,https://www.linkedin.com/search/results/people/?keywords=Tanvi%20Agarwal%20Zepto%20(KiranaKart),Enterprise Verified,Enterprise Hiring Database
1766,Varun Sen,Zepto (KiranaKart),Head of Business & Revenue Recruitment,General HR & People Operations,1,"Koramangala 5th Block, Bangalore",varun.sen@zepto.com,+91-80-40002057,https://www.linkedin.com/search/results/people/?keywords=Varun%20Sen%20Zepto%20(KiranaKart),Enterprise Verified,Enterprise Hiring Database
1767,Swathi Shetty,ZeroFox,Talent Acquisition Specialist,Talent Acquisition,0,India / Global,,,https://www.linkedin.com/in/shettyswathi03,02 Jun 2025,1st-Degree LinkedIn Connection
1768,Sravani komaraju,ZettaMine Labs Pvt. Ltd.,Human Resources Executive,General HR & People Operations,0,India / Global,sravanikomaraju1408@gmail.com,,https://www.linkedin.com/in/sravani-komaraju-258663234,19 Nov 2025,1st-Degree LinkedIn Connection
1769,Harshali bhandary,Zibtek - Custom Software Development Company,Human Resources Executive,General HR & People Operations,0,India / Global,,,https://www.linkedin.com/in/harshali-bhandary-92006a222,03 Jun 2025,1st-Degree LinkedIn Connection
1770,Sharmita Roy,Zinnov,Director - Talent Acquisition,Executive & Leadership,0,India / Global,,,https://www.linkedin.com/in/sharmita-roy,25 Aug 2025,1st-Degree LinkedIn Connection
1771,Nisha Nayak,ZMotion Autonomous Systems Pvt Ltd,Human Resources Executive,General HR & People Operations,0,India / Global,,,https://www.linkedin.com/in/nisha-nayak-121bb6235,15 Jul 2025,1st-Degree LinkedIn Connection
1772,Gayathri Srinivasa,ZopSmart,Senior Executive Human Resources,General HR & People Operations,0,India / Global,,,https://www.linkedin.com/in/gayathri-srinivasa-2523621b3,08 May 2025,1st-Degree LinkedIn Connection
1773,Padmavathi S,ZopSmart Technology,Lead Recruiter,Talent Acquisition,0,India / Global,,,https://www.linkedin.com/in/padmavathi-s-9b7a0a57,27 May 2025,1st-Degree LinkedIn Connection
1774,Tanuja Regani,Zota Healthcare Limited,Human Resources Manager,General HR & People Operations,0,India / Global,,,https://www.linkedin.com/in/tanuja-regani-8865a1238,11 May 2026,1st-Degree LinkedIn Connection
1775,Monica Sharon,ZS,Human Resources Analyst,General HR & People Operations,0,India / Global,,,https://www.linkedin.com/in/monica-sharon-990b3b158,07 May 2025,1st-Degree LinkedIn Connection
1776,Kavitha Sukumar,Zyeta,Manager Talent Acquisition,Talent Acquisition,0,India / Global,,,https://www.linkedin.com/in/kavitha-sukumar2593,12 Jan 2026,1st-Degree LinkedIn Connection
1777,Snehi Jain,Zyoin,Senior Talent Acquisition,Talent Acquisition,0,India / Global,,,https://www.linkedin.com/in/snehijain24,06 Jun 2025,1st-Degree LinkedIn Connection
1778,Kumari Chahat,Zyoin Group,Talent Acquisition Associate,Talent Acquisition,0,India / Global,,,https://www.linkedin.com/in/kumari-chahat-1a59992b5,18 Jul 2025,1st-Degree LinkedIn Connection
1779,Neha Jaiswal,Zyoin Group,Senior Talent Acquisition,Talent Acquisition,0,India / Global,,,https://www.linkedin.com/in/neha-jaiswal-2422811aa,19 Nov 2025,1st-Degree LinkedIn Connection
1780,Sana kousar (She/Her),Zyoin Group,Principal Talent Acquisition (Money Forward),Talent Acquisition,0,India / Global,,,https://www.linkedin.com/in/sana-kousar-she-her-b29126173,12 Dec 2025,1st-Degree LinkedIn Connection
1781,Pawneet Kaur,Zypp Electric,HRBP Head,HR Business Partner,0,India / Global,,,https://www.linkedin.com/in/pawneet-kaur-humanresources,14 Jan 2025,1st-Degree LinkedIn Connection
