Application Date,Contact Email,Contact Phone Number,Company Name,Job Title,Job Url,Resume Name,Question And Answers
"8/11/26, 2:05 AM",ashishiash007@gmail.com, +917003456624,TotalEnergies,Assistant Manager ( HSSE ) ,http://www.linkedin.com/jobs/view/4452197513,Aditya_Mehra_Resume.pdf,Email address:ashishiash007@gmail.com | Mobile phone number:+91 7003456624 | What is your current CTC per annum?:0 | What is your level of proficiency in Kannada?:None | Do you have hands-on HSSE experience in a manufacturing or industrial plant environment?:No | Please submit a resume or LinkedIn profile:2079582515.pdf
"8/5/26, 11:14 PM",ashishiash007@gmail.com, +917003456624,Vigoure MMA and Fitness,Associate Fitness Centre Manager,http://www.linkedin.com/jobs/view/1518836891,Aditya_Mehra_Resume.pdf,"Email address:ashishiash007@gmail.com | Mobile phone number:+91 7003456624 | We must fill this position urgently. Can you start immediately?:Yes | Are you comfortable working in an onsite setting?:Yes | This role requires split shifts and weekend working. Are you comfortable with this schedule? (Rotational shift):Yes | Please submit a resume or LinkedIn profile:2079582515.pdf | Are you comfortable with a salary of around 35,000 + incentives?:Yes"
"8/6/26, 9:35 AM",ashishiash007@gmail.com, +917003456624,EIMR Business School,Admission Advisor,http://www.linkedin.com/jobs/view/4449381315,Aditya_Mehra_Resume.pdf,Please submit a resume or LinkedIn profile:2079582515.pdf | Have you completed the following level of education: Bachelor's Degree?:Yes | Email address:ashishiash007@gmail.com | Are you comfortable commuting to this job's location?:Yes | Mobile phone number:+91 7003456624
"7/23/26, 2:39 AM",ashishiash007@gmail.com,7003456624,Thames & Tiger,Trainee Management Consultant,http://www.linkedin.com/jobs/view/4436093418,Aditya_Mehra_Resume.pdf,Please submit a resume or LinkedIn profile:2079582515.pdf | Mobile phone number:+ 7003456624 | Email address:ashishiash007@gmail.com
"7/26/26, 3:52 AM",ashishiash007@gmail.com,7003456624,FRND,Strategy Associate - International,http://www.linkedin.com/jobs/view/4439797724,Aditya_Mehra_Resume.pdf,Mobile phone number:+ 7003456624 | What is the notice period in your present organisation?:0 | Please submit a resume or LinkedIn profile:2079582515.pdf | Email address:ashishiash007@gmail.com | Are you comfortable commuting to this job's location?:Yes | How many years of work experience do you have with SQL?:0
"8/6/26, 6:27 AM",ashishiash007@gmail.com, +917003456624,Superset,Event Manager,http://www.linkedin.com/jobs/view/4446292658,Aditya_Mehra_Resume.pdf,Are you comfortable commuting/relocating to the job location(Bangalore)?:Yes | Mobile phone number:+91 7003456624 | Email address:ashishiash007@gmail.com | How many years of running post even campaign experience do you currently have?:0 | What is your current CTC?:0 | How many years of Corporate event & engagement experience do you currently have?:0 | Please submit a resume or LinkedIn profile:2079582515.pdf | What is your notice period?:0 | What is your expected CTC?:600000
"8/13/26, 1:11 AM",ashishiash007@gmail.com, +917003456624,Indianeye Security Pvt Ltd,Power Trading Operations Executive,http://www.linkedin.com/jobs/view/4450468361,Aditya_Mehra_Resume.pdf,Mobile phone number:+91 7003456624 | Have you completed the following level of education: Bachelor's Degree?:Yes | We must fill this position urgently. Can you start immediately?:Yes | Please mention your Notice Period.:No | Email address:ashishiash007@gmail.com | Please submit a resume or LinkedIn profile:2079582515.pdf | 2 yrs of experience in Power Trading Company / any Exchange Platforms:No
"8/5/26, 11:21 PM",ashishiash007@gmail.com, +917003456624,JadeCaps,Property Manager - NCR (Entry Level),http://www.linkedin.com/jobs/view/4447347363,Aditya_Mehra_Resume.pdf,"The salary ranges between 3-3.6LPA, are comfortable?:Yes | What was your last drawn salary?:0 | Please submit a resume or LinkedIn profile:2079582515.pdf | Have you completed the following level of education: Bachelor's Degree?:Yes | Mobile phone number:+91 7003456624 | Do you have a vehicle to commute, if not will you be able to arrange one?:No | Will you be able to get your personal laptop?:Yes | Email address:ashishiash007@gmail.com"
"8/13/26, 1:13 AM",ashishiash007@gmail.com, +917003456624,Wisemonk,HR Operations Associate,http://www.linkedin.com/jobs/view/4452928048,Aditya_Mehra_Resume.pdf,How many years of work experience do you have with Human Resources Information Systems (HRIS)?:0 | Have you completed the following level of education: Bachelor's Degree?:Yes | We must fill this position urgently. Can you start immediately?:Yes | Email address:ashishiash007@gmail.com | Mobile phone number:+91 7003456624 | Please submit a resume or LinkedIn profile:2079582515.pdf
"8/11/26, 1:57 AM",ashishiash007@gmail.com, +917003456624,Dinoxo,Business Development Manager,http://www.linkedin.com/jobs/view/4448966850,Aditya_Mehra_Resume.pdf,What is your current CTC:0 | How many years of work experience do you have with Business Development?:0 | Please submit a resume or LinkedIn profile:2079582515.pdf | How many years of Staffing and Recruiting experience do you currently have?:0 | Email address:ashishiash007@gmail.com | Mobile phone number:+91 7003456624 | We must fill this position urgently. Can you start immediately?:Yes
"8/17/26, 6:55 AM",ashishiash007@gmail.com, +917003456624,Codingal,Operations Associate (Student Onboarding),http://www.linkedin.com/jobs/view/4452267446,Aditya_Mehra_Resume.pdf,Mobile phone number:+91 7003456624 | Please submit a resume or LinkedIn profile:2079582515.pdf | Email address:ashishiash007@gmail.com | Are you comfortable working onsite from our Bangalore office at HSR Layout?:Yes
"8/17/26, 11:53 PM",ashishiash007@gmail.com, +917003456624,CeeQ,Marketing Executive - Fresher,http://www.linkedin.com/jobs/view/4452565672,Aditya_Mehra_Resume.pdf,"Please submit a resume or LinkedIn profile:2079582515.pdf | What is your expected CTC?(in lacs per annum):5 | Email address:ashishiash007@gmail.com | Do you have experience with social media content creation?:No | Have you created any video content?:Yes | What is your notice period? (In number of days, put 0 if none):0 | Mobile phone number:+91 7003456624 | What is your current CTC?(in lacs per annum):0 | Are you comfortable commuting to the office in Jayanagar, Bengaluru?:Yes"
"8/6/26, 10:28 PM",ashishiash007@gmail.com, +917003456624,Aydus,Founder's Associate,http://www.linkedin.com/jobs/view/4448998064,Aditya_Mehra_Resume.pdf,Please submit a resume or LinkedIn profile:2079582515.pdf | Mobile phone number:+91 7003456624 | What is your expected pay? (in LPA):6 | Email address:ashishiash007@gmail.com | How quickly can you join us? (in days):0
"3/8/26, 1:40 AM",ashishiash007@gmail.com, +917003456624,Tradeshala,Portfolio Management Intern,http://www.linkedin.com/jobs/view/4373666261,cv Aditya Mehra CMS23BB0003.docx,Mobile phone number:+91 7003456624 | Have you completed the following level of education: Master of Business Administration?:No | Email address:ashishiash007@gmail.com | Please submit a resume or LinkedIn profile:507478585.docx
"8/11/26, 1:59 AM",ashishiash007@gmail.com, +917003456624,LUCIDSPACE,International Business Development Manager,http://www.linkedin.com/jobs/view/4439129645,Aditya_Mehra_Resume.pdf,Mobile phone number:+91 7003456624 | How many years of Business Development experience do you currently have?:0 | Please submit a resume or LinkedIn profile:2079582515.pdf | Email address:ashishiash007@gmail.com
"8/1/26, 9:14 AM",ashishiash007@gmail.com,7003456624,Joveo,Business Operations & Strategy Intern,http://www.linkedin.com/jobs/view/4445510394,Aditya_Mehra_Resume.pdf,Please submit a resume or LinkedIn profile:2079582515.pdf | Are you willing to work from Bangalore/ Bengaluru in a work-from-office setup (Mon-Fri) IF REQUIRED?:Yes | Mobile phone number:+ 7003456624 | Email address:ashishiash007@gmail.com | Are you comfortable with the work Shift of 12 PM - 9 PM IST?:Yes
"8/1/26, 11:44 PM",ashishiash007@gmail.com,7003456624,Crossing Hurdles,Business Planning Assistant (English) | $9/hr Remote,http://www.linkedin.com/jobs/view/4444549547,Aditya_Mehra_Resume.pdf,"First name:Aditya | City:banglore | Mobile phone number:+ 7003456624 | Degree: | Dates attended:2023-09-null - 2026-06-null | Major / Field of study: | School:Dayananda Sagar University | Your title:Event Coordinator | Dates of employment:2026-01-null - 2026-01-null | City:banglore | Please submit a resume or LinkedIn profile:2079582515.pdf | Company:Salt in My Coca | Your title:Event Coordinator | City:Banglore | Last name:Mehra | Your title:Operations Lead | City: | School: | Dates of employment:2025-07-null - 2025-08-null | Dates of employment:2021-01-null - 2026-06-null | Dates of employment:2018-01-null - 2020-11-null | City: | School: | Dates of employment:2025-02-null - 2025-02-null | Company:Family Business | Description:Drove client outreach and lead generation, managing multiple concurrent client communication threads. Received a written management commendation for performance at programme conclusion. | Your title:Business Development Intern | Description:Coordinated corporate and entertainment events for clients including VH1 Supersonic, Tata Communications, Aero India, and Puma. Managed event budgets end-to-end and led on-ground teams, delivering events to large audiences. | Degree: | Your title:Chief Executive Officer | Description:Coordinated a live music event end-to-end, managing artist logistics, AV teams, and vendors through the full performance. Resolved real-time, on-ground issues across multiple teams under live event conditions. | Major / Field of study: | City: | City:Kolkata | Company:TRILOGY: Indo-Jazz Instrumental Fusion | Description:Managed stall setup, brand presentation, and visitor engagement for a premium gifting brand at India's biennial aerospace and defence exhibition. Coordinated daily with exhibition management and cross-functional teams across the full event duration. | Degree:Bachelor of Business Administration | Major / Field of study:International Business | Description:Managed day-to-day operations across sales, marketing, finance, and administration in a small, closely-held business. Built a hands-on, cross-functional foundation in running a business end-to-end with full ownership of outcomes. | City: | Email address:ashishiash007@gmail.com | Company:Business Owner | Company:Pencil Mark Interior Solutions LLP"
"8/6/26, 1:41 AM",ashishiash007@gmail.com, +917003456624,OpenHire,Customer Support Executive - Freshers,http://www.linkedin.com/jobs/view/4448975062,Aditya_Mehra_Resume.pdf,Email address:ashishiash007@gmail.com | Mobile phone number:+91 7003456624 | What is your level of proficiency in English?:Conversational | Are you okay with working a night shift?:Yes | Please submit a resume or LinkedIn profile:2079582515.pdf | This is a freshers' role. Are you okay with the salary promised?:Yes
"8/5/26, 11:11 PM",ashishiash007@gmail.com, +917003456624,Talasha,Event Manager,http://www.linkedin.com/jobs/view/4447693692,Aditya_Mehra_Resume.pdf,"Please submit a resume or LinkedIn profile:2079582515.pdf | Have you worked in start-up food businesses ?:No | Mobile phone number:+91 7003456624 | What is your last drawn CTC in lakhs?:0 | Are you Bangalore based and can travel to Hebbal as well as travel across the city for catering events ?:Yes | Do you have experience in Guest relations as well as Food & Beverages Operations (vendor management, staff management, logistics & inventory handling, etc):Yes | Email address:ashishiash007@gmail.com"
"8/11/26, 6:59 AM",ashishiash007@gmail.com, +917003456624,CareerXperts Consulting,Quality Analyst,http://www.linkedin.com/jobs/view/4449824813,Aditya_Mehra_Resume.pdf,
"8/13/26, 1:13 AM",ashishiash007@gmail.com, +917003456624,Fresh Learn Global,Bussiness Associate,http://www.linkedin.com/jobs/view/4452911122,Aditya_Mehra_Resume.pdf,What is your Current CTC :0 | Are you comfortable with the night shifts 5pm -2am:Yes | Have you completed the following level of education: Bachelor's Degree?:Yes | We must fill this position urgently. Can you start immediately?:Yes | Please submit a resume or LinkedIn profile:2079582515.pdf | Mobile phone number:+91 7003456624 | Email address:ashishiash007@gmail.com
"7/30/26, 6:17 AM",ashishiash007@gmail.com,7003456624,Trilegal,Executive Assistant,http://www.linkedin.com/jobs/view/4446714917,Aditya_Mehra_Resume.pdf,Please submit a resume or LinkedIn profile:2079582515.pdf | Mobile phone number:+ 7003456624 | Email address:ashishiash007@gmail.com
"8/5/26, 11:20 PM",ashishiash007@gmail.com, +917003456624,Creative Code Productions Pvt. Ltd.,Business Development,http://www.linkedin.com/jobs/view/4449987798,Aditya_Mehra_Resume.pdf,
"8/5/26, 11:20 PM",ashishiash007@gmail.com, +917003456624,Mardamed Healthcare,Medical Operations & Business Manager,http://www.linkedin.com/jobs/view/4444109213,Aditya_Mehra_Resume.pdf,
"8/17/26, 6:48 AM",ashishiash007@gmail.com, +917003456624,Appinventiv,Business Analyst,http://www.linkedin.com/jobs/view/4452236708,Aditya_Mehra_Resume.pdf,How many years of work experience do you have with Microsoft PowerPoint?:0 | Mobile phone number:+91 7003456624 | How many years of work experience do you have with Microsoft Office?:0 | Have you completed the following level of education: Bachelor's Degree?:Yes | Please submit a resume or LinkedIn profile:2079582515.pdf | Email address:ashishiash007@gmail.com
"8/5/26, 11:18 PM",ashishiash007@gmail.com, +917003456624,izmo ltd,Digital Marketing Program Manager,http://www.linkedin.com/jobs/view/4416210684,Aditya_Mehra_Resume.pdf,"Email address:ashishiash007@gmail.com | Your title:Operations Lead | Your title:Event Coordinator | Dates of employment:2026-01-null - 2026-01-null | City:banglore | Mobile phone number:+91 7003456624 | Description:Managed stall setup, brand presentation, and visitor engagement for a premium gifting brand at India's biennial aerospace and defence exhibition. Coordinated daily with exhibition management and cross-functional teams across the full event duration. | Dates of employment:2025-07-null - 2025-08-null | Description:Coordinated a live music event end-to-end, managing artist logistics, AV teams, and vendors through the full performance. Resolved real-time, on-ground issues across multiple teams under live event conditions. | City:Kolkata | First name:Aditya | City: | Description:Managed day-to-day operations across sales, marketing, finance, and administration in a small, closely-held business. Built a hands-on, cross-functional foundation in running a business end-to-end with full ownership of outcomes. | Company:TRILOGY: Indo-Jazz Instrumental Fusion | Description:Drove client outreach and lead generation, managing multiple concurrent client communication threads. Received a written management commendation for performance at programme conclusion. | Dates of employment:2021-01-null - 2026-06-null | School:Dayananda Sagar University | Company:Business Owner | School: | Your title:Event Coordinator | Dates of employment:2025-02-null - 2025-02-null | Major / Field of study:International Business | City: | Company:Pencil Mark Interior Solutions LLP | Company:Salt in My Coca | City: | City:banglore | Degree: | Dates attended:2023-09-null - 2026-06-null | Your title:Chief Executive Officer | Dates of employment:2018-01-null - 2020-11-null | Last name:Mehra | Degree: | Please submit a resume or LinkedIn profile:2079582515.pdf | Degree:Bachelor of Business Administration | Major / Field of study: | Major / Field of study: | Company:Family Business | City:Bangalore | School: | Description:Coordinated corporate and entertainment events for clients including VH1 Supersonic, Tata Communications, Aero India, and Puma. Managed event budgets end-to-end and led on-ground teams, delivering events to large audiences. | City:Banglore | Your title:Business Development Intern"
"8/17/26, 6:54 AM",ashishiash007@gmail.com, +917003456624,HCLTech,HCL Hiring Fresher (2024/2026) Process associate _ Voice Process _Bangalore Location_ Walkin Drive on_ Saturday_ 25th July 2026,http://www.linkedin.com/jobs/view/4443791300,Aditya_Mehra_Resume.pdf,Email address:ashishiash007@gmail.com | Mobile phone number:+91 7003456624 | How many years of Customer Service experience do you currently have?:0 | Please submit a resume or LinkedIn profile:2079582515.pdf
"8/5/26, 11:18 PM",ashishiash007@gmail.com, +917003456624,Simplilearn,Inside Sales Specialist ( IC Role ),http://www.linkedin.com/jobs/view/4449112815,Aditya_Mehra_Resume.pdf,Please submit a resume or LinkedIn profile:2079582515.pdf | Mobile phone number:+91 7003456624 | Have you completed the following level of education: Bachelor's Degree?:Yes | Email address:ashishiash007@gmail.com
"8/5/26, 1:51 AM",ashishiash007@gmail.com, +917003456624,"JW Marriott, Bengaluru",Events Executive,http://www.linkedin.com/jobs/view/4448275499,Aditya_Mehra_Resume.pdf,Mobile phone number:+91 7003456624 | Please submit a resume or LinkedIn profile:2079582515.pdf | Email address:ashishiash007@gmail.com | How many years of Customer Service experience do you currently have?:0
"7/23/26, 2:40 AM",ashishiash007@gmail.com,7003456624,Sales Co Asia,Management Trainee Program,http://www.linkedin.com/jobs/view/4439978314,Aditya_Mehra_Resume.pdf,Are you comfortable working in an onsite setting?:Yes | We must fill this position urgently. Can you start immediately?:Yes | Email address:ashishiash007@gmail.com | Please submit a resume or LinkedIn profile:2079582515.pdf | Mobile phone number:+ 7003456624
"8/5/26, 1:14 PM",ashishiash007@gmail.com, +917003456624,Newleap Nestor,Business Development Manager,http://www.linkedin.com/jobs/view/4448016028,Aditya_Mehra_Resume.pdf,Please submit a resume or LinkedIn profile:2079582515.pdf | Email address:ashishiash007@gmail.com | Have you completed the following level of education: Bachelor's Degree?:Yes | Are you comfortable commuting to this job's location?:No | Mobile phone number:+91 7003456624 | How many years of Business Development experience do you currently have?:0 | Any exposure to franchise development ? :No
"7/25/26, 3:11 AM",ashishiash007@gmail.com,7003456624,Bhanzu,Business Development Associate (WFO),http://www.linkedin.com/jobs/view/4441894110,Aditya_Mehra_Resume.pdf,We must fill this position urgently. Can you start immediately?:Yes | Are you comfortable working in an onsite setting?:Yes | Mobile phone number:+ 7003456624 | Please submit a resume or LinkedIn profile:2079582515.pdf | Are you comfortable commuting to this job's location?:Yes | Comfortable with 3.5 LPA Fixed CTC ? :Yes | Email address:ashishiash007@gmail.com
"8/5/26, 6:58 AM",ashishiash007@gmail.com, +917003456624,Tesslogs IT Solutions,Business Analyst,http://www.linkedin.com/jobs/view/4447352661,Aditya_Mehra_Resume.pdf,"What is your Current CTC?:0 | Email address:ashishiash007@gmail.com | How many years of work experience do you have with Agile Methodologies?:0 | How many years of experience do you have as a Business Analyst?:0 | How many years of experience do you have with data migration, system integration, or business separation projects?:0 | Please submit a resume or LinkedIn profile:2079582515.pdf | What is your Notice period?:0 | How many years of experience do you have in Acquisitions, Divestitures (A&D), or Mergers & Acquisitions (M&A) projects?:0 | How many years of experience do you have in business process analysis and requirements gathering (BRD/FRD/User Stories)?:0 | How many years of work experience do you have with Data Migration?:0 | Do you have experience working in Agile, Waterfall, or Hybrid delivery models?:No | How many years of work experience do you have with Jira?:0 | Mobile phone number:+91 7003456624 | What is your Expected CTC?:500000 | How many years of experience do you have using Jira, Confluence ?:0"
"7/23/26, 2:58 AM",ashishiash007@gmail.com,7003456624,AppXcelerate Solutions Pvt Ltd,Business Development Executive,http://www.linkedin.com/jobs/view/4435425883,Aditya_Mehra_Resume.pdf,Mobile phone number:+ 7003456624 | Email address:ashishiash007@gmail.com | Have you completed the following level of education: Master of Business Administration?:No | Please submit a resume or LinkedIn profile:2079582515.pdf
"8/7/26, 1:12 AM",ashishiash007@gmail.com, +917003456624,EazyDiner,Sales and Marketing Management Trainee,http://www.linkedin.com/jobs/view/4446716909,Aditya_Mehra_Resume.pdf,Please mention your expected monthly salary.:500000 | We must fill this position urgently. Can you start immediately?:Yes | Email address:ashishiash007@gmail.com | Please submit a resume or LinkedIn profile:2079582515.pdf | Please mention your current/ last drawn monthly salary.:0 | Mobile phone number:+91 7003456624
"7/25/26, 3:06 AM",ashishiash007@gmail.com,7003456624,Questorq,Business Development Executive,http://www.linkedin.com/jobs/view/4444093974,Aditya_Mehra_Resume.pdf,Please submit a resume or LinkedIn profile:2079582515.pdf | Are you comfortable working in an onsite setting?:Yes | Are you OK to travel and Visit Corporate Clients Directly ?:Yes | Are you Ok to work in the Salary Bracket of 4L-6L/ Year. :Yes | Mobile phone number:+ 7003456624 | Do you have a valid driver's license?:No | Email address:ashishiash007@gmail.com
"8/18/26, 9:30 AM",ashishiash007@gmail.com, +917003456624,Masai,Business Analyst,http://www.linkedin.com/jobs/view/4454478993,Aditya_Mehra_Resume.pdf,"Location (city):urn:li:geo:112376381 | Dates of employment:2026-01-null - 2026-01-null | Description:Drove client outreach and lead generation, managing multiple concurrent client communication threads. Received a written management commendation for performance at programme conclusion. | How proficient are you in SQL? Please rate yourself from 1–10.:0 | Description:Managed day-to-day operations across sales, marketing, finance, and administration in a small, closely-held business. Built a hands-on, cross-functional foundation in running a business end-to-end with full ownership of outcomes. | Please select your total additional months of experience::0 month | Dates of employment:2025-02-null - 2025-02-null | Please enter your expected ctc in INR:500000 | Company:TRILOGY: Indo-Jazz Instrumental Fusion | Description:Coordinated a live music event end-to-end, managing artist logistics, AV teams, and vendors through the full performance. Resolved real-time, on-ground issues across multiple teams under live event conditions. | Do you actively use AI tools in your day-to-day work? If yes, please mention which AI tools you use.:yes | Your title:Business Development Intern | Please enter your notice period in days:0 | Dates of employment:2025-07-null - 2025-08-null | Dates of employment:2018-01-null - 2020-11-null | Your title:Chief Executive Officer | Please enter your current ctc in INR:0 | Description:Coordinated corporate and entertainment events for clients including VH1 Supersonic, Tata Communications, Aero India, and Puma. Managed event budgets end-to-end and led on-ground teams, delivering events to large audiences. | Description:Managed stall setup, brand presentation, and visitor engagement for a premium gifting brand at India's biennial aerospace and defence exhibition. Coordinated daily with exhibition management and cross-functional teams across the full event duration. | Company:Business Owner | First name:Aditya | Company:Pencil Mark Interior Solutions LLP | City:Banglore | Your title:Event Coordinator | Are you comfortable working 6 days a week from the office, with working hours from 12:00 PM to 10:00 PM?:No | City:banglore | Last name:Mehra | Please submit a resume or LinkedIn profile:2079582515.pdf | Your title:Event Coordinator | Company:Family Business | Dates of employment:2021-01-null - 2026-06-null | Company:Salt in My Coca | Mobile phone number:+91 7003456624 | City:banglore | Please select your total years of professional experience::0 year | City: | City:Kolkata | Email address:ashishiash007@gmail.com | Your title:Operations Lead"
"8/1/26, 11:40 PM",ashishiash007@gmail.com,7003456624,NikahForever,Business Development Executive,http://www.linkedin.com/jobs/view/4447129404,Aditya_Mehra_Resume.pdf,
"7/1/26, 4:12 PM",ashishiash007@gmail.com,7003456624,PlayShifu,"Business Development Manager, International Markets",http://www.linkedin.com/jobs/view/4432339695,Aditya_Mehra_Resume.pdf,"Please submit a resume or LinkedIn profile:2079582515.pdf | How soon can you join us? (in days):30 | How many years of experience do you have in Business Development, Sales, or Channel Partnerships?:0 | Do you have experience working across multiple geographies or international markets?:No | What is your current CTC?:0 | Mobile phone number:+ 7003456624 | Email address:ashishiash007@gmail.com | Have you managed end-to-end outbound business development — from prospecting to deal closure?:No | Are you comfortable commuting to this job's location?:Yes | Do you have experience working with international distributors, retailers, or consumer product channels?:No | What is your expected CTC?:600000"
"7/25/26, 3:07 AM",ashishiash007@gmail.com,7003456624,Keen Mustard Ventures,Marketing Executive,http://www.linkedin.com/jobs/view/4440772999,Aditya_Mehra_Resume.pdf,
"8/11/26, 1:57 AM",ashishiash007@gmail.com, +917003456624,LittleBig Connection,Business Development Specialist,http://www.linkedin.com/jobs/view/4448769215,Aditya_Mehra_Resume.pdf,What is your level of proficiency in English?:Conversational | Are you comfortable commuting to this job's location?:Yes | We must fill this position urgently. Can you start immediately?:Yes | Email address:ashishiash007@gmail.com | Please submit a resume or LinkedIn profile:2079582515.pdf | Have you completed the following level of education: Bachelor's Degree?:Yes | Mobile phone number:+91 7003456624
"8/17/26, 11:54 PM",ashishiash007@gmail.com, +917003456624,Flipkart,Category Marketing Manager,http://www.linkedin.com/jobs/view/4454463792,Aditya_Mehra_Resume.pdf,Please submit a resume or LinkedIn profile:2079582515.pdf | How many years of work experience do you have with Traffic Management?:0 | Mobile phone number:+91 7003456624 | How many years of work experience do you have with Merchandising?:0 | How many years of work experience do you have with Customer Insight?:0 | Email address:ashishiash007@gmail.com
"8/19/26, 7:11 AM",ashishiash007@gmail.com, +917003456624,Tricord International India™,Business Development Specialist,http://www.linkedin.com/jobs/view/4451237036,Aditya_Mehra_Resume.pdf,Have you completed the following level of education: Bachelor's Degree?:Yes | Mobile phone number:+91 7003456624 | What is your current CTC?:0 | Are you ready to relocate to Bangalore?:Yes | What is your expected CTC?:5 | Please submit a resume or LinkedIn profile:2079582515.pdf | Email address:ashishiash007@gmail.com
"7/25/26, 3:14 AM",ashishiash007@gmail.com,7003456624,Pocket FM,Associate Growth Manager,http://www.linkedin.com/jobs/view/4437673131,Aditya_Mehra_Resume.pdf,Email address:ashishiash007@gmail.com | Notice Period :0 | Please submit a resume or LinkedIn profile:2079582515.pdf | Persent compensation :0 | Mobile phone number:+ 7003456624
"8/13/26, 1:12 AM",ashishiash007@gmail.com, +917003456624,Equinox Labs,Business Development Executive Bengaluru,http://www.linkedin.com/jobs/view/4450450355,Aditya_Mehra_Resume.pdf,9:30am to 6:00pm  Monday to Saturday  2nd & 4th Saturday off :Yes | Email address:ashishiash007@gmail.com | Do you stay close to Whitefield Bengaluru ? :No | Please submit a resume or LinkedIn profile:2079582515.pdf | Mobile phone number:+91 7003456624 | Salary: 20k inhand 22k gross + Incentives :Yes
"8/17/26, 6:48 AM",ashishiash007@gmail.com, +917003456624,HRM Counsel,Data Analyst,http://www.linkedin.com/jobs/view/4455248352,Aditya_Mehra_Resume.pdf,Please submit a resume or LinkedIn profile:2079582515.pdf | Mobile phone number:+91 7003456624 | Email address:ashishiash007@gmail.com
"3/8/26, 1:42 AM",ashishiash007@gmail.com, +917003456624,Turing,Remote Business Analyst,http://www.linkedin.com/jobs/view/4379901173,cv Aditya Mehra CMS23BB0003.docx,"By clicking ""Yes"" you agree to our Privacy Policy and data processing. Providing accurate information is essential, as any dishonesty may lead to rejection of an application or termination.*:Yes | Mobile phone number:+91 7003456624 | Please submit a resume or LinkedIn profile:507478585.docx | Email address:ashishiash007@gmail.com"
"7/30/26, 6:50 AM",ashishiash007@gmail.com,7003456624,Mitigata™ - Full-Stack Cyber Resilience,Business Development Executive,http://www.linkedin.com/jobs/view/4446730540,Aditya_Mehra_Resume.pdf,Email address:ashishiash007@gmail.com |  Can you come for Face to Face interview on Aug 1st between 10 AM -5 PM in office ?:No | Current CTC:0 | Expected CTC :600000 | Please submit a resume or LinkedIn profile:2079582515.pdf | Mobile phone number:+ 7003456624
"6/10/25, 4:45 AM",ashishiash007@gmail.com, +917003456624,Deloitte,Hiring Interns for Bangalore in HR Team,http://www.linkedin.com/jobs/view/4242714931,cv Aditya Mehra CMS23BB0003.docx,Mobile phone number:+91 7003456624 | How many years of Human Resources experience do you currently have?:0 | Email address:ashishiash007@gmail.com | Please submit a resume or LinkedIn profile:507478585.docx
"8/6/26, 1:45 AM",ashishiash007@gmail.com, +917003456624,BCforward,Customer Support Associate,http://www.linkedin.com/jobs/view/4448937999,Aditya_Mehra_Resume.pdf,"Are you comfortable with a 6-month contract?:Yes | Mobile phone number:+91 7003456624 | Notice Period in days?:0 | Email address:ashishiash007@gmail.com | Please rate your communication skills on a scale of 1 to 10.:7 | Are you comfortable with US Night Shifts?:Yes | Are you willing to relocate/work from Bangalore?:Yes | Please submit a resume or LinkedIn profile:2079582515.pdf | Please confirm if you're comfortable with an in-hand salary of ₹52,000 per month?:Yes | Do you have work experience in International Voice process?:No | Do you have PF (Provident Fund) from your current/previous employer(s)?:No"
"8/6/26, 9:35 AM",ashishiash007@gmail.com, +917003456624,"SGGK & Co LLP, Chartered Accountants",Article Trainee,http://www.linkedin.com/jobs/view/4432155890,Aditya_Mehra_Resume.pdf,Are you from Bangalore or south India and is open to work in Bangalore?:Yes | Have you passed CA intermediate exams?:No | Please submit a resume or LinkedIn profile:2079582515.pdf | Email address:ashishiash007@gmail.com | Mobile phone number:+91 7003456624 | Are you seeking CA Articleship?:No
"8/13/26, 1:12 AM",ashishiash007@gmail.com, +917003456624,SAS Sales Group,Junior Operations Management Trainee,http://www.linkedin.com/jobs/view/4452781554,Aditya_Mehra_Resume.pdf,Have you completed the following level of education: Bachelor's Degree?:Yes | Please submit a resume or LinkedIn profile:2079582515.pdf | We must fill this position urgently. Can you start immediately?:Yes | Email address:ashishiash007@gmail.com | Mobile phone number:+91 7003456624
"7/23/26, 2:54 AM",ashishiash007@gmail.com,7003456624,KAVI,Client Associate,http://www.linkedin.com/jobs/view/4437766714,Aditya_Mehra_Resume.pdf,"This an on-site role in HSR, Bangalore. Does that work for you? Please only proceed if yes. We DO NOT offer any hybrid or WFH type roles.:Yes | Can you start by July 2026?:Yes | Compensation is INR 5 LPA CTC + upto INR 2 LPA in annual bonus based on performance. Please proceed only if that works for you.:Yes | Email address:ashishiash007@gmail.com | Please submit a resume or LinkedIn profile:2079582515.pdf | Mobile phone number:+ 7003456624 | We are an early stage start-up with ambitious goals. We need to fire on all engines. Can you work 10-12 hours per day x 5 days per week? (a few hours on Saturday too):Yes"
"7/1/26, 3:52 PM",ashishiash007@gmail.com,7003456624,GreedyGame,Business Management Trainee,http://www.linkedin.com/jobs/view/4432163649,Aditya_Mehra_Resume.pdf,
"7/15/26, 11:09 AM",ashishiash007@gmail.com,7003456624,Bellatrix Aerospace,Founder's Office ,http://www.linkedin.com/jobs/view/4439051384,Aditya_Mehra_Resume.pdf,Email address:ashishiash007@gmail.com | Mobile phone number:+ 7003456624 | Please submit a resume or LinkedIn profile:2079582515.pdf
"8/17/26, 6:56 AM",ashishiash007@gmail.com, +917003456624,Toss the Balloon,Operations Executive - Event Execution ,http://www.linkedin.com/jobs/view/4454252886,Aditya_Mehra_Resume.pdf,
"8/5/26, 6:57 AM",ashishiash007@gmail.com, +917003456624,"Lowe's Companies, Inc.",Category Analyst,http://www.linkedin.com/jobs/view/4437007369,Aditya_Mehra_Resume.pdf,Category Management Experience  :0 | Email address:ashishiash007@gmail.com | How many years of work experience do you have with SQL?:0 | Mobile phone number:+91 7003456624 | Please submit a resume or LinkedIn profile:2079582515.pdf | Notice Period :0
"7/1/26, 4:08 PM",ashishiash007@gmail.com,7003456624,The HelloWorld,Event Associate,http://www.linkedin.com/jobs/view/4431230779,Aditya_Mehra_Resume.pdf,How many years of experience do you have in Event Management? (If freshers put 0):3 | Are you willing to work for an salary in the range of 3 LPA to 5 LPA?:Yes | Mobile phone number:+ 7003456624 | What is your current salary if any?:0 | Email address:ashishiash007@gmail.com | What is your expected salary?:60000 | Please submit a resume or LinkedIn profile:2079582515.pdf | Which are the locations you are interested from the below options?  1. Bangalore 2. NCR 3. Pune 4. Hyderabad :1
"7/1/26, 4:08 PM",ashishiash007@gmail.com,7003456624,Chain Reaction Co.,Business Development Associate,http://www.linkedin.com/jobs/view/4429017408,Aditya_Mehra_Resume.pdf,
"8/5/26, 1:07 PM",ashishiash007@gmail.com, +917003456624,Accenture,Executive Support Associate,http://www.linkedin.com/jobs/view/4439836666,Aditya_Mehra_Resume.pdf,
"8/17/26, 6:52 AM",ashishiash007@gmail.com, +917003456624,Mercom India,Event Coordinator,http://www.linkedin.com/jobs/view/4454223836,Aditya_Mehra_Resume.pdf,
"8/11/26, 6:58 AM",ashishiash007@gmail.com, +917003456624,FRND,Strategy Associate - International,http://www.linkedin.com/jobs/view/4452410816,Aditya_Mehra_Resume.pdf,Please submit a resume or LinkedIn profile:2079582515.pdf | Are you comfortable commuting to this job's location?:Yes | What is the notice period in your present organisation?:0 | How many years of work experience do you have with SQL?:0 | Email address:ashishiash007@gmail.com | Mobile phone number:+91 7003456624
"8/17/26, 6:58 AM",ashishiash007@gmail.com, +917003456624,iFranchise,Business Development Associate,http://www.linkedin.com/jobs/view/4448729523,Aditya_Mehra_Resume.pdf,Email address:ashishiash007@gmail.com | Mobile phone number:+91 7003456624 | Please submit a resume or LinkedIn profile:2079582515.pdf | We must fill this position urgently. Can you start immediately?:Yes
"8/5/26, 11:14 PM",ashishiash007@gmail.com, +917003456624,Intellipaat,Business Development Trainee/Associate,http://www.linkedin.com/jobs/view/4446076335,Aditya_Mehra_Resume.pdf,Email address:ashishiash007@gmail.com | Please submit a resume or LinkedIn profile:2079582515.pdf | Mobile phone number:+91 7003456624 | Have you completed the following level of education: Bachelor's Degree?:Yes | How many years of work experience do you have with Negotiation?:0 | How many years of work experience do you have with Business?:0
"8/5/26, 11:22 PM",ashishiash007@gmail.com, +917003456624,Aerione Bharat,Video Director,http://www.linkedin.com/jobs/view/4448050464,Aditya_Mehra_Resume.pdf,
"8/5/26, 11:17 PM",ashishiash007@gmail.com, +917003456624,Profuse Services,App/Mobile Business Manager (New Business),http://www.linkedin.com/jobs/view/4446657329,Aditya_Mehra_Resume.pdf,
"7/30/26, 6:52 AM",ashishiash007@gmail.com,7003456624,Zigsaw,Coordination Executive (Hospital background),http://www.linkedin.com/jobs/view/4446754898,Aditya_Mehra_Resume.pdf,"will you be comfortable with Jayanagara 9th Block, BTM Layout, Bengaluru, Karnataka ? 6 days onsite work :Yes | what is your notice period ( in days ) ?:0 | Email address:ashishiash007@gmail.com | What is your expected salary ( per month ) ?:50000 | Please submit a resume or LinkedIn profile:2079582515.pdf | What is your current salary ( per month ) ?:0 | can you attend F2F interview in banglore ?:Yes | Mobile phone number:+ 7003456624"
"8/11/26, 2:03 AM",ashishiash007@gmail.com, +917003456624,Tata Consultancy Services,Business Analyst,http://www.linkedin.com/jobs/view/4441247618,Aditya_Mehra_Resume.pdf,How much CTC you are expecting?:5 | Please submit a resume or LinkedIn profile:2079582515.pdf | How many years of work experience do you have with Core Banking?:0 | Please mention your Notice period in months:5 | How much years of experience into Business Analysis in core banking domain?:0 | Mobile phone number:+91 7003456624 | What is your current CTC ?:0 | How many years of work experience do you have with Jira?:0 | How many years of work experience do you have with Business Analysis?:0 | Email address:ashishiash007@gmail.com | How much total years of experience do you have?:0
"7/26/26, 2:44 AM",ashishiash007@gmail.com,7003456624,Intugine - Logistics through Innovation,Operations Executive,http://www.linkedin.com/jobs/view/4441598432,Aditya_Mehra_Resume.pdf,"Email address:ashishiash007@gmail.com | Are you currently pursuing or have you completed an MBA in Supply Chain Management?:No | This role offers a CTC of ₹4.5 LPA. Are you comfortable proceeding:Yes | Please submit a resume or LinkedIn profile:2079582515.pdf | Mobile phone number:+ 7003456624 | This is a 5-day, work-from-office role based in Bengaluru. Are you willing to work from the office?:Yes"
"8/5/26, 11:20 PM",ashishiash007@gmail.com, +917003456624,Growmint Global,Retail Sales Executive,http://www.linkedin.com/jobs/view/4447361012,Aditya_Mehra_Resume.pdf,Mobile phone number:+91 7003456624 | Are you comfortable commuting to this job's location?:Yes | We must fill this position urgently. Can you start immediately?:Yes | Email address:ashishiash007@gmail.com | Please submit a resume or LinkedIn profile:2079582515.pdf
"8/5/26, 11:23 PM",ashishiash007@gmail.com, +917003456624,Bene Kleed,Fashion Design Intern,http://www.linkedin.com/jobs/view/4448970159,Aditya_Mehra_Resume.pdf,Mobile phone number:+91 7003456624 | Please submit a resume or LinkedIn profile:2079582515.pdf | Have you completed the following level of education: Bachelor's Degree?:Yes | Email address:ashishiash007@gmail.com
"8/11/26, 6:59 AM",ashishiash007@gmail.com, +917003456624,super.money,Infosec Analyst,http://www.linkedin.com/jobs/view/4451136396,Aditya_Mehra_Resume.pdf,Mobile phone number:+91 7003456624 | How many years of Infosec experience do you have?:0 | Email address:ashishiash007@gmail.com | Please submit a resume or LinkedIn profile:2079582515.pdf | What is your current CTC?:0
"8/6/26, 10:29 PM",ashishiash007@gmail.com, +917003456624,Total Ingredients,General Management Intern,http://www.linkedin.com/jobs/view/4448436727,Aditya_Mehra_Resume.pdf,
"8/11/26, 2:06 AM",ashishiash007@gmail.com, +917003456624,Aarolife Health Services,Marketing Business Development Executive,http://www.linkedin.com/jobs/view/4449587036,Aditya_Mehra_Resume.pdf,Email address:ashishiash007@gmail.com | Please submit a resume or LinkedIn profile:2079582515.pdf | Do you have marketing experience?:No | Willing to work in Startup environment?:Yes | How many years of Business Development experience do you currently have?:0 | Mobile phone number:+91 7003456624
"8/6/26, 10:30 PM",ashishiash007@gmail.com, +917003456624,GBB Venture,Event Producer,http://www.linkedin.com/jobs/view/4445871770,Aditya_Mehra_Resume.pdf,How many years of Experience do you have in total?:0 | What's your current CTC in LPA?:0 | Please submit a resume or LinkedIn profile:2079582515.pdf | Mobile phone number:+91 7003456624 | How many years of event production experience do you have? :0 | Email address:ashishiash007@gmail.com
"8/17/26, 11:27 PM",ashishiash007@gmail.com, +917003456624,Decorpot,Interior Design Project Manager,http://www.linkedin.com/jobs/view/4452277462,Aditya_Mehra_Resume.pdf,
"8/13/26, 1:11 AM",ashishiash007@gmail.com, +917003456624,Zigsaw,Business Development Executive - Fresher,http://www.linkedin.com/jobs/view/4451173642,Aditya_Mehra_Resume.pdf,Mobile phone number:+91 7003456624 | Email address:ashishiash007@gmail.com | Please submit a resume or LinkedIn profile:2079582515.pdf | Do you have a valid driver's license?:No
"8/17/26, 11:55 PM",ashishiash007@gmail.com, +917003456624,Stories by RG,Digital Marketing Executive,http://www.linkedin.com/jobs/view/4454279106,Aditya_Mehra_Resume.pdf,Will you be comfortable working 6 days a week?:No | Email address:ashishiash007@gmail.com | How many years of relevant experience you have?:0 | What is your Expected CTC?:Yes | Are you comfortable commuting to this job's location?:Yes | Mobile phone number:+91 7003456624 | What is your current CTC?:0 | Please submit a resume or LinkedIn profile:2079582515.pdf | Have you completed the following level of education: Bachelor's Degree?:Yes | We must fill this position urgently. Can you start immediately?:Yes
"7/25/26, 3:07 AM",ashishiash007@gmail.com,7003456624,DOBRA by Oxbow Brands,Marketing Executive - Brand Activation and Content,http://www.linkedin.com/jobs/view/4439206341,Aditya_Mehra_Resume.pdf,
"8/17/26, 11:54 PM",ashishiash007@gmail.com, +917003456624,Arcarii,Marketing Executive,http://www.linkedin.com/jobs/view/4455257462,Aditya_Mehra_Resume.pdf,Please submit a resume or LinkedIn profile:2079582515.pdf | Are you comfortable working in an onsite setting?:No | Email address:ashishiash007@gmail.com | Mobile phone number:+91 7003456624 | How many years of Marketing experience do you currently have?:0 | We must fill this position urgently. Can you start immediately?:Yes
"3/8/26, 1:43 AM",ashishiash007@gmail.com, +917003456624,AnythingAI,Business Development Specialist Full time & Interns — Remote,http://www.linkedin.com/jobs/view/4371513737,cv Aditya Mehra CMS23BB0003.docx,
"7/25/26, 3:13 AM",ashishiash007@gmail.com,7003456624,Airtribe,Business Development Associate (Ed-tech),http://www.linkedin.com/jobs/view/4437019837,Aditya_Mehra_Resume.pdf,Mobile phone number:+ 7003456624 | Current CTC?:0 | Please submit a resume or LinkedIn profile:2079582515.pdf | Email address:ashishiash007@gmail.com | We must fill this position urgently. Can you start immediately?:Yes | Notice Period?:0 | Total years of experience in Sales?:0 | Are you comfortable working in an onsite setting?:Yes
"8/5/26, 11:22 PM",ashishiash007@gmail.com, +917003456624,RJN & Associates,Article Trainee,http://www.linkedin.com/jobs/view/4445897649,Aditya_Mehra_Resume.pdf,
"8/6/26, 10:36 PM",ashishiash007@gmail.com, +917003456624,theBackspace.co,Talent Manager (Celebrity & Talent Partnerships),http://www.linkedin.com/jobs/view/4446028514,Aditya_Mehra_Resume.pdf,"Please submit a resume or LinkedIn profile:2079582515.pdf | Email address:ashishiash007@gmail.com | If you are experienced candidates, what is your current Salary per annum?:5 | Please go through the JD before applying?:Yes | The Budget for the role is 5 LPA Fixed?:Yes | Are you comfortable is 5 working day in office - HSR Layout?:Yes | Mobile phone number:+91 7003456624"
"7/1/26, 4:17 PM",ashishiash007@gmail.com,7003456624,Doffair,Business Development Executive,http://www.linkedin.com/jobs/view/4432366020,Aditya Mehra CMS23BB0003 DSU CV.pdf,
"7/23/26, 2:57 AM",ashishiash007@gmail.com,7003456624,Joveo,Business Associate – Partnerships,http://www.linkedin.com/jobs/view/4438794858,Aditya_Mehra_Resume.pdf,
"8/5/26, 1:12 PM",ashishiash007@gmail.com, +917003456624,KPM Learnings,Business Development Closer – Corporate Training,http://www.linkedin.com/jobs/view/4447367762,Aditya_Mehra_Resume.pdf,"Email address:ashishiash007@gmail.com | Please submit a resume or LinkedIn profile:2079582515.pdf | Mobile phone number:+91 7003456624 | How many years of B2B Outbound Sales experience do you currently have?:No | Are you comfortable commuting to this job's location?:No | Do you have hands-on experience building lead lists using tools like LinkedIn Sales Navigator, Apollo, or ZoomInfo?:No"
"8/1/26, 9:13 AM",ashishiash007@gmail.com,7003456624,Deconstruct,Logistics Associate,http://www.linkedin.com/jobs/view/4446197722,Aditya_Mehra_Resume.pdf,"Email address:ashishiash007@gmail.com | What is your Current CTC?:0 | This opportunity is based out of HSR Layout, Bangalore. Are you comfortable with this job location?:Yes | How soon you can Join us?:0 | Mobile phone number:+ 7003456624 | What is your expected CTC?:500000 | Please submit a resume or LinkedIn profile:2079582515.pdf"
"8/11/26, 6:58 AM",ashishiash007@gmail.com, +917003456624,Mphasis,Mergers and Acquisitions Analyst,http://www.linkedin.com/jobs/view/4451625819,Aditya_Mehra_Resume.pdf,Email address:ashishiash007@gmail.com | Please submit a resume or LinkedIn profile:2079582515.pdf | Mobile phone number:+91 7003456624
"7/26/26, 3:52 AM",ashishiash007@gmail.com,7003456624,Crescendo Global,Founder Office,http://www.linkedin.com/jobs/view/4440382868,Aditya_Mehra_Resume.pdf,Email address:ashishiash007@gmail.com | Mobile phone number:+ 7003456624 | Please submit a resume or LinkedIn profile:2079582515.pdf
"3/8/26, 1:39 AM",ashishiash007@gmail.com, +917003456624,Sony Research India,LLM Research Intern,http://www.linkedin.com/jobs/view/4378325278,cv Aditya Mehra CMS23BB0003.docx,
"8/1/26, 9:14 AM",ashishiash007@gmail.com,7003456624,CareerXperts Consulting,Data Entry Specialist,http://www.linkedin.com/jobs/view/4445511428,Aditya_Mehra_Resume.pdf,
"8/17/26, 6:56 AM",ashishiash007@gmail.com, +917003456624,Yulu,Operations Associate,http://www.linkedin.com/jobs/view/4455256015,Aditya_Mehra_Resume.pdf,Please submit a resume or LinkedIn profile:2079582515.pdf | Mobile phone number:+91 7003456624 | How many years of Business Development experience do you currently have?:0 | Email address:ashishiash007@gmail.com
"8/11/26, 6:58 AM",ashishiash007@gmail.com, +917003456624,Kapiva,Operations Associate - Marketplaces,http://www.linkedin.com/jobs/view/4451420773,Aditya_Mehra_Resume.pdf,Please submit a resume or LinkedIn profile:2079582515.pdf | Mobile phone number:+91 7003456624 | Notice Period:0 | Expected CTC:5 | Email address:ashishiash007@gmail.com | Current CTC:0
"3/26/26, 12:01 AM",ashishiash007@gmail.com, +917003456624,Sourced,Business Operations & Strategy Intern (Remote),http://www.linkedin.com/jobs/view/4390024430,Aditya Mehra CMS23BB0003 DSU CV.pdf,Please submit a resume or LinkedIn profile:-116494360.pdf | Email address:ashishiash007@gmail.com | Mobile phone number:+91 7003456624
"7/25/26, 3:08 AM",ashishiash007@gmail.com,7003456624,Next Level Experiences LLP,Event Production Manager,http://www.linkedin.com/jobs/view/4441730057,Aditya_Mehra_Resume.pdf,Are you comfortable commuting to this job's location?:Yes | Please submit a resume or LinkedIn profile:2079582515.pdf | Mobile phone number:+ 7003456624 | How many years of Project Management experience do you currently have?:0 | Email address:ashishiash007@gmail.com
"8/17/26, 6:55 AM",ashishiash007@gmail.com, +917003456624,Sales Co Asia,Graduate Management Trainee,http://www.linkedin.com/jobs/view/4447453629,Aditya_Mehra_Resume.pdf,Email address:ashishiash007@gmail.com | Please submit a resume or LinkedIn profile:2079582515.pdf | Mobile phone number:+91 7003456624
"8/5/26, 11:10 PM",ashishiash007@gmail.com, +917003456624,Prestige Group,Event Manager,http://www.linkedin.com/jobs/view/4446042231,Aditya_Mehra_Resume.pdf,Please submit a resume or LinkedIn profile:2079582515.pdf | Email address:ashishiash007@gmail.com | Mobile phone number:+91 7003456624
"8/19/26, 7:11 AM",ashishiash007@gmail.com, +917003456624,GBB Venture,"Industry Intelligence & Strategic Engagement Lead, RED Summits",http://www.linkedin.com/jobs/view/4451764955,Aditya_Mehra_Resume.pdf,
"7/25/26, 3:14 AM",ashishiash007@gmail.com,7003456624,Purple Quarter,Growth Associate – Client Engagement,http://www.linkedin.com/jobs/view/4444334156,Aditya_Mehra_Resume.pdf,Have you completed the following level of education: Bachelor's Degree?:Yes | Please submit a resume or LinkedIn profile:2079582515.pdf | Email address:ashishiash007@gmail.com | How many years of work experience do you have with Microsoft Excel?:0 | Mobile phone number:+ 7003456624 | How many years of Sales experience do you currently have?:0
"7/30/26, 6:46 AM",ashishiash007@gmail.com,7003456624,TechXR Innovations Private Limited,Business Development Associate,http://www.linkedin.com/jobs/view/4444530566,Aditya_Mehra_Resume.pdf,"Willingness to travel extensively across south India, approximately 20–25 days per month?:Yes | Do you have prior experience in government liaison or institutional partnerships?:No | Do you have prior experience working with religious institutions, government departments, or temple administrations?:Yes | Please submit a resume or LinkedIn profile:2079582515.pdf | We must fill this position urgently. Can you start immediately?:Yes | Mobile phone number:+ 7003456624 | Email address:ashishiash007@gmail.com"
"6/23/26, 5:23 AM",ashishiash007@gmail.com,7003456624,Times Internet,Intern - Business Operations,http://www.linkedin.com/jobs/view/4428249509,Aditya_Mehra_Resume-14.docx,"Mobile phone number:+ 7003456624 | Are you willing to work from our Primrose Road, Bangalore office?:Yes | We must fill this position urgently. Can you start immediately?:No | Email address:ashishiash007@gmail.com | Please submit a resume or LinkedIn profile:-600416828.docx | Do you come from a background in Business Administration, Finance, Marketing, or Economics?:Yes"
"8/11/26, 2:03 AM",ashishiash007@gmail.com, +917003456624,Tata Consultancy Services,Product Manager,http://www.linkedin.com/jobs/view/4439888181,Aditya_Mehra_Resume.pdf,What is your notice period?:0 | Mobile phone number:+91 7003456624 | What os your expected CTC?:5 | What os your current CTC?:0 | How many years of experience do you have in Product Manager?:0 | Please submit a resume or LinkedIn profile:2079582515.pdf | Email address:ashishiash007@gmail.com
"6/10/25, 4:55 AM",ashishiash007@gmail.com, +917003456624,Moksha Media Group,Business Development Intern,http://www.linkedin.com/jobs/view/4239043767,cv Aditya Mehra CMS23BB0003.docx,Mobile phone number:+91 7003456624 | Please submit a resume or LinkedIn profile:507478585.docx | Email address:ashishiash007@gmail.com
"8/13/26, 1:14 AM",ashishiash007@gmail.com, +917003456624,Creatigrity Technologies Pvt Ltd,Fresher Hiring - US Technical Recruiter (US Time- Night Shift),http://www.linkedin.com/jobs/view/4452368895,Aditya_Mehra_Resume.pdf,Mobile phone number:+91 7003456624 | Email address:ashishiash007@gmail.com | Willing to work in Night Shift? :No | Have you completed the following level of education: Bachelor's Degree?:Yes | Please submit a resume or LinkedIn profile:2079582515.pdf | We must fill this position urgently. Can you start immediately?:Yes | Willing to relocate to Whitefield? :No
"8/1/26, 11:44 PM",ashishiash007@gmail.com,7003456624,Bellatrix Aerospace,Executive Assistant,http://www.linkedin.com/jobs/view/4439795829,Aditya_Mehra_Resume.pdf,"Do you have more than 2 years of experience in supporting C- level executives or CEO'S :No | Mobile phone number:+ 7003456624 | Please submit a resume or LinkedIn profile:2079582515.pdf | Email address:ashishiash007@gmail.com | Have you earlier worked in a high-growth, fast-paced, or technical environment before (such as aerospace, technology, or manufacturing)?:No | Are you proficient in managing mails, calandars, international travel logistics, including visas and expense reporting?:Yes | Are you comfortable working independently and proactively ?:Yes"
"7/30/26, 6:43 AM",ashishiash007@gmail.com,7003456624,ImagineX Productions,Corporate Event Manager,http://www.linkedin.com/jobs/view/4444161824,Aditya_Mehra_Resume.pdf,Can you start immediately?:Yes | Mobile phone number:+ 7003456624 | Email address:ashishiash007@gmail.com | Please submit a resume or LinkedIn profile:2079582515.pdf
"8/13/26, 1:08 AM",ashishiash007@gmail.com, +917003456624,Scoutit India,MIS and Data Analytics,http://www.linkedin.com/jobs/view/4452924225,Aditya_Mehra_Resume.pdf,"Company:Business Owner | Email address:ashishiash007@gmail.com | Description:Coordinated corporate and entertainment events for clients including VH1 Supersonic, Tata Communications, Aero India, and Puma. Managed event budgets end-to-end and led on-ground teams, delivering events to large audiences. | Your title:Event Coordinator | Please select your total years of professional experience::0 year | Please submit a resume or LinkedIn profile:2079582515.pdf | Dates of employment:2026-01-null - 2026-01-null | Your title:Event Coordinator | Your title:Business Development Intern | Last name:Mehra | Company:Family Business | Company:Salt in My Coca | City:Banglore | City:banglore | Dates of employment:2025-07-null - 2025-08-null | Your title:Chief Executive Officer | City:banglore | Mobile phone number:+91 7003456624 | Company:TRILOGY: Indo-Jazz Instrumental Fusion | Description:Drove client outreach and lead generation, managing multiple concurrent client communication threads. Received a written management commendation for performance at programme conclusion. | Description:Coordinated a live music event end-to-end, managing artist logistics, AV teams, and vendors through the full performance. Resolved real-time, on-ground issues across multiple teams under live event conditions. | City: | Dates of employment:2021-01-null - 2026-06-null | Company:Pencil Mark Interior Solutions LLP | Dates of employment:2018-01-null - 2020-11-null | Your title:Operations Lead | Dates of employment:2025-02-null - 2025-02-null | Please select your total additional months of experience::0 month | Description:Managed day-to-day operations across sales, marketing, finance, and administration in a small, closely-held business. Built a hands-on, cross-functional foundation in running a business end-to-end with full ownership of outcomes. | Description:Managed stall setup, brand presentation, and visitor engagement for a premium gifting brand at India's biennial aerospace and defence exhibition. Coordinated daily with exhibition management and cross-functional teams across the full event duration. | First name:Aditya | City:Kolkata"
"8/17/26, 6:56 AM",ashishiash007@gmail.com, +917003456624,Razorpay,"Associate, Startup Accounts",http://www.linkedin.com/jobs/view/4454240038,Aditya_Mehra_Resume.pdf,How many years of experience do you have in Key account management /Farming?:0 | Please submit a resume or LinkedIn profile:2079582515.pdf | Email address:ashishiash007@gmail.com | How many years of experience do you have in working with a startup?:0 | Mobile phone number:+91 7003456624
"8/5/26, 11:15 PM",ashishiash007@gmail.com, +917003456624,Mera laundry,Business Development Manager,http://www.linkedin.com/jobs/view/4446609665,Aditya_Mehra_Resume.pdf,Have you completed the following level of education: Bachelor's Degree?:Yes | We must fill this position urgently. Can you start immediately?:Yes | Mobile phone number:+91 7003456624 | Please submit a resume or LinkedIn profile:2079582515.pdf | How many years of Business Development experience do you currently have?:0 | What is your current CTC?:0 | Email address:ashishiash007@gmail.com
"8/5/26, 1:11 PM",ashishiash007@gmail.com, +917003456624,Smart Paisa,Relationship Manager (& Future Team Lead),http://www.linkedin.com/jobs/view/4448010242,Aditya_Mehra_Resume.pdf,"Please submit a resume or LinkedIn profile:2079582515.pdf | Mobile phone number:+91 7003456624 | Have you studied Finance, Commerce, Economics, CA, CFA, CFP, MBA (Finance), or completed any relevant NISM/AMFI certification or have a passion for finance?:No | Email address:ashishiash007@gmail.com | Do you have at least 1 year of experience in Wealth Management, Mutual Fund Distribution, Financial Planning, Investment Advisory, or a related financial services role?:No | Have you completed the mandatory application assignment(s) mentioned in the job description?:No"
"8/11/26, 2:04 AM",ashishiash007@gmail.com, +917003456624,Bristlecone,Associate Manager,http://www.linkedin.com/jobs/view/4447269525,Aditya_Mehra_Resume.pdf,We must fill this position urgently. Can you start immediately?:Yes | Email address:ashishiash007@gmail.com | How many years of work experience do you have with AI Change Management?:0 | Mobile phone number:+91 7003456624 | Please submit a resume or LinkedIn profile:2079582515.pdf | How many years of work experience do you have with Change Management?:0
"8/6/26, 1:44 AM",ashishiash007@gmail.com, +917003456624,Bhanzu,Business Development Associate,http://www.linkedin.com/jobs/view/4442840658,Aditya_Mehra_Resume.pdf,"Please submit a resume or LinkedIn profile:2079582515.pdf | Mobile phone number:+91 7003456624 | We must fill this position urgently. Can you start immediately?:Yes | What is your level of proficiency in English?:Conversational | Have you completed the following level of education: Bachelor's Degree?:Yes | Do you have a working laptop?:Yes | What is your level of proficiency in Hindi?:Conversational | Our budget for this role is 3.25 to 3.5 LPA. Are you comfortable with this?:Yes | Email address:ashishiash007@gmail.com | This is a 6 day work week, including Saturday and Sunday. Weekoff will be one day in the weekday. Are you comfortable with the same?:Yes | The job location is in HSR Layout, Bengaluru. Would you be able to relocate or commute to this location?:Yes"
"7/15/26, 11:09 AM",ashishiash007@gmail.com,7003456624,Zepto,Manager II - Category Growth,http://www.linkedin.com/jobs/view/4427343200,Aditya_Mehra_Resume.pdf,Please submit a resume or LinkedIn profile:2079582515.pdf | Are you open to working in Trivandrum location? :No | Are you open to working in Pune location? :No | Are you open to working in Bhopal location? :No | Are you open to working in Patna location? :No | Email address:ashishiash007@gmail.com | Mobile phone number:+ 7003456624
"8/1/26, 11:39 PM",ashishiash007@gmail.com,7003456624,NeoDocs (YC S21),International Business Development Associate,http://www.linkedin.com/jobs/view/4446896917,Aditya_Mehra_Resume.pdf,Mobile phone number:+ 7003456624 | Please submit a resume or LinkedIn profile:2079582515.pdf | Email address:ashishiash007@gmail.com | This role includes travelling globally are you comfortable with it?:Yes
"8/8/26, 8:23 AM",ashishiash007@gmail.com, +917003456624,Three Across,Business Analyst,http://www.linkedin.com/jobs/view/4444957550,Aditya_Mehra_Resume.pdf,"School: | Company:Freelancer  | Description:Drove client outreach and lead generation, managing multiple concurrent client communication threads. Received a written management commendation for performance at programme conclusion. | Major / Field of study: | Please submit a resume or LinkedIn profile:2079582515.pdf | City:banglore | Company:Pencil Mark Interior Solutions LLP | Your title:Event Coordinator | First name:Aditya | Degree: | Dates of employment:2021-01-null - 2026-06-null | Description:Coordinated corporate and entertainment events for clients including VH1 Supersonic, Tata Communications, Aero India, and Puma. Managed event budgets end-to-end and led on-ground teams, delivering events to large audiences. | Mobile phone number:+91 7003456624 | Degree:Bachelor of Business Administration | Your title:Operations Lead | Company:Family Business | Major / Field of study: | Degree: | City: | City:Banglore | City:Kolkata | Dates of employment:2025-02-null - 2025-02-null | Company:Salt in My Coca | Your title:Event Coordinator | Major / Field of study:International Business | Your title:Business Development Intern | School: | City:Bangalore | Your title:Chief Executive Officer | Description:Managed day-to-day operations across sales, marketing, finance, and administration in a small, closely-held business. Built a hands-on, cross-functional foundation in running a business end-to-end with full ownership of outcomes. | Dates of employment:2025-07-null - 2025-08-null | Company:TRILOGY: Indo-Jazz Instrumental Fusion | City: | Dates of employment:2026-01-null - 2026-01-null | City: | Dates of employment:2018-01-null - 2020-11-null | Description:Managed stall setup, brand presentation, and visitor engagement for a premium gifting brand at India's biennial aerospace and defence exhibition. Coordinated daily with exhibition management and cross-functional teams across the full event duration. | City:banglore | Last name:Mehra | School:Dayananda Sagar University | Dates attended:2023-09-null - 2026-06-null | Email address:ashishiash007@gmail.com | Description:Coordinated a live music event end-to-end, managing artist logistics, AV teams, and vendors through the full performance. Resolved real-time, on-ground issues across multiple teams under live event conditions."
"8/11/26, 1:58 AM",ashishiash007@gmail.com, +917003456624,Fuke's Media,Business Development Manager,http://www.linkedin.com/jobs/view/4451426906,Aditya_Mehra_Resume.pdf,How many years of work experience do you have with Team Building?:0 | Mobile phone number:+91 7003456624 | How many years of work experience do you have with Business?:0 | Email address:ashishiash007@gmail.com | How many years of work experience do you have with Marketing?:0 | Please submit a resume or LinkedIn profile:2079582515.pdf
"8/6/26, 1:46 AM",ashishiash007@gmail.com, +917003456624,Airtribe,Business Development Associate,http://www.linkedin.com/jobs/view/4426951982,Aditya_Mehra_Resume.pdf,Email address:ashishiash007@gmail.com | Mobile phone number:+91 7003456624 | Notice Period?:0 | ECTC?:500000 | Are you comfortable working in an onsite setting?:Yes | Current CTC?:0 | Please submit a resume or LinkedIn profile:2079582515.pdf | Total years of Experience?:0
"8/13/26, 1:10 AM",ashishiash007@gmail.com, +917003456624,Syndigo,PMO Analyst,http://www.linkedin.com/jobs/view/4425626332,Aditya_Mehra_Resume.pdf,Email address:ashishiash007@gmail.com | Please submit a resume or LinkedIn profile:2079582515.pdf | Degree:[] | School:[] | Are you able to work in the Bangalore office 2 days per week?:Yes | Mobile phone number:+91 7003456624 | <strong>Disability</strong>:[] | LinkedIn Profile: | First name:Aditya | Location (city):urn:li:geo:112376381 | Gender:[] | How soon could you join us ?:0 | Website/GitHub/Portfolio: | Pls share your current location In India ?:Bangalore | What is your Current salary ?:0 | Veteran status:[] | Race/Ethnicity:[] | Last name:Mehra | What is your desired salary?:
"8/5/26, 1:11 PM",ashishiash007@gmail.com, +917003456624,GLOBELANCE,Edtech - Business Development Associate,http://www.linkedin.com/jobs/view/4448953548,Aditya_Mehra_Resume.pdf,"City:banglore | Please select your total additional months of experience::0 month | Please enter your current ctc in INR:0 | City:banglore | Your title:Event Coordinator | Description:Drove client outreach and lead generation, managing multiple concurrent client communication threads. Received a written management commendation for performance at programme conclusion. | Your title:Event Coordinator | Description:Coordinated corporate and entertainment events for clients including VH1 Supersonic, Tata Communications, Aero India, and Puma. Managed event budgets end-to-end and led on-ground teams, delivering events to large audiences. | Dates of employment:2018-01-null - 2020-11-null | Please enter your expected ctc in INR:600000 | Company:Pencil Mark Interior Solutions LLP | Company:Business Owner | Your title:Business Development Intern | Mobile phone number:+91 7003456624 | Description:Managed stall setup, brand presentation, and visitor engagement for a premium gifting brand at India's biennial aerospace and defence exhibition. Coordinated daily with exhibition management and cross-functional teams across the full event duration. | Company:Family Business | Your title:Chief Executive Officer | Dates of employment:2026-01-null - 2026-01-null | Email address:ashishiash007@gmail.com | Dates of employment:2021-01-null - 2026-06-null | Location (city):urn:li:geo:112376381 | Please select your total years of professional experience::0 year | Last name:Mehra | Description:Managed day-to-day operations across sales, marketing, finance, and administration in a small, closely-held business. Built a hands-on, cross-functional foundation in running a business end-to-end with full ownership of outcomes. | City:Banglore | Company:Salt in My Coca | Your title:Operations Lead | City:Kolkata | Description:Coordinated a live music event end-to-end, managing artist logistics, AV teams, and vendors through the full performance. Resolved real-time, on-ground issues across multiple teams under live event conditions. | Company:TRILOGY: Indo-Jazz Instrumental Fusion | City: | Please submit a resume or LinkedIn profile:2079582515.pdf | First name:Aditya | Dates of employment:2025-07-null - 2025-08-null | Dates of employment:2025-02-null - 2025-02-null"
"7/25/26, 3:10 AM",ashishiash007@gmail.com,7003456624,Qoruz,Influencer Marketing Fresher,http://www.linkedin.com/jobs/view/4439998538,Aditya_Mehra_Resume.pdf,"Mobile phone number:+ 7003456624 | Email address:ashishiash007@gmail.com | Are you comfortable with a stipend of ₹15,000 during the training period?:Yes | Please submit a resume or LinkedIn profile:2079582515.pdf"
"8/11/26, 6:59 AM",ashishiash007@gmail.com, +917003456624,Lufthansa Technik Services India Pvt Ltd,Analyst – Transfer Pricing,http://www.linkedin.com/jobs/view/4452437152,Aditya_Mehra_Resume.pdf,Mobile phone number:+91 7003456624 | Please submit a resume or LinkedIn profile:2079582515.pdf | Expected CTC?:5 | Accounting Knowledge?:No | Email address:ashishiash007@gmail.com | Total Experience Transfer Pricing?:0 | Current CTC?:0
"6/10/25, 4:55 AM",ashishiash007@gmail.com, +917003456624,Yulu, Intern – Procurement and Supply Chain Management,http://www.linkedin.com/jobs/view/4244472408,cv Aditya Mehra CMS23BB0003.docx,Have you completed the following level of education: Bachelor's Degree?:No | Email address:ashishiash007@gmail.com | Please submit a resume or LinkedIn profile:507478585.docx | How many years of work experience do you have with Microsoft Excel?:0 | Mobile phone number:+91 7003456624
"7/26/26, 2:47 AM",ashishiash007@gmail.com,7003456624,MKGlobo Solutions,Founder's Office Executive,http://www.linkedin.com/jobs/view/4444384090,Aditya_Mehra_Resume.pdf,We must fill this position urgently. Can you start immediately?:Yes | Mobile phone number:+ 7003456624 | Please submit a resume or LinkedIn profile:2079582515.pdf | What is your current/expected monthly salary?:40000 | Email address:ashishiash007@gmail.com
"8/11/26, 1:56 AM",ashishiash007@gmail.com, +917003456624,Galaxy Tech Solutions,Business Development Specialist,http://www.linkedin.com/jobs/view/4448960903,Aditya_Mehra_Resume.pdf,
"8/5/26, 6:58 AM",ashishiash007@gmail.com, +917003456624,QCraft AI,Data Analyst — Autonomous Driving,http://www.linkedin.com/jobs/view/4446663172,Aditya_Mehra_Resume.pdf,手机号码:+91 7003456624 | 请提交简历或领英档案:2079582515.pdf | 您有多少年的Microsoft Excel使用经验？:0 | 您有多少年的Python使用经验？:0 | 邮箱地址:ashishiash007@gmail.com
"8/5/26, 11:21 PM",ashishiash007@gmail.com, +917003456624,Talent et au-dela,Manager – Broking & Reinsurance,http://www.linkedin.com/jobs/view/4448173469,Aditya_Mehra_Resume.pdf,Mobile phone number:+91 7003456624 | Email address:ashishiash007@gmail.com | Please submit a resume or LinkedIn profile:2079582515.pdf
"8/19/26, 5:45 AM",ashishiash007@gmail.com, +917003456624,Havas Media Network India,Assistant Manager- Strategy,http://www.linkedin.com/jobs/view/4456160401,Aditya_Mehra_Resume.pdf,
"8/5/26, 7:35 AM",ashishiash007@gmail.com, +917003456624,Corp Placements,Event Cordinator and Media Manager,http://www.linkedin.com/jobs/view/4446604012,Aditya_Mehra_Resume.pdf,Have you completed the following level of education: Bachelor's Degree?:Yes | Email address:ashishiash007@gmail.com | Mobile phone number:+91 7003456624 | Please submit a resume or LinkedIn profile:2079582515.pdf
"8/11/26, 6:58 AM",ashishiash007@gmail.com, +917003456624,Tata Consultancy Services,Product Specialist,http://www.linkedin.com/jobs/view/4451651935,Aditya_Mehra_Resume.pdf,Please submit a resume or LinkedIn profile:2079582515.pdf | Email address:ashishiash007@gmail.com | How many years of Analyst experience do you currently have?:0 | Mobile phone number:+91 7003456624
"7/25/26, 3:11 AM",ashishiash007@gmail.com,7003456624,ZEISS India,Graduate Trainee,http://www.linkedin.com/jobs/view/4435054588,Aditya_Mehra_Resume.pdf,What is your level of proficiency in English?:Conversational | Please submit a resume or LinkedIn profile:2079582515.pdf | How many years of Finance experience do you currently have?:0 | Mobile phone number:+ 7003456624 | Email address:ashishiash007@gmail.com
"8/17/26, 6:50 AM",ashishiash007@gmail.com, +917003456624,Scouto AI,HR Analytics & AI Operations,http://www.linkedin.com/jobs/view/4454249092,Aditya_Mehra_Resume.pdf,"Please select your total additional months of experience::0 month | City:banglore | Description:Managed stall setup, brand presentation, and visitor engagement for a premium gifting brand at India's biennial aerospace and defence exhibition. Coordinated daily with exhibition management and cross-functional teams across the full event duration. | Major / Field of study:International Business | Please enter your notice period in days:0 | City: | School:Dayananda Sagar University | Your title:Event Coordinator | City: | City:banglore | Dates of employment:2025-02-null - 2025-02-null | Last name:Mehra | Major / Field of study: | Company:Business Owner | Please select your total years of professional experience::0 year | School: | Dates of employment:2026-01-null - 2026-01-null | Description:Managed day-to-day operations across sales, marketing, finance, and administration in a small, closely-held business. Built a hands-on, cross-functional foundation in running a business end-to-end with full ownership of outcomes. | City:Bangalore | Company:Salt in My Coca | Your title:Event Coordinator | Please enter your current ctc in INR:0 | Description:Coordinated corporate and entertainment events for clients including VH1 Supersonic, Tata Communications, Aero India, and Puma. Managed event budgets end-to-end and led on-ground teams, delivering events to large audiences. | Company:Family Business | Degree:Bachelor of Business Administration | Dates of employment:2025-07-null - 2025-08-null | Email address:ashishiash007@gmail.com | Company:Pencil Mark Interior Solutions LLP | City:Banglore | Dates of employment:2021-01-null - 2026-06-null | Please enter your expected ctc in INR:500000 | Your title:Business Development Intern | School: | First name:Aditya | City:Kolkata | Company:TRILOGY: Indo-Jazz Instrumental Fusion | Dates of employment:2018-01-null - 2020-11-null | Please submit a resume or LinkedIn profile:2079582515.pdf | Your title:Chief Executive Officer | City: | Description:Coordinated a live music event end-to-end, managing artist logistics, AV teams, and vendors through the full performance. Resolved real-time, on-ground issues across multiple teams under live event conditions. | Degree: | Select Your Preferred Work Location:Bangalore, Karnataka, India | Degree: | Dates attended:2023-09-null - 2026-06-null | Your title:Operations Lead | Location (city):urn:li:geo:112376381 | Major / Field of study: | Mobile phone number:+91 7003456624 | Description:Drove client outreach and lead generation, managing multiple concurrent client communication threads. Received a written management commendation for performance at programme conclusion."
"7/24/26, 1:53 PM",ashishiash007@gmail.com,7003456624,ARC - Athlete Recovery,Partnerships Coordinator,http://www.linkedin.com/jobs/view/4444901787,Aditya_Mehra_Resume.pdf,
"8/1/26, 9:14 AM",ashishiash007@gmail.com,7003456624,DIYA GREENCITY PRIVATE LIMITED,Customer Relationship Management Executive,http://www.linkedin.com/jobs/view/4445736646,Aditya_Mehra_Resume.pdf,How many years of work experience do you have with Microsoft Excel?:0 | What is your level of proficiency in Hindi?:Conversational | Mobile phone number:+ 7003456624 | Please submit a resume or LinkedIn profile:2079582515.pdf | What is your level of proficiency in English?:Conversational | Email address:ashishiash007@gmail.com
"7/25/26, 3:12 AM",ashishiash007@gmail.com,7003456624,Admissiongyan Education Consultancy,Overseas Admission Counsellor,http://www.linkedin.com/jobs/view/4435766762,Aditya_Mehra_Resume.pdf,Mobile phone number:+ 7003456624 | Have you completed the following level of education: Bachelor's Degree?:Yes | Email address:ashishiash007@gmail.com | Have you completed the following level of education: Master of Business Administration?:No | Please submit a resume or LinkedIn profile:2079582515.pdf
"3/24/26, 12:16 AM",ashishiash007@gmail.com, +917003456624,Arka Energy,Marketing Intern,http://www.linkedin.com/jobs/view/4389531395,Aditya Mehra CMS23BB0003 DSU CV.pdf,Do you have any knowledge or experience of SEO?:No | Are you currently based in Bangalore and willing to work from office?:Yes | Please submit a resume or LinkedIn profile:-116494360.pdf | Have you had any experience in creating training videos?:No | Mobile phone number:+91 7003456624 | Email address:ashishiash007@gmail.com
"7/25/26, 3:10 AM",ashishiash007@gmail.com,7003456624,Radisson Hotel Group,Sales Manager,http://www.linkedin.com/jobs/view/4429776666,Aditya_Mehra_Resume.pdf,"Dates of employment:2018-01-null - 2020-11-null | Description:Coordinated a live music event end-to-end, managing artist logistics, AV teams, and vendors through the full performance. Resolved real-time, on-ground issues across multiple teams under live event conditions. | Last name:Mehra | Degree: | Your title:Business Development Intern | Major / Field of study:International Business | Degree:Bachelor of Business Administration | Email address:ashishiash007@gmail.com | Location (city):urn:li:geo:112376381 | Dates of employment:2025-07-null - 2025-08-null | City: | Dates of employment:2021-01-null - 2026-06-null | Your title:Operations Lead | School:Dayananda Sagar University | You declare that you have read and agree to the privacy notice of Radisson Hotel Group.:I consent | City:Kolkata | City:Banglore | First name:Aditya | Mobile phone number:+ 7003456624 | City: | City: | As part of our interview process, we may use digital tools, including an AI-powered assistant, to help capture key discussion points for note-taking purposes. All notes generated are reviewed by our team.  Do you consent to the use of these tools during the interview? If not, we will take notes manually instead.:Yes | Company:Family Business | Dates attended:2023-09-null - 2026-06-null | Degree: | Description:Managed day-to-day operations across sales, marketing, finance, and administration in a small, closely-held business. Built a hands-on, cross-functional foundation in running a business end-to-end with full ownership of outcomes. | City:banglore | Major / Field of study: | Company:Salt in My Coca | Your title:Event Coordinator | Dates of employment:2026-01-null - 2026-01-null | Your title:Event Coordinator | Company:Pencil Mark Interior Solutions LLP | Your title:Chief Executive Officer | City: | Major / Field of study: | Are you currently employed in Radisson Hotel Group?:No | Company:TRILOGY: Indo-Jazz Instrumental Fusion | Description:Managed stall setup, brand presentation, and visitor engagement for a premium gifting brand at India's biennial aerospace and defence exhibition. Coordinated daily with exhibition management and cross-functional teams across the full event duration. | What's your gender?:Male | Dates of employment:2025-02-null - 2025-02-null | School: | Company:Business Owner | Description:Coordinated corporate and entertainment events for clients including VH1 Supersonic, Tata Communications, Aero India, and Puma. Managed event budgets end-to-end and led on-ground teams, delivering events to large audiences. | City:banglore | Please submit a resume or LinkedIn profile:2079582515.pdf | Description:Drove client outreach and lead generation, managing multiple concurrent client communication threads. Received a written management commendation for performance at programme conclusion. | School:"
"7/30/26, 6:51 AM",ashishiash007@gmail.com,7003456624,Tech Mahindra,Associate Manager  Marketing ,http://www.linkedin.com/jobs/view/4444598615,Aditya_Mehra_Resume.pdf,How many years of work experience do you have with Marketing Strategy?:0 | How many years of work experience do you have with Brand Development?:0 | How many years of Marketing experience do you currently have?:0 | Please submit a resume or LinkedIn profile:2079582515.pdf | Mobile phone number:+ 7003456624 | Email address:ashishiash007@gmail.com
"8/11/26, 1:59 AM",ashishiash007@gmail.com, +917003456624,Rrayze Business Solutions,Business Development Executive,http://www.linkedin.com/jobs/view/4452192404,Aditya_Mehra_Resume.pdf,Email address:ashishiash007@gmail.com | Are you comfortable with Us Shift Timming (3:30pm-4:30am)?:No | Please submit a resume or LinkedIn profile:2079582515.pdf | Are you comfortable with a budget of up to INR 5lpa? :5 | How many years of experience do you have in International sales ?:0 | Mobile phone number:+91 7003456624 | What is your current in-hand salary?:0
"7/25/26, 3:12 AM",ashishiash007@gmail.com,7003456624,Policybazaar.com,Telesales Executive,http://www.linkedin.com/jobs/view/4439616113,Aditya_Mehra_Resume.pdf,How many years of Sales experience do you currently have?:0 | Please submit a resume or LinkedIn profile:2079582515.pdf | What is your level of proficiency in Kannada?:None | Mobile phone number:+ 7003456624 | Email address:ashishiash007@gmail.com
"8/5/26, 11:16 PM",ashishiash007@gmail.com, +917003456624,EMO.energy,Associate – Business Strategy & Finance,http://www.linkedin.com/jobs/view/4446716655,Aditya_Mehra_Resume.pdf,"Your title:Event Coordinator | Please select your total years of professional experience::0 year | Your title:Chief Executive Officer | Please enter your current ctc in INR:0 | City:Kolkata | First name:Aditya | School: | City:banglore | Your title:Business Development Intern | Company:Business Owner | Please enter your online portfolio URL: | Description:Drove client outreach and lead generation, managing multiple concurrent client communication threads. Received a written management commendation for performance at programme conclusion. | School:Dayananda Sagar University | Description:Coordinated a live music event end-to-end, managing artist logistics, AV teams, and vendors through the full performance. Resolved real-time, on-ground issues across multiple teams under live event conditions. | Dates of employment:2018-01-null - 2020-11-null | Dates of employment:2021-01-null - 2026-06-null | Major / Field of study:International Business | Company:Pencil Mark Interior Solutions LLP | Location (city):urn:li:geo:112376381 | Company:Family Business | Dates of employment:2025-07-null - 2025-08-null | Major / Field of study: | Major / Field of study: | City:Bangalore | City: | Dates of employment:2026-01-null - 2026-01-null | Dates attended:2023-09-null - 2026-06-null | Degree: | Your title:Event Coordinator | School: | City:banglore | Please submit a resume or LinkedIn profile:2079582515.pdf | Please select your total additional months of experience::0 month | City: | Last name:Mehra | Description:Managed stall setup, brand presentation, and visitor engagement for a premium gifting brand at India's biennial aerospace and defence exhibition. Coordinated daily with exhibition management and cross-functional teams across the full event duration. | Description:Coordinated corporate and entertainment events for clients including VH1 Supersonic, Tata Communications, Aero India, and Puma. Managed event budgets end-to-end and led on-ground teams, delivering events to large audiences. | City:Banglore | Please enter your notice period in days:0 | Degree:Bachelor of Business Administration | Please enter your expected ctc in INR:600000 | Your title:Operations Lead | City: | Mobile phone number:+91 7003456624 | Dates of employment:2025-02-null - 2025-02-null | Email address:ashishiash007@gmail.com | Description:Managed day-to-day operations across sales, marketing, finance, and administration in a small, closely-held business. Built a hands-on, cross-functional foundation in running a business end-to-end with full ownership of outcomes. | Company:Salt in My Coca | Company:TRILOGY: Indo-Jazz Instrumental Fusion | Degree:"
"7/24/26, 1:54 PM",ashishiash007@gmail.com,7003456624,Xoxoday,Events & Field Marketing Executive,http://www.linkedin.com/jobs/view/4437681367,Aditya_Mehra_Resume.pdf,"Are you based out of Bangalore:Yes | What is your expected CTC:700000 | Mobile phone number:+ 7003456624 | Notice Period:0 | DO you experience in negotiations with event vendors globally:No | Do you have experiences of managing booths, speaker slots etc:Yes | What is your current CTC:0 | Please submit a resume or LinkedIn profile:2079582515.pdf | Do you events handling experience at Global Level:No | Email address:ashishiash007@gmail.com"
"8/5/26, 6:55 AM",ashishiash007@gmail.com, +917003456624,Appinventiv,Business Analyst,http://www.linkedin.com/jobs/view/4448011032,Aditya_Mehra_Resume.pdf,How many years of work experience do you have with Microsoft Office?:0 | How many years of work experience do you have with Microsoft PowerPoint?:0 | Please submit a resume or LinkedIn profile:2079582515.pdf | Mobile phone number:+91 7003456624 | Have you completed the following level of education: Bachelor's Degree?:Yes | Email address:ashishiash007@gmail.com
"8/6/26, 10:30 PM",ashishiash007@gmail.com, +917003456624,CareerXperts Consulting,Business Analyst,http://www.linkedin.com/jobs/view/4448715361,Aditya_Mehra_Resume.pdf,
"8/19/26, 7:12 AM",ashishiash007@gmail.com, +917003456624,Clearcover Insurance,Service / Operations –Key Relationship Management,http://www.linkedin.com/jobs/view/4453427609,Aditya_Mehra_Resume.pdf,"Please submit a resume or LinkedIn profile:2079582515.pdf | Email address:ashishiash007@gmail.com | Mobile phone number:+91 7003456624 | How many years of experience do you have in Insurance Broking, Client Servicing, Operations, or Claims?:0"
"8/8/26, 8:25 AM",ashishiash007@gmail.com, +917003456624,Deloitte,Business Analyst,http://www.linkedin.com/jobs/view/4440105557,Aditya_Mehra_Resume.pdf,Mobile phone number:+91 7003456624 | How many years of work experience do you have with Banking?:0 | Please submit a resume or LinkedIn profile:2079582515.pdf | How many years of work experience do you have with Business Analysis?:0 | Email address:ashishiash007@gmail.com | How many years of work experience do you have with Commercial Cards?:0
"8/21/26, 1:01 AM",ashishiash007@gmail.com, +917003456624,SAS Sales Group,Junior Operations Management Trainee,http://www.linkedin.com/jobs/view/4456077604,Aditya_Mehra_Resume.pdf,We must fill this position urgently. Can you start immediately?:Yes | Please submit a resume or LinkedIn profile:2079582515.pdf | Have you completed the following level of education: Bachelor's Degree?:Yes | Mobile phone number:+91 7003456624 | Email address:ashishiash007@gmail.com
"7/26/26, 3:53 AM",ashishiash007@gmail.com,7003456624,Mount Talent Consulting Pvt Ltd.,Manager Corporate Strategy,http://www.linkedin.com/jobs/view/4437048701,Aditya_Mehra_Resume.pdf,Have you completed the following level of education: Master of Business Administration?:No | Please submit a resume or LinkedIn profile:2079582515.pdf | Mobile phone number:+ 7003456624 | How many years of Consulting experience do you currently have?:0 | Email address:ashishiash007@gmail.com
"7/26/26, 2:45 AM",ashishiash007@gmail.com,7003456624,ED Outlook,Market Research Analyst,http://www.linkedin.com/jobs/view/4444822169,Aditya_Mehra_Resume.pdf,Have you completed the following level of education: Master's Degree?:No | Have you completed the following level of education: Bachelor's Degree?:Yes | Email address:ashishiash007@gmail.com | Please submit a resume or LinkedIn profile:2079582515.pdf | Mobile phone number:+ 7003456624
"8/11/26, 2:08 AM",ashishiash007@gmail.com, +917003456624,Ganit Inc.,Marketing Executive,http://www.linkedin.com/jobs/view/4444270968,Aditya_Mehra_Resume.pdf,Mobile phone number:+91 7003456624 | Email address:ashishiash007@gmail.com | Have completed MBA HR/Marketing?:No | Will you be interested to join this role for 3.5LPA?:No | Please submit a resume or LinkedIn profile:2079582515.pdf | Are you comfortable WFO 5 days?:Yes | Are you comfortable commuting to this job's location?:Yes
"7/1/26, 3:58 PM",ashishiash007@gmail.com,7003456624,Thames & Tiger,Junior Management Consultant,http://www.linkedin.com/jobs/view/4431200945,Aditya_Mehra_Resume.pdf,Mobile phone number:+ 7003456624 | Please submit a resume or LinkedIn profile:2079582515.pdf | Email address:ashishiash007@gmail.com
"8/13/26, 1:08 AM",ashishiash007@gmail.com, +917003456624,Fam,Data Analyst,http://www.linkedin.com/jobs/view/4452371756,Aditya_Mehra_Resume.pdf,Email address:ashishiash007@gmail.com | How many years of work experience do you have with SQL?:0 | How soon can you join us? :0 | Mobile phone number:+91 7003456624 | What is your expected ctc? :5 | What is your current ctc? :0 | Please submit a resume or LinkedIn profile:2079582515.pdf
"8/13/26, 1:12 AM",ashishiash007@gmail.com, +917003456624,Square Yards,Business Development Executive ( upto 6 Lpa ),http://www.linkedin.com/jobs/view/4452928173,Aditya_Mehra_Resume.pdf,Please submit a resume or LinkedIn profile:2079582515.pdf | Email address:ashishiash007@gmail.com | Have you completed the following level of education: Bachelor's Degree?:Yes | Mobile phone number:+91 7003456624
"8/19/26, 5:46 AM",ashishiash007@gmail.com, +917003456624,Capgemini,Business Intelligence Specialist,http://www.linkedin.com/jobs/view/4452892921,Aditya_Mehra_Resume.pdf,Please submit a resume or LinkedIn profile:2079582515.pdf | How many years of work experience do you have with SQL?:0 | Mobile phone number:+91 7003456624 | Email address:ashishiash007@gmail.com | How many years of work experience do you have with Google BigQuery?:0 | How many years of work experience do you have with Looker (Software)?:0
"8/11/26, 1:52 AM",ashishiash007@gmail.com, +917003456624,Sequel Logistics,Marketing Executive,http://www.linkedin.com/jobs/view/4446620764,Aditya_Mehra_Resume.pdf,Please submit a resume or LinkedIn profile:2079582515.pdf | Mobile phone number:+91 7003456624 | Email address:ashishiash007@gmail.com
"8/8/26, 8:26 AM",ashishiash007@gmail.com, +917003456624,Kuku,Management Trainee: Business Operations,http://www.linkedin.com/jobs/view/4446724267,Aditya_Mehra_Resume.pdf,"Description:Coordinated a live music event end-to-end, managing artist logistics, AV teams, and vendors through the full performance. Resolved real-time, on-ground issues across multiple teams under live event conditions. | Please enter your current ctc in INR: | Company:TRILOGY: Indo-Jazz Instrumental Fusion | First name:Aditya | Description:Drove client outreach and lead generation, managing multiple concurrent client communication threads. Received a written management commendation for performance at programme conclusion. | Please select your total years of professional experience::0 year | Please select your total additional months of experience::0 month | Description:Managed day-to-day operations across sales, marketing, finance, and administration in a small, closely-held business. Built a hands-on, cross-functional foundation in running a business end-to-end with full ownership of outcomes. | Dates of employment:2021-01-null - 2026-06-null | Description:Managed stall setup, brand presentation, and visitor engagement for a premium gifting brand at India's biennial aerospace and defence exhibition. Coordinated daily with exhibition management and cross-functional teams across the full event duration. | Last name:Mehra | City:Kolkata | Your title:Business Development Intern | Company:Salt in My Coca | Your title:Event Coordinator | Description:Coordinated corporate and entertainment events for clients including VH1 Supersonic, Tata Communications, Aero India, and Puma. Managed event budgets end-to-end and led on-ground teams, delivering events to large audiences. | City:banglore | Your title:Event Coordinator | Your title:Operations Lead | Dates of employment:2026-01-null - 2026-01-null | Company:Business Owner | Location (city):urn:li:geo:112376381 | Your title:Chief Executive Officer | City:Banglore | Dates of employment:2025-02-null - 2025-02-null | City: | Email address:ashishiash007@gmail.com | Dates of employment:2025-07-null - 2025-08-null | Mobile phone number:+91 7003456624 | City:banglore | Please enter your expected ctc in INR: | Company:Family Business | Company:Pencil Mark Interior Solutions LLP | Dates of employment:2018-01-null - 2020-11-null | Please submit a resume or LinkedIn profile:2079582515.pdf"
"8/11/26, 2:00 AM",ashishiash007@gmail.com, +917003456624,LTM,PROS CPQ Consultant,http://www.linkedin.com/jobs/view/4447458599,Aditya_Mehra_Resume.pdf,Mobile phone number:+91 7003456624 | Email address:ashishiash007@gmail.com | Please submit a resume or LinkedIn profile:2079582515.pdf
"7/15/26, 11:01 AM",ashishiash007@gmail.com,7003456624,Vizma,Junior Data Analyst,http://www.linkedin.com/jobs/view/4438070076,Aditya_Mehra_Resume.pdf,
"7/15/26, 11:11 AM",ashishiash007@gmail.com,7003456624,Thames & Tiger,Graduate Management Trainee,http://www.linkedin.com/jobs/view/4436097479,Aditya_Mehra_Resume.pdf,Please submit a resume or LinkedIn profile:2079582515.pdf | Mobile phone number:+ 7003456624 | Email address:ashishiash007@gmail.com
"8/5/26, 11:23 PM",ashishiash007@gmail.com, +917003456624,Globussoft Technology,LinkedIn Outreach Intern,http://www.linkedin.com/jobs/view/4446631973,Aditya_Mehra_Resume.pdf,"Do you have knowledge of LinkedIn outreach? :No | Would you be comfortable with a 6-month internship? :0 | Would you be comfortable with 15,000 per month?:No | Please submit a resume or LinkedIn profile:2079582515.pdf | Mobile phone number:+91 7003456624 | Email address:ashishiash007@gmail.com"
"8/17/26, 6:52 AM",ashishiash007@gmail.com, +917003456624,Netscribes,Business Development Executive,http://www.linkedin.com/jobs/view/4451789450,Aditya_Mehra_Resume.pdf,"Please submit a resume or LinkedIn profile:2079582515.pdf | What is your expected annual compensation?:500000 | Are you currently in any of these locations- Bengaluru, Mumbai or Kolkata?:Yes | Mobile phone number:+91 7003456624 | Email address:ashishiash007@gmail.com | How many years of international cold calling experience do you have?:0"
"8/17/26, 11:28 PM",ashishiash007@gmail.com, +917003456624,CodeGama,Onboarding Executive,http://www.linkedin.com/jobs/view/4427170622,Aditya_Mehra_Resume.pdf,"Are you comfortable working with MS Excel and other computer-based tools?:Yes | Are you comfortable working in a crypto/fintech environment?:Yes | Do you have basic knowledge of KYC (Know Your Customer) processes?:No | Are you currently located in Bangalore or willing to relocate to Bangalore?:Yes | Have you ever worked with Excel or Google Sheets for data handling?:No | Do you have basic knowledge of KYC, KYB, AML, or compliance?:No | Are you comfortable working in rotational shifts, if required?:No | Please submit a resume or LinkedIn profile:2079582515.pdf | Do you have a bachelor's degree in commerce, finance, business administration, law, or a related field?:Yes | Email address:ashishiash007@gmail.com | As for the Fresher, we will provide 16 -18 K per month. Is that ok with you?:No | Are you comfortable working in a role involving business document verification and data validation?:Yes | Mobile phone number:+91 7003456624"
"8/8/26, 8:24 AM",ashishiash007@gmail.com, +917003456624,VEGROW,Assistant Manager - Operations,http://www.linkedin.com/jobs/view/4451063376,Aditya_Mehra_Resume.pdf,"How many years of full-time work experience do you have?:0 | If you are currently working, what is your current CTC (in LPA)? :0 | Email address:ashishiash007@gmail.com | Mobile phone number:+91 7003456624 | Are you currently based in Bangalore, or are you willing to relocate to Bangalore?:Yes | Please submit a resume or LinkedIn profile:2079582515.pdf"
"8/17/26, 6:56 AM",ashishiash007@gmail.com, +917003456624,Sales Co Asia,Management Associate,http://www.linkedin.com/jobs/view/4454253581,Aditya_Mehra_Resume.pdf,Email address:ashishiash007@gmail.com | Please submit a resume or LinkedIn profile:2079582515.pdf | Mobile phone number:+91 7003456624
"8/11/26, 2:01 AM",ashishiash007@gmail.com, +917003456624,Styli,Business Development Manager,http://www.linkedin.com/jobs/view/4447366798,Aditya_Mehra_Resume.pdf,What is your current CTC (fixed + variable)?:0 | How many years of experience do you have in Seller Identification and onboarding?:0 | Mobile phone number:+91 7003456624 | What is your expected CTC?:5 | Please submit a resume or LinkedIn profile:2079582515.pdf | What is your notice period (in days)?:0 | Email address:ashishiash007@gmail.com
"8/13/26, 1:09 AM",ashishiash007@gmail.com, +917003456624,Crossing Hurdles,Human Data Manager,http://www.linkedin.com/jobs/view/4442620995,Aditya_Mehra_Resume.pdf,"Dates attended:2023-09-null - 2026-06-null | Dates of employment:2025-07-null - 2025-08-null | Please submit a resume or LinkedIn profile:2079582515.pdf | City:Bangalore | Mobile phone number:+91 7003456624 | Dates of employment:2018-01-null - 2020-11-null | School:Dayananda Sagar University | Email address:ashishiash007@gmail.com | School: | Company:Business Owner | Your title:Business Development Intern | Company:Pencil Mark Interior Solutions LLP | Major / Field of study: | Your title:Operations Lead | City: | Dates of employment:2025-02-null - 2025-02-null | City: | First name:Aditya | Degree:Bachelor of Business Administration | Dates of employment:2026-01-null - 2026-01-null | Description:Coordinated a live music event end-to-end, managing artist logistics, AV teams, and vendors through the full performance. Resolved real-time, on-ground issues across multiple teams under live event conditions. | Description:Coordinated corporate and entertainment events for clients including VH1 Supersonic, Tata Communications, Aero India, and Puma. Managed event budgets end-to-end and led on-ground teams, delivering events to large audiences. | Company:Family Business | Your title:Event Coordinator | Major / Field of study: | Degree: | Description:Managed day-to-day operations across sales, marketing, finance, and administration in a small, closely-held business. Built a hands-on, cross-functional foundation in running a business end-to-end with full ownership of outcomes. | Dates of employment:2021-01-null - 2026-06-null | Degree: | City:banglore | City:Kolkata | Your title:Chief Executive Officer | Company:Salt in My Coca | Your title:Event Coordinator | Description:Drove client outreach and lead generation, managing multiple concurrent client communication threads. Received a written management commendation for performance at programme conclusion. | Last name:Mehra | Company:TRILOGY: Indo-Jazz Instrumental Fusion | City: | School: | Major / Field of study:International Business | City:Banglore | Description:Managed stall setup, brand presentation, and visitor engagement for a premium gifting brand at India's biennial aerospace and defence exhibition. Coordinated daily with exhibition management and cross-functional teams across the full event duration. | City:banglore"
"7/25/26, 3:05 AM",ashishiash007@gmail.com,7003456624,Mercom India,Event Coordinator,http://www.linkedin.com/jobs/view/4437340929,Aditya_Mehra_Resume.pdf,
"8/5/26, 6:57 AM",ashishiash007@gmail.com, +917003456624,Valuestream Business Solutions Pvt ltd,Quality Analyst - Call Center,http://www.linkedin.com/jobs/view/4449125045,Aditya_Mehra_Resume.pdf,How many years of Business Consulting and Services experience do you currently have?:0 | What is your Current CTC?:0 | Please submit a resume or LinkedIn profile:2079582515.pdf | Are you an immediate Joiner?:Yes | How many years of work experience do you have with Call Quality?:0 | What is your level of proficiency in Hindi?:Conversational | Mobile phone number:+91 7003456624 | Have you completed the following level of education: Bachelor's Degree?:Yes | Email address:ashishiash007@gmail.com
"8/17/26, 11:29 PM",ashishiash007@gmail.com, +917003456624,Baronia's Technologies Pvt. Ltd.,Trainee,http://www.linkedin.com/jobs/view/4452544996,Aditya_Mehra_Resume.pdf,
"8/5/26, 1:13 PM",ashishiash007@gmail.com, +917003456624 ,Rupeek,Program Manager,http://www.linkedin.com/jobs/view/4445709467,Aditya_Mehra_Resume.pdf,Total Exp :0 | Email address:ashishiash007@gmail.com | Mobile phone number:+91 7003456624  | Please submit a resume or LinkedIn profile:2079582515.pdf | Current CTC:0 | Expected :600000 | Notice period :0
"8/17/26, 6:49 AM",ashishiash007@gmail.com, +917003456624,Zoca,Product Analyst,http://www.linkedin.com/jobs/view/4454249663,Aditya_Mehra_Resume.pdf,"Please select your total additional months of experience::0 month | Please submit a resume or LinkedIn profile:2079582515.pdf | Description:Managed day-to-day operations across sales, marketing, finance, and administration in a small, closely-held business. Built a hands-on, cross-functional foundation in running a business end-to-end with full ownership of outcomes. | Dates of employment:2025-02-null - 2025-02-null | Last name:Mehra | Company:TRILOGY: Indo-Jazz Instrumental Fusion | How much would you rate yourself in python out of 10?:0 | How much would you rate yourself in SQL out of 10?:0 | Dates of employment:2026-01-null - 2026-01-null | City:Bangalore | Dates of employment:2018-01-null - 2020-11-null | Major / Field of study: | School:Dayananda Sagar University | City:banglore | School: | Please select your total years of professional experience::0 year | Degree: | Email address:ashishiash007@gmail.com | Your title:Business Development Intern | We work in a work from office setup, would you be comfortable in working from office?:Yes | Degree: | Description:Managed stall setup, brand presentation, and visitor engagement for a premium gifting brand at India's biennial aerospace and defence exhibition. Coordinated daily with exhibition management and cross-functional teams across the full event duration. | Dates of employment:2025-07-null - 2025-08-null | City:Kolkata | Please enter your expected ctc in INR:500000 | Description:Drove client outreach and lead generation, managing multiple concurrent client communication threads. Received a written management commendation for performance at programme conclusion. | Company:Family Business | Dates of employment:2021-01-null - 2026-06-null | Degree:Bachelor of Business Administration | Please enter your current ctc in INR:0 | Company:Business Owner | City: | Please enter your notice period in days:0 | Location (city):urn:li:geo:112376381 | Dates attended:2023-09-null - 2026-06-null | Major / Field of study: | Your title:Chief Executive Officer | School: | Company:Pencil Mark Interior Solutions LLP | How much would you rate yourself in excel out of 10?:0 | Mobile phone number:+91 7003456624 | City:Banglore | First name:Aditya | Your title:Event Coordinator | Description:Coordinated a live music event end-to-end, managing artist logistics, AV teams, and vendors through the full performance. Resolved real-time, on-ground issues across multiple teams under live event conditions. | Your title:Event Coordinator | Description:Coordinated corporate and entertainment events for clients including VH1 Supersonic, Tata Communications, Aero India, and Puma. Managed event budgets end-to-end and led on-ground teams, delivering events to large audiences. | Major / Field of study:International Business | Your title:Operations Lead | City: | City:banglore | Company:Salt in My Coca | City:"
"8/11/26, 2:07 AM",ashishiash007@gmail.com, +917003456624,Baoxhin India Private Limited,BD Manager,http://www.linkedin.com/jobs/view/4410556081,Aditya_Mehra_Resume.pdf,
"8/19/26, 5:45 AM",ashishiash007@gmail.com, +917003456624,Zing Parts,Email Marketing Associate (E-commerce),http://www.linkedin.com/jobs/view/4455760376,Aditya_Mehra_Resume.pdf,"Email address:ashishiash007@gmail.com | Do you have professional hands-on experience with email marketing?:No | Mobile phone number:+91 7003456624 | Please submit a resume or LinkedIn profile:2079582515.pdf | Do you currently live in Surat, Gujarat?:No"
"8/8/26, 8:24 AM",ashishiash007@gmail.com, +917003456624,Curefit,Business Analyst,http://www.linkedin.com/jobs/view/4443670711,Aditya_Mehra_Resume.pdf,Email address:ashishiash007@gmail.com | Mobile phone number:+91 7003456624 | Please submit a resume or LinkedIn profile:2079582515.pdf | What is your current CTC in LPA?:0 | Are you serving your notice period or currently out of job?:No | Are you fine to relocate to Bangalore for this opportunity?:Yes | What is your Official Notice Period?:0
"8/5/26, 6:55 AM",ashishiash007@gmail.com, +917003456624,Navi,Business Analyst I,http://www.linkedin.com/jobs/view/4448516986,Aditya_Mehra_Resume.pdf,Current CTC?:0 | Notice Period?:0 | Mobile phone number:+91 7003456624 | Please submit a resume or LinkedIn profile:2079582515.pdf | Email address:ashishiash007@gmail.com
"7/25/26, 3:14 AM",ashishiash007@gmail.com,7003456624,LehLah,Reconciliation Associate,http://www.linkedin.com/jobs/view/4435980308,Aditya_Mehra_Resume.pdf,Mobile phone number:+ 7003456624 | Email address:ashishiash007@gmail.com | Please submit a resume or LinkedIn profile:2079582515.pdf | Are you comfortable commuting to this job's location?:Yes | Are you comfortable working in an onsite setting?:Yes
"7/26/26, 3:51 AM",ashishiash007@gmail.com,7003456624,Clarity,Entrepreneur in Residence,http://www.linkedin.com/jobs/view/4442025117,Aditya_Mehra_Resume.pdf,"What is your notice period?:0 | Are you comfortable with US Shift timings (6:30PM - 3:30AM):Yes | Please submit a resume or LinkedIn profile:2079582515.pdf | Mobile phone number:+ 7003456624 | Email address:ashishiash007@gmail.com | Do you have experience in automation and tooling?:No | What is your Expected CTC?:500000 | Are you a graduate from the following schools - IIT, NIT, BITS?:No | Are you comfortable with 6 days working on-site?:Yes | What is your Current CTC?:0"
"8/11/26, 1:59 AM",ashishiash007@gmail.com, +917003456624,"Acara Solutions India, An Aleron Company",Business Development Manager - Retained Executive Search,http://www.linkedin.com/jobs/view/4449678137,Aditya_Mehra_Resume.pdf,Email address:ashishiash007@gmail.com | Please submit a resume or LinkedIn profile:2079582515.pdf | Mobile phone number:+91 7003456624 | How many years of work experience do you have with Retained Search?:0
"8/6/26, 1:43 AM",ashishiash007@gmail.com, +917003456624,Intelligence Node,Associate - Fresher (Night Shift),http://www.linkedin.com/jobs/view/4444105175,Aditya_Mehra_Resume.pdf,Email address:ashishiash007@gmail.com | What is your level of proficiency in English?:Conversational | Mobile phone number:+91 7003456624 | Please submit a resume or LinkedIn profile:2079582515.pdf
"8/5/26, 11:20 PM",ashishiash007@gmail.com, +917003456624,Origovisa,Visa Process Consultant,http://www.linkedin.com/jobs/view/4447390384,Aditya_Mehra_Resume.pdf,"Please submit a resume or LinkedIn profile:2079582515.pdf | Do you have hands-on experience in processing Germany Opportunity Card (Chancenkarte) applications?:No | If selected, how soon can you join?:0 | Expected CTC?:600000 | How many years of experience do you have in Germany Opportunity Card (Chancenkarte) visa processing?:0 | Are you willing to work from the office (HSR Layout, Bengaluru)? NO WORK FROM HOME:Yes | Current CTC?:0 | Mobile phone number:+91 7003456624 | Email address:ashishiash007@gmail.com"
"8/8/26, 8:25 AM",ashishiash007@gmail.com, +917003456624,Deloitte,Business Analyst,http://www.linkedin.com/jobs/view/4440118156,Aditya_Mehra_Resume.pdf,How many years of work experience do you have with Business Analysis?:0 | Please submit a resume or LinkedIn profile:2079582515.pdf | Mobile phone number:+91 7003456624 | Email address:ashishiash007@gmail.com | We must fill this position urgently. Can you start immediately?:Yes | How many years of work experience do you have with Banking?:0
"7/26/26, 3:52 AM",ashishiash007@gmail.com,7003456624,Traze,Market Intelligence & Strategy Specialist- India,http://www.linkedin.com/jobs/view/4419841136,Aditya_Mehra_Resume.pdf,"Industry: | Description:Managed day-to-day operations across sales, marketing, finance, and administration in a small, closely-held business. Built a hands-on, cross-functional foundation in running a business end-to-end with full ownership of outcomes. | Dates of employment:2025-02-null - 2025-02-null | Last name:Mehra | Degree: | Industry: | Mobile phone number:+ 7003456624 | School:Dayananda Sagar University | Your title:Event Coordinator | Degree: | Your title:Business Development Intern | City:banglore | Description:Coordinated corporate and entertainment events for clients including VH1 Supersonic, Tata Communications, Aero India, and Puma. Managed event budgets end-to-end and led on-ground teams, delivering events to large audiences. | Email address:ashishiash007@gmail.com | Company:Pencil Mark Interior Solutions LLP | City:Kolkata | Major / Field of study: | Dates of employment:2021-01-null - 2026-06-null | Company:Family Business | First name:Aditya | Major / Field of study: | Dates of employment:2026-01-null - 2026-01-null | School: | Dates attended:2023-09-null - 2026-06-null | City: | Your title:Event Coordinator | Your title:Operations Lead | Company:TRILOGY: Indo-Jazz Instrumental Fusion | Degree:Bachelor of Business Administration | Company:Salt in My Coca | Major / Field of study:International Business | School: | Description:Managed stall setup, brand presentation, and visitor engagement for a premium gifting brand at India's biennial aerospace and defence exhibition. Coordinated daily with exhibition management and cross-functional teams across the full event duration. | Industry: | Company:Business Owner | City:Banglore | Description:Coordinated a live music event end-to-end, managing artist logistics, AV teams, and vendors through the full performance. Resolved real-time, on-ground issues across multiple teams under live event conditions. | Please submit a resume or LinkedIn profile:2079582515.pdf | Industry: | City:banglore | Dates of employment:2018-01-null - 2020-11-null | Location (city):urn:li:geo:112376381 | Industry: | Dates of employment:2025-07-null - 2025-08-null | Do you have a strong understanding of the Indian CFD market, including the competitive landscape, client acquisition channels, the affiliate/IB ecosystem, and local market dynamics?:No | Do you have at least 3 years of relevant experience in the Indian market within an FX/CFD domain?:No | Description:Drove client outreach and lead generation, managing multiple concurrent client communication threads. Received a written management commendation for performance at programme conclusion. | Your title:Chief Executive Officer"
"8/5/26, 11:13 PM",ashishiash007@gmail.com, +917003456624,EFUNDZZ,Partnerships Specialist,http://www.linkedin.com/jobs/view/4443246223,Aditya_Mehra_Resume.pdf,Please submit a resume or LinkedIn profile:2079582515.pdf | Diversity Hiring Drive – Hiring Women Candidates with 1+ Years of Experience in Sales and Partnership Management:No | How many years of Sales experience do you currently have?:0 | Have you completed the following level of education: Bachelor's Degree?:Yes | Mobile phone number:+91 7003456624 | Email address:ashishiash007@gmail.com
"6/10/25, 4:46 AM",ashishiash007@gmail.com, +917003456624,Jobringer ~ India’s Job Portal,HR Fresher,http://www.linkedin.com/jobs/view/4234615095,cv Aditya Mehra CMS23BB0003.docx,
"8/5/26, 6:56 AM",ashishiash007@gmail.com, +917003456624,Bazaarvoice,Content Moderation Analyst (R8185),http://www.linkedin.com/jobs/view/4449471475,Aditya_Mehra_Resume.pdf,LinkedIn:0 | Current CTC:0 | Expected CTC:500000 | What is your relevant Content Moderation experience?:0 - 2 years | Do you have a Bachelors Degree?:Yes | First name:Aditya | Mobile phone number:+91 7003456624 | What is your official Notice Period:0 | What is your current location?:banglore  | Please submit a resume or LinkedIn profile:2079582515.pdf | Email address:ashishiash007@gmail.com | Is Notice Period negotiable?:0 | Have you ever been previously employed by Bazaarvoice? Select ONE option from the below.:No | Last name:Mehra | Can you join us on 1st September 2026?:Yes
"8/17/26, 6:52 AM",ashishiash007@gmail.com, +917003456624,Fresh Learn Global,Conference Production Executive,http://www.linkedin.com/jobs/view/4454235275,Aditya_Mehra_Resume.pdf,We must fill this position urgently. Can you start immediately?:Yes | Mobile phone number:+91 7003456624 | Email address:ashishiash007@gmail.com | Have you completed the following level of education: Bachelor's Degree?:Yes | What is your Current CTC?:0 | Are you comfortable for the night shifts :Yes | Please submit a resume or LinkedIn profile:2079582515.pdf
"7/25/26, 3:08 AM",ashishiash007@gmail.com,7003456624,EMMVEE Photovoltaic Power Limited,Junior Event Manager,http://www.linkedin.com/jobs/view/4437172033,Aditya_Mehra_Resume.pdf,Have you completed the following level of education: Bachelor's Degree?:No | Email address:ashishiash007@gmail.com | How many years of work experience do you have with Event Management?:3 | Mobile phone number:+ 7003456624 | Please submit a resume or LinkedIn profile:2079582515.pdf | How many years of work experience do you have with Branding?:1
"7/15/26, 11:10 AM",ashishiash007@gmail.com,7003456624,Thames & Tiger,Junior Management Associate,http://www.linkedin.com/jobs/view/4436083385,Aditya_Mehra_Resume.pdf,Email address:ashishiash007@gmail.com | Mobile phone number:+ 7003456624 | Please submit a resume or LinkedIn profile:2079582515.pdf
"8/17/26, 6:50 AM",ashishiash007@gmail.com, +917003456624,The International Center For Strategic Alliances,Sponsorship Executive,http://www.linkedin.com/jobs/view/4451749882,Aditya_Mehra_Resume.pdf,
"8/17/26, 6:58 AM",ashishiash007@gmail.com, +917003456624,Infosys BPM,"Walkin drive for freshers B.com/BBA/BBM for Data from Batch 2022 to 2025 (No BCA/BSC/MBA/M.COM / BE/B.Tech/MCA)"" at Bangalore on 31st July 2026",http://www.linkedin.com/jobs/view/4443800666,Aditya_Mehra_Resume.pdf,
"8/5/26, 1:10 PM",ashishiash007@gmail.com, +917003456624,VIJESHA IT SERVICES LLP,Business Development Associate,http://www.linkedin.com/jobs/view/4448988932,Aditya_Mehra_Resume.pdf,Have you completed the following level of education: Bachelor's Degree?:Yes | Email address:ashishiash007@gmail.com | Mobile phone number:+91 7003456624 | Please submit a resume or LinkedIn profile:2079582515.pdf
"8/5/26, 11:18 PM",ashishiash007@gmail.com, +917003456624,NexEra People Solutions,Sales And Marketing Representative,http://www.linkedin.com/jobs/view/4448018181,Aditya_Mehra_Resume.pdf,Have you completed the following level of education: Bachelor's Degree?:Yes | Please submit a resume or LinkedIn profile:2079582515.pdf | Mobile phone number:+91 7003456624 | Email address:ashishiash007@gmail.com | Do you have a valid driver's license?:No
"7/15/26, 11:08 AM",ashishiash007@gmail.com,7003456624,Third Wave Coffee,Intern- B2B Sales,http://www.linkedin.com/jobs/view/4436544281,Aditya_Mehra_Resume.pdf,Email address:ashishiash007@gmail.com | Mobile phone number:+ 7003456624 | Please submit a resume or LinkedIn profile:2079582515.pdf
"8/5/26, 6:55 AM",ashishiash007@gmail.com, +917003456624,Angel One,Data Analyst,http://www.linkedin.com/jobs/view/4446658627,Aditya_Mehra_Resume.pdf,How many years of work experience do you have with SQL?:0 | Mobile phone number:+91 7003456624 | Email address:ashishiash007@gmail.com | How many years of work experience do you have with Phyton:No | Please submit a resume or LinkedIn profile:2079582515.pdf | How many years of work experience do you have with Dashboards?:0
"8/13/26, 1:09 AM",ashishiash007@gmail.com, +917003456624,Jobgether,BI Reporting Analyst,http://www.linkedin.com/jobs/view/4452372735,Aditya_Mehra_Resume.pdf,Please submit a resume or LinkedIn profile:2079582515.pdf | Email address:ashishiash007@gmail.com | What is your current location?:Bangalore | Last name:Mehra | Mobile phone number:+91 7003456624 | First name:Aditya
"8/17/26, 6:50 AM",ashishiash007@gmail.com, +917003456624,Appinventiv,Data Analyst,http://www.linkedin.com/jobs/view/4452223833,Aditya_Mehra_Resume.pdf,Mobile phone number:+91 7003456624 | Please submit a resume or LinkedIn profile:2079582515.pdf | How many years of Information Technology experience do you currently have?:0 | How many years of work experience do you have with SQL?:0 | Have you completed the following level of education: Bachelor's Degree?:Yes | Email address:ashishiash007@gmail.com
"7/26/26, 2:53 AM",ashishiash007@gmail.com,7003456624,Media.net,Business Operations Analyst,http://www.linkedin.com/jobs/view/4438227603,Aditya_Mehra_Resume.pdf,Mobile phone number:+ 7003456624 | Email address:ashishiash007@gmail.com | Are you comfortable working in the 2:00 p.m. - 11:00 p.m. time frame? :Yes | Please submit a resume or LinkedIn profile:2079582515.pdf
"3/8/26, 1:46 AM",ashishiash007@gmail.com, +917003456624,LBS - Lotus Business Solutions,Business Development Internship,http://www.linkedin.com/jobs/view/4378841697,cv Aditya Mehra CMS23BB0003.docx,Will you be comfortable in working from 7:30p.m. to 3:30 a.m.?:Yes | Please submit a resume or LinkedIn profile:507478585.docx | Mobile phone number:+91 7003456624 | Do you have a Laptop and a remote setting?:Yes | Email address:ashishiash007@gmail.com
"8/11/26, 2:05 AM",ashishiash007@gmail.com, +917003456624,Reliance Retail,HEAD — CREATIVE — SWADESH,http://www.linkedin.com/jobs/view/4451512233,Aditya_Mehra_Resume.pdf,Mobile phone number:+91 7003456624 | How many years of Art/Creative experience do you currently have?:0 | Please submit a resume or LinkedIn profile:2079582515.pdf | Email address:ashishiash007@gmail.com
"8/5/26, 1:14 PM",ashishiash007@gmail.com, +917003456624,Crossbow Cybersecurity,Business Development Associate,http://www.linkedin.com/jobs/view/4449102474,Aditya_Mehra_Resume.pdf,"Willing to relocate and work in Whitefield, Bangalore:No | How many years of work experience do you have with Lead Generation?:0 | Mobile phone number:+91 7003456624 | Email address:ashishiash007@gmail.com | How many years of work experience do you have with Enterprise Technology Sales?:0 | Please submit a resume or LinkedIn profile:2079582515.pdf | We must fill this position urgently. Can you start immediately?:Yes"
